2026-07-22 11:17:28,967 - AIEquityResearchPlatform - DEBUG - [test_utils.py:25] - Test log message.
[2026-07-22 11:24:52,160] INFO    - [cache:126      ] - Cached data saved for ticker TEST_STOCK | ticker=TEST_STOCK
[2026-07-22 11:24:52,165] INFO    - [cache:103      ] - Cache HIT for ticker TEST_STOCK | ticker=TEST_STOCK
[2026-07-22 11:24:52,173] INFO    - [cache:126      ] - Cached data saved for ticker TEST_VALIDITY | ticker=TEST_VALIDITY
[2026-07-22 11:24:52,189] INFO    - [downloader:73  ] - Successfully cleaned and validated data for TEST_TICKER. Rows: 4 | ticker=TEST_TICKER
[2026-07-22 11:24:52,193] INFO    - [downloader:86  ] - Downloading ticker data from yfinance: RELIANCE.NS (Years: 2) | ticker=RELIANCE.NS
[2026-07-22 11:24:52,197] INFO    - [downloader:73  ] - Successfully cleaned and validated data for RELIANCE.NS. Rows: 3 | ticker=RELIANCE.NS
[2026-07-22 11:24:52,202] INFO    - [market_downloader:28] - Market index cache miss for ^NSEI. Downloading... | ticker=^NSEI
[2026-07-22 11:24:52,204] INFO    - [cache:126      ] - Cached data saved for ticker ^NSEI | ticker=^NSEI
[2026-07-22 11:24:52,207] INFO    - [cache:103      ] - Cache HIT for ticker ^NSEI | ticker=^NSEI
[2026-07-22 11:30:07,761] INFO    - [cache:126      ] - Cached data saved for ticker TEST_STOCK | ticker=TEST_STOCK
[2026-07-22 11:30:07,766] INFO    - [cache:103      ] - Cache HIT for ticker TEST_STOCK | ticker=TEST_STOCK
[2026-07-22 11:30:07,773] INFO    - [cache:126      ] - Cached data saved for ticker TEST_VALIDITY | ticker=TEST_VALIDITY
[2026-07-22 11:30:07,793] INFO    - [downloader:73  ] - Successfully cleaned and validated data for TEST_TICKER. Rows: 4 | ticker=TEST_TICKER
[2026-07-22 11:30:07,798] INFO    - [downloader:86  ] - Downloading ticker data from yfinance: RELIANCE.NS (Years: 2) | ticker=RELIANCE.NS
[2026-07-22 11:30:07,802] INFO    - [downloader:73  ] - Successfully cleaned and validated data for RELIANCE.NS. Rows: 3 | ticker=RELIANCE.NS
[2026-07-22 11:30:07,822] ERROR   - [feature_store:114] - Failed to save Parquet features for RELIANCE_TEST: 'bytes' object has no attribute 'encode' | ticker=RELIANCE_TEST
[2026-07-22 11:30:08,199] INFO    - [feature_store:35] - No features Parquet file found for INFY_TEST at storage/test_features\INFY_TEST.parquet | ticker=INFY_TEST
[2026-07-22 11:30:08,199] INFO    - [feature_store:126] - Initializing new Feature Store for INFY_TEST during raw_ohlc | ticker=INFY_TEST
[2026-07-22 11:30:08,201] ERROR   - [feature_store:114] - Failed to save Parquet features for INFY_TEST: 'bytes' object has no attribute 'encode' | ticker=INFY_TEST
[2026-07-22 11:30:08,276] INFO    - [indicators:273 ] - Computing technical indicators across all categories...
[2026-07-22 11:30:08,340] INFO    - [indicators:289 ] - Successfully computed 53 indicator columns.
[2026-07-22 11:30:08,341] INFO    - [candlestick:169] - Computing price action returns and candlestick patterns...
[2026-07-22 11:30:08,365] INFO    - [candlestick:184] - Successfully computed 15 price action / pattern columns.
[2026-07-22 11:30:08,371] INFO    - [market_downloader:28] - Market index cache miss for ^NSEI. Downloading... | ticker=^NSEI
[2026-07-22 11:30:08,373] INFO    - [cache:126      ] - Cached data saved for ticker ^NSEI | ticker=^NSEI
[2026-07-22 11:30:08,376] INFO    - [cache:103      ] - Cache HIT for ticker ^NSEI | ticker=^NSEI
[2026-07-22 11:30:33,911] INFO    - [cache:126      ] - Cached data saved for ticker TEST_STOCK | ticker=TEST_STOCK
[2026-07-22 11:30:33,916] INFO    - [cache:103      ] - Cache HIT for ticker TEST_STOCK | ticker=TEST_STOCK
[2026-07-22 11:30:33,923] INFO    - [cache:126      ] - Cached data saved for ticker TEST_VALIDITY | ticker=TEST_VALIDITY
[2026-07-22 11:30:33,941] INFO    - [downloader:73  ] - Successfully cleaned and validated data for TEST_TICKER. Rows: 4 | ticker=TEST_TICKER
[2026-07-22 11:30:33,945] INFO    - [downloader:86  ] - Downloading ticker data from yfinance: RELIANCE.NS (Years: 2) | ticker=RELIANCE.NS
[2026-07-22 11:30:33,949] INFO    - [downloader:73  ] - Successfully cleaned and validated data for RELIANCE.NS. Rows: 3 | ticker=RELIANCE.NS
[2026-07-22 11:30:33,970] INFO    - [feature_store:118] - Saved Feature Store for RELIANCE_TEST to storage/test_features\RELIANCE_TEST.parquet | ticker=RELIANCE_TEST
[2026-07-22 11:30:35,981] INFO    - [feature_store:40] - Successfully loaded 2 features for RELIANCE_TEST | ticker=RELIANCE_TEST
[2026-07-22 11:30:35,986] INFO    - [feature_store:35] - No features Parquet file found for INFY_TEST at storage/test_features\INFY_TEST.parquet | ticker=INFY_TEST
[2026-07-22 11:30:35,986] INFO    - [feature_store:132] - Initializing new Feature Store for INFY_TEST during raw_ohlc | ticker=INFY_TEST
[2026-07-22 11:30:35,988] INFO    - [feature_store:118] - Saved Feature Store for INFY_TEST to storage/test_features\INFY_TEST.parquet | ticker=INFY_TEST
[2026-07-22 11:30:35,992] INFO    - [feature_store:40] - Successfully loaded 2 features for INFY_TEST | ticker=INFY_TEST
[2026-07-22 11:30:35,995] INFO    - [feature_store:118] - Saved Feature Store for INFY_TEST to storage/test_features\INFY_TEST.parquet | ticker=INFY_TEST
[2026-07-22 11:30:36,044] INFO    - [indicators:286 ] - Computing technical indicators across all categories...
[2026-07-22 11:30:36,105] INFO    - [indicators:302 ] - Successfully computed 53 indicator columns.
[2026-07-22 11:30:36,106] INFO    - [candlestick:169] - Computing price action returns and candlestick patterns...
[2026-07-22 11:30:36,125] INFO    - [candlestick:184] - Successfully computed 15 price action / pattern columns.
[2026-07-22 11:30:36,130] INFO    - [market_downloader:28] - Market index cache miss for ^NSEI. Downloading... | ticker=^NSEI
[2026-07-22 11:30:36,132] INFO    - [cache:126      ] - Cached data saved for ticker ^NSEI | ticker=^NSEI
[2026-07-22 11:30:36,135] INFO    - [cache:103      ] - Cache HIT for ticker ^NSEI | ticker=^NSEI
[2026-07-22 11:40:33,778] INFO    - [cache:126      ] - Cached data saved for ticker TEST_STOCK | ticker=TEST_STOCK
[2026-07-22 11:40:33,782] INFO    - [cache:103      ] - Cache HIT for ticker TEST_STOCK | ticker=TEST_STOCK
[2026-07-22 11:40:33,790] INFO    - [cache:126      ] - Cached data saved for ticker TEST_VALIDITY | ticker=TEST_VALIDITY
[2026-07-22 11:40:33,810] INFO    - [downloader:73  ] - Successfully cleaned and validated data for TEST_TICKER. Rows: 4 | ticker=TEST_TICKER
[2026-07-22 11:40:33,814] INFO    - [downloader:86  ] - Downloading ticker data from yfinance: RELIANCE.NS (Years: 2) | ticker=RELIANCE.NS
[2026-07-22 11:40:33,817] INFO    - [downloader:73  ] - Successfully cleaned and validated data for RELIANCE.NS. Rows: 3 | ticker=RELIANCE.NS
[2026-07-22 11:40:33,827] INFO    - [feature_store:118] - Saved Feature Store for RELIANCE_TEST to storage/test_features\RELIANCE_TEST.parquet | ticker=RELIANCE_TEST
[2026-07-22 11:40:33,850] INFO    - [feature_store:40] - Successfully loaded 2 features for RELIANCE_TEST | ticker=RELIANCE_TEST
[2026-07-22 11:40:33,855] INFO    - [feature_store:35] - No features Parquet file found for INFY_TEST at storage/test_features\INFY_TEST.parquet | ticker=INFY_TEST
[2026-07-22 11:40:33,856] INFO    - [feature_store:132] - Initializing new Feature Store for INFY_TEST during raw_ohlc | ticker=INFY_TEST
[2026-07-22 11:40:33,858] INFO    - [feature_store:118] - Saved Feature Store for INFY_TEST to storage/test_features\INFY_TEST.parquet | ticker=INFY_TEST
[2026-07-22 11:40:33,862] INFO    - [feature_store:40] - Successfully loaded 2 features for INFY_TEST | ticker=INFY_TEST
[2026-07-22 11:40:33,865] INFO    - [feature_store:118] - Saved Feature Store for INFY_TEST to storage/test_features\INFY_TEST.parquet | ticker=INFY_TEST
[2026-07-22 11:40:33,919] INFO    - [indicators:286 ] - Computing technical indicators across all categories...
[2026-07-22 11:40:33,979] INFO    - [indicators:302 ] - Successfully computed 53 indicator columns.
[2026-07-22 11:40:33,979] INFO    - [candlestick:169] - Computing price action returns and candlestick patterns...
[2026-07-22 11:40:33,998] INFO    - [candlestick:184] - Successfully computed 15 price action / pattern columns.
[2026-07-22 11:40:34,003] INFO    - [market_downloader:28] - Market index cache miss for ^NSEI. Downloading... | ticker=^NSEI
[2026-07-22 11:40:34,005] INFO    - [cache:126      ] - Cached data saved for ticker ^NSEI | ticker=^NSEI
[2026-07-22 11:40:34,009] INFO    - [cache:103      ] - Cache HIT for ticker ^NSEI | ticker=^NSEI
[2026-07-22 11:40:34,357] INFO    - [chart_data:31  ] - Constructing client visualization payload...
[2026-07-22 11:41:08,771] INFO    - [cache:126      ] - Cached data saved for ticker TEST_STOCK | ticker=TEST_STOCK
[2026-07-22 11:41:08,775] INFO    - [cache:103      ] - Cache HIT for ticker TEST_STOCK | ticker=TEST_STOCK
[2026-07-22 11:41:08,784] INFO    - [cache:126      ] - Cached data saved for ticker TEST_VALIDITY | ticker=TEST_VALIDITY
[2026-07-22 11:41:08,802] INFO    - [downloader:73  ] - Successfully cleaned and validated data for TEST_TICKER. Rows: 4 | ticker=TEST_TICKER
[2026-07-22 11:41:08,806] INFO    - [downloader:86  ] - Downloading ticker data from yfinance: RELIANCE.NS (Years: 2) | ticker=RELIANCE.NS
[2026-07-22 11:41:08,810] INFO    - [downloader:73  ] - Successfully cleaned and validated data for RELIANCE.NS. Rows: 3 | ticker=RELIANCE.NS
[2026-07-22 11:41:08,830] INFO    - [feature_store:118] - Saved Feature Store for RELIANCE_TEST to storage/test_features\RELIANCE_TEST.parquet | ticker=RELIANCE_TEST
[2026-07-22 11:41:08,855] INFO    - [feature_store:40] - Successfully loaded 2 features for RELIANCE_TEST | ticker=RELIANCE_TEST
[2026-07-22 11:41:08,860] INFO    - [feature_store:35] - No features Parquet file found for INFY_TEST at storage/test_features\INFY_TEST.parquet | ticker=INFY_TEST
[2026-07-22 11:41:08,860] INFO    - [feature_store:132] - Initializing new Feature Store for INFY_TEST during raw_ohlc | ticker=INFY_TEST
[2026-07-22 11:41:08,863] INFO    - [feature_store:118] - Saved Feature Store for INFY_TEST to storage/test_features\INFY_TEST.parquet | ticker=INFY_TEST
[2026-07-22 11:41:08,866] INFO    - [feature_store:40] - Successfully loaded 2 features for INFY_TEST | ticker=INFY_TEST
[2026-07-22 11:41:08,869] INFO    - [feature_store:118] - Saved Feature Store for INFY_TEST to storage/test_features\INFY_TEST.parquet | ticker=INFY_TEST
[2026-07-22 11:41:08,918] INFO    - [indicators:286 ] - Computing technical indicators across all categories...
[2026-07-22 11:41:08,976] INFO    - [indicators:302 ] - Successfully computed 53 indicator columns.
[2026-07-22 11:41:08,977] INFO    - [candlestick:169] - Computing price action returns and candlestick patterns...
[2026-07-22 11:41:08,996] INFO    - [candlestick:184] - Successfully computed 15 price action / pattern columns.
[2026-07-22 11:41:09,003] INFO    - [market_downloader:28] - Market index cache miss for ^NSEI. Downloading... | ticker=^NSEI
[2026-07-22 11:41:09,005] INFO    - [cache:126      ] - Cached data saved for ticker ^NSEI | ticker=^NSEI
[2026-07-22 11:41:09,008] INFO    - [cache:103      ] - Cache HIT for ticker ^NSEI | ticker=^NSEI
[2026-07-22 11:41:09,042] INFO    - [chart_data:31  ] - Constructing client visualization payload...
[2026-07-22 11:45:33,187] INFO    - [cache:126      ] - Cached data saved for ticker TEST_STOCK | ticker=TEST_STOCK
[2026-07-22 11:45:33,192] INFO    - [cache:103      ] - Cache HIT for ticker TEST_STOCK | ticker=TEST_STOCK
[2026-07-22 11:45:33,200] INFO    - [cache:126      ] - Cached data saved for ticker TEST_VALIDITY | ticker=TEST_VALIDITY
[2026-07-22 11:45:33,218] INFO    - [downloader:73  ] - Successfully cleaned and validated data for TEST_TICKER. Rows: 4 | ticker=TEST_TICKER
[2026-07-22 11:45:33,222] INFO    - [downloader:86  ] - Downloading ticker data from yfinance: RELIANCE.NS (Years: 2) | ticker=RELIANCE.NS
[2026-07-22 11:45:33,226] INFO    - [downloader:73  ] - Successfully cleaned and validated data for RELIANCE.NS. Rows: 3 | ticker=RELIANCE.NS
[2026-07-22 11:45:33,236] INFO    - [feature_store:118] - Saved Feature Store for RELIANCE_TEST to storage/test_features\RELIANCE_TEST.parquet | ticker=RELIANCE_TEST
[2026-07-22 11:45:33,263] INFO    - [feature_store:40] - Successfully loaded 2 features for RELIANCE_TEST | ticker=RELIANCE_TEST
[2026-07-22 11:45:33,268] INFO    - [feature_store:35] - No features Parquet file found for INFY_TEST at storage/test_features\INFY_TEST.parquet | ticker=INFY_TEST
[2026-07-22 11:45:33,269] INFO    - [feature_store:132] - Initializing new Feature Store for INFY_TEST during raw_ohlc | ticker=INFY_TEST
[2026-07-22 11:45:33,271] INFO    - [feature_store:118] - Saved Feature Store for INFY_TEST to storage/test_features\INFY_TEST.parquet | ticker=INFY_TEST
[2026-07-22 11:45:33,275] INFO    - [feature_store:40] - Successfully loaded 2 features for INFY_TEST | ticker=INFY_TEST
[2026-07-22 11:45:33,281] INFO    - [feature_store:118] - Saved Feature Store for INFY_TEST to storage/test_features\INFY_TEST.parquet | ticker=INFY_TEST
[2026-07-22 11:45:33,329] INFO    - [indicators:286 ] - Computing technical indicators across all categories...
[2026-07-22 11:45:33,386] INFO    - [indicators:302 ] - Successfully computed 53 indicator columns.
[2026-07-22 11:45:33,387] INFO    - [candlestick:169] - Computing price action returns and candlestick patterns...
[2026-07-22 11:45:33,407] INFO    - [candlestick:184] - Successfully computed 15 price action / pattern columns.
[2026-07-22 11:45:33,413] INFO    - [market_downloader:28] - Market index cache miss for ^NSEI. Downloading... | ticker=^NSEI
[2026-07-22 11:45:33,415] INFO    - [cache:126      ] - Cached data saved for ticker ^NSEI | ticker=^NSEI
[2026-07-22 11:45:33,420] INFO    - [cache:103      ] - Cache HIT for ticker ^NSEI | ticker=^NSEI
[2026-07-22 11:45:33,784] INFO    - [chart_data:31  ] - Constructing client visualization payload...
[2026-07-22 11:45:33,789] INFO    - [vix_analysis:42] - India VIX: 11.80 (Percentile: 66.7%, Regime: Low)
[2026-07-22 11:45:33,790] INFO    - [vix_analysis:42] - India VIX: 14.80 (Percentile: 66.7%, Regime: Normal)
[2026-07-22 11:45:33,791] INFO    - [vix_analysis:42] - India VIX: 22.00 (Percentile: 100.0%, Regime: Elevated)
[2026-07-22 11:45:33,792] INFO    - [vix_analysis:42] - India VIX: 29.50 (Percentile: 66.7%, Regime: Extreme)
[2026-07-22 11:45:33,841] INFO    - [chart_data:31  ] - Constructing client visualization payload...
[2026-07-22 11:46:55,289] INFO    - [cache:126      ] - Cached data saved for ticker TEST_STOCK | ticker=TEST_STOCK
[2026-07-22 11:46:55,294] INFO    - [cache:103      ] - Cache HIT for ticker TEST_STOCK | ticker=TEST_STOCK
[2026-07-22 11:46:55,300] INFO    - [cache:126      ] - Cached data saved for ticker TEST_VALIDITY | ticker=TEST_VALIDITY
[2026-07-22 11:46:55,323] INFO    - [downloader:73  ] - Successfully cleaned and validated data for TEST_TICKER. Rows: 4 | ticker=TEST_TICKER
[2026-07-22 11:46:55,328] INFO    - [downloader:86  ] - Downloading ticker data from yfinance: RELIANCE.NS (Years: 2) | ticker=RELIANCE.NS
[2026-07-22 11:46:55,333] INFO    - [downloader:73  ] - Successfully cleaned and validated data for RELIANCE.NS. Rows: 3 | ticker=RELIANCE.NS
[2026-07-22 11:46:55,343] INFO    - [feature_store:118] - Saved Feature Store for RELIANCE_TEST to storage/test_features\RELIANCE_TEST.parquet | ticker=RELIANCE_TEST
[2026-07-22 11:46:55,369] INFO    - [feature_store:40] - Successfully loaded 2 features for RELIANCE_TEST | ticker=RELIANCE_TEST
[2026-07-22 11:46:55,377] INFO    - [feature_store:35] - No features Parquet file found for INFY_TEST at storage/test_features\INFY_TEST.parquet | ticker=INFY_TEST
[2026-07-22 11:46:55,377] INFO    - [feature_store:132] - Initializing new Feature Store for INFY_TEST during raw_ohlc | ticker=INFY_TEST
[2026-07-22 11:46:55,380] INFO    - [feature_store:118] - Saved Feature Store for INFY_TEST to storage/test_features\INFY_TEST.parquet | ticker=INFY_TEST
[2026-07-22 11:46:55,383] INFO    - [feature_store:40] - Successfully loaded 2 features for INFY_TEST | ticker=INFY_TEST
[2026-07-22 11:46:55,387] INFO    - [feature_store:118] - Saved Feature Store for INFY_TEST to storage/test_features\INFY_TEST.parquet | ticker=INFY_TEST
[2026-07-22 11:46:55,444] INFO    - [indicators:286 ] - Computing technical indicators across all categories...
[2026-07-22 11:46:55,515] INFO    - [indicators:302 ] - Successfully computed 53 indicator columns.
[2026-07-22 11:46:55,515] INFO    - [candlestick:169] - Computing price action returns and candlestick patterns...
[2026-07-22 11:46:55,537] INFO    - [candlestick:184] - Successfully computed 15 price action / pattern columns.
[2026-07-22 11:46:55,544] INFO    - [market_downloader:28] - Market index cache miss for ^NSEI. Downloading... | ticker=^NSEI
[2026-07-22 11:46:55,547] INFO    - [cache:126      ] - Cached data saved for ticker ^NSEI | ticker=^NSEI
[2026-07-22 11:46:55,550] INFO    - [cache:103      ] - Cache HIT for ticker ^NSEI | ticker=^NSEI
[2026-07-22 11:46:55,953] INFO    - [chart_data:31  ] - Constructing client visualization payload...
[2026-07-22 11:46:55,957] INFO    - [vix_analysis:42] - India VIX: 11.80 (Percentile: 66.7%, Regime: Low)
[2026-07-22 11:46:55,959] INFO    - [vix_analysis:42] - India VIX: 14.80 (Percentile: 66.7%, Regime: Normal)
[2026-07-22 11:46:55,960] INFO    - [vix_analysis:42] - India VIX: 22.00 (Percentile: 100.0%, Regime: Elevated)
[2026-07-22 11:46:55,960] INFO    - [vix_analysis:42] - India VIX: 29.50 (Percentile: 66.7%, Regime: Extreme)
[2026-07-22 11:46:55,975] INFO    - [chart_data:31  ] - Constructing client visualization payload...
[2026-07-22 11:47:11,413] INFO    - [cache:126      ] - Cached data saved for ticker TEST_STOCK | ticker=TEST_STOCK
[2026-07-22 11:47:11,417] INFO    - [cache:103      ] - Cache HIT for ticker TEST_STOCK | ticker=TEST_STOCK
[2026-07-22 11:47:11,424] INFO    - [cache:126      ] - Cached data saved for ticker TEST_VALIDITY | ticker=TEST_VALIDITY
[2026-07-22 11:47:11,442] INFO    - [downloader:73  ] - Successfully cleaned and validated data for TEST_TICKER. Rows: 4 | ticker=TEST_TICKER
[2026-07-22 11:47:11,446] INFO    - [downloader:86  ] - Downloading ticker data from yfinance: RELIANCE.NS (Years: 2) | ticker=RELIANCE.NS
[2026-07-22 11:47:11,450] INFO    - [downloader:73  ] - Successfully cleaned and validated data for RELIANCE.NS. Rows: 3 | ticker=RELIANCE.NS
[2026-07-22 11:47:11,470] INFO    - [feature_store:118] - Saved Feature Store for RELIANCE_TEST to storage/test_features\RELIANCE_TEST.parquet | ticker=RELIANCE_TEST
[2026-07-22 11:47:11,494] INFO    - [feature_store:40] - Successfully loaded 2 features for RELIANCE_TEST | ticker=RELIANCE_TEST
[2026-07-22 11:47:11,499] INFO    - [feature_store:35] - No features Parquet file found for INFY_TEST at storage/test_features\INFY_TEST.parquet | ticker=INFY_TEST
[2026-07-22 11:47:11,499] INFO    - [feature_store:132] - Initializing new Feature Store for INFY_TEST during raw_ohlc | ticker=INFY_TEST
[2026-07-22 11:47:11,502] INFO    - [feature_store:118] - Saved Feature Store for INFY_TEST to storage/test_features\INFY_TEST.parquet | ticker=INFY_TEST
[2026-07-22 11:47:11,506] INFO    - [feature_store:40] - Successfully loaded 2 features for INFY_TEST | ticker=INFY_TEST
[2026-07-22 11:47:11,510] INFO    - [feature_store:118] - Saved Feature Store for INFY_TEST to storage/test_features\INFY_TEST.parquet | ticker=INFY_TEST
[2026-07-22 11:47:11,559] INFO    - [indicators:286 ] - Computing technical indicators across all categories...
[2026-07-22 11:47:11,620] INFO    - [indicators:302 ] - Successfully computed 53 indicator columns.
[2026-07-22 11:47:11,620] INFO    - [candlestick:169] - Computing price action returns and candlestick patterns...
[2026-07-22 11:47:11,639] INFO    - [candlestick:184] - Successfully computed 15 price action / pattern columns.
[2026-07-22 11:47:11,644] INFO    - [market_downloader:28] - Market index cache miss for ^NSEI. Downloading... | ticker=^NSEI
[2026-07-22 11:47:11,647] INFO    - [cache:126      ] - Cached data saved for ticker ^NSEI | ticker=^NSEI
[2026-07-22 11:47:11,650] INFO    - [cache:103      ] - Cache HIT for ticker ^NSEI | ticker=^NSEI
[2026-07-22 11:47:11,691] INFO    - [chart_data:31  ] - Constructing client visualization payload...
[2026-07-22 11:47:11,695] INFO    - [vix_analysis:42] - India VIX: 11.80 (Percentile: 66.7%, Regime: Low)
[2026-07-22 11:47:11,696] INFO    - [vix_analysis:42] - India VIX: 14.80 (Percentile: 66.7%, Regime: Normal)
[2026-07-22 11:47:11,697] INFO    - [vix_analysis:42] - India VIX: 22.00 (Percentile: 100.0%, Regime: Elevated)
[2026-07-22 11:47:11,697] INFO    - [vix_analysis:42] - India VIX: 29.50 (Percentile: 66.7%, Regime: Extreme)
[2026-07-22 11:47:11,711] INFO    - [chart_data:31  ] - Constructing client visualization payload...
[2026-07-22 12:42:03,279] INFO    - [cache:126      ] - Cached data saved for ticker TEST_STOCK | ticker=TEST_STOCK
[2026-07-22 12:42:03,284] INFO    - [cache:103      ] - Cache HIT for ticker TEST_STOCK | ticker=TEST_STOCK
[2026-07-22 12:42:03,292] INFO    - [cache:126      ] - Cached data saved for ticker TEST_VALIDITY | ticker=TEST_VALIDITY
[2026-07-22 12:42:03,323] INFO    - [downloader:73  ] - Successfully cleaned and validated data for TEST_TICKER. Rows: 4 | ticker=TEST_TICKER
[2026-07-22 12:42:03,329] INFO    - [downloader:86  ] - Downloading ticker data from yfinance: RELIANCE.NS (Years: 2) | ticker=RELIANCE.NS
[2026-07-22 12:42:03,337] INFO    - [downloader:73  ] - Successfully cleaned and validated data for RELIANCE.NS. Rows: 3 | ticker=RELIANCE.NS
[2026-07-22 12:42:03,350] INFO    - [feature_store:118] - Saved Feature Store for RELIANCE_TEST to storage/test_features\RELIANCE_TEST.parquet | ticker=RELIANCE_TEST
[2026-07-22 12:42:03,385] INFO    - [feature_store:40] - Successfully loaded 2 features for RELIANCE_TEST | ticker=RELIANCE_TEST
[2026-07-22 12:42:03,395] INFO    - [feature_store:35] - No features Parquet file found for INFY_TEST at storage/test_features\INFY_TEST.parquet | ticker=INFY_TEST
[2026-07-22 12:42:03,395] INFO    - [feature_store:132] - Initializing new Feature Store for INFY_TEST during raw_ohlc | ticker=INFY_TEST
[2026-07-22 12:42:03,399] INFO    - [feature_store:118] - Saved Feature Store for INFY_TEST to storage/test_features\INFY_TEST.parquet | ticker=INFY_TEST
[2026-07-22 12:42:03,403] INFO    - [feature_store:40] - Successfully loaded 2 features for INFY_TEST | ticker=INFY_TEST
[2026-07-22 12:42:03,410] INFO    - [feature_store:118] - Saved Feature Store for INFY_TEST to storage/test_features\INFY_TEST.parquet | ticker=INFY_TEST
[2026-07-22 12:42:03,492] INFO    - [indicators:286 ] - Computing technical indicators across all categories...
[2026-07-22 12:42:03,599] INFO    - [indicators:302 ] - Successfully computed 53 indicator columns.
[2026-07-22 12:42:03,599] INFO    - [candlestick:169] - Computing price action returns and candlestick patterns...
[2026-07-22 12:42:03,628] INFO    - [candlestick:184] - Successfully computed 15 price action / pattern columns.
[2026-07-22 12:42:03,637] INFO    - [market_downloader:28] - Market index cache miss for ^NSEI. Downloading... | ticker=^NSEI
[2026-07-22 12:42:03,641] INFO    - [cache:126      ] - Cached data saved for ticker ^NSEI | ticker=^NSEI
[2026-07-22 12:42:03,645] INFO    - [cache:103      ] - Cache HIT for ticker ^NSEI | ticker=^NSEI
[2026-07-22 12:42:03,709] INFO    - [chart_data:31  ] - Constructing client visualization payload...
[2026-07-22 12:42:03,714] INFO    - [vix_analysis:42] - India VIX: 11.80 (Percentile: 66.7%, Regime: Low)
[2026-07-22 12:42:03,716] INFO    - [vix_analysis:42] - India VIX: 14.80 (Percentile: 66.7%, Regime: Normal)
[2026-07-22 12:42:03,717] INFO    - [vix_analysis:42] - India VIX: 22.00 (Percentile: 100.0%, Regime: Elevated)
[2026-07-22 12:42:03,718] INFO    - [vix_analysis:42] - India VIX: 29.50 (Percentile: 66.7%, Regime: Extreme)
[2026-07-22 12:42:03,746] INFO    - [chart_data:31  ] - Constructing client visualization payload...
[2026-07-22 12:46:37,008] INFO    - [analysis:60    ] - Auto-appended .NS suffix to ticker: RELIANCE -> RELIANCE.NS | ticker=RELIANCE.NS
[2026-07-22 12:46:37,010] INFO    - [indicators:286 ] - Computing technical indicators across all categories...
[2026-07-22 12:46:37,058] ERROR   - [exceptions:56  ] - Unhandled system exception on /analyze/RELIANCE: 'BBL_20_2'
[2026-07-22 12:46:38,147] INFO    - [indicators:286 ] - Computing technical indicators across all categories...
[2026-07-22 12:46:38,196] ERROR   - [exceptions:56  ] - Unhandled system exception on /analyze/TCS.NS: 'BBL_20_2'
[2026-07-22 12:46:38,972] INFO    - [analysis:60    ] - Auto-appended .NS suffix to ticker: INV@LID -> INV@LID.NS | ticker=INV@LID.NS
[2026-07-22 12:46:38,973] ERROR   - [exceptions:44  ] - API Exception on /analyze/INV@LID: Invalid ticker symbol format: 'INV@LID'
[2026-07-22 12:46:38,983] INFO    - [analysis:60    ] - Auto-appended .NS suffix to ticker: INVALID_TICKER -> INVALID_TICKER.NS | ticker=INVALID_TICKER.NS
[2026-07-22 12:46:38,983] ERROR   - [exceptions:44  ] - API Exception on /analyze/INVALID_TICKER: Ticker symbol 'INVALID_TICKER.NS' not found on Yahoo Finance.
[2026-07-22 12:46:38,997] INFO    - [indicators:286 ] - Computing technical indicators across all categories...
[2026-07-22 12:46:39,062] ERROR   - [analysis:271   ] - Batch analysis failed on RELIANCE.NS: 'BBL_20_2' | ticker=RELIANCE.NS
[2026-07-22 12:46:39,063] ERROR   - [exceptions:56  ] - Unhandled system exception on /analyze: 'BBL_20_2'
[2026-07-22 12:46:39,841] ERROR   - [exceptions:44  ] - API Exception on /analyze: Maximum batch size exceeded. Please request at most 5 tickers at a time.
[2026-07-22 12:46:39,851] INFO    - [cache:126      ] - Cached data saved for ticker TEST_STOCK | ticker=TEST_STOCK
[2026-07-22 12:46:39,855] INFO    - [cache:103      ] - Cache HIT for ticker TEST_STOCK | ticker=TEST_STOCK
[2026-07-22 12:46:39,862] INFO    - [cache:126      ] - Cached data saved for ticker TEST_VALIDITY | ticker=TEST_VALIDITY
[2026-07-22 12:46:39,882] INFO    - [downloader:73  ] - Successfully cleaned and validated data for TEST_TICKER. Rows: 4 | ticker=TEST_TICKER
[2026-07-22 12:46:39,887] INFO    - [downloader:86  ] - Downloading ticker data from yfinance: RELIANCE.NS (Years: 2) | ticker=RELIANCE.NS
[2026-07-22 12:46:39,890] INFO    - [downloader:73  ] - Successfully cleaned and validated data for RELIANCE.NS. Rows: 3 | ticker=RELIANCE.NS
[2026-07-22 12:46:39,911] INFO    - [feature_store:118] - Saved Feature Store for RELIANCE_TEST to storage/test_features\RELIANCE_TEST.parquet | ticker=RELIANCE_TEST
[2026-07-22 12:46:39,935] INFO    - [feature_store:40] - Successfully loaded 2 features for RELIANCE_TEST | ticker=RELIANCE_TEST
[2026-07-22 12:46:39,941] INFO    - [feature_store:35] - No features Parquet file found for INFY_TEST at storage/test_features\INFY_TEST.parquet | ticker=INFY_TEST
[2026-07-22 12:46:39,941] INFO    - [feature_store:132] - Initializing new Feature Store for INFY_TEST during raw_ohlc | ticker=INFY_TEST
[2026-07-22 12:46:39,944] INFO    - [feature_store:118] - Saved Feature Store for INFY_TEST to storage/test_features\INFY_TEST.parquet | ticker=INFY_TEST
[2026-07-22 12:46:39,947] INFO    - [feature_store:40] - Successfully loaded 2 features for INFY_TEST | ticker=INFY_TEST
[2026-07-22 12:46:39,952] INFO    - [feature_store:118] - Saved Feature Store for INFY_TEST to storage/test_features\INFY_TEST.parquet | ticker=INFY_TEST
[2026-07-22 12:46:40,006] INFO    - [indicators:286 ] - Computing technical indicators across all categories...
[2026-07-22 12:46:40,065] INFO    - [indicators:302 ] - Successfully computed 53 indicator columns.
[2026-07-22 12:46:40,066] INFO    - [candlestick:169] - Computing price action returns and candlestick patterns...
[2026-07-22 12:46:40,087] INFO    - [candlestick:184] - Successfully computed 15 price action / pattern columns.
[2026-07-22 12:46:40,092] INFO    - [market_downloader:28] - Market index cache miss for ^NSEI. Downloading... | ticker=^NSEI
[2026-07-22 12:46:40,094] INFO    - [cache:126      ] - Cached data saved for ticker ^NSEI | ticker=^NSEI
[2026-07-22 12:46:40,097] INFO    - [cache:103      ] - Cache HIT for ticker ^NSEI | ticker=^NSEI
[2026-07-22 12:46:40,133] INFO    - [chart_data:31  ] - Constructing client visualization payload...
[2026-07-22 12:46:40,137] INFO    - [vix_analysis:42] - India VIX: 11.80 (Percentile: 66.7%, Regime: Low)
[2026-07-22 12:46:40,138] INFO    - [vix_analysis:42] - India VIX: 14.80 (Percentile: 66.7%, Regime: Normal)
[2026-07-22 12:46:40,139] INFO    - [vix_analysis:42] - India VIX: 22.00 (Percentile: 100.0%, Regime: Elevated)
[2026-07-22 12:46:40,139] INFO    - [vix_analysis:42] - India VIX: 29.50 (Percentile: 66.7%, Regime: Extreme)
[2026-07-22 12:46:40,154] INFO    - [chart_data:31  ] - Constructing client visualization payload...
[2026-07-22 12:47:02,447] INFO    - [analysis:60    ] - Auto-appended .NS suffix to ticker: RELIANCE -> RELIANCE.NS | ticker=RELIANCE.NS
[2026-07-22 12:47:02,448] INFO    - [indicators:289 ] - Computing technical indicators across all categories...
[2026-07-22 12:47:02,507] INFO    - [indicators:305 ] - Successfully computed 59 indicator columns.
[2026-07-22 12:47:02,507] INFO    - [feature_store:35] - No features Parquet file found for RELIANCE.NS at storage/features\RELIANCE_NS.parquet | ticker=RELIANCE.NS
[2026-07-22 12:47:02,508] INFO    - [feature_store:132] - Initializing new Feature Store for RELIANCE.NS during indicators | ticker=RELIANCE.NS
[2026-07-22 12:47:02,573] INFO    - [feature_store:118] - Saved Feature Store for RELIANCE.NS to storage/features\RELIANCE_NS.parquet | ticker=RELIANCE.NS
[2026-07-22 12:47:02,574] INFO    - [candlestick:169] - Computing price action returns and candlestick patterns...
[2026-07-22 12:47:02,594] INFO    - [candlestick:184] - Successfully computed 15 price action / pattern columns.
[2026-07-22 12:47:02,619] INFO    - [feature_store:40] - Successfully loaded 59 features for RELIANCE.NS | ticker=RELIANCE.NS
[2026-07-22 12:47:02,631] INFO    - [feature_store:118] - Saved Feature Store for RELIANCE.NS to storage/features\RELIANCE_NS.parquet | ticker=RELIANCE.NS
[2026-07-22 12:47:02,632] ERROR   - [exceptions:56  ] - Unhandled system exception on /analyze/RELIANCE: 'High'
[2026-07-22 12:47:03,685] INFO    - [indicators:289 ] - Computing technical indicators across all categories...
[2026-07-22 12:47:03,743] INFO    - [indicators:305 ] - Successfully computed 59 indicator columns.
[2026-07-22 12:47:03,744] INFO    - [feature_store:35] - No features Parquet file found for TCS.NS at storage/features\TCS_NS.parquet | ticker=TCS.NS
[2026-07-22 12:47:03,744] INFO    - [feature_store:132] - Initializing new Feature Store for TCS.NS during indicators | ticker=TCS.NS
[2026-07-22 12:47:03,755] INFO    - [feature_store:118] - Saved Feature Store for TCS.NS to storage/features\TCS_NS.parquet | ticker=TCS.NS
[2026-07-22 12:47:03,756] INFO    - [candlestick:169] - Computing price action returns and candlestick patterns...
[2026-07-22 12:47:03,778] INFO    - [candlestick:184] - Successfully computed 15 price action / pattern columns.
[2026-07-22 12:47:03,784] INFO    - [feature_store:40] - Successfully loaded 59 features for TCS.NS | ticker=TCS.NS
[2026-07-22 12:47:03,834] INFO    - [feature_store:118] - Saved Feature Store for TCS.NS to storage/features\TCS_NS.parquet | ticker=TCS.NS
[2026-07-22 12:47:03,835] ERROR   - [exceptions:56  ] - Unhandled system exception on /analyze/TCS.NS: 'High'
[2026-07-22 12:47:04,560] INFO    - [analysis:60    ] - Auto-appended .NS suffix to ticker: INV@LID -> INV@LID.NS | ticker=INV@LID.NS
[2026-07-22 12:47:04,561] ERROR   - [exceptions:44  ] - API Exception on /analyze/INV@LID: Invalid ticker symbol format: 'INV@LID'
[2026-07-22 12:47:04,570] INFO    - [analysis:60    ] - Auto-appended .NS suffix to ticker: INVALID_TICKER -> INVALID_TICKER.NS | ticker=INVALID_TICKER.NS
[2026-07-22 12:47:04,570] ERROR   - [exceptions:44  ] - API Exception on /analyze/INVALID_TICKER: Ticker symbol 'INVALID_TICKER.NS' not found on Yahoo Finance.
[2026-07-22 12:47:04,585] INFO    - [indicators:289 ] - Computing technical indicators across all categories...
[2026-07-22 12:47:04,652] INFO    - [indicators:305 ] - Successfully computed 59 indicator columns.
[2026-07-22 12:47:04,658] INFO    - [feature_store:40] - Successfully loaded 74 features for RELIANCE.NS | ticker=RELIANCE.NS
[2026-07-22 12:47:04,673] INFO    - [feature_store:118] - Saved Feature Store for RELIANCE.NS to storage/features\RELIANCE_NS.parquet | ticker=RELIANCE.NS
[2026-07-22 12:47:04,674] INFO    - [candlestick:169] - Computing price action returns and candlestick patterns...
[2026-07-22 12:47:04,697] INFO    - [candlestick:184] - Successfully computed 15 price action / pattern columns.
[2026-07-22 12:47:04,703] INFO    - [feature_store:40] - Successfully loaded 74 features for RELIANCE.NS | ticker=RELIANCE.NS
[2026-07-22 12:47:04,718] INFO    - [feature_store:118] - Saved Feature Store for RELIANCE.NS to storage/features\RELIANCE_NS.parquet | ticker=RELIANCE.NS
[2026-07-22 12:47:04,719] ERROR   - [analysis:271   ] - Batch analysis failed on RELIANCE.NS: 'High' | ticker=RELIANCE.NS
[2026-07-22 12:47:04,719] ERROR   - [exceptions:56  ] - Unhandled system exception on /analyze: 'High'
[2026-07-22 12:47:05,576] ERROR   - [exceptions:44  ] - API Exception on /analyze: Maximum batch size exceeded. Please request at most 5 tickers at a time.
[2026-07-22 12:47:05,587] INFO    - [cache:126      ] - Cached data saved for ticker TEST_STOCK | ticker=TEST_STOCK
[2026-07-22 12:47:05,592] INFO    - [cache:103      ] - Cache HIT for ticker TEST_STOCK | ticker=TEST_STOCK
[2026-07-22 12:47:05,600] INFO    - [cache:126      ] - Cached data saved for ticker TEST_VALIDITY | ticker=TEST_VALIDITY
[2026-07-22 12:47:05,618] INFO    - [downloader:73  ] - Successfully cleaned and validated data for TEST_TICKER. Rows: 4 | ticker=TEST_TICKER
[2026-07-22 12:47:05,623] INFO    - [downloader:86  ] - Downloading ticker data from yfinance: RELIANCE.NS (Years: 2) | ticker=RELIANCE.NS
[2026-07-22 12:47:05,627] INFO    - [downloader:73  ] - Successfully cleaned and validated data for RELIANCE.NS. Rows: 3 | ticker=RELIANCE.NS
[2026-07-22 12:47:05,644] INFO    - [feature_store:118] - Saved Feature Store for RELIANCE_TEST to storage/test_features\RELIANCE_TEST.parquet | ticker=RELIANCE_TEST
[2026-07-22 12:47:05,648] INFO    - [feature_store:40] - Successfully loaded 2 features for RELIANCE_TEST | ticker=RELIANCE_TEST
[2026-07-22 12:47:05,654] INFO    - [feature_store:35] - No features Parquet file found for INFY_TEST at storage/test_features\INFY_TEST.parquet | ticker=INFY_TEST
[2026-07-22 12:47:05,655] INFO    - [feature_store:132] - Initializing new Feature Store for INFY_TEST during raw_ohlc | ticker=INFY_TEST
[2026-07-22 12:47:05,657] INFO    - [feature_store:118] - Saved Feature Store for INFY_TEST to storage/test_features\INFY_TEST.parquet | ticker=INFY_TEST
[2026-07-22 12:47:05,661] INFO    - [feature_store:40] - Successfully loaded 2 features for INFY_TEST | ticker=INFY_TEST
[2026-07-22 12:47:05,666] INFO    - [feature_store:118] - Saved Feature Store for INFY_TEST to storage/test_features\INFY_TEST.parquet | ticker=INFY_TEST
[2026-07-22 12:47:05,715] INFO    - [indicators:289 ] - Computing technical indicators across all categories...
[2026-07-22 12:47:05,773] INFO    - [indicators:305 ] - Successfully computed 53 indicator columns.
[2026-07-22 12:47:05,774] INFO    - [candlestick:169] - Computing price action returns and candlestick patterns...
[2026-07-22 12:47:05,793] INFO    - [candlestick:184] - Successfully computed 15 price action / pattern columns.
[2026-07-22 12:47:05,799] INFO    - [market_downloader:28] - Market index cache miss for ^NSEI. Downloading... | ticker=^NSEI
[2026-07-22 12:47:05,801] INFO    - [cache:126      ] - Cached data saved for ticker ^NSEI | ticker=^NSEI
[2026-07-22 12:47:05,804] INFO    - [cache:103      ] - Cache HIT for ticker ^NSEI | ticker=^NSEI
[2026-07-22 12:47:05,842] INFO    - [chart_data:31  ] - Constructing client visualization payload...
[2026-07-22 12:47:05,847] INFO    - [vix_analysis:42] - India VIX: 11.80 (Percentile: 66.7%, Regime: Low)
[2026-07-22 12:47:05,848] INFO    - [vix_analysis:42] - India VIX: 14.80 (Percentile: 66.7%, Regime: Normal)
[2026-07-22 12:47:05,849] INFO    - [vix_analysis:42] - India VIX: 22.00 (Percentile: 100.0%, Regime: Elevated)
[2026-07-22 12:47:05,871] INFO    - [vix_analysis:42] - India VIX: 29.50 (Percentile: 66.7%, Regime: Extreme)
[2026-07-22 12:47:05,898] INFO    - [chart_data:31  ] - Constructing client visualization payload...
[2026-07-22 12:47:45,727] INFO    - [analysis:60    ] - Auto-appended .NS suffix to ticker: RELIANCE -> RELIANCE.NS | ticker=RELIANCE.NS
[2026-07-22 12:47:45,764] INFO    - [feature_store:40] - Successfully loaded 74 features for RELIANCE.NS | ticker=RELIANCE.NS
[2026-07-22 12:47:45,817] INFO    - [feature_store:118] - Saved Feature Store for RELIANCE.NS to storage/features\RELIANCE_NS.parquet | ticker=RELIANCE.NS
[2026-07-22 12:47:45,817] INFO    - [indicators:289 ] - Computing technical indicators across all categories...
[2026-07-22 12:47:45,878] INFO    - [indicators:305 ] - Successfully computed 59 indicator columns.
[2026-07-22 12:47:45,898] INFO    - [feature_store:40] - Successfully loaded 79 features for RELIANCE.NS | ticker=RELIANCE.NS
[2026-07-22 12:47:45,921] INFO    - [feature_store:118] - Saved Feature Store for RELIANCE.NS to storage/features\RELIANCE_NS.parquet | ticker=RELIANCE.NS
[2026-07-22 12:47:45,922] INFO    - [candlestick:169] - Computing price action returns and candlestick patterns...
[2026-07-22 12:47:45,966] INFO    - [candlestick:184] - Successfully computed 15 price action / pattern columns.
[2026-07-22 12:47:45,972] INFO    - [feature_store:40] - Successfully loaded 79 features for RELIANCE.NS | ticker=RELIANCE.NS
[2026-07-22 12:47:45,986] INFO    - [feature_store:118] - Saved Feature Store for RELIANCE.NS to storage/features\RELIANCE_NS.parquet | ticker=RELIANCE.NS
[2026-07-22 12:47:45,993] INFO    - [vix_analysis:42] - India VIX: 15.00 (Percentile: 100.0%, Regime: Normal)
[2026-07-22 12:47:46,003] INFO    - [chart_data:31  ] - Constructing client visualization payload...
[2026-07-22 12:47:46,010] INFO    - [analysis:204   ] - Completed deterministic analysis for RELIANCE.NS in 282.1ms | ticker=RELIANCE.NS execution_time=282.12ms
[2026-07-22 12:47:46,031] INFO    - [feature_store:40] - Successfully loaded 74 features for TCS.NS | ticker=TCS.NS
[2026-07-22 12:47:46,048] INFO    - [feature_store:118] - Saved Feature Store for TCS.NS to storage/features\TCS_NS.parquet | ticker=TCS.NS
[2026-07-22 12:47:46,049] INFO    - [indicators:289 ] - Computing technical indicators across all categories...
[2026-07-22 12:47:46,124] INFO    - [indicators:305 ] - Successfully computed 59 indicator columns.
[2026-07-22 12:47:46,131] INFO    - [feature_store:40] - Successfully loaded 79 features for TCS.NS | ticker=TCS.NS
[2026-07-22 12:47:46,145] INFO    - [feature_store:118] - Saved Feature Store for TCS.NS to storage/features\TCS_NS.parquet | ticker=TCS.NS
[2026-07-22 12:47:46,146] INFO    - [candlestick:169] - Computing price action returns and candlestick patterns...
[2026-07-22 12:47:46,168] INFO    - [candlestick:184] - Successfully computed 15 price action / pattern columns.
[2026-07-22 12:47:46,176] INFO    - [feature_store:40] - Successfully loaded 79 features for TCS.NS | ticker=TCS.NS
[2026-07-22 12:47:46,189] INFO    - [feature_store:118] - Saved Feature Store for TCS.NS to storage/features\TCS_NS.parquet | ticker=TCS.NS
[2026-07-22 12:47:46,197] INFO    - [vix_analysis:42] - India VIX: 15.00 (Percentile: 100.0%, Regime: Normal)
[2026-07-22 12:47:46,203] INFO    - [chart_data:31  ] - Constructing client visualization payload...
[2026-07-22 12:47:46,211] INFO    - [analysis:204   ] - Completed deterministic analysis for TCS.NS in 188.0ms | ticker=TCS.NS execution_time=187.99ms
[2026-07-22 12:47:46,569] INFO    - [analysis:60    ] - Auto-appended .NS suffix to ticker: INV@LID -> INV@LID.NS | ticker=INV@LID.NS
[2026-07-22 12:47:46,570] ERROR   - [exceptions:44  ] - API Exception on /analyze/INV@LID: Invalid ticker symbol format: 'INV@LID'
[2026-07-22 12:47:46,581] INFO    - [analysis:60    ] - Auto-appended .NS suffix to ticker: INVALID_TICKER -> INVALID_TICKER.NS | ticker=INVALID_TICKER.NS
[2026-07-22 12:47:46,582] ERROR   - [exceptions:44  ] - API Exception on /analyze/INVALID_TICKER: Ticker symbol 'INVALID_TICKER.NS' not found on Yahoo Finance.
[2026-07-22 12:47:46,601] INFO    - [feature_store:40] - Successfully loaded 79 features for RELIANCE.NS | ticker=RELIANCE.NS
[2026-07-22 12:47:46,619] INFO    - [feature_store:118] - Saved Feature Store for RELIANCE.NS to storage/features\RELIANCE_NS.parquet | ticker=RELIANCE.NS
[2026-07-22 12:47:46,620] INFO    - [indicators:289 ] - Computing technical indicators across all categories...
[2026-07-22 12:47:46,678] INFO    - [indicators:305 ] - Successfully computed 59 indicator columns.
[2026-07-22 12:47:46,684] INFO    - [feature_store:40] - Successfully loaded 79 features for RELIANCE.NS | ticker=RELIANCE.NS
[2026-07-22 12:47:46,698] INFO    - [feature_store:118] - Saved Feature Store for RELIANCE.NS to storage/features\RELIANCE_NS.parquet | ticker=RELIANCE.NS
[2026-07-22 12:47:46,698] INFO    - [candlestick:169] - Computing price action returns and candlestick patterns...
[2026-07-22 12:47:46,717] INFO    - [candlestick:184] - Successfully computed 15 price action / pattern columns.
[2026-07-22 12:47:46,724] INFO    - [feature_store:40] - Successfully loaded 79 features for RELIANCE.NS | ticker=RELIANCE.NS
[2026-07-22 12:47:46,737] INFO    - [feature_store:118] - Saved Feature Store for RELIANCE.NS to storage/features\RELIANCE_NS.parquet | ticker=RELIANCE.NS
[2026-07-22 12:47:46,745] INFO    - [vix_analysis:42] - India VIX: 15.00 (Percentile: 100.0%, Regime: Normal)
[2026-07-22 12:47:46,751] INFO    - [chart_data:31  ] - Constructing client visualization payload...
[2026-07-22 12:47:46,762] INFO    - [analysis:204   ] - Completed deterministic analysis for RELIANCE.NS in 167.5ms | ticker=RELIANCE.NS execution_time=167.54ms
[2026-07-22 12:47:46,762] INFO    - [analysis:60    ] - Auto-appended .NS suffix to ticker: TCS -> TCS.NS | ticker=TCS.NS
[2026-07-22 12:47:46,770] INFO    - [feature_store:40] - Successfully loaded 79 features for TCS.NS | ticker=TCS.NS
[2026-07-22 12:47:46,785] INFO    - [feature_store:118] - Saved Feature Store for TCS.NS to storage/features\TCS_NS.parquet | ticker=TCS.NS
[2026-07-22 12:47:46,785] INFO    - [indicators:289 ] - Computing technical indicators across all categories...
[2026-07-22 12:47:46,843] INFO    - [indicators:305 ] - Successfully computed 59 indicator columns.
[2026-07-22 12:47:46,849] INFO    - [feature_store:40] - Successfully loaded 79 features for TCS.NS | ticker=TCS.NS
[2026-07-22 12:47:46,862] INFO    - [feature_store:118] - Saved Feature Store for TCS.NS to storage/features\TCS_NS.parquet | ticker=TCS.NS
[2026-07-22 12:47:46,863] INFO    - [candlestick:169] - Computing price action returns and candlestick patterns...
[2026-07-22 12:47:46,884] INFO    - [candlestick:184] - Successfully computed 15 price action / pattern columns.
[2026-07-22 12:47:46,890] INFO    - [feature_store:40] - Successfully loaded 79 features for TCS.NS | ticker=TCS.NS
[2026-07-22 12:47:46,903] INFO    - [feature_store:118] - Saved Feature Store for TCS.NS to storage/features\TCS_NS.parquet | ticker=TCS.NS
[2026-07-22 12:47:46,911] INFO    - [vix_analysis:42] - India VIX: 15.00 (Percentile: 100.0%, Regime: Normal)
[2026-07-22 12:47:46,918] INFO    - [chart_data:31  ] - Constructing client visualization payload...
[2026-07-22 12:47:46,927] INFO    - [analysis:204   ] - Completed deterministic analysis for TCS.NS in 163.8ms | ticker=TCS.NS execution_time=163.75ms
[2026-07-22 12:47:46,928] INFO    - [analysis:60    ] - Auto-appended .NS suffix to ticker: RELIANCE -> RELIANCE.NS | ticker=RELIANCE.NS
[2026-07-22 12:47:46,936] INFO    - [feature_store:40] - Successfully loaded 79 features for RELIANCE.NS | ticker=RELIANCE.NS
[2026-07-22 12:47:46,948] INFO    - [feature_store:118] - Saved Feature Store for RELIANCE.NS to storage/features\RELIANCE_NS.parquet | ticker=RELIANCE.NS
[2026-07-22 12:47:46,949] INFO    - [indicators:289 ] - Computing technical indicators across all categories...
[2026-07-22 12:47:47,004] INFO    - [indicators:305 ] - Successfully computed 59 indicator columns.
[2026-07-22 12:47:47,012] INFO    - [feature_store:40] - Successfully loaded 79 features for RELIANCE.NS | ticker=RELIANCE.NS
[2026-07-22 12:47:47,025] INFO    - [feature_store:118] - Saved Feature Store for RELIANCE.NS to storage/features\RELIANCE_NS.parquet | ticker=RELIANCE.NS
[2026-07-22 12:47:47,026] INFO    - [candlestick:169] - Computing price action returns and candlestick patterns...
[2026-07-22 12:47:47,049] INFO    - [candlestick:184] - Successfully computed 15 price action / pattern columns.
[2026-07-22 12:47:47,056] INFO    - [feature_store:40] - Successfully loaded 79 features for RELIANCE.NS | ticker=RELIANCE.NS
[2026-07-22 12:47:47,069] INFO    - [feature_store:118] - Saved Feature Store for RELIANCE.NS to storage/features\RELIANCE_NS.parquet | ticker=RELIANCE.NS
[2026-07-22 12:47:47,076] INFO    - [vix_analysis:42] - India VIX: 15.00 (Percentile: 100.0%, Regime: Normal)
[2026-07-22 12:47:47,083] INFO    - [chart_data:31  ] - Constructing client visualization payload...
[2026-07-22 12:47:47,090] INFO    - [analysis:204   ] - Completed deterministic analysis for RELIANCE.NS in 162.8ms | ticker=RELIANCE.NS execution_time=162.82ms
[2026-07-22 12:47:47,109] ERROR   - [exceptions:44  ] - API Exception on /analyze: Maximum batch size exceeded. Please request at most 5 tickers at a time.
[2026-07-22 12:47:47,119] INFO    - [cache:126      ] - Cached data saved for ticker TEST_STOCK | ticker=TEST_STOCK
[2026-07-22 12:47:47,123] INFO    - [cache:103      ] - Cache HIT for ticker TEST_STOCK | ticker=TEST_STOCK
[2026-07-22 12:47:47,131] INFO    - [cache:126      ] - Cached data saved for ticker TEST_VALIDITY | ticker=TEST_VALIDITY
[2026-07-22 12:47:47,154] INFO    - [downloader:73  ] - Successfully cleaned and validated data for TEST_TICKER. Rows: 4 | ticker=TEST_TICKER
[2026-07-22 12:47:47,158] INFO    - [downloader:86  ] - Downloading ticker data from yfinance: RELIANCE.NS (Years: 2) | ticker=RELIANCE.NS
[2026-07-22 12:47:47,163] INFO    - [downloader:73  ] - Successfully cleaned and validated data for RELIANCE.NS. Rows: 3 | ticker=RELIANCE.NS
[2026-07-22 12:47:47,180] INFO    - [feature_store:118] - Saved Feature Store for RELIANCE_TEST to storage/test_features\RELIANCE_TEST.parquet | ticker=RELIANCE_TEST
[2026-07-22 12:47:47,184] INFO    - [feature_store:40] - Successfully loaded 2 features for RELIANCE_TEST | ticker=RELIANCE_TEST
[2026-07-22 12:47:47,189] INFO    - [feature_store:35] - No features Parquet file found for INFY_TEST at storage/test_features\INFY_TEST.parquet | ticker=INFY_TEST
[2026-07-22 12:47:47,190] INFO    - [feature_store:132] - Initializing new Feature Store for INFY_TEST during raw_ohlc | ticker=INFY_TEST
[2026-07-22 12:47:47,192] INFO    - [feature_store:118] - Saved Feature Store for INFY_TEST to storage/test_features\INFY_TEST.parquet | ticker=INFY_TEST
[2026-07-22 12:47:47,196] INFO    - [feature_store:40] - Successfully loaded 2 features for INFY_TEST | ticker=INFY_TEST
[2026-07-22 12:47:47,200] INFO    - [feature_store:118] - Saved Feature Store for INFY_TEST to storage/test_features\INFY_TEST.parquet | ticker=INFY_TEST
[2026-07-22 12:47:47,246] INFO    - [indicators:289 ] - Computing technical indicators across all categories...
[2026-07-22 12:47:47,305] INFO    - [indicators:305 ] - Successfully computed 53 indicator columns.
[2026-07-22 12:47:47,305] INFO    - [candlestick:169] - Computing price action returns and candlestick patterns...
[2026-07-22 12:47:47,324] INFO    - [candlestick:184] - Successfully computed 15 price action / pattern columns.
[2026-07-22 12:47:47,329] INFO    - [market_downloader:28] - Market index cache miss for ^NSEI. Downloading... | ticker=^NSEI
[2026-07-22 12:47:47,332] INFO    - [cache:126      ] - Cached data saved for ticker ^NSEI | ticker=^NSEI
[2026-07-22 12:47:47,335] INFO    - [cache:103      ] - Cache HIT for ticker ^NSEI | ticker=^NSEI
[2026-07-22 12:47:47,370] INFO    - [chart_data:31  ] - Constructing client visualization payload...
[2026-07-22 12:47:47,373] INFO    - [vix_analysis:42] - India VIX: 11.80 (Percentile: 66.7%, Regime: Low)
[2026-07-22 12:47:47,374] INFO    - [vix_analysis:42] - India VIX: 14.80 (Percentile: 66.7%, Regime: Normal)
[2026-07-22 12:47:47,376] INFO    - [vix_analysis:42] - India VIX: 22.00 (Percentile: 100.0%, Regime: Elevated)
[2026-07-22 12:47:47,376] INFO    - [vix_analysis:42] - India VIX: 29.50 (Percentile: 66.7%, Regime: Extreme)
[2026-07-22 12:47:47,390] INFO    - [chart_data:31  ] - Constructing client visualization payload...
[2026-07-22 12:48:28,930] INFO    - [analysis:60    ] - Auto-appended .NS suffix to ticker: RELIANCE -> RELIANCE.NS | ticker=RELIANCE.NS
[2026-07-22 12:48:28,967] INFO    - [feature_store:40] - Successfully loaded 79 features for RELIANCE.NS | ticker=RELIANCE.NS
[2026-07-22 12:48:29,017] INFO    - [feature_store:118] - Saved Feature Store for RELIANCE.NS to storage/features\RELIANCE_NS.parquet | ticker=RELIANCE.NS
[2026-07-22 12:48:29,018] INFO    - [indicators:289 ] - Computing technical indicators across all categories...
[2026-07-22 12:48:29,082] INFO    - [indicators:305 ] - Successfully computed 59 indicator columns.
[2026-07-22 12:48:29,099] INFO    - [feature_store:40] - Successfully loaded 79 features for RELIANCE.NS | ticker=RELIANCE.NS
[2026-07-22 12:48:29,113] INFO    - [feature_store:118] - Saved Feature Store for RELIANCE.NS to storage/features\RELIANCE_NS.parquet | ticker=RELIANCE.NS
[2026-07-22 12:48:29,114] INFO    - [candlestick:169] - Computing price action returns and candlestick patterns...
[2026-07-22 12:48:29,135] INFO    - [candlestick:184] - Successfully computed 15 price action / pattern columns.
[2026-07-22 12:48:29,141] INFO    - [feature_store:40] - Successfully loaded 79 features for RELIANCE.NS | ticker=RELIANCE.NS
[2026-07-22 12:48:29,156] INFO    - [feature_store:118] - Saved Feature Store for RELIANCE.NS to storage/features\RELIANCE_NS.parquet | ticker=RELIANCE.NS
[2026-07-22 12:48:29,163] INFO    - [vix_analysis:42] - India VIX: 15.00 (Percentile: 100.0%, Regime: Normal)
[2026-07-22 12:48:29,170] INFO    - [chart_data:31  ] - Constructing client visualization payload...
[2026-07-22 12:48:29,178] INFO    - [analysis:204   ] - Completed deterministic analysis for RELIANCE.NS in 246.5ms | ticker=RELIANCE.NS execution_time=246.54ms
[2026-07-22 12:48:29,200] INFO    - [feature_store:40] - Successfully loaded 79 features for TCS.NS | ticker=TCS.NS
[2026-07-22 12:48:29,214] INFO    - [feature_store:118] - Saved Feature Store for TCS.NS to storage/features\TCS_NS.parquet | ticker=TCS.NS
[2026-07-22 12:48:29,214] INFO    - [indicators:289 ] - Computing technical indicators across all categories...
[2026-07-22 12:48:29,272] INFO    - [indicators:305 ] - Successfully computed 59 indicator columns.
[2026-07-22 12:48:29,279] INFO    - [feature_store:40] - Successfully loaded 79 features for TCS.NS | ticker=TCS.NS
[2026-07-22 12:48:29,292] INFO    - [feature_store:118] - Saved Feature Store for TCS.NS to storage/features\TCS_NS.parquet | ticker=TCS.NS
[2026-07-22 12:48:29,293] INFO    - [candlestick:169] - Computing price action returns and candlestick patterns...
[2026-07-22 12:48:29,313] INFO    - [candlestick:184] - Successfully computed 15 price action / pattern columns.
[2026-07-22 12:48:29,319] INFO    - [feature_store:40] - Successfully loaded 79 features for TCS.NS | ticker=TCS.NS
[2026-07-22 12:48:29,333] INFO    - [feature_store:118] - Saved Feature Store for TCS.NS to storage/features\TCS_NS.parquet | ticker=TCS.NS
[2026-07-22 12:48:29,339] INFO    - [vix_analysis:42] - India VIX: 15.00 (Percentile: 100.0%, Regime: Normal)
[2026-07-22 12:48:29,347] INFO    - [chart_data:31  ] - Constructing client visualization payload...
[2026-07-22 12:48:29,354] INFO    - [analysis:204   ] - Completed deterministic analysis for TCS.NS in 163.1ms | ticker=TCS.NS execution_time=163.09ms
[2026-07-22 12:48:29,366] INFO    - [analysis:60    ] - Auto-appended .NS suffix to ticker: INV@LID -> INV@LID.NS | ticker=INV@LID.NS
[2026-07-22 12:48:29,367] ERROR   - [exceptions:44  ] - API Exception on /analyze/INV@LID: Invalid ticker symbol format: 'INV@LID'
[2026-07-22 12:48:29,377] INFO    - [analysis:60    ] - Auto-appended .NS suffix to ticker: INVALID_TICKER -> INVALID_TICKER.NS | ticker=INVALID_TICKER.NS
[2026-07-22 12:48:29,378] ERROR   - [exceptions:44  ] - API Exception on /analyze/INVALID_TICKER: Ticker symbol 'INVALID_TICKER.NS' not found on Yahoo Finance.
[2026-07-22 12:48:29,397] INFO    - [feature_store:40] - Successfully loaded 79 features for RELIANCE.NS | ticker=RELIANCE.NS
[2026-07-22 12:48:29,411] INFO    - [feature_store:118] - Saved Feature Store for RELIANCE.NS to storage/features\RELIANCE_NS.parquet | ticker=RELIANCE.NS
[2026-07-22 12:48:29,412] INFO    - [indicators:289 ] - Computing technical indicators across all categories...
[2026-07-22 12:48:29,472] INFO    - [indicators:305 ] - Successfully computed 59 indicator columns.
[2026-07-22 12:48:29,478] INFO    - [feature_store:40] - Successfully loaded 79 features for RELIANCE.NS | ticker=RELIANCE.NS
[2026-07-22 12:48:29,492] INFO    - [feature_store:118] - Saved Feature Store for RELIANCE.NS to storage/features\RELIANCE_NS.parquet | ticker=RELIANCE.NS
[2026-07-22 12:48:29,493] INFO    - [candlestick:169] - Computing price action returns and candlestick patterns...
[2026-07-22 12:48:29,513] INFO    - [candlestick:184] - Successfully computed 15 price action / pattern columns.
[2026-07-22 12:48:29,520] INFO    - [feature_store:40] - Successfully loaded 79 features for RELIANCE.NS | ticker=RELIANCE.NS
[2026-07-22 12:48:29,534] INFO    - [feature_store:118] - Saved Feature Store for RELIANCE.NS to storage/features\RELIANCE_NS.parquet | ticker=RELIANCE.NS
[2026-07-22 12:48:29,540] INFO    - [vix_analysis:42] - India VIX: 15.00 (Percentile: 100.0%, Regime: Normal)
[2026-07-22 12:48:29,548] INFO    - [chart_data:31  ] - Constructing client visualization payload...
[2026-07-22 12:48:29,555] INFO    - [analysis:204   ] - Completed deterministic analysis for RELIANCE.NS in 166.4ms | ticker=RELIANCE.NS execution_time=166.43ms
[2026-07-22 12:48:29,564] INFO    - [feature_store:40] - Successfully loaded 79 features for TCS.NS | ticker=TCS.NS
[2026-07-22 12:48:29,578] INFO    - [feature_store:118] - Saved Feature Store for TCS.NS to storage/features\TCS_NS.parquet | ticker=TCS.NS
[2026-07-22 12:48:29,578] INFO    - [indicators:289 ] - Computing technical indicators across all categories...
[2026-07-22 12:48:29,639] INFO    - [indicators:305 ] - Successfully computed 59 indicator columns.
[2026-07-22 12:48:29,646] INFO    - [feature_store:40] - Successfully loaded 79 features for TCS.NS | ticker=TCS.NS
[2026-07-22 12:48:29,658] INFO    - [feature_store:118] - Saved Feature Store for TCS.NS to storage/features\TCS_NS.parquet | ticker=TCS.NS
[2026-07-22 12:48:29,659] INFO    - [candlestick:169] - Computing price action returns and candlestick patterns...
[2026-07-22 12:48:29,679] INFO    - [candlestick:184] - Successfully computed 15 price action / pattern columns.
[2026-07-22 12:48:29,685] INFO    - [feature_store:40] - Successfully loaded 79 features for TCS.NS | ticker=TCS.NS
[2026-07-22 12:48:29,699] INFO    - [feature_store:118] - Saved Feature Store for TCS.NS to storage/features\TCS_NS.parquet | ticker=TCS.NS
[2026-07-22 12:48:29,706] INFO    - [vix_analysis:42] - India VIX: 15.00 (Percentile: 100.0%, Regime: Normal)
[2026-07-22 12:48:29,712] INFO    - [chart_data:31  ] - Constructing client visualization payload...
[2026-07-22 12:48:29,719] INFO    - [analysis:204   ] - Completed deterministic analysis for TCS.NS in 163.0ms | ticker=TCS.NS execution_time=162.96ms
[2026-07-22 12:48:29,732] ERROR   - [exceptions:44  ] - API Exception on /analyze: Maximum batch size exceeded. Please request at most 5 tickers at a time.
[2026-07-22 12:48:29,741] INFO    - [cache:126      ] - Cached data saved for ticker TEST_STOCK | ticker=TEST_STOCK
[2026-07-22 12:48:29,746] INFO    - [cache:103      ] - Cache HIT for ticker TEST_STOCK | ticker=TEST_STOCK
[2026-07-22 12:48:29,754] INFO    - [cache:126      ] - Cached data saved for ticker TEST_VALIDITY | ticker=TEST_VALIDITY
[2026-07-22 12:48:29,772] INFO    - [downloader:73  ] - Successfully cleaned and validated data for TEST_TICKER. Rows: 4 | ticker=TEST_TICKER
[2026-07-22 12:48:29,776] INFO    - [downloader:86  ] - Downloading ticker data from yfinance: RELIANCE.NS (Years: 2) | ticker=RELIANCE.NS
[2026-07-22 12:48:29,781] INFO    - [downloader:73  ] - Successfully cleaned and validated data for RELIANCE.NS. Rows: 3 | ticker=RELIANCE.NS
[2026-07-22 12:48:29,799] INFO    - [feature_store:118] - Saved Feature Store for RELIANCE_TEST to storage/test_features\RELIANCE_TEST.parquet | ticker=RELIANCE_TEST
[2026-07-22 12:48:29,803] INFO    - [feature_store:40] - Successfully loaded 2 features for RELIANCE_TEST | ticker=RELIANCE_TEST
[2026-07-22 12:48:29,808] INFO    - [feature_store:35] - No features Parquet file found for INFY_TEST at storage/test_features\INFY_TEST.parquet | ticker=INFY_TEST
[2026-07-22 12:48:29,809] INFO    - [feature_store:132] - Initializing new Feature Store for INFY_TEST during raw_ohlc | ticker=INFY_TEST
[2026-07-22 12:48:29,812] INFO    - [feature_store:118] - Saved Feature Store for INFY_TEST to storage/test_features\INFY_TEST.parquet | ticker=INFY_TEST
[2026-07-22 12:48:29,816] INFO    - [feature_store:40] - Successfully loaded 2 features for INFY_TEST | ticker=INFY_TEST
[2026-07-22 12:48:29,819] INFO    - [feature_store:118] - Saved Feature Store for INFY_TEST to storage/test_features\INFY_TEST.parquet | ticker=INFY_TEST
[2026-07-22 12:48:29,874] INFO    - [indicators:289 ] - Computing technical indicators across all categories...
[2026-07-22 12:48:29,941] INFO    - [indicators:305 ] - Successfully computed 53 indicator columns.
[2026-07-22 12:48:29,941] INFO    - [candlestick:169] - Computing price action returns and candlestick patterns...
[2026-07-22 12:48:29,961] INFO    - [candlestick:184] - Successfully computed 15 price action / pattern columns.
[2026-07-22 12:48:29,966] INFO    - [market_downloader:28] - Market index cache miss for ^NSEI. Downloading... | ticker=^NSEI
[2026-07-22 12:48:29,968] INFO    - [cache:126      ] - Cached data saved for ticker ^NSEI | ticker=^NSEI
[2026-07-22 12:48:29,971] INFO    - [cache:103      ] - Cache HIT for ticker ^NSEI | ticker=^NSEI
[2026-07-22 12:48:30,007] INFO    - [chart_data:31  ] - Constructing client visualization payload...
[2026-07-22 12:48:30,011] INFO    - [vix_analysis:42] - India VIX: 11.80 (Percentile: 66.7%, Regime: Low)
[2026-07-22 12:48:30,012] INFO    - [vix_analysis:42] - India VIX: 14.80 (Percentile: 66.7%, Regime: Normal)
[2026-07-22 12:48:30,013] INFO    - [vix_analysis:42] - India VIX: 22.00 (Percentile: 100.0%, Regime: Elevated)
[2026-07-22 12:48:30,013] INFO    - [vix_analysis:42] - India VIX: 29.50 (Percentile: 66.7%, Regime: Extreme)
[2026-07-22 12:48:30,028] INFO    - [chart_data:31  ] - Constructing client visualization payload...
[2026-07-22 12:51:36,432] INFO    - [analysis:60    ] - Auto-appended .NS suffix to ticker: RELIANCE -> RELIANCE.NS | ticker=RELIANCE.NS
[2026-07-22 12:51:36,473] INFO    - [feature_store:40] - Successfully loaded 79 features for RELIANCE.NS | ticker=RELIANCE.NS
[2026-07-22 12:51:36,533] INFO    - [feature_store:118] - Saved Feature Store for RELIANCE.NS to storage/features\RELIANCE_NS.parquet | ticker=RELIANCE.NS
[2026-07-22 12:51:36,534] INFO    - [indicators:289 ] - Computing technical indicators across all categories...
[2026-07-22 12:51:36,631] INFO    - [indicators:305 ] - Successfully computed 59 indicator columns.
[2026-07-22 12:51:36,638] INFO    - [feature_store:40] - Successfully loaded 79 features for RELIANCE.NS | ticker=RELIANCE.NS
[2026-07-22 12:51:36,658] INFO    - [feature_store:118] - Saved Feature Store for RELIANCE.NS to storage/features\RELIANCE_NS.parquet | ticker=RELIANCE.NS
[2026-07-22 12:51:36,659] INFO    - [candlestick:169] - Computing price action returns and candlestick patterns...
[2026-07-22 12:51:36,717] INFO    - [candlestick:184] - Successfully computed 15 price action / pattern columns.
[2026-07-22 12:51:36,727] INFO    - [feature_store:40] - Successfully loaded 79 features for RELIANCE.NS | ticker=RELIANCE.NS
[2026-07-22 12:51:36,754] INFO    - [feature_store:118] - Saved Feature Store for RELIANCE.NS to storage/features\RELIANCE_NS.parquet | ticker=RELIANCE.NS
[2026-07-22 12:51:36,772] INFO    - [vix_analysis:42] - India VIX: 15.00 (Percentile: 100.0%, Regime: Normal)
[2026-07-22 12:51:36,780] INFO    - [chart_data:31  ] - Constructing client visualization payload...
[2026-07-22 12:51:36,782] ERROR   - [exceptions:56  ] - Unhandled system exception on /analyze/RELIANCE: Cannot convert non-finite values (NA or inf) to integer
[2026-07-22 12:51:37,954] INFO    - [feature_store:40] - Successfully loaded 79 features for TCS.NS | ticker=TCS.NS
[2026-07-22 12:51:37,981] INFO    - [feature_store:118] - Saved Feature Store for TCS.NS to storage/features\TCS_NS.parquet | ticker=TCS.NS
[2026-07-22 12:51:37,982] INFO    - [indicators:289 ] - Computing technical indicators across all categories...
[2026-07-22 12:51:38,056] INFO    - [indicators:305 ] - Successfully computed 59 indicator columns.
[2026-07-22 12:51:38,064] INFO    - [feature_store:40] - Successfully loaded 79 features for TCS.NS | ticker=TCS.NS
[2026-07-22 12:51:38,083] INFO    - [feature_store:118] - Saved Feature Store for TCS.NS to storage/features\TCS_NS.parquet | ticker=TCS.NS
[2026-07-22 12:51:38,084] INFO    - [candlestick:169] - Computing price action returns and candlestick patterns...
[2026-07-22 12:51:38,194] INFO    - [candlestick:184] - Successfully computed 15 price action / pattern columns.
[2026-07-22 12:51:38,201] INFO    - [feature_store:40] - Successfully loaded 79 features for TCS.NS | ticker=TCS.NS
[2026-07-22 12:51:38,218] INFO    - [feature_store:118] - Saved Feature Store for TCS.NS to storage/features\TCS_NS.parquet | ticker=TCS.NS
[2026-07-22 12:51:38,235] INFO    - [vix_analysis:42] - India VIX: 15.00 (Percentile: 100.0%, Regime: Normal)
[2026-07-22 12:51:38,242] INFO    - [chart_data:31  ] - Constructing client visualization payload...
[2026-07-22 12:51:38,244] ERROR   - [exceptions:56  ] - Unhandled system exception on /analyze/TCS.NS: Cannot convert non-finite values (NA or inf) to integer
[2026-07-22 12:51:38,910] INFO    - [analysis:60    ] - Auto-appended .NS suffix to ticker: INV@LID -> INV@LID.NS | ticker=INV@LID.NS
[2026-07-22 12:51:38,911] ERROR   - [exceptions:44  ] - API Exception on /analyze/INV@LID: Invalid ticker symbol format: 'INV@LID'
[2026-07-22 12:51:38,921] INFO    - [analysis:60    ] - Auto-appended .NS suffix to ticker: INVALID_TICKER -> INVALID_TICKER.NS | ticker=INVALID_TICKER.NS
[2026-07-22 12:51:38,922] ERROR   - [exceptions:44  ] - API Exception on /analyze/INVALID_TICKER: Ticker symbol 'INVALID_TICKER.NS' not found on Yahoo Finance.
[2026-07-22 12:51:38,941] INFO    - [feature_store:40] - Successfully loaded 79 features for RELIANCE.NS | ticker=RELIANCE.NS
[2026-07-22 12:51:38,960] INFO    - [feature_store:118] - Saved Feature Store for RELIANCE.NS to storage/features\RELIANCE_NS.parquet | ticker=RELIANCE.NS
[2026-07-22 12:51:38,961] INFO    - [indicators:289 ] - Computing technical indicators across all categories...
[2026-07-22 12:51:39,035] INFO    - [indicators:305 ] - Successfully computed 59 indicator columns.
[2026-07-22 12:51:39,042] INFO    - [feature_store:40] - Successfully loaded 79 features for RELIANCE.NS | ticker=RELIANCE.NS
[2026-07-22 12:51:39,060] INFO    - [feature_store:118] - Saved Feature Store for RELIANCE.NS to storage/features\RELIANCE_NS.parquet | ticker=RELIANCE.NS
[2026-07-22 12:51:39,061] INFO    - [candlestick:169] - Computing price action returns and candlestick patterns...
[2026-07-22 12:51:39,106] INFO    - [candlestick:184] - Successfully computed 15 price action / pattern columns.
[2026-07-22 12:51:39,112] INFO    - [feature_store:40] - Successfully loaded 79 features for RELIANCE.NS | ticker=RELIANCE.NS
[2026-07-22 12:51:39,129] INFO    - [feature_store:118] - Saved Feature Store for RELIANCE.NS to storage/features\RELIANCE_NS.parquet | ticker=RELIANCE.NS
[2026-07-22 12:51:39,147] INFO    - [vix_analysis:42] - India VIX: 15.00 (Percentile: 100.0%, Regime: Normal)
[2026-07-22 12:51:39,153] INFO    - [chart_data:31  ] - Constructing client visualization payload...
[2026-07-22 12:51:39,155] ERROR   - [analysis:282   ] - Batch analysis failed on RELIANCE.NS: Cannot convert non-finite values (NA or inf) to integer | ticker=RELIANCE.NS
[2026-07-22 12:51:39,155] ERROR   - [exceptions:56  ] - Unhandled system exception on /analyze: Cannot convert non-finite values (NA or inf) to integer
[2026-07-22 12:51:39,876] ERROR   - [exceptions:44  ] - API Exception on /analyze: Maximum batch size exceeded. Please request at most 5 tickers at a time.
[2026-07-22 12:51:39,885] INFO    - [cache:126      ] - Cached data saved for ticker TEST_STOCK | ticker=TEST_STOCK
[2026-07-22 12:51:39,891] INFO    - [cache:103      ] - Cache HIT for ticker TEST_STOCK | ticker=TEST_STOCK
[2026-07-22 12:51:39,898] INFO    - [cache:126      ] - Cached data saved for ticker TEST_VALIDITY | ticker=TEST_VALIDITY
[2026-07-22 12:51:39,916] INFO    - [downloader:73  ] - Successfully cleaned and validated data for TEST_TICKER. Rows: 4 | ticker=TEST_TICKER
[2026-07-22 12:51:39,920] INFO    - [downloader:86  ] - Downloading ticker data from yfinance: RELIANCE.NS (Years: 2) | ticker=RELIANCE.NS
[2026-07-22 12:51:39,925] INFO    - [downloader:73  ] - Successfully cleaned and validated data for RELIANCE.NS. Rows: 3 | ticker=RELIANCE.NS
[2026-07-22 12:51:39,932] INFO    - [feature_store:118] - Saved Feature Store for RELIANCE_TEST to storage/test_features\RELIANCE_TEST.parquet | ticker=RELIANCE_TEST
[2026-07-22 12:51:39,935] INFO    - [feature_store:40] - Successfully loaded 2 features for RELIANCE_TEST | ticker=RELIANCE_TEST
[2026-07-22 12:51:39,941] INFO    - [feature_store:35] - No features Parquet file found for INFY_TEST at storage/test_features\INFY_TEST.parquet | ticker=INFY_TEST
[2026-07-22 12:51:39,942] INFO    - [feature_store:132] - Initializing new Feature Store for INFY_TEST during raw_ohlc | ticker=INFY_TEST
[2026-07-22 12:51:39,944] INFO    - [feature_store:118] - Saved Feature Store for INFY_TEST to storage/test_features\INFY_TEST.parquet | ticker=INFY_TEST
[2026-07-22 12:51:39,948] INFO    - [feature_store:40] - Successfully loaded 2 features for INFY_TEST | ticker=INFY_TEST
[2026-07-22 12:51:39,952] INFO    - [feature_store:118] - Saved Feature Store for INFY_TEST to storage/test_features\INFY_TEST.parquet | ticker=INFY_TEST
[2026-07-22 12:51:40,007] INFO    - [indicators:289 ] - Computing technical indicators across all categories...
[2026-07-22 12:51:40,103] INFO    - [indicators:305 ] - Successfully computed 53 indicator columns.
[2026-07-22 12:51:40,104] INFO    - [candlestick:169] - Computing price action returns and candlestick patterns...
[2026-07-22 12:51:40,128] INFO    - [candlestick:184] - Successfully computed 15 price action / pattern columns.
[2026-07-22 12:51:40,134] INFO    - [market_downloader:28] - Market index cache miss for ^NSEI. Downloading... | ticker=^NSEI
[2026-07-22 12:51:40,136] INFO    - [cache:126      ] - Cached data saved for ticker ^NSEI | ticker=^NSEI
[2026-07-22 12:51:40,139] INFO    - [cache:103      ] - Cache HIT for ticker ^NSEI | ticker=^NSEI
[2026-07-22 12:51:40,182] INFO    - [chart_data:31  ] - Constructing client visualization payload...
[2026-07-22 12:51:40,185] INFO    - [vix_analysis:42] - India VIX: 11.80 (Percentile: 66.7%, Regime: Low)
[2026-07-22 12:51:40,186] INFO    - [vix_analysis:42] - India VIX: 14.80 (Percentile: 66.7%, Regime: Normal)
[2026-07-22 12:51:40,186] INFO    - [vix_analysis:42] - India VIX: 22.00 (Percentile: 100.0%, Regime: Elevated)
[2026-07-22 12:51:40,187] INFO    - [vix_analysis:42] - India VIX: 29.50 (Percentile: 66.7%, Regime: Extreme)
[2026-07-22 12:51:40,203] INFO    - [chart_data:31  ] - Constructing client visualization payload...
[2026-07-22 12:52:08,046] INFO    - [analysis:60    ] - Auto-appended .NS suffix to ticker: RELIANCE -> RELIANCE.NS | ticker=RELIANCE.NS
[2026-07-22 12:52:08,080] INFO    - [feature_store:40] - Successfully loaded 79 features for RELIANCE.NS | ticker=RELIANCE.NS
[2026-07-22 12:52:08,137] INFO    - [feature_store:118] - Saved Feature Store for RELIANCE.NS to storage/features\RELIANCE_NS.parquet | ticker=RELIANCE.NS
[2026-07-22 12:52:08,138] INFO    - [indicators:289 ] - Computing technical indicators across all categories...
[2026-07-22 12:52:08,209] INFO    - [indicators:305 ] - Successfully computed 59 indicator columns.
[2026-07-22 12:52:08,217] INFO    - [feature_store:40] - Successfully loaded 79 features for RELIANCE.NS | ticker=RELIANCE.NS
[2026-07-22 12:52:08,233] INFO    - [feature_store:118] - Saved Feature Store for RELIANCE.NS to storage/features\RELIANCE_NS.parquet | ticker=RELIANCE.NS
[2026-07-22 12:52:08,235] INFO    - [candlestick:169] - Computing price action returns and candlestick patterns...
[2026-07-22 12:52:08,279] INFO    - [candlestick:184] - Successfully computed 15 price action / pattern columns.
[2026-07-22 12:52:08,288] INFO    - [feature_store:40] - Successfully loaded 79 features for RELIANCE.NS | ticker=RELIANCE.NS
[2026-07-22 12:52:08,305] INFO    - [feature_store:118] - Saved Feature Store for RELIANCE.NS to storage/features\RELIANCE_NS.parquet | ticker=RELIANCE.NS
[2026-07-22 12:52:08,321] INFO    - [vix_analysis:42] - India VIX: 15.00 (Percentile: 100.0%, Regime: Normal)
[2026-07-22 12:52:08,329] INFO    - [chart_data:31  ] - Constructing client visualization payload...
[2026-07-22 12:52:08,362] INFO    - [analysis:204   ] - Completed deterministic analysis for RELIANCE.NS in 315.7ms | ticker=RELIANCE.NS execution_time=315.69ms
[2026-07-22 12:52:08,390] INFO    - [feature_store:40] - Successfully loaded 79 features for TCS.NS | ticker=TCS.NS
[2026-07-22 12:52:08,409] INFO    - [feature_store:118] - Saved Feature Store for TCS.NS to storage/features\TCS_NS.parquet | ticker=TCS.NS
[2026-07-22 12:52:08,410] INFO    - [indicators:289 ] - Computing technical indicators across all categories...
[2026-07-22 12:52:08,481] INFO    - [indicators:305 ] - Successfully computed 59 indicator columns.
[2026-07-22 12:52:08,488] INFO    - [feature_store:40] - Successfully loaded 79 features for TCS.NS | ticker=TCS.NS
[2026-07-22 12:52:08,505] INFO    - [feature_store:118] - Saved Feature Store for TCS.NS to storage/features\TCS_NS.parquet | ticker=TCS.NS
[2026-07-22 12:52:08,507] INFO    - [candlestick:169] - Computing price action returns and candlestick patterns...
[2026-07-22 12:52:08,586] INFO    - [candlestick:184] - Successfully computed 15 price action / pattern columns.
[2026-07-22 12:52:08,592] INFO    - [feature_store:40] - Successfully loaded 79 features for TCS.NS | ticker=TCS.NS
[2026-07-22 12:52:08,609] INFO    - [feature_store:118] - Saved Feature Store for TCS.NS to storage/features\TCS_NS.parquet | ticker=TCS.NS
[2026-07-22 12:52:08,626] INFO    - [vix_analysis:42] - India VIX: 15.00 (Percentile: 100.0%, Regime: Normal)
[2026-07-22 12:52:08,633] INFO    - [chart_data:31  ] - Constructing client visualization payload...
[2026-07-22 12:52:08,667] INFO    - [analysis:204   ] - Completed deterministic analysis for TCS.NS in 285.9ms | ticker=TCS.NS execution_time=285.88ms
[2026-07-22 12:52:08,683] INFO    - [analysis:60    ] - Auto-appended .NS suffix to ticker: INV@LID -> INV@LID.NS | ticker=INV@LID.NS
[2026-07-22 12:52:08,684] ERROR   - [exceptions:44  ] - API Exception on /analyze/INV@LID: Invalid ticker symbol format: 'INV@LID'
[2026-07-22 12:52:08,693] INFO    - [analysis:60    ] - Auto-appended .NS suffix to ticker: INVALID_TICKER -> INVALID_TICKER.NS | ticker=INVALID_TICKER.NS
[2026-07-22 12:52:08,694] ERROR   - [exceptions:44  ] - API Exception on /analyze/INVALID_TICKER: Ticker symbol 'INVALID_TICKER.NS' not found on Yahoo Finance.
[2026-07-22 12:52:08,714] INFO    - [feature_store:40] - Successfully loaded 79 features for RELIANCE.NS | ticker=RELIANCE.NS
[2026-07-22 12:52:08,735] INFO    - [feature_store:118] - Saved Feature Store for RELIANCE.NS to storage/features\RELIANCE_NS.parquet | ticker=RELIANCE.NS
[2026-07-22 12:52:08,736] INFO    - [indicators:289 ] - Computing technical indicators across all categories...
[2026-07-22 12:52:08,805] INFO    - [indicators:305 ] - Successfully computed 59 indicator columns.
[2026-07-22 12:52:08,812] INFO    - [feature_store:40] - Successfully loaded 79 features for RELIANCE.NS | ticker=RELIANCE.NS
[2026-07-22 12:52:08,829] INFO    - [feature_store:118] - Saved Feature Store for RELIANCE.NS to storage/features\RELIANCE_NS.parquet | ticker=RELIANCE.NS
[2026-07-22 12:52:08,830] INFO    - [candlestick:169] - Computing price action returns and candlestick patterns...
[2026-07-22 12:52:08,876] INFO    - [candlestick:184] - Successfully computed 15 price action / pattern columns.
[2026-07-22 12:52:08,885] INFO    - [feature_store:40] - Successfully loaded 79 features for RELIANCE.NS | ticker=RELIANCE.NS
[2026-07-22 12:52:08,901] INFO    - [feature_store:118] - Saved Feature Store for RELIANCE.NS to storage/features\RELIANCE_NS.parquet | ticker=RELIANCE.NS
[2026-07-22 12:52:08,919] INFO    - [vix_analysis:42] - India VIX: 15.00 (Percentile: 100.0%, Regime: Normal)
[2026-07-22 12:52:08,925] INFO    - [chart_data:31  ] - Constructing client visualization payload...
[2026-07-22 12:52:08,958] INFO    - [analysis:204   ] - Completed deterministic analysis for RELIANCE.NS in 250.7ms | ticker=RELIANCE.NS execution_time=250.73ms
[2026-07-22 12:52:08,966] INFO    - [feature_store:40] - Successfully loaded 79 features for TCS.NS | ticker=TCS.NS
[2026-07-22 12:52:08,984] INFO    - [feature_store:118] - Saved Feature Store for TCS.NS to storage/features\TCS_NS.parquet | ticker=TCS.NS
[2026-07-22 12:52:08,985] INFO    - [indicators:289 ] - Computing technical indicators across all categories...
[2026-07-22 12:52:09,056] INFO    - [indicators:305 ] - Successfully computed 59 indicator columns.
[2026-07-22 12:52:09,063] INFO    - [feature_store:40] - Successfully loaded 79 features for TCS.NS | ticker=TCS.NS
[2026-07-22 12:52:09,080] INFO    - [feature_store:118] - Saved Feature Store for TCS.NS to storage/features\TCS_NS.parquet | ticker=TCS.NS
[2026-07-22 12:52:09,082] INFO    - [candlestick:169] - Computing price action returns and candlestick patterns...
[2026-07-22 12:52:09,126] INFO    - [candlestick:184] - Successfully computed 15 price action / pattern columns.
[2026-07-22 12:52:09,134] INFO    - [feature_store:40] - Successfully loaded 79 features for TCS.NS | ticker=TCS.NS
[2026-07-22 12:52:09,150] INFO    - [feature_store:118] - Saved Feature Store for TCS.NS to storage/features\TCS_NS.parquet | ticker=TCS.NS
[2026-07-22 12:52:09,167] INFO    - [vix_analysis:42] - India VIX: 15.00 (Percentile: 100.0%, Regime: Normal)
[2026-07-22 12:52:09,174] INFO    - [chart_data:31  ] - Constructing client visualization payload...
[2026-07-22 12:52:09,210] INFO    - [analysis:204   ] - Completed deterministic analysis for TCS.NS in 249.6ms | ticker=TCS.NS execution_time=249.64ms
[2026-07-22 12:52:09,231] ERROR   - [exceptions:44  ] - API Exception on /analyze: Maximum batch size exceeded. Please request at most 5 tickers at a time.
[2026-07-22 12:52:09,242] INFO    - [cache:126      ] - Cached data saved for ticker TEST_STOCK | ticker=TEST_STOCK
[2026-07-22 12:52:09,246] INFO    - [cache:103      ] - Cache HIT for ticker TEST_STOCK | ticker=TEST_STOCK
[2026-07-22 12:52:09,254] INFO    - [cache:126      ] - Cached data saved for ticker TEST_VALIDITY | ticker=TEST_VALIDITY
[2026-07-22 12:52:09,272] INFO    - [downloader:73  ] - Successfully cleaned and validated data for TEST_TICKER. Rows: 4 | ticker=TEST_TICKER
[2026-07-22 12:52:09,285] INFO    - [downloader:86  ] - Downloading ticker data from yfinance: RELIANCE.NS (Years: 2) | ticker=RELIANCE.NS
[2026-07-22 12:52:09,290] INFO    - [downloader:73  ] - Successfully cleaned and validated data for RELIANCE.NS. Rows: 3 | ticker=RELIANCE.NS
[2026-07-22 12:52:09,296] INFO    - [feature_store:118] - Saved Feature Store for RELIANCE_TEST to storage/test_features\RELIANCE_TEST.parquet | ticker=RELIANCE_TEST
[2026-07-22 12:52:09,301] INFO    - [feature_store:40] - Successfully loaded 2 features for RELIANCE_TEST | ticker=RELIANCE_TEST
[2026-07-22 12:52:09,306] INFO    - [feature_store:35] - No features Parquet file found for INFY_TEST at storage/test_features\INFY_TEST.parquet | ticker=INFY_TEST
[2026-07-22 12:52:09,306] INFO    - [feature_store:132] - Initializing new Feature Store for INFY_TEST during raw_ohlc | ticker=INFY_TEST
[2026-07-22 12:52:09,309] INFO    - [feature_store:118] - Saved Feature Store for INFY_TEST to storage/test_features\INFY_TEST.parquet | ticker=INFY_TEST
[2026-07-22 12:52:09,312] INFO    - [feature_store:40] - Successfully loaded 2 features for INFY_TEST | ticker=INFY_TEST
[2026-07-22 12:52:09,316] INFO    - [feature_store:118] - Saved Feature Store for INFY_TEST to storage/test_features\INFY_TEST.parquet | ticker=INFY_TEST
[2026-07-22 12:52:09,361] INFO    - [indicators:289 ] - Computing technical indicators across all categories...
[2026-07-22 12:52:09,479] INFO    - [indicators:305 ] - Successfully computed 53 indicator columns.
[2026-07-22 12:52:09,480] INFO    - [candlestick:169] - Computing price action returns and candlestick patterns...
[2026-07-22 12:52:09,511] INFO    - [candlestick:184] - Successfully computed 15 price action / pattern columns.
[2026-07-22 12:52:09,519] INFO    - [market_downloader:28] - Market index cache miss for ^NSEI. Downloading... | ticker=^NSEI
[2026-07-22 12:52:09,523] INFO    - [cache:126      ] - Cached data saved for ticker ^NSEI | ticker=^NSEI
[2026-07-22 12:52:09,529] INFO    - [cache:103      ] - Cache HIT for ticker ^NSEI | ticker=^NSEI
[2026-07-22 12:52:09,591] INFO    - [chart_data:31  ] - Constructing client visualization payload...
[2026-07-22 12:52:09,596] INFO    - [vix_analysis:42] - India VIX: 11.80 (Percentile: 66.7%, Regime: Low)
[2026-07-22 12:52:09,597] INFO    - [vix_analysis:42] - India VIX: 14.80 (Percentile: 66.7%, Regime: Normal)
[2026-07-22 12:52:09,598] INFO    - [vix_analysis:42] - India VIX: 22.00 (Percentile: 100.0%, Regime: Elevated)
[2026-07-22 12:52:09,599] INFO    - [vix_analysis:42] - India VIX: 29.50 (Percentile: 66.7%, Regime: Extreme)
[2026-07-22 12:52:09,615] INFO    - [chart_data:31  ] - Constructing client visualization payload...
[2026-07-22 12:55:07,907] INFO    - [analysis:60    ] - Auto-appended .NS suffix to ticker: RELIANCE -> RELIANCE.NS | ticker=RELIANCE.NS
[2026-07-22 12:55:07,943] INFO    - [feature_store:40] - Successfully loaded 79 features for RELIANCE.NS | ticker=RELIANCE.NS
[2026-07-22 12:55:08,004] INFO    - [feature_store:118] - Saved Feature Store for RELIANCE.NS to storage/features\RELIANCE_NS.parquet | ticker=RELIANCE.NS
[2026-07-22 12:55:08,005] INFO    - [indicators:289 ] - Computing technical indicators across all categories...
[2026-07-22 12:55:08,079] INFO    - [indicators:305 ] - Successfully computed 59 indicator columns.
[2026-07-22 12:55:08,096] INFO    - [feature_store:40] - Successfully loaded 79 features for RELIANCE.NS | ticker=RELIANCE.NS
[2026-07-22 12:55:08,114] INFO    - [feature_store:118] - Saved Feature Store for RELIANCE.NS to storage/features\RELIANCE_NS.parquet | ticker=RELIANCE.NS
[2026-07-22 12:55:08,115] INFO    - [candlestick:169] - Computing price action returns and candlestick patterns...
[2026-07-22 12:55:08,162] INFO    - [candlestick:184] - Successfully computed 15 price action / pattern columns.
[2026-07-22 12:55:08,169] INFO    - [feature_store:40] - Successfully loaded 79 features for RELIANCE.NS | ticker=RELIANCE.NS
[2026-07-22 12:55:08,186] INFO    - [feature_store:118] - Saved Feature Store for RELIANCE.NS to storage/features\RELIANCE_NS.parquet | ticker=RELIANCE.NS
[2026-07-22 12:55:08,202] INFO    - [vix_analysis:42] - India VIX: 15.00 (Percentile: 100.0%, Regime: Normal)
[2026-07-22 12:55:08,209] INFO    - [chart_data:31  ] - Constructing client visualization payload...
[2026-07-22 12:55:08,244] INFO    - [analysis:204   ] - Completed deterministic analysis for RELIANCE.NS in 334.4ms | ticker=RELIANCE.NS execution_time=334.38ms
[2026-07-22 12:55:08,272] INFO    - [feature_store:40] - Successfully loaded 79 features for TCS.NS | ticker=TCS.NS
[2026-07-22 12:55:08,294] INFO    - [feature_store:118] - Saved Feature Store for TCS.NS to storage/features\TCS_NS.parquet | ticker=TCS.NS
[2026-07-22 12:55:08,295] INFO    - [indicators:289 ] - Computing technical indicators across all categories...
[2026-07-22 12:55:08,363] INFO    - [indicators:305 ] - Successfully computed 59 indicator columns.
[2026-07-22 12:55:08,370] INFO    - [feature_store:40] - Successfully loaded 79 features for TCS.NS | ticker=TCS.NS
[2026-07-22 12:55:08,388] INFO    - [feature_store:118] - Saved Feature Store for TCS.NS to storage/features\TCS_NS.parquet | ticker=TCS.NS
[2026-07-22 12:55:08,389] INFO    - [candlestick:169] - Computing price action returns and candlestick patterns...
[2026-07-22 12:55:08,436] INFO    - [candlestick:184] - Successfully computed 15 price action / pattern columns.
[2026-07-22 12:55:08,444] INFO    - [feature_store:40] - Successfully loaded 79 features for TCS.NS | ticker=TCS.NS
[2026-07-22 12:55:08,460] INFO    - [feature_store:118] - Saved Feature Store for TCS.NS to storage/features\TCS_NS.parquet | ticker=TCS.NS
[2026-07-22 12:55:08,476] INFO    - [vix_analysis:42] - India VIX: 15.00 (Percentile: 100.0%, Regime: Normal)
[2026-07-22 12:55:08,482] INFO    - [chart_data:31  ] - Constructing client visualization payload...
[2026-07-22 12:55:08,517] INFO    - [analysis:204   ] - Completed deterministic analysis for TCS.NS in 251.3ms | ticker=TCS.NS execution_time=251.29ms
[2026-07-22 12:55:08,532] INFO    - [analysis:60    ] - Auto-appended .NS suffix to ticker: INV@LID -> INV@LID.NS | ticker=INV@LID.NS
[2026-07-22 12:55:08,533] ERROR   - [exceptions:44  ] - API Exception on /analyze/INV@LID: Invalid ticker symbol format: 'INV@LID'
[2026-07-22 12:55:08,542] INFO    - [analysis:60    ] - Auto-appended .NS suffix to ticker: INVALID_TICKER -> INVALID_TICKER.NS | ticker=INVALID_TICKER.NS
[2026-07-22 12:55:08,543] ERROR   - [exceptions:44  ] - API Exception on /analyze/INVALID_TICKER: Ticker symbol 'INVALID_TICKER.NS' not found on Yahoo Finance.
[2026-07-22 12:55:08,563] INFO    - [feature_store:40] - Successfully loaded 79 features for RELIANCE.NS | ticker=RELIANCE.NS
[2026-07-22 12:55:08,580] INFO    - [feature_store:118] - Saved Feature Store for RELIANCE.NS to storage/features\RELIANCE_NS.parquet | ticker=RELIANCE.NS
[2026-07-22 12:55:08,581] INFO    - [indicators:289 ] - Computing technical indicators across all categories...
[2026-07-22 12:55:08,648] INFO    - [indicators:305 ] - Successfully computed 59 indicator columns.
[2026-07-22 12:55:08,656] INFO    - [feature_store:40] - Successfully loaded 79 features for RELIANCE.NS | ticker=RELIANCE.NS
[2026-07-22 12:55:08,675] INFO    - [feature_store:118] - Saved Feature Store for RELIANCE.NS to storage/features\RELIANCE_NS.parquet | ticker=RELIANCE.NS
[2026-07-22 12:55:08,676] INFO    - [candlestick:169] - Computing price action returns and candlestick patterns...
[2026-07-22 12:55:08,723] INFO    - [candlestick:184] - Successfully computed 15 price action / pattern columns.
[2026-07-22 12:55:08,731] INFO    - [feature_store:40] - Successfully loaded 79 features for RELIANCE.NS | ticker=RELIANCE.NS
[2026-07-22 12:55:08,747] INFO    - [feature_store:118] - Saved Feature Store for RELIANCE.NS to storage/features\RELIANCE_NS.parquet | ticker=RELIANCE.NS
[2026-07-22 12:55:08,764] INFO    - [vix_analysis:42] - India VIX: 15.00 (Percentile: 100.0%, Regime: Normal)
[2026-07-22 12:55:08,772] INFO    - [chart_data:31  ] - Constructing client visualization payload...
[2026-07-22 12:55:08,806] INFO    - [analysis:204   ] - Completed deterministic analysis for RELIANCE.NS in 251.1ms | ticker=RELIANCE.NS execution_time=251.10ms
[2026-07-22 12:55:08,814] INFO    - [feature_store:40] - Successfully loaded 79 features for TCS.NS | ticker=TCS.NS
[2026-07-22 12:55:08,831] INFO    - [feature_store:118] - Saved Feature Store for TCS.NS to storage/features\TCS_NS.parquet | ticker=TCS.NS
[2026-07-22 12:55:08,832] INFO    - [indicators:289 ] - Computing technical indicators across all categories...
[2026-07-22 12:55:08,900] INFO    - [indicators:305 ] - Successfully computed 59 indicator columns.
[2026-07-22 12:55:08,907] INFO    - [feature_store:40] - Successfully loaded 79 features for TCS.NS | ticker=TCS.NS
[2026-07-22 12:55:08,925] INFO    - [feature_store:118] - Saved Feature Store for TCS.NS to storage/features\TCS_NS.parquet | ticker=TCS.NS
[2026-07-22 12:55:08,926] INFO    - [candlestick:169] - Computing price action returns and candlestick patterns...
[2026-07-22 12:55:08,971] INFO    - [candlestick:184] - Successfully computed 15 price action / pattern columns.
[2026-07-22 12:55:08,980] INFO    - [feature_store:40] - Successfully loaded 79 features for TCS.NS | ticker=TCS.NS
[2026-07-22 12:55:08,996] INFO    - [feature_store:118] - Saved Feature Store for TCS.NS to storage/features\TCS_NS.parquet | ticker=TCS.NS
[2026-07-22 12:55:09,013] INFO    - [vix_analysis:42] - India VIX: 15.00 (Percentile: 100.0%, Regime: Normal)
[2026-07-22 12:55:09,020] INFO    - [chart_data:31  ] - Constructing client visualization payload...
[2026-07-22 12:55:09,056] INFO    - [analysis:204   ] - Completed deterministic analysis for TCS.NS in 248.6ms | ticker=TCS.NS execution_time=248.57ms
[2026-07-22 12:55:09,076] ERROR   - [exceptions:44  ] - API Exception on /analyze: Maximum batch size exceeded. Please request at most 5 tickers at a time.
[2026-07-22 12:55:09,085] INFO    - [cache:126      ] - Cached data saved for ticker TEST_STOCK | ticker=TEST_STOCK
[2026-07-22 12:55:09,089] INFO    - [cache:103      ] - Cache HIT for ticker TEST_STOCK | ticker=TEST_STOCK
[2026-07-22 12:55:09,098] INFO    - [cache:126      ] - Cached data saved for ticker TEST_VALIDITY | ticker=TEST_VALIDITY
[2026-07-22 12:55:09,120] INFO    - [downloader:73  ] - Successfully cleaned and validated data for TEST_TICKER. Rows: 4 | ticker=TEST_TICKER
[2026-07-22 12:55:09,124] INFO    - [downloader:86  ] - Downloading ticker data from yfinance: RELIANCE.NS (Years: 2) | ticker=RELIANCE.NS
[2026-07-22 12:55:09,128] INFO    - [downloader:73  ] - Successfully cleaned and validated data for RELIANCE.NS. Rows: 3 | ticker=RELIANCE.NS
[2026-07-22 12:55:09,146] INFO    - [feature_store:118] - Saved Feature Store for RELIANCE_TEST to storage/test_features\RELIANCE_TEST.parquet | ticker=RELIANCE_TEST
[2026-07-22 12:55:09,150] INFO    - [feature_store:40] - Successfully loaded 2 features for RELIANCE_TEST | ticker=RELIANCE_TEST
[2026-07-22 12:55:09,155] INFO    - [feature_store:35] - No features Parquet file found for INFY_TEST at storage/test_features\INFY_TEST.parquet | ticker=INFY_TEST
[2026-07-22 12:55:09,155] INFO    - [feature_store:132] - Initializing new Feature Store for INFY_TEST during raw_ohlc | ticker=INFY_TEST
[2026-07-22 12:55:09,157] INFO    - [feature_store:118] - Saved Feature Store for INFY_TEST to storage/test_features\INFY_TEST.parquet | ticker=INFY_TEST
[2026-07-22 12:55:09,161] INFO    - [feature_store:40] - Successfully loaded 2 features for INFY_TEST | ticker=INFY_TEST
[2026-07-22 12:55:09,165] INFO    - [feature_store:118] - Saved Feature Store for INFY_TEST to storage/test_features\INFY_TEST.parquet | ticker=INFY_TEST
[2026-07-22 12:55:09,211] INFO    - [indicators:289 ] - Computing technical indicators across all categories...
[2026-07-22 12:55:09,281] INFO    - [indicators:305 ] - Successfully computed 53 indicator columns.
[2026-07-22 12:55:09,281] INFO    - [candlestick:169] - Computing price action returns and candlestick patterns...
[2026-07-22 12:55:09,309] INFO    - [candlestick:184] - Successfully computed 15 price action / pattern columns.
[2026-07-22 12:55:09,314] INFO    - [market_downloader:28] - Market index cache miss for ^NSEI. Downloading... | ticker=^NSEI
[2026-07-22 12:55:09,317] INFO    - [cache:126      ] - Cached data saved for ticker ^NSEI | ticker=^NSEI
[2026-07-22 12:55:09,320] INFO    - [cache:103      ] - Cache HIT for ticker ^NSEI | ticker=^NSEI
[2026-07-22 12:55:09,361] INFO    - [chart_data:31  ] - Constructing client visualization payload...
[2026-07-22 12:55:09,366] INFO    - [vix_analysis:42] - India VIX: 11.80 (Percentile: 66.7%, Regime: Low)
[2026-07-22 12:55:09,367] INFO    - [vix_analysis:42] - India VIX: 14.80 (Percentile: 66.7%, Regime: Normal)
[2026-07-22 12:55:09,369] INFO    - [vix_analysis:42] - India VIX: 22.00 (Percentile: 100.0%, Regime: Elevated)
[2026-07-22 12:55:09,370] INFO    - [vix_analysis:42] - India VIX: 29.50 (Percentile: 66.7%, Regime: Extreme)
[2026-07-22 12:55:09,387] INFO    - [chart_data:31  ] - Constructing client visualization payload...
[2026-07-22 13:14:43,769] INFO    - [analysis:60    ] - Auto-appended .NS suffix to ticker: RELIANCE -> RELIANCE.NS | ticker=RELIANCE.NS
[2026-07-22 13:14:43,816] INFO    - [feature_store:40] - Successfully loaded 79 features for RELIANCE.NS | ticker=RELIANCE.NS
[2026-07-22 13:14:43,888] INFO    - [feature_store:118] - Saved Feature Store for RELIANCE.NS to storage/features\RELIANCE_NS.parquet | ticker=RELIANCE.NS
[2026-07-22 13:14:43,889] INFO    - [indicators:289 ] - Computing technical indicators across all categories...
[2026-07-22 13:14:43,975] INFO    - [indicators:305 ] - Successfully computed 59 indicator columns.
[2026-07-22 13:14:44,022] INFO    - [feature_store:40] - Successfully loaded 79 features for RELIANCE.NS | ticker=RELIANCE.NS
[2026-07-22 13:14:44,055] INFO    - [feature_store:118] - Saved Feature Store for RELIANCE.NS to storage/features\RELIANCE_NS.parquet | ticker=RELIANCE.NS
[2026-07-22 13:14:44,056] INFO    - [candlestick:169] - Computing price action returns and candlestick patterns...
[2026-07-22 13:14:44,128] INFO    - [candlestick:184] - Successfully computed 15 price action / pattern columns.
[2026-07-22 13:14:44,138] INFO    - [feature_store:40] - Successfully loaded 79 features for RELIANCE.NS | ticker=RELIANCE.NS
[2026-07-22 13:14:44,162] INFO    - [feature_store:118] - Saved Feature Store for RELIANCE.NS to storage/features\RELIANCE_NS.parquet | ticker=RELIANCE.NS
[2026-07-22 13:14:44,185] INFO    - [vix_analysis:42] - India VIX: 15.00 (Percentile: 100.0%, Regime: Normal)
[2026-07-22 13:14:44,197] INFO    - [chart_data:31  ] - Constructing client visualization payload...
[2026-07-22 13:14:44,246] INFO    - [analysis:204   ] - Completed deterministic analysis for RELIANCE.NS in 474.7ms | ticker=RELIANCE.NS execution_time=474.70ms
[2026-07-22 13:14:44,282] INFO    - [feature_store:40] - Successfully loaded 79 features for TCS.NS | ticker=TCS.NS
[2026-07-22 13:14:44,324] INFO    - [feature_store:118] - Saved Feature Store for TCS.NS to storage/features\TCS_NS.parquet | ticker=TCS.NS
[2026-07-22 13:14:44,326] INFO    - [indicators:289 ] - Computing technical indicators across all categories...
[2026-07-22 13:14:44,443] INFO    - [indicators:305 ] - Successfully computed 59 indicator columns.
[2026-07-22 13:14:44,455] INFO    - [feature_store:40] - Successfully loaded 79 features for TCS.NS | ticker=TCS.NS
[2026-07-22 13:14:44,485] INFO    - [feature_store:118] - Saved Feature Store for TCS.NS to storage/features\TCS_NS.parquet | ticker=TCS.NS
[2026-07-22 13:14:44,488] INFO    - [candlestick:169] - Computing price action returns and candlestick patterns...
[2026-07-22 13:14:44,568] INFO    - [candlestick:184] - Successfully computed 15 price action / pattern columns.
[2026-07-22 13:14:44,577] INFO    - [feature_store:40] - Successfully loaded 79 features for TCS.NS | ticker=TCS.NS
[2026-07-22 13:14:44,602] INFO    - [feature_store:118] - Saved Feature Store for TCS.NS to storage/features\TCS_NS.parquet | ticker=TCS.NS
[2026-07-22 13:14:44,621] INFO    - [vix_analysis:42] - India VIX: 15.00 (Percentile: 100.0%, Regime: Normal)
[2026-07-22 13:14:44,630] INFO    - [chart_data:31  ] - Constructing client visualization payload...
[2026-07-22 13:14:44,673] INFO    - [analysis:204   ] - Completed deterministic analysis for TCS.NS in 401.4ms | ticker=TCS.NS execution_time=401.45ms
[2026-07-22 13:14:44,691] INFO    - [analysis:60    ] - Auto-appended .NS suffix to ticker: INV@LID -> INV@LID.NS | ticker=INV@LID.NS
[2026-07-22 13:14:44,691] ERROR   - [exceptions:44  ] - API Exception on /analyze/INV@LID: Invalid ticker symbol format: 'INV@LID'
[2026-07-22 13:14:44,702] INFO    - [analysis:60    ] - Auto-appended .NS suffix to ticker: INVALID_TICKER -> INVALID_TICKER.NS | ticker=INVALID_TICKER.NS
[2026-07-22 13:14:44,704] ERROR   - [exceptions:44  ] - API Exception on /analyze/INVALID_TICKER: Ticker symbol 'INVALID_TICKER.NS' not found on Yahoo Finance.
[2026-07-22 13:14:44,730] INFO    - [feature_store:40] - Successfully loaded 79 features for RELIANCE.NS | ticker=RELIANCE.NS
[2026-07-22 13:14:44,757] INFO    - [feature_store:118] - Saved Feature Store for RELIANCE.NS to storage/features\RELIANCE_NS.parquet | ticker=RELIANCE.NS
[2026-07-22 13:14:44,758] INFO    - [indicators:289 ] - Computing technical indicators across all categories...
[2026-07-22 13:14:44,864] INFO    - [indicators:305 ] - Successfully computed 59 indicator columns.
[2026-07-22 13:14:44,874] INFO    - [feature_store:40] - Successfully loaded 79 features for RELIANCE.NS | ticker=RELIANCE.NS
[2026-07-22 13:14:44,902] INFO    - [feature_store:118] - Saved Feature Store for RELIANCE.NS to storage/features\RELIANCE_NS.parquet | ticker=RELIANCE.NS
[2026-07-22 13:14:44,904] INFO    - [candlestick:169] - Computing price action returns and candlestick patterns...
[2026-07-22 13:14:44,961] INFO    - [candlestick:184] - Successfully computed 15 price action / pattern columns.
[2026-07-22 13:14:44,969] INFO    - [feature_store:40] - Successfully loaded 79 features for RELIANCE.NS | ticker=RELIANCE.NS
[2026-07-22 13:14:44,995] INFO    - [feature_store:118] - Saved Feature Store for RELIANCE.NS to storage/features\RELIANCE_NS.parquet | ticker=RELIANCE.NS
[2026-07-22 13:14:45,020] INFO    - [vix_analysis:42] - India VIX: 15.00 (Percentile: 100.0%, Regime: Normal)
[2026-07-22 13:14:45,035] INFO    - [chart_data:31  ] - Constructing client visualization payload...
[2026-07-22 13:14:45,092] INFO    - [analysis:204   ] - Completed deterministic analysis for RELIANCE.NS in 373.3ms | ticker=RELIANCE.NS execution_time=373.31ms
[2026-07-22 13:14:45,104] INFO    - [feature_store:40] - Successfully loaded 79 features for TCS.NS | ticker=TCS.NS
[2026-07-22 13:14:45,129] INFO    - [feature_store:118] - Saved Feature Store for TCS.NS to storage/features\TCS_NS.parquet | ticker=TCS.NS
[2026-07-22 13:14:45,130] INFO    - [indicators:289 ] - Computing technical indicators across all categories...
[2026-07-22 13:14:45,217] INFO    - [indicators:305 ] - Successfully computed 59 indicator columns.
[2026-07-22 13:14:45,227] INFO    - [feature_store:40] - Successfully loaded 79 features for TCS.NS | ticker=TCS.NS
[2026-07-22 13:14:45,246] INFO    - [feature_store:118] - Saved Feature Store for TCS.NS to storage/features\TCS_NS.parquet | ticker=TCS.NS
[2026-07-22 13:14:45,248] INFO    - [candlestick:169] - Computing price action returns and candlestick patterns...
[2026-07-22 13:14:45,310] INFO    - [candlestick:184] - Successfully computed 15 price action / pattern columns.
[2026-07-22 13:14:45,318] INFO    - [feature_store:40] - Successfully loaded 79 features for TCS.NS | ticker=TCS.NS
[2026-07-22 13:14:45,382] INFO    - [feature_store:118] - Saved Feature Store for TCS.NS to storage/features\TCS_NS.parquet | ticker=TCS.NS
[2026-07-22 13:14:45,413] INFO    - [vix_analysis:42] - India VIX: 15.00 (Percentile: 100.0%, Regime: Normal)
[2026-07-22 13:14:45,431] INFO    - [chart_data:31  ] - Constructing client visualization payload...
[2026-07-22 13:14:45,484] INFO    - [analysis:204   ] - Completed deterministic analysis for TCS.NS in 389.3ms | ticker=TCS.NS execution_time=389.30ms
[2026-07-22 13:14:45,526] ERROR   - [exceptions:44  ] - API Exception on /analyze: Maximum batch size exceeded. Please request at most 5 tickers at a time.
[2026-07-22 13:14:45,542] INFO    - [cache:126      ] - Cached data saved for ticker TEST_STOCK | ticker=TEST_STOCK
[2026-07-22 13:14:45,548] INFO    - [cache:103      ] - Cache HIT for ticker TEST_STOCK | ticker=TEST_STOCK
[2026-07-22 13:14:45,562] INFO    - [cache:126      ] - Cached data saved for ticker TEST_VALIDITY | ticker=TEST_VALIDITY
[2026-07-22 13:14:45,594] INFO    - [downloader:73  ] - Successfully cleaned and validated data for TEST_TICKER. Rows: 4 | ticker=TEST_TICKER
[2026-07-22 13:14:45,599] INFO    - [downloader:86  ] - Downloading ticker data from yfinance: RELIANCE.NS (Years: 2) | ticker=RELIANCE.NS
[2026-07-22 13:14:45,609] INFO    - [downloader:73  ] - Successfully cleaned and validated data for RELIANCE.NS. Rows: 3 | ticker=RELIANCE.NS
[2026-07-22 13:14:45,621] INFO    - [feature_store:118] - Saved Feature Store for RELIANCE_TEST to storage/test_features\RELIANCE_TEST.parquet | ticker=RELIANCE_TEST
[2026-07-22 13:14:45,629] INFO    - [feature_store:40] - Successfully loaded 2 features for RELIANCE_TEST | ticker=RELIANCE_TEST
[2026-07-22 13:14:45,638] INFO    - [feature_store:35] - No features Parquet file found for INFY_TEST at storage/test_features\INFY_TEST.parquet | ticker=INFY_TEST
[2026-07-22 13:14:45,640] INFO    - [feature_store:132] - Initializing new Feature Store for INFY_TEST during raw_ohlc | ticker=INFY_TEST
[2026-07-22 13:14:45,643] INFO    - [feature_store:118] - Saved Feature Store for INFY_TEST to storage/test_features\INFY_TEST.parquet | ticker=INFY_TEST
[2026-07-22 13:14:45,649] INFO    - [feature_store:40] - Successfully loaded 2 features for INFY_TEST | ticker=INFY_TEST
[2026-07-22 13:14:45,656] INFO    - [feature_store:118] - Saved Feature Store for INFY_TEST to storage/test_features\INFY_TEST.parquet | ticker=INFY_TEST
[2026-07-22 13:14:45,730] INFO    - [indicators:289 ] - Computing technical indicators across all categories...
[2026-07-22 13:14:45,809] INFO    - [indicators:305 ] - Successfully computed 53 indicator columns.
[2026-07-22 13:14:45,810] INFO    - [candlestick:169] - Computing price action returns and candlestick patterns...
[2026-07-22 13:14:45,833] INFO    - [candlestick:184] - Successfully computed 15 price action / pattern columns.
[2026-07-22 13:14:45,840] INFO    - [market_downloader:28] - Market index cache miss for ^NSEI. Downloading... | ticker=^NSEI
[2026-07-22 13:14:45,843] INFO    - [cache:126      ] - Cached data saved for ticker ^NSEI | ticker=^NSEI
[2026-07-22 13:14:45,847] INFO    - [cache:103      ] - Cache HIT for ticker ^NSEI | ticker=^NSEI
[2026-07-22 13:14:45,893] INFO    - [chart_data:31  ] - Constructing client visualization payload...
[2026-07-22 13:14:45,897] INFO    - [vix_analysis:42] - India VIX: 11.80 (Percentile: 66.7%, Regime: Low)
[2026-07-22 13:14:45,899] INFO    - [vix_analysis:42] - India VIX: 14.80 (Percentile: 66.7%, Regime: Normal)
[2026-07-22 13:14:45,899] INFO    - [vix_analysis:42] - India VIX: 22.00 (Percentile: 100.0%, Regime: Elevated)
[2026-07-22 13:14:45,900] INFO    - [vix_analysis:42] - India VIX: 29.50 (Percentile: 66.7%, Regime: Extreme)
[2026-07-22 13:14:45,918] INFO    - [chart_data:31  ] - Constructing client visualization payload...
[2026-07-22 13:23:07,515] INFO    - [analysis:60    ] - Auto-appended .NS suffix to ticker: RELIANCE -> RELIANCE.NS | ticker=RELIANCE.NS
[2026-07-22 13:23:07,599] INFO    - [feature_store:40] - Successfully loaded 79 features for RELIANCE.NS | ticker=RELIANCE.NS
[2026-07-22 13:23:07,682] INFO    - [feature_store:118] - Saved Feature Store for RELIANCE.NS to storage/features\RELIANCE_NS.parquet | ticker=RELIANCE.NS
[2026-07-22 13:23:07,683] INFO    - [indicators:289 ] - Computing technical indicators across all categories...
[2026-07-22 13:23:07,791] INFO    - [indicators:305 ] - Successfully computed 59 indicator columns.
[2026-07-22 13:23:07,801] INFO    - [feature_store:40] - Successfully loaded 79 features for RELIANCE.NS | ticker=RELIANCE.NS
[2026-07-22 13:23:07,835] INFO    - [feature_store:118] - Saved Feature Store for RELIANCE.NS to storage/features\RELIANCE_NS.parquet | ticker=RELIANCE.NS
[2026-07-22 13:23:07,835] INFO    - [candlestick:169] - Computing price action returns and candlestick patterns...
[2026-07-22 13:23:07,984] INFO    - [candlestick:184] - Successfully computed 15 price action / pattern columns.
[2026-07-22 13:23:08,012] INFO    - [feature_store:40] - Successfully loaded 79 features for RELIANCE.NS | ticker=RELIANCE.NS
[2026-07-22 13:23:08,076] INFO    - [feature_store:118] - Saved Feature Store for RELIANCE.NS to storage/features\RELIANCE_NS.parquet | ticker=RELIANCE.NS
[2026-07-22 13:23:08,108] INFO    - [vix_analysis:42] - India VIX: 15.00 (Percentile: 100.0%, Regime: Normal)
[2026-07-22 13:23:08,120] INFO    - [chart_data:31  ] - Constructing client visualization payload...
[2026-07-22 13:23:08,174] INFO    - [analysis:204   ] - Completed deterministic analysis for RELIANCE.NS in 655.5ms | ticker=RELIANCE.NS execution_time=655.55ms
[2026-07-22 13:23:08,220] INFO    - [feature_store:40] - Successfully loaded 79 features for TCS.NS | ticker=TCS.NS
[2026-07-22 13:23:08,243] INFO    - [feature_store:118] - Saved Feature Store for TCS.NS to storage/features\TCS_NS.parquet | ticker=TCS.NS
[2026-07-22 13:23:08,245] INFO    - [indicators:289 ] - Computing technical indicators across all categories...
[2026-07-22 13:23:08,338] INFO    - [indicators:305 ] - Successfully computed 59 indicator columns.
[2026-07-22 13:23:08,348] INFO    - [feature_store:40] - Successfully loaded 79 features for TCS.NS | ticker=TCS.NS
[2026-07-22 13:23:08,369] INFO    - [feature_store:118] - Saved Feature Store for TCS.NS to storage/features\TCS_NS.parquet | ticker=TCS.NS
[2026-07-22 13:23:08,370] INFO    - [candlestick:169] - Computing price action returns and candlestick patterns...
[2026-07-22 13:23:08,438] INFO    - [candlestick:184] - Successfully computed 15 price action / pattern columns.
[2026-07-22 13:23:08,448] INFO    - [feature_store:40] - Successfully loaded 79 features for TCS.NS | ticker=TCS.NS
[2026-07-22 13:23:08,469] INFO    - [feature_store:118] - Saved Feature Store for TCS.NS to storage/features\TCS_NS.parquet | ticker=TCS.NS
[2026-07-22 13:23:08,489] INFO    - [vix_analysis:42] - India VIX: 15.00 (Percentile: 100.0%, Regime: Normal)
[2026-07-22 13:23:08,535] INFO    - [chart_data:31  ] - Constructing client visualization payload...
[2026-07-22 13:23:08,579] INFO    - [analysis:204   ] - Completed deterministic analysis for TCS.NS in 373.1ms | ticker=TCS.NS execution_time=373.06ms
[2026-07-22 13:23:08,599] INFO    - [analysis:60    ] - Auto-appended .NS suffix to ticker: INV@LID -> INV@LID.NS | ticker=INV@LID.NS
[2026-07-22 13:23:08,601] ERROR   - [exceptions:44  ] - API Exception on /analyze/INV@LID: Invalid ticker symbol format: 'INV@LID'
[2026-07-22 13:23:08,612] INFO    - [analysis:60    ] - Auto-appended .NS suffix to ticker: INVALID_TICKER -> INVALID_TICKER.NS | ticker=INVALID_TICKER.NS
[2026-07-22 13:23:08,613] ERROR   - [exceptions:44  ] - API Exception on /analyze/INVALID_TICKER: Ticker symbol 'INVALID_TICKER.NS' not found on Yahoo Finance.
[2026-07-22 13:23:08,640] INFO    - [feature_store:40] - Successfully loaded 79 features for RELIANCE.NS | ticker=RELIANCE.NS
[2026-07-22 13:23:08,667] INFO    - [feature_store:118] - Saved Feature Store for RELIANCE.NS to storage/features\RELIANCE_NS.parquet | ticker=RELIANCE.NS
[2026-07-22 13:23:08,668] INFO    - [indicators:289 ] - Computing technical indicators across all categories...
[2026-07-22 13:23:08,788] INFO    - [indicators:305 ] - Successfully computed 59 indicator columns.
[2026-07-22 13:23:08,799] INFO    - [feature_store:40] - Successfully loaded 79 features for RELIANCE.NS | ticker=RELIANCE.NS
[2026-07-22 13:23:08,823] INFO    - [feature_store:118] - Saved Feature Store for RELIANCE.NS to storage/features\RELIANCE_NS.parquet | ticker=RELIANCE.NS
[2026-07-22 13:23:08,824] INFO    - [candlestick:169] - Computing price action returns and candlestick patterns...
[2026-07-22 13:23:08,885] INFO    - [candlestick:184] - Successfully computed 15 price action / pattern columns.
[2026-07-22 13:23:08,893] INFO    - [feature_store:40] - Successfully loaded 79 features for RELIANCE.NS | ticker=RELIANCE.NS
[2026-07-22 13:23:08,914] INFO    - [feature_store:118] - Saved Feature Store for RELIANCE.NS to storage/features\RELIANCE_NS.parquet | ticker=RELIANCE.NS
[2026-07-22 13:23:08,980] INFO    - [vix_analysis:42] - India VIX: 15.00 (Percentile: 100.0%, Regime: Normal)
[2026-07-22 13:23:08,987] INFO    - [chart_data:31  ] - Constructing client visualization payload...
[2026-07-22 13:23:09,044] INFO    - [analysis:204   ] - Completed deterministic analysis for RELIANCE.NS in 414.9ms | ticker=RELIANCE.NS execution_time=414.90ms
[2026-07-22 13:23:09,057] INFO    - [feature_store:40] - Successfully loaded 79 features for TCS.NS | ticker=TCS.NS
[2026-07-22 13:23:09,081] INFO    - [feature_store:118] - Saved Feature Store for TCS.NS to storage/features\TCS_NS.parquet | ticker=TCS.NS
[2026-07-22 13:23:09,082] INFO    - [indicators:289 ] - Computing technical indicators across all categories...
[2026-07-22 13:23:09,242] INFO    - [indicators:305 ] - Successfully computed 59 indicator columns.
[2026-07-22 13:23:09,290] INFO    - [feature_store:40] - Successfully loaded 79 features for TCS.NS | ticker=TCS.NS
[2026-07-22 13:23:09,333] INFO    - [feature_store:118] - Saved Feature Store for TCS.NS to storage/features\TCS_NS.parquet | ticker=TCS.NS
[2026-07-22 13:23:09,336] INFO    - [candlestick:169] - Computing price action returns and candlestick patterns...
[2026-07-22 13:23:09,435] INFO    - [candlestick:184] - Successfully computed 15 price action / pattern columns.
[2026-07-22 13:23:09,447] INFO    - [feature_store:40] - Successfully loaded 79 features for TCS.NS | ticker=TCS.NS
[2026-07-22 13:23:09,511] INFO    - [feature_store:118] - Saved Feature Store for TCS.NS to storage/features\TCS_NS.parquet | ticker=TCS.NS
[2026-07-22 13:23:09,533] INFO    - [vix_analysis:42] - India VIX: 15.00 (Percentile: 100.0%, Regime: Normal)
[2026-07-22 13:23:09,546] INFO    - [chart_data:31  ] - Constructing client visualization payload...
[2026-07-22 13:23:09,590] INFO    - [analysis:204   ] - Completed deterministic analysis for TCS.NS in 543.8ms | ticker=TCS.NS execution_time=543.78ms
[2026-07-22 13:23:09,616] ERROR   - [exceptions:44  ] - API Exception on /analyze: Maximum batch size exceeded. Please request at most 5 tickers at a time.
[2026-07-22 13:23:09,628] INFO    - [cache:126      ] - Cached data saved for ticker TEST_STOCK | ticker=TEST_STOCK
[2026-07-22 13:23:09,636] INFO    - [cache:103      ] - Cache HIT for ticker TEST_STOCK | ticker=TEST_STOCK
[2026-07-22 13:23:09,647] INFO    - [cache:126      ] - Cached data saved for ticker TEST_VALIDITY | ticker=TEST_VALIDITY
[2026-07-22 13:23:09,674] INFO    - [downloader:73  ] - Successfully cleaned and validated data for TEST_TICKER. Rows: 4 | ticker=TEST_TICKER
[2026-07-22 13:23:09,681] INFO    - [downloader:86  ] - Downloading ticker data from yfinance: RELIANCE.NS (Years: 2) | ticker=RELIANCE.NS
[2026-07-22 13:23:09,690] INFO    - [downloader:73  ] - Successfully cleaned and validated data for RELIANCE.NS. Rows: 3 | ticker=RELIANCE.NS
[2026-07-22 13:23:09,699] INFO    - [feature_store:118] - Saved Feature Store for RELIANCE_TEST to storage/test_features\RELIANCE_TEST.parquet | ticker=RELIANCE_TEST
[2026-07-22 13:23:09,703] INFO    - [feature_store:40] - Successfully loaded 2 features for RELIANCE_TEST | ticker=RELIANCE_TEST
[2026-07-22 13:23:09,711] INFO    - [feature_store:35] - No features Parquet file found for INFY_TEST at storage/test_features\INFY_TEST.parquet | ticker=INFY_TEST
[2026-07-22 13:23:09,712] INFO    - [feature_store:132] - Initializing new Feature Store for INFY_TEST during raw_ohlc | ticker=INFY_TEST
[2026-07-22 13:23:09,716] INFO    - [feature_store:118] - Saved Feature Store for INFY_TEST to storage/test_features\INFY_TEST.parquet | ticker=INFY_TEST
[2026-07-22 13:23:09,721] INFO    - [feature_store:40] - Successfully loaded 2 features for INFY_TEST | ticker=INFY_TEST
[2026-07-22 13:23:09,726] INFO    - [feature_store:118] - Saved Feature Store for INFY_TEST to storage/test_features\INFY_TEST.parquet | ticker=INFY_TEST
[2026-07-22 13:23:09,817] INFO    - [indicators:289 ] - Computing technical indicators across all categories...
[2026-07-22 13:23:09,918] INFO    - [indicators:305 ] - Successfully computed 53 indicator columns.
[2026-07-22 13:23:09,918] INFO    - [candlestick:169] - Computing price action returns and candlestick patterns...
[2026-07-22 13:23:09,952] INFO    - [candlestick:184] - Successfully computed 15 price action / pattern columns.
[2026-07-22 13:23:09,962] INFO    - [market_downloader:28] - Market index cache miss for ^NSEI. Downloading... | ticker=^NSEI
[2026-07-22 13:23:09,967] INFO    - [cache:126      ] - Cached data saved for ticker ^NSEI | ticker=^NSEI
[2026-07-22 13:23:09,973] INFO    - [cache:103      ] - Cache HIT for ticker ^NSEI | ticker=^NSEI
[2026-07-22 13:23:10,076] INFO    - [chart_data:31  ] - Constructing client visualization payload...
[2026-07-22 13:23:10,081] INFO    - [vix_analysis:42] - India VIX: 11.80 (Percentile: 66.7%, Regime: Low)
[2026-07-22 13:23:10,083] INFO    - [vix_analysis:42] - India VIX: 14.80 (Percentile: 66.7%, Regime: Normal)
[2026-07-22 13:23:10,083] INFO    - [vix_analysis:42] - India VIX: 22.00 (Percentile: 100.0%, Regime: Elevated)
[2026-07-22 13:23:10,085] INFO    - [vix_analysis:42] - India VIX: 29.50 (Percentile: 66.7%, Regime: Extreme)
[2026-07-22 13:23:10,108] INFO    - [chart_data:31  ] - Constructing client visualization payload...
[2026-07-22 15:22:15,575] INFO    - [analysis:60    ] - Auto-appended .NS suffix to ticker: RELIANCE -> RELIANCE.NS | ticker=RELIANCE.NS
[2026-07-22 15:22:15,726] INFO    - [feature_store:40] - Successfully loaded 79 features for RELIANCE.NS | ticker=RELIANCE.NS
[2026-07-22 15:22:15,931] INFO    - [feature_store:118] - Saved Feature Store for RELIANCE.NS to storage/features\RELIANCE_NS.parquet | ticker=RELIANCE.NS
[2026-07-22 15:22:15,936] INFO    - [indicators:289 ] - Computing technical indicators across all categories...
[2026-07-22 15:22:16,278] INFO    - [indicators:305 ] - Successfully computed 59 indicator columns.
[2026-07-22 15:22:16,302] INFO    - [feature_store:40] - Successfully loaded 79 features for RELIANCE.NS | ticker=RELIANCE.NS
[2026-07-22 15:22:16,378] INFO    - [feature_store:118] - Saved Feature Store for RELIANCE.NS to storage/features\RELIANCE_NS.parquet | ticker=RELIANCE.NS
[2026-07-22 15:22:16,379] INFO    - [candlestick:169] - Computing price action returns and candlestick patterns...
[2026-07-22 15:22:16,530] INFO    - [candlestick:184] - Successfully computed 15 price action / pattern columns.
[2026-07-22 15:22:16,537] INFO    - [feature_store:40] - Successfully loaded 79 features for RELIANCE.NS | ticker=RELIANCE.NS
[2026-07-22 15:22:16,560] INFO    - [feature_store:118] - Saved Feature Store for RELIANCE.NS to storage/features\RELIANCE_NS.parquet | ticker=RELIANCE.NS
[2026-07-22 15:22:16,590] INFO    - [vix_analysis:42] - India VIX: 15.00 (Percentile: 100.0%, Regime: Normal)
[2026-07-22 15:22:16,603] INFO    - [chart_data:31  ] - Constructing client visualization payload...
[2026-07-22 15:22:16,658] INFO    - [analysis:204   ] - Completed deterministic analysis for RELIANCE.NS in 1078.3ms | ticker=RELIANCE.NS execution_time=1078.28ms
[2026-07-22 15:22:16,696] INFO    - [feature_store:40] - Successfully loaded 79 features for TCS.NS | ticker=TCS.NS
[2026-07-22 15:22:16,731] INFO    - [feature_store:118] - Saved Feature Store for TCS.NS to storage/features\TCS_NS.parquet | ticker=TCS.NS
[2026-07-22 15:22:16,733] INFO    - [indicators:289 ] - Computing technical indicators across all categories...
[2026-07-22 15:22:16,849] INFO    - [indicators:305 ] - Successfully computed 59 indicator columns.
[2026-07-22 15:22:16,859] INFO    - [feature_store:40] - Successfully loaded 79 features for TCS.NS | ticker=TCS.NS
[2026-07-22 15:22:16,887] INFO    - [feature_store:118] - Saved Feature Store for TCS.NS to storage/features\TCS_NS.parquet | ticker=TCS.NS
[2026-07-22 15:22:16,889] INFO    - [candlestick:169] - Computing price action returns and candlestick patterns...
[2026-07-22 15:22:16,968] INFO    - [candlestick:184] - Successfully computed 15 price action / pattern columns.
[2026-07-22 15:22:16,976] INFO    - [feature_store:40] - Successfully loaded 79 features for TCS.NS | ticker=TCS.NS
[2026-07-22 15:22:17,002] INFO    - [feature_store:118] - Saved Feature Store for TCS.NS to storage/features\TCS_NS.parquet | ticker=TCS.NS
[2026-07-22 15:22:17,039] INFO    - [vix_analysis:42] - India VIX: 15.00 (Percentile: 100.0%, Regime: Normal)
[2026-07-22 15:22:17,050] INFO    - [chart_data:31  ] - Constructing client visualization payload...
[2026-07-22 15:22:17,107] INFO    - [analysis:204   ] - Completed deterministic analysis for TCS.NS in 422.1ms | ticker=TCS.NS execution_time=422.07ms
[2026-07-22 15:22:17,136] INFO    - [analysis:60    ] - Auto-appended .NS suffix to ticker: INV@LID -> INV@LID.NS | ticker=INV@LID.NS
[2026-07-22 15:22:17,137] ERROR   - [exceptions:44  ] - API Exception on /analyze/INV@LID: Invalid ticker symbol format: 'INV@LID'
[2026-07-22 15:22:17,152] INFO    - [analysis:60    ] - Auto-appended .NS suffix to ticker: INVALID_TICKER -> INVALID_TICKER.NS | ticker=INVALID_TICKER.NS
[2026-07-22 15:22:17,153] ERROR   - [exceptions:44  ] - API Exception on /analyze/INVALID_TICKER: Ticker symbol 'INVALID_TICKER.NS' not found on Yahoo Finance.
[2026-07-22 15:22:17,185] INFO    - [feature_store:40] - Successfully loaded 79 features for RELIANCE.NS | ticker=RELIANCE.NS
[2026-07-22 15:22:17,230] INFO    - [feature_store:118] - Saved Feature Store for RELIANCE.NS to storage/features\RELIANCE_NS.parquet | ticker=RELIANCE.NS
[2026-07-22 15:22:17,231] INFO    - [indicators:289 ] - Computing technical indicators across all categories...
[2026-07-22 15:22:17,351] INFO    - [indicators:305 ] - Successfully computed 59 indicator columns.
[2026-07-22 15:22:17,362] INFO    - [feature_store:40] - Successfully loaded 79 features for RELIANCE.NS | ticker=RELIANCE.NS
[2026-07-22 15:22:17,390] INFO    - [feature_store:118] - Saved Feature Store for RELIANCE.NS to storage/features\RELIANCE_NS.parquet | ticker=RELIANCE.NS
[2026-07-22 15:22:17,391] INFO    - [candlestick:169] - Computing price action returns and candlestick patterns...
[2026-07-22 15:22:17,455] INFO    - [candlestick:184] - Successfully computed 15 price action / pattern columns.
[2026-07-22 15:22:17,466] INFO    - [feature_store:40] - Successfully loaded 79 features for RELIANCE.NS | ticker=RELIANCE.NS
[2026-07-22 15:22:17,494] INFO    - [feature_store:118] - Saved Feature Store for RELIANCE.NS to storage/features\RELIANCE_NS.parquet | ticker=RELIANCE.NS
[2026-07-22 15:22:17,516] INFO    - [vix_analysis:42] - India VIX: 15.00 (Percentile: 100.0%, Regime: Normal)
[2026-07-22 15:22:17,528] INFO    - [chart_data:31  ] - Constructing client visualization payload...
[2026-07-22 15:22:17,592] INFO    - [analysis:204   ] - Completed deterministic analysis for RELIANCE.NS in 419.2ms | ticker=RELIANCE.NS execution_time=419.22ms
[2026-07-22 15:22:17,602] INFO    - [feature_store:40] - Successfully loaded 79 features for TCS.NS | ticker=TCS.NS
[2026-07-22 15:22:17,631] INFO    - [feature_store:118] - Saved Feature Store for TCS.NS to storage/features\TCS_NS.parquet | ticker=TCS.NS
[2026-07-22 15:22:17,632] INFO    - [indicators:289 ] - Computing technical indicators across all categories...
[2026-07-22 15:22:17,764] INFO    - [indicators:305 ] - Successfully computed 59 indicator columns.
[2026-07-22 15:22:17,775] INFO    - [feature_store:40] - Successfully loaded 79 features for TCS.NS | ticker=TCS.NS
[2026-07-22 15:22:17,808] INFO    - [feature_store:118] - Saved Feature Store for TCS.NS to storage/features\TCS_NS.parquet | ticker=TCS.NS
[2026-07-22 15:22:17,809] INFO    - [candlestick:169] - Computing price action returns and candlestick patterns...
[2026-07-22 15:22:17,879] INFO    - [candlestick:184] - Successfully computed 15 price action / pattern columns.
[2026-07-22 15:22:17,887] INFO    - [feature_store:40] - Successfully loaded 79 features for TCS.NS | ticker=TCS.NS
[2026-07-22 15:22:17,907] INFO    - [feature_store:118] - Saved Feature Store for TCS.NS to storage/features\TCS_NS.parquet | ticker=TCS.NS
[2026-07-22 15:22:17,927] INFO    - [vix_analysis:42] - India VIX: 15.00 (Percentile: 100.0%, Regime: Normal)
[2026-07-22 15:22:17,934] INFO    - [chart_data:31  ] - Constructing client visualization payload...
[2026-07-22 15:22:17,988] INFO    - [analysis:204   ] - Completed deterministic analysis for TCS.NS in 393.9ms | ticker=TCS.NS execution_time=393.94ms
[2026-07-22 15:22:18,040] ERROR   - [exceptions:44  ] - API Exception on /analyze: Maximum batch size exceeded. Please request at most 5 tickers at a time.
[2026-07-22 15:22:18,054] INFO    - [cache:126      ] - Cached data saved for ticker TEST_STOCK | ticker=TEST_STOCK
[2026-07-22 15:22:18,062] INFO    - [cache:103      ] - Cache HIT for ticker TEST_STOCK | ticker=TEST_STOCK
[2026-07-22 15:22:18,072] INFO    - [cache:126      ] - Cached data saved for ticker TEST_VALIDITY | ticker=TEST_VALIDITY
[2026-07-22 15:22:18,100] INFO    - [downloader:73  ] - Successfully cleaned and validated data for TEST_TICKER. Rows: 4 | ticker=TEST_TICKER
[2026-07-22 15:22:18,105] INFO    - [downloader:86  ] - Downloading ticker data from yfinance: RELIANCE.NS (Years: 2) | ticker=RELIANCE.NS
[2026-07-22 15:22:18,113] INFO    - [downloader:73  ] - Successfully cleaned and validated data for RELIANCE.NS. Rows: 3 | ticker=RELIANCE.NS
[2026-07-22 15:22:18,121] INFO    - [feature_store:118] - Saved Feature Store for RELIANCE_TEST to storage/test_features\RELIANCE_TEST.parquet | ticker=RELIANCE_TEST
[2026-07-22 15:22:18,126] INFO    - [feature_store:40] - Successfully loaded 2 features for RELIANCE_TEST | ticker=RELIANCE_TEST
[2026-07-22 15:22:18,133] INFO    - [feature_store:35] - No features Parquet file found for INFY_TEST at storage/test_features\INFY_TEST.parquet | ticker=INFY_TEST
[2026-07-22 15:22:18,133] INFO    - [feature_store:132] - Initializing new Feature Store for INFY_TEST during raw_ohlc | ticker=INFY_TEST
[2026-07-22 15:22:18,137] INFO    - [feature_store:118] - Saved Feature Store for INFY_TEST to storage/test_features\INFY_TEST.parquet | ticker=INFY_TEST
[2026-07-22 15:22:18,142] INFO    - [feature_store:40] - Successfully loaded 2 features for INFY_TEST | ticker=INFY_TEST
[2026-07-22 15:22:18,147] INFO    - [feature_store:118] - Saved Feature Store for INFY_TEST to storage/test_features\INFY_TEST.parquet | ticker=INFY_TEST
[2026-07-22 15:22:18,213] INFO    - [indicators:289 ] - Computing technical indicators across all categories...
[2026-07-22 15:22:18,335] INFO    - [indicators:305 ] - Successfully computed 53 indicator columns.
[2026-07-22 15:22:18,335] INFO    - [candlestick:169] - Computing price action returns and candlestick patterns...
[2026-07-22 15:22:18,361] INFO    - [candlestick:184] - Successfully computed 15 price action / pattern columns.
[2026-07-22 15:22:18,367] INFO    - [market_downloader:28] - Market index cache miss for ^NSEI. Downloading... | ticker=^NSEI
[2026-07-22 15:22:18,370] INFO    - [cache:126      ] - Cached data saved for ticker ^NSEI | ticker=^NSEI
[2026-07-22 15:22:18,374] INFO    - [cache:103      ] - Cache HIT for ticker ^NSEI | ticker=^NSEI
[2026-07-22 15:22:18,432] INFO    - [chart_data:31  ] - Constructing client visualization payload...
[2026-07-22 15:22:18,437] INFO    - [vix_analysis:42] - India VIX: 11.80 (Percentile: 66.7%, Regime: Low)
[2026-07-22 15:22:18,439] INFO    - [vix_analysis:42] - India VIX: 14.80 (Percentile: 66.7%, Regime: Normal)
[2026-07-22 15:22:18,440] INFO    - [vix_analysis:42] - India VIX: 22.00 (Percentile: 100.0%, Regime: Elevated)
[2026-07-22 15:22:18,441] INFO    - [vix_analysis:42] - India VIX: 29.50 (Percentile: 66.7%, Regime: Extreme)
[2026-07-22 15:22:18,462] INFO    - [chart_data:31  ] - Constructing client visualization payload...
[2026-07-22 15:32:12,700] INFO    - [analysis:60    ] - Auto-appended .NS suffix to ticker: RELIANCE -> RELIANCE.NS | ticker=RELIANCE.NS
[2026-07-22 15:32:12,753] INFO    - [feature_store:40] - Successfully loaded 79 features for RELIANCE.NS | ticker=RELIANCE.NS
[2026-07-22 15:32:12,848] INFO    - [feature_store:118] - Saved Feature Store for RELIANCE.NS to storage/features\RELIANCE_NS.parquet | ticker=RELIANCE.NS
[2026-07-22 15:32:12,851] INFO    - [indicators:289 ] - Computing technical indicators across all categories...
[2026-07-22 15:32:12,982] INFO    - [indicators:305 ] - Successfully computed 59 indicator columns.
[2026-07-22 15:32:12,996] INFO    - [feature_store:40] - Successfully loaded 79 features for RELIANCE.NS | ticker=RELIANCE.NS
[2026-07-22 15:32:13,031] INFO    - [feature_store:118] - Saved Feature Store for RELIANCE.NS to storage/features\RELIANCE_NS.parquet | ticker=RELIANCE.NS
[2026-07-22 15:32:13,034] INFO    - [candlestick:169] - Computing price action returns and candlestick patterns...
[2026-07-22 15:32:13,134] INFO    - [candlestick:184] - Successfully computed 15 price action / pattern columns.
[2026-07-22 15:32:13,145] INFO    - [feature_store:40] - Successfully loaded 79 features for RELIANCE.NS | ticker=RELIANCE.NS
[2026-07-22 15:32:13,174] INFO    - [feature_store:118] - Saved Feature Store for RELIANCE.NS to storage/features\RELIANCE_NS.parquet | ticker=RELIANCE.NS
[2026-07-22 15:32:13,205] INFO    - [vix_analysis:42] - India VIX: 15.00 (Percentile: 100.0%, Regime: Normal)
[2026-07-22 15:32:13,215] INFO    - [chart_data:31  ] - Constructing client visualization payload...
[2026-07-22 15:32:13,295] INFO    - [analysis:204   ] - Completed deterministic analysis for RELIANCE.NS in 593.3ms | ticker=RELIANCE.NS execution_time=593.34ms
[2026-07-22 15:32:13,344] INFO    - [feature_store:40] - Successfully loaded 79 features for TCS.NS | ticker=TCS.NS
[2026-07-22 15:32:13,378] INFO    - [feature_store:118] - Saved Feature Store for TCS.NS to storage/features\TCS_NS.parquet | ticker=TCS.NS
[2026-07-22 15:32:13,379] INFO    - [indicators:289 ] - Computing technical indicators across all categories...
[2026-07-22 15:32:13,475] INFO    - [indicators:305 ] - Successfully computed 59 indicator columns.
[2026-07-22 15:32:13,484] INFO    - [feature_store:40] - Successfully loaded 79 features for TCS.NS | ticker=TCS.NS
[2026-07-22 15:32:13,520] INFO    - [feature_store:118] - Saved Feature Store for TCS.NS to storage/features\TCS_NS.parquet | ticker=TCS.NS
[2026-07-22 15:32:13,521] INFO    - [candlestick:169] - Computing price action returns and candlestick patterns...
[2026-07-22 15:32:13,609] INFO    - [candlestick:184] - Successfully computed 15 price action / pattern columns.
[2026-07-22 15:32:13,622] INFO    - [feature_store:40] - Successfully loaded 79 features for TCS.NS | ticker=TCS.NS
[2026-07-22 15:32:13,644] INFO    - [feature_store:118] - Saved Feature Store for TCS.NS to storage/features\TCS_NS.parquet | ticker=TCS.NS
[2026-07-22 15:32:13,673] INFO    - [vix_analysis:42] - India VIX: 15.00 (Percentile: 100.0%, Regime: Normal)
[2026-07-22 15:32:13,686] INFO    - [chart_data:31  ] - Constructing client visualization payload...
[2026-07-22 15:32:13,771] INFO    - [analysis:204   ] - Completed deterministic analysis for TCS.NS in 441.1ms | ticker=TCS.NS execution_time=441.12ms
[2026-07-22 15:32:13,815] INFO    - [analysis:60    ] - Auto-appended .NS suffix to ticker: INV@LID -> INV@LID.NS | ticker=INV@LID.NS
[2026-07-22 15:32:13,817] ERROR   - [exceptions:44  ] - API Exception on /analyze/INV@LID: Invalid ticker symbol format: 'INV@LID'
[2026-07-22 15:32:13,837] INFO    - [analysis:60    ] - Auto-appended .NS suffix to ticker: INVALID_TICKER -> INVALID_TICKER.NS | ticker=INVALID_TICKER.NS
[2026-07-22 15:32:13,837] ERROR   - [exceptions:44  ] - API Exception on /analyze/INVALID_TICKER: Ticker symbol 'INVALID_TICKER.NS' not found on Yahoo Finance.
[2026-07-22 15:32:13,865] INFO    - [feature_store:40] - Successfully loaded 79 features for RELIANCE.NS | ticker=RELIANCE.NS
[2026-07-22 15:32:13,887] INFO    - [feature_store:118] - Saved Feature Store for RELIANCE.NS to storage/features\RELIANCE_NS.parquet | ticker=RELIANCE.NS
[2026-07-22 15:32:13,888] INFO    - [indicators:289 ] - Computing technical indicators across all categories...
[2026-07-22 15:32:13,989] INFO    - [indicators:305 ] - Successfully computed 59 indicator columns.
[2026-07-22 15:32:14,000] INFO    - [feature_store:40] - Successfully loaded 79 features for RELIANCE.NS | ticker=RELIANCE.NS
[2026-07-22 15:32:14,027] INFO    - [feature_store:118] - Saved Feature Store for RELIANCE.NS to storage/features\RELIANCE_NS.parquet | ticker=RELIANCE.NS
[2026-07-22 15:32:14,030] INFO    - [candlestick:169] - Computing price action returns and candlestick patterns...
[2026-07-22 15:32:14,091] INFO    - [candlestick:184] - Successfully computed 15 price action / pattern columns.
[2026-07-22 15:32:14,100] INFO    - [feature_store:40] - Successfully loaded 79 features for RELIANCE.NS | ticker=RELIANCE.NS
[2026-07-22 15:32:14,126] INFO    - [feature_store:118] - Saved Feature Store for RELIANCE.NS to storage/features\RELIANCE_NS.parquet | ticker=RELIANCE.NS
[2026-07-22 15:32:14,151] INFO    - [vix_analysis:42] - India VIX: 15.00 (Percentile: 100.0%, Regime: Normal)
[2026-07-22 15:32:14,161] INFO    - [chart_data:31  ] - Constructing client visualization payload...
[2026-07-22 15:32:14,217] INFO    - [analysis:204   ] - Completed deterministic analysis for RELIANCE.NS in 359.1ms | ticker=RELIANCE.NS execution_time=359.05ms
[2026-07-22 15:32:14,232] INFO    - [feature_store:40] - Successfully loaded 79 features for TCS.NS | ticker=TCS.NS
[2026-07-22 15:32:14,301] INFO    - [feature_store:118] - Saved Feature Store for TCS.NS to storage/features\TCS_NS.parquet | ticker=TCS.NS
[2026-07-22 15:32:14,303] INFO    - [indicators:289 ] - Computing technical indicators across all categories...
[2026-07-22 15:32:14,401] INFO    - [indicators:305 ] - Successfully computed 59 indicator columns.
[2026-07-22 15:32:14,411] INFO    - [feature_store:40] - Successfully loaded 79 features for TCS.NS | ticker=TCS.NS
[2026-07-22 15:32:14,436] INFO    - [feature_store:118] - Saved Feature Store for TCS.NS to storage/features\TCS_NS.parquet | ticker=TCS.NS
[2026-07-22 15:32:14,438] INFO    - [candlestick:169] - Computing price action returns and candlestick patterns...
[2026-07-22 15:32:14,521] INFO    - [candlestick:184] - Successfully computed 15 price action / pattern columns.
[2026-07-22 15:32:14,534] INFO    - [feature_store:40] - Successfully loaded 79 features for TCS.NS | ticker=TCS.NS
[2026-07-22 15:32:14,559] INFO    - [feature_store:118] - Saved Feature Store for TCS.NS to storage/features\TCS_NS.parquet | ticker=TCS.NS
[2026-07-22 15:32:14,593] INFO    - [vix_analysis:42] - India VIX: 15.00 (Percentile: 100.0%, Regime: Normal)
[2026-07-22 15:32:14,615] INFO    - [chart_data:31  ] - Constructing client visualization payload...
[2026-07-22 15:32:14,689] INFO    - [analysis:204   ] - Completed deterministic analysis for TCS.NS in 468.3ms | ticker=TCS.NS execution_time=468.30ms
[2026-07-22 15:32:14,719] ERROR   - [exceptions:44  ] - API Exception on /analyze: Maximum batch size exceeded. Please request at most 5 tickers at a time.
[2026-07-22 15:32:14,732] INFO    - [cache:126      ] - Cached data saved for ticker TEST_STOCK | ticker=TEST_STOCK
[2026-07-22 15:32:14,739] INFO    - [cache:103      ] - Cache HIT for ticker TEST_STOCK | ticker=TEST_STOCK
[2026-07-22 15:32:14,750] INFO    - [cache:126      ] - Cached data saved for ticker TEST_VALIDITY | ticker=TEST_VALIDITY
[2026-07-22 15:32:14,782] INFO    - [downloader:73  ] - Successfully cleaned and validated data for TEST_TICKER. Rows: 4 | ticker=TEST_TICKER
[2026-07-22 15:32:14,788] INFO    - [downloader:86  ] - Downloading ticker data from yfinance: RELIANCE.NS (Years: 2) | ticker=RELIANCE.NS
[2026-07-22 15:32:14,793] INFO    - [downloader:73  ] - Successfully cleaned and validated data for RELIANCE.NS. Rows: 3 | ticker=RELIANCE.NS
[2026-07-22 15:32:14,837] INFO    - [feature_store:118] - Saved Feature Store for RELIANCE_TEST to storage/test_features\RELIANCE_TEST.parquet | ticker=RELIANCE_TEST
[2026-07-22 15:32:14,843] INFO    - [feature_store:40] - Successfully loaded 2 features for RELIANCE_TEST | ticker=RELIANCE_TEST
[2026-07-22 15:32:14,854] INFO    - [feature_store:35] - No features Parquet file found for INFY_TEST at storage/test_features\INFY_TEST.parquet | ticker=INFY_TEST
[2026-07-22 15:32:14,855] INFO    - [feature_store:132] - Initializing new Feature Store for INFY_TEST during raw_ohlc | ticker=INFY_TEST
[2026-07-22 15:32:14,861] INFO    - [feature_store:118] - Saved Feature Store for INFY_TEST to storage/test_features\INFY_TEST.parquet | ticker=INFY_TEST
[2026-07-22 15:32:14,866] INFO    - [feature_store:40] - Successfully loaded 2 features for INFY_TEST | ticker=INFY_TEST
[2026-07-22 15:32:14,873] INFO    - [feature_store:118] - Saved Feature Store for INFY_TEST to storage/test_features\INFY_TEST.parquet | ticker=INFY_TEST
[2026-07-22 15:32:14,939] INFO    - [indicators:289 ] - Computing technical indicators across all categories...
[2026-07-22 15:32:15,061] INFO    - [indicators:305 ] - Successfully computed 53 indicator columns.
[2026-07-22 15:32:15,061] INFO    - [candlestick:169] - Computing price action returns and candlestick patterns...
[2026-07-22 15:32:15,110] INFO    - [candlestick:184] - Successfully computed 15 price action / pattern columns.
[2026-07-22 15:32:15,159] INFO    - [market_downloader:28] - Market index cache miss for ^NSEI. Downloading... | ticker=^NSEI
[2026-07-22 15:32:15,169] INFO    - [cache:126      ] - Cached data saved for ticker ^NSEI | ticker=^NSEI
[2026-07-22 15:32:15,174] INFO    - [cache:103      ] - Cache HIT for ticker ^NSEI | ticker=^NSEI
[2026-07-22 15:32:15,235] INFO    - [chart_data:31  ] - Constructing client visualization payload...
[2026-07-22 15:32:15,241] INFO    - [vix_analysis:42] - India VIX: 11.80 (Percentile: 66.7%, Regime: Low)
[2026-07-22 15:32:15,242] INFO    - [vix_analysis:42] - India VIX: 14.80 (Percentile: 66.7%, Regime: Normal)
[2026-07-22 15:32:15,243] INFO    - [vix_analysis:42] - India VIX: 22.00 (Percentile: 100.0%, Regime: Elevated)
[2026-07-22 15:32:15,244] INFO    - [vix_analysis:42] - India VIX: 29.50 (Percentile: 66.7%, Regime: Extreme)
[2026-07-22 15:32:15,266] INFO    - [chart_data:31  ] - Constructing client visualization payload...
[2026-07-22 15:34:50,528] INFO    - [analysis:60    ] - Auto-appended .NS suffix to ticker: RELIANCE -> RELIANCE.NS | ticker=RELIANCE.NS
[2026-07-22 15:34:50,571] INFO    - [feature_store:40] - Successfully loaded 79 features for RELIANCE.NS | ticker=RELIANCE.NS
[2026-07-22 15:34:50,647] INFO    - [feature_store:118] - Saved Feature Store for RELIANCE.NS to storage/features\RELIANCE_NS.parquet | ticker=RELIANCE.NS
[2026-07-22 15:34:50,648] INFO    - [indicators:289 ] - Computing technical indicators across all categories...
[2026-07-22 15:34:50,754] INFO    - [indicators:305 ] - Successfully computed 59 indicator columns.
[2026-07-22 15:34:50,800] INFO    - [feature_store:40] - Successfully loaded 79 features for RELIANCE.NS | ticker=RELIANCE.NS
[2026-07-22 15:34:50,822] INFO    - [feature_store:118] - Saved Feature Store for RELIANCE.NS to storage/features\RELIANCE_NS.parquet | ticker=RELIANCE.NS
[2026-07-22 15:34:50,824] INFO    - [candlestick:169] - Computing price action returns and candlestick patterns...
[2026-07-22 15:34:50,882] INFO    - [candlestick:184] - Successfully computed 15 price action / pattern columns.
[2026-07-22 15:34:50,892] INFO    - [feature_store:40] - Successfully loaded 79 features for RELIANCE.NS | ticker=RELIANCE.NS
[2026-07-22 15:34:50,916] INFO    - [feature_store:118] - Saved Feature Store for RELIANCE.NS to storage/features\RELIANCE_NS.parquet | ticker=RELIANCE.NS
[2026-07-22 15:34:50,950] INFO    - [vix_analysis:42] - India VIX: 15.00 (Percentile: 100.0%, Regime: Normal)
[2026-07-22 15:34:50,964] INFO    - [chart_data:31  ] - Constructing client visualization payload...
[2026-07-22 15:34:51,049] INFO    - [analysis:204   ] - Completed deterministic analysis for RELIANCE.NS in 518.0ms | ticker=RELIANCE.NS execution_time=518.02ms
[2026-07-22 15:34:51,105] INFO    - [feature_store:40] - Successfully loaded 79 features for TCS.NS | ticker=TCS.NS
[2026-07-22 15:34:51,129] INFO    - [feature_store:118] - Saved Feature Store for TCS.NS to storage/features\TCS_NS.parquet | ticker=TCS.NS
[2026-07-22 15:34:51,131] INFO    - [indicators:289 ] - Computing technical indicators across all categories...
[2026-07-22 15:34:51,280] INFO    - [indicators:305 ] - Successfully computed 59 indicator columns.
[2026-07-22 15:34:51,293] INFO    - [feature_store:40] - Successfully loaded 79 features for TCS.NS | ticker=TCS.NS
[2026-07-22 15:34:51,342] INFO    - [feature_store:118] - Saved Feature Store for TCS.NS to storage/features\TCS_NS.parquet | ticker=TCS.NS
[2026-07-22 15:34:51,344] INFO    - [candlestick:169] - Computing price action returns and candlestick patterns...
[2026-07-22 15:34:51,417] INFO    - [candlestick:184] - Successfully computed 15 price action / pattern columns.
[2026-07-22 15:34:51,428] INFO    - [feature_store:40] - Successfully loaded 79 features for TCS.NS | ticker=TCS.NS
[2026-07-22 15:34:51,464] INFO    - [feature_store:118] - Saved Feature Store for TCS.NS to storage/features\TCS_NS.parquet | ticker=TCS.NS
[2026-07-22 15:34:51,507] INFO    - [vix_analysis:42] - India VIX: 15.00 (Percentile: 100.0%, Regime: Normal)
[2026-07-22 15:34:51,524] INFO    - [chart_data:31  ] - Constructing client visualization payload...
[2026-07-22 15:34:51,608] INFO    - [analysis:204   ] - Completed deterministic analysis for TCS.NS in 514.9ms | ticker=TCS.NS execution_time=514.88ms
[2026-07-22 15:34:51,631] INFO    - [analysis:60    ] - Auto-appended .NS suffix to ticker: INV@LID -> INV@LID.NS | ticker=INV@LID.NS
[2026-07-22 15:34:51,632] ERROR   - [exceptions:44  ] - API Exception on /analyze/INV@LID: Invalid ticker symbol format: 'INV@LID'
[2026-07-22 15:34:51,646] INFO    - [analysis:60    ] - Auto-appended .NS suffix to ticker: INVALID_TICKER -> INVALID_TICKER.NS | ticker=INVALID_TICKER.NS
[2026-07-22 15:34:51,647] ERROR   - [exceptions:44  ] - API Exception on /analyze/INVALID_TICKER: Ticker symbol 'INVALID_TICKER.NS' not found on Yahoo Finance.
[2026-07-22 15:34:51,675] INFO    - [feature_store:40] - Successfully loaded 79 features for RELIANCE.NS | ticker=RELIANCE.NS
[2026-07-22 15:34:51,708] INFO    - [feature_store:118] - Saved Feature Store for RELIANCE.NS to storage/features\RELIANCE_NS.parquet | ticker=RELIANCE.NS
[2026-07-22 15:34:51,710] INFO    - [indicators:289 ] - Computing technical indicators across all categories...
[2026-07-22 15:34:51,824] INFO    - [indicators:305 ] - Successfully computed 59 indicator columns.
[2026-07-22 15:34:51,832] INFO    - [feature_store:40] - Successfully loaded 79 features for RELIANCE.NS | ticker=RELIANCE.NS
[2026-07-22 15:34:51,862] INFO    - [feature_store:118] - Saved Feature Store for RELIANCE.NS to storage/features\RELIANCE_NS.parquet | ticker=RELIANCE.NS
[2026-07-22 15:34:51,863] INFO    - [candlestick:169] - Computing price action returns and candlestick patterns...
[2026-07-22 15:34:51,951] INFO    - [candlestick:184] - Successfully computed 15 price action / pattern columns.
[2026-07-22 15:34:51,962] INFO    - [feature_store:40] - Successfully loaded 79 features for RELIANCE.NS | ticker=RELIANCE.NS
[2026-07-22 15:34:51,998] INFO    - [feature_store:118] - Saved Feature Store for RELIANCE.NS to storage/features\RELIANCE_NS.parquet | ticker=RELIANCE.NS
[2026-07-22 15:34:52,032] INFO    - [vix_analysis:42] - India VIX: 15.00 (Percentile: 100.0%, Regime: Normal)
[2026-07-22 15:34:52,045] INFO    - [chart_data:31  ] - Constructing client visualization payload...
[2026-07-22 15:34:52,103] INFO    - [analysis:204   ] - Completed deterministic analysis for RELIANCE.NS in 439.2ms | ticker=RELIANCE.NS execution_time=439.22ms
[2026-07-22 15:34:52,114] INFO    - [feature_store:40] - Successfully loaded 79 features for TCS.NS | ticker=TCS.NS
[2026-07-22 15:34:52,137] INFO    - [feature_store:118] - Saved Feature Store for TCS.NS to storage/features\TCS_NS.parquet | ticker=TCS.NS
[2026-07-22 15:34:52,138] INFO    - [indicators:289 ] - Computing technical indicators across all categories...
[2026-07-22 15:34:52,242] INFO    - [indicators:305 ] - Successfully computed 59 indicator columns.
[2026-07-22 15:34:52,250] INFO    - [feature_store:40] - Successfully loaded 79 features for TCS.NS | ticker=TCS.NS
[2026-07-22 15:34:52,271] INFO    - [feature_store:118] - Saved Feature Store for TCS.NS to storage/features\TCS_NS.parquet | ticker=TCS.NS
[2026-07-22 15:34:52,273] INFO    - [candlestick:169] - Computing price action returns and candlestick patterns...
[2026-07-22 15:34:52,359] INFO    - [candlestick:184] - Successfully computed 15 price action / pattern columns.
[2026-07-22 15:34:52,400] INFO    - [feature_store:40] - Successfully loaded 79 features for TCS.NS | ticker=TCS.NS
[2026-07-22 15:34:52,431] INFO    - [feature_store:118] - Saved Feature Store for TCS.NS to storage/features\TCS_NS.parquet | ticker=TCS.NS
[2026-07-22 15:34:52,454] INFO    - [vix_analysis:42] - India VIX: 15.00 (Percentile: 100.0%, Regime: Normal)
[2026-07-22 15:34:52,465] INFO    - [chart_data:31  ] - Constructing client visualization payload...
[2026-07-22 15:34:52,527] INFO    - [analysis:204   ] - Completed deterministic analysis for TCS.NS in 422.6ms | ticker=TCS.NS execution_time=422.65ms
[2026-07-22 15:34:52,563] ERROR   - [exceptions:44  ] - API Exception on /analyze: Maximum batch size exceeded. Please request at most 5 tickers at a time.
[2026-07-22 15:34:52,576] INFO    - [cache:126      ] - Cached data saved for ticker TEST_STOCK | ticker=TEST_STOCK
[2026-07-22 15:34:52,582] INFO    - [cache:103      ] - Cache HIT for ticker TEST_STOCK | ticker=TEST_STOCK
[2026-07-22 15:34:52,593] INFO    - [cache:126      ] - Cached data saved for ticker TEST_VALIDITY | ticker=TEST_VALIDITY
[2026-07-22 15:34:52,619] INFO    - [downloader:73  ] - Successfully cleaned and validated data for TEST_TICKER. Rows: 4 | ticker=TEST_TICKER
[2026-07-22 15:34:52,625] INFO    - [downloader:86  ] - Downloading ticker data from yfinance: RELIANCE.NS (Years: 2) | ticker=RELIANCE.NS
[2026-07-22 15:34:52,632] INFO    - [downloader:73  ] - Successfully cleaned and validated data for RELIANCE.NS. Rows: 3 | ticker=RELIANCE.NS
[2026-07-22 15:34:52,676] INFO    - [feature_store:118] - Saved Feature Store for RELIANCE_TEST to storage/test_features\RELIANCE_TEST.parquet | ticker=RELIANCE_TEST
[2026-07-22 15:34:52,681] INFO    - [feature_store:40] - Successfully loaded 2 features for RELIANCE_TEST | ticker=RELIANCE_TEST
[2026-07-22 15:34:52,690] INFO    - [feature_store:35] - No features Parquet file found for INFY_TEST at storage/test_features\INFY_TEST.parquet | ticker=INFY_TEST
[2026-07-22 15:34:52,690] INFO    - [feature_store:132] - Initializing new Feature Store for INFY_TEST during raw_ohlc | ticker=INFY_TEST
[2026-07-22 15:34:52,694] INFO    - [feature_store:118] - Saved Feature Store for INFY_TEST to storage/test_features\INFY_TEST.parquet | ticker=INFY_TEST
[2026-07-22 15:34:52,698] INFO    - [feature_store:40] - Successfully loaded 2 features for INFY_TEST | ticker=INFY_TEST
[2026-07-22 15:34:52,704] INFO    - [feature_store:118] - Saved Feature Store for INFY_TEST to storage/test_features\INFY_TEST.parquet | ticker=INFY_TEST
[2026-07-22 15:34:52,779] INFO    - [indicators:289 ] - Computing technical indicators across all categories...
[2026-07-22 15:34:52,881] INFO    - [indicators:305 ] - Successfully computed 53 indicator columns.
[2026-07-22 15:34:52,882] INFO    - [candlestick:169] - Computing price action returns and candlestick patterns...
[2026-07-22 15:34:52,914] INFO    - [candlestick:184] - Successfully computed 15 price action / pattern columns.
[2026-07-22 15:34:52,921] INFO    - [market_downloader:28] - Market index cache miss for ^NSEI. Downloading... | ticker=^NSEI
[2026-07-22 15:34:52,925] INFO    - [cache:126      ] - Cached data saved for ticker ^NSEI | ticker=^NSEI
[2026-07-22 15:34:52,929] INFO    - [cache:103      ] - Cache HIT for ticker ^NSEI | ticker=^NSEI
[2026-07-22 15:34:52,974] INFO    - [chart_data:31  ] - Constructing client visualization payload...
[2026-07-22 15:34:52,978] INFO    - [vix_analysis:42] - India VIX: 11.80 (Percentile: 66.7%, Regime: Low)
[2026-07-22 15:34:52,980] INFO    - [vix_analysis:42] - India VIX: 14.80 (Percentile: 66.7%, Regime: Normal)
[2026-07-22 15:34:52,980] INFO    - [vix_analysis:42] - India VIX: 22.00 (Percentile: 100.0%, Regime: Elevated)
[2026-07-22 15:34:52,982] INFO    - [vix_analysis:42] - India VIX: 29.50 (Percentile: 66.7%, Regime: Extreme)
[2026-07-22 15:34:53,006] INFO    - [chart_data:31  ] - Constructing client visualization payload...
[2026-07-22 15:38:16,799] INFO    - [analysis:60    ] - Auto-appended .NS suffix to ticker: RELIANCE -> RELIANCE.NS | ticker=RELIANCE.NS
[2026-07-22 15:38:16,852] INFO    - [feature_store:40] - Successfully loaded 79 features for RELIANCE.NS | ticker=RELIANCE.NS
[2026-07-22 15:38:16,938] INFO    - [feature_store:118] - Saved Feature Store for RELIANCE.NS to storage/features\RELIANCE_NS.parquet | ticker=RELIANCE.NS
[2026-07-22 15:38:16,939] INFO    - [indicators:289 ] - Computing technical indicators across all categories...
[2026-07-22 15:38:17,071] INFO    - [indicators:305 ] - Successfully computed 59 indicator columns.
[2026-07-22 15:38:17,121] INFO    - [feature_store:40] - Successfully loaded 79 features for RELIANCE.NS | ticker=RELIANCE.NS
[2026-07-22 15:38:17,151] INFO    - [feature_store:118] - Saved Feature Store for RELIANCE.NS to storage/features\RELIANCE_NS.parquet | ticker=RELIANCE.NS
[2026-07-22 15:38:17,152] INFO    - [candlestick:169] - Computing price action returns and candlestick patterns...
[2026-07-22 15:38:17,251] INFO    - [candlestick:184] - Successfully computed 15 price action / pattern columns.
[2026-07-22 15:38:17,260] INFO    - [feature_store:40] - Successfully loaded 79 features for RELIANCE.NS | ticker=RELIANCE.NS
[2026-07-22 15:38:17,285] INFO    - [feature_store:118] - Saved Feature Store for RELIANCE.NS to storage/features\RELIANCE_NS.parquet | ticker=RELIANCE.NS
[2026-07-22 15:38:17,326] INFO    - [vix_analysis:42] - India VIX: 15.00 (Percentile: 100.0%, Regime: Normal)
[2026-07-22 15:38:17,349] INFO    - [chart_data:31  ] - Constructing client visualization payload...
[2026-07-22 15:38:17,438] INFO    - [analysis:204   ] - Completed deterministic analysis for RELIANCE.NS in 635.8ms | ticker=RELIANCE.NS execution_time=635.84ms
[2026-07-22 15:38:17,475] INFO    - [feature_store:40] - Successfully loaded 79 features for TCS.NS | ticker=TCS.NS
[2026-07-22 15:38:17,499] INFO    - [feature_store:118] - Saved Feature Store for TCS.NS to storage/features\TCS_NS.parquet | ticker=TCS.NS
[2026-07-22 15:38:17,501] INFO    - [indicators:289 ] - Computing technical indicators across all categories...
[2026-07-22 15:38:17,614] INFO    - [indicators:305 ] - Successfully computed 59 indicator columns.
[2026-07-22 15:38:17,629] INFO    - [feature_store:40] - Successfully loaded 79 features for TCS.NS | ticker=TCS.NS
[2026-07-22 15:38:17,667] INFO    - [feature_store:118] - Saved Feature Store for TCS.NS to storage/features\TCS_NS.parquet | ticker=TCS.NS
[2026-07-22 15:38:17,669] INFO    - [candlestick:169] - Computing price action returns and candlestick patterns...
[2026-07-22 15:38:17,753] INFO    - [candlestick:184] - Successfully computed 15 price action / pattern columns.
[2026-07-22 15:38:17,769] INFO    - [feature_store:40] - Successfully loaded 79 features for TCS.NS | ticker=TCS.NS
[2026-07-22 15:38:17,817] INFO    - [feature_store:118] - Saved Feature Store for TCS.NS to storage/features\TCS_NS.parquet | ticker=TCS.NS
[2026-07-22 15:38:17,864] INFO    - [vix_analysis:42] - India VIX: 15.00 (Percentile: 100.0%, Regime: Normal)
[2026-07-22 15:38:17,887] INFO    - [chart_data:31  ] - Constructing client visualization payload...
[2026-07-22 15:38:17,958] INFO    - [analysis:204   ] - Completed deterministic analysis for TCS.NS in 489.5ms | ticker=TCS.NS execution_time=489.47ms
[2026-07-22 15:38:17,981] INFO    - [analysis:60    ] - Auto-appended .NS suffix to ticker: INV@LID -> INV@LID.NS | ticker=INV@LID.NS
[2026-07-22 15:38:17,982] ERROR   - [exceptions:44  ] - API Exception on /analyze/INV@LID: Invalid ticker symbol format: 'INV@LID'
[2026-07-22 15:38:17,997] INFO    - [analysis:60    ] - Auto-appended .NS suffix to ticker: INVALID_TICKER -> INVALID_TICKER.NS | ticker=INVALID_TICKER.NS
[2026-07-22 15:38:17,998] ERROR   - [exceptions:44  ] - API Exception on /analyze/INVALID_TICKER: Ticker symbol 'INVALID_TICKER.NS' not found on Yahoo Finance.
[2026-07-22 15:38:18,027] INFO    - [feature_store:40] - Successfully loaded 79 features for RELIANCE.NS | ticker=RELIANCE.NS
[2026-07-22 15:38:18,053] INFO    - [feature_store:118] - Saved Feature Store for RELIANCE.NS to storage/features\RELIANCE_NS.parquet | ticker=RELIANCE.NS
[2026-07-22 15:38:18,055] INFO    - [indicators:289 ] - Computing technical indicators across all categories...
[2026-07-22 15:38:18,242] INFO    - [indicators:305 ] - Successfully computed 59 indicator columns.
[2026-07-22 15:38:18,278] INFO    - [feature_store:40] - Successfully loaded 79 features for RELIANCE.NS | ticker=RELIANCE.NS
[2026-07-22 15:38:18,297] INFO    - [feature_store:118] - Saved Feature Store for RELIANCE.NS to storage/features\RELIANCE_NS.parquet | ticker=RELIANCE.NS
[2026-07-22 15:38:18,299] INFO    - [candlestick:169] - Computing price action returns and candlestick patterns...
[2026-07-22 15:38:18,365] INFO    - [candlestick:184] - Successfully computed 15 price action / pattern columns.
[2026-07-22 15:38:18,373] INFO    - [feature_store:40] - Successfully loaded 79 features for RELIANCE.NS | ticker=RELIANCE.NS
[2026-07-22 15:38:18,398] INFO    - [feature_store:118] - Saved Feature Store for RELIANCE.NS to storage/features\RELIANCE_NS.parquet | ticker=RELIANCE.NS
[2026-07-22 15:38:18,427] INFO    - [vix_analysis:42] - India VIX: 15.00 (Percentile: 100.0%, Regime: Normal)
[2026-07-22 15:38:18,440] INFO    - [chart_data:31  ] - Constructing client visualization payload...
[2026-07-22 15:38:18,499] INFO    - [analysis:204   ] - Completed deterministic analysis for RELIANCE.NS in 482.3ms | ticker=RELIANCE.NS execution_time=482.29ms
[2026-07-22 15:38:18,516] INFO    - [feature_store:40] - Successfully loaded 79 features for TCS.NS | ticker=TCS.NS
[2026-07-22 15:38:18,547] INFO    - [feature_store:118] - Saved Feature Store for TCS.NS to storage/features\TCS_NS.parquet | ticker=TCS.NS
[2026-07-22 15:38:18,549] INFO    - [indicators:289 ] - Computing technical indicators across all categories...
[2026-07-22 15:38:18,712] INFO    - [indicators:305 ] - Successfully computed 59 indicator columns.
[2026-07-22 15:38:18,724] INFO    - [feature_store:40] - Successfully loaded 79 features for TCS.NS | ticker=TCS.NS
[2026-07-22 15:38:18,755] INFO    - [feature_store:118] - Saved Feature Store for TCS.NS to storage/features\TCS_NS.parquet | ticker=TCS.NS
[2026-07-22 15:38:18,757] INFO    - [candlestick:169] - Computing price action returns and candlestick patterns...
[2026-07-22 15:38:18,825] INFO    - [candlestick:184] - Successfully computed 15 price action / pattern columns.
[2026-07-22 15:38:18,836] INFO    - [feature_store:40] - Successfully loaded 79 features for TCS.NS | ticker=TCS.NS
[2026-07-22 15:38:18,863] INFO    - [feature_store:118] - Saved Feature Store for TCS.NS to storage/features\TCS_NS.parquet | ticker=TCS.NS
[2026-07-22 15:38:18,887] INFO    - [vix_analysis:42] - India VIX: 15.00 (Percentile: 100.0%, Regime: Normal)
[2026-07-22 15:38:18,918] INFO    - [chart_data:31  ] - Constructing client visualization payload...
[2026-07-22 15:38:18,970] INFO    - [analysis:204   ] - Completed deterministic analysis for TCS.NS in 468.0ms | ticker=TCS.NS execution_time=467.97ms
[2026-07-22 15:38:19,005] ERROR   - [exceptions:44  ] - API Exception on /analyze: Maximum batch size exceeded. Please request at most 5 tickers at a time.
[2026-07-22 15:38:19,019] INFO    - [cache:126      ] - Cached data saved for ticker TEST_STOCK | ticker=TEST_STOCK
[2026-07-22 15:38:19,027] INFO    - [cache:103      ] - Cache HIT for ticker TEST_STOCK | ticker=TEST_STOCK
[2026-07-22 15:38:19,038] INFO    - [cache:126      ] - Cached data saved for ticker TEST_VALIDITY | ticker=TEST_VALIDITY
[2026-07-22 15:38:19,064] INFO    - [downloader:73  ] - Successfully cleaned and validated data for TEST_TICKER. Rows: 4 | ticker=TEST_TICKER
[2026-07-22 15:38:19,069] INFO    - [downloader:86  ] - Downloading ticker data from yfinance: RELIANCE.NS (Years: 2) | ticker=RELIANCE.NS
[2026-07-22 15:38:19,078] INFO    - [downloader:73  ] - Successfully cleaned and validated data for RELIANCE.NS. Rows: 3 | ticker=RELIANCE.NS
[2026-07-22 15:38:19,122] INFO    - [feature_store:118] - Saved Feature Store for RELIANCE_TEST to storage/test_features\RELIANCE_TEST.parquet | ticker=RELIANCE_TEST
[2026-07-22 15:38:19,127] INFO    - [feature_store:40] - Successfully loaded 2 features for RELIANCE_TEST | ticker=RELIANCE_TEST
[2026-07-22 15:38:19,135] INFO    - [feature_store:35] - No features Parquet file found for INFY_TEST at storage/test_features\INFY_TEST.parquet | ticker=INFY_TEST
[2026-07-22 15:38:19,137] INFO    - [feature_store:132] - Initializing new Feature Store for INFY_TEST during raw_ohlc | ticker=INFY_TEST
[2026-07-22 15:38:19,141] INFO    - [feature_store:118] - Saved Feature Store for INFY_TEST to storage/test_features\INFY_TEST.parquet | ticker=INFY_TEST
[2026-07-22 15:38:19,146] INFO    - [feature_store:40] - Successfully loaded 2 features for INFY_TEST | ticker=INFY_TEST
[2026-07-22 15:38:19,152] INFO    - [feature_store:118] - Saved Feature Store for INFY_TEST to storage/test_features\INFY_TEST.parquet | ticker=INFY_TEST
[2026-07-22 15:38:19,223] INFO    - [indicators:289 ] - Computing technical indicators across all categories...
[2026-07-22 15:38:19,343] INFO    - [indicators:305 ] - Successfully computed 53 indicator columns.
[2026-07-22 15:38:19,344] INFO    - [candlestick:169] - Computing price action returns and candlestick patterns...
[2026-07-22 15:38:19,386] INFO    - [candlestick:184] - Successfully computed 15 price action / pattern columns.
[2026-07-22 15:38:19,396] INFO    - [market_downloader:28] - Market index cache miss for ^NSEI. Downloading... | ticker=^NSEI
[2026-07-22 15:38:19,399] INFO    - [cache:126      ] - Cached data saved for ticker ^NSEI | ticker=^NSEI
[2026-07-22 15:38:19,405] INFO    - [cache:103      ] - Cache HIT for ticker ^NSEI | ticker=^NSEI
[2026-07-22 15:38:19,456] INFO    - [chart_data:31  ] - Constructing client visualization payload...
[2026-07-22 15:38:19,461] INFO    - [vix_analysis:42] - India VIX: 11.80 (Percentile: 66.7%, Regime: Low)
[2026-07-22 15:38:19,462] INFO    - [vix_analysis:42] - India VIX: 14.80 (Percentile: 66.7%, Regime: Normal)
[2026-07-22 15:38:19,463] INFO    - [vix_analysis:42] - India VIX: 22.00 (Percentile: 100.0%, Regime: Elevated)
[2026-07-22 15:38:19,464] INFO    - [vix_analysis:42] - India VIX: 29.50 (Percentile: 66.7%, Regime: Extreme)
[2026-07-22 15:38:19,481] INFO    - [chart_data:31  ] - Constructing client visualization payload...
[2026-07-22 15:42:30,716] INFO    - [analysis:60    ] - Auto-appended .NS suffix to ticker: RELIANCE -> RELIANCE.NS | ticker=RELIANCE.NS
[2026-07-22 15:42:30,761] INFO    - [feature_store:40] - Successfully loaded 79 features for RELIANCE.NS | ticker=RELIANCE.NS
[2026-07-22 15:42:30,839] INFO    - [feature_store:118] - Saved Feature Store for RELIANCE.NS to storage/features\RELIANCE_NS.parquet | ticker=RELIANCE.NS
[2026-07-22 15:42:30,840] INFO    - [indicators:289 ] - Computing technical indicators across all categories...
[2026-07-22 15:42:30,957] INFO    - [indicators:305 ] - Successfully computed 59 indicator columns.
[2026-07-22 15:42:31,006] INFO    - [feature_store:40] - Successfully loaded 79 features for RELIANCE.NS | ticker=RELIANCE.NS
[2026-07-22 15:42:31,027] INFO    - [feature_store:118] - Saved Feature Store for RELIANCE.NS to storage/features\RELIANCE_NS.parquet | ticker=RELIANCE.NS
[2026-07-22 15:42:31,028] INFO    - [candlestick:169] - Computing price action returns and candlestick patterns...
[2026-07-22 15:42:31,099] INFO    - [candlestick:184] - Successfully computed 15 price action / pattern columns.
[2026-07-22 15:42:31,108] INFO    - [feature_store:40] - Successfully loaded 79 features for RELIANCE.NS | ticker=RELIANCE.NS
[2026-07-22 15:42:31,127] INFO    - [feature_store:118] - Saved Feature Store for RELIANCE.NS to storage/features\RELIANCE_NS.parquet | ticker=RELIANCE.NS
[2026-07-22 15:42:31,150] INFO    - [vix_analysis:42] - India VIX: 15.00 (Percentile: 100.0%, Regime: Normal)
[2026-07-22 15:42:31,161] INFO    - [chart_data:31  ] - Constructing client visualization payload...
[2026-07-22 15:42:31,217] INFO    - [analysis:204   ] - Completed deterministic analysis for RELIANCE.NS in 499.0ms | ticker=RELIANCE.NS execution_time=499.02ms
[2026-07-22 15:42:31,256] INFO    - [feature_store:40] - Successfully loaded 79 features for TCS.NS | ticker=TCS.NS
[2026-07-22 15:42:31,284] INFO    - [feature_store:118] - Saved Feature Store for TCS.NS to storage/features\TCS_NS.parquet | ticker=TCS.NS
[2026-07-22 15:42:31,285] INFO    - [indicators:289 ] - Computing technical indicators across all categories...
[2026-07-22 15:42:31,393] INFO    - [indicators:305 ] - Successfully computed 59 indicator columns.
[2026-07-22 15:42:31,405] INFO    - [feature_store:40] - Successfully loaded 79 features for TCS.NS | ticker=TCS.NS
[2026-07-22 15:42:31,432] INFO    - [feature_store:118] - Saved Feature Store for TCS.NS to storage/features\TCS_NS.parquet | ticker=TCS.NS
[2026-07-22 15:42:31,434] INFO    - [candlestick:169] - Computing price action returns and candlestick patterns...
[2026-07-22 15:42:31,507] INFO    - [candlestick:184] - Successfully computed 15 price action / pattern columns.
[2026-07-22 15:42:31,516] INFO    - [feature_store:40] - Successfully loaded 79 features for TCS.NS | ticker=TCS.NS
[2026-07-22 15:42:31,537] INFO    - [feature_store:118] - Saved Feature Store for TCS.NS to storage/features\TCS_NS.parquet | ticker=TCS.NS
[2026-07-22 15:42:31,560] INFO    - [vix_analysis:42] - India VIX: 15.00 (Percentile: 100.0%, Regime: Normal)
[2026-07-22 15:42:31,570] INFO    - [chart_data:31  ] - Constructing client visualization payload...
[2026-07-22 15:42:31,614] INFO    - [analysis:204   ] - Completed deterministic analysis for TCS.NS in 369.3ms | ticker=TCS.NS execution_time=369.30ms
[2026-07-22 15:42:31,636] INFO    - [analysis:60    ] - Auto-appended .NS suffix to ticker: INV@LID -> INV@LID.NS | ticker=INV@LID.NS
[2026-07-22 15:42:31,637] ERROR   - [exceptions:44  ] - API Exception on /analyze/INV@LID: Invalid ticker symbol format: 'INV@LID'
[2026-07-22 15:42:31,650] INFO    - [analysis:60    ] - Auto-appended .NS suffix to ticker: INVALID_TICKER -> INVALID_TICKER.NS | ticker=INVALID_TICKER.NS
[2026-07-22 15:42:31,651] ERROR   - [exceptions:44  ] - API Exception on /analyze/INVALID_TICKER: Ticker symbol 'INVALID_TICKER.NS' not found on Yahoo Finance.
[2026-07-22 15:42:31,677] INFO    - [feature_store:40] - Successfully loaded 79 features for RELIANCE.NS | ticker=RELIANCE.NS
[2026-07-22 15:42:31,719] INFO    - [feature_store:118] - Saved Feature Store for RELIANCE.NS to storage/features\RELIANCE_NS.parquet | ticker=RELIANCE.NS
[2026-07-22 15:42:31,721] INFO    - [indicators:289 ] - Computing technical indicators across all categories...
[2026-07-22 15:42:31,876] INFO    - [indicators:305 ] - Successfully computed 59 indicator columns.
[2026-07-22 15:42:31,892] INFO    - [feature_store:40] - Successfully loaded 79 features for RELIANCE.NS | ticker=RELIANCE.NS
[2026-07-22 15:42:31,916] INFO    - [feature_store:118] - Saved Feature Store for RELIANCE.NS to storage/features\RELIANCE_NS.parquet | ticker=RELIANCE.NS
[2026-07-22 15:42:31,917] INFO    - [candlestick:169] - Computing price action returns and candlestick patterns...
[2026-07-22 15:42:31,973] INFO    - [candlestick:184] - Successfully computed 15 price action / pattern columns.
[2026-07-22 15:42:31,982] INFO    - [feature_store:40] - Successfully loaded 79 features for RELIANCE.NS | ticker=RELIANCE.NS
[2026-07-22 15:42:32,018] INFO    - [feature_store:118] - Saved Feature Store for RELIANCE.NS to storage/features\RELIANCE_NS.parquet | ticker=RELIANCE.NS
[2026-07-22 15:42:32,047] INFO    - [vix_analysis:42] - India VIX: 15.00 (Percentile: 100.0%, Regime: Normal)
[2026-07-22 15:42:32,056] INFO    - [chart_data:31  ] - Constructing client visualization payload...
[2026-07-22 15:42:32,102] INFO    - [analysis:204   ] - Completed deterministic analysis for RELIANCE.NS in 436.7ms | ticker=RELIANCE.NS execution_time=436.70ms
[2026-07-22 15:42:32,112] INFO    - [feature_store:40] - Successfully loaded 79 features for TCS.NS | ticker=TCS.NS
[2026-07-22 15:42:32,143] INFO    - [feature_store:118] - Saved Feature Store for TCS.NS to storage/features\TCS_NS.parquet | ticker=TCS.NS
[2026-07-22 15:42:32,145] INFO    - [indicators:289 ] - Computing technical indicators across all categories...
[2026-07-22 15:42:32,261] INFO    - [indicators:305 ] - Successfully computed 59 indicator columns.
[2026-07-22 15:42:32,270] INFO    - [feature_store:40] - Successfully loaded 79 features for TCS.NS | ticker=TCS.NS
[2026-07-22 15:42:32,298] INFO    - [feature_store:118] - Saved Feature Store for TCS.NS to storage/features\TCS_NS.parquet | ticker=TCS.NS
[2026-07-22 15:42:32,300] INFO    - [candlestick:169] - Computing price action returns and candlestick patterns...
[2026-07-22 15:42:32,381] INFO    - [candlestick:184] - Successfully computed 15 price action / pattern columns.
[2026-07-22 15:42:32,391] INFO    - [feature_store:40] - Successfully loaded 79 features for TCS.NS | ticker=TCS.NS
[2026-07-22 15:42:32,424] INFO    - [feature_store:118] - Saved Feature Store for TCS.NS to storage/features\TCS_NS.parquet | ticker=TCS.NS
[2026-07-22 15:42:32,449] INFO    - [vix_analysis:42] - India VIX: 15.00 (Percentile: 100.0%, Regime: Normal)
[2026-07-22 15:42:32,458] INFO    - [chart_data:31  ] - Constructing client visualization payload...
[2026-07-22 15:42:32,528] INFO    - [analysis:204   ] - Completed deterministic analysis for TCS.NS in 422.7ms | ticker=TCS.NS execution_time=422.67ms
[2026-07-22 15:42:32,571] ERROR   - [exceptions:44  ] - API Exception on /analyze: Maximum batch size exceeded. Please request at most 5 tickers at a time.
[2026-07-22 15:42:32,586] INFO    - [cache:126      ] - Cached data saved for ticker TEST_STOCK | ticker=TEST_STOCK
[2026-07-22 15:42:32,592] INFO    - [cache:103      ] - Cache HIT for ticker TEST_STOCK | ticker=TEST_STOCK
[2026-07-22 15:42:32,603] INFO    - [cache:126      ] - Cached data saved for ticker TEST_VALIDITY | ticker=TEST_VALIDITY
[2026-07-22 15:42:32,630] INFO    - [downloader:73  ] - Successfully cleaned and validated data for TEST_TICKER. Rows: 4 | ticker=TEST_TICKER
[2026-07-22 15:42:32,636] INFO    - [downloader:86  ] - Downloading ticker data from yfinance: RELIANCE.NS (Years: 2) | ticker=RELIANCE.NS
[2026-07-22 15:42:32,641] INFO    - [downloader:73  ] - Successfully cleaned and validated data for RELIANCE.NS. Rows: 3 | ticker=RELIANCE.NS
[2026-07-22 15:42:32,687] INFO    - [feature_store:118] - Saved Feature Store for RELIANCE_TEST to storage/test_features\RELIANCE_TEST.parquet | ticker=RELIANCE_TEST
[2026-07-22 15:42:32,693] INFO    - [feature_store:40] - Successfully loaded 2 features for RELIANCE_TEST | ticker=RELIANCE_TEST
[2026-07-22 15:42:32,702] INFO    - [feature_store:35] - No features Parquet file found for INFY_TEST at storage/test_features\INFY_TEST.parquet | ticker=INFY_TEST
[2026-07-22 15:42:32,703] INFO    - [feature_store:132] - Initializing new Feature Store for INFY_TEST during raw_ohlc | ticker=INFY_TEST
[2026-07-22 15:42:32,706] INFO    - [feature_store:118] - Saved Feature Store for INFY_TEST to storage/test_features\INFY_TEST.parquet | ticker=INFY_TEST
[2026-07-22 15:42:32,709] INFO    - [feature_store:40] - Successfully loaded 2 features for INFY_TEST | ticker=INFY_TEST
[2026-07-22 15:42:32,715] INFO    - [feature_store:118] - Saved Feature Store for INFY_TEST to storage/test_features\INFY_TEST.parquet | ticker=INFY_TEST
[2026-07-22 15:42:32,792] INFO    - [indicators:289 ] - Computing technical indicators across all categories...
[2026-07-22 15:42:32,907] INFO    - [indicators:305 ] - Successfully computed 53 indicator columns.
[2026-07-22 15:42:32,908] INFO    - [candlestick:169] - Computing price action returns and candlestick patterns...
[2026-07-22 15:42:32,936] INFO    - [candlestick:184] - Successfully computed 15 price action / pattern columns.
[2026-07-22 15:42:32,944] INFO    - [market_downloader:28] - Market index cache miss for ^NSEI. Downloading... | ticker=^NSEI
[2026-07-22 15:42:32,950] INFO    - [cache:126      ] - Cached data saved for ticker ^NSEI | ticker=^NSEI
[2026-07-22 15:42:32,957] INFO    - [cache:103      ] - Cache HIT for ticker ^NSEI | ticker=^NSEI
[2026-07-22 15:42:33,012] INFO    - [chart_data:31  ] - Constructing client visualization payload...
[2026-07-22 15:42:33,017] INFO    - [vix_analysis:42] - India VIX: 11.80 (Percentile: 66.7%, Regime: Low)
[2026-07-22 15:42:33,018] INFO    - [vix_analysis:42] - India VIX: 14.80 (Percentile: 66.7%, Regime: Normal)
[2026-07-22 15:42:33,019] INFO    - [vix_analysis:42] - India VIX: 22.00 (Percentile: 100.0%, Regime: Elevated)
[2026-07-22 15:42:33,020] INFO    - [vix_analysis:42] - India VIX: 29.50 (Percentile: 66.7%, Regime: Extreme)
[2026-07-22 15:42:33,041] INFO    - [chart_data:31  ] - Constructing client visualization payload...
[2026-07-22 16:10:19,686] INFO    - [analysis:60    ] - Auto-appended .NS suffix to ticker: RELIANCE -> RELIANCE.NS | ticker=RELIANCE.NS
[2026-07-22 16:10:19,739] INFO    - [feature_store:40] - Successfully loaded 79 features for RELIANCE.NS | ticker=RELIANCE.NS
[2026-07-22 16:10:19,835] INFO    - [feature_store:118] - Saved Feature Store for RELIANCE.NS to storage/features\RELIANCE_NS.parquet | ticker=RELIANCE.NS
[2026-07-22 16:10:19,836] INFO    - [indicators:289 ] - Computing technical indicators across all categories...
[2026-07-22 16:10:19,976] INFO    - [indicators:305 ] - Successfully computed 59 indicator columns.
[2026-07-22 16:10:20,028] INFO    - [feature_store:40] - Successfully loaded 79 features for RELIANCE.NS | ticker=RELIANCE.NS
[2026-07-22 16:10:20,057] INFO    - [feature_store:118] - Saved Feature Store for RELIANCE.NS to storage/features\RELIANCE_NS.parquet | ticker=RELIANCE.NS
[2026-07-22 16:10:20,058] INFO    - [candlestick:169] - Computing price action returns and candlestick patterns...
[2026-07-22 16:10:20,127] INFO    - [candlestick:184] - Successfully computed 15 price action / pattern columns.
[2026-07-22 16:10:20,135] INFO    - [feature_store:40] - Successfully loaded 79 features for RELIANCE.NS | ticker=RELIANCE.NS
[2026-07-22 16:10:20,161] INFO    - [feature_store:118] - Saved Feature Store for RELIANCE.NS to storage/features\RELIANCE_NS.parquet | ticker=RELIANCE.NS
[2026-07-22 16:10:20,187] INFO    - [vix_analysis:42] - India VIX: 15.00 (Percentile: 100.0%, Regime: Normal)
[2026-07-22 16:10:20,200] INFO    - [chart_data:31  ] - Constructing client visualization payload...
[2026-07-22 16:10:20,249] INFO    - [analysis:204   ] - Completed deterministic analysis for RELIANCE.NS in 561.9ms | ticker=RELIANCE.NS execution_time=561.89ms
[2026-07-22 16:10:20,283] INFO    - [feature_store:40] - Successfully loaded 79 features for TCS.NS | ticker=TCS.NS
[2026-07-22 16:10:20,310] INFO    - [feature_store:118] - Saved Feature Store for TCS.NS to storage/features\TCS_NS.parquet | ticker=TCS.NS
[2026-07-22 16:10:20,311] INFO    - [indicators:289 ] - Computing technical indicators across all categories...
[2026-07-22 16:10:20,419] INFO    - [indicators:305 ] - Successfully computed 59 indicator columns.
[2026-07-22 16:10:20,429] INFO    - [feature_store:40] - Successfully loaded 79 features for TCS.NS | ticker=TCS.NS
[2026-07-22 16:10:20,449] INFO    - [feature_store:118] - Saved Feature Store for TCS.NS to storage/features\TCS_NS.parquet | ticker=TCS.NS
[2026-07-22 16:10:20,451] INFO    - [candlestick:169] - Computing price action returns and candlestick patterns...
[2026-07-22 16:10:20,512] INFO    - [candlestick:184] - Successfully computed 15 price action / pattern columns.
[2026-07-22 16:10:20,522] INFO    - [feature_store:40] - Successfully loaded 79 features for TCS.NS | ticker=TCS.NS
[2026-07-22 16:10:20,547] INFO    - [feature_store:118] - Saved Feature Store for TCS.NS to storage/features\TCS_NS.parquet | ticker=TCS.NS
[2026-07-22 16:10:20,569] INFO    - [vix_analysis:42] - India VIX: 15.00 (Percentile: 100.0%, Regime: Normal)
[2026-07-22 16:10:20,580] INFO    - [chart_data:31  ] - Constructing client visualization payload...
[2026-07-22 16:10:20,631] INFO    - [analysis:204   ] - Completed deterministic analysis for TCS.NS in 357.7ms | ticker=TCS.NS execution_time=357.74ms
[2026-07-22 16:10:20,654] INFO    - [analysis:60    ] - Auto-appended .NS suffix to ticker: INV@LID -> INV@LID.NS | ticker=INV@LID.NS
[2026-07-22 16:10:20,654] ERROR   - [exceptions:44  ] - API Exception on /analyze/INV@LID: Invalid ticker symbol format: 'INV@LID'
[2026-07-22 16:10:20,668] INFO    - [analysis:60    ] - Auto-appended .NS suffix to ticker: INVALID_TICKER -> INVALID_TICKER.NS | ticker=INVALID_TICKER.NS
[2026-07-22 16:10:20,669] ERROR   - [exceptions:44  ] - API Exception on /analyze/INVALID_TICKER: Ticker symbol 'INVALID_TICKER.NS' not found on Yahoo Finance.
[2026-07-22 16:10:20,697] INFO    - [feature_store:40] - Successfully loaded 79 features for RELIANCE.NS | ticker=RELIANCE.NS
[2026-07-22 16:10:20,729] INFO    - [feature_store:118] - Saved Feature Store for RELIANCE.NS to storage/features\RELIANCE_NS.parquet | ticker=RELIANCE.NS
[2026-07-22 16:10:20,730] INFO    - [indicators:289 ] - Computing technical indicators across all categories...
[2026-07-22 16:10:20,844] INFO    - [indicators:305 ] - Successfully computed 59 indicator columns.
[2026-07-22 16:10:20,851] INFO    - [feature_store:40] - Successfully loaded 79 features for RELIANCE.NS | ticker=RELIANCE.NS
[2026-07-22 16:10:20,875] INFO    - [feature_store:118] - Saved Feature Store for RELIANCE.NS to storage/features\RELIANCE_NS.parquet | ticker=RELIANCE.NS
[2026-07-22 16:10:20,876] INFO    - [candlestick:169] - Computing price action returns and candlestick patterns...
[2026-07-22 16:10:20,931] INFO    - [candlestick:184] - Successfully computed 15 price action / pattern columns.
[2026-07-22 16:10:20,941] INFO    - [feature_store:40] - Successfully loaded 79 features for RELIANCE.NS | ticker=RELIANCE.NS
[2026-07-22 16:10:20,961] INFO    - [feature_store:118] - Saved Feature Store for RELIANCE.NS to storage/features\RELIANCE_NS.parquet | ticker=RELIANCE.NS
[2026-07-22 16:10:20,981] INFO    - [vix_analysis:42] - India VIX: 15.00 (Percentile: 100.0%, Regime: Normal)
[2026-07-22 16:10:20,990] INFO    - [chart_data:31  ] - Constructing client visualization payload...
[2026-07-22 16:10:21,032] INFO    - [analysis:204   ] - Completed deterministic analysis for RELIANCE.NS in 344.7ms | ticker=RELIANCE.NS execution_time=344.70ms
[2026-07-22 16:10:21,045] INFO    - [feature_store:40] - Successfully loaded 79 features for TCS.NS | ticker=TCS.NS
[2026-07-22 16:10:21,072] INFO    - [feature_store:118] - Saved Feature Store for TCS.NS to storage/features\TCS_NS.parquet | ticker=TCS.NS
[2026-07-22 16:10:21,073] INFO    - [indicators:289 ] - Computing technical indicators across all categories...
[2026-07-22 16:10:21,196] INFO    - [indicators:305 ] - Successfully computed 59 indicator columns.
[2026-07-22 16:10:21,205] INFO    - [feature_store:40] - Successfully loaded 79 features for TCS.NS | ticker=TCS.NS
[2026-07-22 16:10:21,227] INFO    - [feature_store:118] - Saved Feature Store for TCS.NS to storage/features\TCS_NS.parquet | ticker=TCS.NS
[2026-07-22 16:10:21,228] INFO    - [candlestick:169] - Computing price action returns and candlestick patterns...
[2026-07-22 16:10:21,299] INFO    - [candlestick:184] - Successfully computed 15 price action / pattern columns.
[2026-07-22 16:10:21,307] INFO    - [feature_store:40] - Successfully loaded 79 features for TCS.NS | ticker=TCS.NS
[2026-07-22 16:10:21,327] INFO    - [feature_store:118] - Saved Feature Store for TCS.NS to storage/features\TCS_NS.parquet | ticker=TCS.NS
[2026-07-22 16:10:21,349] INFO    - [vix_analysis:42] - India VIX: 15.00 (Percentile: 100.0%, Regime: Normal)
[2026-07-22 16:10:21,361] INFO    - [chart_data:31  ] - Constructing client visualization payload...
[2026-07-22 16:10:21,412] INFO    - [analysis:204   ] - Completed deterministic analysis for TCS.NS in 377.4ms | ticker=TCS.NS execution_time=377.36ms
[2026-07-22 16:10:21,445] ERROR   - [exceptions:44  ] - API Exception on /analyze: Maximum batch size exceeded. Please request at most 5 tickers at a time.
[2026-07-22 16:10:21,460] INFO    - [cache:126      ] - Cached data saved for ticker TEST_STOCK | ticker=TEST_STOCK
[2026-07-22 16:10:21,468] INFO    - [cache:103      ] - Cache HIT for ticker TEST_STOCK | ticker=TEST_STOCK
[2026-07-22 16:10:21,477] INFO    - [cache:126      ] - Cached data saved for ticker TEST_VALIDITY | ticker=TEST_VALIDITY
[2026-07-22 16:10:21,503] INFO    - [downloader:73  ] - Successfully cleaned and validated data for TEST_TICKER. Rows: 4 | ticker=TEST_TICKER
[2026-07-22 16:10:21,509] INFO    - [downloader:86  ] - Downloading ticker data from yfinance: RELIANCE.NS (Years: 2) | ticker=RELIANCE.NS
[2026-07-22 16:10:21,517] INFO    - [downloader:73  ] - Successfully cleaned and validated data for RELIANCE.NS. Rows: 3 | ticker=RELIANCE.NS
[2026-07-22 16:10:21,530] INFO    - [feature_store:118] - Saved Feature Store for RELIANCE_TEST to storage/test_features\RELIANCE_TEST.parquet | ticker=RELIANCE_TEST
[2026-07-22 16:10:21,533] INFO    - [feature_store:40] - Successfully loaded 2 features for RELIANCE_TEST | ticker=RELIANCE_TEST
[2026-07-22 16:10:21,541] INFO    - [feature_store:35] - No features Parquet file found for INFY_TEST at storage/test_features\INFY_TEST.parquet | ticker=INFY_TEST
[2026-07-22 16:10:21,542] INFO    - [feature_store:132] - Initializing new Feature Store for INFY_TEST during raw_ohlc | ticker=INFY_TEST
[2026-07-22 16:10:21,545] INFO    - [feature_store:118] - Saved Feature Store for INFY_TEST to storage/test_features\INFY_TEST.parquet | ticker=INFY_TEST
[2026-07-22 16:10:21,550] INFO    - [feature_store:40] - Successfully loaded 2 features for INFY_TEST | ticker=INFY_TEST
[2026-07-22 16:10:21,555] INFO    - [feature_store:118] - Saved Feature Store for INFY_TEST to storage/test_features\INFY_TEST.parquet | ticker=INFY_TEST
[2026-07-22 16:10:21,622] INFO    - [indicators:289 ] - Computing technical indicators across all categories...
[2026-07-22 16:10:21,750] INFO    - [indicators:305 ] - Successfully computed 53 indicator columns.
[2026-07-22 16:10:21,751] INFO    - [candlestick:169] - Computing price action returns and candlestick patterns...
[2026-07-22 16:10:21,788] INFO    - [candlestick:184] - Successfully computed 15 price action / pattern columns.
[2026-07-22 16:10:21,798] INFO    - [market_downloader:28] - Market index cache miss for ^NSEI. Downloading... | ticker=^NSEI
[2026-07-22 16:10:21,802] INFO    - [cache:126      ] - Cached data saved for ticker ^NSEI | ticker=^NSEI
[2026-07-22 16:10:21,806] INFO    - [cache:103      ] - Cache HIT for ticker ^NSEI | ticker=^NSEI
[2026-07-22 16:10:21,852] INFO    - [chart_data:31  ] - Constructing client visualization payload...
[2026-07-22 16:10:21,858] INFO    - [vix_analysis:42] - India VIX: 11.80 (Percentile: 66.7%, Regime: Low)
[2026-07-22 16:10:21,859] INFO    - [vix_analysis:42] - India VIX: 14.80 (Percentile: 66.7%, Regime: Normal)
[2026-07-22 16:10:21,860] INFO    - [vix_analysis:42] - India VIX: 22.00 (Percentile: 100.0%, Regime: Elevated)
[2026-07-22 16:10:21,861] INFO    - [vix_analysis:42] - India VIX: 29.50 (Percentile: 66.7%, Regime: Extreme)
[2026-07-22 16:10:21,882] INFO    - [chart_data:31  ] - Constructing client visualization payload...
[2026-07-22 16:21:11,331] INFO    - [analysis:60    ] - Auto-appended .NS suffix to ticker: RELIANCE -> RELIANCE.NS | ticker=RELIANCE.NS
[2026-07-22 16:21:11,378] INFO    - [feature_store:40] - Successfully loaded 79 features for RELIANCE.NS | ticker=RELIANCE.NS
[2026-07-22 16:21:11,455] INFO    - [feature_store:118] - Saved Feature Store for RELIANCE.NS to storage/features\RELIANCE_NS.parquet | ticker=RELIANCE.NS
[2026-07-22 16:21:11,456] INFO    - [indicators:289 ] - Computing technical indicators across all categories...
[2026-07-22 16:21:11,574] INFO    - [indicators:305 ] - Successfully computed 59 indicator columns.
[2026-07-22 16:21:11,585] INFO    - [feature_store:40] - Successfully loaded 79 features for RELIANCE.NS | ticker=RELIANCE.NS
[2026-07-22 16:21:11,610] INFO    - [feature_store:118] - Saved Feature Store for RELIANCE.NS to storage/features\RELIANCE_NS.parquet | ticker=RELIANCE.NS
[2026-07-22 16:21:11,611] INFO    - [candlestick:169] - Computing price action returns and candlestick patterns...
[2026-07-22 16:21:11,673] INFO    - [candlestick:184] - Successfully computed 15 price action / pattern columns.
[2026-07-22 16:21:11,683] INFO    - [feature_store:40] - Successfully loaded 79 features for RELIANCE.NS | ticker=RELIANCE.NS
[2026-07-22 16:21:11,709] INFO    - [feature_store:118] - Saved Feature Store for RELIANCE.NS to storage/features\RELIANCE_NS.parquet | ticker=RELIANCE.NS
[2026-07-22 16:21:11,747] INFO    - [vix_analysis:42] - India VIX: 15.00 (Percentile: 100.0%, Regime: Normal)
[2026-07-22 16:21:11,971] ERROR   - [exceptions:56  ] - Unhandled system exception on /analyze/RELIANCE: name 'stockBeta' is not defined
[2026-07-22 16:21:13,654] INFO    - [feature_store:40] - Successfully loaded 79 features for TCS.NS | ticker=TCS.NS
[2026-07-22 16:21:13,702] INFO    - [feature_store:118] - Saved Feature Store for TCS.NS to storage/features\TCS_NS.parquet | ticker=TCS.NS
[2026-07-22 16:21:13,704] INFO    - [indicators:289 ] - Computing technical indicators across all categories...
[2026-07-22 16:21:13,837] INFO    - [indicators:305 ] - Successfully computed 59 indicator columns.
[2026-07-22 16:21:13,851] INFO    - [feature_store:40] - Successfully loaded 79 features for TCS.NS | ticker=TCS.NS
[2026-07-22 16:21:13,897] INFO    - [feature_store:118] - Saved Feature Store for TCS.NS to storage/features\TCS_NS.parquet | ticker=TCS.NS
[2026-07-22 16:21:13,899] INFO    - [candlestick:169] - Computing price action returns and candlestick patterns...
[2026-07-22 16:21:14,030] INFO    - [candlestick:184] - Successfully computed 15 price action / pattern columns.
[2026-07-22 16:21:14,038] INFO    - [feature_store:40] - Successfully loaded 79 features for TCS.NS | ticker=TCS.NS
[2026-07-22 16:21:14,067] INFO    - [feature_store:118] - Saved Feature Store for TCS.NS to storage/features\TCS_NS.parquet | ticker=TCS.NS
[2026-07-22 16:21:14,100] INFO    - [vix_analysis:42] - India VIX: 15.00 (Percentile: 100.0%, Regime: Normal)
[2026-07-22 16:21:14,285] ERROR   - [exceptions:56  ] - Unhandled system exception on /analyze/TCS.NS: name 'stockBeta' is not defined
[2026-07-22 16:21:15,425] INFO    - [analysis:60    ] - Auto-appended .NS suffix to ticker: INV@LID -> INV@LID.NS | ticker=INV@LID.NS
[2026-07-22 16:21:15,426] ERROR   - [exceptions:44  ] - API Exception on /analyze/INV@LID: Invalid ticker symbol format: 'INV@LID'
[2026-07-22 16:21:15,439] INFO    - [analysis:60    ] - Auto-appended .NS suffix to ticker: INVALID_TICKER -> INVALID_TICKER.NS | ticker=INVALID_TICKER.NS
[2026-07-22 16:21:15,440] ERROR   - [exceptions:44  ] - API Exception on /analyze/INVALID_TICKER: Ticker symbol 'INVALID_TICKER.NS' not found on Yahoo Finance.
[2026-07-22 16:21:15,469] INFO    - [feature_store:40] - Successfully loaded 79 features for RELIANCE.NS | ticker=RELIANCE.NS
[2026-07-22 16:21:15,495] INFO    - [feature_store:118] - Saved Feature Store for RELIANCE.NS to storage/features\RELIANCE_NS.parquet | ticker=RELIANCE.NS
[2026-07-22 16:21:15,497] INFO    - [indicators:289 ] - Computing technical indicators across all categories...
[2026-07-22 16:21:15,636] INFO    - [indicators:305 ] - Successfully computed 59 indicator columns.
[2026-07-22 16:21:15,647] INFO    - [feature_store:40] - Successfully loaded 79 features for RELIANCE.NS | ticker=RELIANCE.NS
[2026-07-22 16:21:15,667] INFO    - [feature_store:118] - Saved Feature Store for RELIANCE.NS to storage/features\RELIANCE_NS.parquet | ticker=RELIANCE.NS
[2026-07-22 16:21:15,669] INFO    - [candlestick:169] - Computing price action returns and candlestick patterns...
[2026-07-22 16:21:15,747] INFO    - [candlestick:184] - Successfully computed 15 price action / pattern columns.
[2026-07-22 16:21:15,757] INFO    - [feature_store:40] - Successfully loaded 79 features for RELIANCE.NS | ticker=RELIANCE.NS
[2026-07-22 16:21:15,797] INFO    - [feature_store:118] - Saved Feature Store for RELIANCE.NS to storage/features\RELIANCE_NS.parquet | ticker=RELIANCE.NS
[2026-07-22 16:21:15,838] INFO    - [vix_analysis:42] - India VIX: 15.00 (Percentile: 100.0%, Regime: Normal)
[2026-07-22 16:21:16,014] ERROR   - [analysis:290   ] - Batch analysis failed on RELIANCE.NS: name 'stockBeta' is not defined | ticker=RELIANCE.NS
[2026-07-22 16:21:16,015] ERROR   - [exceptions:56  ] - Unhandled system exception on /analyze: name 'stockBeta' is not defined
[2026-07-22 16:21:17,059] ERROR   - [exceptions:44  ] - API Exception on /analyze: Maximum batch size exceeded. Please request at most 5 tickers at a time.
[2026-07-22 16:21:17,073] INFO    - [cache:126      ] - Cached data saved for ticker TEST_STOCK | ticker=TEST_STOCK
[2026-07-22 16:21:17,079] INFO    - [cache:103      ] - Cache HIT for ticker TEST_STOCK | ticker=TEST_STOCK
[2026-07-22 16:21:17,090] INFO    - [cache:126      ] - Cached data saved for ticker TEST_VALIDITY | ticker=TEST_VALIDITY
[2026-07-22 16:21:17,118] INFO    - [downloader:73  ] - Successfully cleaned and validated data for TEST_TICKER. Rows: 4 | ticker=TEST_TICKER
[2026-07-22 16:21:17,125] INFO    - [downloader:86  ] - Downloading ticker data from yfinance: RELIANCE.NS (Years: 2) | ticker=RELIANCE.NS
[2026-07-22 16:21:17,132] INFO    - [downloader:73  ] - Successfully cleaned and validated data for RELIANCE.NS. Rows: 3 | ticker=RELIANCE.NS
[2026-07-22 16:21:17,142] INFO    - [feature_store:118] - Saved Feature Store for RELIANCE_TEST to storage/test_features\RELIANCE_TEST.parquet | ticker=RELIANCE_TEST
[2026-07-22 16:21:17,147] INFO    - [feature_store:40] - Successfully loaded 2 features for RELIANCE_TEST | ticker=RELIANCE_TEST
[2026-07-22 16:21:17,156] INFO    - [feature_store:35] - No features Parquet file found for INFY_TEST at storage/test_features\INFY_TEST.parquet | ticker=INFY_TEST
[2026-07-22 16:21:17,157] INFO    - [feature_store:132] - Initializing new Feature Store for INFY_TEST during raw_ohlc | ticker=INFY_TEST
[2026-07-22 16:21:17,161] INFO    - [feature_store:118] - Saved Feature Store for INFY_TEST to storage/test_features\INFY_TEST.parquet | ticker=INFY_TEST
[2026-07-22 16:21:17,166] INFO    - [feature_store:40] - Successfully loaded 2 features for INFY_TEST | ticker=INFY_TEST
[2026-07-22 16:21:17,171] INFO    - [feature_store:118] - Saved Feature Store for INFY_TEST to storage/test_features\INFY_TEST.parquet | ticker=INFY_TEST
[2026-07-22 16:21:17,235] INFO    - [indicators:289 ] - Computing technical indicators across all categories...
[2026-07-22 16:21:17,348] INFO    - [indicators:305 ] - Successfully computed 53 indicator columns.
[2026-07-22 16:21:17,349] INFO    - [candlestick:169] - Computing price action returns and candlestick patterns...
[2026-07-22 16:21:17,381] INFO    - [candlestick:184] - Successfully computed 15 price action / pattern columns.
[2026-07-22 16:21:17,389] INFO    - [market_downloader:28] - Market index cache miss for ^NSEI. Downloading... | ticker=^NSEI
[2026-07-22 16:21:17,393] INFO    - [cache:126      ] - Cached data saved for ticker ^NSEI | ticker=^NSEI
[2026-07-22 16:21:17,396] INFO    - [cache:103      ] - Cache HIT for ticker ^NSEI | ticker=^NSEI
[2026-07-22 16:21:17,449] INFO    - [chart_data:31  ] - Constructing client visualization payload...
[2026-07-22 16:21:17,455] INFO    - [vix_analysis:42] - India VIX: 11.80 (Percentile: 66.7%, Regime: Low)
[2026-07-22 16:21:17,456] INFO    - [vix_analysis:42] - India VIX: 14.80 (Percentile: 66.7%, Regime: Normal)
[2026-07-22 16:21:17,458] INFO    - [vix_analysis:42] - India VIX: 22.00 (Percentile: 100.0%, Regime: Elevated)
[2026-07-22 16:21:17,460] INFO    - [vix_analysis:42] - India VIX: 29.50 (Percentile: 66.7%, Regime: Extreme)
[2026-07-22 16:21:17,534] INFO    - [chart_data:31  ] - Constructing client visualization payload...
[2026-07-22 16:22:03,460] INFO    - [analysis:60    ] - Auto-appended .NS suffix to ticker: RELIANCE -> RELIANCE.NS | ticker=RELIANCE.NS
[2026-07-22 16:22:03,511] INFO    - [feature_store:40] - Successfully loaded 79 features for RELIANCE.NS | ticker=RELIANCE.NS
[2026-07-22 16:22:03,594] INFO    - [feature_store:118] - Saved Feature Store for RELIANCE.NS to storage/features\RELIANCE_NS.parquet | ticker=RELIANCE.NS
[2026-07-22 16:22:03,595] INFO    - [indicators:289 ] - Computing technical indicators across all categories...
[2026-07-22 16:22:03,721] INFO    - [indicators:305 ] - Successfully computed 59 indicator columns.
[2026-07-22 16:22:03,736] INFO    - [feature_store:40] - Successfully loaded 79 features for RELIANCE.NS | ticker=RELIANCE.NS
[2026-07-22 16:22:03,771] INFO    - [feature_store:118] - Saved Feature Store for RELIANCE.NS to storage/features\RELIANCE_NS.parquet | ticker=RELIANCE.NS
[2026-07-22 16:22:03,774] INFO    - [candlestick:169] - Computing price action returns and candlestick patterns...
[2026-07-22 16:22:03,868] INFO    - [candlestick:184] - Successfully computed 15 price action / pattern columns.
[2026-07-22 16:22:03,883] INFO    - [feature_store:40] - Successfully loaded 79 features for RELIANCE.NS | ticker=RELIANCE.NS
[2026-07-22 16:22:03,931] INFO    - [feature_store:118] - Saved Feature Store for RELIANCE.NS to storage/features\RELIANCE_NS.parquet | ticker=RELIANCE.NS
[2026-07-22 16:22:03,976] INFO    - [vix_analysis:42] - India VIX: 15.00 (Percentile: 100.0%, Regime: Normal)
[2026-07-22 16:22:04,176] INFO    - [chart_data:31  ] - Constructing client visualization payload...
[2026-07-22 16:22:04,256] INFO    - [analysis:214   ] - Completed deterministic analysis for RELIANCE.NS in 793.2ms | ticker=RELIANCE.NS execution_time=793.24ms
[2026-07-22 16:22:04,307] INFO    - [feature_store:40] - Successfully loaded 79 features for TCS.NS | ticker=TCS.NS
[2026-07-22 16:22:04,339] INFO    - [feature_store:118] - Saved Feature Store for TCS.NS to storage/features\TCS_NS.parquet | ticker=TCS.NS
[2026-07-22 16:22:04,341] INFO    - [indicators:289 ] - Computing technical indicators across all categories...
[2026-07-22 16:22:04,478] INFO    - [indicators:305 ] - Successfully computed 59 indicator columns.
[2026-07-22 16:22:04,488] INFO    - [feature_store:40] - Successfully loaded 79 features for TCS.NS | ticker=TCS.NS
[2026-07-22 16:22:04,518] INFO    - [feature_store:118] - Saved Feature Store for TCS.NS to storage/features\TCS_NS.parquet | ticker=TCS.NS
[2026-07-22 16:22:04,520] INFO    - [candlestick:169] - Computing price action returns and candlestick patterns...
[2026-07-22 16:22:04,641] INFO    - [candlestick:184] - Successfully computed 15 price action / pattern columns.
[2026-07-22 16:22:04,657] INFO    - [feature_store:40] - Successfully loaded 79 features for TCS.NS | ticker=TCS.NS
[2026-07-22 16:22:04,705] INFO    - [feature_store:118] - Saved Feature Store for TCS.NS to storage/features\TCS_NS.parquet | ticker=TCS.NS
[2026-07-22 16:22:04,739] INFO    - [vix_analysis:42] - India VIX: 15.00 (Percentile: 100.0%, Regime: Normal)
[2026-07-22 16:22:04,880] INFO    - [chart_data:31  ] - Constructing client visualization payload...
[2026-07-22 16:22:04,944] INFO    - [analysis:214   ] - Completed deterministic analysis for TCS.NS in 653.3ms | ticker=TCS.NS execution_time=653.32ms
[2026-07-22 16:22:04,969] INFO    - [analysis:60    ] - Auto-appended .NS suffix to ticker: INV@LID -> INV@LID.NS | ticker=INV@LID.NS
[2026-07-22 16:22:04,970] ERROR   - [exceptions:44  ] - API Exception on /analyze/INV@LID: Invalid ticker symbol format: 'INV@LID'
[2026-07-22 16:22:04,984] INFO    - [analysis:60    ] - Auto-appended .NS suffix to ticker: INVALID_TICKER -> INVALID_TICKER.NS | ticker=INVALID_TICKER.NS
[2026-07-22 16:22:04,985] ERROR   - [exceptions:44  ] - API Exception on /analyze/INVALID_TICKER: Ticker symbol 'INVALID_TICKER.NS' not found on Yahoo Finance.
[2026-07-22 16:22:05,014] INFO    - [feature_store:40] - Successfully loaded 79 features for RELIANCE.NS | ticker=RELIANCE.NS
[2026-07-22 16:22:05,048] INFO    - [feature_store:118] - Saved Feature Store for RELIANCE.NS to storage/features\RELIANCE_NS.parquet | ticker=RELIANCE.NS
[2026-07-22 16:22:05,051] INFO    - [indicators:289 ] - Computing technical indicators across all categories...
[2026-07-22 16:22:05,213] INFO    - [indicators:305 ] - Successfully computed 59 indicator columns.
[2026-07-22 16:22:05,224] INFO    - [feature_store:40] - Successfully loaded 79 features for RELIANCE.NS | ticker=RELIANCE.NS
[2026-07-22 16:22:05,261] INFO    - [feature_store:118] - Saved Feature Store for RELIANCE.NS to storage/features\RELIANCE_NS.parquet | ticker=RELIANCE.NS
[2026-07-22 16:22:05,263] INFO    - [candlestick:169] - Computing price action returns and candlestick patterns...
[2026-07-22 16:22:05,346] INFO    - [candlestick:184] - Successfully computed 15 price action / pattern columns.
[2026-07-22 16:22:05,361] INFO    - [feature_store:40] - Successfully loaded 79 features for RELIANCE.NS | ticker=RELIANCE.NS
[2026-07-22 16:22:05,390] INFO    - [feature_store:118] - Saved Feature Store for RELIANCE.NS to storage/features\RELIANCE_NS.parquet | ticker=RELIANCE.NS
[2026-07-22 16:22:05,427] INFO    - [vix_analysis:42] - India VIX: 15.00 (Percentile: 100.0%, Regime: Normal)
[2026-07-22 16:22:05,553] INFO    - [chart_data:31  ] - Constructing client visualization payload...
[2026-07-22 16:22:05,619] INFO    - [analysis:214   ] - Completed deterministic analysis for RELIANCE.NS in 616.3ms | ticker=RELIANCE.NS execution_time=616.27ms
[2026-07-22 16:22:05,634] INFO    - [feature_store:40] - Successfully loaded 79 features for TCS.NS | ticker=TCS.NS
[2026-07-22 16:22:05,654] INFO    - [feature_store:118] - Saved Feature Store for TCS.NS to storage/features\TCS_NS.parquet | ticker=TCS.NS
[2026-07-22 16:22:05,655] INFO    - [indicators:289 ] - Computing technical indicators across all categories...
[2026-07-22 16:22:05,777] INFO    - [indicators:305 ] - Successfully computed 59 indicator columns.
[2026-07-22 16:22:05,788] INFO    - [feature_store:40] - Successfully loaded 79 features for TCS.NS | ticker=TCS.NS
[2026-07-22 16:22:05,811] INFO    - [feature_store:118] - Saved Feature Store for TCS.NS to storage/features\TCS_NS.parquet | ticker=TCS.NS
[2026-07-22 16:22:05,812] INFO    - [candlestick:169] - Computing price action returns and candlestick patterns...
[2026-07-22 16:22:05,956] INFO    - [candlestick:184] - Successfully computed 15 price action / pattern columns.
[2026-07-22 16:22:05,966] INFO    - [feature_store:40] - Successfully loaded 79 features for TCS.NS | ticker=TCS.NS
[2026-07-22 16:22:05,987] INFO    - [feature_store:118] - Saved Feature Store for TCS.NS to storage/features\TCS_NS.parquet | ticker=TCS.NS
[2026-07-22 16:22:06,017] INFO    - [vix_analysis:42] - India VIX: 15.00 (Percentile: 100.0%, Regime: Normal)
[2026-07-22 16:22:06,147] INFO    - [chart_data:31  ] - Constructing client visualization payload...
[2026-07-22 16:22:06,214] INFO    - [analysis:214   ] - Completed deterministic analysis for TCS.NS in 593.6ms | ticker=TCS.NS execution_time=593.56ms
[2026-07-22 16:22:06,249] ERROR   - [exceptions:44  ] - API Exception on /analyze: Maximum batch size exceeded. Please request at most 5 tickers at a time.
[2026-07-22 16:22:06,262] INFO    - [cache:126      ] - Cached data saved for ticker TEST_STOCK | ticker=TEST_STOCK
[2026-07-22 16:22:06,270] INFO    - [cache:103      ] - Cache HIT for ticker TEST_STOCK | ticker=TEST_STOCK
[2026-07-22 16:22:06,281] INFO    - [cache:126      ] - Cached data saved for ticker TEST_VALIDITY | ticker=TEST_VALIDITY
[2026-07-22 16:22:06,308] INFO    - [downloader:73  ] - Successfully cleaned and validated data for TEST_TICKER. Rows: 4 | ticker=TEST_TICKER
[2026-07-22 16:22:06,315] INFO    - [downloader:86  ] - Downloading ticker data from yfinance: RELIANCE.NS (Years: 2) | ticker=RELIANCE.NS
[2026-07-22 16:22:06,322] INFO    - [downloader:73  ] - Successfully cleaned and validated data for RELIANCE.NS. Rows: 3 | ticker=RELIANCE.NS
[2026-07-22 16:22:06,333] INFO    - [feature_store:118] - Saved Feature Store for RELIANCE_TEST to storage/test_features\RELIANCE_TEST.parquet | ticker=RELIANCE_TEST
[2026-07-22 16:22:06,337] INFO    - [feature_store:40] - Successfully loaded 2 features for RELIANCE_TEST | ticker=RELIANCE_TEST
[2026-07-22 16:22:06,346] INFO    - [feature_store:35] - No features Parquet file found for INFY_TEST at storage/test_features\INFY_TEST.parquet | ticker=INFY_TEST
[2026-07-22 16:22:06,346] INFO    - [feature_store:132] - Initializing new Feature Store for INFY_TEST during raw_ohlc | ticker=INFY_TEST
[2026-07-22 16:22:06,351] INFO    - [feature_store:118] - Saved Feature Store for INFY_TEST to storage/test_features\INFY_TEST.parquet | ticker=INFY_TEST
[2026-07-22 16:22:06,356] INFO    - [feature_store:40] - Successfully loaded 2 features for INFY_TEST | ticker=INFY_TEST
[2026-07-22 16:22:06,361] INFO    - [feature_store:118] - Saved Feature Store for INFY_TEST to storage/test_features\INFY_TEST.parquet | ticker=INFY_TEST
[2026-07-22 16:22:06,438] INFO    - [indicators:289 ] - Computing technical indicators across all categories...
[2026-07-22 16:22:06,528] INFO    - [indicators:305 ] - Successfully computed 53 indicator columns.
[2026-07-22 16:22:06,528] INFO    - [candlestick:169] - Computing price action returns and candlestick patterns...
[2026-07-22 16:22:06,565] INFO    - [candlestick:184] - Successfully computed 15 price action / pattern columns.
[2026-07-22 16:22:06,575] INFO    - [market_downloader:28] - Market index cache miss for ^NSEI. Downloading... | ticker=^NSEI
[2026-07-22 16:22:06,579] INFO    - [cache:126      ] - Cached data saved for ticker ^NSEI | ticker=^NSEI
[2026-07-22 16:22:06,584] INFO    - [cache:103      ] - Cache HIT for ticker ^NSEI | ticker=^NSEI
[2026-07-22 16:22:06,645] INFO    - [chart_data:31  ] - Constructing client visualization payload...
[2026-07-22 16:22:06,651] INFO    - [vix_analysis:42] - India VIX: 11.80 (Percentile: 66.7%, Regime: Low)
[2026-07-22 16:22:06,652] INFO    - [vix_analysis:42] - India VIX: 14.80 (Percentile: 66.7%, Regime: Normal)
[2026-07-22 16:22:06,653] INFO    - [vix_analysis:42] - India VIX: 22.00 (Percentile: 100.0%, Regime: Elevated)
[2026-07-22 16:22:06,654] INFO    - [vix_analysis:42] - India VIX: 29.50 (Percentile: 66.7%, Regime: Extreme)
[2026-07-22 16:22:07,303] INFO    - [chart_data:31  ] - Constructing client visualization payload...
[2026-07-22 16:22:27,927] INFO    - [analysis:60    ] - Auto-appended .NS suffix to ticker: RELIANCE -> RELIANCE.NS | ticker=RELIANCE.NS
[2026-07-22 16:22:27,980] INFO    - [feature_store:40] - Successfully loaded 79 features for RELIANCE.NS | ticker=RELIANCE.NS
[2026-07-22 16:22:28,010] INFO    - [feature_store:118] - Saved Feature Store for RELIANCE.NS to storage/features\RELIANCE_NS.parquet | ticker=RELIANCE.NS
[2026-07-22 16:22:28,011] INFO    - [indicators:289 ] - Computing technical indicators across all categories...
[2026-07-22 16:22:28,157] INFO    - [indicators:305 ] - Successfully computed 59 indicator columns.
[2026-07-22 16:22:28,166] INFO    - [feature_store:40] - Successfully loaded 79 features for RELIANCE.NS | ticker=RELIANCE.NS
[2026-07-22 16:22:28,192] INFO    - [feature_store:118] - Saved Feature Store for RELIANCE.NS to storage/features\RELIANCE_NS.parquet | ticker=RELIANCE.NS
[2026-07-22 16:22:28,192] INFO    - [candlestick:169] - Computing price action returns and candlestick patterns...
[2026-07-22 16:22:28,246] INFO    - [candlestick:184] - Successfully computed 15 price action / pattern columns.
[2026-07-22 16:22:28,255] INFO    - [feature_store:40] - Successfully loaded 79 features for RELIANCE.NS | ticker=RELIANCE.NS
[2026-07-22 16:22:28,285] INFO    - [feature_store:118] - Saved Feature Store for RELIANCE.NS to storage/features\RELIANCE_NS.parquet | ticker=RELIANCE.NS
[2026-07-22 16:22:28,313] INFO    - [vix_analysis:42] - India VIX: 15.00 (Percentile: 100.0%, Regime: Normal)
[2026-07-22 16:22:28,467] INFO    - [chart_data:31  ] - Constructing client visualization payload...
[2026-07-22 16:22:28,521] INFO    - [analysis:214   ] - Completed deterministic analysis for RELIANCE.NS in 591.1ms | ticker=RELIANCE.NS execution_time=591.09ms
[2026-07-22 16:22:28,570] INFO    - [feature_store:40] - Successfully loaded 79 features for TCS.NS | ticker=TCS.NS
[2026-07-22 16:22:28,609] INFO    - [feature_store:118] - Saved Feature Store for TCS.NS to storage/features\TCS_NS.parquet | ticker=TCS.NS
[2026-07-22 16:22:28,611] INFO    - [indicators:289 ] - Computing technical indicators across all categories...
[2026-07-22 16:22:28,750] INFO    - [indicators:305 ] - Successfully computed 59 indicator columns.
[2026-07-22 16:22:28,764] INFO    - [feature_store:40] - Successfully loaded 79 features for TCS.NS | ticker=TCS.NS
[2026-07-22 16:22:28,792] INFO    - [feature_store:118] - Saved Feature Store for TCS.NS to storage/features\TCS_NS.parquet | ticker=TCS.NS
[2026-07-22 16:22:28,793] INFO    - [candlestick:169] - Computing price action returns and candlestick patterns...
[2026-07-22 16:22:28,864] INFO    - [candlestick:184] - Successfully computed 15 price action / pattern columns.
[2026-07-22 16:22:28,878] INFO    - [feature_store:40] - Successfully loaded 79 features for TCS.NS | ticker=TCS.NS
[2026-07-22 16:22:28,916] INFO    - [feature_store:118] - Saved Feature Store for TCS.NS to storage/features\TCS_NS.parquet | ticker=TCS.NS
[2026-07-22 16:22:28,938] INFO    - [vix_analysis:42] - India VIX: 15.00 (Percentile: 100.0%, Regime: Normal)
[2026-07-22 16:22:29,062] INFO    - [chart_data:31  ] - Constructing client visualization payload...
[2026-07-22 16:22:29,125] INFO    - [analysis:214   ] - Completed deterministic analysis for TCS.NS in 569.1ms | ticker=TCS.NS execution_time=569.06ms
[2026-07-22 16:22:29,147] INFO    - [analysis:60    ] - Auto-appended .NS suffix to ticker: INV@LID -> INV@LID.NS | ticker=INV@LID.NS
[2026-07-22 16:22:29,148] ERROR   - [exceptions:44  ] - API Exception on /analyze/INV@LID: Invalid ticker symbol format: 'INV@LID'
[2026-07-22 16:22:29,161] INFO    - [analysis:60    ] - Auto-appended .NS suffix to ticker: INVALID_TICKER -> INVALID_TICKER.NS | ticker=INVALID_TICKER.NS
[2026-07-22 16:22:29,162] ERROR   - [exceptions:44  ] - API Exception on /analyze/INVALID_TICKER: Ticker symbol 'INVALID_TICKER.NS' not found on Yahoo Finance.
[2026-07-22 16:22:29,187] INFO    - [feature_store:40] - Successfully loaded 79 features for RELIANCE.NS | ticker=RELIANCE.NS
[2026-07-22 16:22:29,214] INFO    - [feature_store:118] - Saved Feature Store for RELIANCE.NS to storage/features\RELIANCE_NS.parquet | ticker=RELIANCE.NS
[2026-07-22 16:22:29,215] INFO    - [indicators:289 ] - Computing technical indicators across all categories...
[2026-07-22 16:22:29,330] INFO    - [indicators:305 ] - Successfully computed 59 indicator columns.
[2026-07-22 16:22:29,339] INFO    - [feature_store:40] - Successfully loaded 79 features for RELIANCE.NS | ticker=RELIANCE.NS
[2026-07-22 16:22:29,376] INFO    - [feature_store:118] - Saved Feature Store for RELIANCE.NS to storage/features\RELIANCE_NS.parquet | ticker=RELIANCE.NS
[2026-07-22 16:22:29,378] INFO    - [candlestick:169] - Computing price action returns and candlestick patterns...
[2026-07-22 16:22:29,459] INFO    - [candlestick:184] - Successfully computed 15 price action / pattern columns.
[2026-07-22 16:22:29,468] INFO    - [feature_store:40] - Successfully loaded 79 features for RELIANCE.NS | ticker=RELIANCE.NS
[2026-07-22 16:22:29,503] INFO    - [feature_store:118] - Saved Feature Store for RELIANCE.NS to storage/features\RELIANCE_NS.parquet | ticker=RELIANCE.NS
[2026-07-22 16:22:29,526] INFO    - [vix_analysis:42] - India VIX: 15.00 (Percentile: 100.0%, Regime: Normal)
[2026-07-22 16:22:29,662] INFO    - [chart_data:31  ] - Constructing client visualization payload...
[2026-07-22 16:22:29,732] INFO    - [analysis:214   ] - Completed deterministic analysis for RELIANCE.NS in 556.0ms | ticker=RELIANCE.NS execution_time=556.00ms
[2026-07-22 16:22:29,748] INFO    - [feature_store:40] - Successfully loaded 79 features for TCS.NS | ticker=TCS.NS
[2026-07-22 16:22:29,780] INFO    - [feature_store:118] - Saved Feature Store for TCS.NS to storage/features\TCS_NS.parquet | ticker=TCS.NS
[2026-07-22 16:22:29,781] INFO    - [indicators:289 ] - Computing technical indicators across all categories...
[2026-07-22 16:22:29,899] INFO    - [indicators:305 ] - Successfully computed 59 indicator columns.
[2026-07-22 16:22:29,912] INFO    - [feature_store:40] - Successfully loaded 79 features for TCS.NS | ticker=TCS.NS
[2026-07-22 16:22:29,942] INFO    - [feature_store:118] - Saved Feature Store for TCS.NS to storage/features\TCS_NS.parquet | ticker=TCS.NS
[2026-07-22 16:22:29,944] INFO    - [candlestick:169] - Computing price action returns and candlestick patterns...
[2026-07-22 16:22:30,018] INFO    - [candlestick:184] - Successfully computed 15 price action / pattern columns.
[2026-07-22 16:22:30,027] INFO    - [feature_store:40] - Successfully loaded 79 features for TCS.NS | ticker=TCS.NS
[2026-07-22 16:22:30,059] INFO    - [feature_store:118] - Saved Feature Store for TCS.NS to storage/features\TCS_NS.parquet | ticker=TCS.NS
[2026-07-22 16:22:30,082] INFO    - [vix_analysis:42] - India VIX: 15.00 (Percentile: 100.0%, Regime: Normal)
[2026-07-22 16:22:30,212] INFO    - [chart_data:31  ] - Constructing client visualization payload...
[2026-07-22 16:22:30,278] INFO    - [analysis:214   ] - Completed deterministic analysis for TCS.NS in 543.3ms | ticker=TCS.NS execution_time=543.29ms
[2026-07-22 16:22:30,312] ERROR   - [exceptions:44  ] - API Exception on /analyze: Maximum batch size exceeded. Please request at most 5 tickers at a time.
[2026-07-22 16:22:30,326] INFO    - [cache:126      ] - Cached data saved for ticker TEST_STOCK | ticker=TEST_STOCK
[2026-07-22 16:22:30,335] INFO    - [cache:103      ] - Cache HIT for ticker TEST_STOCK | ticker=TEST_STOCK
[2026-07-22 16:22:30,346] INFO    - [cache:126      ] - Cached data saved for ticker TEST_VALIDITY | ticker=TEST_VALIDITY
[2026-07-22 16:22:30,373] INFO    - [downloader:73  ] - Successfully cleaned and validated data for TEST_TICKER. Rows: 4 | ticker=TEST_TICKER
[2026-07-22 16:22:30,379] INFO    - [downloader:86  ] - Downloading ticker data from yfinance: RELIANCE.NS (Years: 2) | ticker=RELIANCE.NS
[2026-07-22 16:22:30,384] INFO    - [downloader:73  ] - Successfully cleaned and validated data for RELIANCE.NS. Rows: 3 | ticker=RELIANCE.NS
[2026-07-22 16:22:30,393] INFO    - [feature_store:118] - Saved Feature Store for RELIANCE_TEST to storage/test_features\RELIANCE_TEST.parquet | ticker=RELIANCE_TEST
[2026-07-22 16:22:30,398] INFO    - [feature_store:40] - Successfully loaded 2 features for RELIANCE_TEST | ticker=RELIANCE_TEST
[2026-07-22 16:22:30,406] INFO    - [feature_store:35] - No features Parquet file found for INFY_TEST at storage/test_features\INFY_TEST.parquet | ticker=INFY_TEST
[2026-07-22 16:22:30,406] INFO    - [feature_store:132] - Initializing new Feature Store for INFY_TEST during raw_ohlc | ticker=INFY_TEST
[2026-07-22 16:22:30,411] INFO    - [feature_store:118] - Saved Feature Store for INFY_TEST to storage/test_features\INFY_TEST.parquet | ticker=INFY_TEST
[2026-07-22 16:22:30,416] INFO    - [feature_store:40] - Successfully loaded 2 features for INFY_TEST | ticker=INFY_TEST
[2026-07-22 16:22:30,422] INFO    - [feature_store:118] - Saved Feature Store for INFY_TEST to storage/test_features\INFY_TEST.parquet | ticker=INFY_TEST
[2026-07-22 16:22:30,495] INFO    - [indicators:289 ] - Computing technical indicators across all categories...
[2026-07-22 16:22:30,595] INFO    - [indicators:305 ] - Successfully computed 53 indicator columns.
[2026-07-22 16:22:30,595] INFO    - [candlestick:169] - Computing price action returns and candlestick patterns...
[2026-07-22 16:22:30,627] INFO    - [candlestick:184] - Successfully computed 15 price action / pattern columns.
[2026-07-22 16:22:30,635] INFO    - [market_downloader:28] - Market index cache miss for ^NSEI. Downloading... | ticker=^NSEI
[2026-07-22 16:22:30,640] INFO    - [cache:126      ] - Cached data saved for ticker ^NSEI | ticker=^NSEI
[2026-07-22 16:22:30,644] INFO    - [cache:103      ] - Cache HIT for ticker ^NSEI | ticker=^NSEI
[2026-07-22 16:22:30,696] INFO    - [chart_data:31  ] - Constructing client visualization payload...
[2026-07-22 16:22:30,701] INFO    - [vix_analysis:42] - India VIX: 11.80 (Percentile: 66.7%, Regime: Low)
[2026-07-22 16:22:30,702] INFO    - [vix_analysis:42] - India VIX: 14.80 (Percentile: 66.7%, Regime: Normal)
[2026-07-22 16:22:30,704] INFO    - [vix_analysis:42] - India VIX: 22.00 (Percentile: 100.0%, Regime: Elevated)
[2026-07-22 16:22:30,705] INFO    - [vix_analysis:42] - India VIX: 29.50 (Percentile: 66.7%, Regime: Extreme)
[2026-07-22 16:22:30,729] INFO    - [chart_data:31  ] - Constructing client visualization payload...
[2026-07-22 16:22:54,495] INFO    - [analysis:60    ] - Auto-appended .NS suffix to ticker: RELIANCE -> RELIANCE.NS | ticker=RELIANCE.NS
[2026-07-22 16:22:54,550] INFO    - [feature_store:40] - Successfully loaded 79 features for RELIANCE.NS | ticker=RELIANCE.NS
[2026-07-22 16:22:54,582] INFO    - [feature_store:118] - Saved Feature Store for RELIANCE.NS to storage/features\RELIANCE_NS.parquet | ticker=RELIANCE.NS
[2026-07-22 16:22:54,583] INFO    - [indicators:289 ] - Computing technical indicators across all categories...
[2026-07-22 16:22:54,714] INFO    - [indicators:305 ] - Successfully computed 59 indicator columns.
[2026-07-22 16:22:54,725] INFO    - [feature_store:40] - Successfully loaded 79 features for RELIANCE.NS | ticker=RELIANCE.NS
[2026-07-22 16:22:54,759] INFO    - [feature_store:118] - Saved Feature Store for RELIANCE.NS to storage/features\RELIANCE_NS.parquet | ticker=RELIANCE.NS
[2026-07-22 16:22:54,761] INFO    - [candlestick:169] - Computing price action returns and candlestick patterns...
[2026-07-22 16:22:54,836] INFO    - [candlestick:184] - Successfully computed 15 price action / pattern columns.
[2026-07-22 16:22:54,846] INFO    - [feature_store:40] - Successfully loaded 79 features for RELIANCE.NS | ticker=RELIANCE.NS
[2026-07-22 16:22:54,869] INFO    - [feature_store:118] - Saved Feature Store for RELIANCE.NS to storage/features\RELIANCE_NS.parquet | ticker=RELIANCE.NS
[2026-07-22 16:22:54,894] INFO    - [vix_analysis:42] - India VIX: 15.00 (Percentile: 100.0%, Regime: Normal)
[2026-07-22 16:22:55,047] INFO    - [chart_data:31  ] - Constructing client visualization payload...
[2026-07-22 16:22:55,099] INFO    - [analysis:214   ] - Completed deterministic analysis for RELIANCE.NS in 601.4ms | ticker=RELIANCE.NS execution_time=601.42ms
[2026-07-22 16:22:55,137] INFO    - [feature_store:40] - Successfully loaded 79 features for TCS.NS | ticker=TCS.NS
[2026-07-22 16:22:55,172] INFO    - [feature_store:118] - Saved Feature Store for TCS.NS to storage/features\TCS_NS.parquet | ticker=TCS.NS
[2026-07-22 16:22:55,173] INFO    - [indicators:289 ] - Computing technical indicators across all categories...
[2026-07-22 16:22:55,314] INFO    - [indicators:305 ] - Successfully computed 59 indicator columns.
[2026-07-22 16:22:55,329] INFO    - [feature_store:40] - Successfully loaded 79 features for TCS.NS | ticker=TCS.NS
[2026-07-22 16:22:55,358] INFO    - [feature_store:118] - Saved Feature Store for TCS.NS to storage/features\TCS_NS.parquet | ticker=TCS.NS
[2026-07-22 16:22:55,359] INFO    - [candlestick:169] - Computing price action returns and candlestick patterns...
[2026-07-22 16:22:55,463] INFO    - [candlestick:184] - Successfully computed 15 price action / pattern columns.
[2026-07-22 16:22:55,478] INFO    - [feature_store:40] - Successfully loaded 79 features for TCS.NS | ticker=TCS.NS
[2026-07-22 16:22:55,524] INFO    - [feature_store:118] - Saved Feature Store for TCS.NS to storage/features\TCS_NS.parquet | ticker=TCS.NS
[2026-07-22 16:22:55,559] INFO    - [vix_analysis:42] - India VIX: 15.00 (Percentile: 100.0%, Regime: Normal)
[2026-07-22 16:22:55,695] INFO    - [chart_data:31  ] - Constructing client visualization payload...
[2026-07-22 16:22:55,758] INFO    - [analysis:214   ] - Completed deterministic analysis for TCS.NS in 628.2ms | ticker=TCS.NS execution_time=628.25ms
[2026-07-22 16:22:55,788] INFO    - [analysis:60    ] - Auto-appended .NS suffix to ticker: INV@LID -> INV@LID.NS | ticker=INV@LID.NS
[2026-07-22 16:22:55,789] ERROR   - [exceptions:44  ] - API Exception on /analyze/INV@LID: Invalid ticker symbol format: 'INV@LID'
[2026-07-22 16:22:55,803] INFO    - [analysis:60    ] - Auto-appended .NS suffix to ticker: INVALID_TICKER -> INVALID_TICKER.NS | ticker=INVALID_TICKER.NS
[2026-07-22 16:22:55,804] ERROR   - [exceptions:44  ] - API Exception on /analyze/INVALID_TICKER: Ticker symbol 'INVALID_TICKER.NS' not found on Yahoo Finance.
[2026-07-22 16:22:55,831] INFO    - [feature_store:40] - Successfully loaded 79 features for RELIANCE.NS | ticker=RELIANCE.NS
[2026-07-22 16:22:55,862] INFO    - [feature_store:118] - Saved Feature Store for RELIANCE.NS to storage/features\RELIANCE_NS.parquet | ticker=RELIANCE.NS
[2026-07-22 16:22:55,865] INFO    - [indicators:289 ] - Computing technical indicators across all categories...
[2026-07-22 16:22:55,996] INFO    - [indicators:305 ] - Successfully computed 59 indicator columns.
[2026-07-22 16:22:56,009] INFO    - [feature_store:40] - Successfully loaded 79 features for RELIANCE.NS | ticker=RELIANCE.NS
[2026-07-22 16:22:56,033] INFO    - [feature_store:118] - Saved Feature Store for RELIANCE.NS to storage/features\RELIANCE_NS.parquet | ticker=RELIANCE.NS
[2026-07-22 16:22:56,034] INFO    - [candlestick:169] - Computing price action returns and candlestick patterns...
[2026-07-22 16:22:56,105] INFO    - [candlestick:184] - Successfully computed 15 price action / pattern columns.
[2026-07-22 16:22:56,114] INFO    - [feature_store:40] - Successfully loaded 79 features for RELIANCE.NS | ticker=RELIANCE.NS
[2026-07-22 16:22:56,138] INFO    - [feature_store:118] - Saved Feature Store for RELIANCE.NS to storage/features\RELIANCE_NS.parquet | ticker=RELIANCE.NS
[2026-07-22 16:22:56,159] INFO    - [vix_analysis:42] - India VIX: 15.00 (Percentile: 100.0%, Regime: Normal)
[2026-07-22 16:22:56,300] INFO    - [chart_data:31  ] - Constructing client visualization payload...
[2026-07-22 16:22:56,368] INFO    - [analysis:214   ] - Completed deterministic analysis for RELIANCE.NS in 546.4ms | ticker=RELIANCE.NS execution_time=546.43ms
[2026-07-22 16:22:56,380] INFO    - [feature_store:40] - Successfully loaded 79 features for TCS.NS | ticker=TCS.NS
[2026-07-22 16:22:56,411] INFO    - [feature_store:118] - Saved Feature Store for TCS.NS to storage/features\TCS_NS.parquet | ticker=TCS.NS
[2026-07-22 16:22:56,413] INFO    - [indicators:289 ] - Computing technical indicators across all categories...
[2026-07-22 16:22:56,522] INFO    - [indicators:305 ] - Successfully computed 59 indicator columns.
[2026-07-22 16:22:56,530] INFO    - [feature_store:40] - Successfully loaded 79 features for TCS.NS | ticker=TCS.NS
[2026-07-22 16:22:56,552] INFO    - [feature_store:118] - Saved Feature Store for TCS.NS to storage/features\TCS_NS.parquet | ticker=TCS.NS
[2026-07-22 16:22:56,554] INFO    - [candlestick:169] - Computing price action returns and candlestick patterns...
[2026-07-22 16:22:56,640] INFO    - [candlestick:184] - Successfully computed 15 price action / pattern columns.
[2026-07-22 16:22:56,653] INFO    - [feature_store:40] - Successfully loaded 79 features for TCS.NS | ticker=TCS.NS
[2026-07-22 16:22:56,682] INFO    - [feature_store:118] - Saved Feature Store for TCS.NS to storage/features\TCS_NS.parquet | ticker=TCS.NS
[2026-07-22 16:22:56,715] INFO    - [vix_analysis:42] - India VIX: 15.00 (Percentile: 100.0%, Regime: Normal)
[2026-07-22 16:22:56,882] INFO    - [chart_data:31  ] - Constructing client visualization payload...
[2026-07-22 16:22:56,946] INFO    - [analysis:214   ] - Completed deterministic analysis for TCS.NS in 576.6ms | ticker=TCS.NS execution_time=576.59ms
[2026-07-22 16:22:56,982] ERROR   - [exceptions:44  ] - API Exception on /analyze: Maximum batch size exceeded. Please request at most 5 tickers at a time.
[2026-07-22 16:22:56,996] INFO    - [cache:126      ] - Cached data saved for ticker TEST_STOCK | ticker=TEST_STOCK
[2026-07-22 16:22:57,004] INFO    - [cache:103      ] - Cache HIT for ticker TEST_STOCK | ticker=TEST_STOCK
[2026-07-22 16:22:57,016] INFO    - [cache:126      ] - Cached data saved for ticker TEST_VALIDITY | ticker=TEST_VALIDITY
[2026-07-22 16:22:57,047] INFO    - [downloader:73  ] - Successfully cleaned and validated data for TEST_TICKER. Rows: 4 | ticker=TEST_TICKER
[2026-07-22 16:22:57,053] INFO    - [downloader:86  ] - Downloading ticker data from yfinance: RELIANCE.NS (Years: 2) | ticker=RELIANCE.NS
[2026-07-22 16:22:57,062] INFO    - [downloader:73  ] - Successfully cleaned and validated data for RELIANCE.NS. Rows: 3 | ticker=RELIANCE.NS
[2026-07-22 16:22:57,072] INFO    - [feature_store:118] - Saved Feature Store for RELIANCE_TEST to storage/test_features\RELIANCE_TEST.parquet | ticker=RELIANCE_TEST
[2026-07-22 16:22:57,078] INFO    - [feature_store:40] - Successfully loaded 2 features for RELIANCE_TEST | ticker=RELIANCE_TEST
[2026-07-22 16:22:57,085] INFO    - [feature_store:35] - No features Parquet file found for INFY_TEST at storage/test_features\INFY_TEST.parquet | ticker=INFY_TEST
[2026-07-22 16:22:57,086] INFO    - [feature_store:132] - Initializing new Feature Store for INFY_TEST during raw_ohlc | ticker=INFY_TEST
[2026-07-22 16:22:57,090] INFO    - [feature_store:118] - Saved Feature Store for INFY_TEST to storage/test_features\INFY_TEST.parquet | ticker=INFY_TEST
[2026-07-22 16:22:57,095] INFO    - [feature_store:40] - Successfully loaded 2 features for INFY_TEST | ticker=INFY_TEST
[2026-07-22 16:22:57,101] INFO    - [feature_store:118] - Saved Feature Store for INFY_TEST to storage/test_features\INFY_TEST.parquet | ticker=INFY_TEST
[2026-07-22 16:22:57,186] INFO    - [indicators:289 ] - Computing technical indicators across all categories...
[2026-07-22 16:22:57,309] INFO    - [indicators:305 ] - Successfully computed 53 indicator columns.
[2026-07-22 16:22:57,310] INFO    - [candlestick:169] - Computing price action returns and candlestick patterns...
[2026-07-22 16:22:57,405] INFO    - [candlestick:184] - Successfully computed 15 price action / pattern columns.
[2026-07-22 16:22:57,413] INFO    - [market_downloader:28] - Market index cache miss for ^NSEI. Downloading... | ticker=^NSEI
[2026-07-22 16:22:57,417] INFO    - [cache:126      ] - Cached data saved for ticker ^NSEI | ticker=^NSEI
[2026-07-22 16:22:57,422] INFO    - [cache:103      ] - Cache HIT for ticker ^NSEI | ticker=^NSEI
[2026-07-22 16:22:57,483] INFO    - [chart_data:31  ] - Constructing client visualization payload...
[2026-07-22 16:22:57,489] INFO    - [vix_analysis:42] - India VIX: 11.80 (Percentile: 66.7%, Regime: Low)
[2026-07-22 16:22:57,491] INFO    - [vix_analysis:42] - India VIX: 14.80 (Percentile: 66.7%, Regime: Normal)
[2026-07-22 16:22:57,492] INFO    - [vix_analysis:42] - India VIX: 22.00 (Percentile: 100.0%, Regime: Elevated)
[2026-07-22 16:22:57,493] INFO    - [vix_analysis:42] - India VIX: 29.50 (Percentile: 66.7%, Regime: Extreme)
[2026-07-22 16:22:57,517] INFO    - [chart_data:31  ] - Constructing client visualization payload...
[2026-07-23 13:16:00,339] INFO    - [analysis:157   ] - Auto-appended .NS suffix to ticker: RELIANCE -> RELIANCE.NS | ticker=RELIANCE.NS
[2026-07-23 13:16:00,672] INFO    - [feature_store:40] - Successfully loaded 79 features for RELIANCE.NS | ticker=RELIANCE.NS
[2026-07-23 13:16:00,722] INFO    - [feature_store:118] - Saved Feature Store for RELIANCE.NS to storage/features\RELIANCE_NS.parquet | ticker=RELIANCE.NS
[2026-07-23 13:16:00,723] INFO    - [indicators:289 ] - Computing technical indicators across all categories...
[2026-07-23 13:16:00,841] INFO    - [indicators:305 ] - Successfully computed 59 indicator columns.
[2026-07-23 13:16:00,852] INFO    - [feature_store:40] - Successfully loaded 79 features for RELIANCE.NS | ticker=RELIANCE.NS
[2026-07-23 13:16:00,878] INFO    - [feature_store:118] - Saved Feature Store for RELIANCE.NS to storage/features\RELIANCE_NS.parquet | ticker=RELIANCE.NS
[2026-07-23 13:16:00,879] INFO    - [candlestick:169] - Computing price action returns and candlestick patterns...
[2026-07-23 13:16:00,936] INFO    - [candlestick:184] - Successfully computed 15 price action / pattern columns.
[2026-07-23 13:16:00,947] INFO    - [feature_store:40] - Successfully loaded 79 features for RELIANCE.NS | ticker=RELIANCE.NS
[2026-07-23 13:16:00,967] INFO    - [feature_store:118] - Saved Feature Store for RELIANCE.NS to storage/features\RELIANCE_NS.parquet | ticker=RELIANCE.NS
[2026-07-23 13:16:01,018] INFO    - [vix_analysis:42] - India VIX: 15.00 (Percentile: 100.0%, Regime: Normal)
[2026-07-23 13:16:01,156] INFO    - [chart_data:31  ] - Constructing client visualization payload...
[2026-07-23 13:16:01,224] INFO    - [analysis:343   ] - Completed deterministic analysis for RELIANCE.NS in 838.1ms | ticker=RELIANCE.NS execution_time=838.07ms
[2026-07-23 13:16:01,264] INFO    - [feature_store:40] - Successfully loaded 79 features for TCS.NS | ticker=TCS.NS
[2026-07-23 13:16:01,298] INFO    - [feature_store:118] - Saved Feature Store for TCS.NS to storage/features\TCS_NS.parquet | ticker=TCS.NS
[2026-07-23 13:16:01,299] INFO    - [indicators:289 ] - Computing technical indicators across all categories...
[2026-07-23 13:16:01,402] INFO    - [indicators:305 ] - Successfully computed 59 indicator columns.
[2026-07-23 13:16:01,414] INFO    - [feature_store:40] - Successfully loaded 79 features for TCS.NS | ticker=TCS.NS
[2026-07-23 13:16:01,465] INFO    - [feature_store:118] - Saved Feature Store for TCS.NS to storage/features\TCS_NS.parquet | ticker=TCS.NS
[2026-07-23 13:16:01,466] INFO    - [candlestick:169] - Computing price action returns and candlestick patterns...
[2026-07-23 13:16:01,593] INFO    - [candlestick:184] - Successfully computed 15 price action / pattern columns.
[2026-07-23 13:16:01,606] INFO    - [feature_store:40] - Successfully loaded 79 features for TCS.NS | ticker=TCS.NS
[2026-07-23 13:16:01,650] INFO    - [feature_store:118] - Saved Feature Store for TCS.NS to storage/features\TCS_NS.parquet | ticker=TCS.NS
[2026-07-23 13:16:01,688] INFO    - [vix_analysis:42] - India VIX: 15.00 (Percentile: 100.0%, Regime: Normal)
[2026-07-23 13:16:01,801] INFO    - [chart_data:31  ] - Constructing client visualization payload...
[2026-07-23 13:16:01,846] INFO    - [analysis:343   ] - Completed deterministic analysis for TCS.NS in 595.2ms | ticker=TCS.NS execution_time=595.22ms
[2026-07-23 13:16:01,867] INFO    - [analysis:157   ] - Auto-appended .NS suffix to ticker: INV@LID -> INV@LID.NS | ticker=INV@LID.NS
[2026-07-23 13:16:01,868] ERROR   - [exceptions:44  ] - API Exception on /analyze/INV@LID: Invalid ticker symbol format: 'INV@LID'
[2026-07-23 13:16:01,882] INFO    - [analysis:157   ] - Auto-appended .NS suffix to ticker: INVALID_TICKER -> INVALID_TICKER.NS | ticker=INVALID_TICKER.NS
[2026-07-23 13:16:01,883] ERROR   - [exceptions:44  ] - API Exception on /analyze/INVALID_TICKER: Ticker symbol 'INVALID_TICKER.NS' not found on Yahoo Finance.
[2026-07-23 13:16:01,897] INFO    - [analysis:167   ] - Analysis cache HIT for RELIANCE.NS (1d)
[2026-07-23 13:16:03,840] ERROR   - [analysis:442   ] - Batch analysis failed on RELIANCE.NS: type object 'datetime.time' has no attribute 'time' | ticker=RELIANCE.NS
[2026-07-23 13:16:03,843] ERROR   - [exceptions:56  ] - Unhandled system exception on /analyze: type object 'datetime.time' has no attribute 'time'
[2026-07-23 13:16:05,245] ERROR   - [exceptions:44  ] - API Exception on /analyze: Maximum batch size exceeded. Please request at most 5 tickers at a time.
[2026-07-23 13:16:06,150] ERROR   - [exceptions:56  ] - Unhandled system exception on /analyze/RELIANCE/quote: type object 'datetime.time' has no attribute 'time'
[2026-07-23 13:16:06,874] INFO    - [analysis:157   ] - Auto-appended .NS suffix to ticker: RELIANCE -> RELIANCE.NS | ticker=RELIANCE.NS
[2026-07-23 13:16:06,885] INFO    - [feature_store:40] - Successfully loaded 79 features for RELIANCE.NS | ticker=RELIANCE.NS
[2026-07-23 13:16:06,915] INFO    - [feature_store:118] - Saved Feature Store for RELIANCE.NS to storage/features\RELIANCE_NS.parquet | ticker=RELIANCE.NS
[2026-07-23 13:16:06,916] INFO    - [indicators:289 ] - Computing technical indicators across all categories...
[2026-07-23 13:16:06,994] INFO    - [indicators:305 ] - Successfully computed 59 indicator columns.
[2026-07-23 13:16:07,004] INFO    - [feature_store:40] - Successfully loaded 79 features for RELIANCE.NS | ticker=RELIANCE.NS
[2026-07-23 13:16:07,026] INFO    - [feature_store:118] - Saved Feature Store for RELIANCE.NS to storage/features\RELIANCE_NS.parquet | ticker=RELIANCE.NS
[2026-07-23 13:16:07,027] INFO    - [candlestick:169] - Computing price action returns and candlestick patterns...
[2026-07-23 13:16:07,081] INFO    - [candlestick:184] - Successfully computed 15 price action / pattern columns.
[2026-07-23 13:16:07,090] INFO    - [feature_store:40] - Successfully loaded 79 features for RELIANCE.NS | ticker=RELIANCE.NS
[2026-07-23 13:16:07,110] INFO    - [feature_store:118] - Saved Feature Store for RELIANCE.NS to storage/features\RELIANCE_NS.parquet | ticker=RELIANCE.NS
[2026-07-23 13:16:07,134] INFO    - [vix_analysis:42] - India VIX: 15.00 (Percentile: 100.0%, Regime: Normal)
[2026-07-23 13:16:07,246] INFO    - [chart_data:31  ] - Constructing client visualization payload...
[2026-07-23 13:16:07,288] INFO    - [analysis:343   ] - Completed deterministic analysis for RELIANCE.NS in 412.5ms | ticker=RELIANCE.NS execution_time=412.49ms
[2026-07-23 13:16:07,311] INFO    - [cache:149      ] - Cached data saved for ticker TEST_STOCK (1d) | ticker=TEST_STOCK
[2026-07-23 13:16:07,322] INFO    - [cache:122      ] - Cache HIT for ticker TEST_STOCK (1d) | ticker=TEST_STOCK
[2026-07-23 13:16:07,331] INFO    - [cache:149      ] - Cached data saved for ticker TEST_VALIDITY (1d) | ticker=TEST_VALIDITY
[2026-07-23 13:16:07,371] INFO    - [downloader:73  ] - Successfully cleaned and validated data for TEST_TICKER. Rows: 4 | ticker=TEST_TICKER
[2026-07-23 13:16:07,377] INFO    - [downloader:103 ] - Downloading ticker data from yfinance: RELIANCE.NS (Interval: 1d, Period: 2y) | ticker=RELIANCE.NS
[2026-07-23 13:16:07,384] INFO    - [downloader:73  ] - Successfully cleaned and validated data for RELIANCE.NS. Rows: 3 | ticker=RELIANCE.NS
[2026-07-23 13:16:07,393] INFO    - [feature_store:118] - Saved Feature Store for RELIANCE_TEST to storage/test_features\RELIANCE_TEST.parquet | ticker=RELIANCE_TEST
[2026-07-23 13:16:07,397] INFO    - [feature_store:40] - Successfully loaded 2 features for RELIANCE_TEST | ticker=RELIANCE_TEST
[2026-07-23 13:16:07,405] INFO    - [feature_store:35] - No features Parquet file found for INFY_TEST at storage/test_features\INFY_TEST.parquet | ticker=INFY_TEST
[2026-07-23 13:16:07,405] INFO    - [feature_store:132] - Initializing new Feature Store for INFY_TEST during raw_ohlc | ticker=INFY_TEST
[2026-07-23 13:16:07,409] INFO    - [feature_store:118] - Saved Feature Store for INFY_TEST to storage/test_features\INFY_TEST.parquet | ticker=INFY_TEST
[2026-07-23 13:16:07,413] INFO    - [feature_store:40] - Successfully loaded 2 features for INFY_TEST | ticker=INFY_TEST
[2026-07-23 13:16:07,418] INFO    - [feature_store:118] - Saved Feature Store for INFY_TEST to storage/test_features\INFY_TEST.parquet | ticker=INFY_TEST
[2026-07-23 13:16:07,491] INFO    - [indicators:289 ] - Computing technical indicators across all categories...
[2026-07-23 13:16:07,564] INFO    - [indicators:305 ] - Successfully computed 53 indicator columns.
[2026-07-23 13:16:07,565] INFO    - [candlestick:169] - Computing price action returns and candlestick patterns...
[2026-07-23 13:16:07,587] INFO    - [candlestick:184] - Successfully computed 15 price action / pattern columns.
[2026-07-23 13:16:07,596] INFO    - [market_downloader:28] - Market index cache miss for ^NSEI. Downloading... | ticker=^NSEI
[2026-07-23 13:16:07,599] INFO    - [cache:149      ] - Cached data saved for ticker ^NSEI (1d) | ticker=^NSEI
[2026-07-23 13:16:07,603] INFO    - [cache:122      ] - Cache HIT for ticker ^NSEI (1d) | ticker=^NSEI
[2026-07-23 13:16:07,687] INFO    - [chart_data:31  ] - Constructing client visualization payload...
[2026-07-23 13:16:07,691] INFO    - [vix_analysis:42] - India VIX: 11.80 (Percentile: 66.7%, Regime: Low)
[2026-07-23 13:16:07,693] INFO    - [vix_analysis:42] - India VIX: 14.80 (Percentile: 66.7%, Regime: Normal)
[2026-07-23 13:16:07,694] INFO    - [vix_analysis:42] - India VIX: 22.00 (Percentile: 100.0%, Regime: Elevated)
[2026-07-23 13:16:07,695] INFO    - [vix_analysis:42] - India VIX: 29.50 (Percentile: 66.7%, Regime: Extreme)
[2026-07-23 13:16:07,715] INFO    - [chart_data:31  ] - Constructing client visualization payload...
[2026-07-23 13:16:34,936] INFO    - [analysis:157   ] - Auto-appended .NS suffix to ticker: RELIANCE -> RELIANCE.NS | ticker=RELIANCE.NS
[2026-07-23 13:16:35,035] INFO    - [feature_store:40] - Successfully loaded 79 features for RELIANCE.NS | ticker=RELIANCE.NS
[2026-07-23 13:16:35,066] INFO    - [feature_store:118] - Saved Feature Store for RELIANCE.NS to storage/features\RELIANCE_NS.parquet | ticker=RELIANCE.NS
[2026-07-23 13:16:35,068] INFO    - [indicators:289 ] - Computing technical indicators across all categories...
[2026-07-23 13:16:35,197] INFO    - [indicators:305 ] - Successfully computed 59 indicator columns.
[2026-07-23 13:16:35,257] INFO    - [feature_store:40] - Successfully loaded 79 features for RELIANCE.NS | ticker=RELIANCE.NS
[2026-07-23 13:16:35,304] INFO    - [feature_store:118] - Saved Feature Store for RELIANCE.NS to storage/features\RELIANCE_NS.parquet | ticker=RELIANCE.NS
[2026-07-23 13:16:35,306] INFO    - [candlestick:169] - Computing price action returns and candlestick patterns...
[2026-07-23 13:16:35,392] INFO    - [candlestick:184] - Successfully computed 15 price action / pattern columns.
[2026-07-23 13:16:35,402] INFO    - [feature_store:40] - Successfully loaded 79 features for RELIANCE.NS | ticker=RELIANCE.NS
[2026-07-23 13:16:35,428] INFO    - [feature_store:118] - Saved Feature Store for RELIANCE.NS to storage/features\RELIANCE_NS.parquet | ticker=RELIANCE.NS
[2026-07-23 13:16:35,455] INFO    - [vix_analysis:42] - India VIX: 15.00 (Percentile: 100.0%, Regime: Normal)
[2026-07-23 13:16:35,565] INFO    - [chart_data:31  ] - Constructing client visualization payload...
[2026-07-23 13:16:35,608] INFO    - [analysis:343   ] - Completed deterministic analysis for RELIANCE.NS in 666.7ms | ticker=RELIANCE.NS execution_time=666.73ms
[2026-07-23 13:16:35,637] INFO    - [feature_store:40] - Successfully loaded 79 features for TCS.NS | ticker=TCS.NS
[2026-07-23 13:16:35,665] INFO    - [feature_store:118] - Saved Feature Store for TCS.NS to storage/features\TCS_NS.parquet | ticker=TCS.NS
[2026-07-23 13:16:35,666] INFO    - [indicators:289 ] - Computing technical indicators across all categories...
[2026-07-23 13:16:35,749] INFO    - [indicators:305 ] - Successfully computed 59 indicator columns.
[2026-07-23 13:16:35,758] INFO    - [feature_store:40] - Successfully loaded 79 features for TCS.NS | ticker=TCS.NS
[2026-07-23 13:16:35,784] INFO    - [feature_store:118] - Saved Feature Store for TCS.NS to storage/features\TCS_NS.parquet | ticker=TCS.NS
[2026-07-23 13:16:35,785] INFO    - [candlestick:169] - Computing price action returns and candlestick patterns...
[2026-07-23 13:16:35,846] INFO    - [candlestick:184] - Successfully computed 15 price action / pattern columns.
[2026-07-23 13:16:35,855] INFO    - [feature_store:40] - Successfully loaded 79 features for TCS.NS | ticker=TCS.NS
[2026-07-23 13:16:35,874] INFO    - [feature_store:118] - Saved Feature Store for TCS.NS to storage/features\TCS_NS.parquet | ticker=TCS.NS
[2026-07-23 13:16:35,898] INFO    - [vix_analysis:42] - India VIX: 15.00 (Percentile: 100.0%, Regime: Normal)
[2026-07-23 13:16:36,003] INFO    - [chart_data:31  ] - Constructing client visualization payload...
[2026-07-23 13:16:36,067] INFO    - [analysis:343   ] - Completed deterministic analysis for TCS.NS in 438.9ms | ticker=TCS.NS execution_time=438.94ms
[2026-07-23 13:16:36,089] INFO    - [analysis:157   ] - Auto-appended .NS suffix to ticker: INV@LID -> INV@LID.NS | ticker=INV@LID.NS
[2026-07-23 13:16:36,090] ERROR   - [exceptions:44  ] - API Exception on /analyze/INV@LID: Invalid ticker symbol format: 'INV@LID'
[2026-07-23 13:16:36,104] INFO    - [analysis:157   ] - Auto-appended .NS suffix to ticker: INVALID_TICKER -> INVALID_TICKER.NS | ticker=INVALID_TICKER.NS
[2026-07-23 13:16:36,105] ERROR   - [exceptions:44  ] - API Exception on /analyze/INVALID_TICKER: Ticker symbol 'INVALID_TICKER.NS' not found on Yahoo Finance.
[2026-07-23 13:16:36,120] INFO    - [analysis:167   ] - Analysis cache HIT for RELIANCE.NS (1d)
[2026-07-23 13:16:37,825] INFO    - [analysis:167   ] - Analysis cache HIT for TCS.NS (1d)
[2026-07-23 13:16:38,174] ERROR   - [exceptions:44  ] - API Exception on /analyze: Maximum batch size exceeded. Please request at most 5 tickers at a time.
[2026-07-23 13:16:38,202] INFO    - [analysis:157   ] - Auto-appended .NS suffix to ticker: RELIANCE -> RELIANCE.NS | ticker=RELIANCE.NS
[2026-07-23 13:16:38,213] INFO    - [feature_store:40] - Successfully loaded 79 features for RELIANCE.NS | ticker=RELIANCE.NS
[2026-07-23 13:16:38,237] INFO    - [feature_store:118] - Saved Feature Store for RELIANCE.NS to storage/features\RELIANCE_NS.parquet | ticker=RELIANCE.NS
[2026-07-23 13:16:38,238] INFO    - [indicators:289 ] - Computing technical indicators across all categories...
[2026-07-23 13:16:38,339] INFO    - [indicators:305 ] - Successfully computed 59 indicator columns.
[2026-07-23 13:16:38,351] INFO    - [feature_store:40] - Successfully loaded 79 features for RELIANCE.NS | ticker=RELIANCE.NS
[2026-07-23 13:16:38,371] INFO    - [feature_store:118] - Saved Feature Store for RELIANCE.NS to storage/features\RELIANCE_NS.parquet | ticker=RELIANCE.NS
[2026-07-23 13:16:38,372] INFO    - [candlestick:169] - Computing price action returns and candlestick patterns...
[2026-07-23 13:16:38,443] INFO    - [candlestick:184] - Successfully computed 15 price action / pattern columns.
[2026-07-23 13:16:38,451] INFO    - [feature_store:40] - Successfully loaded 79 features for RELIANCE.NS | ticker=RELIANCE.NS
[2026-07-23 13:16:38,475] INFO    - [feature_store:118] - Saved Feature Store for RELIANCE.NS to storage/features\RELIANCE_NS.parquet | ticker=RELIANCE.NS
[2026-07-23 13:16:38,495] INFO    - [vix_analysis:42] - India VIX: 15.00 (Percentile: 100.0%, Regime: Normal)
[2026-07-23 13:16:38,606] INFO    - [chart_data:31  ] - Constructing client visualization payload...
[2026-07-23 13:16:38,657] INFO    - [analysis:343   ] - Completed deterministic analysis for RELIANCE.NS in 453.0ms | ticker=RELIANCE.NS execution_time=453.00ms
[2026-07-23 13:16:38,676] INFO    - [cache:150      ] - Cached data saved for ticker TEST_STOCK (1d) | ticker=TEST_STOCK
[2026-07-23 13:16:38,682] INFO    - [cache:123      ] - Cache HIT for ticker TEST_STOCK (1d) | ticker=TEST_STOCK
[2026-07-23 13:16:38,692] INFO    - [cache:150      ] - Cached data saved for ticker TEST_VALIDITY (1d) | ticker=TEST_VALIDITY
[2026-07-23 13:16:38,721] INFO    - [downloader:73  ] - Successfully cleaned and validated data for TEST_TICKER. Rows: 4 | ticker=TEST_TICKER
[2026-07-23 13:16:38,727] INFO    - [downloader:103 ] - Downloading ticker data from yfinance: RELIANCE.NS (Interval: 1d, Period: 2y) | ticker=RELIANCE.NS
[2026-07-23 13:16:38,732] INFO    - [downloader:73  ] - Successfully cleaned and validated data for RELIANCE.NS. Rows: 3 | ticker=RELIANCE.NS
[2026-07-23 13:16:38,740] INFO    - [feature_store:118] - Saved Feature Store for RELIANCE_TEST to storage/test_features\RELIANCE_TEST.parquet | ticker=RELIANCE_TEST
[2026-07-23 13:16:38,745] INFO    - [feature_store:40] - Successfully loaded 2 features for RELIANCE_TEST | ticker=RELIANCE_TEST
[2026-07-23 13:16:38,752] INFO    - [feature_store:35] - No features Parquet file found for INFY_TEST at storage/test_features\INFY_TEST.parquet | ticker=INFY_TEST
[2026-07-23 13:16:38,753] INFO    - [feature_store:132] - Initializing new Feature Store for INFY_TEST during raw_ohlc | ticker=INFY_TEST
[2026-07-23 13:16:38,757] INFO    - [feature_store:118] - Saved Feature Store for INFY_TEST to storage/test_features\INFY_TEST.parquet | ticker=INFY_TEST
[2026-07-23 13:16:38,762] INFO    - [feature_store:40] - Successfully loaded 2 features for INFY_TEST | ticker=INFY_TEST
[2026-07-23 13:16:38,766] INFO    - [feature_store:118] - Saved Feature Store for INFY_TEST to storage/test_features\INFY_TEST.parquet | ticker=INFY_TEST
[2026-07-23 13:16:38,833] INFO    - [indicators:289 ] - Computing technical indicators across all categories...
[2026-07-23 13:16:38,916] INFO    - [indicators:305 ] - Successfully computed 53 indicator columns.
[2026-07-23 13:16:38,916] INFO    - [candlestick:169] - Computing price action returns and candlestick patterns...
[2026-07-23 13:16:38,943] INFO    - [candlestick:184] - Successfully computed 15 price action / pattern columns.
[2026-07-23 13:16:38,950] INFO    - [market_downloader:28] - Market index cache miss for ^NSEI. Downloading... | ticker=^NSEI
[2026-07-23 13:16:38,953] INFO    - [cache:150      ] - Cached data saved for ticker ^NSEI (1d) | ticker=^NSEI
[2026-07-23 13:16:38,956] INFO    - [cache:123      ] - Cache HIT for ticker ^NSEI (1d) | ticker=^NSEI
[2026-07-23 13:16:39,002] INFO    - [chart_data:31  ] - Constructing client visualization payload...
[2026-07-23 13:16:39,006] INFO    - [vix_analysis:42] - India VIX: 11.80 (Percentile: 66.7%, Regime: Low)
[2026-07-23 13:16:39,006] INFO    - [vix_analysis:42] - India VIX: 14.80 (Percentile: 66.7%, Regime: Normal)
[2026-07-23 13:16:39,007] INFO    - [vix_analysis:42] - India VIX: 22.00 (Percentile: 100.0%, Regime: Elevated)
[2026-07-23 13:16:39,009] INFO    - [vix_analysis:42] - India VIX: 29.50 (Percentile: 66.7%, Regime: Extreme)
[2026-07-23 13:16:39,028] INFO    - [chart_data:31  ] - Constructing client visualization payload...
[2026-07-23 13:17:57,426] INFO    - [analysis:157   ] - Auto-appended .NS suffix to ticker: RELIANCE -> RELIANCE.NS | ticker=RELIANCE.NS
[2026-07-23 13:17:57,535] INFO    - [feature_store:40] - Successfully loaded 79 features for RELIANCE.NS | ticker=RELIANCE.NS
[2026-07-23 13:17:57,558] INFO    - [feature_store:118] - Saved Feature Store for RELIANCE.NS to storage/features\RELIANCE_NS.parquet | ticker=RELIANCE.NS
[2026-07-23 13:17:57,558] INFO    - [indicators:289 ] - Computing technical indicators across all categories...
[2026-07-23 13:17:57,650] INFO    - [indicators:305 ] - Successfully computed 59 indicator columns.
[2026-07-23 13:17:57,708] INFO    - [feature_store:40] - Successfully loaded 79 features for RELIANCE.NS | ticker=RELIANCE.NS
[2026-07-23 13:17:57,744] INFO    - [feature_store:118] - Saved Feature Store for RELIANCE.NS to storage/features\RELIANCE_NS.parquet | ticker=RELIANCE.NS
[2026-07-23 13:17:57,747] INFO    - [candlestick:169] - Computing price action returns and candlestick patterns...
[2026-07-23 13:17:57,821] INFO    - [candlestick:184] - Successfully computed 15 price action / pattern columns.
[2026-07-23 13:17:57,831] INFO    - [feature_store:40] - Successfully loaded 79 features for RELIANCE.NS | ticker=RELIANCE.NS
[2026-07-23 13:17:57,852] INFO    - [feature_store:118] - Saved Feature Store for RELIANCE.NS to storage/features\RELIANCE_NS.parquet | ticker=RELIANCE.NS
[2026-07-23 13:17:57,875] INFO    - [vix_analysis:42] - India VIX: 15.00 (Percentile: 100.0%, Regime: Normal)
[2026-07-23 13:17:57,995] INFO    - [chart_data:31  ] - Constructing client visualization payload...
[2026-07-23 13:17:58,041] INFO    - [analysis:343   ] - Completed deterministic analysis for RELIANCE.NS in 610.9ms | ticker=RELIANCE.NS execution_time=610.88ms
[2026-07-23 13:17:58,074] INFO    - [feature_store:40] - Successfully loaded 79 features for TCS.NS | ticker=TCS.NS
[2026-07-23 13:17:58,104] INFO    - [feature_store:118] - Saved Feature Store for TCS.NS to storage/features\TCS_NS.parquet | ticker=TCS.NS
[2026-07-23 13:17:58,104] INFO    - [indicators:289 ] - Computing technical indicators across all categories...
[2026-07-23 13:17:58,188] INFO    - [indicators:305 ] - Successfully computed 59 indicator columns.
[2026-07-23 13:17:58,197] INFO    - [feature_store:40] - Successfully loaded 79 features for TCS.NS | ticker=TCS.NS
[2026-07-23 13:17:58,224] INFO    - [feature_store:118] - Saved Feature Store for TCS.NS to storage/features\TCS_NS.parquet | ticker=TCS.NS
[2026-07-23 13:17:58,225] INFO    - [candlestick:169] - Computing price action returns and candlestick patterns...
[2026-07-23 13:17:58,289] INFO    - [candlestick:184] - Successfully computed 15 price action / pattern columns.
[2026-07-23 13:17:58,299] INFO    - [feature_store:40] - Successfully loaded 79 features for TCS.NS | ticker=TCS.NS
[2026-07-23 13:17:58,327] INFO    - [feature_store:118] - Saved Feature Store for TCS.NS to storage/features\TCS_NS.parquet | ticker=TCS.NS
[2026-07-23 13:17:58,346] INFO    - [vix_analysis:42] - India VIX: 15.00 (Percentile: 100.0%, Regime: Normal)
[2026-07-23 13:17:58,456] INFO    - [chart_data:31  ] - Constructing client visualization payload...
[2026-07-23 13:17:58,524] INFO    - [analysis:343   ] - Completed deterministic analysis for TCS.NS in 457.1ms | ticker=TCS.NS execution_time=457.13ms
[2026-07-23 13:17:58,560] INFO    - [analysis:157   ] - Auto-appended .NS suffix to ticker: INV@LID -> INV@LID.NS | ticker=INV@LID.NS
[2026-07-23 13:17:58,562] ERROR   - [exceptions:44  ] - API Exception on /analyze/INV@LID: Invalid ticker symbol format: 'INV@LID'
[2026-07-23 13:17:58,579] INFO    - [analysis:157   ] - Auto-appended .NS suffix to ticker: INVALID_TICKER -> INVALID_TICKER.NS | ticker=INVALID_TICKER.NS
[2026-07-23 13:17:58,580] ERROR   - [exceptions:44  ] - API Exception on /analyze/INVALID_TICKER: Ticker symbol 'INVALID_TICKER.NS' not found on Yahoo Finance.
[2026-07-23 13:17:58,596] INFO    - [analysis:167   ] - Analysis cache HIT for RELIANCE.NS (1d)
[2026-07-23 13:17:59,274] INFO    - [analysis:167   ] - Analysis cache HIT for TCS.NS (1d)
[2026-07-23 13:17:59,478] ERROR   - [exceptions:44  ] - API Exception on /analyze: Maximum batch size exceeded. Please request at most 5 tickers at a time.
[2026-07-23 13:17:59,502] INFO    - [analysis:157   ] - Auto-appended .NS suffix to ticker: RELIANCE -> RELIANCE.NS | ticker=RELIANCE.NS
[2026-07-23 13:17:59,514] INFO    - [feature_store:40] - Successfully loaded 79 features for RELIANCE.NS | ticker=RELIANCE.NS
[2026-07-23 13:17:59,538] INFO    - [feature_store:118] - Saved Feature Store for RELIANCE.NS to storage/features\RELIANCE_NS.parquet | ticker=RELIANCE.NS
[2026-07-23 13:17:59,540] INFO    - [indicators:289 ] - Computing technical indicators across all categories...
[2026-07-23 13:17:59,644] INFO    - [indicators:305 ] - Successfully computed 59 indicator columns.
[2026-07-23 13:17:59,655] INFO    - [feature_store:40] - Successfully loaded 79 features for RELIANCE.NS | ticker=RELIANCE.NS
[2026-07-23 13:17:59,677] INFO    - [feature_store:118] - Saved Feature Store for RELIANCE.NS to storage/features\RELIANCE_NS.parquet | ticker=RELIANCE.NS
[2026-07-23 13:17:59,679] INFO    - [candlestick:169] - Computing price action returns and candlestick patterns...
[2026-07-23 13:17:59,741] INFO    - [candlestick:184] - Successfully computed 15 price action / pattern columns.
[2026-07-23 13:17:59,751] INFO    - [feature_store:40] - Successfully loaded 79 features for RELIANCE.NS | ticker=RELIANCE.NS
[2026-07-23 13:17:59,810] INFO    - [feature_store:118] - Saved Feature Store for RELIANCE.NS to storage/features\RELIANCE_NS.parquet | ticker=RELIANCE.NS
[2026-07-23 13:17:59,833] INFO    - [vix_analysis:42] - India VIX: 15.00 (Percentile: 100.0%, Regime: Normal)
[2026-07-23 13:17:59,937] INFO    - [chart_data:31  ] - Constructing client visualization payload...
[2026-07-23 13:17:59,986] INFO    - [analysis:343   ] - Completed deterministic analysis for RELIANCE.NS in 483.1ms | ticker=RELIANCE.NS execution_time=483.14ms
[2026-07-23 13:18:00,010] INFO    - [cache:150      ] - Cached data saved for ticker TEST_STOCK (1d) | ticker=TEST_STOCK
[2026-07-23 13:18:00,019] INFO    - [cache:123      ] - Cache HIT for ticker TEST_STOCK (1d) | ticker=TEST_STOCK
[2026-07-23 13:18:00,040] INFO    - [cache:150      ] - Cached data saved for ticker TEST_VALIDITY (1d) | ticker=TEST_VALIDITY
[2026-07-23 13:18:00,080] INFO    - [downloader:73  ] - Successfully cleaned and validated data for TEST_TICKER. Rows: 4 | ticker=TEST_TICKER
[2026-07-23 13:18:00,085] INFO    - [downloader:103 ] - Downloading ticker data from yfinance: RELIANCE.NS (Interval: 1d, Period: 2y) | ticker=RELIANCE.NS
[2026-07-23 13:18:00,091] INFO    - [downloader:73  ] - Successfully cleaned and validated data for RELIANCE.NS. Rows: 3 | ticker=RELIANCE.NS
[2026-07-23 13:18:00,140] INFO    - [feature_store:118] - Saved Feature Store for RELIANCE_TEST to storage/test_features\RELIANCE_TEST.parquet | ticker=RELIANCE_TEST
[2026-07-23 13:18:00,148] INFO    - [feature_store:40] - Successfully loaded 2 features for RELIANCE_TEST | ticker=RELIANCE_TEST
[2026-07-23 13:18:00,162] INFO    - [feature_store:35] - No features Parquet file found for INFY_TEST at storage/test_features\INFY_TEST.parquet | ticker=INFY_TEST
[2026-07-23 13:18:00,163] INFO    - [feature_store:132] - Initializing new Feature Store for INFY_TEST during raw_ohlc | ticker=INFY_TEST
[2026-07-23 13:18:00,170] INFO    - [feature_store:118] - Saved Feature Store for INFY_TEST to storage/test_features\INFY_TEST.parquet | ticker=INFY_TEST
[2026-07-23 13:18:00,175] INFO    - [feature_store:40] - Successfully loaded 2 features for INFY_TEST | ticker=INFY_TEST
[2026-07-23 13:18:00,183] INFO    - [feature_store:118] - Saved Feature Store for INFY_TEST to storage/test_features\INFY_TEST.parquet | ticker=INFY_TEST
[2026-07-23 13:18:00,251] INFO    - [indicators:289 ] - Computing technical indicators across all categories...
[2026-07-23 13:18:00,337] INFO    - [indicators:305 ] - Successfully computed 53 indicator columns.
[2026-07-23 13:18:00,339] INFO    - [candlestick:169] - Computing price action returns and candlestick patterns...
[2026-07-23 13:18:00,371] INFO    - [candlestick:184] - Successfully computed 15 price action / pattern columns.
[2026-07-23 13:18:00,378] INFO    - [market_downloader:28] - Market index cache miss for ^NSEI. Downloading... | ticker=^NSEI
[2026-07-23 13:18:00,382] INFO    - [cache:150      ] - Cached data saved for ticker ^NSEI (1d) | ticker=^NSEI
[2026-07-23 13:18:00,385] INFO    - [cache:123      ] - Cache HIT for ticker ^NSEI (1d) | ticker=^NSEI
[2026-07-23 13:18:00,435] INFO    - [chart_data:31  ] - Constructing client visualization payload...
[2026-07-23 13:18:00,441] INFO    - [vix_analysis:42] - India VIX: 11.80 (Percentile: 66.7%, Regime: Low)
[2026-07-23 13:18:00,442] INFO    - [vix_analysis:42] - India VIX: 14.80 (Percentile: 66.7%, Regime: Normal)
[2026-07-23 13:18:00,443] INFO    - [vix_analysis:42] - India VIX: 22.00 (Percentile: 100.0%, Regime: Elevated)
[2026-07-23 13:18:00,444] INFO    - [vix_analysis:42] - India VIX: 29.50 (Percentile: 66.7%, Regime: Extreme)
[2026-07-23 13:18:00,467] INFO    - [chart_data:31  ] - Constructing client visualization payload...
[2026-07-23 13:34:00,095] INFO    - [analysis:159   ] - Auto-appended .NS suffix to ticker: RELIANCE -> RELIANCE.NS | ticker=RELIANCE.NS
[2026-07-23 13:34:00,161] INFO    - [feature_store:40] - Successfully loaded 79 features for RELIANCE.NS | ticker=RELIANCE.NS
[2026-07-23 13:34:00,195] INFO    - [feature_store:118] - Saved Feature Store for RELIANCE.NS to storage/features\RELIANCE_NS.parquet | ticker=RELIANCE.NS
[2026-07-23 13:34:00,195] INFO    - [indicators:289 ] - Computing technical indicators across all categories...
[2026-07-23 13:34:00,327] INFO    - [indicators:305 ] - Successfully computed 59 indicator columns.
[2026-07-23 13:34:00,377] INFO    - [feature_store:40] - Successfully loaded 79 features for RELIANCE.NS | ticker=RELIANCE.NS
[2026-07-23 13:34:00,399] INFO    - [feature_store:118] - Saved Feature Store for RELIANCE.NS to storage/features\RELIANCE_NS.parquet | ticker=RELIANCE.NS
[2026-07-23 13:34:00,400] INFO    - [candlestick:169] - Computing price action returns and candlestick patterns...
[2026-07-23 13:34:00,460] INFO    - [candlestick:184] - Successfully computed 15 price action / pattern columns.
[2026-07-23 13:34:00,469] INFO    - [feature_store:40] - Successfully loaded 79 features for RELIANCE.NS | ticker=RELIANCE.NS
[2026-07-23 13:34:00,489] INFO    - [feature_store:118] - Saved Feature Store for RELIANCE.NS to storage/features\RELIANCE_NS.parquet | ticker=RELIANCE.NS
[2026-07-23 13:34:00,509] INFO    - [vix_analysis:42] - India VIX: 15.00 (Percentile: 100.0%, Regime: Normal)
[2026-07-23 13:34:00,606] INFO    - [chart_data:31  ] - Constructing client visualization payload...
[2026-07-23 13:34:00,649] WARNING - [gemini_client:43] - Gemini Client uninitialized (missing API Key). Routing to fallback generation.
[2026-07-23 13:34:00,650] INFO    - [gemini_client:184] - Generated graceful fallback report for RELIANCE.NS in 1.0ms
[2026-07-23 13:34:00,651] INFO    - [cache:68       ] - Cached new LLM analysis report for RELIANCE.NS (1d)
[2026-07-23 13:34:00,655] INFO    - [analysis:363   ] - Completed deterministic analysis for RELIANCE.NS in 551.4ms | ticker=RELIANCE.NS execution_time=551.41ms
[2026-07-23 13:34:00,723] INFO    - [feature_store:40] - Successfully loaded 79 features for TCS.NS | ticker=TCS.NS
[2026-07-23 13:34:00,756] INFO    - [feature_store:118] - Saved Feature Store for TCS.NS to storage/features\TCS_NS.parquet | ticker=TCS.NS
[2026-07-23 13:34:00,757] INFO    - [indicators:289 ] - Computing technical indicators across all categories...
[2026-07-23 13:34:00,904] INFO    - [indicators:305 ] - Successfully computed 59 indicator columns.
[2026-07-23 13:34:00,916] INFO    - [feature_store:40] - Successfully loaded 79 features for TCS.NS | ticker=TCS.NS
[2026-07-23 13:34:00,941] INFO    - [feature_store:118] - Saved Feature Store for TCS.NS to storage/features\TCS_NS.parquet | ticker=TCS.NS
[2026-07-23 13:34:00,942] INFO    - [candlestick:169] - Computing price action returns and candlestick patterns...
[2026-07-23 13:34:01,007] INFO    - [candlestick:184] - Successfully computed 15 price action / pattern columns.
[2026-07-23 13:34:01,014] INFO    - [feature_store:40] - Successfully loaded 79 features for TCS.NS | ticker=TCS.NS
[2026-07-23 13:34:01,038] INFO    - [feature_store:118] - Saved Feature Store for TCS.NS to storage/features\TCS_NS.parquet | ticker=TCS.NS
[2026-07-23 13:34:01,056] INFO    - [vix_analysis:42] - India VIX: 15.00 (Percentile: 100.0%, Regime: Normal)
[2026-07-23 13:34:01,164] INFO    - [chart_data:31  ] - Constructing client visualization payload...
[2026-07-23 13:34:01,211] WARNING - [gemini_client:43] - Gemini Client uninitialized (missing API Key). Routing to fallback generation.
[2026-07-23 13:34:01,212] INFO    - [gemini_client:184] - Generated graceful fallback report for TCS.NS in 1.0ms
[2026-07-23 13:34:01,212] INFO    - [cache:68       ] - Cached new LLM analysis report for TCS.NS (1d)
[2026-07-23 13:34:01,213] INFO    - [analysis:363   ] - Completed deterministic analysis for TCS.NS in 496.8ms | ticker=TCS.NS execution_time=496.77ms
[2026-07-23 13:34:01,232] INFO    - [analysis:159   ] - Auto-appended .NS suffix to ticker: INV@LID -> INV@LID.NS | ticker=INV@LID.NS
[2026-07-23 13:34:01,232] ERROR   - [exceptions:44  ] - API Exception on /analyze/INV@LID: Invalid ticker symbol format: 'INV@LID'
[2026-07-23 13:34:01,244] INFO    - [analysis:159   ] - Auto-appended .NS suffix to ticker: INVALID_TICKER -> INVALID_TICKER.NS | ticker=INVALID_TICKER.NS
[2026-07-23 13:34:01,244] ERROR   - [exceptions:44  ] - API Exception on /analyze/INVALID_TICKER: Ticker symbol 'INVALID_TICKER.NS' not found on Yahoo Finance.
[2026-07-23 13:34:01,261] INFO    - [analysis:169   ] - Analysis cache HIT for RELIANCE.NS (1d)
[2026-07-23 13:34:01,904] INFO    - [analysis:169   ] - Analysis cache HIT for TCS.NS (1d)
[2026-07-23 13:34:02,158] ERROR   - [exceptions:44  ] - API Exception on /analyze: Maximum batch size exceeded. Please request at most 5 tickers at a time.
[2026-07-23 13:34:02,179] INFO    - [analysis:159   ] - Auto-appended .NS suffix to ticker: RELIANCE -> RELIANCE.NS | ticker=RELIANCE.NS
[2026-07-23 13:34:02,190] INFO    - [feature_store:40] - Successfully loaded 79 features for RELIANCE.NS | ticker=RELIANCE.NS
[2026-07-23 13:34:02,245] INFO    - [feature_store:118] - Saved Feature Store for RELIANCE.NS to storage/features\RELIANCE_NS.parquet | ticker=RELIANCE.NS
[2026-07-23 13:34:02,245] INFO    - [indicators:289 ] - Computing technical indicators across all categories...
[2026-07-23 13:34:02,337] INFO    - [indicators:305 ] - Successfully computed 59 indicator columns.
[2026-07-23 13:34:02,345] INFO    - [feature_store:40] - Successfully loaded 79 features for RELIANCE.NS | ticker=RELIANCE.NS
[2026-07-23 13:34:02,365] INFO    - [feature_store:118] - Saved Feature Store for RELIANCE.NS to storage/features\RELIANCE_NS.parquet | ticker=RELIANCE.NS
[2026-07-23 13:34:02,366] INFO    - [candlestick:169] - Computing price action returns and candlestick patterns...
[2026-07-23 13:34:02,422] INFO    - [candlestick:184] - Successfully computed 15 price action / pattern columns.
[2026-07-23 13:34:02,431] INFO    - [feature_store:40] - Successfully loaded 79 features for RELIANCE.NS | ticker=RELIANCE.NS
[2026-07-23 13:34:02,454] INFO    - [feature_store:118] - Saved Feature Store for RELIANCE.NS to storage/features\RELIANCE_NS.parquet | ticker=RELIANCE.NS
[2026-07-23 13:34:02,475] INFO    - [vix_analysis:42] - India VIX: 15.00 (Percentile: 100.0%, Regime: Normal)
[2026-07-23 13:34:02,577] INFO    - [chart_data:31  ] - Constructing client visualization payload...
[2026-07-23 13:34:02,616] WARNING - [gemini_client:43] - Gemini Client uninitialized (missing API Key). Routing to fallback generation.
[2026-07-23 13:34:02,617] INFO    - [gemini_client:184] - Generated graceful fallback report for RELIANCE.NS in 1.0ms
[2026-07-23 13:34:02,617] INFO    - [cache:68       ] - Cached new LLM analysis report for RELIANCE.NS (5m)
[2026-07-23 13:34:02,618] INFO    - [analysis:363   ] - Completed deterministic analysis for RELIANCE.NS in 435.0ms | ticker=RELIANCE.NS execution_time=434.99ms
[2026-07-23 13:34:02,634] INFO    - [cache:150      ] - Cached data saved for ticker TEST_STOCK (1d) | ticker=TEST_STOCK
[2026-07-23 13:34:02,641] INFO    - [cache:123      ] - Cache HIT for ticker TEST_STOCK (1d) | ticker=TEST_STOCK
[2026-07-23 13:34:02,652] INFO    - [cache:150      ] - Cached data saved for ticker TEST_VALIDITY (1d) | ticker=TEST_VALIDITY
[2026-07-23 13:34:02,684] INFO    - [downloader:73  ] - Successfully cleaned and validated data for TEST_TICKER. Rows: 4 | ticker=TEST_TICKER
[2026-07-23 13:34:02,689] INFO    - [downloader:103 ] - Downloading ticker data from yfinance: RELIANCE.NS (Interval: 1d, Period: 2y) | ticker=RELIANCE.NS
[2026-07-23 13:34:02,694] INFO    - [downloader:73  ] - Successfully cleaned and validated data for RELIANCE.NS. Rows: 3 | ticker=RELIANCE.NS
[2026-07-23 13:34:02,738] INFO    - [feature_store:118] - Saved Feature Store for RELIANCE_TEST to storage/test_features\RELIANCE_TEST.parquet | ticker=RELIANCE_TEST
[2026-07-23 13:34:02,742] INFO    - [feature_store:40] - Successfully loaded 2 features for RELIANCE_TEST | ticker=RELIANCE_TEST
[2026-07-23 13:34:02,749] INFO    - [feature_store:35] - No features Parquet file found for INFY_TEST at storage/test_features\INFY_TEST.parquet | ticker=INFY_TEST
[2026-07-23 13:34:02,749] INFO    - [feature_store:132] - Initializing new Feature Store for INFY_TEST during raw_ohlc | ticker=INFY_TEST
[2026-07-23 13:34:02,754] INFO    - [feature_store:118] - Saved Feature Store for INFY_TEST to storage/test_features\INFY_TEST.parquet | ticker=INFY_TEST
[2026-07-23 13:34:02,758] INFO    - [feature_store:40] - Successfully loaded 2 features for INFY_TEST | ticker=INFY_TEST
[2026-07-23 13:34:02,762] INFO    - [feature_store:118] - Saved Feature Store for INFY_TEST to storage/test_features\INFY_TEST.parquet | ticker=INFY_TEST
[2026-07-23 13:34:02,836] INFO    - [indicators:289 ] - Computing technical indicators across all categories...
[2026-07-23 13:34:02,975] INFO    - [indicators:305 ] - Successfully computed 53 indicator columns.
[2026-07-23 13:34:02,976] INFO    - [candlestick:169] - Computing price action returns and candlestick patterns...
[2026-07-23 13:34:03,018] INFO    - [candlestick:184] - Successfully computed 15 price action / pattern columns.
[2026-07-23 13:34:03,631] INFO    - [cache:68       ] - Cached new LLM analysis report for RELIANCE.NS (1d)
[2026-07-23 13:34:03,632] INFO    - [cache:51       ] - LLM cache HIT for RELIANCE.NS (1d)
[2026-07-23 13:34:03,632] INFO    - [cache:48       ] - LLM cache INVALIDATED for RELIANCE.NS (1d) due to quantitative change.
[2026-07-23 13:34:03,636] WARNING - [gemini_client:43] - Gemini Client uninitialized (missing API Key). Routing to fallback generation.
[2026-07-23 13:34:03,636] INFO    - [gemini_client:184] - Generated graceful fallback report for RELIANCE.NS in 0.5ms
[2026-07-23 13:34:03,642] INFO    - [market_downloader:28] - Market index cache miss for ^NSEI. Downloading... | ticker=^NSEI
[2026-07-23 13:34:03,645] INFO    - [cache:150      ] - Cached data saved for ticker ^NSEI (1d) | ticker=^NSEI
[2026-07-23 13:34:03,649] INFO    - [cache:123      ] - Cache HIT for ticker ^NSEI (1d) | ticker=^NSEI
[2026-07-23 13:34:03,695] INFO    - [chart_data:31  ] - Constructing client visualization payload...
[2026-07-23 13:34:03,700] INFO    - [vix_analysis:42] - India VIX: 11.80 (Percentile: 66.7%, Regime: Low)
[2026-07-23 13:34:03,701] INFO    - [vix_analysis:42] - India VIX: 14.80 (Percentile: 66.7%, Regime: Normal)
[2026-07-23 13:34:03,702] INFO    - [vix_analysis:42] - India VIX: 22.00 (Percentile: 100.0%, Regime: Elevated)
[2026-07-23 13:34:03,702] INFO    - [vix_analysis:42] - India VIX: 29.50 (Percentile: 66.7%, Regime: Extreme)
[2026-07-23 13:34:03,725] INFO    - [chart_data:31  ] - Constructing client visualization payload...
[2026-07-23 13:34:19,642] INFO    - [analysis:159   ] - Auto-appended .NS suffix to ticker: RELIANCE -> RELIANCE.NS | ticker=RELIANCE.NS
[2026-07-23 13:34:19,692] INFO    - [feature_store:40] - Successfully loaded 79 features for RELIANCE.NS | ticker=RELIANCE.NS
[2026-07-23 13:34:19,721] INFO    - [feature_store:118] - Saved Feature Store for RELIANCE.NS to storage/features\RELIANCE_NS.parquet | ticker=RELIANCE.NS
[2026-07-23 13:34:19,721] INFO    - [indicators:289 ] - Computing technical indicators across all categories...
[2026-07-23 13:34:19,839] INFO    - [indicators:305 ] - Successfully computed 59 indicator columns.
[2026-07-23 13:34:19,888] INFO    - [feature_store:40] - Successfully loaded 79 features for RELIANCE.NS | ticker=RELIANCE.NS
[2026-07-23 13:34:19,920] INFO    - [feature_store:118] - Saved Feature Store for RELIANCE.NS to storage/features\RELIANCE_NS.parquet | ticker=RELIANCE.NS
[2026-07-23 13:34:19,921] INFO    - [candlestick:169] - Computing price action returns and candlestick patterns...
[2026-07-23 13:34:19,995] INFO    - [candlestick:184] - Successfully computed 15 price action / pattern columns.
[2026-07-23 13:34:20,010] INFO    - [feature_store:40] - Successfully loaded 79 features for RELIANCE.NS | ticker=RELIANCE.NS
[2026-07-23 13:34:20,064] INFO    - [feature_store:118] - Saved Feature Store for RELIANCE.NS to storage/features\RELIANCE_NS.parquet | ticker=RELIANCE.NS
[2026-07-23 13:34:20,091] INFO    - [vix_analysis:42] - India VIX: 15.00 (Percentile: 100.0%, Regime: Normal)
[2026-07-23 13:34:20,197] INFO    - [chart_data:31  ] - Constructing client visualization payload...
[2026-07-23 13:34:20,240] WARNING - [gemini_client:43] - Gemini Client uninitialized (missing API Key). Routing to fallback generation.
[2026-07-23 13:34:20,241] INFO    - [gemini_client:184] - Generated graceful fallback report for RELIANCE.NS in 1.0ms
[2026-07-23 13:34:20,241] INFO    - [cache:68       ] - Cached new LLM analysis report for RELIANCE.NS (1d)
[2026-07-23 13:34:20,244] INFO    - [analysis:363   ] - Completed deterministic analysis for RELIANCE.NS in 594.9ms | ticker=RELIANCE.NS execution_time=594.87ms
[2026-07-23 13:34:20,275] INFO    - [feature_store:40] - Successfully loaded 79 features for TCS.NS | ticker=TCS.NS
[2026-07-23 13:34:20,297] INFO    - [feature_store:118] - Saved Feature Store for TCS.NS to storage/features\TCS_NS.parquet | ticker=TCS.NS
[2026-07-23 13:34:20,298] INFO    - [indicators:289 ] - Computing technical indicators across all categories...
[2026-07-23 13:34:20,419] INFO    - [indicators:305 ] - Successfully computed 59 indicator columns.
[2026-07-23 13:34:20,427] INFO    - [feature_store:40] - Successfully loaded 79 features for TCS.NS | ticker=TCS.NS
[2026-07-23 13:34:20,491] INFO    - [feature_store:118] - Saved Feature Store for TCS.NS to storage/features\TCS_NS.parquet | ticker=TCS.NS
[2026-07-23 13:34:20,492] INFO    - [candlestick:169] - Computing price action returns and candlestick patterns...
[2026-07-23 13:34:20,572] INFO    - [candlestick:184] - Successfully computed 15 price action / pattern columns.
[2026-07-23 13:34:20,580] INFO    - [feature_store:40] - Successfully loaded 79 features for TCS.NS | ticker=TCS.NS
[2026-07-23 13:34:20,621] INFO    - [feature_store:118] - Saved Feature Store for TCS.NS to storage/features\TCS_NS.parquet | ticker=TCS.NS
[2026-07-23 13:34:20,651] INFO    - [vix_analysis:42] - India VIX: 15.00 (Percentile: 100.0%, Regime: Normal)
[2026-07-23 13:34:20,789] INFO    - [chart_data:31  ] - Constructing client visualization payload...
[2026-07-23 13:34:20,837] WARNING - [gemini_client:43] - Gemini Client uninitialized (missing API Key). Routing to fallback generation.
[2026-07-23 13:34:20,838] INFO    - [gemini_client:184] - Generated graceful fallback report for TCS.NS in 0.0ms
[2026-07-23 13:34:20,838] INFO    - [cache:68       ] - Cached new LLM analysis report for TCS.NS (1d)
[2026-07-23 13:34:20,839] INFO    - [analysis:363   ] - Completed deterministic analysis for TCS.NS in 571.8ms | ticker=TCS.NS execution_time=571.81ms
[2026-07-23 13:34:20,859] INFO    - [analysis:159   ] - Auto-appended .NS suffix to ticker: INV@LID -> INV@LID.NS | ticker=INV@LID.NS
[2026-07-23 13:34:20,859] ERROR   - [exceptions:44  ] - API Exception on /analyze/INV@LID: Invalid ticker symbol format: 'INV@LID'
[2026-07-23 13:34:20,872] INFO    - [analysis:159   ] - Auto-appended .NS suffix to ticker: INVALID_TICKER -> INVALID_TICKER.NS | ticker=INVALID_TICKER.NS
[2026-07-23 13:34:20,873] ERROR   - [exceptions:44  ] - API Exception on /analyze/INVALID_TICKER: Ticker symbol 'INVALID_TICKER.NS' not found on Yahoo Finance.
[2026-07-23 13:34:20,888] INFO    - [analysis:169   ] - Analysis cache HIT for RELIANCE.NS (1d)
[2026-07-23 13:34:21,562] INFO    - [analysis:169   ] - Analysis cache HIT for TCS.NS (1d)
[2026-07-23 13:34:21,736] ERROR   - [exceptions:44  ] - API Exception on /analyze: Maximum batch size exceeded. Please request at most 5 tickers at a time.
[2026-07-23 13:34:21,759] INFO    - [analysis:159   ] - Auto-appended .NS suffix to ticker: RELIANCE -> RELIANCE.NS | ticker=RELIANCE.NS
[2026-07-23 13:34:21,771] INFO    - [feature_store:40] - Successfully loaded 79 features for RELIANCE.NS | ticker=RELIANCE.NS
[2026-07-23 13:34:21,800] INFO    - [feature_store:118] - Saved Feature Store for RELIANCE.NS to storage/features\RELIANCE_NS.parquet | ticker=RELIANCE.NS
[2026-07-23 13:34:21,801] INFO    - [indicators:289 ] - Computing technical indicators across all categories...
[2026-07-23 13:34:21,923] INFO    - [indicators:305 ] - Successfully computed 59 indicator columns.
[2026-07-23 13:34:21,931] INFO    - [feature_store:40] - Successfully loaded 79 features for RELIANCE.NS | ticker=RELIANCE.NS
[2026-07-23 13:34:21,954] INFO    - [feature_store:118] - Saved Feature Store for RELIANCE.NS to storage/features\RELIANCE_NS.parquet | ticker=RELIANCE.NS
[2026-07-23 13:34:21,956] INFO    - [candlestick:169] - Computing price action returns and candlestick patterns...
[2026-07-23 13:34:22,025] INFO    - [candlestick:184] - Successfully computed 15 price action / pattern columns.
[2026-07-23 13:34:22,036] INFO    - [feature_store:40] - Successfully loaded 79 features for RELIANCE.NS | ticker=RELIANCE.NS
[2026-07-23 13:34:22,057] INFO    - [feature_store:118] - Saved Feature Store for RELIANCE.NS to storage/features\RELIANCE_NS.parquet | ticker=RELIANCE.NS
[2026-07-23 13:34:22,083] INFO    - [vix_analysis:42] - India VIX: 15.00 (Percentile: 100.0%, Regime: Normal)
[2026-07-23 13:34:22,211] INFO    - [chart_data:31  ] - Constructing client visualization payload...
[2026-07-23 13:34:22,264] WARNING - [gemini_client:43] - Gemini Client uninitialized (missing API Key). Routing to fallback generation.
[2026-07-23 13:34:22,265] INFO    - [gemini_client:184] - Generated graceful fallback report for RELIANCE.NS in 0.0ms
[2026-07-23 13:34:22,265] INFO    - [cache:68       ] - Cached new LLM analysis report for RELIANCE.NS (5m)
[2026-07-23 13:34:22,266] INFO    - [analysis:363   ] - Completed deterministic analysis for RELIANCE.NS in 503.7ms | ticker=RELIANCE.NS execution_time=503.74ms
[2026-07-23 13:34:22,287] INFO    - [cache:150      ] - Cached data saved for ticker TEST_STOCK (1d) | ticker=TEST_STOCK
[2026-07-23 13:34:22,293] INFO    - [cache:123      ] - Cache HIT for ticker TEST_STOCK (1d) | ticker=TEST_STOCK
[2026-07-23 13:34:22,304] INFO    - [cache:150      ] - Cached data saved for ticker TEST_VALIDITY (1d) | ticker=TEST_VALIDITY
[2026-07-23 13:34:22,334] INFO    - [downloader:73  ] - Successfully cleaned and validated data for TEST_TICKER. Rows: 4 | ticker=TEST_TICKER
[2026-07-23 13:34:22,339] INFO    - [downloader:103 ] - Downloading ticker data from yfinance: RELIANCE.NS (Interval: 1d, Period: 2y) | ticker=RELIANCE.NS
[2026-07-23 13:34:22,346] INFO    - [downloader:73  ] - Successfully cleaned and validated data for RELIANCE.NS. Rows: 3 | ticker=RELIANCE.NS
[2026-07-23 13:34:22,391] INFO    - [feature_store:118] - Saved Feature Store for RELIANCE_TEST to storage/test_features\RELIANCE_TEST.parquet | ticker=RELIANCE_TEST
[2026-07-23 13:34:22,396] INFO    - [feature_store:40] - Successfully loaded 2 features for RELIANCE_TEST | ticker=RELIANCE_TEST
[2026-07-23 13:34:22,404] INFO    - [feature_store:35] - No features Parquet file found for INFY_TEST at storage/test_features\INFY_TEST.parquet | ticker=INFY_TEST
[2026-07-23 13:34:22,406] INFO    - [feature_store:132] - Initializing new Feature Store for INFY_TEST during raw_ohlc | ticker=INFY_TEST
[2026-07-23 13:34:22,410] INFO    - [feature_store:118] - Saved Feature Store for INFY_TEST to storage/test_features\INFY_TEST.parquet | ticker=INFY_TEST
[2026-07-23 13:34:22,414] INFO    - [feature_store:40] - Successfully loaded 2 features for INFY_TEST | ticker=INFY_TEST
[2026-07-23 13:34:22,421] INFO    - [feature_store:118] - Saved Feature Store for INFY_TEST to storage/test_features\INFY_TEST.parquet | ticker=INFY_TEST
[2026-07-23 13:34:22,490] INFO    - [indicators:289 ] - Computing technical indicators across all categories...
[2026-07-23 13:34:22,638] INFO    - [indicators:305 ] - Successfully computed 53 indicator columns.
[2026-07-23 13:34:22,639] INFO    - [candlestick:169] - Computing price action returns and candlestick patterns...
[2026-07-23 13:34:22,695] INFO    - [candlestick:184] - Successfully computed 15 price action / pattern columns.
[2026-07-23 13:34:22,708] INFO    - [cache:68       ] - Cached new LLM analysis report for RELIANCE.NS (1d)
[2026-07-23 13:34:22,709] INFO    - [cache:51       ] - LLM cache HIT for RELIANCE.NS (1d)
[2026-07-23 13:34:22,709] INFO    - [cache:48       ] - LLM cache INVALIDATED for RELIANCE.NS (1d) due to quantitative change.
[2026-07-23 13:34:22,715] WARNING - [gemini_client:43] - Gemini Client uninitialized (missing API Key). Routing to fallback generation.
[2026-07-23 13:34:22,716] INFO    - [gemini_client:184] - Generated graceful fallback report for RELIANCE.NS in 1.2ms
[2026-07-23 13:34:22,724] INFO    - [market_downloader:28] - Market index cache miss for ^NSEI. Downloading... | ticker=^NSEI
[2026-07-23 13:34:22,727] INFO    - [cache:150      ] - Cached data saved for ticker ^NSEI (1d) | ticker=^NSEI
[2026-07-23 13:34:22,731] INFO    - [cache:123      ] - Cache HIT for ticker ^NSEI (1d) | ticker=^NSEI
[2026-07-23 13:34:22,784] INFO    - [chart_data:31  ] - Constructing client visualization payload...
[2026-07-23 13:34:22,788] INFO    - [vix_analysis:42] - India VIX: 11.80 (Percentile: 66.7%, Regime: Low)
[2026-07-23 13:34:22,790] INFO    - [vix_analysis:42] - India VIX: 14.80 (Percentile: 66.7%, Regime: Normal)
[2026-07-23 13:34:22,790] INFO    - [vix_analysis:42] - India VIX: 22.00 (Percentile: 100.0%, Regime: Elevated)
[2026-07-23 13:34:22,791] INFO    - [vix_analysis:42] - India VIX: 29.50 (Percentile: 66.7%, Regime: Extreme)
[2026-07-23 13:34:22,816] INFO    - [chart_data:31  ] - Constructing client visualization payload...
[2026-07-23 13:39:28,511] INFO    - [analysis:159   ] - Auto-appended .NS suffix to ticker: RELIANCE -> RELIANCE.NS | ticker=RELIANCE.NS
[2026-07-23 13:39:28,553] INFO    - [feature_store:40] - Successfully loaded 79 features for RELIANCE.NS | ticker=RELIANCE.NS
[2026-07-23 13:39:28,578] INFO    - [feature_store:118] - Saved Feature Store for RELIANCE.NS to storage/features\RELIANCE_NS.parquet | ticker=RELIANCE.NS
[2026-07-23 13:39:28,579] INFO    - [indicators:289 ] - Computing technical indicators across all categories...
[2026-07-23 13:39:28,664] INFO    - [indicators:305 ] - Successfully computed 59 indicator columns.
[2026-07-23 13:39:28,715] INFO    - [feature_store:40] - Successfully loaded 79 features for RELIANCE.NS | ticker=RELIANCE.NS
[2026-07-23 13:39:28,741] INFO    - [feature_store:118] - Saved Feature Store for RELIANCE.NS to storage/features\RELIANCE_NS.parquet | ticker=RELIANCE.NS
[2026-07-23 13:39:28,742] INFO    - [candlestick:169] - Computing price action returns and candlestick patterns...
[2026-07-23 13:39:28,803] INFO    - [candlestick:184] - Successfully computed 15 price action / pattern columns.
[2026-07-23 13:39:28,834] INFO    - [feature_store:40] - Successfully loaded 79 features for RELIANCE.NS | ticker=RELIANCE.NS
[2026-07-23 13:39:28,865] INFO    - [feature_store:118] - Saved Feature Store for RELIANCE.NS to storage/features\RELIANCE_NS.parquet | ticker=RELIANCE.NS
[2026-07-23 13:39:28,891] INFO    - [vix_analysis:42] - India VIX: 15.00 (Percentile: 100.0%, Regime: Normal)
[2026-07-23 13:39:29,036] INFO    - [chart_data:31  ] - Constructing client visualization payload...
[2026-07-23 13:39:29,086] WARNING - [gemini_client:43] - Gemini Client uninitialized (missing API Key). Routing to fallback generation.
[2026-07-23 13:39:29,086] INFO    - [gemini_client:184] - Generated graceful fallback report for RELIANCE.NS in 0.0ms
[2026-07-23 13:39:29,087] INFO    - [cache:68       ] - Cached new LLM analysis report for RELIANCE.NS (1d)
[2026-07-23 13:39:29,089] INFO    - [analysis:363   ] - Completed deterministic analysis for RELIANCE.NS in 573.1ms | ticker=RELIANCE.NS execution_time=573.12ms
[2026-07-23 13:39:29,127] INFO    - [feature_store:40] - Successfully loaded 79 features for TCS.NS | ticker=TCS.NS
[2026-07-23 13:39:29,155] INFO    - [feature_store:118] - Saved Feature Store for TCS.NS to storage/features\TCS_NS.parquet | ticker=TCS.NS
[2026-07-23 13:39:29,156] INFO    - [indicators:289 ] - Computing technical indicators across all categories...
[2026-07-23 13:39:29,308] INFO    - [indicators:305 ] - Successfully computed 59 indicator columns.
[2026-07-23 13:39:29,319] INFO    - [feature_store:40] - Successfully loaded 79 features for TCS.NS | ticker=TCS.NS
[2026-07-23 13:39:29,387] INFO    - [feature_store:118] - Saved Feature Store for TCS.NS to storage/features\TCS_NS.parquet | ticker=TCS.NS
[2026-07-23 13:39:29,387] INFO    - [candlestick:169] - Computing price action returns and candlestick patterns...
[2026-07-23 13:39:29,453] INFO    - [candlestick:184] - Successfully computed 15 price action / pattern columns.
[2026-07-23 13:39:29,461] INFO    - [feature_store:40] - Successfully loaded 79 features for TCS.NS | ticker=TCS.NS
[2026-07-23 13:39:29,482] INFO    - [feature_store:118] - Saved Feature Store for TCS.NS to storage/features\TCS_NS.parquet | ticker=TCS.NS
[2026-07-23 13:39:29,503] INFO    - [vix_analysis:42] - India VIX: 15.00 (Percentile: 100.0%, Regime: Normal)
[2026-07-23 13:39:29,637] INFO    - [chart_data:31  ] - Constructing client visualization payload...
[2026-07-23 13:39:29,753] WARNING - [gemini_client:43] - Gemini Client uninitialized (missing API Key). Routing to fallback generation.
[2026-07-23 13:39:29,754] INFO    - [gemini_client:184] - Generated graceful fallback report for TCS.NS in 1.0ms
[2026-07-23 13:39:29,755] INFO    - [cache:68       ] - Cached new LLM analysis report for TCS.NS (1d)
[2026-07-23 13:39:29,756] INFO    - [analysis:363   ] - Completed deterministic analysis for TCS.NS in 636.2ms | ticker=TCS.NS execution_time=636.23ms
[2026-07-23 13:39:29,789] INFO    - [analysis:159   ] - Auto-appended .NS suffix to ticker: INV@LID -> INV@LID.NS | ticker=INV@LID.NS
[2026-07-23 13:39:29,790] ERROR   - [exceptions:44  ] - API Exception on /analyze/INV@LID: Invalid ticker symbol format: 'INV@LID'
[2026-07-23 13:39:29,814] INFO    - [analysis:159   ] - Auto-appended .NS suffix to ticker: INVALID_TICKER -> INVALID_TICKER.NS | ticker=INVALID_TICKER.NS
[2026-07-23 13:39:29,815] ERROR   - [exceptions:44  ] - API Exception on /analyze/INVALID_TICKER: Ticker symbol 'INVALID_TICKER.NS' not found on Yahoo Finance.
[2026-07-23 13:39:29,839] INFO    - [analysis:169   ] - Analysis cache HIT for RELIANCE.NS (1d)
[2026-07-23 13:39:30,717] INFO    - [analysis:169   ] - Analysis cache HIT for TCS.NS (1d)
[2026-07-23 13:39:30,990] ERROR   - [exceptions:44  ] - API Exception on /analyze: Maximum batch size exceeded. Please request at most 5 tickers at a time.
[2026-07-23 13:39:31,014] INFO    - [analysis:159   ] - Auto-appended .NS suffix to ticker: RELIANCE -> RELIANCE.NS | ticker=RELIANCE.NS
[2026-07-23 13:39:31,025] INFO    - [feature_store:40] - Successfully loaded 79 features for RELIANCE.NS | ticker=RELIANCE.NS
[2026-07-23 13:39:31,047] INFO    - [feature_store:118] - Saved Feature Store for RELIANCE.NS to storage/features\RELIANCE_NS.parquet | ticker=RELIANCE.NS
[2026-07-23 13:39:31,048] INFO    - [indicators:289 ] - Computing technical indicators across all categories...
[2026-07-23 13:39:31,132] INFO    - [indicators:305 ] - Successfully computed 59 indicator columns.
[2026-07-23 13:39:31,139] INFO    - [feature_store:40] - Successfully loaded 79 features for RELIANCE.NS | ticker=RELIANCE.NS
[2026-07-23 13:39:31,160] INFO    - [feature_store:118] - Saved Feature Store for RELIANCE.NS to storage/features\RELIANCE_NS.parquet | ticker=RELIANCE.NS
[2026-07-23 13:39:31,161] INFO    - [candlestick:169] - Computing price action returns and candlestick patterns...
[2026-07-23 13:39:31,216] INFO    - [candlestick:184] - Successfully computed 15 price action / pattern columns.
[2026-07-23 13:39:31,225] INFO    - [feature_store:40] - Successfully loaded 79 features for RELIANCE.NS | ticker=RELIANCE.NS
[2026-07-23 13:39:31,246] INFO    - [feature_store:118] - Saved Feature Store for RELIANCE.NS to storage/features\RELIANCE_NS.parquet | ticker=RELIANCE.NS
[2026-07-23 13:39:31,268] INFO    - [vix_analysis:42] - India VIX: 15.00 (Percentile: 100.0%, Regime: Normal)
[2026-07-23 13:39:31,405] INFO    - [chart_data:31  ] - Constructing client visualization payload...
[2026-07-23 13:39:31,462] WARNING - [gemini_client:43] - Gemini Client uninitialized (missing API Key). Routing to fallback generation.
[2026-07-23 13:39:31,462] INFO    - [gemini_client:184] - Generated graceful fallback report for RELIANCE.NS in 0.8ms
[2026-07-23 13:39:31,463] INFO    - [cache:68       ] - Cached new LLM analysis report for RELIANCE.NS (5m)
[2026-07-23 13:39:31,464] INFO    - [analysis:363   ] - Completed deterministic analysis for RELIANCE.NS in 444.4ms | ticker=RELIANCE.NS execution_time=444.38ms
[2026-07-23 13:39:31,483] INFO    - [cache:150      ] - Cached data saved for ticker TEST_STOCK (1d) | ticker=TEST_STOCK
[2026-07-23 13:39:31,489] INFO    - [cache:123      ] - Cache HIT for ticker TEST_STOCK (1d) | ticker=TEST_STOCK
[2026-07-23 13:39:31,498] INFO    - [cache:150      ] - Cached data saved for ticker TEST_VALIDITY (1d) | ticker=TEST_VALIDITY
[2026-07-23 13:39:31,531] INFO    - [downloader:73  ] - Successfully cleaned and validated data for TEST_TICKER. Rows: 4 | ticker=TEST_TICKER
[2026-07-23 13:39:31,536] INFO    - [downloader:103 ] - Downloading ticker data from yfinance: RELIANCE.NS (Interval: 1d, Period: 2y) | ticker=RELIANCE.NS
[2026-07-23 13:39:31,544] INFO    - [downloader:73  ] - Successfully cleaned and validated data for RELIANCE.NS. Rows: 3 | ticker=RELIANCE.NS
[2026-07-23 13:39:31,557] INFO    - [feature_store:118] - Saved Feature Store for RELIANCE_TEST to storage/test_features\RELIANCE_TEST.parquet | ticker=RELIANCE_TEST
[2026-07-23 13:39:31,560] INFO    - [feature_store:40] - Successfully loaded 2 features for RELIANCE_TEST | ticker=RELIANCE_TEST
[2026-07-23 13:39:31,568] INFO    - [feature_store:35] - No features Parquet file found for INFY_TEST at storage/test_features\INFY_TEST.parquet | ticker=INFY_TEST
[2026-07-23 13:39:31,569] INFO    - [feature_store:132] - Initializing new Feature Store for INFY_TEST during raw_ohlc | ticker=INFY_TEST
[2026-07-23 13:39:31,571] INFO    - [feature_store:118] - Saved Feature Store for INFY_TEST to storage/test_features\INFY_TEST.parquet | ticker=INFY_TEST
[2026-07-23 13:39:31,576] INFO    - [feature_store:40] - Successfully loaded 2 features for INFY_TEST | ticker=INFY_TEST
[2026-07-23 13:39:31,581] INFO    - [feature_store:118] - Saved Feature Store for INFY_TEST to storage/test_features\INFY_TEST.parquet | ticker=INFY_TEST
[2026-07-23 13:39:31,641] INFO    - [indicators:289 ] - Computing technical indicators across all categories...
[2026-07-23 13:39:31,716] INFO    - [indicators:305 ] - Successfully computed 53 indicator columns.
[2026-07-23 13:39:31,716] INFO    - [candlestick:169] - Computing price action returns and candlestick patterns...
[2026-07-23 13:39:31,739] INFO    - [candlestick:184] - Successfully computed 15 price action / pattern columns.
[2026-07-23 13:39:31,749] INFO    - [cache:68       ] - Cached new LLM analysis report for RELIANCE.NS (1d)
[2026-07-23 13:39:31,750] INFO    - [cache:51       ] - LLM cache HIT for RELIANCE.NS (1d)
[2026-07-23 13:39:31,750] INFO    - [cache:48       ] - LLM cache INVALIDATED for RELIANCE.NS (1d) due to quantitative change.
[2026-07-23 13:39:31,754] WARNING - [gemini_client:43] - Gemini Client uninitialized (missing API Key). Routing to fallback generation.
[2026-07-23 13:39:31,754] INFO    - [gemini_client:184] - Generated graceful fallback report for RELIANCE.NS in 0.5ms
[2026-07-23 13:39:31,762] INFO    - [market_downloader:28] - Market index cache miss for ^NSEI. Downloading... | ticker=^NSEI
[2026-07-23 13:39:31,766] INFO    - [cache:150      ] - Cached data saved for ticker ^NSEI (1d) | ticker=^NSEI
[2026-07-23 13:39:31,770] INFO    - [cache:123      ] - Cache HIT for ticker ^NSEI (1d) | ticker=^NSEI
[2026-07-23 13:39:31,803] INFO    - [downloader:103 ] - Downloading ticker data from yfinance: RELIANCE.NS (Interval: 1h, Period: 730d) | ticker=RELIANCE.NS
[2026-07-23 13:39:32,870] INFO    - [downloader:73  ] - Successfully cleaned and validated data for RELIANCE.NS. Rows: 5051 | ticker=RELIANCE.NS
[2026-07-23 13:39:32,871] ERROR   - [cache:153      ] - Failed to write cache for RELIANCE.NS: 'Date' | ticker=RELIANCE.NS
[2026-07-23 13:39:32,880] INFO    - [feature_store:40] - Successfully loaded 79 features for RELIANCE.NS | ticker=RELIANCE.NS
[2026-07-23 13:39:32,935] INFO    - [feature_store:118] - Saved Feature Store for RELIANCE.NS to storage/features\RELIANCE_NS.parquet | ticker=RELIANCE.NS
[2026-07-23 13:39:32,937] INFO    - [indicators:289 ] - Computing technical indicators across all categories...
[2026-07-23 13:39:33,098] INFO    - [indicators:305 ] - Successfully computed 59 indicator columns.
[2026-07-23 13:39:33,148] INFO    - [feature_store:40] - Successfully loaded 80 features for RELIANCE.NS | ticker=RELIANCE.NS
[2026-07-23 13:39:33,246] INFO    - [feature_store:118] - Saved Feature Store for RELIANCE.NS to storage/features\RELIANCE_NS.parquet | ticker=RELIANCE.NS
[2026-07-23 13:39:33,249] INFO    - [candlestick:169] - Computing price action returns and candlestick patterns...
[2026-07-23 13:39:33,762] INFO    - [candlestick:184] - Successfully computed 15 price action / pattern columns.
[2026-07-23 13:39:33,811] INFO    - [feature_store:40] - Successfully loaded 81 features for RELIANCE.NS | ticker=RELIANCE.NS
[2026-07-23 13:39:33,972] INFO    - [feature_store:118] - Saved Feature Store for RELIANCE.NS to storage/features\RELIANCE_NS.parquet | ticker=RELIANCE.NS
[2026-07-23 13:39:34,307] INFO    - [cache:123      ] - Cache HIT for ticker ^NSEI (1d) | ticker=^NSEI
[2026-07-23 13:39:34,316] INFO    - [cache:123      ] - Cache HIT for ticker ^NSEBANK (1d) | ticker=^NSEBANK
[2026-07-23 13:39:34,325] INFO    - [cache:123      ] - Cache HIT for ticker ^INDIAVIX (1d) | ticker=^INDIAVIX
[2026-07-23 13:39:34,334] INFO    - [cache:123      ] - Cache HIT for ticker ^CNXENERGY (1d) | ticker=^CNXENERGY
[2026-07-23 13:39:34,340] INFO    - [vix_analysis:42] - India VIX: 13.63 (Percentile: 68.0%, Regime: Normal)
[2026-07-23 13:39:34,352] ERROR   - [exceptions:56  ] - Unhandled system exception on /analyze/RELIANCE.NS: single positional indexer is out-of-bounds
[2026-07-23 13:39:35,833] INFO    - [downloader:103 ] - Downloading ticker data from yfinance: RELIANCE.NS (Interval: invalid_tf, Period: 5y) | ticker=RELIANCE.NS
[2026-07-23 13:39:36,356] WARNING - [downloader:27  ] - Downloaded empty DataFrame for RELIANCE.NS | ticker=RELIANCE.NS
[2026-07-23 13:39:36,357] WARNING - [cache:132      ] - Attempted to cache empty DataFrame for RELIANCE.NS | ticker=RELIANCE.NS
[2026-07-23 13:39:36,358] ERROR   - [exceptions:44  ] - API Exception on /analyze/RELIANCE.NS: Ticker symbol 'RELIANCE.NS' not found on Yahoo Finance.
[2026-07-23 13:39:36,399] INFO    - [chart_data:31  ] - Constructing client visualization payload...
[2026-07-23 13:39:36,404] INFO    - [vix_analysis:42] - India VIX: 11.80 (Percentile: 66.7%, Regime: Low)
[2026-07-23 13:39:36,405] INFO    - [vix_analysis:42] - India VIX: 14.80 (Percentile: 66.7%, Regime: Normal)
[2026-07-23 13:39:36,407] INFO    - [vix_analysis:42] - India VIX: 22.00 (Percentile: 100.0%, Regime: Elevated)
[2026-07-23 13:39:36,409] INFO    - [vix_analysis:42] - India VIX: 29.50 (Percentile: 66.7%, Regime: Extreme)
[2026-07-23 13:39:36,434] INFO    - [chart_data:31  ] - Constructing client visualization payload...
[2026-07-23 13:40:04,979] INFO    - [analysis:159   ] - Auto-appended .NS suffix to ticker: RELIANCE -> RELIANCE.NS | ticker=RELIANCE.NS
[2026-07-23 13:40:05,051] INFO    - [feature_store:40] - Successfully loaded 82 features for RELIANCE.NS | ticker=RELIANCE.NS
[2026-07-23 13:40:05,159] INFO    - [feature_store:118] - Saved Feature Store for RELIANCE.NS to storage/features\RELIANCE_NS.parquet | ticker=RELIANCE.NS
[2026-07-23 13:40:05,161] INFO    - [indicators:289 ] - Computing technical indicators across all categories...
[2026-07-23 13:40:05,425] INFO    - [indicators:305 ] - Successfully computed 59 indicator columns.
[2026-07-23 13:40:05,479] INFO    - [feature_store:40] - Successfully loaded 83 features for RELIANCE.NS | ticker=RELIANCE.NS
[2026-07-23 13:40:05,603] INFO    - [feature_store:118] - Saved Feature Store for RELIANCE.NS to storage/features\RELIANCE_NS.parquet | ticker=RELIANCE.NS
[2026-07-23 13:40:05,606] INFO    - [candlestick:169] - Computing price action returns and candlestick patterns...
[2026-07-23 13:40:06,163] INFO    - [candlestick:184] - Successfully computed 15 price action / pattern columns.
[2026-07-23 13:40:06,179] INFO    - [feature_store:40] - Successfully loaded 84 features for RELIANCE.NS | ticker=RELIANCE.NS
[2026-07-23 13:40:06,305] INFO    - [feature_store:118] - Saved Feature Store for RELIANCE.NS to storage/features\RELIANCE_NS.parquet | ticker=RELIANCE.NS
[2026-07-23 13:40:06,621] INFO    - [vix_analysis:42] - India VIX: 15.00 (Percentile: 100.0%, Regime: Normal)
[2026-07-23 13:40:08,649] INFO    - [chart_data:31  ] - Constructing client visualization payload...
[2026-07-23 13:40:09,643] WARNING - [gemini_client:43] - Gemini Client uninitialized (missing API Key). Routing to fallback generation.
[2026-07-23 13:40:09,644] INFO    - [gemini_client:184] - Generated graceful fallback report for RELIANCE.NS in 0.4ms
[2026-07-23 13:40:09,644] INFO    - [cache:68       ] - Cached new LLM analysis report for RELIANCE.NS (1d)
[2026-07-23 13:40:09,649] INFO    - [analysis:363   ] - Completed deterministic analysis for RELIANCE.NS in 4653.6ms | ticker=RELIANCE.NS execution_time=4653.62ms
[2026-07-23 13:40:09,847] INFO    - [feature_store:40] - Successfully loaded 79 features for TCS.NS | ticker=TCS.NS
[2026-07-23 13:40:09,883] INFO    - [feature_store:118] - Saved Feature Store for TCS.NS to storage/features\TCS_NS.parquet | ticker=TCS.NS
[2026-07-23 13:40:09,885] INFO    - [indicators:289 ] - Computing technical indicators across all categories...
[2026-07-23 13:40:09,977] INFO    - [indicators:305 ] - Successfully computed 59 indicator columns.
[2026-07-23 13:40:09,986] INFO    - [feature_store:40] - Successfully loaded 79 features for TCS.NS | ticker=TCS.NS
[2026-07-23 13:40:10,018] INFO    - [feature_store:118] - Saved Feature Store for TCS.NS to storage/features\TCS_NS.parquet | ticker=TCS.NS
[2026-07-23 13:40:10,019] INFO    - [candlestick:169] - Computing price action returns and candlestick patterns...
[2026-07-23 13:40:10,081] INFO    - [candlestick:184] - Successfully computed 15 price action / pattern columns.
[2026-07-23 13:40:10,089] INFO    - [feature_store:40] - Successfully loaded 79 features for TCS.NS | ticker=TCS.NS
[2026-07-23 13:40:10,114] INFO    - [feature_store:118] - Saved Feature Store for TCS.NS to storage/features\TCS_NS.parquet | ticker=TCS.NS
[2026-07-23 13:40:10,143] INFO    - [vix_analysis:42] - India VIX: 15.00 (Percentile: 100.0%, Regime: Normal)
[2026-07-23 13:40:10,416] INFO    - [chart_data:31  ] - Constructing client visualization payload...
[2026-07-23 13:40:10,459] WARNING - [gemini_client:43] - Gemini Client uninitialized (missing API Key). Routing to fallback generation.
[2026-07-23 13:40:10,460] INFO    - [gemini_client:184] - Generated graceful fallback report for TCS.NS in 1.0ms
[2026-07-23 13:40:10,460] INFO    - [cache:68       ] - Cached new LLM analysis report for TCS.NS (1d)
[2026-07-23 13:40:10,461] INFO    - [analysis:363   ] - Completed deterministic analysis for TCS.NS in 628.1ms | ticker=TCS.NS execution_time=628.14ms
[2026-07-23 13:40:10,491] INFO    - [analysis:159   ] - Auto-appended .NS suffix to ticker: INV@LID -> INV@LID.NS | ticker=INV@LID.NS
[2026-07-23 13:40:10,492] ERROR   - [exceptions:44  ] - API Exception on /analyze/INV@LID: Invalid ticker symbol format: 'INV@LID'
[2026-07-23 13:40:10,507] INFO    - [analysis:159   ] - Auto-appended .NS suffix to ticker: INVALID_TICKER -> INVALID_TICKER.NS | ticker=INVALID_TICKER.NS
[2026-07-23 13:40:10,508] ERROR   - [exceptions:44  ] - API Exception on /analyze/INVALID_TICKER: Ticker symbol 'INVALID_TICKER.NS' not found on Yahoo Finance.
[2026-07-23 13:40:10,525] INFO    - [analysis:169   ] - Analysis cache HIT for RELIANCE.NS (1d)
[2026-07-23 13:40:11,089] INFO    - [analysis:169   ] - Analysis cache HIT for TCS.NS (1d)
[2026-07-23 13:40:11,389] ERROR   - [exceptions:44  ] - API Exception on /analyze: Maximum batch size exceeded. Please request at most 5 tickers at a time.
[2026-07-23 13:40:11,414] INFO    - [analysis:159   ] - Auto-appended .NS suffix to ticker: RELIANCE -> RELIANCE.NS | ticker=RELIANCE.NS
[2026-07-23 13:40:11,429] INFO    - [feature_store:40] - Successfully loaded 85 features for RELIANCE.NS | ticker=RELIANCE.NS
[2026-07-23 13:40:11,551] INFO    - [feature_store:118] - Saved Feature Store for RELIANCE.NS to storage/features\RELIANCE_NS.parquet | ticker=RELIANCE.NS
[2026-07-23 13:40:11,555] INFO    - [indicators:289 ] - Computing technical indicators across all categories...
[2026-07-23 13:40:12,059] INFO    - [indicators:305 ] - Successfully computed 59 indicator columns.
[2026-07-23 13:40:12,094] INFO    - [feature_store:40] - Successfully loaded 86 features for RELIANCE.NS | ticker=RELIANCE.NS
[2026-07-23 13:40:12,271] INFO    - [feature_store:118] - Saved Feature Store for RELIANCE.NS to storage/features\RELIANCE_NS.parquet | ticker=RELIANCE.NS
[2026-07-23 13:40:12,276] INFO    - [candlestick:169] - Computing price action returns and candlestick patterns...
[2026-07-23 13:40:13,022] INFO    - [candlestick:184] - Successfully computed 15 price action / pattern columns.
[2026-07-23 13:40:13,039] INFO    - [feature_store:40] - Successfully loaded 87 features for RELIANCE.NS | ticker=RELIANCE.NS
[2026-07-23 13:40:13,175] INFO    - [feature_store:118] - Saved Feature Store for RELIANCE.NS to storage/features\RELIANCE_NS.parquet | ticker=RELIANCE.NS
[2026-07-23 13:40:13,385] INFO    - [vix_analysis:42] - India VIX: 15.00 (Percentile: 100.0%, Regime: Normal)
[2026-07-23 13:40:15,265] INFO    - [chart_data:31  ] - Constructing client visualization payload...
[2026-07-23 13:40:16,175] WARNING - [gemini_client:43] - Gemini Client uninitialized (missing API Key). Routing to fallback generation.
[2026-07-23 13:40:16,176] INFO    - [gemini_client:184] - Generated graceful fallback report for RELIANCE.NS in 1.0ms
[2026-07-23 13:40:16,176] INFO    - [cache:68       ] - Cached new LLM analysis report for RELIANCE.NS (5m)
[2026-07-23 13:40:16,178] INFO    - [analysis:363   ] - Completed deterministic analysis for RELIANCE.NS in 4752.7ms | ticker=RELIANCE.NS execution_time=4752.70ms
[2026-07-23 13:40:16,287] INFO    - [cache:150      ] - Cached data saved for ticker TEST_STOCK (1d) | ticker=TEST_STOCK
[2026-07-23 13:40:16,296] INFO    - [cache:123      ] - Cache HIT for ticker TEST_STOCK (1d) | ticker=TEST_STOCK
[2026-07-23 13:40:16,306] INFO    - [cache:150      ] - Cached data saved for ticker TEST_VALIDITY (1d) | ticker=TEST_VALIDITY
[2026-07-23 13:40:16,335] INFO    - [downloader:73  ] - Successfully cleaned and validated data for TEST_TICKER. Rows: 4 | ticker=TEST_TICKER
[2026-07-23 13:40:16,340] INFO    - [downloader:103 ] - Downloading ticker data from yfinance: RELIANCE.NS (Interval: 1d, Period: 2y) | ticker=RELIANCE.NS
[2026-07-23 13:40:16,346] INFO    - [downloader:73  ] - Successfully cleaned and validated data for RELIANCE.NS. Rows: 3 | ticker=RELIANCE.NS
[2026-07-23 13:40:16,390] INFO    - [feature_store:118] - Saved Feature Store for RELIANCE_TEST to storage/test_features\RELIANCE_TEST.parquet | ticker=RELIANCE_TEST
[2026-07-23 13:40:16,395] INFO    - [feature_store:40] - Successfully loaded 2 features for RELIANCE_TEST | ticker=RELIANCE_TEST
[2026-07-23 13:40:16,402] INFO    - [feature_store:35] - No features Parquet file found for INFY_TEST at storage/test_features\INFY_TEST.parquet | ticker=INFY_TEST
[2026-07-23 13:40:16,402] INFO    - [feature_store:132] - Initializing new Feature Store for INFY_TEST during raw_ohlc | ticker=INFY_TEST
[2026-07-23 13:40:16,406] INFO    - [feature_store:118] - Saved Feature Store for INFY_TEST to storage/test_features\INFY_TEST.parquet | ticker=INFY_TEST
[2026-07-23 13:40:16,408] INFO    - [feature_store:40] - Successfully loaded 2 features for INFY_TEST | ticker=INFY_TEST
[2026-07-23 13:40:16,414] INFO    - [feature_store:118] - Saved Feature Store for INFY_TEST to storage/test_features\INFY_TEST.parquet | ticker=INFY_TEST
[2026-07-23 13:40:16,477] INFO    - [indicators:289 ] - Computing technical indicators across all categories...
[2026-07-23 13:40:16,559] INFO    - [indicators:305 ] - Successfully computed 53 indicator columns.
[2026-07-23 13:40:16,560] INFO    - [candlestick:169] - Computing price action returns and candlestick patterns...
[2026-07-23 13:40:16,583] INFO    - [candlestick:184] - Successfully computed 15 price action / pattern columns.
[2026-07-23 13:40:16,592] INFO    - [cache:68       ] - Cached new LLM analysis report for RELIANCE.NS (1d)
[2026-07-23 13:40:16,593] INFO    - [cache:51       ] - LLM cache HIT for RELIANCE.NS (1d)
[2026-07-23 13:40:16,593] INFO    - [cache:48       ] - LLM cache INVALIDATED for RELIANCE.NS (1d) due to quantitative change.
[2026-07-23 13:40:16,596] WARNING - [gemini_client:43] - Gemini Client uninitialized (missing API Key). Routing to fallback generation.
[2026-07-23 13:40:16,597] INFO    - [gemini_client:184] - Generated graceful fallback report for RELIANCE.NS in 1.1ms
[2026-07-23 13:40:16,604] INFO    - [market_downloader:28] - Market index cache miss for ^NSEI. Downloading... | ticker=^NSEI
[2026-07-23 13:40:16,608] INFO    - [cache:150      ] - Cached data saved for ticker ^NSEI (1d) | ticker=^NSEI
[2026-07-23 13:40:16,613] INFO    - [cache:123      ] - Cache HIT for ticker ^NSEI (1d) | ticker=^NSEI
[2026-07-23 13:40:16,640] INFO    - [downloader:103 ] - Downloading ticker data from yfinance: RELIANCE.NS (Interval: 1h, Period: 730d) | ticker=RELIANCE.NS
[2026-07-23 13:40:17,425] INFO    - [downloader:73  ] - Successfully cleaned and validated data for RELIANCE.NS. Rows: 5051 | ticker=RELIANCE.NS
[2026-07-23 13:40:17,427] ERROR   - [cache:153      ] - Failed to write cache for RELIANCE.NS: 'Date' | ticker=RELIANCE.NS
[2026-07-23 13:40:17,443] INFO    - [feature_store:40] - Successfully loaded 88 features for RELIANCE.NS | ticker=RELIANCE.NS
[2026-07-23 13:40:17,584] INFO    - [feature_store:118] - Saved Feature Store for RELIANCE.NS to storage/features\RELIANCE_NS.parquet | ticker=RELIANCE.NS
[2026-07-23 13:40:17,588] INFO    - [indicators:289 ] - Computing technical indicators across all categories...
[2026-07-23 13:40:17,929] INFO    - [indicators:305 ] - Successfully computed 59 indicator columns.
[2026-07-23 13:40:17,945] INFO    - [feature_store:40] - Successfully loaded 89 features for RELIANCE.NS | ticker=RELIANCE.NS
[2026-07-23 13:40:18,241] INFO    - [feature_store:118] - Saved Feature Store for RELIANCE.NS to storage/features\RELIANCE_NS.parquet | ticker=RELIANCE.NS
[2026-07-23 13:40:18,247] INFO    - [candlestick:169] - Computing price action returns and candlestick patterns...
[2026-07-23 13:40:19,388] INFO    - [candlestick:184] - Successfully computed 15 price action / pattern columns.
[2026-07-23 13:40:19,410] INFO    - [feature_store:40] - Successfully loaded 90 features for RELIANCE.NS | ticker=RELIANCE.NS
[2026-07-23 13:40:19,617] INFO    - [feature_store:118] - Saved Feature Store for RELIANCE.NS to storage/features\RELIANCE_NS.parquet | ticker=RELIANCE.NS
[2026-07-23 13:40:19,953] INFO    - [cache:123      ] - Cache HIT for ticker ^NSEI (1d) | ticker=^NSEI
[2026-07-23 13:40:19,961] INFO    - [cache:123      ] - Cache HIT for ticker ^NSEBANK (1d) | ticker=^NSEBANK
[2026-07-23 13:40:19,967] INFO    - [cache:123      ] - Cache HIT for ticker ^INDIAVIX (1d) | ticker=^INDIAVIX
[2026-07-23 13:40:19,974] INFO    - [cache:123      ] - Cache HIT for ticker ^CNXENERGY (1d) | ticker=^CNXENERGY
[2026-07-23 13:40:19,978] INFO    - [vix_analysis:42] - India VIX: 13.63 (Percentile: 68.0%, Regime: Normal)
[2026-07-23 13:40:23,194] INFO    - [chart_data:31  ] - Constructing client visualization payload...
[2026-07-23 13:40:24,152] WARNING - [gemini_client:43] - Gemini Client uninitialized (missing API Key). Routing to fallback generation.
[2026-07-23 13:40:24,153] INFO    - [gemini_client:184] - Generated graceful fallback report for RELIANCE.NS in 0.6ms
[2026-07-23 13:40:24,154] INFO    - [cache:68       ] - Cached new LLM analysis report for RELIANCE.NS (1h)
[2026-07-23 13:40:24,155] INFO    - [analysis:363   ] - Completed deterministic analysis for RELIANCE.NS in 7495.9ms | ticker=RELIANCE.NS execution_time=7495.88ms
[2026-07-23 13:40:24,716] INFO    - [downloader:103 ] - Downloading ticker data from yfinance: RELIANCE.NS (Interval: invalid_tf, Period: 5y) | ticker=RELIANCE.NS
[2026-07-23 13:40:25,537] WARNING - [downloader:27  ] - Downloaded empty DataFrame for RELIANCE.NS | ticker=RELIANCE.NS
[2026-07-23 13:40:25,538] WARNING - [cache:132      ] - Attempted to cache empty DataFrame for RELIANCE.NS | ticker=RELIANCE.NS
[2026-07-23 13:40:25,539] ERROR   - [exceptions:44  ] - API Exception on /analyze/RELIANCE.NS: Ticker symbol 'RELIANCE.NS' not found on Yahoo Finance.
[2026-07-23 13:40:25,582] INFO    - [chart_data:31  ] - Constructing client visualization payload...
[2026-07-23 13:40:25,587] INFO    - [vix_analysis:42] - India VIX: 11.80 (Percentile: 66.7%, Regime: Low)
[2026-07-23 13:40:25,588] INFO    - [vix_analysis:42] - India VIX: 14.80 (Percentile: 66.7%, Regime: Normal)
[2026-07-23 13:40:25,588] INFO    - [vix_analysis:42] - India VIX: 22.00 (Percentile: 100.0%, Regime: Elevated)
[2026-07-23 13:40:25,589] INFO    - [vix_analysis:42] - India VIX: 29.50 (Percentile: 66.7%, Regime: Extreme)
[2026-07-23 13:40:26,266] INFO    - [chart_data:31  ] - Constructing client visualization payload...
[2026-07-23 13:40:42,186] INFO    - [analysis:159   ] - Auto-appended .NS suffix to ticker: RELIANCE -> RELIANCE.NS | ticker=RELIANCE.NS
[2026-07-23 13:40:42,293] INFO    - [feature_store:40] - Successfully loaded 91 features for RELIANCE.NS | ticker=RELIANCE.NS
[2026-07-23 13:40:42,593] INFO    - [feature_store:118] - Saved Feature Store for RELIANCE.NS to storage/features\RELIANCE_NS.parquet | ticker=RELIANCE.NS
[2026-07-23 13:40:42,596] INFO    - [indicators:289 ] - Computing technical indicators across all categories...
[2026-07-23 13:40:43,171] INFO    - [indicators:305 ] - Successfully computed 59 indicator columns.
[2026-07-23 13:40:43,205] INFO    - [feature_store:40] - Successfully loaded 92 features for RELIANCE.NS | ticker=RELIANCE.NS
[2026-07-23 13:40:43,460] INFO    - [feature_store:118] - Saved Feature Store for RELIANCE.NS to storage/features\RELIANCE_NS.parquet | ticker=RELIANCE.NS
[2026-07-23 13:40:43,469] INFO    - [candlestick:169] - Computing price action returns and candlestick patterns...
[2026-07-23 13:40:45,043] INFO    - [candlestick:184] - Successfully computed 15 price action / pattern columns.
[2026-07-23 13:40:45,068] INFO    - [feature_store:40] - Successfully loaded 93 features for RELIANCE.NS | ticker=RELIANCE.NS
[2026-07-23 13:40:45,359] INFO    - [feature_store:118] - Saved Feature Store for RELIANCE.NS to storage/features\RELIANCE_NS.parquet | ticker=RELIANCE.NS
[2026-07-23 13:40:45,913] INFO    - [vix_analysis:42] - India VIX: 15.00 (Percentile: 100.0%, Regime: Normal)
[2026-07-23 13:40:49,682] INFO    - [chart_data:31  ] - Constructing client visualization payload...
[2026-07-23 13:40:51,164] WARNING - [gemini_client:43] - Gemini Client uninitialized (missing API Key). Routing to fallback generation.
[2026-07-23 13:40:51,166] INFO    - [gemini_client:184] - Generated graceful fallback report for RELIANCE.NS in 1.6ms
[2026-07-23 13:40:51,166] INFO    - [cache:68       ] - Cached new LLM analysis report for RELIANCE.NS (1d)
[2026-07-23 13:40:51,174] INFO    - [analysis:363   ] - Completed deterministic analysis for RELIANCE.NS in 8937.2ms | ticker=RELIANCE.NS execution_time=8937.20ms
[2026-07-23 13:40:51,521] INFO    - [feature_store:40] - Successfully loaded 79 features for TCS.NS | ticker=TCS.NS
[2026-07-23 13:40:51,553] INFO    - [feature_store:118] - Saved Feature Store for TCS.NS to storage/features\TCS_NS.parquet | ticker=TCS.NS
[2026-07-23 13:40:51,553] INFO    - [indicators:289 ] - Computing technical indicators across all categories...
[2026-07-23 13:40:51,645] INFO    - [indicators:305 ] - Successfully computed 59 indicator columns.
[2026-07-23 13:40:51,656] INFO    - [feature_store:40] - Successfully loaded 79 features for TCS.NS | ticker=TCS.NS
[2026-07-23 13:40:51,680] INFO    - [feature_store:118] - Saved Feature Store for TCS.NS to storage/features\TCS_NS.parquet | ticker=TCS.NS
[2026-07-23 13:40:51,681] INFO    - [candlestick:169] - Computing price action returns and candlestick patterns...
[2026-07-23 13:40:51,752] INFO    - [candlestick:184] - Successfully computed 15 price action / pattern columns.
[2026-07-23 13:40:51,760] INFO    - [feature_store:40] - Successfully loaded 79 features for TCS.NS | ticker=TCS.NS
[2026-07-23 13:40:51,781] INFO    - [feature_store:118] - Saved Feature Store for TCS.NS to storage/features\TCS_NS.parquet | ticker=TCS.NS
[2026-07-23 13:40:51,805] INFO    - [vix_analysis:42] - India VIX: 15.00 (Percentile: 100.0%, Regime: Normal)
[2026-07-23 13:40:51,913] INFO    - [chart_data:31  ] - Constructing client visualization payload...
[2026-07-23 13:40:51,961] WARNING - [gemini_client:43] - Gemini Client uninitialized (missing API Key). Routing to fallback generation.
[2026-07-23 13:40:51,962] INFO    - [gemini_client:184] - Generated graceful fallback report for TCS.NS in 1.0ms
[2026-07-23 13:40:51,963] INFO    - [cache:68       ] - Cached new LLM analysis report for TCS.NS (1d)
[2026-07-23 13:40:51,964] INFO    - [analysis:363   ] - Completed deterministic analysis for TCS.NS in 449.2ms | ticker=TCS.NS execution_time=449.24ms
[2026-07-23 13:40:51,983] INFO    - [analysis:159   ] - Auto-appended .NS suffix to ticker: INV@LID -> INV@LID.NS | ticker=INV@LID.NS
[2026-07-23 13:40:51,983] ERROR   - [exceptions:44  ] - API Exception on /analyze/INV@LID: Invalid ticker symbol format: 'INV@LID'
[2026-07-23 13:40:51,997] INFO    - [analysis:159   ] - Auto-appended .NS suffix to ticker: INVALID_TICKER -> INVALID_TICKER.NS | ticker=INVALID_TICKER.NS
[2026-07-23 13:40:51,997] ERROR   - [exceptions:44  ] - API Exception on /analyze/INVALID_TICKER: Ticker symbol 'INVALID_TICKER.NS' not found on Yahoo Finance.
[2026-07-23 13:40:52,013] INFO    - [analysis:169   ] - Analysis cache HIT for RELIANCE.NS (1d)
[2026-07-23 13:40:52,836] INFO    - [analysis:169   ] - Analysis cache HIT for TCS.NS (1d)
[2026-07-23 13:40:53,266] ERROR   - [exceptions:44  ] - API Exception on /analyze: Maximum batch size exceeded. Please request at most 5 tickers at a time.
[2026-07-23 13:40:53,289] INFO    - [analysis:159   ] - Auto-appended .NS suffix to ticker: RELIANCE -> RELIANCE.NS | ticker=RELIANCE.NS
[2026-07-23 13:40:53,315] INFO    - [feature_store:40] - Successfully loaded 94 features for RELIANCE.NS | ticker=RELIANCE.NS
[2026-07-23 13:40:53,596] INFO    - [feature_store:118] - Saved Feature Store for RELIANCE.NS to storage/features\RELIANCE_NS.parquet | ticker=RELIANCE.NS
[2026-07-23 13:40:53,603] INFO    - [indicators:289 ] - Computing technical indicators across all categories...
[2026-07-23 13:40:54,020] INFO    - [indicators:305 ] - Successfully computed 59 indicator columns.
[2026-07-23 13:40:54,045] INFO    - [feature_store:40] - Successfully loaded 95 features for RELIANCE.NS | ticker=RELIANCE.NS
[2026-07-23 13:40:54,327] INFO    - [feature_store:118] - Saved Feature Store for RELIANCE.NS to storage/features\RELIANCE_NS.parquet | ticker=RELIANCE.NS
[2026-07-23 13:40:54,334] INFO    - [candlestick:169] - Computing price action returns and candlestick patterns...
[2026-07-23 13:40:55,452] INFO    - [candlestick:184] - Successfully computed 15 price action / pattern columns.
[2026-07-23 13:40:55,473] INFO    - [feature_store:40] - Successfully loaded 96 features for RELIANCE.NS | ticker=RELIANCE.NS
[2026-07-23 13:40:55,728] INFO    - [feature_store:118] - Saved Feature Store for RELIANCE.NS to storage/features\RELIANCE_NS.parquet | ticker=RELIANCE.NS
[2026-07-23 13:40:56,326] INFO    - [vix_analysis:42] - India VIX: 15.00 (Percentile: 100.0%, Regime: Normal)
[2026-07-23 13:40:59,813] INFO    - [chart_data:31  ] - Constructing client visualization payload...
[2026-07-23 13:41:01,095] WARNING - [gemini_client:43] - Gemini Client uninitialized (missing API Key). Routing to fallback generation.
[2026-07-23 13:41:01,096] INFO    - [gemini_client:184] - Generated graceful fallback report for RELIANCE.NS in 1.5ms
[2026-07-23 13:41:01,097] INFO    - [cache:68       ] - Cached new LLM analysis report for RELIANCE.NS (5m)
[2026-07-23 13:41:01,099] INFO    - [analysis:363   ] - Completed deterministic analysis for RELIANCE.NS in 7785.9ms | ticker=RELIANCE.NS execution_time=7785.87ms
[2026-07-23 13:41:01,285] INFO    - [cache:150      ] - Cached data saved for ticker TEST_STOCK (1d) | ticker=TEST_STOCK
[2026-07-23 13:41:01,295] INFO    - [cache:123      ] - Cache HIT for ticker TEST_STOCK (1d) | ticker=TEST_STOCK
[2026-07-23 13:41:01,306] INFO    - [cache:150      ] - Cached data saved for ticker TEST_VALIDITY (1d) | ticker=TEST_VALIDITY
[2026-07-23 13:41:01,334] INFO    - [downloader:73  ] - Successfully cleaned and validated data for TEST_TICKER. Rows: 4 | ticker=TEST_TICKER
[2026-07-23 13:41:01,340] INFO    - [downloader:103 ] - Downloading ticker data from yfinance: RELIANCE.NS (Interval: 1d, Period: 2y) | ticker=RELIANCE.NS
[2026-07-23 13:41:01,345] INFO    - [downloader:73  ] - Successfully cleaned and validated data for RELIANCE.NS. Rows: 3 | ticker=RELIANCE.NS
[2026-07-23 13:41:01,388] INFO    - [feature_store:118] - Saved Feature Store for RELIANCE_TEST to storage/test_features\RELIANCE_TEST.parquet | ticker=RELIANCE_TEST
[2026-07-23 13:41:01,392] INFO    - [feature_store:40] - Successfully loaded 2 features for RELIANCE_TEST | ticker=RELIANCE_TEST
[2026-07-23 13:41:01,399] INFO    - [feature_store:35] - No features Parquet file found for INFY_TEST at storage/test_features\INFY_TEST.parquet | ticker=INFY_TEST
[2026-07-23 13:41:01,399] INFO    - [feature_store:132] - Initializing new Feature Store for INFY_TEST during raw_ohlc | ticker=INFY_TEST
[2026-07-23 13:41:01,404] INFO    - [feature_store:118] - Saved Feature Store for INFY_TEST to storage/test_features\INFY_TEST.parquet | ticker=INFY_TEST
[2026-07-23 13:41:01,408] INFO    - [feature_store:40] - Successfully loaded 2 features for INFY_TEST | ticker=INFY_TEST
[2026-07-23 13:41:01,413] INFO    - [feature_store:118] - Saved Feature Store for INFY_TEST to storage/test_features\INFY_TEST.parquet | ticker=INFY_TEST
[2026-07-23 13:41:01,477] INFO    - [indicators:289 ] - Computing technical indicators across all categories...
[2026-07-23 13:41:01,572] INFO    - [indicators:305 ] - Successfully computed 53 indicator columns.
[2026-07-23 13:41:01,573] INFO    - [candlestick:169] - Computing price action returns and candlestick patterns...
[2026-07-23 13:41:01,596] INFO    - [candlestick:184] - Successfully computed 15 price action / pattern columns.
[2026-07-23 13:41:01,606] INFO    - [cache:68       ] - Cached new LLM analysis report for RELIANCE.NS (1d)
[2026-07-23 13:41:01,606] INFO    - [cache:51       ] - LLM cache HIT for RELIANCE.NS (1d)
[2026-07-23 13:41:01,607] INFO    - [cache:48       ] - LLM cache INVALIDATED for RELIANCE.NS (1d) due to quantitative change.
[2026-07-23 13:41:01,610] WARNING - [gemini_client:43] - Gemini Client uninitialized (missing API Key). Routing to fallback generation.
[2026-07-23 13:41:01,673] INFO    - [gemini_client:184] - Generated graceful fallback report for RELIANCE.NS in 62.8ms
[2026-07-23 13:41:01,683] INFO    - [market_downloader:28] - Market index cache miss for ^NSEI. Downloading... | ticker=^NSEI
[2026-07-23 13:41:01,687] INFO    - [cache:150      ] - Cached data saved for ticker ^NSEI (1d) | ticker=^NSEI
[2026-07-23 13:41:01,692] INFO    - [cache:123      ] - Cache HIT for ticker ^NSEI (1d) | ticker=^NSEI
[2026-07-23 13:41:01,724] INFO    - [downloader:103 ] - Downloading ticker data from yfinance: RELIANCE.NS (Interval: 1h, Period: 730d) | ticker=RELIANCE.NS
[2026-07-23 13:41:02,483] INFO    - [downloader:73  ] - Successfully cleaned and validated data for RELIANCE.NS. Rows: 5051 | ticker=RELIANCE.NS
[2026-07-23 13:41:02,486] ERROR   - [cache:153      ] - Failed to write cache for RELIANCE.NS: 'Date' | ticker=RELIANCE.NS
[2026-07-23 13:41:02,509] INFO    - [feature_store:40] - Successfully loaded 97 features for RELIANCE.NS | ticker=RELIANCE.NS
[2026-07-23 13:41:02,946] INFO    - [feature_store:118] - Saved Feature Store for RELIANCE.NS to storage/features\RELIANCE_NS.parquet | ticker=RELIANCE.NS
[2026-07-23 13:41:02,955] INFO    - [indicators:289 ] - Computing technical indicators across all categories...
[2026-07-23 13:41:03,654] INFO    - [indicators:305 ] - Successfully computed 59 indicator columns.
[2026-07-23 13:41:03,704] INFO    - [feature_store:40] - Successfully loaded 98 features for RELIANCE.NS | ticker=RELIANCE.NS
[2026-07-23 13:41:04,236] INFO    - [feature_store:118] - Saved Feature Store for RELIANCE.NS to storage/features\RELIANCE_NS.parquet | ticker=RELIANCE.NS
[2026-07-23 13:41:04,245] INFO    - [candlestick:169] - Computing price action returns and candlestick patterns...
[2026-07-23 13:41:06,021] INFO    - [candlestick:184] - Successfully computed 15 price action / pattern columns.
[2026-07-23 13:41:06,056] INFO    - [feature_store:40] - Successfully loaded 99 features for RELIANCE.NS | ticker=RELIANCE.NS
[2026-07-23 13:41:06,559] INFO    - [feature_store:118] - Saved Feature Store for RELIANCE.NS to storage/features\RELIANCE_NS.parquet | ticker=RELIANCE.NS
[2026-07-23 13:41:07,127] INFO    - [cache:123      ] - Cache HIT for ticker ^NSEI (1d) | ticker=^NSEI
[2026-07-23 13:41:07,136] INFO    - [cache:123      ] - Cache HIT for ticker ^NSEBANK (1d) | ticker=^NSEBANK
[2026-07-23 13:41:07,142] INFO    - [cache:123      ] - Cache HIT for ticker ^INDIAVIX (1d) | ticker=^INDIAVIX
[2026-07-23 13:41:07,148] INFO    - [cache:123      ] - Cache HIT for ticker ^CNXENERGY (1d) | ticker=^CNXENERGY
[2026-07-23 13:41:07,152] INFO    - [vix_analysis:42] - India VIX: 13.63 (Percentile: 68.0%, Regime: Normal)
[2026-07-23 13:41:11,569] INFO    - [chart_data:31  ] - Constructing client visualization payload...
[2026-07-23 13:41:13,249] WARNING - [gemini_client:43] - Gemini Client uninitialized (missing API Key). Routing to fallback generation.
[2026-07-23 13:41:13,249] INFO    - [gemini_client:184] - Generated graceful fallback report for RELIANCE.NS in 0.0ms
[2026-07-23 13:41:13,250] INFO    - [cache:68       ] - Cached new LLM analysis report for RELIANCE.NS (1h)
[2026-07-23 13:41:13,250] INFO    - [analysis:363   ] - Completed deterministic analysis for RELIANCE.NS in 11491.2ms | ticker=RELIANCE.NS execution_time=11491.20ms
[2026-07-23 13:41:14,051] INFO    - [downloader:103 ] - Downloading ticker data from yfinance: RELIANCE.NS (Interval: invalid_tf, Period: 5y) | ticker=RELIANCE.NS
[2026-07-23 13:41:14,874] WARNING - [downloader:27  ] - Downloaded empty DataFrame for RELIANCE.NS | ticker=RELIANCE.NS
[2026-07-23 13:41:14,876] WARNING - [cache:132      ] - Attempted to cache empty DataFrame for RELIANCE.NS | ticker=RELIANCE.NS
[2026-07-23 13:41:14,877] ERROR   - [exceptions:44  ] - API Exception on /analyze/RELIANCE.NS: Ticker symbol 'RELIANCE.NS' not found on Yahoo Finance.
[2026-07-23 13:41:14,918] INFO    - [chart_data:31  ] - Constructing client visualization payload...
[2026-07-23 13:41:14,924] INFO    - [vix_analysis:42] - India VIX: 11.80 (Percentile: 66.7%, Regime: Low)
[2026-07-23 13:41:14,926] INFO    - [vix_analysis:42] - India VIX: 14.80 (Percentile: 66.7%, Regime: Normal)
[2026-07-23 13:41:14,927] INFO    - [vix_analysis:42] - India VIX: 22.00 (Percentile: 100.0%, Regime: Elevated)
[2026-07-23 13:41:14,928] INFO    - [vix_analysis:42] - India VIX: 29.50 (Percentile: 66.7%, Regime: Extreme)
[2026-07-23 13:41:14,952] INFO    - [chart_data:31  ] - Constructing client visualization payload...
[2026-07-23 14:13:35,858] INFO    - [analysis:159   ] - Auto-appended .NS suffix to ticker: RELIANCE -> RELIANCE.NS | ticker=RELIANCE.NS
[2026-07-23 14:13:35,943] INFO    - [feature_store:40] - Successfully loaded 103 features for RELIANCE.NS | ticker=RELIANCE.NS
[2026-07-23 14:13:36,403] INFO    - [feature_store:118] - Saved Feature Store for RELIANCE.NS to storage/features\RELIANCE_NS.parquet | ticker=RELIANCE.NS
[2026-07-23 14:13:36,417] INFO    - [indicators:289 ] - Computing technical indicators across all categories...
[2026-07-23 14:13:37,114] INFO    - [indicators:305 ] - Successfully computed 59 indicator columns.
[2026-07-23 14:13:37,194] INFO    - [feature_store:40] - Successfully loaded 104 features for RELIANCE.NS | ticker=RELIANCE.NS
[2026-07-23 14:13:37,819] INFO    - [feature_store:118] - Saved Feature Store for RELIANCE.NS to storage/features\RELIANCE_NS.parquet | ticker=RELIANCE.NS
[2026-07-23 14:13:37,834] INFO    - [candlestick:169] - Computing price action returns and candlestick patterns...
[2026-07-23 14:13:39,630] INFO    - [candlestick:184] - Successfully computed 15 price action / pattern columns.
[2026-07-23 14:13:39,660] INFO    - [feature_store:40] - Successfully loaded 105 features for RELIANCE.NS | ticker=RELIANCE.NS
[2026-07-23 14:13:40,196] INFO    - [feature_store:118] - Saved Feature Store for RELIANCE.NS to storage/features\RELIANCE_NS.parquet | ticker=RELIANCE.NS
[2026-07-23 14:13:40,991] INFO    - [vix_analysis:42] - India VIX: 15.00 (Percentile: 100.0%, Regime: Normal)
[2026-07-23 14:13:46,497] INFO    - [chart_data:31  ] - Constructing client visualization payload...
[2026-07-23 14:13:48,079] WARNING - [gemini_client:43] - Gemini Client uninitialized (missing API Key). Routing to fallback generation.
[2026-07-23 14:13:48,079] INFO    - [gemini_client:184] - Generated graceful fallback report for RELIANCE.NS in 0.0ms
[2026-07-23 14:13:48,080] INFO    - [cache:68       ] - Cached new LLM analysis report for RELIANCE.NS (1d)
[2026-07-23 14:13:48,084] INFO    - [analysis:363   ] - Completed deterministic analysis for RELIANCE.NS in 12193.8ms | ticker=RELIANCE.NS execution_time=12193.76ms
[2026-07-23 14:13:48,362] INFO    - [feature_store:40] - Successfully loaded 79 features for TCS.NS | ticker=TCS.NS
[2026-07-23 14:13:48,391] INFO    - [feature_store:118] - Saved Feature Store for TCS.NS to storage/features\TCS_NS.parquet | ticker=TCS.NS
[2026-07-23 14:13:48,391] INFO    - [indicators:289 ] - Computing technical indicators across all categories...
[2026-07-23 14:13:48,497] INFO    - [indicators:305 ] - Successfully computed 59 indicator columns.
[2026-07-23 14:13:48,506] INFO    - [feature_store:40] - Successfully loaded 79 features for TCS.NS | ticker=TCS.NS
[2026-07-23 14:13:48,538] INFO    - [feature_store:118] - Saved Feature Store for TCS.NS to storage/features\TCS_NS.parquet | ticker=TCS.NS
[2026-07-23 14:13:48,539] INFO    - [candlestick:169] - Computing price action returns and candlestick patterns...
[2026-07-23 14:13:48,608] INFO    - [candlestick:184] - Successfully computed 15 price action / pattern columns.
[2026-07-23 14:13:48,615] INFO    - [feature_store:40] - Successfully loaded 79 features for TCS.NS | ticker=TCS.NS
[2026-07-23 14:13:48,637] INFO    - [feature_store:118] - Saved Feature Store for TCS.NS to storage/features\TCS_NS.parquet | ticker=TCS.NS
[2026-07-23 14:13:48,658] INFO    - [vix_analysis:42] - India VIX: 15.00 (Percentile: 100.0%, Regime: Normal)
[2026-07-23 14:13:48,761] INFO    - [chart_data:31  ] - Constructing client visualization payload...
[2026-07-23 14:13:48,809] WARNING - [gemini_client:43] - Gemini Client uninitialized (missing API Key). Routing to fallback generation.
[2026-07-23 14:13:48,810] INFO    - [gemini_client:184] - Generated graceful fallback report for TCS.NS in 0.0ms
[2026-07-23 14:13:48,810] INFO    - [cache:68       ] - Cached new LLM analysis report for TCS.NS (1d)
[2026-07-23 14:13:48,811] INFO    - [analysis:363   ] - Completed deterministic analysis for TCS.NS in 456.8ms | ticker=TCS.NS execution_time=456.76ms
[2026-07-23 14:13:48,832] INFO    - [analysis:159   ] - Auto-appended .NS suffix to ticker: INV@LID -> INV@LID.NS | ticker=INV@LID.NS
[2026-07-23 14:13:48,833] ERROR   - [exceptions:44  ] - API Exception on /analyze/INV@LID: Invalid ticker symbol format: 'INV@LID'
[2026-07-23 14:13:48,847] INFO    - [analysis:159   ] - Auto-appended .NS suffix to ticker: INVALID_TICKER -> INVALID_TICKER.NS | ticker=INVALID_TICKER.NS
[2026-07-23 14:13:48,848] ERROR   - [exceptions:44  ] - API Exception on /analyze/INVALID_TICKER: Ticker symbol 'INVALID_TICKER.NS' not found on Yahoo Finance.
[2026-07-23 14:13:48,862] INFO    - [analysis:169   ] - Analysis cache HIT for RELIANCE.NS (1d)
[2026-07-23 14:13:49,424] INFO    - [analysis:169   ] - Analysis cache HIT for TCS.NS (1d)
[2026-07-23 14:13:49,819] ERROR   - [exceptions:44  ] - API Exception on /analyze: Maximum batch size exceeded. Please request at most 5 tickers at a time.
[2026-07-23 14:13:49,839] INFO    - [analysis:159   ] - Auto-appended .NS suffix to ticker: RELIANCE -> RELIANCE.NS | ticker=RELIANCE.NS
[2026-07-23 14:13:49,876] INFO    - [feature_store:40] - Successfully loaded 106 features for RELIANCE.NS | ticker=RELIANCE.NS
[2026-07-23 14:13:50,440] INFO    - [feature_store:118] - Saved Feature Store for RELIANCE.NS to storage/features\RELIANCE_NS.parquet | ticker=RELIANCE.NS
[2026-07-23 14:13:50,457] INFO    - [indicators:289 ] - Computing technical indicators across all categories...
[2026-07-23 14:13:51,326] INFO    - [indicators:305 ] - Successfully computed 59 indicator columns.
[2026-07-23 14:13:51,376] INFO    - [feature_store:40] - Successfully loaded 107 features for RELIANCE.NS | ticker=RELIANCE.NS
[2026-07-23 14:13:51,857] INFO    - [feature_store:118] - Saved Feature Store for RELIANCE.NS to storage/features\RELIANCE_NS.parquet | ticker=RELIANCE.NS
[2026-07-23 14:13:51,873] INFO    - [candlestick:169] - Computing price action returns and candlestick patterns...
[2026-07-23 14:13:53,638] INFO    - [candlestick:184] - Successfully computed 15 price action / pattern columns.
[2026-07-23 14:13:53,672] INFO    - [feature_store:40] - Successfully loaded 108 features for RELIANCE.NS | ticker=RELIANCE.NS
[2026-07-23 14:13:54,208] INFO    - [feature_store:118] - Saved Feature Store for RELIANCE.NS to storage/features\RELIANCE_NS.parquet | ticker=RELIANCE.NS
[2026-07-23 14:13:55,025] INFO    - [vix_analysis:42] - India VIX: 15.00 (Percentile: 100.0%, Regime: Normal)
[2026-07-23 14:14:00,292] INFO    - [chart_data:31  ] - Constructing client visualization payload...
[2026-07-23 14:14:02,079] WARNING - [gemini_client:43] - Gemini Client uninitialized (missing API Key). Routing to fallback generation.
[2026-07-23 14:14:02,080] INFO    - [gemini_client:184] - Generated graceful fallback report for RELIANCE.NS in 0.6ms
[2026-07-23 14:14:02,080] INFO    - [cache:68       ] - Cached new LLM analysis report for RELIANCE.NS (5m)
[2026-07-23 14:14:02,081] INFO    - [analysis:363   ] - Completed deterministic analysis for RELIANCE.NS in 12198.3ms | ticker=RELIANCE.NS execution_time=12198.27ms
[2026-07-23 14:14:02,425] INFO    - [cache:151      ] - Cached data saved for ticker TEST_STOCK (1d) | ticker=TEST_STOCK
[2026-07-23 14:14:02,440] INFO    - [cache:123      ] - Cache HIT for ticker TEST_STOCK (1d) | ticker=TEST_STOCK
[2026-07-23 14:14:02,448] INFO    - [cache:151      ] - Cached data saved for ticker TEST_VALIDITY (1d) | ticker=TEST_VALIDITY
[2026-07-23 14:14:02,477] INFO    - [downloader:73  ] - Successfully cleaned and validated data for TEST_TICKER. Rows: 4 | ticker=TEST_TICKER
[2026-07-23 14:14:02,482] INFO    - [downloader:103 ] - Downloading ticker data from yfinance: RELIANCE.NS (Interval: 1d, Period: 2y) | ticker=RELIANCE.NS
[2026-07-23 14:14:02,490] INFO    - [downloader:73  ] - Successfully cleaned and validated data for RELIANCE.NS. Rows: 3 | ticker=RELIANCE.NS
[2026-07-23 14:14:02,502] INFO    - [feature_store:118] - Saved Feature Store for RELIANCE_TEST to storage/test_features\RELIANCE_TEST.parquet | ticker=RELIANCE_TEST
[2026-07-23 14:14:02,506] INFO    - [feature_store:40] - Successfully loaded 2 features for RELIANCE_TEST | ticker=RELIANCE_TEST
[2026-07-23 14:14:02,513] INFO    - [feature_store:35] - No features Parquet file found for INFY_TEST at storage/test_features\INFY_TEST.parquet | ticker=INFY_TEST
[2026-07-23 14:14:02,513] INFO    - [feature_store:132] - Initializing new Feature Store for INFY_TEST during raw_ohlc | ticker=INFY_TEST
[2026-07-23 14:14:02,518] INFO    - [feature_store:118] - Saved Feature Store for INFY_TEST to storage/test_features\INFY_TEST.parquet | ticker=INFY_TEST
[2026-07-23 14:14:02,523] INFO    - [feature_store:40] - Successfully loaded 2 features for INFY_TEST | ticker=INFY_TEST
[2026-07-23 14:14:02,528] INFO    - [feature_store:118] - Saved Feature Store for INFY_TEST to storage/test_features\INFY_TEST.parquet | ticker=INFY_TEST
[2026-07-23 14:14:02,595] INFO    - [indicators:289 ] - Computing technical indicators across all categories...
[2026-07-23 14:14:02,719] INFO    - [indicators:305 ] - Successfully computed 53 indicator columns.
[2026-07-23 14:14:02,720] INFO    - [candlestick:169] - Computing price action returns and candlestick patterns...
[2026-07-23 14:14:02,748] INFO    - [candlestick:184] - Successfully computed 15 price action / pattern columns.
[2026-07-23 14:14:02,756] INFO    - [cache:68       ] - Cached new LLM analysis report for RELIANCE.NS (1d)
[2026-07-23 14:14:02,756] INFO    - [cache:51       ] - LLM cache HIT for RELIANCE.NS (1d)
[2026-07-23 14:14:02,757] INFO    - [cache:48       ] - LLM cache INVALIDATED for RELIANCE.NS (1d) due to quantitative change.
[2026-07-23 14:14:02,760] WARNING - [gemini_client:43] - Gemini Client uninitialized (missing API Key). Routing to fallback generation.
[2026-07-23 14:14:02,761] INFO    - [gemini_client:184] - Generated graceful fallback report for RELIANCE.NS in 0.5ms
[2026-07-23 14:14:02,767] INFO    - [market_downloader:28] - Market index cache miss for ^NSEI. Downloading... | ticker=^NSEI
[2026-07-23 14:14:02,771] INFO    - [cache:151      ] - Cached data saved for ticker ^NSEI (1d) | ticker=^NSEI
[2026-07-23 14:14:02,775] INFO    - [cache:123      ] - Cache HIT for ticker ^NSEI (1d) | ticker=^NSEI
[2026-07-23 14:14:02,808] INFO    - [downloader:103 ] - Downloading ticker data from yfinance: RELIANCE.NS (Interval: 1h, Period: 730d) | ticker=RELIANCE.NS
[2026-07-23 14:14:03,574] INFO    - [downloader:73  ] - Successfully cleaned and validated data for RELIANCE.NS. Rows: 5051 | ticker=RELIANCE.NS
[2026-07-23 14:14:03,619] INFO    - [cache:151      ] - Cached data saved for ticker RELIANCE.NS (1h) | ticker=RELIANCE.NS
[2026-07-23 14:14:03,651] INFO    - [feature_store:40] - Successfully loaded 109 features for RELIANCE.NS | ticker=RELIANCE.NS
[2026-07-23 14:14:04,163] INFO    - [feature_store:118] - Saved Feature Store for RELIANCE.NS to storage/features\RELIANCE_NS.parquet | ticker=RELIANCE.NS
[2026-07-23 14:14:04,208] INFO    - [indicators:289 ] - Computing technical indicators across all categories...
[2026-07-23 14:14:05,361] INFO    - [indicators:305 ] - Successfully computed 59 indicator columns.
[2026-07-23 14:14:05,422] INFO    - [feature_store:40] - Successfully loaded 110 features for RELIANCE.NS | ticker=RELIANCE.NS
[2026-07-23 14:14:06,097] INFO    - [feature_store:118] - Saved Feature Store for RELIANCE.NS to storage/features\RELIANCE_NS.parquet | ticker=RELIANCE.NS
[2026-07-23 14:14:06,112] INFO    - [candlestick:169] - Computing price action returns and candlestick patterns...
[2026-07-23 14:14:08,039] INFO    - [candlestick:184] - Successfully computed 15 price action / pattern columns.
[2026-07-23 14:14:08,121] INFO    - [feature_store:40] - Successfully loaded 111 features for RELIANCE.NS | ticker=RELIANCE.NS
[2026-07-23 14:14:08,928] INFO    - [feature_store:118] - Saved Feature Store for RELIANCE.NS to storage/features\RELIANCE_NS.parquet | ticker=RELIANCE.NS
[2026-07-23 14:14:10,013] INFO    - [cache:123      ] - Cache HIT for ticker ^NSEI (1d) | ticker=^NSEI
[2026-07-23 14:14:10,021] INFO    - [cache:123      ] - Cache HIT for ticker ^NSEBANK (1d) | ticker=^NSEBANK
[2026-07-23 14:14:10,032] INFO    - [cache:123      ] - Cache HIT for ticker ^INDIAVIX (1d) | ticker=^INDIAVIX
[2026-07-23 14:14:10,042] INFO    - [cache:123      ] - Cache HIT for ticker ^CNXENERGY (1d) | ticker=^CNXENERGY
[2026-07-23 14:14:10,046] INFO    - [vix_analysis:42] - India VIX: 13.63 (Percentile: 68.0%, Regime: Normal)
[2026-07-23 14:14:16,501] INFO    - [chart_data:31  ] - Constructing client visualization payload...
[2026-07-23 14:14:18,512] WARNING - [gemini_client:43] - Gemini Client uninitialized (missing API Key). Routing to fallback generation.
[2026-07-23 14:14:18,512] INFO    - [gemini_client:184] - Generated graceful fallback report for RELIANCE.NS in 0.0ms
[2026-07-23 14:14:18,513] INFO    - [cache:68       ] - Cached new LLM analysis report for RELIANCE.NS (1h)
[2026-07-23 14:14:18,515] INFO    - [analysis:363   ] - Completed deterministic analysis for RELIANCE.NS in 15650.5ms | ticker=RELIANCE.NS execution_time=15650.46ms
[2026-07-23 14:14:19,369] INFO    - [downloader:103 ] - Downloading ticker data from yfinance: RELIANCE.NS (Interval: invalid_tf, Period: 5y) | ticker=RELIANCE.NS
[2026-07-23 14:14:20,388] WARNING - [downloader:27  ] - Downloaded empty DataFrame for RELIANCE.NS | ticker=RELIANCE.NS
[2026-07-23 14:14:20,389] WARNING - [cache:132      ] - Attempted to cache empty DataFrame for RELIANCE.NS | ticker=RELIANCE.NS
[2026-07-23 14:14:20,390] ERROR   - [exceptions:44  ] - API Exception on /analyze/RELIANCE.NS: Ticker symbol 'RELIANCE.NS' not found on Yahoo Finance.
[2026-07-23 14:14:20,437] INFO    - [chart_data:31  ] - Constructing client visualization payload...
[2026-07-23 14:14:20,442] INFO    - [vix_analysis:42] - India VIX: 11.80 (Percentile: 66.7%, Regime: Low)
[2026-07-23 14:14:20,444] INFO    - [vix_analysis:42] - India VIX: 14.80 (Percentile: 66.7%, Regime: Normal)
[2026-07-23 14:14:20,445] INFO    - [vix_analysis:42] - India VIX: 22.00 (Percentile: 100.0%, Regime: Elevated)
[2026-07-23 14:14:20,446] INFO    - [vix_analysis:42] - India VIX: 29.50 (Percentile: 66.7%, Regime: Extreme)
[2026-07-23 14:14:20,468] INFO    - [chart_data:31  ] - Constructing client visualization payload...
[2026-07-23 14:14:57,537] INFO    - [analysis:158   ] - Normalized ticker input: RELIANCE -> RELIANCE.NS | ticker=RELIANCE.NS
[2026-07-23 14:14:57,617] INFO    - [feature_store:40] - Successfully loaded 112 features for RELIANCE.NS | ticker=RELIANCE.NS
[2026-07-23 14:14:58,337] INFO    - [feature_store:118] - Saved Feature Store for RELIANCE.NS to storage/features\RELIANCE_NS.parquet | ticker=RELIANCE.NS
[2026-07-23 14:14:58,354] INFO    - [indicators:289 ] - Computing technical indicators across all categories...
[2026-07-23 14:14:59,564] INFO    - [indicators:305 ] - Successfully computed 59 indicator columns.
[2026-07-23 14:14:59,673] INFO    - [feature_store:40] - Successfully loaded 113 features for RELIANCE.NS | ticker=RELIANCE.NS
[2026-07-23 14:15:00,515] INFO    - [feature_store:118] - Saved Feature Store for RELIANCE.NS to storage/features\RELIANCE_NS.parquet | ticker=RELIANCE.NS
[2026-07-23 14:15:00,530] INFO    - [candlestick:169] - Computing price action returns and candlestick patterns...
[2026-07-23 14:15:02,685] INFO    - [candlestick:184] - Successfully computed 15 price action / pattern columns.
[2026-07-23 14:15:02,731] INFO    - [feature_store:40] - Successfully loaded 114 features for RELIANCE.NS | ticker=RELIANCE.NS
[2026-07-23 14:15:03,347] INFO    - [feature_store:118] - Saved Feature Store for RELIANCE.NS to storage/features\RELIANCE_NS.parquet | ticker=RELIANCE.NS
[2026-07-23 14:15:04,509] INFO    - [vix_analysis:42] - India VIX: 15.00 (Percentile: 100.0%, Regime: Normal)
[2026-07-23 14:15:11,688] INFO    - [chart_data:31  ] - Constructing client visualization payload...
[2026-07-23 14:15:13,775] WARNING - [gemini_client:43] - Gemini Client uninitialized (missing API Key). Routing to fallback generation.
[2026-07-23 14:15:13,776] INFO    - [gemini_client:184] - Generated graceful fallback report for RELIANCE.NS in 1.0ms
[2026-07-23 14:15:13,777] INFO    - [cache:68       ] - Cached new LLM analysis report for RELIANCE.NS (1d)
[2026-07-23 14:15:13,782] INFO    - [analysis:362   ] - Completed deterministic analysis for RELIANCE.NS in 16200.6ms | ticker=RELIANCE.NS execution_time=16200.60ms
[2026-07-23 14:15:14,181] INFO    - [analysis:158   ] - Normalized ticker input: TCS.NS -> TCS.NS | ticker=TCS.NS
[2026-07-23 14:15:14,190] INFO    - [feature_store:40] - Successfully loaded 79 features for TCS.NS | ticker=TCS.NS
[2026-07-23 14:15:14,225] INFO    - [feature_store:118] - Saved Feature Store for TCS.NS to storage/features\TCS_NS.parquet | ticker=TCS.NS
[2026-07-23 14:15:14,225] INFO    - [indicators:289 ] - Computing technical indicators across all categories...
[2026-07-23 14:15:14,319] INFO    - [indicators:305 ] - Successfully computed 59 indicator columns.
[2026-07-23 14:15:14,326] INFO    - [feature_store:40] - Successfully loaded 79 features for TCS.NS | ticker=TCS.NS
[2026-07-23 14:15:14,350] INFO    - [feature_store:118] - Saved Feature Store for TCS.NS to storage/features\TCS_NS.parquet | ticker=TCS.NS
[2026-07-23 14:15:14,351] INFO    - [candlestick:169] - Computing price action returns and candlestick patterns...
[2026-07-23 14:15:14,457] INFO    - [candlestick:184] - Successfully computed 15 price action / pattern columns.
[2026-07-23 14:15:14,466] INFO    - [feature_store:40] - Successfully loaded 79 features for TCS.NS | ticker=TCS.NS
[2026-07-23 14:15:14,489] INFO    - [feature_store:118] - Saved Feature Store for TCS.NS to storage/features\TCS_NS.parquet | ticker=TCS.NS
[2026-07-23 14:15:14,508] INFO    - [vix_analysis:42] - India VIX: 15.00 (Percentile: 100.0%, Regime: Normal)
[2026-07-23 14:15:14,633] INFO    - [chart_data:31  ] - Constructing client visualization payload...
[2026-07-23 14:15:14,705] WARNING - [gemini_client:43] - Gemini Client uninitialized (missing API Key). Routing to fallback generation.
[2026-07-23 14:15:14,706] INFO    - [gemini_client:184] - Generated graceful fallback report for TCS.NS in 1.0ms
[2026-07-23 14:15:14,706] INFO    - [cache:68       ] - Cached new LLM analysis report for TCS.NS (1d)
[2026-07-23 14:15:14,707] INFO    - [analysis:362   ] - Completed deterministic analysis for TCS.NS in 522.7ms | ticker=TCS.NS execution_time=522.72ms
[2026-07-23 14:15:14,729] INFO    - [analysis:158   ] - Normalized ticker input: INV@LID -> INV@LID.NS | ticker=INV@LID.NS
[2026-07-23 14:15:14,729] ERROR   - [exceptions:44  ] - API Exception on /analyze/INV@LID: Invalid ticker symbol format: 'INV@LID'
[2026-07-23 14:15:14,743] INFO    - [analysis:158   ] - Normalized ticker input: INVALID_TICKER -> INVALID_TICKER.NS | ticker=INVALID_TICKER.NS
[2026-07-23 14:15:14,744] ERROR   - [exceptions:44  ] - API Exception on /analyze/INVALID_TICKER: Ticker symbol 'INVALID_TICKER.NS' not found on Yahoo Finance.
[2026-07-23 14:15:14,761] INFO    - [analysis:158   ] - Normalized ticker input: RELIANCE.NS -> RELIANCE.NS | ticker=RELIANCE.NS
[2026-07-23 14:15:14,762] INFO    - [analysis:168   ] - Analysis cache HIT for RELIANCE.NS (1d)
[2026-07-23 14:15:15,453] INFO    - [analysis:158   ] - Normalized ticker input: TCS.NS -> TCS.NS | ticker=TCS.NS
[2026-07-23 14:15:15,453] INFO    - [analysis:168   ] - Analysis cache HIT for TCS.NS (1d)
[2026-07-23 14:15:16,032] ERROR   - [exceptions:44  ] - API Exception on /analyze: Maximum batch size exceeded. Please request at most 5 tickers at a time.
[2026-07-23 14:15:16,056] INFO    - [analysis:158   ] - Normalized ticker input: RELIANCE -> RELIANCE.NS | ticker=RELIANCE.NS
[2026-07-23 14:15:16,105] INFO    - [feature_store:40] - Successfully loaded 115 features for RELIANCE.NS | ticker=RELIANCE.NS
[2026-07-23 14:15:16,631] INFO    - [feature_store:118] - Saved Feature Store for RELIANCE.NS to storage/features\RELIANCE_NS.parquet | ticker=RELIANCE.NS
[2026-07-23 14:15:16,637] INFO    - [indicators:289 ] - Computing technical indicators across all categories...
[2026-07-23 14:15:17,405] INFO    - [indicators:305 ] - Successfully computed 59 indicator columns.
[2026-07-23 14:15:17,454] INFO    - [feature_store:40] - Successfully loaded 116 features for RELIANCE.NS | ticker=RELIANCE.NS
[2026-07-23 14:15:18,038] INFO    - [feature_store:118] - Saved Feature Store for RELIANCE.NS to storage/features\RELIANCE_NS.parquet | ticker=RELIANCE.NS
[2026-07-23 14:15:18,049] INFO    - [candlestick:169] - Computing price action returns and candlestick patterns...
[2026-07-23 14:15:20,261] INFO    - [candlestick:184] - Successfully computed 15 price action / pattern columns.
[2026-07-23 14:15:20,318] INFO    - [feature_store:40] - Successfully loaded 117 features for RELIANCE.NS | ticker=RELIANCE.NS
[2026-07-23 14:15:21,157] INFO    - [feature_store:118] - Saved Feature Store for RELIANCE.NS to storage/features\RELIANCE_NS.parquet | ticker=RELIANCE.NS
[2026-07-23 14:15:22,088] INFO    - [vix_analysis:42] - India VIX: 15.00 (Percentile: 100.0%, Regime: Normal)
[2026-07-23 14:15:28,746] INFO    - [chart_data:31  ] - Constructing client visualization payload...
[2026-07-23 14:15:30,834] WARNING - [gemini_client:43] - Gemini Client uninitialized (missing API Key). Routing to fallback generation.
[2026-07-23 14:15:30,835] INFO    - [gemini_client:184] - Generated graceful fallback report for RELIANCE.NS in 1.0ms
[2026-07-23 14:15:30,835] INFO    - [cache:68       ] - Cached new LLM analysis report for RELIANCE.NS (5m)
[2026-07-23 14:15:30,836] INFO    - [analysis:362   ] - Completed deterministic analysis for RELIANCE.NS in 14739.9ms | ticker=RELIANCE.NS execution_time=14739.88ms
[2026-07-23 14:15:31,177] INFO    - [cache:151      ] - Cached data saved for ticker TEST_STOCK (1d) | ticker=TEST_STOCK
[2026-07-23 14:15:31,192] INFO    - [cache:123      ] - Cache HIT for ticker TEST_STOCK (1d) | ticker=TEST_STOCK
[2026-07-23 14:15:31,204] INFO    - [cache:151      ] - Cached data saved for ticker TEST_VALIDITY (1d) | ticker=TEST_VALIDITY
[2026-07-23 14:15:31,235] INFO    - [downloader:73  ] - Successfully cleaned and validated data for TEST_TICKER. Rows: 4 | ticker=TEST_TICKER
[2026-07-23 14:15:31,240] INFO    - [downloader:103 ] - Downloading ticker data from yfinance: RELIANCE.NS (Interval: 1d, Period: 2y) | ticker=RELIANCE.NS
[2026-07-23 14:15:31,247] INFO    - [downloader:73  ] - Successfully cleaned and validated data for RELIANCE.NS. Rows: 3 | ticker=RELIANCE.NS
[2026-07-23 14:15:31,293] INFO    - [feature_store:118] - Saved Feature Store for RELIANCE_TEST to storage/test_features\RELIANCE_TEST.parquet | ticker=RELIANCE_TEST
[2026-07-23 14:15:31,297] INFO    - [feature_store:40] - Successfully loaded 2 features for RELIANCE_TEST | ticker=RELIANCE_TEST
[2026-07-23 14:15:31,305] INFO    - [feature_store:35] - No features Parquet file found for INFY_TEST at storage/test_features\INFY_TEST.parquet | ticker=INFY_TEST
[2026-07-23 14:15:31,305] INFO    - [feature_store:132] - Initializing new Feature Store for INFY_TEST during raw_ohlc | ticker=INFY_TEST
[2026-07-23 14:15:31,309] INFO    - [feature_store:118] - Saved Feature Store for INFY_TEST to storage/test_features\INFY_TEST.parquet | ticker=INFY_TEST
[2026-07-23 14:15:31,313] INFO    - [feature_store:40] - Successfully loaded 2 features for INFY_TEST | ticker=INFY_TEST
[2026-07-23 14:15:31,317] INFO    - [feature_store:118] - Saved Feature Store for INFY_TEST to storage/test_features\INFY_TEST.parquet | ticker=INFY_TEST
[2026-07-23 14:15:31,388] INFO    - [indicators:289 ] - Computing technical indicators across all categories...
[2026-07-23 14:15:31,508] INFO    - [indicators:305 ] - Successfully computed 53 indicator columns.
[2026-07-23 14:15:31,509] INFO    - [candlestick:169] - Computing price action returns and candlestick patterns...
[2026-07-23 14:15:31,556] INFO    - [candlestick:184] - Successfully computed 15 price action / pattern columns.
[2026-07-23 14:15:31,574] INFO    - [cache:68       ] - Cached new LLM analysis report for RELIANCE.NS (1d)
[2026-07-23 14:15:31,575] INFO    - [cache:51       ] - LLM cache HIT for RELIANCE.NS (1d)
[2026-07-23 14:15:31,576] INFO    - [cache:48       ] - LLM cache INVALIDATED for RELIANCE.NS (1d) due to quantitative change.
[2026-07-23 14:15:31,581] WARNING - [gemini_client:43] - Gemini Client uninitialized (missing API Key). Routing to fallback generation.
[2026-07-23 14:15:31,583] INFO    - [gemini_client:184] - Generated graceful fallback report for RELIANCE.NS in 1.4ms
[2026-07-23 14:15:31,596] INFO    - [market_downloader:28] - Market index cache miss for ^NSEI. Downloading... | ticker=^NSEI
[2026-07-23 14:15:31,602] INFO    - [cache:151      ] - Cached data saved for ticker ^NSEI (1d) | ticker=^NSEI
[2026-07-23 14:15:31,610] INFO    - [cache:123      ] - Cache HIT for ticker ^NSEI (1d) | ticker=^NSEI
[2026-07-23 14:15:31,650] INFO    - [analysis:158   ] - Normalized ticker input: RELIANCE.NS -> RELIANCE.NS | ticker=RELIANCE.NS
[2026-07-23 14:15:31,718] INFO    - [cache:123      ] - Cache HIT for ticker RELIANCE.NS (1h) | ticker=RELIANCE.NS
[2026-07-23 14:15:31,795] INFO    - [feature_store:40] - Successfully loaded 118 features for RELIANCE.NS | ticker=RELIANCE.NS
[2026-07-23 14:15:32,400] INFO    - [feature_store:118] - Saved Feature Store for RELIANCE.NS to storage/features\RELIANCE_NS.parquet | ticker=RELIANCE.NS
[2026-07-23 14:15:32,408] INFO    - [indicators:289 ] - Computing technical indicators across all categories...
[2026-07-23 14:15:33,279] INFO    - [indicators:305 ] - Successfully computed 59 indicator columns.
[2026-07-23 14:15:33,330] INFO    - [feature_store:40] - Successfully loaded 119 features for RELIANCE.NS | ticker=RELIANCE.NS
[2026-07-23 14:15:34,091] INFO    - [feature_store:118] - Saved Feature Store for RELIANCE.NS to storage/features\RELIANCE_NS.parquet | ticker=RELIANCE.NS
[2026-07-23 14:15:34,108] INFO    - [candlestick:169] - Computing price action returns and candlestick patterns...
[2026-07-23 14:15:36,781] INFO    - [candlestick:184] - Successfully computed 15 price action / pattern columns.
[2026-07-23 14:15:36,835] INFO    - [feature_store:40] - Successfully loaded 120 features for RELIANCE.NS | ticker=RELIANCE.NS
[2026-07-23 14:15:37,521] INFO    - [feature_store:118] - Saved Feature Store for RELIANCE.NS to storage/features\RELIANCE_NS.parquet | ticker=RELIANCE.NS
[2026-07-23 14:15:38,523] INFO    - [cache:123      ] - Cache HIT for ticker ^NSEI (1d) | ticker=^NSEI
[2026-07-23 14:15:38,531] INFO    - [cache:123      ] - Cache HIT for ticker ^NSEBANK (1d) | ticker=^NSEBANK
[2026-07-23 14:15:38,537] INFO    - [cache:123      ] - Cache HIT for ticker ^INDIAVIX (1d) | ticker=^INDIAVIX
[2026-07-23 14:15:38,545] INFO    - [cache:123      ] - Cache HIT for ticker ^CNXENERGY (1d) | ticker=^CNXENERGY
[2026-07-23 14:15:38,549] INFO    - [vix_analysis:42] - India VIX: 13.63 (Percentile: 68.0%, Regime: Normal)
[2026-07-23 14:15:46,516] INFO    - [chart_data:31  ] - Constructing client visualization payload...
[2026-07-23 14:15:48,930] WARNING - [gemini_client:43] - Gemini Client uninitialized (missing API Key). Routing to fallback generation.
[2026-07-23 14:15:48,930] INFO    - [gemini_client:184] - Generated graceful fallback report for RELIANCE.NS in 0.0ms
[2026-07-23 14:15:48,931] INFO    - [cache:68       ] - Cached new LLM analysis report for RELIANCE.NS (1h)
[2026-07-23 14:15:48,932] INFO    - [analysis:362   ] - Completed deterministic analysis for RELIANCE.NS in 17237.1ms | ticker=RELIANCE.NS execution_time=17237.07ms
[2026-07-23 14:15:49,920] INFO    - [analysis:158   ] - Normalized ticker input: RELIANCE.NS -> RELIANCE.NS | ticker=RELIANCE.NS
[2026-07-23 14:15:49,922] INFO    - [downloader:103 ] - Downloading ticker data from yfinance: RELIANCE.NS (Interval: invalid_tf, Period: 5y) | ticker=RELIANCE.NS
[2026-07-23 14:15:50,795] WARNING - [downloader:27  ] - Downloaded empty DataFrame for RELIANCE.NS | ticker=RELIANCE.NS
[2026-07-23 14:15:50,796] WARNING - [cache:132      ] - Attempted to cache empty DataFrame for RELIANCE.NS | ticker=RELIANCE.NS
[2026-07-23 14:15:50,797] ERROR   - [exceptions:44  ] - API Exception on /analyze/RELIANCE.NS: Ticker symbol 'RELIANCE.NS' not found on Yahoo Finance.
[2026-07-23 14:15:50,855] INFO    - [chart_data:31  ] - Constructing client visualization payload...
[2026-07-23 14:15:50,862] INFO    - [vix_analysis:42] - India VIX: 11.80 (Percentile: 66.7%, Regime: Low)
[2026-07-23 14:15:50,863] INFO    - [vix_analysis:42] - India VIX: 14.80 (Percentile: 66.7%, Regime: Normal)
[2026-07-23 14:15:50,864] INFO    - [vix_analysis:42] - India VIX: 22.00 (Percentile: 100.0%, Regime: Elevated)
[2026-07-23 14:15:50,864] INFO    - [vix_analysis:42] - India VIX: 29.50 (Percentile: 66.7%, Regime: Extreme)
[2026-07-23 14:15:50,888] INFO    - [chart_data:31  ] - Constructing client visualization payload...
[2026-07-23 14:18:50,165] INFO    - [analysis:158   ] - Normalized ticker input: RELIANCE -> RELIANCE.NS | ticker=RELIANCE.NS
[2026-07-23 14:18:50,265] INFO    - [feature_store:40] - Successfully loaded 121 features for RELIANCE.NS | ticker=RELIANCE.NS
[2026-07-23 14:18:51,222] INFO    - [feature_store:118] - Saved Feature Store for RELIANCE.NS to storage/features\RELIANCE_NS.parquet | ticker=RELIANCE.NS
[2026-07-23 14:18:51,236] INFO    - [indicators:289 ] - Computing technical indicators across all categories...
[2026-07-23 14:18:52,297] INFO    - [indicators:305 ] - Successfully computed 59 indicator columns.
[2026-07-23 14:18:52,406] INFO    - [feature_store:40] - Successfully loaded 122 features for RELIANCE.NS | ticker=RELIANCE.NS
[2026-07-23 14:18:53,317] INFO    - [feature_store:118] - Saved Feature Store for RELIANCE.NS to storage/features\RELIANCE_NS.parquet | ticker=RELIANCE.NS
[2026-07-23 14:18:53,338] INFO    - [candlestick:169] - Computing price action returns and candlestick patterns...
[2026-07-23 14:18:56,114] INFO    - [candlestick:184] - Successfully computed 15 price action / pattern columns.
[2026-07-23 14:18:56,228] INFO    - [feature_store:40] - Successfully loaded 123 features for RELIANCE.NS | ticker=RELIANCE.NS
[2026-07-23 14:18:57,284] INFO    - [feature_store:118] - Saved Feature Store for RELIANCE.NS to storage/features\RELIANCE_NS.parquet | ticker=RELIANCE.NS
[2026-07-23 14:18:58,736] INFO    - [vix_analysis:42] - India VIX: 15.00 (Percentile: 100.0%, Regime: Normal)
[2026-07-23 14:19:08,436] INFO    - [chart_data:31  ] - Constructing client visualization payload...
[2026-07-23 14:19:11,325] WARNING - [gemini_client:43] - Gemini Client uninitialized (missing API Key). Routing to fallback generation.
[2026-07-23 14:19:11,326] INFO    - [gemini_client:184] - Generated graceful fallback report for RELIANCE.NS in 1.0ms
[2026-07-23 14:19:11,326] INFO    - [cache:68       ] - Cached new LLM analysis report for RELIANCE.NS (1d)
[2026-07-23 14:19:11,330] INFO    - [analysis:362   ] - Completed deterministic analysis for RELIANCE.NS in 21111.9ms | ticker=RELIANCE.NS execution_time=21111.89ms
[2026-07-23 14:19:11,749] INFO    - [analysis:158   ] - Normalized ticker input: TCS.NS -> TCS.NS | ticker=TCS.NS
[2026-07-23 14:19:11,763] INFO    - [feature_store:40] - Successfully loaded 79 features for TCS.NS | ticker=TCS.NS
[2026-07-23 14:19:11,795] INFO    - [feature_store:118] - Saved Feature Store for TCS.NS to storage/features\TCS_NS.parquet | ticker=TCS.NS
[2026-07-23 14:19:11,795] INFO    - [indicators:289 ] - Computing technical indicators across all categories...
[2026-07-23 14:19:11,925] INFO    - [indicators:305 ] - Successfully computed 59 indicator columns.
[2026-07-23 14:19:11,936] INFO    - [feature_store:40] - Successfully loaded 79 features for TCS.NS | ticker=TCS.NS
[2026-07-23 14:19:11,971] INFO    - [feature_store:118] - Saved Feature Store for TCS.NS to storage/features\TCS_NS.parquet | ticker=TCS.NS
[2026-07-23 14:19:11,973] INFO    - [candlestick:169] - Computing price action returns and candlestick patterns...
[2026-07-23 14:19:12,029] INFO    - [candlestick:184] - Successfully computed 15 price action / pattern columns.
[2026-07-23 14:19:12,038] INFO    - [feature_store:40] - Successfully loaded 79 features for TCS.NS | ticker=TCS.NS
[2026-07-23 14:19:12,059] INFO    - [feature_store:118] - Saved Feature Store for TCS.NS to storage/features\TCS_NS.parquet | ticker=TCS.NS
[2026-07-23 14:19:12,089] INFO    - [vix_analysis:42] - India VIX: 15.00 (Percentile: 100.0%, Regime: Normal)
[2026-07-23 14:19:12,270] INFO    - [chart_data:31  ] - Constructing client visualization payload...
[2026-07-23 14:19:12,333] WARNING - [gemini_client:43] - Gemini Client uninitialized (missing API Key). Routing to fallback generation.
[2026-07-23 14:19:12,334] INFO    - [gemini_client:184] - Generated graceful fallback report for TCS.NS in 1.0ms
[2026-07-23 14:19:12,335] INFO    - [cache:68       ] - Cached new LLM analysis report for TCS.NS (1d)
[2026-07-23 14:19:12,336] INFO    - [analysis:362   ] - Completed deterministic analysis for TCS.NS in 582.5ms | ticker=TCS.NS execution_time=582.50ms
[2026-07-23 14:19:12,356] INFO    - [analysis:158   ] - Normalized ticker input: INV@LID -> INV@LID.NS | ticker=INV@LID.NS
[2026-07-23 14:19:12,357] ERROR   - [exceptions:44  ] - API Exception on /analyze/INV@LID: Invalid ticker symbol format: 'INV@LID'
[2026-07-23 14:19:12,371] INFO    - [analysis:158   ] - Normalized ticker input: INVALID_TICKER -> INVALID_TICKER.NS | ticker=INVALID_TICKER.NS
[2026-07-23 14:19:12,372] ERROR   - [exceptions:44  ] - API Exception on /analyze/INVALID_TICKER: Ticker symbol 'INVALID_TICKER.NS' not found on Yahoo Finance.
[2026-07-23 14:19:12,388] INFO    - [analysis:158   ] - Normalized ticker input: RELIANCE.NS -> RELIANCE.NS | ticker=RELIANCE.NS
[2026-07-23 14:19:12,390] INFO    - [analysis:168   ] - Analysis cache HIT for RELIANCE.NS (1d)
[2026-07-23 14:19:13,080] INFO    - [analysis:158   ] - Normalized ticker input: TCS.NS -> TCS.NS | ticker=TCS.NS
[2026-07-23 14:19:13,080] INFO    - [analysis:168   ] - Analysis cache HIT for TCS.NS (1d)
[2026-07-23 14:19:13,647] ERROR   - [exceptions:44  ] - API Exception on /analyze: Maximum batch size exceeded. Please request at most 5 tickers at a time.
[2026-07-23 14:19:13,669] INFO    - [analysis:158   ] - Normalized ticker input: RELIANCE -> RELIANCE.NS | ticker=RELIANCE.NS
[2026-07-23 14:19:13,728] INFO    - [feature_store:40] - Successfully loaded 124 features for RELIANCE.NS | ticker=RELIANCE.NS
[2026-07-23 14:19:14,553] INFO    - [feature_store:118] - Saved Feature Store for RELIANCE.NS to storage/features\RELIANCE_NS.parquet | ticker=RELIANCE.NS
[2026-07-23 14:19:14,571] INFO    - [indicators:289 ] - Computing technical indicators across all categories...
[2026-07-23 14:19:15,888] INFO    - [indicators:305 ] - Successfully computed 59 indicator columns.
[2026-07-23 14:19:15,964] INFO    - [feature_store:40] - Successfully loaded 125 features for RELIANCE.NS | ticker=RELIANCE.NS
[2026-07-23 14:19:17,034] INFO    - [feature_store:118] - Saved Feature Store for RELIANCE.NS to storage/features\RELIANCE_NS.parquet | ticker=RELIANCE.NS
[2026-07-23 14:19:17,078] INFO    - [candlestick:169] - Computing price action returns and candlestick patterns...
[2026-07-23 14:19:20,556] INFO    - [candlestick:184] - Successfully computed 15 price action / pattern columns.
[2026-07-23 14:19:20,609] INFO    - [feature_store:40] - Successfully loaded 126 features for RELIANCE.NS | ticker=RELIANCE.NS
[2026-07-23 14:19:21,404] INFO    - [feature_store:118] - Saved Feature Store for RELIANCE.NS to storage/features\RELIANCE_NS.parquet | ticker=RELIANCE.NS
[2026-07-23 14:19:22,293] INFO    - [vix_analysis:42] - India VIX: 15.00 (Percentile: 100.0%, Regime: Normal)
[2026-07-23 14:19:30,830] INFO    - [chart_data:31  ] - Constructing client visualization payload...
[2026-07-23 14:19:33,337] WARNING - [gemini_client:43] - Gemini Client uninitialized (missing API Key). Routing to fallback generation.
[2026-07-23 14:19:33,337] INFO    - [gemini_client:184] - Generated graceful fallback report for RELIANCE.NS in 0.0ms
[2026-07-23 14:19:33,339] INFO    - [cache:68       ] - Cached new LLM analysis report for RELIANCE.NS (5m)
[2026-07-23 14:19:33,339] INFO    - [analysis:362   ] - Completed deterministic analysis for RELIANCE.NS in 19627.6ms | ticker=RELIANCE.NS execution_time=19627.58ms
[2026-07-23 14:19:33,910] INFO    - [cache:151      ] - Cached data saved for ticker TEST_STOCK (1d) | ticker=TEST_STOCK
[2026-07-23 14:19:33,929] INFO    - [cache:123      ] - Cache HIT for ticker TEST_STOCK (1d) | ticker=TEST_STOCK
[2026-07-23 14:19:33,940] INFO    - [cache:151      ] - Cached data saved for ticker TEST_VALIDITY (1d) | ticker=TEST_VALIDITY
[2026-07-23 14:19:33,981] INFO    - [downloader:73  ] - Successfully cleaned and validated data for TEST_TICKER. Rows: 4 | ticker=TEST_TICKER
[2026-07-23 14:19:33,992] INFO    - [downloader:103 ] - Downloading ticker data from yfinance: RELIANCE.NS (Interval: 1d, Period: 2y) | ticker=RELIANCE.NS
[2026-07-23 14:19:33,999] INFO    - [downloader:73  ] - Successfully cleaned and validated data for RELIANCE.NS. Rows: 3 | ticker=RELIANCE.NS
[2026-07-23 14:19:34,056] INFO    - [feature_store:118] - Saved Feature Store for RELIANCE_TEST to storage/test_features\RELIANCE_TEST.parquet | ticker=RELIANCE_TEST
[2026-07-23 14:19:34,062] INFO    - [feature_store:40] - Successfully loaded 2 features for RELIANCE_TEST | ticker=RELIANCE_TEST
[2026-07-23 14:19:34,071] INFO    - [feature_store:35] - No features Parquet file found for INFY_TEST at storage/test_features\INFY_TEST.parquet | ticker=INFY_TEST
[2026-07-23 14:19:34,072] INFO    - [feature_store:132] - Initializing new Feature Store for INFY_TEST during raw_ohlc | ticker=INFY_TEST
[2026-07-23 14:19:34,075] INFO    - [feature_store:118] - Saved Feature Store for INFY_TEST to storage/test_features\INFY_TEST.parquet | ticker=INFY_TEST
[2026-07-23 14:19:34,080] INFO    - [feature_store:40] - Successfully loaded 2 features for INFY_TEST | ticker=INFY_TEST
[2026-07-23 14:19:34,086] INFO    - [feature_store:118] - Saved Feature Store for INFY_TEST to storage/test_features\INFY_TEST.parquet | ticker=INFY_TEST
[2026-07-23 14:19:34,154] INFO    - [indicators:289 ] - Computing technical indicators across all categories...
[2026-07-23 14:19:34,299] INFO    - [indicators:305 ] - Successfully computed 53 indicator columns.
[2026-07-23 14:19:34,300] INFO    - [candlestick:169] - Computing price action returns and candlestick patterns...
[2026-07-23 14:19:34,347] INFO    - [candlestick:184] - Successfully computed 15 price action / pattern columns.
[2026-07-23 14:19:34,358] INFO    - [cache:68       ] - Cached new LLM analysis report for RELIANCE.NS (1d)
[2026-07-23 14:19:34,358] INFO    - [cache:51       ] - LLM cache HIT for RELIANCE.NS (1d)
[2026-07-23 14:19:34,359] INFO    - [cache:48       ] - LLM cache INVALIDATED for RELIANCE.NS (1d) due to quantitative change.
[2026-07-23 14:19:34,363] WARNING - [gemini_client:43] - Gemini Client uninitialized (missing API Key). Routing to fallback generation.
[2026-07-23 14:19:34,364] INFO    - [gemini_client:184] - Generated graceful fallback report for RELIANCE.NS in 1.0ms
[2026-07-23 14:19:34,374] INFO    - [market_downloader:28] - Market index cache miss for ^NSEI. Downloading... | ticker=^NSEI
[2026-07-23 14:19:34,377] INFO    - [cache:151      ] - Cached data saved for ticker ^NSEI (1d) | ticker=^NSEI
[2026-07-23 14:19:34,381] INFO    - [cache:123      ] - Cache HIT for ticker ^NSEI (1d) | ticker=^NSEI
[2026-07-23 14:19:34,413] INFO    - [analysis:158   ] - Normalized ticker input: RELIANCE.NS -> RELIANCE.NS | ticker=RELIANCE.NS
[2026-07-23 14:19:34,434] INFO    - [cache:123      ] - Cache HIT for ticker RELIANCE.NS (1h) | ticker=RELIANCE.NS
[2026-07-23 14:19:34,483] INFO    - [feature_store:40] - Successfully loaded 127 features for RELIANCE.NS | ticker=RELIANCE.NS
[2026-07-23 14:19:35,481] INFO    - [feature_store:118] - Saved Feature Store for RELIANCE.NS to storage/features\RELIANCE_NS.parquet | ticker=RELIANCE.NS
[2026-07-23 14:19:35,498] INFO    - [indicators:289 ] - Computing technical indicators across all categories...
[2026-07-23 14:19:36,784] INFO    - [indicators:305 ] - Successfully computed 59 indicator columns.
[2026-07-23 14:19:36,891] INFO    - [feature_store:40] - Successfully loaded 128 features for RELIANCE.NS | ticker=RELIANCE.NS
[2026-07-23 14:19:37,966] INFO    - [feature_store:118] - Saved Feature Store for RELIANCE.NS to storage/features\RELIANCE_NS.parquet | ticker=RELIANCE.NS
[2026-07-23 14:19:37,989] INFO    - [candlestick:169] - Computing price action returns and candlestick patterns...
[2026-07-23 14:19:41,115] INFO    - [candlestick:184] - Successfully computed 15 price action / pattern columns.
[2026-07-23 14:19:41,175] INFO    - [feature_store:40] - Successfully loaded 129 features for RELIANCE.NS | ticker=RELIANCE.NS
[2026-07-23 14:19:42,081] INFO    - [feature_store:118] - Saved Feature Store for RELIANCE.NS to storage/features\RELIANCE_NS.parquet | ticker=RELIANCE.NS
[2026-07-23 14:19:43,208] INFO    - [cache:123      ] - Cache HIT for ticker ^NSEI (1d) | ticker=^NSEI
[2026-07-23 14:19:43,216] INFO    - [cache:123      ] - Cache HIT for ticker ^NSEBANK (1d) | ticker=^NSEBANK
[2026-07-23 14:19:43,224] INFO    - [cache:123      ] - Cache HIT for ticker ^INDIAVIX (1d) | ticker=^INDIAVIX
[2026-07-23 14:19:43,232] INFO    - [cache:123      ] - Cache HIT for ticker ^CNXENERGY (1d) | ticker=^CNXENERGY
[2026-07-23 14:19:43,236] INFO    - [vix_analysis:42] - India VIX: 13.63 (Percentile: 68.0%, Regime: Normal)
[2026-07-23 14:19:52,727] INFO    - [chart_data:31  ] - Constructing client visualization payload...
[2026-07-23 14:19:55,882] WARNING - [gemini_client:43] - Gemini Client uninitialized (missing API Key). Routing to fallback generation.
[2026-07-23 14:19:55,883] INFO    - [gemini_client:184] - Generated graceful fallback report for RELIANCE.NS in 1.0ms
[2026-07-23 14:19:55,884] INFO    - [cache:68       ] - Cached new LLM analysis report for RELIANCE.NS (1h)
[2026-07-23 14:19:55,885] INFO    - [analysis:362   ] - Completed deterministic analysis for RELIANCE.NS in 21424.1ms | ticker=RELIANCE.NS execution_time=21424.11ms
[2026-07-23 14:19:57,202] INFO    - [analysis:158   ] - Normalized ticker input: RELIANCE.NS -> RELIANCE.NS | ticker=RELIANCE.NS
[2026-07-23 14:19:57,203] INFO    - [downloader:103 ] - Downloading ticker data from yfinance: RELIANCE.NS (Interval: invalid_tf, Period: 5y) | ticker=RELIANCE.NS
[2026-07-23 14:19:58,186] WARNING - [downloader:27  ] - Downloaded empty DataFrame for RELIANCE.NS | ticker=RELIANCE.NS
[2026-07-23 14:19:58,187] WARNING - [cache:132      ] - Attempted to cache empty DataFrame for RELIANCE.NS | ticker=RELIANCE.NS
[2026-07-23 14:19:58,188] ERROR   - [exceptions:44  ] - API Exception on /analyze/RELIANCE.NS: Ticker symbol 'RELIANCE.NS' not found on Yahoo Finance.
[2026-07-23 14:19:58,236] INFO    - [chart_data:31  ] - Constructing client visualization payload...
[2026-07-23 14:19:58,241] INFO    - [vix_analysis:42] - India VIX: 11.80 (Percentile: 66.7%, Regime: Low)
[2026-07-23 14:19:58,242] INFO    - [vix_analysis:42] - India VIX: 14.80 (Percentile: 66.7%, Regime: Normal)
[2026-07-23 14:19:58,243] INFO    - [vix_analysis:42] - India VIX: 22.00 (Percentile: 100.0%, Regime: Elevated)
[2026-07-23 14:19:58,245] INFO    - [vix_analysis:42] - India VIX: 29.50 (Percentile: 66.7%, Regime: Extreme)
[2026-07-23 14:19:58,271] INFO    - [chart_data:31  ] - Constructing client visualization payload...
[2026-07-23 14:25:24,501] INFO    - [analysis:158   ] - Normalized ticker input: RELIANCE -> RELIANCE.NS | ticker=RELIANCE.NS
[2026-07-23 14:25:24,619] INFO    - [feature_store:40] - Successfully loaded 133 features for RELIANCE.NS | ticker=RELIANCE.NS
[2026-07-23 14:25:25,947] INFO    - [feature_store:118] - Saved Feature Store for RELIANCE.NS to storage/features\RELIANCE_NS.parquet | ticker=RELIANCE.NS
[2026-07-23 14:25:25,973] INFO    - [indicators:289 ] - Computing technical indicators across all categories...
[2026-07-23 14:25:27,460] INFO    - [indicators:305 ] - Successfully computed 59 indicator columns.
[2026-07-23 14:25:27,586] INFO    - [feature_store:40] - Successfully loaded 134 features for RELIANCE.NS | ticker=RELIANCE.NS
[2026-07-23 14:25:28,916] INFO    - [feature_store:118] - Saved Feature Store for RELIANCE.NS to storage/features\RELIANCE_NS.parquet | ticker=RELIANCE.NS
[2026-07-23 14:25:28,953] INFO    - [candlestick:169] - Computing price action returns and candlestick patterns...
[2026-07-23 14:25:32,861] INFO    - [candlestick:184] - Successfully computed 15 price action / pattern columns.
[2026-07-23 14:25:32,937] INFO    - [feature_store:40] - Successfully loaded 135 features for RELIANCE.NS | ticker=RELIANCE.NS
[2026-07-23 14:25:34,216] INFO    - [feature_store:118] - Saved Feature Store for RELIANCE.NS to storage/features\RELIANCE_NS.parquet | ticker=RELIANCE.NS
[2026-07-23 14:25:35,593] INFO    - [vix_analysis:42] - India VIX: 15.00 (Percentile: 100.0%, Regime: Normal)
[2026-07-23 14:25:48,285] INFO    - [chart_data:31  ] - Constructing client visualization payload...
[2026-07-23 14:25:52,164] WARNING - [gemini_client:43] - Gemini Client uninitialized (missing API Key). Routing to fallback generation.
[2026-07-23 14:25:52,165] INFO    - [gemini_client:184] - Generated graceful fallback report for RELIANCE.NS in 1.0ms
[2026-07-23 14:25:52,166] INFO    - [cache:68       ] - Cached new LLM analysis report for RELIANCE.NS (1d)
[2026-07-23 14:25:52,211] INFO    - [analysis:362   ] - Completed deterministic analysis for RELIANCE.NS in 27578.4ms | ticker=RELIANCE.NS execution_time=27578.38ms
[2026-07-23 14:25:52,940] INFO    - [analysis:158   ] - Normalized ticker input: TCS.NS -> TCS.NS | ticker=TCS.NS
[2026-07-23 14:25:52,953] INFO    - [feature_store:40] - Successfully loaded 79 features for TCS.NS | ticker=TCS.NS
[2026-07-23 14:25:53,005] INFO    - [feature_store:118] - Saved Feature Store for TCS.NS to storage/features\TCS_NS.parquet | ticker=TCS.NS
[2026-07-23 14:25:53,006] INFO    - [indicators:289 ] - Computing technical indicators across all categories...
[2026-07-23 14:25:53,115] INFO    - [indicators:305 ] - Successfully computed 59 indicator columns.
[2026-07-23 14:25:53,130] INFO    - [feature_store:40] - Successfully loaded 79 features for TCS.NS | ticker=TCS.NS
[2026-07-23 14:25:53,152] INFO    - [feature_store:118] - Saved Feature Store for TCS.NS to storage/features\TCS_NS.parquet | ticker=TCS.NS
[2026-07-23 14:25:53,153] INFO    - [candlestick:169] - Computing price action returns and candlestick patterns...
[2026-07-23 14:25:53,242] INFO    - [candlestick:184] - Successfully computed 15 price action / pattern columns.
[2026-07-23 14:25:53,249] INFO    - [feature_store:40] - Successfully loaded 79 features for TCS.NS | ticker=TCS.NS
[2026-07-23 14:25:53,274] INFO    - [feature_store:118] - Saved Feature Store for TCS.NS to storage/features\TCS_NS.parquet | ticker=TCS.NS
[2026-07-23 14:25:53,295] INFO    - [vix_analysis:42] - India VIX: 15.00 (Percentile: 100.0%, Regime: Normal)
[2026-07-23 14:25:53,429] INFO    - [chart_data:31  ] - Constructing client visualization payload...
[2026-07-23 14:25:53,473] WARNING - [gemini_client:43] - Gemini Client uninitialized (missing API Key). Routing to fallback generation.
[2026-07-23 14:25:53,474] INFO    - [gemini_client:184] - Generated graceful fallback report for TCS.NS in 1.0ms
[2026-07-23 14:25:53,475] INFO    - [cache:68       ] - Cached new LLM analysis report for TCS.NS (1d)
[2026-07-23 14:25:53,475] INFO    - [analysis:362   ] - Completed deterministic analysis for TCS.NS in 532.2ms | ticker=TCS.NS execution_time=532.16ms
[2026-07-23 14:25:53,500] INFO    - [analysis:158   ] - Normalized ticker input: INV@LID -> INV@LID.NS | ticker=INV@LID.NS
[2026-07-23 14:25:53,501] ERROR   - [exceptions:44  ] - API Exception on /analyze/INV@LID: Invalid ticker symbol format: 'INV@LID'
[2026-07-23 14:25:53,516] INFO    - [analysis:158   ] - Normalized ticker input: INVALID_TICKER -> INVALID_TICKER.NS | ticker=INVALID_TICKER.NS
[2026-07-23 14:25:53,517] ERROR   - [exceptions:44  ] - API Exception on /analyze/INVALID_TICKER: Ticker symbol 'INVALID_TICKER.NS' not found on Yahoo Finance.
[2026-07-23 14:25:53,533] INFO    - [analysis:158   ] - Normalized ticker input: RELIANCE.NS -> RELIANCE.NS | ticker=RELIANCE.NS
[2026-07-23 14:25:53,534] INFO    - [analysis:168   ] - Analysis cache HIT for RELIANCE.NS (1d)
[2026-07-23 14:25:54,399] INFO    - [analysis:158   ] - Normalized ticker input: TCS.NS -> TCS.NS | ticker=TCS.NS
[2026-07-23 14:25:54,399] INFO    - [analysis:168   ] - Analysis cache HIT for TCS.NS (1d)
[2026-07-23 14:25:55,156] ERROR   - [exceptions:44  ] - API Exception on /analyze: Maximum batch size exceeded. Please request at most 5 tickers at a time.
[2026-07-23 14:25:55,179] INFO    - [analysis:158   ] - Normalized ticker input: RELIANCE -> RELIANCE.NS | ticker=RELIANCE.NS
[2026-07-23 14:25:55,257] INFO    - [feature_store:40] - Successfully loaded 136 features for RELIANCE.NS | ticker=RELIANCE.NS
[2026-07-23 14:25:56,533] INFO    - [feature_store:118] - Saved Feature Store for RELIANCE.NS to storage/features\RELIANCE_NS.parquet | ticker=RELIANCE.NS
[2026-07-23 14:25:56,557] INFO    - [indicators:289 ] - Computing technical indicators across all categories...
[2026-07-23 14:25:58,000] INFO    - [indicators:305 ] - Successfully computed 59 indicator columns.
[2026-07-23 14:25:58,082] INFO    - [feature_store:40] - Successfully loaded 137 features for RELIANCE.NS | ticker=RELIANCE.NS
[2026-07-23 14:25:59,416] INFO    - [feature_store:118] - Saved Feature Store for RELIANCE.NS to storage/features\RELIANCE_NS.parquet | ticker=RELIANCE.NS
[2026-07-23 14:25:59,442] INFO    - [candlestick:169] - Computing price action returns and candlestick patterns...
[2026-07-23 14:26:03,243] INFO    - [candlestick:184] - Successfully computed 15 price action / pattern columns.
[2026-07-23 14:26:03,343] INFO    - [feature_store:40] - Successfully loaded 138 features for RELIANCE.NS | ticker=RELIANCE.NS
[2026-07-23 14:26:04,808] INFO    - [feature_store:118] - Saved Feature Store for RELIANCE.NS to storage/features\RELIANCE_NS.parquet | ticker=RELIANCE.NS
[2026-07-23 14:26:06,067] INFO    - [vix_analysis:42] - India VIX: 15.00 (Percentile: 100.0%, Regime: Normal)
[2026-07-23 14:26:18,170] INFO    - [chart_data:31  ] - Constructing client visualization payload...
[2026-07-23 14:26:22,132] WARNING - [gemini_client:43] - Gemini Client uninitialized (missing API Key). Routing to fallback generation.
[2026-07-23 14:26:22,132] INFO    - [gemini_client:184] - Generated graceful fallback report for RELIANCE.NS in 1.0ms
[2026-07-23 14:26:22,133] INFO    - [cache:68       ] - Cached new LLM analysis report for RELIANCE.NS (5m)
[2026-07-23 14:26:22,134] INFO    - [analysis:362   ] - Completed deterministic analysis for RELIANCE.NS in 26892.9ms | ticker=RELIANCE.NS execution_time=26892.86ms
[2026-07-23 14:26:22,779] INFO    - [cache:151      ] - Cached data saved for ticker TEST_STOCK (1d) | ticker=TEST_STOCK
[2026-07-23 14:26:22,802] INFO    - [cache:123      ] - Cache HIT for ticker TEST_STOCK (1d) | ticker=TEST_STOCK
[2026-07-23 14:26:22,812] INFO    - [cache:151      ] - Cached data saved for ticker TEST_VALIDITY (1d) | ticker=TEST_VALIDITY
[2026-07-23 14:26:22,844] INFO    - [downloader:73  ] - Successfully cleaned and validated data for TEST_TICKER. Rows: 4 | ticker=TEST_TICKER
[2026-07-23 14:26:22,849] INFO    - [downloader:103 ] - Downloading ticker data from yfinance: RELIANCE.NS (Interval: 1d, Period: 2y) | ticker=RELIANCE.NS
[2026-07-23 14:26:22,854] INFO    - [downloader:73  ] - Successfully cleaned and validated data for RELIANCE.NS. Rows: 3 | ticker=RELIANCE.NS
[2026-07-23 14:26:22,900] INFO    - [feature_store:118] - Saved Feature Store for RELIANCE_TEST to storage/test_features\RELIANCE_TEST.parquet | ticker=RELIANCE_TEST
[2026-07-23 14:26:22,906] INFO    - [feature_store:40] - Successfully loaded 2 features for RELIANCE_TEST | ticker=RELIANCE_TEST
[2026-07-23 14:26:22,913] INFO    - [feature_store:35] - No features Parquet file found for INFY_TEST at storage/test_features\INFY_TEST.parquet | ticker=INFY_TEST
[2026-07-23 14:26:22,914] INFO    - [feature_store:132] - Initializing new Feature Store for INFY_TEST during raw_ohlc | ticker=INFY_TEST
[2026-07-23 14:26:22,918] INFO    - [feature_store:118] - Saved Feature Store for INFY_TEST to storage/test_features\INFY_TEST.parquet | ticker=INFY_TEST
[2026-07-23 14:26:22,922] INFO    - [feature_store:40] - Successfully loaded 2 features for INFY_TEST | ticker=INFY_TEST
[2026-07-23 14:26:22,928] INFO    - [feature_store:118] - Saved Feature Store for INFY_TEST to storage/test_features\INFY_TEST.parquet | ticker=INFY_TEST
[2026-07-23 14:26:22,992] INFO    - [indicators:289 ] - Computing technical indicators across all categories...
[2026-07-23 14:26:23,102] INFO    - [indicators:305 ] - Successfully computed 53 indicator columns.
[2026-07-23 14:26:23,129] INFO    - [candlestick:169] - Computing price action returns and candlestick patterns...
[2026-07-23 14:26:23,162] INFO    - [candlestick:184] - Successfully computed 15 price action / pattern columns.
[2026-07-23 14:26:23,173] INFO    - [cache:68       ] - Cached new LLM analysis report for RELIANCE.NS (1d)
[2026-07-23 14:26:23,174] INFO    - [cache:51       ] - LLM cache HIT for RELIANCE.NS (1d)
[2026-07-23 14:26:23,174] INFO    - [cache:48       ] - LLM cache INVALIDATED for RELIANCE.NS (1d) due to quantitative change.
[2026-07-23 14:26:23,177] WARNING - [gemini_client:43] - Gemini Client uninitialized (missing API Key). Routing to fallback generation.
[2026-07-23 14:26:23,178] INFO    - [gemini_client:184] - Generated graceful fallback report for RELIANCE.NS in 0.5ms
[2026-07-23 14:26:23,183] INFO    - [market_downloader:28] - Market index cache miss for ^NSEI. Downloading... | ticker=^NSEI
[2026-07-23 14:26:23,188] INFO    - [cache:151      ] - Cached data saved for ticker ^NSEI (1d) | ticker=^NSEI
[2026-07-23 14:26:23,192] INFO    - [cache:123      ] - Cache HIT for ticker ^NSEI (1d) | ticker=^NSEI
[2026-07-23 14:26:23,226] INFO    - [analysis:158   ] - Normalized ticker input: RELIANCE.NS -> RELIANCE.NS | ticker=RELIANCE.NS
[2026-07-23 14:26:23,249] INFO    - [cache:123      ] - Cache HIT for ticker RELIANCE.NS (1h) | ticker=RELIANCE.NS
[2026-07-23 14:26:23,325] INFO    - [feature_store:40] - Successfully loaded 139 features for RELIANCE.NS | ticker=RELIANCE.NS
[2026-07-23 14:26:24,785] INFO    - [feature_store:118] - Saved Feature Store for RELIANCE.NS to storage/features\RELIANCE_NS.parquet | ticker=RELIANCE.NS
[2026-07-23 14:26:24,809] INFO    - [indicators:289 ] - Computing technical indicators across all categories...
[2026-07-23 14:26:26,311] INFO    - [indicators:305 ] - Successfully computed 59 indicator columns.
[2026-07-23 14:26:26,406] INFO    - [feature_store:40] - Successfully loaded 140 features for RELIANCE.NS | ticker=RELIANCE.NS
[2026-07-23 14:26:27,920] INFO    - [feature_store:118] - Saved Feature Store for RELIANCE.NS to storage/features\RELIANCE_NS.parquet | ticker=RELIANCE.NS
[2026-07-23 14:26:27,951] INFO    - [candlestick:169] - Computing price action returns and candlestick patterns...
[2026-07-23 14:26:32,284] INFO    - [candlestick:184] - Successfully computed 15 price action / pattern columns.
[2026-07-23 14:26:32,389] INFO    - [feature_store:40] - Successfully loaded 141 features for RELIANCE.NS | ticker=RELIANCE.NS
[2026-07-23 14:26:33,937] INFO    - [feature_store:118] - Saved Feature Store for RELIANCE.NS to storage/features\RELIANCE_NS.parquet | ticker=RELIANCE.NS
[2026-07-23 14:26:35,347] INFO    - [cache:123      ] - Cache HIT for ticker ^NSEI (1d) | ticker=^NSEI
[2026-07-23 14:26:35,357] INFO    - [cache:123      ] - Cache HIT for ticker ^NSEBANK (1d) | ticker=^NSEBANK
[2026-07-23 14:26:35,367] INFO    - [cache:123      ] - Cache HIT for ticker ^INDIAVIX (1d) | ticker=^INDIAVIX
[2026-07-23 14:26:35,378] INFO    - [cache:123      ] - Cache HIT for ticker ^CNXENERGY (1d) | ticker=^CNXENERGY
[2026-07-23 14:26:35,381] INFO    - [vix_analysis:42] - India VIX: 13.63 (Percentile: 68.0%, Regime: Normal)
[2026-07-23 14:26:48,905] INFO    - [chart_data:31  ] - Constructing client visualization payload...
[2026-07-23 14:26:53,265] WARNING - [gemini_client:43] - Gemini Client uninitialized (missing API Key). Routing to fallback generation.
[2026-07-23 14:26:53,265] INFO    - [gemini_client:184] - Generated graceful fallback report for RELIANCE.NS in 1.0ms
[2026-07-23 14:26:53,266] INFO    - [cache:68       ] - Cached new LLM analysis report for RELIANCE.NS (1h)
[2026-07-23 14:26:53,267] INFO    - [analysis:362   ] - Completed deterministic analysis for RELIANCE.NS in 29962.1ms | ticker=RELIANCE.NS execution_time=29962.11ms
[2026-07-23 14:26:54,834] INFO    - [analysis:158   ] - Normalized ticker input: RELIANCE.NS -> RELIANCE.NS | ticker=RELIANCE.NS
[2026-07-23 14:26:54,835] INFO    - [downloader:103 ] - Downloading ticker data from yfinance: RELIANCE.NS (Interval: invalid_tf, Period: 5y) | ticker=RELIANCE.NS
[2026-07-23 14:26:55,532] WARNING - [downloader:27  ] - Downloaded empty DataFrame for RELIANCE.NS | ticker=RELIANCE.NS
[2026-07-23 14:26:55,533] WARNING - [cache:132      ] - Attempted to cache empty DataFrame for RELIANCE.NS | ticker=RELIANCE.NS
[2026-07-23 14:26:55,533] ERROR   - [exceptions:44  ] - API Exception on /analyze/RELIANCE.NS: Ticker symbol 'RELIANCE.NS' not found on Yahoo Finance.
[2026-07-23 14:26:55,578] INFO    - [chart_data:31  ] - Constructing client visualization payload...
[2026-07-23 14:26:55,584] INFO    - [vix_analysis:42] - India VIX: 11.80 (Percentile: 66.7%, Regime: Low)
[2026-07-23 14:26:55,585] INFO    - [vix_analysis:42] - India VIX: 14.80 (Percentile: 66.7%, Regime: Normal)
[2026-07-23 14:26:55,586] INFO    - [vix_analysis:42] - India VIX: 22.00 (Percentile: 100.0%, Regime: Elevated)
[2026-07-23 14:26:55,587] INFO    - [vix_analysis:42] - India VIX: 29.50 (Percentile: 66.7%, Regime: Extreme)
[2026-07-23 14:26:55,609] INFO    - [chart_data:31  ] - Constructing client visualization payload...
[2026-07-23 14:47:12,917] INFO    - [analysis:158   ] - Normalized ticker input: RELIANCE -> RELIANCE.NS | ticker=RELIANCE.NS
[2026-07-23 14:47:12,924] INFO    - [feature_store:35] - No features Parquet file found for RELIANCE.NS at storage/features\RELIANCE_NS.parquet | ticker=RELIANCE.NS
[2026-07-23 14:47:12,926] INFO    - [feature_store:156] - Initializing new Feature Store for RELIANCE.NS during raw | ticker=RELIANCE.NS
[2026-07-23 14:47:12,991] INFO    - [feature_store:142] - Saved Feature Store for RELIANCE.NS to storage/features\RELIANCE_NS.parquet | ticker=RELIANCE.NS
[2026-07-23 14:47:12,993] INFO    - [indicators:289 ] - Computing technical indicators across all categories...
[2026-07-23 14:47:13,109] INFO    - [indicators:305 ] - Successfully computed 59 indicator columns.
[2026-07-23 14:47:13,157] INFO    - [feature_store:55] - Successfully loaded 5 features for RELIANCE.NS | ticker=RELIANCE.NS
[2026-07-23 14:47:13,180] INFO    - [feature_store:142] - Saved Feature Store for RELIANCE.NS to storage/features\RELIANCE_NS.parquet | ticker=RELIANCE.NS
[2026-07-23 14:47:13,181] INFO    - [candlestick:169] - Computing price action returns and candlestick patterns...
[2026-07-23 14:47:13,223] INFO    - [candlestick:184] - Successfully computed 15 price action / pattern columns.
[2026-07-23 14:47:13,233] INFO    - [feature_store:55] - Successfully loaded 64 features for RELIANCE.NS | ticker=RELIANCE.NS
[2026-07-23 14:47:13,255] INFO    - [feature_store:142] - Saved Feature Store for RELIANCE.NS to storage/features\RELIANCE_NS.parquet | ticker=RELIANCE.NS
[2026-07-23 14:47:13,266] INFO    - [vix_analysis:42] - India VIX: 15.00 (Percentile: 100.0%, Regime: Normal)
[2026-07-23 14:47:13,285] INFO    - [chart_data:31  ] - Constructing client visualization payload...
[2026-07-23 14:47:13,298] WARNING - [gemini_client:43] - Gemini Client uninitialized (missing API Key). Routing to fallback generation.
[2026-07-23 14:47:13,299] INFO    - [gemini_client:184] - Generated graceful fallback report for RELIANCE.NS in 1.0ms
[2026-07-23 14:47:13,299] INFO    - [cache:68       ] - Cached new LLM analysis report for RELIANCE.NS (1d)
[2026-07-23 14:47:13,307] INFO    - [analysis:362   ] - Completed deterministic analysis for RELIANCE.NS in 379.6ms | ticker=RELIANCE.NS execution_time=379.62ms
[2026-07-23 14:47:13,331] INFO    - [analysis:158   ] - Normalized ticker input: TCS.NS -> TCS.NS | ticker=TCS.NS
[2026-07-23 14:47:13,334] INFO    - [feature_store:35] - No features Parquet file found for TCS.NS at storage/features\TCS_NS.parquet | ticker=TCS.NS
[2026-07-23 14:47:13,334] INFO    - [feature_store:156] - Initializing new Feature Store for TCS.NS during raw | ticker=TCS.NS
[2026-07-23 14:47:13,377] INFO    - [feature_store:142] - Saved Feature Store for TCS.NS to storage/features\TCS_NS.parquet | ticker=TCS.NS
[2026-07-23 14:47:13,379] INFO    - [indicators:289 ] - Computing technical indicators across all categories...
[2026-07-23 14:47:13,498] INFO    - [indicators:305 ] - Successfully computed 59 indicator columns.
[2026-07-23 14:47:13,505] INFO    - [feature_store:55] - Successfully loaded 5 features for TCS.NS | ticker=TCS.NS
[2026-07-23 14:47:13,524] INFO    - [feature_store:142] - Saved Feature Store for TCS.NS to storage/features\TCS_NS.parquet | ticker=TCS.NS
[2026-07-23 14:47:13,525] INFO    - [candlestick:169] - Computing price action returns and candlestick patterns...
[2026-07-23 14:47:13,570] INFO    - [candlestick:184] - Successfully computed 15 price action / pattern columns.
[2026-07-23 14:47:13,582] INFO    - [feature_store:55] - Successfully loaded 64 features for TCS.NS | ticker=TCS.NS
[2026-07-23 14:47:13,614] INFO    - [feature_store:142] - Saved Feature Store for TCS.NS to storage/features\TCS_NS.parquet | ticker=TCS.NS
[2026-07-23 14:47:13,623] INFO    - [vix_analysis:42] - India VIX: 15.00 (Percentile: 100.0%, Regime: Normal)
[2026-07-23 14:47:13,646] INFO    - [chart_data:31  ] - Constructing client visualization payload...
[2026-07-23 14:47:13,670] WARNING - [gemini_client:43] - Gemini Client uninitialized (missing API Key). Routing to fallback generation.
[2026-07-23 14:47:13,672] INFO    - [gemini_client:184] - Generated graceful fallback report for TCS.NS in 2.0ms
[2026-07-23 14:47:13,673] INFO    - [cache:68       ] - Cached new LLM analysis report for TCS.NS (1d)
[2026-07-23 14:47:13,674] INFO    - [analysis:362   ] - Completed deterministic analysis for TCS.NS in 338.4ms | ticker=TCS.NS execution_time=338.43ms
[2026-07-23 14:47:13,696] INFO    - [analysis:158   ] - Normalized ticker input: INV@LID -> INV@LID.NS | ticker=INV@LID.NS
[2026-07-23 14:47:13,698] ERROR   - [exceptions:44  ] - API Exception on /analyze/INV@LID: Invalid ticker symbol format: 'INV@LID'
[2026-07-23 14:47:13,714] INFO    - [analysis:158   ] - Normalized ticker input: INVALID_TICKER -> INVALID_TICKER.NS | ticker=INVALID_TICKER.NS
[2026-07-23 14:47:13,715] ERROR   - [exceptions:44  ] - API Exception on /analyze/INVALID_TICKER: Stock not found
[2026-07-23 14:47:13,732] INFO    - [analysis:158   ] - Normalized ticker input: RELIANCE.NS -> RELIANCE.NS | ticker=RELIANCE.NS
[2026-07-23 14:47:13,733] INFO    - [analysis:168   ] - Analysis cache HIT for RELIANCE.NS (1d)
[2026-07-23 14:47:14,314] INFO    - [analysis:158   ] - Normalized ticker input: TCS.NS -> TCS.NS | ticker=TCS.NS
[2026-07-23 14:47:14,314] INFO    - [analysis:168   ] - Analysis cache HIT for TCS.NS (1d)
[2026-07-23 14:47:14,458] ERROR   - [exceptions:44  ] - API Exception on /analyze: Maximum batch size exceeded. Please request at most 5 tickers at a time.
[2026-07-23 14:47:14,482] INFO    - [analysis:158   ] - Normalized ticker input: RELIANCE -> RELIANCE.NS | ticker=RELIANCE.NS
[2026-07-23 14:47:14,494] INFO    - [feature_store:55] - Successfully loaded 79 features for RELIANCE.NS | ticker=RELIANCE.NS
[2026-07-23 14:47:14,514] INFO    - [feature_store:142] - Saved Feature Store for RELIANCE.NS to storage/features\RELIANCE_NS.parquet | ticker=RELIANCE.NS
[2026-07-23 14:47:14,515] INFO    - [indicators:289 ] - Computing technical indicators across all categories...
[2026-07-23 14:47:14,663] INFO    - [indicators:305 ] - Successfully computed 59 indicator columns.
[2026-07-23 14:47:14,675] INFO    - [feature_store:55] - Successfully loaded 79 features for RELIANCE.NS | ticker=RELIANCE.NS
[2026-07-23 14:47:14,696] INFO    - [feature_store:142] - Saved Feature Store for RELIANCE.NS to storage/features\RELIANCE_NS.parquet | ticker=RELIANCE.NS
[2026-07-23 14:47:14,697] INFO    - [candlestick:169] - Computing price action returns and candlestick patterns...
[2026-07-23 14:47:14,735] INFO    - [candlestick:184] - Successfully computed 15 price action / pattern columns.
[2026-07-23 14:47:14,782] INFO    - [feature_store:55] - Successfully loaded 79 features for RELIANCE.NS | ticker=RELIANCE.NS
[2026-07-23 14:47:14,818] INFO    - [feature_store:142] - Saved Feature Store for RELIANCE.NS to storage/features\RELIANCE_NS.parquet | ticker=RELIANCE.NS
[2026-07-23 14:47:14,832] INFO    - [vix_analysis:42] - India VIX: 15.00 (Percentile: 100.0%, Regime: Normal)
[2026-07-23 14:47:14,858] INFO    - [chart_data:31  ] - Constructing client visualization payload...
[2026-07-23 14:47:14,878] WARNING - [gemini_client:43] - Gemini Client uninitialized (missing API Key). Routing to fallback generation.
[2026-07-23 14:47:14,879] INFO    - [gemini_client:184] - Generated graceful fallback report for RELIANCE.NS in 1.0ms
[2026-07-23 14:47:14,879] INFO    - [cache:68       ] - Cached new LLM analysis report for RELIANCE.NS (5m)
[2026-07-23 14:47:14,880] INFO    - [analysis:362   ] - Completed deterministic analysis for RELIANCE.NS in 396.0ms | ticker=RELIANCE.NS execution_time=395.98ms
[2026-07-23 14:47:14,897] INFO    - [cache:151      ] - Cached data saved for ticker TEST_STOCK (1d) | ticker=TEST_STOCK
[2026-07-23 14:47:14,906] INFO    - [cache:123      ] - Cache HIT for ticker TEST_STOCK (1d) | ticker=TEST_STOCK
[2026-07-23 14:47:14,919] INFO    - [cache:151      ] - Cached data saved for ticker TEST_VALIDITY (1d) | ticker=TEST_VALIDITY
[2026-07-23 14:47:14,952] INFO    - [downloader:73  ] - Successfully cleaned and validated data for TEST_TICKER. Rows: 4 | ticker=TEST_TICKER
[2026-07-23 14:47:14,958] INFO    - [downloader:103 ] - Downloading ticker data from yfinance: RELIANCE.NS (Interval: 1d, Period: 2y) | ticker=RELIANCE.NS
[2026-07-23 14:47:14,965] INFO    - [downloader:73  ] - Successfully cleaned and validated data for RELIANCE.NS. Rows: 3 | ticker=RELIANCE.NS
[2026-07-23 14:47:15,010] INFO    - [feature_store:142] - Saved Feature Store for RELIANCE_TEST to storage/test_features\RELIANCE_TEST.parquet | ticker=RELIANCE_TEST
[2026-07-23 14:47:15,015] INFO    - [feature_store:55] - Successfully loaded 2 features for RELIANCE_TEST | ticker=RELIANCE_TEST
[2026-07-23 14:47:15,023] INFO    - [feature_store:35] - No features Parquet file found for INFY_TEST at storage/test_features\INFY_TEST.parquet | ticker=INFY_TEST
[2026-07-23 14:47:15,024] INFO    - [feature_store:156] - Initializing new Feature Store for INFY_TEST during raw_ohlc | ticker=INFY_TEST
[2026-07-23 14:47:15,028] INFO    - [feature_store:142] - Saved Feature Store for INFY_TEST to storage/test_features\INFY_TEST.parquet | ticker=INFY_TEST
[2026-07-23 14:47:15,034] INFO    - [feature_store:55] - Successfully loaded 2 features for INFY_TEST | ticker=INFY_TEST
[2026-07-23 14:47:15,040] INFO    - [feature_store:142] - Saved Feature Store for INFY_TEST to storage/test_features\INFY_TEST.parquet | ticker=INFY_TEST
[2026-07-23 14:47:15,109] INFO    - [indicators:289 ] - Computing technical indicators across all categories...
[2026-07-23 14:47:15,219] INFO    - [indicators:305 ] - Successfully computed 53 indicator columns.
[2026-07-23 14:47:15,220] INFO    - [candlestick:169] - Computing price action returns and candlestick patterns...
[2026-07-23 14:47:15,265] INFO    - [candlestick:184] - Successfully computed 15 price action / pattern columns.
[2026-07-23 14:47:15,275] INFO    - [cache:68       ] - Cached new LLM analysis report for RELIANCE.NS (1d)
[2026-07-23 14:47:15,275] INFO    - [cache:51       ] - LLM cache HIT for RELIANCE.NS (1d)
[2026-07-23 14:47:15,276] INFO    - [cache:48       ] - LLM cache INVALIDATED for RELIANCE.NS (1d) due to quantitative change.
[2026-07-23 14:47:15,279] WARNING - [gemini_client:43] - Gemini Client uninitialized (missing API Key). Routing to fallback generation.
[2026-07-23 14:47:15,281] INFO    - [gemini_client:184] - Generated graceful fallback report for RELIANCE.NS in 1.3ms
[2026-07-23 14:47:15,290] INFO    - [market_downloader:28] - Market index cache miss for ^NSEI. Downloading... | ticker=^NSEI
[2026-07-23 14:47:15,294] INFO    - [cache:151      ] - Cached data saved for ticker ^NSEI (1d) | ticker=^NSEI
[2026-07-23 14:47:15,299] INFO    - [cache:123      ] - Cache HIT for ticker ^NSEI (1d) | ticker=^NSEI
[2026-07-23 14:47:15,325] INFO    - [analysis:158   ] - Normalized ticker input: RELIANCE.NS -> RELIANCE.NS | ticker=RELIANCE.NS
[2026-07-23 14:47:15,343] INFO    - [cache:123      ] - Cache HIT for ticker RELIANCE.NS (1h) | ticker=RELIANCE.NS
[2026-07-23 14:47:15,353] INFO    - [feature_store:55] - Successfully loaded 79 features for RELIANCE.NS | ticker=RELIANCE.NS
[2026-07-23 14:47:15,386] INFO    - [feature_store:142] - Saved Feature Store for RELIANCE.NS to storage/features\RELIANCE_NS.parquet | ticker=RELIANCE.NS
[2026-07-23 14:47:15,387] INFO    - [indicators:289 ] - Computing technical indicators across all categories...
[2026-07-23 14:47:15,551] INFO    - [indicators:305 ] - Successfully computed 59 indicator columns.
[2026-07-23 14:47:15,577] INFO    - [feature_store:55] - Successfully loaded 79 features for RELIANCE.NS | ticker=RELIANCE.NS
[2026-07-23 14:47:15,650] INFO    - [feature_store:142] - Saved Feature Store for RELIANCE.NS to storage/features\RELIANCE_NS.parquet | ticker=RELIANCE.NS
[2026-07-23 14:47:15,651] INFO    - [candlestick:169] - Computing price action returns and candlestick patterns...
[2026-07-23 14:47:15,869] INFO    - [candlestick:184] - Successfully computed 15 price action / pattern columns.
[2026-07-23 14:47:15,884] INFO    - [feature_store:55] - Successfully loaded 79 features for RELIANCE.NS | ticker=RELIANCE.NS
[2026-07-23 14:47:15,962] INFO    - [feature_store:142] - Saved Feature Store for RELIANCE.NS to storage/features\RELIANCE_NS.parquet | ticker=RELIANCE.NS
[2026-07-23 14:47:16,031] INFO    - [cache:123      ] - Cache HIT for ticker ^NSEI (1d) | ticker=^NSEI
[2026-07-23 14:47:16,039] INFO    - [cache:123      ] - Cache HIT for ticker ^NSEBANK (1d) | ticker=^NSEBANK
[2026-07-23 14:47:16,047] INFO    - [cache:123      ] - Cache HIT for ticker ^INDIAVIX (1d) | ticker=^INDIAVIX
[2026-07-23 14:47:16,064] INFO    - [cache:123      ] - Cache HIT for ticker ^CNXENERGY (1d) | ticker=^CNXENERGY
[2026-07-23 14:47:16,071] INFO    - [vix_analysis:42] - India VIX: 13.63 (Percentile: 68.0%, Regime: Normal)
[2026-07-23 14:47:16,292] INFO    - [chart_data:31  ] - Constructing client visualization payload...
[2026-07-23 14:47:16,559] WARNING - [gemini_client:43] - Gemini Client uninitialized (missing API Key). Routing to fallback generation.
[2026-07-23 14:47:16,559] INFO    - [gemini_client:184] - Generated graceful fallback report for RELIANCE.NS in 0.0ms
[2026-07-23 14:47:16,560] INFO    - [cache:68       ] - Cached new LLM analysis report for RELIANCE.NS (1h)
[2026-07-23 14:47:16,561] INFO    - [analysis:362   ] - Completed deterministic analysis for RELIANCE.NS in 1230.3ms | ticker=RELIANCE.NS execution_time=1230.26ms
[2026-07-23 14:47:16,648] INFO    - [analysis:158   ] - Normalized ticker input: RELIANCE.NS -> RELIANCE.NS | ticker=RELIANCE.NS
[2026-07-23 14:47:16,650] INFO    - [downloader:103 ] - Downloading ticker data from yfinance: RELIANCE.NS (Interval: invalid_tf, Period: 5y) | ticker=RELIANCE.NS
[2026-07-23 14:47:17,492] WARNING - [downloader:27  ] - Downloaded empty DataFrame for RELIANCE.NS | ticker=RELIANCE.NS
[2026-07-23 14:47:17,494] WARNING - [cache:132      ] - Attempted to cache empty DataFrame for RELIANCE.NS | ticker=RELIANCE.NS
[2026-07-23 14:47:17,495] ERROR   - [exceptions:44  ] - API Exception on /analyze/RELIANCE.NS: Stock not found
[2026-07-23 14:47:17,540] INFO    - [chart_data:31  ] - Constructing client visualization payload...
[2026-07-23 14:47:17,546] INFO    - [vix_analysis:42] - India VIX: 11.80 (Percentile: 66.7%, Regime: Low)
[2026-07-23 14:47:17,547] INFO    - [vix_analysis:42] - India VIX: 14.80 (Percentile: 66.7%, Regime: Normal)
[2026-07-23 14:47:17,548] INFO    - [vix_analysis:42] - India VIX: 22.00 (Percentile: 100.0%, Regime: Elevated)
[2026-07-23 14:47:17,549] INFO    - [vix_analysis:42] - India VIX: 29.50 (Percentile: 66.7%, Regime: Extreme)
[2026-07-23 14:47:17,572] INFO    - [chart_data:31  ] - Constructing client visualization payload...
[2026-07-23 14:47:59,085] INFO    - [analysis:158   ] - Normalized ticker input: RELIANCE -> RELIANCE.NS | ticker=RELIANCE.NS
[2026-07-23 14:47:59,140] INFO    - [feature_store:55] - Successfully loaded 79 features for RELIANCE.NS | ticker=RELIANCE.NS
[2026-07-23 14:47:59,192] INFO    - [feature_store:142] - Saved Feature Store for RELIANCE.NS to storage/features\RELIANCE_NS.parquet | ticker=RELIANCE.NS
[2026-07-23 14:47:59,193] INFO    - [indicators:289 ] - Computing technical indicators across all categories...
[2026-07-23 14:47:59,367] INFO    - [indicators:305 ] - Successfully computed 59 indicator columns.
[2026-07-23 14:47:59,423] INFO    - [feature_store:55] - Successfully loaded 79 features for RELIANCE.NS | ticker=RELIANCE.NS
[2026-07-23 14:47:59,476] INFO    - [feature_store:142] - Saved Feature Store for RELIANCE.NS to storage/features\RELIANCE_NS.parquet | ticker=RELIANCE.NS
[2026-07-23 14:47:59,477] INFO    - [candlestick:169] - Computing price action returns and candlestick patterns...
[2026-07-23 14:47:59,705] INFO    - [candlestick:184] - Successfully computed 15 price action / pattern columns.
[2026-07-23 14:47:59,721] INFO    - [feature_store:55] - Successfully loaded 79 features for RELIANCE.NS | ticker=RELIANCE.NS
[2026-07-23 14:47:59,773] INFO    - [feature_store:142] - Saved Feature Store for RELIANCE.NS to storage/features\RELIANCE_NS.parquet | ticker=RELIANCE.NS
[2026-07-23 14:47:59,844] INFO    - [vix_analysis:42] - India VIX: 15.00 (Percentile: 100.0%, Regime: Normal)
[2026-07-23 14:48:00,343] INFO    - [chart_data:31  ] - Constructing client visualization payload...
[2026-07-23 14:48:00,501] WARNING - [gemini_client:43] - Gemini Client uninitialized (missing API Key). Routing to fallback generation.
[2026-07-23 14:48:00,502] INFO    - [gemini_client:184] - Generated graceful fallback report for RELIANCE.NS in 1.0ms
[2026-07-23 14:48:00,503] INFO    - [cache:68       ] - Cached new LLM analysis report for RELIANCE.NS (1d)
[2026-07-23 14:48:00,507] INFO    - [analysis:362   ] - Completed deterministic analysis for RELIANCE.NS in 1412.1ms | ticker=RELIANCE.NS execution_time=1412.11ms
[2026-07-23 14:48:00,561] INFO    - [analysis:158   ] - Normalized ticker input: TCS.NS -> TCS.NS | ticker=TCS.NS
[2026-07-23 14:48:00,572] INFO    - [feature_store:55] - Successfully loaded 79 features for TCS.NS | ticker=TCS.NS
[2026-07-23 14:48:00,592] INFO    - [feature_store:142] - Saved Feature Store for TCS.NS to storage/features\TCS_NS.parquet | ticker=TCS.NS
[2026-07-23 14:48:00,593] INFO    - [indicators:289 ] - Computing technical indicators across all categories...
[2026-07-23 14:48:00,670] INFO    - [indicators:305 ] - Successfully computed 59 indicator columns.
[2026-07-23 14:48:00,679] INFO    - [feature_store:55] - Successfully loaded 79 features for TCS.NS | ticker=TCS.NS
[2026-07-23 14:48:00,696] INFO    - [feature_store:142] - Saved Feature Store for TCS.NS to storage/features\TCS_NS.parquet | ticker=TCS.NS
[2026-07-23 14:48:00,697] INFO    - [candlestick:169] - Computing price action returns and candlestick patterns...
[2026-07-23 14:48:00,741] INFO    - [candlestick:184] - Successfully computed 15 price action / pattern columns.
[2026-07-23 14:48:00,752] INFO    - [feature_store:55] - Successfully loaded 79 features for TCS.NS | ticker=TCS.NS
[2026-07-23 14:48:00,773] INFO    - [feature_store:142] - Saved Feature Store for TCS.NS to storage/features\TCS_NS.parquet | ticker=TCS.NS
[2026-07-23 14:48:00,788] INFO    - [vix_analysis:42] - India VIX: 15.00 (Percentile: 100.0%, Regime: Normal)
[2026-07-23 14:48:00,821] INFO    - [chart_data:31  ] - Constructing client visualization payload...
[2026-07-23 14:48:00,851] WARNING - [gemini_client:43] - Gemini Client uninitialized (missing API Key). Routing to fallback generation.
[2026-07-23 14:48:00,853] INFO    - [gemini_client:184] - Generated graceful fallback report for TCS.NS in 2.0ms
[2026-07-23 14:48:00,854] INFO    - [cache:68       ] - Cached new LLM analysis report for TCS.NS (1d)
[2026-07-23 14:48:00,855] INFO    - [analysis:362   ] - Completed deterministic analysis for TCS.NS in 289.1ms | ticker=TCS.NS execution_time=289.12ms
[2026-07-23 14:48:00,873] INFO    - [analysis:158   ] - Normalized ticker input: INV@LID -> INV@LID.NS | ticker=INV@LID.NS
[2026-07-23 14:48:00,874] ERROR   - [exceptions:44  ] - API Exception on /analyze/INV@LID: Invalid ticker symbol format: 'INV@LID'
[2026-07-23 14:48:00,887] INFO    - [analysis:158   ] - Normalized ticker input: INVALID_TICKER -> INVALID_TICKER.NS | ticker=INVALID_TICKER.NS
[2026-07-23 14:48:00,888] ERROR   - [exceptions:44  ] - API Exception on /analyze/INVALID_TICKER: Stock not found
[2026-07-23 14:48:00,904] INFO    - [analysis:158   ] - Normalized ticker input: RELIANCE.NS -> RELIANCE.NS | ticker=RELIANCE.NS
[2026-07-23 14:48:00,905] INFO    - [analysis:168   ] - Analysis cache HIT for RELIANCE.NS (1d)
[2026-07-23 14:48:01,601] INFO    - [analysis:158   ] - Normalized ticker input: TCS.NS -> TCS.NS | ticker=TCS.NS
[2026-07-23 14:48:01,602] INFO    - [analysis:168   ] - Analysis cache HIT for TCS.NS (1d)
[2026-07-23 14:48:01,772] ERROR   - [exceptions:44  ] - API Exception on /analyze: Maximum batch size exceeded. Please request at most 5 tickers at a time.
[2026-07-23 14:48:01,796] INFO    - [analysis:158   ] - Normalized ticker input: RELIANCE -> RELIANCE.NS | ticker=RELIANCE.NS
[2026-07-23 14:48:01,814] INFO    - [feature_store:55] - Successfully loaded 79 features for RELIANCE.NS | ticker=RELIANCE.NS
[2026-07-23 14:48:01,846] INFO    - [feature_store:142] - Saved Feature Store for RELIANCE.NS to storage/features\RELIANCE_NS.parquet | ticker=RELIANCE.NS
[2026-07-23 14:48:01,847] INFO    - [indicators:289 ] - Computing technical indicators across all categories...
[2026-07-23 14:48:01,977] INFO    - [indicators:305 ] - Successfully computed 59 indicator columns.
[2026-07-23 14:48:02,076] INFO    - [feature_store:55] - Successfully loaded 79 features for RELIANCE.NS | ticker=RELIANCE.NS
[2026-07-23 14:48:02,130] INFO    - [feature_store:142] - Saved Feature Store for RELIANCE.NS to storage/features\RELIANCE_NS.parquet | ticker=RELIANCE.NS
[2026-07-23 14:48:02,131] INFO    - [candlestick:169] - Computing price action returns and candlestick patterns...
[2026-07-23 14:48:02,358] INFO    - [candlestick:184] - Successfully computed 15 price action / pattern columns.
[2026-07-23 14:48:02,371] INFO    - [feature_store:55] - Successfully loaded 79 features for RELIANCE.NS | ticker=RELIANCE.NS
[2026-07-23 14:48:02,403] INFO    - [feature_store:142] - Saved Feature Store for RELIANCE.NS to storage/features\RELIANCE_NS.parquet | ticker=RELIANCE.NS
[2026-07-23 14:48:02,460] INFO    - [vix_analysis:42] - India VIX: 15.00 (Percentile: 100.0%, Regime: Normal)
[2026-07-23 14:48:02,923] INFO    - [chart_data:31  ] - Constructing client visualization payload...
[2026-07-23 14:48:03,072] WARNING - [gemini_client:43] - Gemini Client uninitialized (missing API Key). Routing to fallback generation.
[2026-07-23 14:48:03,072] INFO    - [gemini_client:184] - Generated graceful fallback report for RELIANCE.NS in 0.0ms
[2026-07-23 14:48:03,073] INFO    - [cache:68       ] - Cached new LLM analysis report for RELIANCE.NS (5m)
[2026-07-23 14:48:03,074] INFO    - [analysis:362   ] - Completed deterministic analysis for RELIANCE.NS in 1273.0ms | ticker=RELIANCE.NS execution_time=1273.00ms
[2026-07-23 14:48:03,112] INFO    - [cache:151      ] - Cached data saved for ticker TEST_STOCK (1d) | ticker=TEST_STOCK
[2026-07-23 14:48:03,121] INFO    - [cache:123      ] - Cache HIT for ticker TEST_STOCK (1d) | ticker=TEST_STOCK
[2026-07-23 14:48:03,131] INFO    - [cache:151      ] - Cached data saved for ticker TEST_VALIDITY (1d) | ticker=TEST_VALIDITY
[2026-07-23 14:48:03,163] INFO    - [downloader:73  ] - Successfully cleaned and validated data for TEST_TICKER. Rows: 4 | ticker=TEST_TICKER
[2026-07-23 14:48:03,168] INFO    - [downloader:103 ] - Downloading ticker data from yfinance: RELIANCE.NS (Interval: 1d, Period: 2y) | ticker=RELIANCE.NS
[2026-07-23 14:48:03,174] INFO    - [downloader:73  ] - Successfully cleaned and validated data for RELIANCE.NS. Rows: 3 | ticker=RELIANCE.NS
[2026-07-23 14:48:03,219] INFO    - [feature_store:142] - Saved Feature Store for RELIANCE_TEST to storage/test_features\RELIANCE_TEST.parquet | ticker=RELIANCE_TEST
[2026-07-23 14:48:03,226] INFO    - [feature_store:55] - Successfully loaded 2 features for RELIANCE_TEST | ticker=RELIANCE_TEST
[2026-07-23 14:48:03,234] INFO    - [feature_store:35] - No features Parquet file found for INFY_TEST at storage/test_features\INFY_TEST.parquet | ticker=INFY_TEST
[2026-07-23 14:48:03,234] INFO    - [feature_store:156] - Initializing new Feature Store for INFY_TEST during raw_ohlc | ticker=INFY_TEST
[2026-07-23 14:48:03,238] INFO    - [feature_store:142] - Saved Feature Store for INFY_TEST to storage/test_features\INFY_TEST.parquet | ticker=INFY_TEST
[2026-07-23 14:48:03,244] INFO    - [feature_store:55] - Successfully loaded 2 features for INFY_TEST | ticker=INFY_TEST
[2026-07-23 14:48:03,253] INFO    - [feature_store:142] - Saved Feature Store for INFY_TEST to storage/test_features\INFY_TEST.parquet | ticker=INFY_TEST
[2026-07-23 14:48:03,326] INFO    - [indicators:289 ] - Computing technical indicators across all categories...
[2026-07-23 14:48:03,427] INFO    - [indicators:305 ] - Successfully computed 53 indicator columns.
[2026-07-23 14:48:03,428] INFO    - [candlestick:169] - Computing price action returns and candlestick patterns...
[2026-07-23 14:48:03,464] INFO    - [candlestick:184] - Successfully computed 15 price action / pattern columns.
[2026-07-23 14:48:03,474] INFO    - [cache:68       ] - Cached new LLM analysis report for RELIANCE.NS (1d)
[2026-07-23 14:48:03,474] INFO    - [cache:51       ] - LLM cache HIT for RELIANCE.NS (1d)
[2026-07-23 14:48:03,475] INFO    - [cache:48       ] - LLM cache INVALIDATED for RELIANCE.NS (1d) due to quantitative change.
[2026-07-23 14:48:03,478] WARNING - [gemini_client:43] - Gemini Client uninitialized (missing API Key). Routing to fallback generation.
[2026-07-23 14:48:03,479] INFO    - [gemini_client:184] - Generated graceful fallback report for RELIANCE.NS in 0.5ms
[2026-07-23 14:48:03,488] INFO    - [market_downloader:28] - Market index cache miss for ^NSEI. Downloading... | ticker=^NSEI
[2026-07-23 14:48:03,491] INFO    - [cache:151      ] - Cached data saved for ticker ^NSEI (1d) | ticker=^NSEI
[2026-07-23 14:48:03,496] INFO    - [cache:123      ] - Cache HIT for ticker ^NSEI (1d) | ticker=^NSEI
[2026-07-23 14:48:03,526] INFO    - [analysis:158   ] - Normalized ticker input: RELIANCE.NS -> RELIANCE.NS | ticker=RELIANCE.NS
[2026-07-23 14:48:03,546] INFO    - [cache:123      ] - Cache HIT for ticker RELIANCE.NS (1h) | ticker=RELIANCE.NS
[2026-07-23 14:48:03,562] INFO    - [feature_store:55] - Successfully loaded 79 features for RELIANCE.NS | ticker=RELIANCE.NS
[2026-07-23 14:48:03,605] INFO    - [feature_store:142] - Saved Feature Store for RELIANCE.NS to storage/features\RELIANCE_NS.parquet | ticker=RELIANCE.NS
[2026-07-23 14:48:03,608] INFO    - [indicators:289 ] - Computing technical indicators across all categories...
[2026-07-23 14:48:03,768] INFO    - [indicators:305 ] - Successfully computed 59 indicator columns.
[2026-07-23 14:48:03,782] INFO    - [feature_store:55] - Successfully loaded 79 features for RELIANCE.NS | ticker=RELIANCE.NS
[2026-07-23 14:48:03,873] INFO    - [feature_store:142] - Saved Feature Store for RELIANCE.NS to storage/features\RELIANCE_NS.parquet | ticker=RELIANCE.NS
[2026-07-23 14:48:03,874] INFO    - [candlestick:169] - Computing price action returns and candlestick patterns...
[2026-07-23 14:48:04,098] INFO    - [candlestick:184] - Successfully computed 15 price action / pattern columns.
[2026-07-23 14:48:04,115] INFO    - [feature_store:55] - Successfully loaded 79 features for RELIANCE.NS | ticker=RELIANCE.NS
[2026-07-23 14:48:04,234] INFO    - [feature_store:142] - Saved Feature Store for RELIANCE.NS to storage/features\RELIANCE_NS.parquet | ticker=RELIANCE.NS
[2026-07-23 14:48:04,321] INFO    - [cache:123      ] - Cache HIT for ticker ^NSEI (1d) | ticker=^NSEI
[2026-07-23 14:48:04,327] INFO    - [cache:123      ] - Cache HIT for ticker ^NSEBANK (1d) | ticker=^NSEBANK
[2026-07-23 14:48:04,336] INFO    - [cache:123      ] - Cache HIT for ticker ^INDIAVIX (1d) | ticker=^INDIAVIX
[2026-07-23 14:48:04,342] INFO    - [cache:123      ] - Cache HIT for ticker ^CNXENERGY (1d) | ticker=^CNXENERGY
[2026-07-23 14:48:04,345] INFO    - [vix_analysis:42] - India VIX: 13.63 (Percentile: 68.0%, Regime: Normal)
[2026-07-23 14:48:04,438] INFO    - [chart_data:31  ] - Constructing client visualization payload...
[2026-07-23 14:48:04,657] WARNING - [gemini_client:43] - Gemini Client uninitialized (missing API Key). Routing to fallback generation.
[2026-07-23 14:48:04,658] INFO    - [gemini_client:184] - Generated graceful fallback report for RELIANCE.NS in 1.0ms
[2026-07-23 14:48:04,658] INFO    - [cache:68       ] - Cached new LLM analysis report for RELIANCE.NS (1h)
[2026-07-23 14:48:04,661] INFO    - [analysis:362   ] - Completed deterministic analysis for RELIANCE.NS in 1125.5ms | ticker=RELIANCE.NS execution_time=1125.48ms
[2026-07-23 14:48:04,788] INFO    - [analysis:158   ] - Normalized ticker input: RELIANCE.NS -> RELIANCE.NS | ticker=RELIANCE.NS
[2026-07-23 14:48:04,789] INFO    - [downloader:103 ] - Downloading ticker data from yfinance: RELIANCE.NS (Interval: invalid_tf, Period: 5y) | ticker=RELIANCE.NS
[2026-07-23 14:48:05,787] WARNING - [downloader:27  ] - Downloaded empty DataFrame for RELIANCE.NS | ticker=RELIANCE.NS
[2026-07-23 14:48:05,787] WARNING - [cache:132      ] - Attempted to cache empty DataFrame for RELIANCE.NS | ticker=RELIANCE.NS
[2026-07-23 14:48:05,788] ERROR   - [exceptions:44  ] - API Exception on /analyze/RELIANCE.NS: Stock not found
[2026-07-23 14:48:05,830] INFO    - [chart_data:31  ] - Constructing client visualization payload...
[2026-07-23 14:48:05,834] INFO    - [vix_analysis:42] - India VIX: 11.80 (Percentile: 66.7%, Regime: Low)
[2026-07-23 14:48:05,836] INFO    - [vix_analysis:42] - India VIX: 14.80 (Percentile: 66.7%, Regime: Normal)
[2026-07-23 14:48:05,836] INFO    - [vix_analysis:42] - India VIX: 22.00 (Percentile: 100.0%, Regime: Elevated)
[2026-07-23 14:48:05,838] INFO    - [vix_analysis:42] - India VIX: 29.50 (Percentile: 66.7%, Regime: Extreme)
[2026-07-23 14:48:05,857] INFO    - [chart_data:31  ] - Constructing client visualization payload...
[2026-07-23 14:50:29,706] INFO    - [analysis:158   ] - Normalized ticker input: RELIANCE -> RELIANCE.NS | ticker=RELIANCE.NS
[2026-07-23 14:50:29,763] INFO    - [feature_store:55] - Successfully loaded 79 features for RELIANCE.NS | ticker=RELIANCE.NS
[2026-07-23 14:50:29,828] INFO    - [feature_store:142] - Saved Feature Store for RELIANCE.NS to storage/features\RELIANCE_NS.parquet | ticker=RELIANCE.NS
[2026-07-23 14:50:29,828] INFO    - [indicators:289 ] - Computing technical indicators across all categories...
[2026-07-23 14:50:29,968] INFO    - [indicators:305 ] - Successfully computed 59 indicator columns.
[2026-07-23 14:50:29,987] INFO    - [feature_store:55] - Successfully loaded 79 features for RELIANCE.NS | ticker=RELIANCE.NS
[2026-07-23 14:50:30,030] INFO    - [feature_store:142] - Saved Feature Store for RELIANCE.NS to storage/features\RELIANCE_NS.parquet | ticker=RELIANCE.NS
[2026-07-23 14:50:30,032] INFO    - [candlestick:169] - Computing price action returns and candlestick patterns...
[2026-07-23 14:50:30,196] INFO    - [candlestick:184] - Successfully computed 15 price action / pattern columns.
[2026-07-23 14:50:30,209] INFO    - [feature_store:55] - Successfully loaded 79 features for RELIANCE.NS | ticker=RELIANCE.NS
[2026-07-23 14:50:30,249] INFO    - [feature_store:142] - Saved Feature Store for RELIANCE.NS to storage/features\RELIANCE_NS.parquet | ticker=RELIANCE.NS
[2026-07-23 14:50:30,310] INFO    - [vix_analysis:42] - India VIX: 15.00 (Percentile: 100.0%, Regime: Normal)
[2026-07-23 14:50:30,844] INFO    - [chart_data:31  ] - Constructing client visualization payload...
[2026-07-23 14:50:30,990] WARNING - [gemini_client:43] - Gemini Client uninitialized (missing API Key). Routing to fallback generation.
[2026-07-23 14:50:30,991] INFO    - [gemini_client:184] - Generated graceful fallback report for RELIANCE.NS in 1.0ms
[2026-07-23 14:50:30,993] INFO    - [cache:68       ] - Cached new LLM analysis report for RELIANCE.NS (1d)
[2026-07-23 14:50:30,996] INFO    - [analysis:362   ] - Completed deterministic analysis for RELIANCE.NS in 1281.3ms | ticker=RELIANCE.NS execution_time=1281.30ms
[2026-07-23 14:50:31,046] INFO    - [analysis:158   ] - Normalized ticker input: TCS.NS -> TCS.NS | ticker=TCS.NS
[2026-07-23 14:50:31,058] INFO    - [feature_store:55] - Successfully loaded 79 features for TCS.NS | ticker=TCS.NS
[2026-07-23 14:50:31,077] INFO    - [feature_store:142] - Saved Feature Store for TCS.NS to storage/features\TCS_NS.parquet | ticker=TCS.NS
[2026-07-23 14:50:31,077] INFO    - [indicators:289 ] - Computing technical indicators across all categories...
[2026-07-23 14:50:31,152] INFO    - [indicators:305 ] - Successfully computed 59 indicator columns.
[2026-07-23 14:50:31,160] INFO    - [feature_store:55] - Successfully loaded 79 features for TCS.NS | ticker=TCS.NS
[2026-07-23 14:50:31,176] INFO    - [feature_store:142] - Saved Feature Store for TCS.NS to storage/features\TCS_NS.parquet | ticker=TCS.NS
[2026-07-23 14:50:31,177] INFO    - [candlestick:169] - Computing price action returns and candlestick patterns...
[2026-07-23 14:50:31,203] INFO    - [candlestick:184] - Successfully computed 15 price action / pattern columns.
[2026-07-23 14:50:31,212] INFO    - [feature_store:55] - Successfully loaded 79 features for TCS.NS | ticker=TCS.NS
[2026-07-23 14:50:31,233] INFO    - [feature_store:142] - Saved Feature Store for TCS.NS to storage/features\TCS_NS.parquet | ticker=TCS.NS
[2026-07-23 14:50:31,243] INFO    - [vix_analysis:42] - India VIX: 15.00 (Percentile: 100.0%, Regime: Normal)
[2026-07-23 14:50:31,266] INFO    - [chart_data:31  ] - Constructing client visualization payload...
[2026-07-23 14:50:31,288] WARNING - [gemini_client:43] - Gemini Client uninitialized (missing API Key). Routing to fallback generation.
[2026-07-23 14:50:31,289] INFO    - [gemini_client:184] - Generated graceful fallback report for TCS.NS in 0.0ms
[2026-07-23 14:50:31,289] INFO    - [cache:68       ] - Cached new LLM analysis report for TCS.NS (1d)
[2026-07-23 14:50:31,291] INFO    - [analysis:362   ] - Completed deterministic analysis for TCS.NS in 241.3ms | ticker=TCS.NS execution_time=241.31ms
[2026-07-23 14:50:31,311] INFO    - [analysis:158   ] - Normalized ticker input: INV@LID -> INV@LID.NS | ticker=INV@LID.NS
[2026-07-23 14:50:31,312] ERROR   - [exceptions:44  ] - API Exception on /analyze/INV@LID: Invalid ticker symbol format: 'INV@LID'
[2026-07-23 14:50:31,323] INFO    - [analysis:158   ] - Normalized ticker input: INVALID_TICKER -> INVALID_TICKER.NS | ticker=INVALID_TICKER.NS
[2026-07-23 14:50:31,324] ERROR   - [exceptions:44  ] - API Exception on /analyze/INVALID_TICKER: Stock not found
[2026-07-23 14:50:31,341] INFO    - [analysis:158   ] - Normalized ticker input: RELIANCE.NS -> RELIANCE.NS | ticker=RELIANCE.NS
[2026-07-23 14:50:31,341] INFO    - [analysis:168   ] - Analysis cache HIT for RELIANCE.NS (1d)
[2026-07-23 14:50:31,962] INFO    - [analysis:158   ] - Normalized ticker input: TCS.NS -> TCS.NS | ticker=TCS.NS
[2026-07-23 14:50:31,963] INFO    - [analysis:168   ] - Analysis cache HIT for TCS.NS (1d)
[2026-07-23 14:50:32,182] ERROR   - [exceptions:44  ] - API Exception on /analyze: Maximum batch size exceeded. Please request at most 5 tickers at a time.
[2026-07-23 14:50:32,210] INFO    - [analysis:158   ] - Normalized ticker input: RELIANCE -> RELIANCE.NS | ticker=RELIANCE.NS
[2026-07-23 14:50:32,229] INFO    - [feature_store:55] - Successfully loaded 79 features for RELIANCE.NS | ticker=RELIANCE.NS
[2026-07-23 14:50:32,263] INFO    - [feature_store:142] - Saved Feature Store for RELIANCE.NS to storage/features\RELIANCE_NS.parquet | ticker=RELIANCE.NS
[2026-07-23 14:50:32,265] INFO    - [indicators:289 ] - Computing technical indicators across all categories...
[2026-07-23 14:50:32,417] INFO    - [indicators:305 ] - Successfully computed 59 indicator columns.
[2026-07-23 14:50:32,516] INFO    - [feature_store:55] - Successfully loaded 79 features for RELIANCE.NS | ticker=RELIANCE.NS
[2026-07-23 14:50:32,557] INFO    - [feature_store:142] - Saved Feature Store for RELIANCE.NS to storage/features\RELIANCE_NS.parquet | ticker=RELIANCE.NS
[2026-07-23 14:50:32,559] INFO    - [candlestick:169] - Computing price action returns and candlestick patterns...
[2026-07-23 14:50:32,751] INFO    - [candlestick:184] - Successfully computed 15 price action / pattern columns.
[2026-07-23 14:50:32,768] INFO    - [feature_store:55] - Successfully loaded 79 features for RELIANCE.NS | ticker=RELIANCE.NS
[2026-07-23 14:50:32,810] INFO    - [feature_store:142] - Saved Feature Store for RELIANCE.NS to storage/features\RELIANCE_NS.parquet | ticker=RELIANCE.NS
[2026-07-23 14:50:32,898] INFO    - [vix_analysis:42] - India VIX: 15.00 (Percentile: 100.0%, Regime: Normal)
[2026-07-23 14:50:33,460] INFO    - [chart_data:31  ] - Constructing client visualization payload...
[2026-07-23 14:50:33,633] WARNING - [gemini_client:43] - Gemini Client uninitialized (missing API Key). Routing to fallback generation.
[2026-07-23 14:50:33,634] INFO    - [gemini_client:184] - Generated graceful fallback report for RELIANCE.NS in 1.0ms
[2026-07-23 14:50:33,635] INFO    - [cache:68       ] - Cached new LLM analysis report for RELIANCE.NS (5m)
[2026-07-23 14:50:33,636] INFO    - [analysis:362   ] - Completed deterministic analysis for RELIANCE.NS in 1420.1ms | ticker=RELIANCE.NS execution_time=1420.11ms
[2026-07-23 14:50:33,677] INFO    - [cache:151      ] - Cached data saved for ticker TEST_STOCK (1d) | ticker=TEST_STOCK
[2026-07-23 14:50:33,683] INFO    - [cache:123      ] - Cache HIT for ticker TEST_STOCK (1d) | ticker=TEST_STOCK
[2026-07-23 14:50:33,695] INFO    - [cache:151      ] - Cached data saved for ticker TEST_VALIDITY (1d) | ticker=TEST_VALIDITY
[2026-07-23 14:50:33,729] INFO    - [downloader:73  ] - Successfully cleaned and validated data for TEST_TICKER. Rows: 4 | ticker=TEST_TICKER
[2026-07-23 14:50:33,734] INFO    - [downloader:103 ] - Downloading ticker data from yfinance: RELIANCE.NS (Interval: 1d, Period: 2y) | ticker=RELIANCE.NS
[2026-07-23 14:50:33,741] INFO    - [downloader:73  ] - Successfully cleaned and validated data for RELIANCE.NS. Rows: 3 | ticker=RELIANCE.NS
[2026-07-23 14:50:33,787] INFO    - [feature_store:142] - Saved Feature Store for RELIANCE_TEST to storage/test_features\RELIANCE_TEST.parquet | ticker=RELIANCE_TEST
[2026-07-23 14:50:33,793] INFO    - [feature_store:55] - Successfully loaded 2 features for RELIANCE_TEST | ticker=RELIANCE_TEST
[2026-07-23 14:50:33,809] INFO    - [feature_store:35] - No features Parquet file found for INFY_TEST at storage/test_features\INFY_TEST.parquet | ticker=INFY_TEST
[2026-07-23 14:50:33,810] INFO    - [feature_store:156] - Initializing new Feature Store for INFY_TEST during raw_ohlc | ticker=INFY_TEST
[2026-07-23 14:50:33,814] INFO    - [feature_store:142] - Saved Feature Store for INFY_TEST to storage/test_features\INFY_TEST.parquet | ticker=INFY_TEST
[2026-07-23 14:50:33,820] INFO    - [feature_store:55] - Successfully loaded 2 features for INFY_TEST | ticker=INFY_TEST
[2026-07-23 14:50:33,827] INFO    - [feature_store:142] - Saved Feature Store for INFY_TEST to storage/test_features\INFY_TEST.parquet | ticker=INFY_TEST
[2026-07-23 14:50:33,912] INFO    - [indicators:289 ] - Computing technical indicators across all categories...
[2026-07-23 14:50:34,037] INFO    - [indicators:305 ] - Successfully computed 53 indicator columns.
[2026-07-23 14:50:34,037] INFO    - [candlestick:169] - Computing price action returns and candlestick patterns...
[2026-07-23 14:50:34,072] INFO    - [candlestick:184] - Successfully computed 15 price action / pattern columns.
[2026-07-23 14:50:34,084] INFO    - [cache:68       ] - Cached new LLM analysis report for RELIANCE.NS (1d)
[2026-07-23 14:50:34,084] INFO    - [cache:51       ] - LLM cache HIT for RELIANCE.NS (1d)
[2026-07-23 14:50:34,085] INFO    - [cache:48       ] - LLM cache INVALIDATED for RELIANCE.NS (1d) due to quantitative change.
[2026-07-23 14:50:34,090] WARNING - [gemini_client:43] - Gemini Client uninitialized (missing API Key). Routing to fallback generation.
[2026-07-23 14:50:34,091] INFO    - [gemini_client:184] - Generated graceful fallback report for RELIANCE.NS in 0.5ms
[2026-07-23 14:50:34,097] INFO    - [market_downloader:28] - Market index cache miss for ^NSEI. Downloading... | ticker=^NSEI
[2026-07-23 14:50:34,101] INFO    - [cache:151      ] - Cached data saved for ticker ^NSEI (1d) | ticker=^NSEI
[2026-07-23 14:50:34,106] INFO    - [cache:123      ] - Cache HIT for ticker ^NSEI (1d) | ticker=^NSEI
[2026-07-23 14:50:34,139] INFO    - [analysis:158   ] - Normalized ticker input: RELIANCE.NS -> RELIANCE.NS | ticker=RELIANCE.NS
[2026-07-23 14:50:34,161] INFO    - [cache:123      ] - Cache HIT for ticker RELIANCE.NS (1h) | ticker=RELIANCE.NS
[2026-07-23 14:50:34,179] INFO    - [feature_store:55] - Successfully loaded 79 features for RELIANCE.NS | ticker=RELIANCE.NS
[2026-07-23 14:50:34,227] INFO    - [feature_store:142] - Saved Feature Store for RELIANCE.NS to storage/features\RELIANCE_NS.parquet | ticker=RELIANCE.NS
[2026-07-23 14:50:34,229] INFO    - [indicators:289 ] - Computing technical indicators across all categories...
[2026-07-23 14:50:34,390] INFO    - [indicators:305 ] - Successfully computed 59 indicator columns.
[2026-07-23 14:50:34,406] INFO    - [feature_store:55] - Successfully loaded 79 features for RELIANCE.NS | ticker=RELIANCE.NS
[2026-07-23 14:50:34,514] INFO    - [feature_store:142] - Saved Feature Store for RELIANCE.NS to storage/features\RELIANCE_NS.parquet | ticker=RELIANCE.NS
[2026-07-23 14:50:34,526] INFO    - [candlestick:169] - Computing price action returns and candlestick patterns...
[2026-07-23 14:50:34,784] INFO    - [candlestick:184] - Successfully computed 15 price action / pattern columns.
[2026-07-23 14:50:34,803] INFO    - [feature_store:55] - Successfully loaded 79 features for RELIANCE.NS | ticker=RELIANCE.NS
[2026-07-23 14:50:34,883] INFO    - [feature_store:142] - Saved Feature Store for RELIANCE.NS to storage/features\RELIANCE_NS.parquet | ticker=RELIANCE.NS
[2026-07-23 14:50:34,967] INFO    - [cache:123      ] - Cache HIT for ticker ^NSEI (1d) | ticker=^NSEI
[2026-07-23 14:50:34,976] INFO    - [cache:123      ] - Cache HIT for ticker ^NSEBANK (1d) | ticker=^NSEBANK
[2026-07-23 14:50:34,986] INFO    - [cache:123      ] - Cache HIT for ticker ^INDIAVIX (1d) | ticker=^INDIAVIX
[2026-07-23 14:50:34,994] INFO    - [cache:123      ] - Cache HIT for ticker ^CNXENERGY (1d) | ticker=^CNXENERGY
[2026-07-23 14:50:34,998] INFO    - [vix_analysis:42] - India VIX: 13.63 (Percentile: 68.0%, Regime: Normal)
[2026-07-23 14:50:35,186] INFO    - [chart_data:31  ] - Constructing client visualization payload...
[2026-07-23 14:50:35,484] WARNING - [gemini_client:43] - Gemini Client uninitialized (missing API Key). Routing to fallback generation.
[2026-07-23 14:50:35,485] INFO    - [gemini_client:184] - Generated graceful fallback report for RELIANCE.NS in 1.0ms
[2026-07-23 14:50:35,485] INFO    - [cache:68       ] - Cached new LLM analysis report for RELIANCE.NS (1h)
[2026-07-23 14:50:35,487] INFO    - [analysis:362   ] - Completed deterministic analysis for RELIANCE.NS in 1341.9ms | ticker=RELIANCE.NS execution_time=1341.88ms
[2026-07-23 14:50:35,623] INFO    - [analysis:158   ] - Normalized ticker input: RELIANCE.NS -> RELIANCE.NS | ticker=RELIANCE.NS
[2026-07-23 14:50:35,624] INFO    - [downloader:103 ] - Downloading ticker data from yfinance: RELIANCE.NS (Interval: invalid_tf, Period: 5y) | ticker=RELIANCE.NS
[2026-07-23 14:50:36,445] WARNING - [downloader:27  ] - Downloaded empty DataFrame for RELIANCE.NS | ticker=RELIANCE.NS
[2026-07-23 14:50:36,446] WARNING - [cache:132      ] - Attempted to cache empty DataFrame for RELIANCE.NS | ticker=RELIANCE.NS
[2026-07-23 14:50:36,446] ERROR   - [exceptions:44  ] - API Exception on /analyze/RELIANCE.NS: Stock not found
[2026-07-23 14:50:36,493] INFO    - [chart_data:31  ] - Constructing client visualization payload...
[2026-07-23 14:50:36,499] INFO    - [vix_analysis:42] - India VIX: 11.80 (Percentile: 66.7%, Regime: Low)
[2026-07-23 14:50:36,501] INFO    - [vix_analysis:42] - India VIX: 14.80 (Percentile: 66.7%, Regime: Normal)
[2026-07-23 14:50:36,502] INFO    - [vix_analysis:42] - India VIX: 22.00 (Percentile: 100.0%, Regime: Elevated)
[2026-07-23 14:50:36,503] INFO    - [vix_analysis:42] - India VIX: 29.50 (Percentile: 66.7%, Regime: Extreme)
[2026-07-23 14:50:36,527] INFO    - [chart_data:31  ] - Constructing client visualization payload...
[2026-07-23 15:00:29,935] INFO    - [analysis:158   ] - Normalized ticker input: RELIANCE -> RELIANCE.NS | ticker=RELIANCE.NS
[2026-07-23 15:00:29,995] INFO    - [feature_store:55] - Successfully loaded 79 features for RELIANCE.NS | ticker=RELIANCE.NS
[2026-07-23 15:00:30,050] INFO    - [feature_store:142] - Saved Feature Store for RELIANCE.NS to storage/features\RELIANCE_NS.parquet | ticker=RELIANCE.NS
[2026-07-23 15:00:30,051] INFO    - [indicators:289 ] - Computing technical indicators across all categories...
[2026-07-23 15:00:30,193] INFO    - [indicators:305 ] - Successfully computed 59 indicator columns.
[2026-07-23 15:00:30,249] INFO    - [feature_store:55] - Successfully loaded 79 features for RELIANCE.NS | ticker=RELIANCE.NS
[2026-07-23 15:00:30,313] INFO    - [feature_store:142] - Saved Feature Store for RELIANCE.NS to storage/features\RELIANCE_NS.parquet | ticker=RELIANCE.NS
[2026-07-23 15:00:30,315] INFO    - [candlestick:169] - Computing price action returns and candlestick patterns...
[2026-07-23 15:00:30,558] INFO    - [candlestick:184] - Successfully computed 15 price action / pattern columns.
[2026-07-23 15:00:30,574] INFO    - [feature_store:55] - Successfully loaded 79 features for RELIANCE.NS | ticker=RELIANCE.NS
[2026-07-23 15:00:30,635] INFO    - [feature_store:142] - Saved Feature Store for RELIANCE.NS to storage/features\RELIANCE_NS.parquet | ticker=RELIANCE.NS
[2026-07-23 15:00:30,773] INFO    - [vix_analysis:42] - India VIX: 15.00 (Percentile: 100.0%, Regime: Normal)
[2026-07-23 15:00:31,476] INFO    - [chart_data:31  ] - Constructing client visualization payload...
[2026-07-23 15:00:31,701] WARNING - [gemini_client:43] - Gemini Client uninitialized (missing API Key). Routing to fallback generation.
[2026-07-23 15:00:31,702] INFO    - [gemini_client:184] - Generated graceful fallback report for RELIANCE.NS in 1.6ms
[2026-07-23 15:00:31,702] INFO    - [cache:68       ] - Cached new LLM analysis report for RELIANCE.NS (1d)
[2026-07-23 15:00:31,707] INFO    - [analysis:362   ] - Completed deterministic analysis for RELIANCE.NS in 1761.0ms | ticker=RELIANCE.NS execution_time=1761.01ms
[2026-07-23 15:00:31,779] INFO    - [analysis:158   ] - Normalized ticker input: TCS.NS -> TCS.NS | ticker=TCS.NS
[2026-07-23 15:00:31,797] INFO    - [feature_store:55] - Successfully loaded 79 features for TCS.NS | ticker=TCS.NS
[2026-07-23 15:00:31,826] INFO    - [feature_store:142] - Saved Feature Store for TCS.NS to storage/features\TCS_NS.parquet | ticker=TCS.NS
[2026-07-23 15:00:31,827] INFO    - [indicators:289 ] - Computing technical indicators across all categories...
[2026-07-23 15:00:31,956] INFO    - [indicators:305 ] - Successfully computed 59 indicator columns.
[2026-07-23 15:00:31,969] INFO    - [feature_store:55] - Successfully loaded 79 features for TCS.NS | ticker=TCS.NS
[2026-07-23 15:00:31,990] INFO    - [feature_store:142] - Saved Feature Store for TCS.NS to storage/features\TCS_NS.parquet | ticker=TCS.NS
[2026-07-23 15:00:31,991] INFO    - [candlestick:169] - Computing price action returns and candlestick patterns...
[2026-07-23 15:00:32,089] INFO    - [candlestick:184] - Successfully computed 15 price action / pattern columns.
[2026-07-23 15:00:32,099] INFO    - [feature_store:55] - Successfully loaded 79 features for TCS.NS | ticker=TCS.NS
[2026-07-23 15:00:32,119] INFO    - [feature_store:142] - Saved Feature Store for TCS.NS to storage/features\TCS_NS.parquet | ticker=TCS.NS
[2026-07-23 15:00:32,138] INFO    - [vix_analysis:42] - India VIX: 15.00 (Percentile: 100.0%, Regime: Normal)
[2026-07-23 15:00:32,334] INFO    - [chart_data:31  ] - Constructing client visualization payload...
[2026-07-23 15:00:32,434] WARNING - [gemini_client:43] - Gemini Client uninitialized (missing API Key). Routing to fallback generation.
[2026-07-23 15:00:32,436] INFO    - [gemini_client:184] - Generated graceful fallback report for TCS.NS in 2.0ms
[2026-07-23 15:00:32,437] INFO    - [cache:68       ] - Cached new LLM analysis report for TCS.NS (1d)
[2026-07-23 15:00:32,438] INFO    - [analysis:362   ] - Completed deterministic analysis for TCS.NS in 650.9ms | ticker=TCS.NS execution_time=650.90ms
[2026-07-23 15:00:32,468] INFO    - [analysis:158   ] - Normalized ticker input: INV@LID -> INV@LID.NS | ticker=INV@LID.NS
[2026-07-23 15:00:32,469] ERROR   - [exceptions:44  ] - API Exception on /analyze/INV@LID: Invalid ticker symbol format: 'INV@LID'
[2026-07-23 15:00:32,484] INFO    - [analysis:158   ] - Normalized ticker input: INVALID_TICKER -> INVALID_TICKER.NS | ticker=INVALID_TICKER.NS
[2026-07-23 15:00:32,484] ERROR   - [exceptions:44  ] - API Exception on /analyze/INVALID_TICKER: Stock not found
[2026-07-23 15:00:32,502] INFO    - [analysis:158   ] - Normalized ticker input: RELIANCE.NS -> RELIANCE.NS | ticker=RELIANCE.NS
[2026-07-23 15:00:32,502] INFO    - [analysis:168   ] - Analysis cache HIT for RELIANCE.NS (1d)
[2026-07-23 15:00:33,905] INFO    - [analysis:158   ] - Normalized ticker input: TCS.NS -> TCS.NS | ticker=TCS.NS
[2026-07-23 15:00:33,906] INFO    - [analysis:168   ] - Analysis cache HIT for TCS.NS (1d)
[2026-07-23 15:00:34,211] ERROR   - [exceptions:44  ] - API Exception on /analyze: Maximum batch size exceeded. Please request at most 5 tickers at a time.
[2026-07-23 15:00:34,235] INFO    - [analysis:158   ] - Normalized ticker input: RELIANCE -> RELIANCE.NS | ticker=RELIANCE.NS
[2026-07-23 15:00:34,256] INFO    - [feature_store:55] - Successfully loaded 79 features for RELIANCE.NS | ticker=RELIANCE.NS
[2026-07-23 15:00:34,307] INFO    - [feature_store:142] - Saved Feature Store for RELIANCE.NS to storage/features\RELIANCE_NS.parquet | ticker=RELIANCE.NS
[2026-07-23 15:00:34,308] INFO    - [indicators:289 ] - Computing technical indicators across all categories...
[2026-07-23 15:00:34,516] INFO    - [indicators:305 ] - Successfully computed 59 indicator columns.
[2026-07-23 15:00:34,538] INFO    - [feature_store:55] - Successfully loaded 79 features for RELIANCE.NS | ticker=RELIANCE.NS
[2026-07-23 15:00:34,585] INFO    - [feature_store:142] - Saved Feature Store for RELIANCE.NS to storage/features\RELIANCE_NS.parquet | ticker=RELIANCE.NS
[2026-07-23 15:00:34,586] INFO    - [candlestick:169] - Computing price action returns and candlestick patterns...
[2026-07-23 15:00:34,838] INFO    - [candlestick:184] - Successfully computed 15 price action / pattern columns.
[2026-07-23 15:00:34,857] INFO    - [feature_store:55] - Successfully loaded 79 features for RELIANCE.NS | ticker=RELIANCE.NS
[2026-07-23 15:00:34,896] INFO    - [feature_store:142] - Saved Feature Store for RELIANCE.NS to storage/features\RELIANCE_NS.parquet | ticker=RELIANCE.NS
[2026-07-23 15:00:34,978] INFO    - [vix_analysis:42] - India VIX: 15.00 (Percentile: 100.0%, Regime: Normal)
[2026-07-23 15:00:35,786] INFO    - [chart_data:31  ] - Constructing client visualization payload...
[2026-07-23 15:00:35,990] WARNING - [gemini_client:43] - Gemini Client uninitialized (missing API Key). Routing to fallback generation.
[2026-07-23 15:00:35,991] INFO    - [gemini_client:184] - Generated graceful fallback report for RELIANCE.NS in 0.0ms
[2026-07-23 15:00:35,991] INFO    - [cache:68       ] - Cached new LLM analysis report for RELIANCE.NS (5m)
[2026-07-23 15:00:35,992] INFO    - [analysis:362   ] - Completed deterministic analysis for RELIANCE.NS in 1750.8ms | ticker=RELIANCE.NS execution_time=1750.75ms
[2026-07-23 15:00:36,033] INFO    - [cache:151      ] - Cached data saved for ticker TEST_STOCK (1d) | ticker=TEST_STOCK
[2026-07-23 15:00:36,040] INFO    - [cache:123      ] - Cache HIT for ticker TEST_STOCK (1d) | ticker=TEST_STOCK
[2026-07-23 15:00:36,049] INFO    - [cache:151      ] - Cached data saved for ticker TEST_VALIDITY (1d) | ticker=TEST_VALIDITY
[2026-07-23 15:00:36,080] INFO    - [downloader:73  ] - Successfully cleaned and validated data for TEST_TICKER. Rows: 4 | ticker=TEST_TICKER
[2026-07-23 15:00:36,085] INFO    - [downloader:103 ] - Downloading ticker data from yfinance: RELIANCE.NS (Interval: 1d, Period: 2y) | ticker=RELIANCE.NS
[2026-07-23 15:00:36,092] INFO    - [downloader:73  ] - Successfully cleaned and validated data for RELIANCE.NS. Rows: 3 | ticker=RELIANCE.NS
[2026-07-23 15:00:36,137] INFO    - [feature_store:142] - Saved Feature Store for RELIANCE_TEST to storage/test_features\RELIANCE_TEST.parquet | ticker=RELIANCE_TEST
[2026-07-23 15:00:36,141] INFO    - [feature_store:55] - Successfully loaded 2 features for RELIANCE_TEST | ticker=RELIANCE_TEST
[2026-07-23 15:00:36,149] INFO    - [feature_store:35] - No features Parquet file found for INFY_TEST at storage/test_features\INFY_TEST.parquet | ticker=INFY_TEST
[2026-07-23 15:00:36,150] INFO    - [feature_store:156] - Initializing new Feature Store for INFY_TEST during raw_ohlc | ticker=INFY_TEST
[2026-07-23 15:00:36,153] INFO    - [feature_store:142] - Saved Feature Store for INFY_TEST to storage/test_features\INFY_TEST.parquet | ticker=INFY_TEST
[2026-07-23 15:00:36,158] INFO    - [feature_store:55] - Successfully loaded 2 features for INFY_TEST | ticker=INFY_TEST
[2026-07-23 15:00:36,164] INFO    - [feature_store:142] - Saved Feature Store for INFY_TEST to storage/test_features\INFY_TEST.parquet | ticker=INFY_TEST
[2026-07-23 15:00:36,234] INFO    - [indicators:289 ] - Computing technical indicators across all categories...
[2026-07-23 15:00:36,318] INFO    - [indicators:305 ] - Successfully computed 53 indicator columns.
[2026-07-23 15:00:36,348] INFO    - [candlestick:169] - Computing price action returns and candlestick patterns...
[2026-07-23 15:00:36,371] INFO    - [candlestick:184] - Successfully computed 15 price action / pattern columns.
[2026-07-23 15:00:36,381] INFO    - [cache:68       ] - Cached new LLM analysis report for RELIANCE.NS (1d)
[2026-07-23 15:00:36,382] INFO    - [cache:51       ] - LLM cache HIT for RELIANCE.NS (1d)
[2026-07-23 15:00:36,382] INFO    - [cache:48       ] - LLM cache INVALIDATED for RELIANCE.NS (1d) due to quantitative change.
[2026-07-23 15:00:36,386] WARNING - [gemini_client:43] - Gemini Client uninitialized (missing API Key). Routing to fallback generation.
[2026-07-23 15:00:36,386] INFO    - [gemini_client:184] - Generated graceful fallback report for RELIANCE.NS in 0.0ms
[2026-07-23 15:00:36,392] INFO    - [market_downloader:28] - Market index cache miss for ^NSEI. Downloading... | ticker=^NSEI
[2026-07-23 15:00:36,395] INFO    - [cache:151      ] - Cached data saved for ticker ^NSEI (1d) | ticker=^NSEI
[2026-07-23 15:00:36,400] INFO    - [cache:123      ] - Cache HIT for ticker ^NSEI (1d) | ticker=^NSEI
[2026-07-23 15:00:36,428] INFO    - [analysis:158   ] - Normalized ticker input: RELIANCE.NS -> RELIANCE.NS | ticker=RELIANCE.NS
[2026-07-23 15:00:36,446] INFO    - [cache:123      ] - Cache HIT for ticker RELIANCE.NS (1h) | ticker=RELIANCE.NS
[2026-07-23 15:00:36,465] INFO    - [feature_store:55] - Successfully loaded 79 features for RELIANCE.NS | ticker=RELIANCE.NS
[2026-07-23 15:00:36,510] INFO    - [feature_store:142] - Saved Feature Store for RELIANCE.NS to storage/features\RELIANCE_NS.parquet | ticker=RELIANCE.NS
[2026-07-23 15:00:36,512] INFO    - [indicators:289 ] - Computing technical indicators across all categories...
[2026-07-23 15:00:36,742] INFO    - [indicators:305 ] - Successfully computed 59 indicator columns.
[2026-07-23 15:00:36,777] INFO    - [feature_store:55] - Successfully loaded 79 features for RELIANCE.NS | ticker=RELIANCE.NS
[2026-07-23 15:00:36,907] INFO    - [feature_store:142] - Saved Feature Store for RELIANCE.NS to storage/features\RELIANCE_NS.parquet | ticker=RELIANCE.NS
[2026-07-23 15:00:36,913] INFO    - [candlestick:169] - Computing price action returns and candlestick patterns...
[2026-07-23 15:00:37,299] INFO    - [candlestick:184] - Successfully computed 15 price action / pattern columns.
[2026-07-23 15:00:37,341] INFO    - [feature_store:55] - Successfully loaded 79 features for RELIANCE.NS | ticker=RELIANCE.NS
[2026-07-23 15:00:37,404] INFO    - [feature_store:142] - Saved Feature Store for RELIANCE.NS to storage/features\RELIANCE_NS.parquet | ticker=RELIANCE.NS
[2026-07-23 15:00:37,464] INFO    - [cache:123      ] - Cache HIT for ticker ^NSEI (1d) | ticker=^NSEI
[2026-07-23 15:00:37,470] INFO    - [cache:123      ] - Cache HIT for ticker ^NSEBANK (1d) | ticker=^NSEBANK
[2026-07-23 15:00:37,478] INFO    - [cache:123      ] - Cache HIT for ticker ^INDIAVIX (1d) | ticker=^INDIAVIX
[2026-07-23 15:00:37,485] INFO    - [cache:123      ] - Cache HIT for ticker ^CNXENERGY (1d) | ticker=^CNXENERGY
[2026-07-23 15:00:37,488] INFO    - [vix_analysis:42] - India VIX: 13.63 (Percentile: 68.0%, Regime: Normal)
[2026-07-23 15:00:37,774] INFO    - [chart_data:31  ] - Constructing client visualization payload...
[2026-07-23 15:00:38,114] WARNING - [gemini_client:43] - Gemini Client uninitialized (missing API Key). Routing to fallback generation.
[2026-07-23 15:00:38,115] INFO    - [gemini_client:184] - Generated graceful fallback report for RELIANCE.NS in 1.0ms
[2026-07-23 15:00:38,116] INFO    - [cache:68       ] - Cached new LLM analysis report for RELIANCE.NS (1h)
[2026-07-23 15:00:38,118] INFO    - [analysis:362   ] - Completed deterministic analysis for RELIANCE.NS in 1677.4ms | ticker=RELIANCE.NS execution_time=1677.43ms
[2026-07-23 15:00:38,238] INFO    - [analysis:158   ] - Normalized ticker input: RELIANCE.NS -> RELIANCE.NS | ticker=RELIANCE.NS
[2026-07-23 15:00:38,238] INFO    - [downloader:103 ] - Downloading ticker data from yfinance: RELIANCE.NS (Interval: invalid_tf, Period: 5y) | ticker=RELIANCE.NS
[2026-07-23 15:00:39,377] WARNING - [downloader:27  ] - Downloaded empty DataFrame for RELIANCE.NS | ticker=RELIANCE.NS
[2026-07-23 15:00:39,378] WARNING - [cache:132      ] - Attempted to cache empty DataFrame for RELIANCE.NS | ticker=RELIANCE.NS
[2026-07-23 15:00:39,378] ERROR   - [exceptions:44  ] - API Exception on /analyze/RELIANCE.NS: Stock not found
[2026-07-23 15:00:39,421] INFO    - [chart_data:31  ] - Constructing client visualization payload...
[2026-07-23 15:00:39,426] INFO    - [vix_analysis:42] - India VIX: 11.80 (Percentile: 66.7%, Regime: Low)
[2026-07-23 15:00:39,428] INFO    - [vix_analysis:42] - India VIX: 14.80 (Percentile: 66.7%, Regime: Normal)
[2026-07-23 15:00:39,429] INFO    - [vix_analysis:42] - India VIX: 22.00 (Percentile: 100.0%, Regime: Elevated)
[2026-07-23 15:00:39,430] INFO    - [vix_analysis:42] - India VIX: 29.50 (Percentile: 66.7%, Regime: Extreme)
[2026-07-23 15:00:39,450] INFO    - [chart_data:31  ] - Constructing client visualization payload...
[2026-07-23 15:05:50,880] INFO    - [analysis:158   ] - Normalized ticker input: RELIANCE -> RELIANCE.NS | ticker=RELIANCE.NS
[2026-07-23 15:05:50,961] INFO    - [feature_store:55] - Successfully loaded 79 features for RELIANCE.NS | ticker=RELIANCE.NS
[2026-07-23 15:05:51,027] INFO    - [feature_store:142] - Saved Feature Store for RELIANCE.NS to storage/features\RELIANCE_NS.parquet | ticker=RELIANCE.NS
[2026-07-23 15:05:51,030] INFO    - [indicators:289 ] - Computing technical indicators across all categories...
[2026-07-23 15:05:51,319] INFO    - [indicators:305 ] - Successfully computed 59 indicator columns.
[2026-07-23 15:05:51,351] INFO    - [feature_store:55] - Successfully loaded 79 features for RELIANCE.NS | ticker=RELIANCE.NS
[2026-07-23 15:05:51,414] INFO    - [feature_store:142] - Saved Feature Store for RELIANCE.NS to storage/features\RELIANCE_NS.parquet | ticker=RELIANCE.NS
[2026-07-23 15:05:51,415] INFO    - [candlestick:169] - Computing price action returns and candlestick patterns...
[2026-07-23 15:05:51,739] INFO    - [candlestick:184] - Successfully computed 15 price action / pattern columns.
[2026-07-23 15:05:51,759] INFO    - [feature_store:55] - Successfully loaded 79 features for RELIANCE.NS | ticker=RELIANCE.NS
[2026-07-23 15:05:51,807] INFO    - [feature_store:142] - Saved Feature Store for RELIANCE.NS to storage/features\RELIANCE_NS.parquet | ticker=RELIANCE.NS
[2026-07-23 15:05:51,891] INFO    - [vix_analysis:42] - India VIX: 15.00 (Percentile: 100.0%, Regime: Normal)
[2026-07-23 15:05:52,638] INFO    - [chart_data:31  ] - Constructing client visualization payload...
[2026-07-23 15:05:52,863] WARNING - [gemini_client:43] - Gemini Client uninitialized (missing API Key). Routing to fallback generation.
[2026-07-23 15:05:52,863] INFO    - [gemini_client:184] - Generated graceful fallback report for RELIANCE.NS in 0.0ms
[2026-07-23 15:05:52,864] INFO    - [cache:68       ] - Cached new LLM analysis report for RELIANCE.NS (1d)
[2026-07-23 15:05:52,869] INFO    - [analysis:362   ] - Completed deterministic analysis for RELIANCE.NS in 1975.1ms | ticker=RELIANCE.NS execution_time=1975.14ms
[2026-07-23 15:05:52,919] INFO    - [analysis:158   ] - Normalized ticker input: TCS.NS -> TCS.NS | ticker=TCS.NS
[2026-07-23 15:05:52,933] INFO    - [feature_store:55] - Successfully loaded 79 features for TCS.NS | ticker=TCS.NS
[2026-07-23 15:05:52,967] INFO    - [feature_store:142] - Saved Feature Store for TCS.NS to storage/features\TCS_NS.parquet | ticker=TCS.NS
[2026-07-23 15:05:52,968] INFO    - [indicators:289 ] - Computing technical indicators across all categories...
[2026-07-23 15:05:53,104] INFO    - [indicators:305 ] - Successfully computed 59 indicator columns.
[2026-07-23 15:05:53,123] INFO    - [feature_store:55] - Successfully loaded 79 features for TCS.NS | ticker=TCS.NS
[2026-07-23 15:05:53,243] INFO    - [feature_store:142] - Saved Feature Store for TCS.NS to storage/features\TCS_NS.parquet | ticker=TCS.NS
[2026-07-23 15:05:53,243] INFO    - [candlestick:169] - Computing price action returns and candlestick patterns...
[2026-07-23 15:05:53,338] INFO    - [candlestick:184] - Successfully computed 15 price action / pattern columns.
[2026-07-23 15:05:53,354] INFO    - [feature_store:55] - Successfully loaded 79 features for TCS.NS | ticker=TCS.NS
[2026-07-23 15:05:53,382] INFO    - [feature_store:142] - Saved Feature Store for TCS.NS to storage/features\TCS_NS.parquet | ticker=TCS.NS
[2026-07-23 15:05:53,408] INFO    - [vix_analysis:42] - India VIX: 15.00 (Percentile: 100.0%, Regime: Normal)
[2026-07-23 15:05:53,558] INFO    - [chart_data:31  ] - Constructing client visualization payload...
[2026-07-23 15:05:53,642] WARNING - [gemini_client:43] - Gemini Client uninitialized (missing API Key). Routing to fallback generation.
[2026-07-23 15:05:53,643] INFO    - [gemini_client:184] - Generated graceful fallback report for TCS.NS in 1.0ms
[2026-07-23 15:05:53,644] INFO    - [cache:68       ] - Cached new LLM analysis report for TCS.NS (1d)
[2026-07-23 15:05:53,645] INFO    - [analysis:362   ] - Completed deterministic analysis for TCS.NS in 720.0ms | ticker=TCS.NS execution_time=719.96ms
[2026-07-23 15:05:53,668] INFO    - [analysis:158   ] - Normalized ticker input: INV@LID -> INV@LID.NS | ticker=INV@LID.NS
[2026-07-23 15:05:53,669] ERROR   - [exceptions:44  ] - API Exception on /analyze/INV@LID: Invalid ticker symbol format: 'INV@LID'
[2026-07-23 15:05:53,682] INFO    - [analysis:158   ] - Normalized ticker input: INVALID_TICKER -> INVALID_TICKER.NS | ticker=INVALID_TICKER.NS
[2026-07-23 15:05:53,684] ERROR   - [exceptions:44  ] - API Exception on /analyze/INVALID_TICKER: Stock not found
[2026-07-23 15:05:53,700] INFO    - [analysis:158   ] - Normalized ticker input: RELIANCE.NS -> RELIANCE.NS | ticker=RELIANCE.NS
[2026-07-23 15:05:53,701] INFO    - [analysis:168   ] - Analysis cache HIT for RELIANCE.NS (1d)
[2026-07-23 15:05:54,485] INFO    - [analysis:158   ] - Normalized ticker input: TCS.NS -> TCS.NS | ticker=TCS.NS
[2026-07-23 15:05:54,486] INFO    - [analysis:168   ] - Analysis cache HIT for TCS.NS (1d)
[2026-07-23 15:05:54,668] ERROR   - [exceptions:44  ] - API Exception on /analyze: Maximum batch size exceeded. Please request at most 5 tickers at a time.
[2026-07-23 15:05:54,691] INFO    - [analysis:158   ] - Normalized ticker input: RELIANCE -> RELIANCE.NS | ticker=RELIANCE.NS
[2026-07-23 15:05:54,738] INFO    - [feature_store:55] - Successfully loaded 79 features for RELIANCE.NS | ticker=RELIANCE.NS
[2026-07-23 15:05:54,779] INFO    - [feature_store:142] - Saved Feature Store for RELIANCE.NS to storage/features\RELIANCE_NS.parquet | ticker=RELIANCE.NS
[2026-07-23 15:05:54,780] INFO    - [indicators:289 ] - Computing technical indicators across all categories...
[2026-07-23 15:05:54,941] INFO    - [indicators:305 ] - Successfully computed 59 indicator columns.
[2026-07-23 15:05:54,956] INFO    - [feature_store:55] - Successfully loaded 79 features for RELIANCE.NS | ticker=RELIANCE.NS
[2026-07-23 15:05:55,007] INFO    - [feature_store:142] - Saved Feature Store for RELIANCE.NS to storage/features\RELIANCE_NS.parquet | ticker=RELIANCE.NS
[2026-07-23 15:05:55,010] INFO    - [candlestick:169] - Computing price action returns and candlestick patterns...
[2026-07-23 15:05:55,205] INFO    - [candlestick:184] - Successfully computed 15 price action / pattern columns.
[2026-07-23 15:05:55,218] INFO    - [feature_store:55] - Successfully loaded 79 features for RELIANCE.NS | ticker=RELIANCE.NS
[2026-07-23 15:05:55,260] INFO    - [feature_store:142] - Saved Feature Store for RELIANCE.NS to storage/features\RELIANCE_NS.parquet | ticker=RELIANCE.NS
[2026-07-23 15:05:55,322] INFO    - [vix_analysis:42] - India VIX: 15.00 (Percentile: 100.0%, Regime: Normal)
[2026-07-23 15:05:55,935] INFO    - [chart_data:31  ] - Constructing client visualization payload...
[2026-07-23 15:05:56,092] WARNING - [gemini_client:43] - Gemini Client uninitialized (missing API Key). Routing to fallback generation.
[2026-07-23 15:05:56,093] INFO    - [gemini_client:184] - Generated graceful fallback report for RELIANCE.NS in 1.0ms
[2026-07-23 15:05:56,094] INFO    - [cache:68       ] - Cached new LLM analysis report for RELIANCE.NS (5m)
[2026-07-23 15:05:56,095] INFO    - [analysis:362   ] - Completed deterministic analysis for RELIANCE.NS in 1368.8ms | ticker=RELIANCE.NS execution_time=1368.79ms
[2026-07-23 15:05:56,140] INFO    - [cache:151      ] - Cached data saved for ticker TEST_STOCK (1d) | ticker=TEST_STOCK
[2026-07-23 15:05:56,145] INFO    - [cache:123      ] - Cache HIT for ticker TEST_STOCK (1d) | ticker=TEST_STOCK
[2026-07-23 15:05:56,156] INFO    - [cache:151      ] - Cached data saved for ticker TEST_VALIDITY (1d) | ticker=TEST_VALIDITY
[2026-07-23 15:05:56,778] INFO    - [downloader:73  ] - Successfully cleaned and validated data for TEST_TICKER. Rows: 4 | ticker=TEST_TICKER
[2026-07-23 15:05:56,782] INFO    - [downloader:103 ] - Downloading ticker data from yfinance: RELIANCE.NS (Interval: 1d, Period: 2y) | ticker=RELIANCE.NS
[2026-07-23 15:05:56,788] INFO    - [downloader:73  ] - Successfully cleaned and validated data for RELIANCE.NS. Rows: 3 | ticker=RELIANCE.NS
[2026-07-23 15:05:56,798] INFO    - [feature_store:142] - Saved Feature Store for RELIANCE_TEST to storage/test_features\RELIANCE_TEST.parquet | ticker=RELIANCE_TEST
[2026-07-23 15:05:56,804] INFO    - [feature_store:55] - Successfully loaded 2 features for RELIANCE_TEST | ticker=RELIANCE_TEST
[2026-07-23 15:05:56,810] INFO    - [feature_store:35] - No features Parquet file found for INFY_TEST at storage/test_features\INFY_TEST.parquet | ticker=INFY_TEST
[2026-07-23 15:05:56,811] INFO    - [feature_store:156] - Initializing new Feature Store for INFY_TEST during raw_ohlc | ticker=INFY_TEST
[2026-07-23 15:05:56,816] INFO    - [feature_store:142] - Saved Feature Store for INFY_TEST to storage/test_features\INFY_TEST.parquet | ticker=INFY_TEST
[2026-07-23 15:05:56,821] INFO    - [feature_store:55] - Successfully loaded 2 features for INFY_TEST | ticker=INFY_TEST
[2026-07-23 15:05:56,827] INFO    - [feature_store:142] - Saved Feature Store for INFY_TEST to storage/test_features\INFY_TEST.parquet | ticker=INFY_TEST
[2026-07-23 15:05:56,892] INFO    - [indicators:289 ] - Computing technical indicators across all categories...
[2026-07-23 15:05:57,039] INFO    - [indicators:305 ] - Successfully computed 53 indicator columns.
[2026-07-23 15:05:57,039] INFO    - [candlestick:169] - Computing price action returns and candlestick patterns...
[2026-07-23 15:05:57,069] INFO    - [candlestick:184] - Successfully computed 15 price action / pattern columns.
[2026-07-23 15:05:57,076] INFO    - [cache:68       ] - Cached new LLM analysis report for RELIANCE.NS (1d)
[2026-07-23 15:05:57,077] INFO    - [cache:51       ] - LLM cache HIT for RELIANCE.NS (1d)
[2026-07-23 15:05:57,078] INFO    - [cache:48       ] - LLM cache INVALIDATED for RELIANCE.NS (1d) due to quantitative change.
[2026-07-23 15:05:57,082] WARNING - [gemini_client:43] - Gemini Client uninitialized (missing API Key). Routing to fallback generation.
[2026-07-23 15:05:57,083] INFO    - [gemini_client:184] - Generated graceful fallback report for RELIANCE.NS in 1.1ms
[2026-07-23 15:05:57,089] INFO    - [market_downloader:28] - Market index cache miss for ^NSEI. Downloading... | ticker=^NSEI
[2026-07-23 15:05:57,092] INFO    - [cache:151      ] - Cached data saved for ticker ^NSEI (1d) | ticker=^NSEI
[2026-07-23 15:05:57,096] INFO    - [cache:123      ] - Cache HIT for ticker ^NSEI (1d) | ticker=^NSEI
[2026-07-23 15:05:57,122] INFO    - [analysis:158   ] - Normalized ticker input: RELIANCE.NS -> RELIANCE.NS | ticker=RELIANCE.NS
[2026-07-23 15:05:57,141] INFO    - [cache:123      ] - Cache HIT for ticker RELIANCE.NS (1h) | ticker=RELIANCE.NS
[2026-07-23 15:05:57,158] INFO    - [feature_store:55] - Successfully loaded 79 features for RELIANCE.NS | ticker=RELIANCE.NS
[2026-07-23 15:05:57,206] INFO    - [feature_store:142] - Saved Feature Store for RELIANCE.NS to storage/features\RELIANCE_NS.parquet | ticker=RELIANCE.NS
[2026-07-23 15:05:57,207] INFO    - [indicators:289 ] - Computing technical indicators across all categories...
[2026-07-23 15:05:57,370] INFO    - [indicators:305 ] - Successfully computed 59 indicator columns.
[2026-07-23 15:05:57,387] INFO    - [feature_store:55] - Successfully loaded 79 features for RELIANCE.NS | ticker=RELIANCE.NS
[2026-07-23 15:05:57,436] INFO    - [feature_store:142] - Saved Feature Store for RELIANCE.NS to storage/features\RELIANCE_NS.parquet | ticker=RELIANCE.NS
[2026-07-23 15:05:57,438] INFO    - [candlestick:169] - Computing price action returns and candlestick patterns...
[2026-07-23 15:05:57,647] INFO    - [candlestick:184] - Successfully computed 15 price action / pattern columns.
[2026-07-23 15:05:57,740] INFO    - [feature_store:55] - Successfully loaded 79 features for RELIANCE.NS | ticker=RELIANCE.NS
[2026-07-23 15:05:57,796] INFO    - [feature_store:142] - Saved Feature Store for RELIANCE.NS to storage/features\RELIANCE_NS.parquet | ticker=RELIANCE.NS
[2026-07-23 15:05:57,859] INFO    - [cache:123      ] - Cache HIT for ticker ^NSEI (1d) | ticker=^NSEI
[2026-07-23 15:05:57,866] INFO    - [cache:123      ] - Cache HIT for ticker ^NSEBANK (1d) | ticker=^NSEBANK
[2026-07-23 15:05:57,873] INFO    - [cache:123      ] - Cache HIT for ticker ^INDIAVIX (1d) | ticker=^INDIAVIX
[2026-07-23 15:05:57,881] INFO    - [cache:123      ] - Cache HIT for ticker ^CNXENERGY (1d) | ticker=^CNXENERGY
[2026-07-23 15:05:57,885] INFO    - [vix_analysis:42] - India VIX: 13.63 (Percentile: 68.0%, Regime: Normal)
[2026-07-23 15:05:58,093] INFO    - [chart_data:31  ] - Constructing client visualization payload...
[2026-07-23 15:05:58,257] WARNING - [gemini_client:43] - Gemini Client uninitialized (missing API Key). Routing to fallback generation.
[2026-07-23 15:05:58,258] INFO    - [gemini_client:184] - Generated graceful fallback report for RELIANCE.NS in 1.0ms
[2026-07-23 15:05:58,259] INFO    - [cache:68       ] - Cached new LLM analysis report for RELIANCE.NS (1h)
[2026-07-23 15:05:58,259] INFO    - [analysis:362   ] - Completed deterministic analysis for RELIANCE.NS in 1131.1ms | ticker=RELIANCE.NS execution_time=1131.14ms
[2026-07-23 15:05:58,340] INFO    - [analysis:158   ] - Normalized ticker input: RELIANCE.NS -> RELIANCE.NS | ticker=RELIANCE.NS
[2026-07-23 15:05:58,340] INFO    - [downloader:103 ] - Downloading ticker data from yfinance: RELIANCE.NS (Interval: invalid_tf, Period: 5y) | ticker=RELIANCE.NS
[2026-07-23 15:05:59,468] WARNING - [downloader:27  ] - Downloaded empty DataFrame for RELIANCE.NS | ticker=RELIANCE.NS
[2026-07-23 15:05:59,469] WARNING - [cache:132      ] - Attempted to cache empty DataFrame for RELIANCE.NS | ticker=RELIANCE.NS
[2026-07-23 15:05:59,469] ERROR   - [exceptions:44  ] - API Exception on /analyze/RELIANCE.NS: Stock not found
[2026-07-23 15:05:59,515] INFO    - [chart_data:31  ] - Constructing client visualization payload...
[2026-07-23 15:05:59,520] INFO    - [vix_analysis:42] - India VIX: 11.80 (Percentile: 66.7%, Regime: Low)
[2026-07-23 15:05:59,521] INFO    - [vix_analysis:42] - India VIX: 14.80 (Percentile: 66.7%, Regime: Normal)
[2026-07-23 15:05:59,523] INFO    - [vix_analysis:42] - India VIX: 22.00 (Percentile: 100.0%, Regime: Elevated)
[2026-07-23 15:05:59,523] INFO    - [vix_analysis:42] - India VIX: 29.50 (Percentile: 66.7%, Regime: Extreme)
[2026-07-23 15:05:59,548] INFO    - [chart_data:31  ] - Constructing client visualization payload...
[2026-07-23 15:05:59,622] INFO    - [market_opportunities:87] - Computing Top Opportunities across market watchlist...
[2026-07-23 15:05:59,623] INFO    - [analysis:158   ] - Normalized ticker input: RELIANCE.NS -> RELIANCE.NS | ticker=RELIANCE.NS
[2026-07-23 15:05:59,623] INFO    - [analysis:168   ] - Analysis cache HIT for RELIANCE.NS (1d)
[2026-07-23 15:05:59,624] INFO    - [analysis:158   ] - Normalized ticker input: TCS.NS -> TCS.NS | ticker=TCS.NS
[2026-07-23 15:05:59,624] INFO    - [analysis:168   ] - Analysis cache HIT for TCS.NS (1d)
[2026-07-23 15:05:59,625] INFO    - [analysis:158   ] - Normalized ticker input: INFY.NS -> INFY.NS | ticker=INFY.NS
[2026-07-23 15:05:59,633] INFO    - [cache:123      ] - Cache HIT for ticker INFY.NS (1d) | ticker=INFY.NS
[2026-07-23 15:05:59,648] INFO    - [feature_store:55] - Successfully loaded 79 features for INFY.NS | ticker=INFY.NS
[2026-07-23 15:05:59,677] INFO    - [feature_store:142] - Saved Feature Store for INFY.NS to storage/features\INFY_NS.parquet | ticker=INFY.NS
[2026-07-23 15:05:59,678] INFO    - [indicators:289 ] - Computing technical indicators across all categories...
[2026-07-23 15:05:59,810] INFO    - [indicators:305 ] - Successfully computed 59 indicator columns.
[2026-07-23 15:05:59,824] INFO    - [feature_store:55] - Successfully loaded 79 features for INFY.NS | ticker=INFY.NS
[2026-07-23 15:05:59,851] INFO    - [feature_store:142] - Saved Feature Store for INFY.NS to storage/features\INFY_NS.parquet | ticker=INFY.NS
[2026-07-23 15:05:59,853] INFO    - [candlestick:169] - Computing price action returns and candlestick patterns...
[2026-07-23 15:05:59,926] INFO    - [candlestick:184] - Successfully computed 15 price action / pattern columns.
[2026-07-23 15:05:59,936] INFO    - [feature_store:55] - Successfully loaded 79 features for INFY.NS | ticker=INFY.NS
[2026-07-23 15:05:59,967] INFO    - [feature_store:142] - Saved Feature Store for INFY.NS to storage/features\INFY_NS.parquet | ticker=INFY.NS
[2026-07-23 15:06:00,000] INFO    - [cache:123      ] - Cache HIT for ticker ^NSEI (1d) | ticker=^NSEI
[2026-07-23 15:06:00,009] INFO    - [cache:123      ] - Cache HIT for ticker ^NSEBANK (1d) | ticker=^NSEBANK
[2026-07-23 15:06:00,021] INFO    - [cache:123      ] - Cache HIT for ticker ^INDIAVIX (1d) | ticker=^INDIAVIX
[2026-07-23 15:06:00,031] INFO    - [cache:123      ] - Cache HIT for ticker ^CNXIT (1d) | ticker=^CNXIT
[2026-07-23 15:06:00,036] INFO    - [vix_analysis:42] - India VIX: 13.63 (Percentile: 68.0%, Regime: Normal)
[2026-07-23 15:06:00,086] INFO    - [chart_data:31  ] - Constructing client visualization payload...
[2026-07-23 15:06:00,160] WARNING - [gemini_client:43] - Gemini Client uninitialized (missing API Key). Routing to fallback generation.
[2026-07-23 15:06:00,161] INFO    - [gemini_client:184] - Generated graceful fallback report for INFY.NS in 1.0ms
[2026-07-23 15:06:00,162] INFO    - [cache:68       ] - Cached new LLM analysis report for INFY.NS (1d)
[2026-07-23 15:06:00,163] INFO    - [analysis:362   ] - Completed deterministic analysis for INFY.NS in 534.8ms | ticker=INFY.NS execution_time=534.78ms
[2026-07-23 15:06:00,165] WARNING - [market_opportunities:155] - Skipping INFY.NS during opportunities scan: 'live_quote'
[2026-07-23 15:06:00,165] INFO    - [analysis:158   ] - Normalized ticker input: HDFCBANK.NS -> HDFCBANK.NS | ticker=HDFCBANK.NS
[2026-07-23 15:06:00,172] INFO    - [cache:123      ] - Cache HIT for ticker HDFCBANK.NS (1d) | ticker=HDFCBANK.NS
[2026-07-23 15:06:00,184] INFO    - [feature_store:55] - Successfully loaded 79 features for HDFCBANK.NS | ticker=HDFCBANK.NS
[2026-07-23 15:06:00,215] INFO    - [feature_store:142] - Saved Feature Store for HDFCBANK.NS to storage/features\HDFCBANK_NS.parquet | ticker=HDFCBANK.NS
[2026-07-23 15:06:00,216] INFO    - [indicators:289 ] - Computing technical indicators across all categories...
[2026-07-23 15:06:00,393] INFO    - [indicators:305 ] - Successfully computed 59 indicator columns.
[2026-07-23 15:06:00,404] INFO    - [feature_store:55] - Successfully loaded 79 features for HDFCBANK.NS | ticker=HDFCBANK.NS
[2026-07-23 15:06:00,441] INFO    - [feature_store:142] - Saved Feature Store for HDFCBANK.NS to storage/features\HDFCBANK_NS.parquet | ticker=HDFCBANK.NS
[2026-07-23 15:06:00,443] INFO    - [candlestick:169] - Computing price action returns and candlestick patterns...
[2026-07-23 15:06:00,490] INFO    - [candlestick:184] - Successfully computed 15 price action / pattern columns.
[2026-07-23 15:06:00,502] INFO    - [feature_store:55] - Successfully loaded 79 features for HDFCBANK.NS | ticker=HDFCBANK.NS
[2026-07-23 15:06:00,537] INFO    - [feature_store:142] - Saved Feature Store for HDFCBANK.NS to storage/features\HDFCBANK_NS.parquet | ticker=HDFCBANK.NS
[2026-07-23 15:06:00,563] INFO    - [cache:123      ] - Cache HIT for ticker ^NSEI (1d) | ticker=^NSEI
[2026-07-23 15:06:00,569] INFO    - [cache:123      ] - Cache HIT for ticker ^NSEBANK (1d) | ticker=^NSEBANK
[2026-07-23 15:06:00,578] INFO    - [cache:123      ] - Cache HIT for ticker ^INDIAVIX (1d) | ticker=^INDIAVIX
[2026-07-23 15:06:00,585] INFO    - [cache:123      ] - Cache HIT for ticker ^NSEBANK (1d) | ticker=^NSEBANK
[2026-07-23 15:06:00,588] INFO    - [vix_analysis:42] - India VIX: 13.63 (Percentile: 68.0%, Regime: Normal)
[2026-07-23 15:06:00,617] INFO    - [chart_data:31  ] - Constructing client visualization payload...
[2026-07-23 15:06:00,681] WARNING - [gemini_client:43] - Gemini Client uninitialized (missing API Key). Routing to fallback generation.
[2026-07-23 15:06:00,682] INFO    - [gemini_client:184] - Generated graceful fallback report for HDFCBANK.NS in 1.0ms
[2026-07-23 15:06:00,682] INFO    - [cache:68       ] - Cached new LLM analysis report for HDFCBANK.NS (1d)
[2026-07-23 15:06:00,683] INFO    - [analysis:362   ] - Completed deterministic analysis for HDFCBANK.NS in 514.2ms | ticker=HDFCBANK.NS execution_time=514.19ms
[2026-07-23 15:06:00,685] WARNING - [market_opportunities:155] - Skipping HDFCBANK.NS during opportunities scan: 'live_quote'
[2026-07-23 15:06:00,685] INFO    - [analysis:158   ] - Normalized ticker input: ICICIBANK.NS -> ICICIBANK.NS | ticker=ICICIBANK.NS
[2026-07-23 15:06:00,686] INFO    - [downloader:103 ] - Downloading ticker data from yfinance: ICICIBANK.NS (Interval: 1d, Period: 5y) | ticker=ICICIBANK.NS
[2026-07-23 15:06:01,056] INFO    - [downloader:73  ] - Successfully cleaned and validated data for ICICIBANK.NS. Rows: 1239 | ticker=ICICIBANK.NS
[2026-07-23 15:06:01,072] INFO    - [cache:151      ] - Cached data saved for ticker ICICIBANK.NS (1d) | ticker=ICICIBANK.NS
[2026-07-23 15:06:01,084] INFO    - [feature_store:55] - Successfully loaded 79 features for ICICIBANK.NS | ticker=ICICIBANK.NS
[2026-07-23 15:06:01,107] INFO    - [feature_store:142] - Saved Feature Store for ICICIBANK.NS to storage/features\ICICIBANK_NS.parquet | ticker=ICICIBANK.NS
[2026-07-23 15:06:01,108] INFO    - [indicators:289 ] - Computing technical indicators across all categories...
[2026-07-23 15:06:01,219] INFO    - [indicators:305 ] - Successfully computed 59 indicator columns.
[2026-07-23 15:06:01,229] INFO    - [feature_store:55] - Successfully loaded 79 features for ICICIBANK.NS | ticker=ICICIBANK.NS
[2026-07-23 15:06:01,257] INFO    - [feature_store:142] - Saved Feature Store for ICICIBANK.NS to storage/features\ICICIBANK_NS.parquet | ticker=ICICIBANK.NS
[2026-07-23 15:06:01,259] INFO    - [candlestick:169] - Computing price action returns and candlestick patterns...
[2026-07-23 15:06:01,331] INFO    - [candlestick:184] - Successfully computed 15 price action / pattern columns.
[2026-07-23 15:06:01,345] INFO    - [feature_store:55] - Successfully loaded 79 features for ICICIBANK.NS | ticker=ICICIBANK.NS
[2026-07-23 15:06:01,401] INFO    - [feature_store:142] - Saved Feature Store for ICICIBANK.NS to storage/features\ICICIBANK_NS.parquet | ticker=ICICIBANK.NS
[2026-07-23 15:06:01,437] INFO    - [cache:123      ] - Cache HIT for ticker ^NSEI (1d) | ticker=^NSEI
[2026-07-23 15:06:01,452] INFO    - [cache:123      ] - Cache HIT for ticker ^NSEBANK (1d) | ticker=^NSEBANK
[2026-07-23 15:06:01,464] INFO    - [cache:123      ] - Cache HIT for ticker ^INDIAVIX (1d) | ticker=^INDIAVIX
[2026-07-23 15:06:01,472] INFO    - [cache:123      ] - Cache HIT for ticker ^NSEBANK (1d) | ticker=^NSEBANK
[2026-07-23 15:06:01,475] INFO    - [vix_analysis:42] - India VIX: 13.63 (Percentile: 68.0%, Regime: Normal)
[2026-07-23 15:06:01,520] INFO    - [chart_data:31  ] - Constructing client visualization payload...
[2026-07-23 15:06:01,566] WARNING - [gemini_client:43] - Gemini Client uninitialized (missing API Key). Routing to fallback generation.
[2026-07-23 15:06:01,567] INFO    - [gemini_client:184] - Generated graceful fallback report for ICICIBANK.NS in 1.0ms
[2026-07-23 15:06:01,568] INFO    - [cache:68       ] - Cached new LLM analysis report for ICICIBANK.NS (1d)
[2026-07-23 15:06:01,569] INFO    - [analysis:362   ] - Completed deterministic analysis for ICICIBANK.NS in 879.9ms | ticker=ICICIBANK.NS execution_time=879.92ms
[2026-07-23 15:06:01,571] WARNING - [market_opportunities:155] - Skipping ICICIBANK.NS during opportunities scan: 'live_quote'
[2026-07-23 15:06:01,571] INFO    - [analysis:158   ] - Normalized ticker input: SBIN.NS -> SBIN.NS | ticker=SBIN.NS
[2026-07-23 15:06:01,581] INFO    - [cache:123      ] - Cache HIT for ticker SBIN.NS (1d) | ticker=SBIN.NS
[2026-07-23 15:06:01,594] INFO    - [feature_store:55] - Successfully loaded 79 features for SBIN.NS | ticker=SBIN.NS
[2026-07-23 15:06:01,627] INFO    - [feature_store:142] - Saved Feature Store for SBIN.NS to storage/features\SBIN_NS.parquet | ticker=SBIN.NS
[2026-07-23 15:06:01,628] INFO    - [indicators:289 ] - Computing technical indicators across all categories...
[2026-07-23 15:06:01,761] INFO    - [indicators:305 ] - Successfully computed 59 indicator columns.
[2026-07-23 15:06:01,771] INFO    - [feature_store:55] - Successfully loaded 79 features for SBIN.NS | ticker=SBIN.NS
[2026-07-23 15:06:01,810] INFO    - [feature_store:142] - Saved Feature Store for SBIN.NS to storage/features\SBIN_NS.parquet | ticker=SBIN.NS
[2026-07-23 15:06:01,810] INFO    - [candlestick:169] - Computing price action returns and candlestick patterns...
[2026-07-23 15:06:01,878] INFO    - [candlestick:184] - Successfully computed 15 price action / pattern columns.
[2026-07-23 15:06:01,887] INFO    - [feature_store:55] - Successfully loaded 79 features for SBIN.NS | ticker=SBIN.NS
[2026-07-23 15:06:01,919] INFO    - [feature_store:142] - Saved Feature Store for SBIN.NS to storage/features\SBIN_NS.parquet | ticker=SBIN.NS
[2026-07-23 15:06:01,945] INFO    - [cache:123      ] - Cache HIT for ticker ^NSEI (1d) | ticker=^NSEI
[2026-07-23 15:06:01,953] INFO    - [cache:123      ] - Cache HIT for ticker ^NSEBANK (1d) | ticker=^NSEBANK
[2026-07-23 15:06:01,962] INFO    - [cache:123      ] - Cache HIT for ticker ^INDIAVIX (1d) | ticker=^INDIAVIX
[2026-07-23 15:06:01,968] INFO    - [cache:123      ] - Cache HIT for ticker ^NSEBANK (1d) | ticker=^NSEBANK
[2026-07-23 15:06:01,972] INFO    - [vix_analysis:42] - India VIX: 13.63 (Percentile: 68.0%, Regime: Normal)
[2026-07-23 15:06:02,015] INFO    - [chart_data:31  ] - Constructing client visualization payload...
[2026-07-23 15:06:02,084] WARNING - [gemini_client:43] - Gemini Client uninitialized (missing API Key). Routing to fallback generation.
[2026-07-23 15:06:02,085] INFO    - [gemini_client:184] - Generated graceful fallback report for SBIN.NS in 0.5ms
[2026-07-23 15:06:02,085] INFO    - [cache:68       ] - Cached new LLM analysis report for SBIN.NS (1d)
[2026-07-23 15:06:02,086] INFO    - [analysis:362   ] - Completed deterministic analysis for SBIN.NS in 511.1ms | ticker=SBIN.NS execution_time=511.14ms
[2026-07-23 15:06:02,087] WARNING - [market_opportunities:155] - Skipping SBIN.NS during opportunities scan: 'live_quote'
[2026-07-23 15:06:02,087] INFO    - [analysis:158   ] - Normalized ticker input: BHARTIARTL.NS -> BHARTIARTL.NS | ticker=BHARTIARTL.NS
[2026-07-23 15:06:02,098] INFO    - [cache:123      ] - Cache HIT for ticker BHARTIARTL.NS (1d) | ticker=BHARTIARTL.NS
[2026-07-23 15:06:02,111] INFO    - [feature_store:55] - Successfully loaded 79 features for BHARTIARTL.NS | ticker=BHARTIARTL.NS
[2026-07-23 15:06:02,144] INFO    - [feature_store:142] - Saved Feature Store for BHARTIARTL.NS to storage/features\BHARTIARTL_NS.parquet | ticker=BHARTIARTL.NS
[2026-07-23 15:06:02,145] INFO    - [indicators:289 ] - Computing technical indicators across all categories...
[2026-07-23 15:06:02,257] INFO    - [indicators:305 ] - Successfully computed 59 indicator columns.
[2026-07-23 15:06:02,269] INFO    - [feature_store:55] - Successfully loaded 79 features for BHARTIARTL.NS | ticker=BHARTIARTL.NS
[2026-07-23 15:06:02,304] INFO    - [feature_store:142] - Saved Feature Store for BHARTIARTL.NS to storage/features\BHARTIARTL_NS.parquet | ticker=BHARTIARTL.NS
[2026-07-23 15:06:02,304] INFO    - [candlestick:169] - Computing price action returns and candlestick patterns...
[2026-07-23 15:06:02,372] INFO    - [candlestick:184] - Successfully computed 15 price action / pattern columns.
[2026-07-23 15:06:02,392] INFO    - [feature_store:55] - Successfully loaded 79 features for BHARTIARTL.NS | ticker=BHARTIARTL.NS
[2026-07-23 15:06:02,447] INFO    - [feature_store:142] - Saved Feature Store for BHARTIARTL.NS to storage/features\BHARTIARTL_NS.parquet | ticker=BHARTIARTL.NS
[2026-07-23 15:06:02,479] INFO    - [cache:123      ] - Cache HIT for ticker ^NSEI (1d) | ticker=^NSEI
[2026-07-23 15:06:02,497] INFO    - [cache:123      ] - Cache HIT for ticker ^NSEBANK (1d) | ticker=^NSEBANK
[2026-07-23 15:06:02,510] INFO    - [cache:123      ] - Cache HIT for ticker ^INDIAVIX (1d) | ticker=^INDIAVIX
[2026-07-23 15:06:02,520] INFO    - [cache:123      ] - Cache HIT for ticker ^CNXREALTY (1d) | ticker=^CNXREALTY
[2026-07-23 15:06:02,527] INFO    - [vix_analysis:42] - India VIX: 13.63 (Percentile: 68.0%, Regime: Normal)
[2026-07-23 15:06:02,585] INFO    - [chart_data:31  ] - Constructing client visualization payload...
[2026-07-23 15:06:02,653] WARNING - [gemini_client:43] - Gemini Client uninitialized (missing API Key). Routing to fallback generation.
[2026-07-23 15:06:02,653] INFO    - [gemini_client:184] - Generated graceful fallback report for BHARTIARTL.NS in 0.0ms
[2026-07-23 15:06:02,654] INFO    - [cache:68       ] - Cached new LLM analysis report for BHARTIARTL.NS (1d)
[2026-07-23 15:06:02,655] INFO    - [analysis:362   ] - Completed deterministic analysis for BHARTIARTL.NS in 564.0ms | ticker=BHARTIARTL.NS execution_time=563.98ms
[2026-07-23 15:06:02,659] WARNING - [market_opportunities:155] - Skipping BHARTIARTL.NS during opportunities scan: 'live_quote'
[2026-07-23 15:06:02,659] INFO    - [analysis:158   ] - Normalized ticker input: LT.NS -> LT.NS | ticker=LT.NS
[2026-07-23 15:06:02,660] INFO    - [downloader:103 ] - Downloading ticker data from yfinance: LT.NS (Interval: 1d, Period: 5y) | ticker=LT.NS
[2026-07-23 15:06:02,935] INFO    - [downloader:73  ] - Successfully cleaned and validated data for LT.NS. Rows: 1239 | ticker=LT.NS
[2026-07-23 15:06:02,949] INFO    - [cache:151      ] - Cached data saved for ticker LT.NS (1d) | ticker=LT.NS
[2026-07-23 15:06:02,962] INFO    - [feature_store:55] - Successfully loaded 79 features for LT.NS | ticker=LT.NS
[2026-07-23 15:06:03,003] INFO    - [feature_store:142] - Saved Feature Store for LT.NS to storage/features\LT_NS.parquet | ticker=LT.NS
[2026-07-23 15:06:03,004] INFO    - [indicators:289 ] - Computing technical indicators across all categories...
[2026-07-23 15:06:03,217] INFO    - [indicators:305 ] - Successfully computed 59 indicator columns.
[2026-07-23 15:06:03,242] INFO    - [feature_store:55] - Successfully loaded 79 features for LT.NS | ticker=LT.NS
[2026-07-23 15:06:03,307] INFO    - [feature_store:142] - Saved Feature Store for LT.NS to storage/features\LT_NS.parquet | ticker=LT.NS
[2026-07-23 15:06:03,309] INFO    - [candlestick:169] - Computing price action returns and candlestick patterns...
[2026-07-23 15:06:03,423] INFO    - [candlestick:184] - Successfully computed 15 price action / pattern columns.
[2026-07-23 15:06:03,447] INFO    - [feature_store:55] - Successfully loaded 79 features for LT.NS | ticker=LT.NS
[2026-07-23 15:06:03,519] INFO    - [feature_store:142] - Saved Feature Store for LT.NS to storage/features\LT_NS.parquet | ticker=LT.NS
[2026-07-23 15:06:03,565] INFO    - [cache:123      ] - Cache HIT for ticker ^NSEI (1d) | ticker=^NSEI
[2026-07-23 15:06:03,583] INFO    - [cache:123      ] - Cache HIT for ticker ^NSEBANK (1d) | ticker=^NSEBANK
[2026-07-23 15:06:03,602] INFO    - [cache:123      ] - Cache HIT for ticker ^INDIAVIX (1d) | ticker=^INDIAVIX
[2026-07-23 15:06:03,618] INFO    - [cache:123      ] - Cache HIT for ticker ^CNXINFRA (1d) | ticker=^CNXINFRA
[2026-07-23 15:06:03,626] INFO    - [vix_analysis:42] - India VIX: 13.63 (Percentile: 68.0%, Regime: Normal)
[2026-07-23 15:06:03,706] INFO    - [chart_data:31  ] - Constructing client visualization payload...
[2026-07-23 15:06:03,820] WARNING - [gemini_client:43] - Gemini Client uninitialized (missing API Key). Routing to fallback generation.
[2026-07-23 15:06:03,821] INFO    - [gemini_client:184] - Generated graceful fallback report for LT.NS in 1.0ms
[2026-07-23 15:06:03,822] INFO    - [cache:68       ] - Cached new LLM analysis report for LT.NS (1d)
[2026-07-23 15:06:03,824] INFO    - [analysis:362   ] - Completed deterministic analysis for LT.NS in 1157.7ms | ticker=LT.NS execution_time=1157.66ms
[2026-07-23 15:06:03,826] WARNING - [market_opportunities:155] - Skipping LT.NS during opportunities scan: 'live_quote'
[2026-07-23 15:06:03,827] INFO    - [analysis:158   ] - Normalized ticker input: TMCV.NS -> TMCV.NS | ticker=TMCV.NS
[2026-07-23 15:06:03,828] INFO    - [downloader:103 ] - Downloading ticker data from yfinance: TMCV.NS (Interval: 1d, Period: 5y) | ticker=TMCV.NS
[2026-07-23 15:06:04,015] INFO    - [downloader:73  ] - Successfully cleaned and validated data for TMCV.NS. Rows: 175 | ticker=TMCV.NS
[2026-07-23 15:06:04,060] INFO    - [cache:151      ] - Cached data saved for ticker TMCV.NS (1d) | ticker=TMCV.NS
[2026-07-23 15:06:04,061] WARNING - [market_opportunities:155] - Skipping TMCV.NS during opportunities scan: Insufficient historical data for 'TMCV.NS'. Required: at least 250 rows. Found: 175.
[2026-07-23 15:06:04,062] INFO    - [analysis:158   ] - Normalized ticker input: TATASTEEL.NS -> TATASTEEL.NS | ticker=TATASTEEL.NS
[2026-07-23 15:06:04,063] INFO    - [downloader:103 ] - Downloading ticker data from yfinance: TATASTEEL.NS (Interval: 1d, Period: 5y) | ticker=TATASTEEL.NS
[2026-07-23 15:06:04,399] INFO    - [downloader:73  ] - Successfully cleaned and validated data for TATASTEEL.NS. Rows: 1239 | ticker=TATASTEEL.NS
[2026-07-23 15:06:04,420] INFO    - [cache:151      ] - Cached data saved for ticker TATASTEEL.NS (1d) | ticker=TATASTEEL.NS
[2026-07-23 15:06:04,437] INFO    - [feature_store:55] - Successfully loaded 79 features for TATASTEEL.NS | ticker=TATASTEEL.NS
[2026-07-23 15:06:04,465] INFO    - [feature_store:142] - Saved Feature Store for TATASTEEL.NS to storage/features\TATASTEEL_NS.parquet | ticker=TATASTEEL.NS
[2026-07-23 15:06:04,466] INFO    - [indicators:289 ] - Computing technical indicators across all categories...
[2026-07-23 15:06:04,577] INFO    - [indicators:305 ] - Successfully computed 59 indicator columns.
[2026-07-23 15:06:04,589] INFO    - [feature_store:55] - Successfully loaded 79 features for TATASTEEL.NS | ticker=TATASTEEL.NS
[2026-07-23 15:06:04,617] INFO    - [feature_store:142] - Saved Feature Store for TATASTEEL.NS to storage/features\TATASTEEL_NS.parquet | ticker=TATASTEEL.NS
[2026-07-23 15:06:04,618] INFO    - [candlestick:169] - Computing price action returns and candlestick patterns...
[2026-07-23 15:06:04,713] INFO    - [candlestick:184] - Successfully computed 15 price action / pattern columns.
[2026-07-23 15:06:04,730] INFO    - [feature_store:55] - Successfully loaded 79 features for TATASTEEL.NS | ticker=TATASTEEL.NS
[2026-07-23 15:06:04,768] INFO    - [feature_store:142] - Saved Feature Store for TATASTEEL.NS to storage/features\TATASTEEL_NS.parquet | ticker=TATASTEEL.NS
[2026-07-23 15:06:04,795] INFO    - [cache:123      ] - Cache HIT for ticker ^NSEI (1d) | ticker=^NSEI
[2026-07-23 15:06:04,807] INFO    - [cache:123      ] - Cache HIT for ticker ^NSEBANK (1d) | ticker=^NSEBANK
[2026-07-23 15:06:04,816] INFO    - [cache:123      ] - Cache HIT for ticker ^INDIAVIX (1d) | ticker=^INDIAVIX
[2026-07-23 15:06:04,822] INFO    - [cache:123      ] - Cache HIT for ticker ^NSEI (1d) | ticker=^NSEI
[2026-07-23 15:06:04,826] INFO    - [vix_analysis:42] - India VIX: 13.63 (Percentile: 68.0%, Regime: Normal)
[2026-07-23 15:06:04,863] INFO    - [chart_data:31  ] - Constructing client visualization payload...
[2026-07-23 15:06:04,963] WARNING - [gemini_client:43] - Gemini Client uninitialized (missing API Key). Routing to fallback generation.
[2026-07-23 15:06:04,964] INFO    - [gemini_client:184] - Generated graceful fallback report for TATASTEEL.NS in 0.0ms
[2026-07-23 15:06:04,964] INFO    - [cache:68       ] - Cached new LLM analysis report for TATASTEEL.NS (1d)
[2026-07-23 15:06:04,965] INFO    - [analysis:362   ] - Completed deterministic analysis for TATASTEEL.NS in 898.7ms | ticker=TATASTEEL.NS execution_time=898.72ms
[2026-07-23 15:06:04,966] WARNING - [market_opportunities:155] - Skipping TATASTEEL.NS during opportunities scan: 'live_quote'
[2026-07-23 15:06:04,966] INFO    - [analysis:158   ] - Normalized ticker input: TATAPOWER.NS -> TATAPOWER.NS | ticker=TATAPOWER.NS
[2026-07-23 15:06:04,967] INFO    - [downloader:103 ] - Downloading ticker data from yfinance: TATAPOWER.NS (Interval: 1d, Period: 5y) | ticker=TATAPOWER.NS
[2026-07-23 15:06:05,214] INFO    - [downloader:73  ] - Successfully cleaned and validated data for TATAPOWER.NS. Rows: 1239 | ticker=TATAPOWER.NS
[2026-07-23 15:06:05,227] INFO    - [cache:151      ] - Cached data saved for ticker TATAPOWER.NS (1d) | ticker=TATAPOWER.NS
[2026-07-23 15:06:05,240] INFO    - [feature_store:55] - Successfully loaded 79 features for TATAPOWER.NS | ticker=TATAPOWER.NS
[2026-07-23 15:06:05,268] INFO    - [feature_store:142] - Saved Feature Store for TATAPOWER.NS to storage/features\TATAPOWER_NS.parquet | ticker=TATAPOWER.NS
[2026-07-23 15:06:05,268] INFO    - [indicators:289 ] - Computing technical indicators across all categories...
[2026-07-23 15:06:05,366] INFO    - [indicators:305 ] - Successfully computed 59 indicator columns.
[2026-07-23 15:06:05,419] INFO    - [feature_store:55] - Successfully loaded 79 features for TATAPOWER.NS | ticker=TATAPOWER.NS
[2026-07-23 15:06:05,464] INFO    - [feature_store:142] - Saved Feature Store for TATAPOWER.NS to storage/features\TATAPOWER_NS.parquet | ticker=TATAPOWER.NS
[2026-07-23 15:06:05,465] INFO    - [candlestick:169] - Computing price action returns and candlestick patterns...
[2026-07-23 15:06:05,528] INFO    - [candlestick:184] - Successfully computed 15 price action / pattern columns.
[2026-07-23 15:06:05,541] INFO    - [feature_store:55] - Successfully loaded 79 features for TATAPOWER.NS | ticker=TATAPOWER.NS
[2026-07-23 15:06:05,566] INFO    - [feature_store:142] - Saved Feature Store for TATAPOWER.NS to storage/features\TATAPOWER_NS.parquet | ticker=TATAPOWER.NS
[2026-07-23 15:06:05,590] INFO    - [cache:123      ] - Cache HIT for ticker ^NSEI (1d) | ticker=^NSEI
[2026-07-23 15:06:05,596] INFO    - [cache:123      ] - Cache HIT for ticker ^NSEBANK (1d) | ticker=^NSEBANK
[2026-07-23 15:06:05,603] INFO    - [cache:123      ] - Cache HIT for ticker ^INDIAVIX (1d) | ticker=^INDIAVIX
[2026-07-23 15:06:05,615] INFO    - [cache:123      ] - Cache HIT for ticker ^NSEI (1d) | ticker=^NSEI
[2026-07-23 15:06:05,618] INFO    - [vix_analysis:42] - India VIX: 13.63 (Percentile: 68.0%, Regime: Normal)
[2026-07-23 15:06:05,651] INFO    - [chart_data:31  ] - Constructing client visualization payload...
[2026-07-23 15:06:05,714] WARNING - [gemini_client:43] - Gemini Client uninitialized (missing API Key). Routing to fallback generation.
[2026-07-23 15:06:05,715] INFO    - [gemini_client:184] - Generated graceful fallback report for TATAPOWER.NS in 1.6ms
[2026-07-23 15:06:05,716] INFO    - [cache:68       ] - Cached new LLM analysis report for TATAPOWER.NS (1d)
[2026-07-23 15:06:05,718] INFO    - [analysis:362   ] - Completed deterministic analysis for TATAPOWER.NS in 745.8ms | ticker=TATAPOWER.NS execution_time=745.82ms
[2026-07-23 15:06:05,721] WARNING - [market_opportunities:155] - Skipping TATAPOWER.NS during opportunities scan: 'live_quote'
[2026-07-23 15:06:05,722] INFO    - [analysis:158   ] - Normalized ticker input: TITAN.NS -> TITAN.NS | ticker=TITAN.NS
[2026-07-23 15:06:05,724] INFO    - [downloader:103 ] - Downloading ticker data from yfinance: TITAN.NS (Interval: 1d, Period: 5y) | ticker=TITAN.NS
[2026-07-23 15:06:06,014] INFO    - [downloader:73  ] - Successfully cleaned and validated data for TITAN.NS. Rows: 1239 | ticker=TITAN.NS
[2026-07-23 15:06:06,028] INFO    - [cache:151      ] - Cached data saved for ticker TITAN.NS (1d) | ticker=TITAN.NS
[2026-07-23 15:06:06,043] INFO    - [feature_store:55] - Successfully loaded 79 features for TITAN.NS | ticker=TITAN.NS
[2026-07-23 15:06:06,068] INFO    - [feature_store:142] - Saved Feature Store for TITAN.NS to storage/features\TITAN_NS.parquet | ticker=TITAN.NS
[2026-07-23 15:06:06,069] INFO    - [indicators:289 ] - Computing technical indicators across all categories...
[2026-07-23 15:06:06,162] INFO    - [indicators:305 ] - Successfully computed 59 indicator columns.
[2026-07-23 15:06:06,174] INFO    - [feature_store:55] - Successfully loaded 79 features for TITAN.NS | ticker=TITAN.NS
[2026-07-23 15:06:06,243] INFO    - [feature_store:142] - Saved Feature Store for TITAN.NS to storage/features\TITAN_NS.parquet | ticker=TITAN.NS
[2026-07-23 15:06:06,243] INFO    - [candlestick:169] - Computing price action returns and candlestick patterns...
[2026-07-23 15:06:06,307] INFO    - [candlestick:184] - Successfully computed 15 price action / pattern columns.
[2026-07-23 15:06:06,317] INFO    - [feature_store:55] - Successfully loaded 79 features for TITAN.NS | ticker=TITAN.NS
[2026-07-23 15:06:06,346] INFO    - [feature_store:142] - Saved Feature Store for TITAN.NS to storage/features\TITAN_NS.parquet | ticker=TITAN.NS
[2026-07-23 15:06:06,367] INFO    - [cache:123      ] - Cache HIT for ticker ^NSEI (1d) | ticker=^NSEI
[2026-07-23 15:06:06,374] INFO    - [cache:123      ] - Cache HIT for ticker ^NSEBANK (1d) | ticker=^NSEBANK
[2026-07-23 15:06:06,380] INFO    - [cache:123      ] - Cache HIT for ticker ^INDIAVIX (1d) | ticker=^INDIAVIX
[2026-07-23 15:06:06,386] INFO    - [cache:123      ] - Cache HIT for ticker ^NSEI (1d) | ticker=^NSEI
[2026-07-23 15:06:06,391] INFO    - [vix_analysis:42] - India VIX: 13.63 (Percentile: 68.0%, Regime: Normal)
[2026-07-23 15:06:06,426] INFO    - [chart_data:31  ] - Constructing client visualization payload...
[2026-07-23 15:06:06,480] WARNING - [gemini_client:43] - Gemini Client uninitialized (missing API Key). Routing to fallback generation.
[2026-07-23 15:06:06,480] INFO    - [gemini_client:184] - Generated graceful fallback report for TITAN.NS in 0.0ms
[2026-07-23 15:06:06,480] INFO    - [cache:68       ] - Cached new LLM analysis report for TITAN.NS (1d)
[2026-07-23 15:06:06,483] INFO    - [analysis:362   ] - Completed deterministic analysis for TITAN.NS in 756.4ms | ticker=TITAN.NS execution_time=756.42ms
[2026-07-23 15:06:06,485] WARNING - [market_opportunities:155] - Skipping TITAN.NS during opportunities scan: 'live_quote'
[2026-07-23 15:06:06,485] INFO    - [analysis:158   ] - Normalized ticker input: TECHM.NS -> TECHM.NS | ticker=TECHM.NS
[2026-07-23 15:06:06,486] INFO    - [downloader:103 ] - Downloading ticker data from yfinance: TECHM.NS (Interval: 1d, Period: 5y) | ticker=TECHM.NS
[2026-07-23 15:06:06,830] INFO    - [downloader:73  ] - Successfully cleaned and validated data for TECHM.NS. Rows: 1239 | ticker=TECHM.NS
[2026-07-23 15:06:06,845] INFO    - [cache:151      ] - Cached data saved for ticker TECHM.NS (1d) | ticker=TECHM.NS
[2026-07-23 15:06:06,860] INFO    - [feature_store:55] - Successfully loaded 79 features for TECHM.NS | ticker=TECHM.NS
[2026-07-23 15:06:06,894] INFO    - [feature_store:142] - Saved Feature Store for TECHM.NS to storage/features\TECHM_NS.parquet | ticker=TECHM.NS
[2026-07-23 15:06:06,895] INFO    - [indicators:289 ] - Computing technical indicators across all categories...
[2026-07-23 15:06:06,994] INFO    - [indicators:305 ] - Successfully computed 59 indicator columns.
[2026-07-23 15:06:07,005] INFO    - [feature_store:55] - Successfully loaded 79 features for TECHM.NS | ticker=TECHM.NS
[2026-07-23 15:06:07,033] INFO    - [feature_store:142] - Saved Feature Store for TECHM.NS to storage/features\TECHM_NS.parquet | ticker=TECHM.NS
[2026-07-23 15:06:07,034] INFO    - [candlestick:169] - Computing price action returns and candlestick patterns...
[2026-07-23 15:06:07,090] INFO    - [candlestick:184] - Successfully computed 15 price action / pattern columns.
[2026-07-23 15:06:07,099] INFO    - [feature_store:55] - Successfully loaded 79 features for TECHM.NS | ticker=TECHM.NS
[2026-07-23 15:06:07,129] INFO    - [feature_store:142] - Saved Feature Store for TECHM.NS to storage/features\TECHM_NS.parquet | ticker=TECHM.NS
[2026-07-23 15:06:07,152] INFO    - [cache:123      ] - Cache HIT for ticker ^NSEI (1d) | ticker=^NSEI
[2026-07-23 15:06:07,160] INFO    - [cache:123      ] - Cache HIT for ticker ^NSEBANK (1d) | ticker=^NSEBANK
[2026-07-23 15:06:07,167] INFO    - [cache:123      ] - Cache HIT for ticker ^INDIAVIX (1d) | ticker=^INDIAVIX
[2026-07-23 15:06:07,175] INFO    - [cache:123      ] - Cache HIT for ticker ^NSEI (1d) | ticker=^NSEI
[2026-07-23 15:06:07,178] INFO    - [vix_analysis:42] - India VIX: 13.63 (Percentile: 68.0%, Regime: Normal)
[2026-07-23 15:06:07,206] INFO    - [chart_data:31  ] - Constructing client visualization payload...
[2026-07-23 15:06:07,251] WARNING - [gemini_client:43] - Gemini Client uninitialized (missing API Key). Routing to fallback generation.
[2026-07-23 15:06:07,251] INFO    - [gemini_client:184] - Generated graceful fallback report for TECHM.NS in 0.0ms
[2026-07-23 15:06:07,252] INFO    - [cache:68       ] - Cached new LLM analysis report for TECHM.NS (1d)
[2026-07-23 15:06:07,253] INFO    - [analysis:362   ] - Completed deterministic analysis for TECHM.NS in 764.6ms | ticker=TECHM.NS execution_time=764.59ms
[2026-07-23 15:06:07,256] WARNING - [market_opportunities:155] - Skipping TECHM.NS during opportunities scan: 'live_quote'
[2026-07-23 15:06:07,256] INFO    - [analysis:158   ] - Normalized ticker input: RVNL.NS -> RVNL.NS | ticker=RVNL.NS
[2026-07-23 15:06:07,257] INFO    - [downloader:103 ] - Downloading ticker data from yfinance: RVNL.NS (Interval: 1d, Period: 5y) | ticker=RVNL.NS
[2026-07-23 15:06:07,579] INFO    - [downloader:73  ] - Successfully cleaned and validated data for RVNL.NS. Rows: 1239 | ticker=RVNL.NS
[2026-07-23 15:06:07,630] INFO    - [cache:151      ] - Cached data saved for ticker RVNL.NS (1d) | ticker=RVNL.NS
[2026-07-23 15:06:07,642] INFO    - [feature_store:55] - Successfully loaded 79 features for RVNL.NS | ticker=RVNL.NS
[2026-07-23 15:06:07,666] INFO    - [feature_store:142] - Saved Feature Store for RVNL.NS to storage/features\RVNL_NS.parquet | ticker=RVNL.NS
[2026-07-23 15:06:07,667] INFO    - [indicators:289 ] - Computing technical indicators across all categories...
[2026-07-23 15:06:07,754] INFO    - [indicators:305 ] - Successfully computed 59 indicator columns.
[2026-07-23 15:06:07,763] INFO    - [feature_store:55] - Successfully loaded 79 features for RVNL.NS | ticker=RVNL.NS
[2026-07-23 15:06:07,788] INFO    - [feature_store:142] - Saved Feature Store for RVNL.NS to storage/features\RVNL_NS.parquet | ticker=RVNL.NS
[2026-07-23 15:06:07,789] INFO    - [candlestick:169] - Computing price action returns and candlestick patterns...
[2026-07-23 15:06:07,847] INFO    - [candlestick:184] - Successfully computed 15 price action / pattern columns.
[2026-07-23 15:06:07,857] INFO    - [feature_store:55] - Successfully loaded 79 features for RVNL.NS | ticker=RVNL.NS
[2026-07-23 15:06:07,880] INFO    - [feature_store:142] - Saved Feature Store for RVNL.NS to storage/features\RVNL_NS.parquet | ticker=RVNL.NS
[2026-07-23 15:06:07,904] INFO    - [cache:123      ] - Cache HIT for ticker ^NSEI (1d) | ticker=^NSEI
[2026-07-23 15:06:07,914] INFO    - [cache:123      ] - Cache HIT for ticker ^NSEBANK (1d) | ticker=^NSEBANK
[2026-07-23 15:06:07,924] INFO    - [cache:123      ] - Cache HIT for ticker ^INDIAVIX (1d) | ticker=^INDIAVIX
[2026-07-23 15:06:07,929] INFO    - [cache:123      ] - Cache HIT for ticker ^NSEI (1d) | ticker=^NSEI
[2026-07-23 15:06:07,932] INFO    - [vix_analysis:42] - India VIX: 13.63 (Percentile: 68.0%, Regime: Normal)
[2026-07-23 15:06:07,971] INFO    - [chart_data:31  ] - Constructing client visualization payload...
[2026-07-23 15:06:08,040] WARNING - [gemini_client:43] - Gemini Client uninitialized (missing API Key). Routing to fallback generation.
[2026-07-23 15:06:08,041] INFO    - [gemini_client:184] - Generated graceful fallback report for RVNL.NS in 1.1ms
[2026-07-23 15:06:08,041] INFO    - [cache:68       ] - Cached new LLM analysis report for RVNL.NS (1d)
[2026-07-23 15:06:08,043] INFO    - [analysis:362   ] - Completed deterministic analysis for RVNL.NS in 782.8ms | ticker=RVNL.NS execution_time=782.75ms
[2026-07-23 15:06:08,045] WARNING - [market_opportunities:155] - Skipping RVNL.NS during opportunities scan: 'live_quote'
[2026-07-23 15:06:08,046] INFO    - [analysis:158   ] - Normalized ticker input: RBLBANK.NS -> RBLBANK.NS | ticker=RBLBANK.NS
[2026-07-23 15:06:08,047] INFO    - [downloader:103 ] - Downloading ticker data from yfinance: RBLBANK.NS (Interval: 1d, Period: 5y) | ticker=RBLBANK.NS
[2026-07-23 15:06:08,486] INFO    - [downloader:73  ] - Successfully cleaned and validated data for RBLBANK.NS. Rows: 1239 | ticker=RBLBANK.NS
[2026-07-23 15:06:08,500] INFO    - [cache:151      ] - Cached data saved for ticker RBLBANK.NS (1d) | ticker=RBLBANK.NS
[2026-07-23 15:06:08,501] INFO    - [feature_store:35] - No features Parquet file found for RBLBANK.NS at storage/features\RBLBANK_NS.parquet | ticker=RBLBANK.NS
[2026-07-23 15:06:08,502] INFO    - [feature_store:156] - Initializing new Feature Store for RBLBANK.NS during raw | ticker=RBLBANK.NS
[2026-07-23 15:06:08,511] INFO    - [feature_store:142] - Saved Feature Store for RBLBANK.NS to storage/features\RBLBANK_NS.parquet | ticker=RBLBANK.NS
[2026-07-23 15:06:08,512] INFO    - [indicators:289 ] - Computing technical indicators across all categories...
[2026-07-23 15:06:08,608] INFO    - [indicators:305 ] - Successfully computed 59 indicator columns.
[2026-07-23 15:06:08,616] INFO    - [feature_store:55] - Successfully loaded 5 features for RBLBANK.NS | ticker=RBLBANK.NS
[2026-07-23 15:06:08,642] INFO    - [feature_store:142] - Saved Feature Store for RBLBANK.NS to storage/features\RBLBANK_NS.parquet | ticker=RBLBANK.NS
[2026-07-23 15:06:08,643] INFO    - [candlestick:169] - Computing price action returns and candlestick patterns...
[2026-07-23 15:06:08,711] INFO    - [candlestick:184] - Successfully computed 15 price action / pattern columns.
[2026-07-23 15:06:08,722] INFO    - [feature_store:55] - Successfully loaded 64 features for RBLBANK.NS | ticker=RBLBANK.NS
[2026-07-23 15:06:08,756] INFO    - [feature_store:142] - Saved Feature Store for RBLBANK.NS to storage/features\RBLBANK_NS.parquet | ticker=RBLBANK.NS
[2026-07-23 15:06:08,776] INFO    - [cache:123      ] - Cache HIT for ticker ^NSEI (1d) | ticker=^NSEI
[2026-07-23 15:06:08,787] INFO    - [cache:123      ] - Cache HIT for ticker ^NSEBANK (1d) | ticker=^NSEBANK
[2026-07-23 15:06:08,797] INFO    - [cache:123      ] - Cache HIT for ticker ^INDIAVIX (1d) | ticker=^INDIAVIX
[2026-07-23 15:06:08,806] INFO    - [cache:123      ] - Cache HIT for ticker ^NSEI (1d) | ticker=^NSEI
[2026-07-23 15:06:08,811] INFO    - [vix_analysis:42] - India VIX: 13.63 (Percentile: 68.0%, Regime: Normal)
[2026-07-23 15:06:08,863] INFO    - [chart_data:31  ] - Constructing client visualization payload...
[2026-07-23 15:06:08,925] WARNING - [gemini_client:43] - Gemini Client uninitialized (missing API Key). Routing to fallback generation.
[2026-07-23 15:06:08,957] INFO    - [gemini_client:184] - Generated graceful fallback report for RBLBANK.NS in 32.5ms
[2026-07-23 15:06:08,957] INFO    - [cache:68       ] - Cached new LLM analysis report for RBLBANK.NS (1d)
[2026-07-23 15:06:08,959] INFO    - [analysis:362   ] - Completed deterministic analysis for RBLBANK.NS in 878.9ms | ticker=RBLBANK.NS execution_time=878.92ms
[2026-07-23 15:06:08,962] WARNING - [market_opportunities:155] - Skipping RBLBANK.NS during opportunities scan: 'live_quote'
[2026-07-23 15:06:08,963] INFO    - [analysis:158   ] - Normalized ticker input: RAIN.NS -> RAIN.NS | ticker=RAIN.NS
[2026-07-23 15:06:08,964] INFO    - [downloader:103 ] - Downloading ticker data from yfinance: RAIN.NS (Interval: 1d, Period: 5y) | ticker=RAIN.NS
[2026-07-23 15:06:09,496] INFO    - [downloader:73  ] - Successfully cleaned and validated data for RAIN.NS. Rows: 1239 | ticker=RAIN.NS
[2026-07-23 15:06:09,522] INFO    - [cache:151      ] - Cached data saved for ticker RAIN.NS (1d) | ticker=RAIN.NS
[2026-07-23 15:06:09,525] INFO    - [feature_store:35] - No features Parquet file found for RAIN.NS at storage/features\RAIN_NS.parquet | ticker=RAIN.NS
[2026-07-23 15:06:09,525] INFO    - [feature_store:156] - Initializing new Feature Store for RAIN.NS during raw | ticker=RAIN.NS
[2026-07-23 15:06:09,533] INFO    - [feature_store:142] - Saved Feature Store for RAIN.NS to storage/features\RAIN_NS.parquet | ticker=RAIN.NS
[2026-07-23 15:06:09,533] INFO    - [indicators:289 ] - Computing technical indicators across all categories...
[2026-07-23 15:06:09,670] INFO    - [indicators:305 ] - Successfully computed 59 indicator columns.
[2026-07-23 15:06:09,681] INFO    - [feature_store:55] - Successfully loaded 5 features for RAIN.NS | ticker=RAIN.NS
[2026-07-23 15:06:09,732] INFO    - [feature_store:142] - Saved Feature Store for RAIN.NS to storage/features\RAIN_NS.parquet | ticker=RAIN.NS
[2026-07-23 15:06:09,733] INFO    - [candlestick:169] - Computing price action returns and candlestick patterns...
[2026-07-23 15:06:09,783] INFO    - [candlestick:184] - Successfully computed 15 price action / pattern columns.
[2026-07-23 15:06:09,797] INFO    - [feature_store:55] - Successfully loaded 64 features for RAIN.NS | ticker=RAIN.NS
[2026-07-23 15:06:09,864] INFO    - [feature_store:142] - Saved Feature Store for RAIN.NS to storage/features\RAIN_NS.parquet | ticker=RAIN.NS
[2026-07-23 15:06:09,918] INFO    - [cache:123      ] - Cache HIT for ticker ^NSEI (1d) | ticker=^NSEI
[2026-07-23 15:06:09,937] INFO    - [cache:123      ] - Cache HIT for ticker ^NSEBANK (1d) | ticker=^NSEBANK
[2026-07-23 15:06:09,955] INFO    - [cache:123      ] - Cache HIT for ticker ^INDIAVIX (1d) | ticker=^INDIAVIX
[2026-07-23 15:06:09,973] INFO    - [cache:123      ] - Cache HIT for ticker ^NSEI (1d) | ticker=^NSEI
[2026-07-23 15:06:09,981] INFO    - [vix_analysis:42] - India VIX: 13.63 (Percentile: 68.0%, Regime: Normal)
[2026-07-23 15:06:10,064] INFO    - [chart_data:31  ] - Constructing client visualization payload...
[2026-07-23 15:06:10,130] WARNING - [gemini_client:43] - Gemini Client uninitialized (missing API Key). Routing to fallback generation.
[2026-07-23 15:06:10,131] INFO    - [gemini_client:184] - Generated graceful fallback report for RAIN.NS in 1.0ms
[2026-07-23 15:06:10,132] INFO    - [cache:68       ] - Cached new LLM analysis report for RAIN.NS (1d)
[2026-07-23 15:06:10,133] INFO    - [analysis:362   ] - Completed deterministic analysis for RAIN.NS in 1163.6ms | ticker=RAIN.NS execution_time=1163.58ms
[2026-07-23 15:06:10,134] WARNING - [market_opportunities:155] - Skipping RAIN.NS during opportunities scan: 'live_quote'
[2026-07-23 15:06:10,135] INFO    - [analysis:158   ] - Normalized ticker input: RAMCOCEM.NS -> RAMCOCEM.NS | ticker=RAMCOCEM.NS
[2026-07-23 15:06:10,136] INFO    - [downloader:103 ] - Downloading ticker data from yfinance: RAMCOCEM.NS (Interval: 1d, Period: 5y) | ticker=RAMCOCEM.NS
[2026-07-23 15:06:10,681] INFO    - [downloader:73  ] - Successfully cleaned and validated data for RAMCOCEM.NS. Rows: 1238 | ticker=RAMCOCEM.NS
[2026-07-23 15:06:10,693] INFO    - [cache:151      ] - Cached data saved for ticker RAMCOCEM.NS (1d) | ticker=RAMCOCEM.NS
[2026-07-23 15:06:10,695] INFO    - [feature_store:35] - No features Parquet file found for RAMCOCEM.NS at storage/features\RAMCOCEM_NS.parquet | ticker=RAMCOCEM.NS
[2026-07-23 15:06:10,695] INFO    - [feature_store:156] - Initializing new Feature Store for RAMCOCEM.NS during raw | ticker=RAMCOCEM.NS
[2026-07-23 15:06:10,702] INFO    - [feature_store:142] - Saved Feature Store for RAMCOCEM.NS to storage/features\RAMCOCEM_NS.parquet | ticker=RAMCOCEM.NS
[2026-07-23 15:06:10,703] INFO    - [indicators:289 ] - Computing technical indicators across all categories...
[2026-07-23 15:06:10,806] INFO    - [indicators:305 ] - Successfully computed 59 indicator columns.
[2026-07-23 15:06:10,812] INFO    - [feature_store:55] - Successfully loaded 5 features for RAMCOCEM.NS | ticker=RAMCOCEM.NS
[2026-07-23 15:06:10,837] INFO    - [feature_store:142] - Saved Feature Store for RAMCOCEM.NS to storage/features\RAMCOCEM_NS.parquet | ticker=RAMCOCEM.NS
[2026-07-23 15:06:10,837] INFO    - [candlestick:169] - Computing price action returns and candlestick patterns...
[2026-07-23 15:06:10,936] INFO    - [candlestick:184] - Successfully computed 15 price action / pattern columns.
[2026-07-23 15:06:10,947] INFO    - [feature_store:55] - Successfully loaded 64 features for RAMCOCEM.NS | ticker=RAMCOCEM.NS
[2026-07-23 15:06:10,991] INFO    - [feature_store:142] - Saved Feature Store for RAMCOCEM.NS to storage/features\RAMCOCEM_NS.parquet | ticker=RAMCOCEM.NS
[2026-07-23 15:06:11,048] INFO    - [cache:123      ] - Cache HIT for ticker ^NSEI (1d) | ticker=^NSEI
[2026-07-23 15:06:11,064] INFO    - [cache:123      ] - Cache HIT for ticker ^NSEBANK (1d) | ticker=^NSEBANK
[2026-07-23 15:06:11,080] INFO    - [cache:123      ] - Cache HIT for ticker ^INDIAVIX (1d) | ticker=^INDIAVIX
[2026-07-23 15:06:11,096] INFO    - [cache:123      ] - Cache HIT for ticker ^NSEI (1d) | ticker=^NSEI
[2026-07-23 15:06:11,108] INFO    - [vix_analysis:42] - India VIX: 13.63 (Percentile: 68.0%, Regime: Normal)
[2026-07-23 15:06:11,180] INFO    - [chart_data:31  ] - Constructing client visualization payload...
[2026-07-23 15:06:11,231] WARNING - [gemini_client:43] - Gemini Client uninitialized (missing API Key). Routing to fallback generation.
[2026-07-23 15:06:11,231] INFO    - [gemini_client:184] - Generated graceful fallback report for RAMCOCEM.NS in 0.0ms
[2026-07-23 15:06:11,232] INFO    - [cache:68       ] - Cached new LLM analysis report for RAMCOCEM.NS (1d)
[2026-07-23 15:06:11,233] INFO    - [analysis:362   ] - Completed deterministic analysis for RAMCOCEM.NS in 1094.3ms | ticker=RAMCOCEM.NS execution_time=1094.29ms
[2026-07-23 15:06:11,234] WARNING - [market_opportunities:155] - Skipping RAMCOCEM.NS during opportunities scan: 'live_quote'
[2026-07-23 15:06:11,235] INFO    - [analysis:158   ] - Normalized ticker input: RECLTD.NS -> RECLTD.NS | ticker=RECLTD.NS
[2026-07-23 15:06:11,236] INFO    - [downloader:103 ] - Downloading ticker data from yfinance: RECLTD.NS (Interval: 1d, Period: 5y) | ticker=RECLTD.NS
[2026-07-23 15:06:11,709] INFO    - [downloader:73  ] - Successfully cleaned and validated data for RECLTD.NS. Rows: 1239 | ticker=RECLTD.NS
[2026-07-23 15:06:11,720] INFO    - [cache:151      ] - Cached data saved for ticker RECLTD.NS (1d) | ticker=RECLTD.NS
[2026-07-23 15:06:11,722] INFO    - [feature_store:35] - No features Parquet file found for RECLTD.NS at storage/features\RECLTD_NS.parquet | ticker=RECLTD.NS
[2026-07-23 15:06:11,722] INFO    - [feature_store:156] - Initializing new Feature Store for RECLTD.NS during raw | ticker=RECLTD.NS
[2026-07-23 15:06:11,729] INFO    - [feature_store:142] - Saved Feature Store for RECLTD.NS to storage/features\RECLTD_NS.parquet | ticker=RECLTD.NS
[2026-07-23 15:06:11,729] INFO    - [indicators:289 ] - Computing technical indicators across all categories...
[2026-07-23 15:06:11,817] INFO    - [indicators:305 ] - Successfully computed 59 indicator columns.
[2026-07-23 15:06:11,823] INFO    - [feature_store:55] - Successfully loaded 5 features for RECLTD.NS | ticker=RECLTD.NS
[2026-07-23 15:06:11,846] INFO    - [feature_store:142] - Saved Feature Store for RECLTD.NS to storage/features\RECLTD_NS.parquet | ticker=RECLTD.NS
[2026-07-23 15:06:11,847] INFO    - [candlestick:169] - Computing price action returns and candlestick patterns...
[2026-07-23 15:06:11,925] INFO    - [candlestick:184] - Successfully computed 15 price action / pattern columns.
[2026-07-23 15:06:11,935] INFO    - [feature_store:55] - Successfully loaded 64 features for RECLTD.NS | ticker=RECLTD.NS
[2026-07-23 15:06:11,966] INFO    - [feature_store:142] - Saved Feature Store for RECLTD.NS to storage/features\RECLTD_NS.parquet | ticker=RECLTD.NS
[2026-07-23 15:06:11,984] INFO    - [cache:123      ] - Cache HIT for ticker ^NSEI (1d) | ticker=^NSEI
[2026-07-23 15:06:11,992] INFO    - [cache:123      ] - Cache HIT for ticker ^NSEBANK (1d) | ticker=^NSEBANK
[2026-07-23 15:06:11,999] INFO    - [cache:123      ] - Cache HIT for ticker ^INDIAVIX (1d) | ticker=^INDIAVIX
[2026-07-23 15:06:12,007] INFO    - [cache:123      ] - Cache HIT for ticker ^NSEI (1d) | ticker=^NSEI
[2026-07-23 15:06:12,014] INFO    - [vix_analysis:42] - India VIX: 13.63 (Percentile: 68.0%, Regime: Normal)
[2026-07-23 15:06:12,068] INFO    - [chart_data:31  ] - Constructing client visualization payload...
[2026-07-23 15:06:12,145] WARNING - [gemini_client:43] - Gemini Client uninitialized (missing API Key). Routing to fallback generation.
[2026-07-23 15:06:12,146] INFO    - [gemini_client:184] - Generated graceful fallback report for RECLTD.NS in 0.0ms
[2026-07-23 15:06:12,146] INFO    - [cache:68       ] - Cached new LLM analysis report for RECLTD.NS (1d)
[2026-07-23 15:06:12,147] INFO    - [analysis:362   ] - Completed deterministic analysis for RECLTD.NS in 907.3ms | ticker=RECLTD.NS execution_time=907.32ms
[2026-07-23 15:06:12,148] WARNING - [market_opportunities:155] - Skipping RECLTD.NS during opportunities scan: 'live_quote'
[2026-07-23 15:06:12,149] INFO    - [analysis:158   ] - Normalized ticker input: INOXWIND.NS -> INOXWIND.NS | ticker=INOXWIND.NS
[2026-07-23 15:06:12,149] INFO    - [downloader:103 ] - Downloading ticker data from yfinance: INOXWIND.NS (Interval: 1d, Period: 5y) | ticker=INOXWIND.NS
[2026-07-23 15:06:12,740] INFO    - [downloader:73  ] - Successfully cleaned and validated data for INOXWIND.NS. Rows: 1239 | ticker=INOXWIND.NS
[2026-07-23 15:06:12,758] INFO    - [cache:151      ] - Cached data saved for ticker INOXWIND.NS (1d) | ticker=INOXWIND.NS
[2026-07-23 15:06:12,759] INFO    - [feature_store:35] - No features Parquet file found for INOXWIND.NS at storage/features\INOXWIND_NS.parquet | ticker=INOXWIND.NS
[2026-07-23 15:06:12,759] INFO    - [feature_store:156] - Initializing new Feature Store for INOXWIND.NS during raw | ticker=INOXWIND.NS
[2026-07-23 15:06:12,765] INFO    - [feature_store:142] - Saved Feature Store for INOXWIND.NS to storage/features\INOXWIND_NS.parquet | ticker=INOXWIND.NS
[2026-07-23 15:06:12,766] INFO    - [indicators:289 ] - Computing technical indicators across all categories...
[2026-07-23 15:06:12,855] INFO    - [indicators:305 ] - Successfully computed 59 indicator columns.
[2026-07-23 15:06:12,860] INFO    - [feature_store:55] - Successfully loaded 5 features for INOXWIND.NS | ticker=INOXWIND.NS
[2026-07-23 15:06:12,886] INFO    - [feature_store:142] - Saved Feature Store for INOXWIND.NS to storage/features\INOXWIND_NS.parquet | ticker=INOXWIND.NS
[2026-07-23 15:06:12,887] INFO    - [candlestick:169] - Computing price action returns and candlestick patterns...
[2026-07-23 15:06:12,943] INFO    - [candlestick:184] - Successfully computed 15 price action / pattern columns.
[2026-07-23 15:06:12,952] INFO    - [feature_store:55] - Successfully loaded 64 features for INOXWIND.NS | ticker=INOXWIND.NS
[2026-07-23 15:06:12,976] INFO    - [feature_store:142] - Saved Feature Store for INOXWIND.NS to storage/features\INOXWIND_NS.parquet | ticker=INOXWIND.NS
[2026-07-23 15:06:12,996] INFO    - [cache:123      ] - Cache HIT for ticker ^NSEI (1d) | ticker=^NSEI
[2026-07-23 15:06:13,005] INFO    - [cache:123      ] - Cache HIT for ticker ^NSEBANK (1d) | ticker=^NSEBANK
[2026-07-23 15:06:13,012] INFO    - [cache:123      ] - Cache HIT for ticker ^INDIAVIX (1d) | ticker=^INDIAVIX
[2026-07-23 15:06:13,057] INFO    - [cache:123      ] - Cache HIT for ticker ^NSEI (1d) | ticker=^NSEI
[2026-07-23 15:06:13,062] INFO    - [vix_analysis:42] - India VIX: 13.63 (Percentile: 68.0%, Regime: Normal)
[2026-07-23 15:06:13,095] INFO    - [chart_data:31  ] - Constructing client visualization payload...
[2026-07-23 15:06:13,142] WARNING - [gemini_client:43] - Gemini Client uninitialized (missing API Key). Routing to fallback generation.
[2026-07-23 15:06:13,142] INFO    - [gemini_client:184] - Generated graceful fallback report for INOXWIND.NS in 0.0ms
[2026-07-23 15:06:13,143] INFO    - [cache:68       ] - Cached new LLM analysis report for INOXWIND.NS (1d)
[2026-07-23 15:06:13,144] INFO    - [analysis:362   ] - Completed deterministic analysis for INOXWIND.NS in 990.4ms | ticker=INOXWIND.NS execution_time=990.43ms
[2026-07-23 15:06:13,145] WARNING - [market_opportunities:155] - Skipping INOXWIND.NS during opportunities scan: 'live_quote'
[2026-07-23 15:06:13,145] INFO    - [analysis:158   ] - Normalized ticker input: INDIGO.NS -> INDIGO.NS | ticker=INDIGO.NS
[2026-07-23 15:06:13,145] INFO    - [downloader:103 ] - Downloading ticker data from yfinance: INDIGO.NS (Interval: 1d, Period: 5y) | ticker=INDIGO.NS
[2026-07-23 15:06:13,593] INFO    - [downloader:73  ] - Successfully cleaned and validated data for INDIGO.NS. Rows: 1238 | ticker=INDIGO.NS
[2026-07-23 15:06:13,612] INFO    - [cache:151      ] - Cached data saved for ticker INDIGO.NS (1d) | ticker=INDIGO.NS
[2026-07-23 15:06:13,614] INFO    - [feature_store:35] - No features Parquet file found for INDIGO.NS at storage/features\INDIGO_NS.parquet | ticker=INDIGO.NS
[2026-07-23 15:06:13,615] INFO    - [feature_store:156] - Initializing new Feature Store for INDIGO.NS during raw | ticker=INDIGO.NS
[2026-07-23 15:06:13,623] INFO    - [feature_store:142] - Saved Feature Store for INDIGO.NS to storage/features\INDIGO_NS.parquet | ticker=INDIGO.NS
[2026-07-23 15:06:13,624] INFO    - [indicators:289 ] - Computing technical indicators across all categories...
[2026-07-23 15:06:13,725] INFO    - [indicators:305 ] - Successfully computed 59 indicator columns.
[2026-07-23 15:06:13,733] INFO    - [feature_store:55] - Successfully loaded 5 features for INDIGO.NS | ticker=INDIGO.NS
[2026-07-23 15:06:13,758] INFO    - [feature_store:142] - Saved Feature Store for INDIGO.NS to storage/features\INDIGO_NS.parquet | ticker=INDIGO.NS
[2026-07-23 15:06:13,759] INFO    - [candlestick:169] - Computing price action returns and candlestick patterns...
[2026-07-23 15:06:13,812] INFO    - [candlestick:184] - Successfully computed 15 price action / pattern columns.
[2026-07-23 15:06:13,822] INFO    - [feature_store:55] - Successfully loaded 64 features for INDIGO.NS | ticker=INDIGO.NS
[2026-07-23 15:06:13,857] INFO    - [feature_store:142] - Saved Feature Store for INDIGO.NS to storage/features\INDIGO_NS.parquet | ticker=INDIGO.NS
[2026-07-23 15:06:13,890] INFO    - [cache:123      ] - Cache HIT for ticker ^NSEI (1d) | ticker=^NSEI
[2026-07-23 15:06:13,902] INFO    - [cache:123      ] - Cache HIT for ticker ^NSEBANK (1d) | ticker=^NSEBANK
[2026-07-23 15:06:13,913] INFO    - [cache:123      ] - Cache HIT for ticker ^INDIAVIX (1d) | ticker=^INDIAVIX
[2026-07-23 15:06:13,922] INFO    - [cache:123      ] - Cache HIT for ticker ^NSEI (1d) | ticker=^NSEI
[2026-07-23 15:06:13,926] INFO    - [vix_analysis:42] - India VIX: 13.63 (Percentile: 68.0%, Regime: Normal)
[2026-07-23 15:06:13,961] INFO    - [chart_data:31  ] - Constructing client visualization payload...
[2026-07-23 15:06:14,014] WARNING - [gemini_client:43] - Gemini Client uninitialized (missing API Key). Routing to fallback generation.
[2026-07-23 15:06:14,015] INFO    - [gemini_client:184] - Generated graceful fallback report for INDIGO.NS in 1.0ms
[2026-07-23 15:06:14,016] INFO    - [cache:68       ] - Cached new LLM analysis report for INDIGO.NS (1d)
[2026-07-23 15:06:14,017] INFO    - [analysis:362   ] - Completed deterministic analysis for INDIGO.NS in 868.8ms | ticker=INDIGO.NS execution_time=868.77ms
[2026-07-23 15:06:14,018] WARNING - [market_opportunities:155] - Skipping INDIGO.NS during opportunities scan: 'live_quote'
[2026-07-23 15:06:14,019] INFO    - [analysis:158   ] - Normalized ticker input: INDUSTOWER.NS -> INDUSTOWER.NS | ticker=INDUSTOWER.NS
[2026-07-23 15:06:14,020] INFO    - [downloader:103 ] - Downloading ticker data from yfinance: INDUSTOWER.NS (Interval: 1d, Period: 5y) | ticker=INDUSTOWER.NS
[2026-07-23 15:06:14,578] INFO    - [downloader:73  ] - Successfully cleaned and validated data for INDUSTOWER.NS. Rows: 1239 | ticker=INDUSTOWER.NS
[2026-07-23 15:06:14,591] INFO    - [cache:151      ] - Cached data saved for ticker INDUSTOWER.NS (1d) | ticker=INDUSTOWER.NS
[2026-07-23 15:06:14,593] INFO    - [feature_store:35] - No features Parquet file found for INDUSTOWER.NS at storage/features\INDUSTOWER_NS.parquet | ticker=INDUSTOWER.NS
[2026-07-23 15:06:14,594] INFO    - [feature_store:156] - Initializing new Feature Store for INDUSTOWER.NS during raw | ticker=INDUSTOWER.NS
[2026-07-23 15:06:14,602] INFO    - [feature_store:142] - Saved Feature Store for INDUSTOWER.NS to storage/features\INDUSTOWER_NS.parquet | ticker=INDUSTOWER.NS
[2026-07-23 15:06:14,602] INFO    - [indicators:289 ] - Computing technical indicators across all categories...
[2026-07-23 15:06:14,725] INFO    - [indicators:305 ] - Successfully computed 59 indicator columns.
[2026-07-23 15:06:14,732] INFO    - [feature_store:55] - Successfully loaded 5 features for INDUSTOWER.NS | ticker=INDUSTOWER.NS
[2026-07-23 15:06:14,773] INFO    - [feature_store:142] - Saved Feature Store for INDUSTOWER.NS to storage/features\INDUSTOWER_NS.parquet | ticker=INDUSTOWER.NS
[2026-07-23 15:06:14,775] INFO    - [candlestick:169] - Computing price action returns and candlestick patterns...
[2026-07-23 15:06:14,856] INFO    - [candlestick:184] - Successfully computed 15 price action / pattern columns.
[2026-07-23 15:06:14,866] INFO    - [feature_store:55] - Successfully loaded 64 features for INDUSTOWER.NS | ticker=INDUSTOWER.NS
[2026-07-23 15:06:14,907] INFO    - [feature_store:142] - Saved Feature Store for INDUSTOWER.NS to storage/features\INDUSTOWER_NS.parquet | ticker=INDUSTOWER.NS
[2026-07-23 15:06:14,937] INFO    - [cache:123      ] - Cache HIT for ticker ^NSEI (1d) | ticker=^NSEI
[2026-07-23 15:06:14,943] INFO    - [cache:123      ] - Cache HIT for ticker ^NSEBANK (1d) | ticker=^NSEBANK
[2026-07-23 15:06:14,953] INFO    - [cache:123      ] - Cache HIT for ticker ^INDIAVIX (1d) | ticker=^INDIAVIX
[2026-07-23 15:06:14,960] INFO    - [cache:123      ] - Cache HIT for ticker ^NSEI (1d) | ticker=^NSEI
[2026-07-23 15:06:14,967] INFO    - [vix_analysis:42] - India VIX: 13.63 (Percentile: 68.0%, Regime: Normal)
[2026-07-23 15:06:15,015] INFO    - [chart_data:31  ] - Constructing client visualization payload...
[2026-07-23 15:06:15,075] WARNING - [gemini_client:43] - Gemini Client uninitialized (missing API Key). Routing to fallback generation.
[2026-07-23 15:06:15,076] INFO    - [gemini_client:184] - Generated graceful fallback report for INDUSTOWER.NS in 0.6ms
[2026-07-23 15:06:15,076] INFO    - [cache:68       ] - Cached new LLM analysis report for INDUSTOWER.NS (1d)
[2026-07-23 15:06:15,077] INFO    - [analysis:362   ] - Completed deterministic analysis for INDUSTOWER.NS in 1054.1ms | ticker=INDUSTOWER.NS execution_time=1054.14ms
[2026-07-23 15:06:15,078] WARNING - [market_opportunities:155] - Skipping INDUSTOWER.NS during opportunities scan: 'live_quote'
[2026-07-23 15:06:15,078] INFO    - [analysis:158   ] - Normalized ticker input: WIPRO.NS -> WIPRO.NS | ticker=WIPRO.NS
[2026-07-23 15:06:15,078] INFO    - [downloader:103 ] - Downloading ticker data from yfinance: WIPRO.NS (Interval: 1d, Period: 5y) | ticker=WIPRO.NS
[2026-07-23 15:06:15,459] INFO    - [downloader:73  ] - Successfully cleaned and validated data for WIPRO.NS. Rows: 1239 | ticker=WIPRO.NS
[2026-07-23 15:06:15,474] INFO    - [cache:151      ] - Cached data saved for ticker WIPRO.NS (1d) | ticker=WIPRO.NS
[2026-07-23 15:06:15,486] INFO    - [feature_store:55] - Successfully loaded 79 features for WIPRO.NS | ticker=WIPRO.NS
[2026-07-23 15:06:15,519] INFO    - [feature_store:142] - Saved Feature Store for WIPRO.NS to storage/features\WIPRO_NS.parquet | ticker=WIPRO.NS
[2026-07-23 15:06:15,520] INFO    - [indicators:289 ] - Computing technical indicators across all categories...
[2026-07-23 15:06:15,606] INFO    - [indicators:305 ] - Successfully computed 59 indicator columns.
[2026-07-23 15:06:15,615] INFO    - [feature_store:55] - Successfully loaded 79 features for WIPRO.NS | ticker=WIPRO.NS
[2026-07-23 15:06:15,639] INFO    - [feature_store:142] - Saved Feature Store for WIPRO.NS to storage/features\WIPRO_NS.parquet | ticker=WIPRO.NS
[2026-07-23 15:06:15,639] INFO    - [candlestick:169] - Computing price action returns and candlestick patterns...
[2026-07-23 15:06:15,693] INFO    - [candlestick:184] - Successfully computed 15 price action / pattern columns.
[2026-07-23 15:06:15,703] INFO    - [feature_store:55] - Successfully loaded 79 features for WIPRO.NS | ticker=WIPRO.NS
[2026-07-23 15:06:15,728] INFO    - [feature_store:142] - Saved Feature Store for WIPRO.NS to storage/features\WIPRO_NS.parquet | ticker=WIPRO.NS
[2026-07-23 15:06:15,747] INFO    - [cache:123      ] - Cache HIT for ticker ^NSEI (1d) | ticker=^NSEI
[2026-07-23 15:06:15,789] INFO    - [cache:123      ] - Cache HIT for ticker ^NSEBANK (1d) | ticker=^NSEBANK
[2026-07-23 15:06:15,799] INFO    - [cache:123      ] - Cache HIT for ticker ^INDIAVIX (1d) | ticker=^INDIAVIX
[2026-07-23 15:06:15,807] INFO    - [cache:123      ] - Cache HIT for ticker ^NSEI (1d) | ticker=^NSEI
[2026-07-23 15:06:15,810] INFO    - [vix_analysis:42] - India VIX: 13.63 (Percentile: 68.0%, Regime: Normal)
[2026-07-23 15:06:15,841] INFO    - [chart_data:31  ] - Constructing client visualization payload...
[2026-07-23 15:06:15,884] WARNING - [gemini_client:43] - Gemini Client uninitialized (missing API Key). Routing to fallback generation.
[2026-07-23 15:06:15,885] INFO    - [gemini_client:184] - Generated graceful fallback report for WIPRO.NS in 0.0ms
[2026-07-23 15:06:15,885] INFO    - [cache:68       ] - Cached new LLM analysis report for WIPRO.NS (1d)
[2026-07-23 15:06:15,886] INFO    - [analysis:362   ] - Completed deterministic analysis for WIPRO.NS in 804.3ms | ticker=WIPRO.NS execution_time=804.31ms
[2026-07-23 15:06:15,887] WARNING - [market_opportunities:155] - Skipping WIPRO.NS during opportunities scan: 'live_quote'
[2026-07-23 15:06:15,887] INFO    - [analysis:158   ] - Normalized ticker input: ITC.NS -> ITC.NS | ticker=ITC.NS
[2026-07-23 15:06:15,887] INFO    - [downloader:103 ] - Downloading ticker data from yfinance: ITC.NS (Interval: 1d, Period: 5y) | ticker=ITC.NS
[2026-07-23 15:06:16,272] INFO    - [downloader:73  ] - Successfully cleaned and validated data for ITC.NS. Rows: 1239 | ticker=ITC.NS
[2026-07-23 15:06:16,286] INFO    - [cache:151      ] - Cached data saved for ticker ITC.NS (1d) | ticker=ITC.NS
[2026-07-23 15:06:16,297] INFO    - [feature_store:55] - Successfully loaded 79 features for ITC.NS | ticker=ITC.NS
[2026-07-23 15:06:16,323] INFO    - [feature_store:142] - Saved Feature Store for ITC.NS to storage/features\ITC_NS.parquet | ticker=ITC.NS
[2026-07-23 15:06:16,324] INFO    - [indicators:289 ] - Computing technical indicators across all categories...
[2026-07-23 15:06:16,408] INFO    - [indicators:305 ] - Successfully computed 59 indicator columns.
[2026-07-23 15:06:16,418] INFO    - [feature_store:55] - Successfully loaded 79 features for ITC.NS | ticker=ITC.NS
[2026-07-23 15:06:16,446] INFO    - [feature_store:142] - Saved Feature Store for ITC.NS to storage/features\ITC_NS.parquet | ticker=ITC.NS
[2026-07-23 15:06:16,447] INFO    - [candlestick:169] - Computing price action returns and candlestick patterns...
[2026-07-23 15:06:16,501] INFO    - [candlestick:184] - Successfully computed 15 price action / pattern columns.
[2026-07-23 15:06:16,512] INFO    - [feature_store:55] - Successfully loaded 79 features for ITC.NS | ticker=ITC.NS
[2026-07-23 15:06:16,537] INFO    - [feature_store:142] - Saved Feature Store for ITC.NS to storage/features\ITC_NS.parquet | ticker=ITC.NS
[2026-07-23 15:06:16,558] INFO    - [cache:123      ] - Cache HIT for ticker ^NSEI (1d) | ticker=^NSEI
[2026-07-23 15:06:16,566] INFO    - [cache:123      ] - Cache HIT for ticker ^NSEBANK (1d) | ticker=^NSEBANK
[2026-07-23 15:06:16,574] INFO    - [cache:123      ] - Cache HIT for ticker ^INDIAVIX (1d) | ticker=^INDIAVIX
[2026-07-23 15:06:16,582] INFO    - [cache:123      ] - Cache HIT for ticker ^CNXFMCG (1d) | ticker=^CNXFMCG
[2026-07-23 15:06:16,587] INFO    - [vix_analysis:42] - India VIX: 13.63 (Percentile: 68.0%, Regime: Normal)
[2026-07-23 15:06:16,624] INFO    - [chart_data:31  ] - Constructing client visualization payload...
[2026-07-23 15:06:16,683] WARNING - [gemini_client:43] - Gemini Client uninitialized (missing API Key). Routing to fallback generation.
[2026-07-23 15:06:16,683] INFO    - [gemini_client:184] - Generated graceful fallback report for ITC.NS in 0.0ms
[2026-07-23 15:06:16,683] INFO    - [cache:68       ] - Cached new LLM analysis report for ITC.NS (1d)
[2026-07-23 15:06:16,686] INFO    - [analysis:362   ] - Completed deterministic analysis for ITC.NS in 795.6ms | ticker=ITC.NS execution_time=795.64ms
[2026-07-23 15:06:16,687] WARNING - [market_opportunities:155] - Skipping ITC.NS during opportunities scan: 'live_quote'
[2026-07-23 15:06:16,688] INFO    - [analysis:158   ] - Normalized ticker input: HINDUNILVR.NS -> HINDUNILVR.NS | ticker=HINDUNILVR.NS
[2026-07-23 15:06:16,688] INFO    - [downloader:103 ] - Downloading ticker data from yfinance: HINDUNILVR.NS (Interval: 1d, Period: 5y) | ticker=HINDUNILVR.NS
[2026-07-23 15:06:16,975] INFO    - [downloader:73  ] - Successfully cleaned and validated data for HINDUNILVR.NS. Rows: 1239 | ticker=HINDUNILVR.NS
[2026-07-23 15:06:16,992] INFO    - [cache:151      ] - Cached data saved for ticker HINDUNILVR.NS (1d) | ticker=HINDUNILVR.NS
[2026-07-23 15:06:17,006] INFO    - [feature_store:55] - Successfully loaded 79 features for HINDUNILVR.NS | ticker=HINDUNILVR.NS
[2026-07-23 15:06:17,041] INFO    - [feature_store:142] - Saved Feature Store for HINDUNILVR.NS to storage/features\HINDUNILVR_NS.parquet | ticker=HINDUNILVR.NS
[2026-07-23 15:06:17,042] INFO    - [indicators:289 ] - Computing technical indicators across all categories...
[2026-07-23 15:06:17,173] INFO    - [indicators:305 ] - Successfully computed 59 indicator columns.
[2026-07-23 15:06:17,184] INFO    - [feature_store:55] - Successfully loaded 79 features for HINDUNILVR.NS | ticker=HINDUNILVR.NS
[2026-07-23 15:06:17,222] INFO    - [feature_store:142] - Saved Feature Store for HINDUNILVR.NS to storage/features\HINDUNILVR_NS.parquet | ticker=HINDUNILVR.NS
[2026-07-23 15:06:17,223] INFO    - [candlestick:169] - Computing price action returns and candlestick patterns...
[2026-07-23 15:06:17,315] INFO    - [candlestick:184] - Successfully computed 15 price action / pattern columns.
[2026-07-23 15:06:17,335] INFO    - [feature_store:55] - Successfully loaded 79 features for HINDUNILVR.NS | ticker=HINDUNILVR.NS
[2026-07-23 15:06:17,391] INFO    - [feature_store:142] - Saved Feature Store for HINDUNILVR.NS to storage/features\HINDUNILVR_NS.parquet | ticker=HINDUNILVR.NS
[2026-07-23 15:06:17,429] INFO    - [cache:123      ] - Cache HIT for ticker ^NSEI (1d) | ticker=^NSEI
[2026-07-23 15:06:17,437] INFO    - [cache:123      ] - Cache HIT for ticker ^NSEBANK (1d) | ticker=^NSEBANK
[2026-07-23 15:06:17,445] INFO    - [cache:123      ] - Cache HIT for ticker ^INDIAVIX (1d) | ticker=^INDIAVIX
[2026-07-23 15:06:17,457] INFO    - [cache:123      ] - Cache HIT for ticker ^CNXFMCG (1d) | ticker=^CNXFMCG
[2026-07-23 15:06:17,466] INFO    - [vix_analysis:42] - India VIX: 13.63 (Percentile: 68.0%, Regime: Normal)
[2026-07-23 15:06:17,510] INFO    - [chart_data:31  ] - Constructing client visualization payload...
[2026-07-23 15:06:17,571] WARNING - [gemini_client:43] - Gemini Client uninitialized (missing API Key). Routing to fallback generation.
[2026-07-23 15:06:17,572] INFO    - [gemini_client:184] - Generated graceful fallback report for HINDUNILVR.NS in 1.0ms
[2026-07-23 15:06:17,573] INFO    - [cache:68       ] - Cached new LLM analysis report for HINDUNILVR.NS (1d)
[2026-07-23 15:06:17,574] INFO    - [analysis:362   ] - Completed deterministic analysis for HINDUNILVR.NS in 881.2ms | ticker=HINDUNILVR.NS execution_time=881.25ms
[2026-07-23 15:06:17,576] WARNING - [market_opportunities:155] - Skipping HINDUNILVR.NS during opportunities scan: 'live_quote'
[2026-07-23 15:06:17,576] INFO    - [analysis:158   ] - Normalized ticker input: AXISBANK.NS -> AXISBANK.NS | ticker=AXISBANK.NS
[2026-07-23 15:06:17,577] INFO    - [downloader:103 ] - Downloading ticker data from yfinance: AXISBANK.NS (Interval: 1d, Period: 5y) | ticker=AXISBANK.NS
[2026-07-23 15:06:17,965] INFO    - [downloader:73  ] - Successfully cleaned and validated data for AXISBANK.NS. Rows: 1239 | ticker=AXISBANK.NS
[2026-07-23 15:06:17,980] INFO    - [cache:151      ] - Cached data saved for ticker AXISBANK.NS (1d) | ticker=AXISBANK.NS
[2026-07-23 15:06:17,991] INFO    - [feature_store:55] - Successfully loaded 79 features for AXISBANK.NS | ticker=AXISBANK.NS
[2026-07-23 15:06:18,020] INFO    - [feature_store:142] - Saved Feature Store for AXISBANK.NS to storage/features\AXISBANK_NS.parquet | ticker=AXISBANK.NS
[2026-07-23 15:06:18,021] INFO    - [indicators:289 ] - Computing technical indicators across all categories...
[2026-07-23 15:06:18,134] INFO    - [indicators:305 ] - Successfully computed 59 indicator columns.
[2026-07-23 15:06:18,145] INFO    - [feature_store:55] - Successfully loaded 79 features for AXISBANK.NS | ticker=AXISBANK.NS
[2026-07-23 15:06:18,175] INFO    - [feature_store:142] - Saved Feature Store for AXISBANK.NS to storage/features\AXISBANK_NS.parquet | ticker=AXISBANK.NS
[2026-07-23 15:06:18,177] INFO    - [candlestick:169] - Computing price action returns and candlestick patterns...
[2026-07-23 15:06:18,279] INFO    - [candlestick:184] - Successfully computed 15 price action / pattern columns.
[2026-07-23 15:06:18,288] INFO    - [feature_store:55] - Successfully loaded 79 features for AXISBANK.NS | ticker=AXISBANK.NS
[2026-07-23 15:06:18,322] INFO    - [feature_store:142] - Saved Feature Store for AXISBANK.NS to storage/features\AXISBANK_NS.parquet | ticker=AXISBANK.NS
[2026-07-23 15:06:18,345] INFO    - [cache:123      ] - Cache HIT for ticker ^NSEI (1d) | ticker=^NSEI
[2026-07-23 15:06:18,354] INFO    - [cache:123      ] - Cache HIT for ticker ^NSEBANK (1d) | ticker=^NSEBANK
[2026-07-23 15:06:18,365] INFO    - [cache:123      ] - Cache HIT for ticker ^INDIAVIX (1d) | ticker=^INDIAVIX
[2026-07-23 15:06:18,380] INFO    - [cache:123      ] - Cache HIT for ticker ^NSEI (1d) | ticker=^NSEI
[2026-07-23 15:06:18,384] INFO    - [vix_analysis:42] - India VIX: 13.63 (Percentile: 68.0%, Regime: Normal)
[2026-07-23 15:06:18,425] INFO    - [chart_data:31  ] - Constructing client visualization payload...
[2026-07-23 15:06:18,485] WARNING - [gemini_client:43] - Gemini Client uninitialized (missing API Key). Routing to fallback generation.
[2026-07-23 15:06:18,485] INFO    - [gemini_client:184] - Generated graceful fallback report for AXISBANK.NS in 0.0ms
[2026-07-23 15:06:18,511] INFO    - [cache:68       ] - Cached new LLM analysis report for AXISBANK.NS (1d)
[2026-07-23 15:06:18,514] INFO    - [analysis:362   ] - Completed deterministic analysis for AXISBANK.NS in 906.2ms | ticker=AXISBANK.NS execution_time=906.19ms
[2026-07-23 15:06:18,515] WARNING - [market_opportunities:155] - Skipping AXISBANK.NS during opportunities scan: 'live_quote'
[2026-07-23 15:06:18,515] INFO    - [analysis:158   ] - Normalized ticker input: KOTAKBANK.NS -> KOTAKBANK.NS | ticker=KOTAKBANK.NS
[2026-07-23 15:06:18,516] INFO    - [downloader:103 ] - Downloading ticker data from yfinance: KOTAKBANK.NS (Interval: 1d, Period: 5y) | ticker=KOTAKBANK.NS
[2026-07-23 15:06:18,872] INFO    - [downloader:73  ] - Successfully cleaned and validated data for KOTAKBANK.NS. Rows: 1239 | ticker=KOTAKBANK.NS
[2026-07-23 15:06:18,921] INFO    - [cache:151      ] - Cached data saved for ticker KOTAKBANK.NS (1d) | ticker=KOTAKBANK.NS
[2026-07-23 15:06:18,931] INFO    - [feature_store:55] - Successfully loaded 79 features for KOTAKBANK.NS | ticker=KOTAKBANK.NS
[2026-07-23 15:06:18,957] INFO    - [feature_store:142] - Saved Feature Store for KOTAKBANK.NS to storage/features\KOTAKBANK_NS.parquet | ticker=KOTAKBANK.NS
[2026-07-23 15:06:18,958] INFO    - [indicators:289 ] - Computing technical indicators across all categories...
[2026-07-23 15:06:19,046] INFO    - [indicators:305 ] - Successfully computed 59 indicator columns.
[2026-07-23 15:06:19,056] INFO    - [feature_store:55] - Successfully loaded 79 features for KOTAKBANK.NS | ticker=KOTAKBANK.NS
[2026-07-23 15:06:19,097] INFO    - [feature_store:142] - Saved Feature Store for KOTAKBANK.NS to storage/features\KOTAKBANK_NS.parquet | ticker=KOTAKBANK.NS
[2026-07-23 15:06:19,098] INFO    - [candlestick:169] - Computing price action returns and candlestick patterns...
[2026-07-23 15:06:19,167] INFO    - [candlestick:184] - Successfully computed 15 price action / pattern columns.
[2026-07-23 15:06:19,178] INFO    - [feature_store:55] - Successfully loaded 79 features for KOTAKBANK.NS | ticker=KOTAKBANK.NS
[2026-07-23 15:06:19,209] INFO    - [feature_store:142] - Saved Feature Store for KOTAKBANK.NS to storage/features\KOTAKBANK_NS.parquet | ticker=KOTAKBANK.NS
[2026-07-23 15:06:19,230] INFO    - [cache:123      ] - Cache HIT for ticker ^NSEI (1d) | ticker=^NSEI
[2026-07-23 15:06:19,236] INFO    - [cache:123      ] - Cache HIT for ticker ^NSEBANK (1d) | ticker=^NSEBANK
[2026-07-23 15:06:19,244] INFO    - [cache:123      ] - Cache HIT for ticker ^INDIAVIX (1d) | ticker=^INDIAVIX
[2026-07-23 15:06:19,252] INFO    - [cache:123      ] - Cache HIT for ticker ^NSEI (1d) | ticker=^NSEI
[2026-07-23 15:06:19,257] INFO    - [vix_analysis:42] - India VIX: 13.63 (Percentile: 68.0%, Regime: Normal)
[2026-07-23 15:06:19,321] INFO    - [chart_data:31  ] - Constructing client visualization payload...
[2026-07-23 15:06:19,413] WARNING - [gemini_client:43] - Gemini Client uninitialized (missing API Key). Routing to fallback generation.
[2026-07-23 15:06:19,414] INFO    - [gemini_client:184] - Generated graceful fallback report for KOTAKBANK.NS in 1.0ms
[2026-07-23 15:06:19,414] INFO    - [cache:68       ] - Cached new LLM analysis report for KOTAKBANK.NS (1d)
[2026-07-23 15:06:19,416] INFO    - [analysis:362   ] - Completed deterministic analysis for KOTAKBANK.NS in 894.1ms | ticker=KOTAKBANK.NS execution_time=894.08ms
[2026-07-23 15:06:19,417] WARNING - [market_opportunities:155] - Skipping KOTAKBANK.NS during opportunities scan: 'live_quote'
[2026-07-23 15:06:19,418] INFO    - [analysis:158   ] - Normalized ticker input: ADANIENT.NS -> ADANIENT.NS | ticker=ADANIENT.NS
[2026-07-23 15:06:19,419] INFO    - [downloader:103 ] - Downloading ticker data from yfinance: ADANIENT.NS (Interval: 1d, Period: 5y) | ticker=ADANIENT.NS
[2026-07-23 15:06:19,765] INFO    - [downloader:73  ] - Successfully cleaned and validated data for ADANIENT.NS. Rows: 1239 | ticker=ADANIENT.NS
[2026-07-23 15:06:19,793] INFO    - [cache:151      ] - Cached data saved for ticker ADANIENT.NS (1d) | ticker=ADANIENT.NS
[2026-07-23 15:06:19,816] INFO    - [feature_store:55] - Successfully loaded 79 features for ADANIENT.NS | ticker=ADANIENT.NS
[2026-07-23 15:06:19,890] INFO    - [feature_store:142] - Saved Feature Store for ADANIENT.NS to storage/features\ADANIENT_NS.parquet | ticker=ADANIENT.NS
[2026-07-23 15:06:19,890] INFO    - [indicators:289 ] - Computing technical indicators across all categories...
[2026-07-23 15:06:19,996] INFO    - [indicators:305 ] - Successfully computed 59 indicator columns.
[2026-07-23 15:06:20,007] INFO    - [feature_store:55] - Successfully loaded 79 features for ADANIENT.NS | ticker=ADANIENT.NS
[2026-07-23 15:06:20,036] INFO    - [feature_store:142] - Saved Feature Store for ADANIENT.NS to storage/features\ADANIENT_NS.parquet | ticker=ADANIENT.NS
[2026-07-23 15:06:20,037] INFO    - [candlestick:169] - Computing price action returns and candlestick patterns...
[2026-07-23 15:06:20,087] INFO    - [candlestick:184] - Successfully computed 15 price action / pattern columns.
[2026-07-23 15:06:20,099] INFO    - [feature_store:55] - Successfully loaded 79 features for ADANIENT.NS | ticker=ADANIENT.NS
[2026-07-23 15:06:20,124] INFO    - [feature_store:142] - Saved Feature Store for ADANIENT.NS to storage/features\ADANIENT_NS.parquet | ticker=ADANIENT.NS
[2026-07-23 15:06:20,150] INFO    - [cache:123      ] - Cache HIT for ticker ^NSEI (1d) | ticker=^NSEI
[2026-07-23 15:06:20,157] INFO    - [cache:123      ] - Cache HIT for ticker ^NSEBANK (1d) | ticker=^NSEBANK
[2026-07-23 15:06:20,166] INFO    - [cache:123      ] - Cache HIT for ticker ^INDIAVIX (1d) | ticker=^INDIAVIX
[2026-07-23 15:06:20,173] INFO    - [cache:123      ] - Cache HIT for ticker ^NSEI (1d) | ticker=^NSEI
[2026-07-23 15:06:20,176] INFO    - [vix_analysis:42] - India VIX: 13.63 (Percentile: 68.0%, Regime: Normal)
[2026-07-23 15:06:20,215] INFO    - [chart_data:31  ] - Constructing client visualization payload...
[2026-07-23 15:06:20,300] WARNING - [gemini_client:43] - Gemini Client uninitialized (missing API Key). Routing to fallback generation.
[2026-07-23 15:06:20,302] INFO    - [gemini_client:184] - Generated graceful fallback report for ADANIENT.NS in 2.0ms
[2026-07-23 15:06:20,305] INFO    - [cache:68       ] - Cached new LLM analysis report for ADANIENT.NS (1d)
[2026-07-23 15:06:20,306] INFO    - [analysis:362   ] - Completed deterministic analysis for ADANIENT.NS in 880.6ms | ticker=ADANIENT.NS execution_time=880.65ms
[2026-07-23 15:06:20,308] WARNING - [market_opportunities:155] - Skipping ADANIENT.NS during opportunities scan: 'live_quote'
[2026-07-23 15:06:20,308] INFO    - [analysis:158   ] - Normalized ticker input: ADANIPORTS.NS -> ADANIPORTS.NS | ticker=ADANIPORTS.NS
[2026-07-23 15:06:20,308] INFO    - [downloader:103 ] - Downloading ticker data from yfinance: ADANIPORTS.NS (Interval: 1d, Period: 5y) | ticker=ADANIPORTS.NS
[2026-07-23 15:06:20,649] INFO    - [downloader:73  ] - Successfully cleaned and validated data for ADANIPORTS.NS. Rows: 1239 | ticker=ADANIPORTS.NS
[2026-07-23 15:06:20,665] INFO    - [cache:151      ] - Cached data saved for ticker ADANIPORTS.NS (1d) | ticker=ADANIPORTS.NS
[2026-07-23 15:06:20,682] INFO    - [feature_store:55] - Successfully loaded 79 features for ADANIPORTS.NS | ticker=ADANIPORTS.NS
[2026-07-23 15:06:20,749] INFO    - [feature_store:142] - Saved Feature Store for ADANIPORTS.NS to storage/features\ADANIPORTS_NS.parquet | ticker=ADANIPORTS.NS
[2026-07-23 15:06:20,750] INFO    - [indicators:289 ] - Computing technical indicators across all categories...
[2026-07-23 15:06:20,874] INFO    - [indicators:305 ] - Successfully computed 59 indicator columns.
[2026-07-23 15:06:20,886] INFO    - [feature_store:55] - Successfully loaded 79 features for ADANIPORTS.NS | ticker=ADANIPORTS.NS
[2026-07-23 15:06:20,917] INFO    - [feature_store:142] - Saved Feature Store for ADANIPORTS.NS to storage/features\ADANIPORTS_NS.parquet | ticker=ADANIPORTS.NS
[2026-07-23 15:06:20,919] INFO    - [candlestick:169] - Computing price action returns and candlestick patterns...
[2026-07-23 15:06:20,983] INFO    - [candlestick:184] - Successfully computed 15 price action / pattern columns.
[2026-07-23 15:06:20,993] INFO    - [feature_store:55] - Successfully loaded 79 features for ADANIPORTS.NS | ticker=ADANIPORTS.NS
[2026-07-23 15:06:21,022] INFO    - [feature_store:142] - Saved Feature Store for ADANIPORTS.NS to storage/features\ADANIPORTS_NS.parquet | ticker=ADANIPORTS.NS
[2026-07-23 15:06:21,043] INFO    - [cache:123      ] - Cache HIT for ticker ^NSEI (1d) | ticker=^NSEI
[2026-07-23 15:06:21,049] INFO    - [cache:123      ] - Cache HIT for ticker ^NSEBANK (1d) | ticker=^NSEBANK
[2026-07-23 15:06:21,058] INFO    - [cache:123      ] - Cache HIT for ticker ^INDIAVIX (1d) | ticker=^INDIAVIX
[2026-07-23 15:06:21,065] INFO    - [cache:123      ] - Cache HIT for ticker ^NSEI (1d) | ticker=^NSEI
[2026-07-23 15:06:21,068] INFO    - [vix_analysis:42] - India VIX: 13.63 (Percentile: 68.0%, Regime: Normal)
[2026-07-23 15:06:21,100] INFO    - [chart_data:31  ] - Constructing client visualization payload...
[2026-07-23 15:06:21,144] WARNING - [gemini_client:43] - Gemini Client uninitialized (missing API Key). Routing to fallback generation.
[2026-07-23 15:06:21,145] INFO    - [gemini_client:184] - Generated graceful fallback report for ADANIPORTS.NS in 1.0ms
[2026-07-23 15:06:21,146] INFO    - [cache:68       ] - Cached new LLM analysis report for ADANIPORTS.NS (1d)
[2026-07-23 15:06:21,147] INFO    - [analysis:362   ] - Completed deterministic analysis for ADANIPORTS.NS in 835.7ms | ticker=ADANIPORTS.NS execution_time=835.73ms
[2026-07-23 15:06:21,148] WARNING - [market_opportunities:155] - Skipping ADANIPORTS.NS during opportunities scan: 'live_quote'
[2026-07-23 15:06:21,149] INFO    - [analysis:158   ] - Normalized ticker input: ASIANPAINT.NS -> ASIANPAINT.NS | ticker=ASIANPAINT.NS
[2026-07-23 15:06:21,149] INFO    - [downloader:103 ] - Downloading ticker data from yfinance: ASIANPAINT.NS (Interval: 1d, Period: 5y) | ticker=ASIANPAINT.NS
[2026-07-23 15:06:21,548] INFO    - [downloader:73  ] - Successfully cleaned and validated data for ASIANPAINT.NS. Rows: 1239 | ticker=ASIANPAINT.NS
[2026-07-23 15:06:21,559] INFO    - [cache:151      ] - Cached data saved for ticker ASIANPAINT.NS (1d) | ticker=ASIANPAINT.NS
[2026-07-23 15:06:21,569] INFO    - [feature_store:55] - Successfully loaded 79 features for ASIANPAINT.NS | ticker=ASIANPAINT.NS
[2026-07-23 15:06:21,597] INFO    - [feature_store:142] - Saved Feature Store for ASIANPAINT.NS to storage/features\ASIANPAINT_NS.parquet | ticker=ASIANPAINT.NS
[2026-07-23 15:06:21,597] INFO    - [indicators:289 ] - Computing technical indicators across all categories...
[2026-07-23 15:06:21,684] INFO    - [indicators:305 ] - Successfully computed 59 indicator columns.
[2026-07-23 15:06:21,695] INFO    - [feature_store:55] - Successfully loaded 79 features for ASIANPAINT.NS | ticker=ASIANPAINT.NS
[2026-07-23 15:06:21,720] INFO    - [feature_store:142] - Saved Feature Store for ASIANPAINT.NS to storage/features\ASIANPAINT_NS.parquet | ticker=ASIANPAINT.NS
[2026-07-23 15:06:21,721] INFO    - [candlestick:169] - Computing price action returns and candlestick patterns...
[2026-07-23 15:06:21,771] INFO    - [candlestick:184] - Successfully computed 15 price action / pattern columns.
[2026-07-23 15:06:21,780] INFO    - [feature_store:55] - Successfully loaded 79 features for ASIANPAINT.NS | ticker=ASIANPAINT.NS
[2026-07-23 15:06:21,807] INFO    - [feature_store:142] - Saved Feature Store for ASIANPAINT.NS to storage/features\ASIANPAINT_NS.parquet | ticker=ASIANPAINT.NS
[2026-07-23 15:06:21,825] INFO    - [cache:123      ] - Cache HIT for ticker ^NSEI (1d) | ticker=^NSEI
[2026-07-23 15:06:21,833] INFO    - [cache:123      ] - Cache HIT for ticker ^NSEBANK (1d) | ticker=^NSEBANK
[2026-07-23 15:06:21,839] INFO    - [cache:123      ] - Cache HIT for ticker ^INDIAVIX (1d) | ticker=^INDIAVIX
[2026-07-23 15:06:21,846] INFO    - [cache:123      ] - Cache HIT for ticker ^NSEI (1d) | ticker=^NSEI
[2026-07-23 15:06:21,849] INFO    - [vix_analysis:42] - India VIX: 13.63 (Percentile: 68.0%, Regime: Normal)
[2026-07-23 15:06:21,877] INFO    - [chart_data:31  ] - Constructing client visualization payload...
[2026-07-23 15:06:21,928] WARNING - [gemini_client:43] - Gemini Client uninitialized (missing API Key). Routing to fallback generation.
[2026-07-23 15:06:21,929] INFO    - [gemini_client:184] - Generated graceful fallback report for ASIANPAINT.NS in 1.0ms
[2026-07-23 15:06:21,929] INFO    - [cache:68       ] - Cached new LLM analysis report for ASIANPAINT.NS (1d)
[2026-07-23 15:06:21,930] INFO    - [analysis:362   ] - Completed deterministic analysis for ASIANPAINT.NS in 777.8ms | ticker=ASIANPAINT.NS execution_time=777.77ms
[2026-07-23 15:06:21,930] WARNING - [market_opportunities:155] - Skipping ASIANPAINT.NS during opportunities scan: 'live_quote'
[2026-07-23 15:06:21,930] INFO    - [analysis:158   ] - Normalized ticker input: BAJFINANCE.NS -> BAJFINANCE.NS | ticker=BAJFINANCE.NS
[2026-07-23 15:06:21,969] INFO    - [downloader:103 ] - Downloading ticker data from yfinance: BAJFINANCE.NS (Interval: 1d, Period: 5y) | ticker=BAJFINANCE.NS
[2026-07-23 15:06:22,284] INFO    - [downloader:73  ] - Successfully cleaned and validated data for BAJFINANCE.NS. Rows: 1239 | ticker=BAJFINANCE.NS
[2026-07-23 15:06:22,297] INFO    - [cache:151      ] - Cached data saved for ticker BAJFINANCE.NS (1d) | ticker=BAJFINANCE.NS
[2026-07-23 15:06:22,308] INFO    - [feature_store:55] - Successfully loaded 79 features for BAJFINANCE.NS | ticker=BAJFINANCE.NS
[2026-07-23 15:06:22,337] INFO    - [feature_store:142] - Saved Feature Store for BAJFINANCE.NS to storage/features\BAJFINANCE_NS.parquet | ticker=BAJFINANCE.NS
[2026-07-23 15:06:22,338] INFO    - [indicators:289 ] - Computing technical indicators across all categories...
[2026-07-23 15:06:22,427] INFO    - [indicators:305 ] - Successfully computed 59 indicator columns.
[2026-07-23 15:06:22,437] INFO    - [feature_store:55] - Successfully loaded 79 features for BAJFINANCE.NS | ticker=BAJFINANCE.NS
[2026-07-23 15:06:22,464] INFO    - [feature_store:142] - Saved Feature Store for BAJFINANCE.NS to storage/features\BAJFINANCE_NS.parquet | ticker=BAJFINANCE.NS
[2026-07-23 15:06:22,466] INFO    - [candlestick:169] - Computing price action returns and candlestick patterns...
[2026-07-23 15:06:22,521] INFO    - [candlestick:184] - Successfully computed 15 price action / pattern columns.
[2026-07-23 15:06:22,532] INFO    - [feature_store:55] - Successfully loaded 79 features for BAJFINANCE.NS | ticker=BAJFINANCE.NS
[2026-07-23 15:06:22,557] INFO    - [feature_store:142] - Saved Feature Store for BAJFINANCE.NS to storage/features\BAJFINANCE_NS.parquet | ticker=BAJFINANCE.NS
[2026-07-23 15:06:22,575] INFO    - [cache:123      ] - Cache HIT for ticker ^NSEI (1d) | ticker=^NSEI
[2026-07-23 15:06:22,605] INFO    - [cache:123      ] - Cache HIT for ticker ^NSEBANK (1d) | ticker=^NSEBANK
[2026-07-23 15:06:22,615] INFO    - [cache:123      ] - Cache HIT for ticker ^INDIAVIX (1d) | ticker=^INDIAVIX
[2026-07-23 15:06:22,621] INFO    - [cache:123      ] - Cache HIT for ticker ^NSEI (1d) | ticker=^NSEI
[2026-07-23 15:06:22,624] INFO    - [vix_analysis:42] - India VIX: 13.63 (Percentile: 68.0%, Regime: Normal)
[2026-07-23 15:06:22,653] INFO    - [chart_data:31  ] - Constructing client visualization payload...
[2026-07-23 15:06:22,700] WARNING - [gemini_client:43] - Gemini Client uninitialized (missing API Key). Routing to fallback generation.
[2026-07-23 15:06:22,700] INFO    - [gemini_client:184] - Generated graceful fallback report for BAJFINANCE.NS in 0.0ms
[2026-07-23 15:06:22,701] INFO    - [cache:68       ] - Cached new LLM analysis report for BAJFINANCE.NS (1d)
[2026-07-23 15:06:22,701] INFO    - [analysis:362   ] - Completed deterministic analysis for BAJFINANCE.NS in 766.8ms | ticker=BAJFINANCE.NS execution_time=766.75ms
[2026-07-23 15:06:22,702] WARNING - [market_opportunities:155] - Skipping BAJFINANCE.NS during opportunities scan: 'live_quote'
[2026-07-23 15:06:22,702] INFO    - [analysis:158   ] - Normalized ticker input: BAJAJFINSV.NS -> BAJAJFINSV.NS | ticker=BAJAJFINSV.NS
[2026-07-23 15:06:22,703] INFO    - [downloader:103 ] - Downloading ticker data from yfinance: BAJAJFINSV.NS (Interval: 1d, Period: 5y) | ticker=BAJAJFINSV.NS
[2026-07-23 15:06:23,025] INFO    - [downloader:73  ] - Successfully cleaned and validated data for BAJAJFINSV.NS. Rows: 1239 | ticker=BAJAJFINSV.NS
[2026-07-23 15:06:23,038] INFO    - [cache:151      ] - Cached data saved for ticker BAJAJFINSV.NS (1d) | ticker=BAJAJFINSV.NS
[2026-07-23 15:06:23,051] INFO    - [feature_store:55] - Successfully loaded 79 features for BAJAJFINSV.NS | ticker=BAJAJFINSV.NS
[2026-07-23 15:06:23,076] INFO    - [feature_store:142] - Saved Feature Store for BAJAJFINSV.NS to storage/features\BAJAJFINSV_NS.parquet | ticker=BAJAJFINSV.NS
[2026-07-23 15:06:23,077] INFO    - [indicators:289 ] - Computing technical indicators across all categories...
[2026-07-23 15:06:23,164] INFO    - [indicators:305 ] - Successfully computed 59 indicator columns.
[2026-07-23 15:06:23,174] INFO    - [feature_store:55] - Successfully loaded 79 features for BAJAJFINSV.NS | ticker=BAJAJFINSV.NS
[2026-07-23 15:06:23,202] INFO    - [feature_store:142] - Saved Feature Store for BAJAJFINSV.NS to storage/features\BAJAJFINSV_NS.parquet | ticker=BAJAJFINSV.NS
[2026-07-23 15:06:23,203] INFO    - [candlestick:169] - Computing price action returns and candlestick patterns...
[2026-07-23 15:06:23,255] INFO    - [candlestick:184] - Successfully computed 15 price action / pattern columns.
[2026-07-23 15:06:23,265] INFO    - [feature_store:55] - Successfully loaded 79 features for BAJAJFINSV.NS | ticker=BAJAJFINSV.NS
[2026-07-23 15:06:23,290] INFO    - [feature_store:142] - Saved Feature Store for BAJAJFINSV.NS to storage/features\BAJAJFINSV_NS.parquet | ticker=BAJAJFINSV.NS
[2026-07-23 15:06:23,311] INFO    - [cache:123      ] - Cache HIT for ticker ^NSEI (1d) | ticker=^NSEI
[2026-07-23 15:06:23,318] INFO    - [cache:123      ] - Cache HIT for ticker ^NSEBANK (1d) | ticker=^NSEBANK
[2026-07-23 15:06:23,324] INFO    - [cache:123      ] - Cache HIT for ticker ^INDIAVIX (1d) | ticker=^INDIAVIX
[2026-07-23 15:06:23,331] INFO    - [cache:123      ] - Cache HIT for ticker ^NSEI (1d) | ticker=^NSEI
[2026-07-23 15:06:23,335] INFO    - [vix_analysis:42] - India VIX: 13.63 (Percentile: 68.0%, Regime: Normal)
[2026-07-23 15:06:23,364] INFO    - [chart_data:31  ] - Constructing client visualization payload...
[2026-07-23 15:06:23,412] WARNING - [gemini_client:43] - Gemini Client uninitialized (missing API Key). Routing to fallback generation.
[2026-07-23 15:06:23,413] INFO    - [gemini_client:184] - Generated graceful fallback report for BAJAJFINSV.NS in 1.0ms
[2026-07-23 15:06:23,413] INFO    - [cache:68       ] - Cached new LLM analysis report for BAJAJFINSV.NS (1d)
[2026-07-23 15:06:23,414] INFO    - [analysis:362   ] - Completed deterministic analysis for BAJAJFINSV.NS in 709.0ms | ticker=BAJAJFINSV.NS execution_time=709.02ms
[2026-07-23 15:06:23,415] WARNING - [market_opportunities:155] - Skipping BAJAJFINSV.NS during opportunities scan: 'live_quote'
[2026-07-23 15:06:23,415] INFO    - [analysis:158   ] - Normalized ticker input: SUNPHARMA.NS -> SUNPHARMA.NS | ticker=SUNPHARMA.NS
[2026-07-23 15:06:23,415] INFO    - [downloader:103 ] - Downloading ticker data from yfinance: SUNPHARMA.NS (Interval: 1d, Period: 5y) | ticker=SUNPHARMA.NS
[2026-07-23 15:06:23,752] INFO    - [downloader:73  ] - Successfully cleaned and validated data for SUNPHARMA.NS. Rows: 1239 | ticker=SUNPHARMA.NS
[2026-07-23 15:06:23,767] INFO    - [cache:151      ] - Cached data saved for ticker SUNPHARMA.NS (1d) | ticker=SUNPHARMA.NS
[2026-07-23 15:06:23,779] INFO    - [feature_store:55] - Successfully loaded 79 features for SUNPHARMA.NS | ticker=SUNPHARMA.NS
[2026-07-23 15:06:23,824] INFO    - [feature_store:142] - Saved Feature Store for SUNPHARMA.NS to storage/features\SUNPHARMA_NS.parquet | ticker=SUNPHARMA.NS
[2026-07-23 15:06:23,825] INFO    - [indicators:289 ] - Computing technical indicators across all categories...
[2026-07-23 15:06:24,017] INFO    - [indicators:305 ] - Successfully computed 59 indicator columns.
[2026-07-23 15:06:24,028] INFO    - [feature_store:55] - Successfully loaded 79 features for SUNPHARMA.NS | ticker=SUNPHARMA.NS
[2026-07-23 15:06:24,063] INFO    - [feature_store:142] - Saved Feature Store for SUNPHARMA.NS to storage/features\SUNPHARMA_NS.parquet | ticker=SUNPHARMA.NS
[2026-07-23 15:06:24,064] INFO    - [candlestick:169] - Computing price action returns and candlestick patterns...
[2026-07-23 15:06:24,129] INFO    - [candlestick:184] - Successfully computed 15 price action / pattern columns.
[2026-07-23 15:06:24,140] INFO    - [feature_store:55] - Successfully loaded 79 features for SUNPHARMA.NS | ticker=SUNPHARMA.NS
[2026-07-23 15:06:24,168] INFO    - [feature_store:142] - Saved Feature Store for SUNPHARMA.NS to storage/features\SUNPHARMA_NS.parquet | ticker=SUNPHARMA.NS
[2026-07-23 15:06:24,191] INFO    - [cache:123      ] - Cache HIT for ticker ^NSEI (1d) | ticker=^NSEI
[2026-07-23 15:06:24,198] INFO    - [cache:123      ] - Cache HIT for ticker ^NSEBANK (1d) | ticker=^NSEBANK
[2026-07-23 15:06:24,205] INFO    - [cache:123      ] - Cache HIT for ticker ^INDIAVIX (1d) | ticker=^INDIAVIX
[2026-07-23 15:06:24,214] INFO    - [cache:123      ] - Cache HIT for ticker ^NSEI (1d) | ticker=^NSEI
[2026-07-23 15:06:24,217] INFO    - [vix_analysis:42] - India VIX: 13.63 (Percentile: 68.0%, Regime: Normal)
[2026-07-23 15:06:24,262] INFO    - [chart_data:31  ] - Constructing client visualization payload...
[2026-07-23 15:06:24,312] WARNING - [gemini_client:43] - Gemini Client uninitialized (missing API Key). Routing to fallback generation.
[2026-07-23 15:06:24,313] INFO    - [gemini_client:184] - Generated graceful fallback report for SUNPHARMA.NS in 1.0ms
[2026-07-23 15:06:24,313] INFO    - [cache:68       ] - Cached new LLM analysis report for SUNPHARMA.NS (1d)
[2026-07-23 15:06:24,315] INFO    - [analysis:362   ] - Completed deterministic analysis for SUNPHARMA.NS in 897.0ms | ticker=SUNPHARMA.NS execution_time=897.03ms
[2026-07-23 15:06:24,316] WARNING - [market_opportunities:155] - Skipping SUNPHARMA.NS during opportunities scan: 'live_quote'
[2026-07-23 15:06:24,316] INFO    - [analysis:158   ] - Normalized ticker input: MARUTI.NS -> MARUTI.NS | ticker=MARUTI.NS
[2026-07-23 15:06:24,316] INFO    - [downloader:103 ] - Downloading ticker data from yfinance: MARUTI.NS (Interval: 1d, Period: 5y) | ticker=MARUTI.NS
[2026-07-23 15:06:24,716] INFO    - [downloader:73  ] - Successfully cleaned and validated data for MARUTI.NS. Rows: 1239 | ticker=MARUTI.NS
[2026-07-23 15:06:24,727] INFO    - [cache:151      ] - Cached data saved for ticker MARUTI.NS (1d) | ticker=MARUTI.NS
[2026-07-23 15:06:24,739] INFO    - [feature_store:55] - Successfully loaded 79 features for MARUTI.NS | ticker=MARUTI.NS
[2026-07-23 15:06:24,765] INFO    - [feature_store:142] - Saved Feature Store for MARUTI.NS to storage/features\MARUTI_NS.parquet | ticker=MARUTI.NS
[2026-07-23 15:06:24,765] INFO    - [indicators:289 ] - Computing technical indicators across all categories...
[2026-07-23 15:06:24,864] INFO    - [indicators:305 ] - Successfully computed 59 indicator columns.
[2026-07-23 15:06:24,878] INFO    - [feature_store:55] - Successfully loaded 79 features for MARUTI.NS | ticker=MARUTI.NS
[2026-07-23 15:06:24,916] INFO    - [feature_store:142] - Saved Feature Store for MARUTI.NS to storage/features\MARUTI_NS.parquet | ticker=MARUTI.NS
[2026-07-23 15:06:24,917] INFO    - [candlestick:169] - Computing price action returns and candlestick patterns...
[2026-07-23 15:06:24,966] INFO    - [candlestick:184] - Successfully computed 15 price action / pattern columns.
[2026-07-23 15:06:24,976] INFO    - [feature_store:55] - Successfully loaded 79 features for MARUTI.NS | ticker=MARUTI.NS
[2026-07-23 15:06:25,001] INFO    - [feature_store:142] - Saved Feature Store for MARUTI.NS to storage/features\MARUTI_NS.parquet | ticker=MARUTI.NS
[2026-07-23 15:06:25,026] INFO    - [cache:123      ] - Cache HIT for ticker ^NSEI (1d) | ticker=^NSEI
[2026-07-23 15:06:25,032] INFO    - [cache:123      ] - Cache HIT for ticker ^NSEBANK (1d) | ticker=^NSEBANK
[2026-07-23 15:06:25,039] INFO    - [cache:123      ] - Cache HIT for ticker ^INDIAVIX (1d) | ticker=^INDIAVIX
[2026-07-23 15:06:25,045] INFO    - [cache:123      ] - Cache HIT for ticker ^NSEI (1d) | ticker=^NSEI
[2026-07-23 15:06:25,048] INFO    - [vix_analysis:42] - India VIX: 13.63 (Percentile: 68.0%, Regime: Normal)
[2026-07-23 15:06:25,079] INFO    - [chart_data:31  ] - Constructing client visualization payload...
[2026-07-23 15:06:25,120] WARNING - [gemini_client:43] - Gemini Client uninitialized (missing API Key). Routing to fallback generation.
[2026-07-23 15:06:25,120] INFO    - [gemini_client:184] - Generated graceful fallback report for MARUTI.NS in 0.0ms
[2026-07-23 15:06:25,121] INFO    - [cache:68       ] - Cached new LLM analysis report for MARUTI.NS (1d)
[2026-07-23 15:06:25,122] INFO    - [analysis:362   ] - Completed deterministic analysis for MARUTI.NS in 803.3ms | ticker=MARUTI.NS execution_time=803.27ms
[2026-07-23 15:06:25,123] WARNING - [market_opportunities:155] - Skipping MARUTI.NS during opportunities scan: 'live_quote'
[2026-07-23 15:06:25,124] INFO    - [analysis:158   ] - Normalized ticker input: NTPC.NS -> NTPC.NS | ticker=NTPC.NS
[2026-07-23 15:06:25,124] INFO    - [downloader:103 ] - Downloading ticker data from yfinance: NTPC.NS (Interval: 1d, Period: 5y) | ticker=NTPC.NS
[2026-07-23 15:06:25,491] INFO    - [downloader:73  ] - Successfully cleaned and validated data for NTPC.NS. Rows: 1239 | ticker=NTPC.NS
[2026-07-23 15:06:25,519] INFO    - [cache:151      ] - Cached data saved for ticker NTPC.NS (1d) | ticker=NTPC.NS
[2026-07-23 15:06:25,544] INFO    - [feature_store:55] - Successfully loaded 79 features for NTPC.NS | ticker=NTPC.NS
[2026-07-23 15:06:25,598] INFO    - [feature_store:142] - Saved Feature Store for NTPC.NS to storage/features\NTPC_NS.parquet | ticker=NTPC.NS
[2026-07-23 15:06:25,599] INFO    - [indicators:289 ] - Computing technical indicators across all categories...
[2026-07-23 15:06:25,730] INFO    - [indicators:305 ] - Successfully computed 59 indicator columns.
[2026-07-23 15:06:25,740] INFO    - [feature_store:55] - Successfully loaded 79 features for NTPC.NS | ticker=NTPC.NS
[2026-07-23 15:06:25,770] INFO    - [feature_store:142] - Saved Feature Store for NTPC.NS to storage/features\NTPC_NS.parquet | ticker=NTPC.NS
[2026-07-23 15:06:25,771] INFO    - [candlestick:169] - Computing price action returns and candlestick patterns...
[2026-07-23 15:06:25,845] INFO    - [candlestick:184] - Successfully computed 15 price action / pattern columns.
[2026-07-23 15:06:25,859] INFO    - [feature_store:55] - Successfully loaded 79 features for NTPC.NS | ticker=NTPC.NS
[2026-07-23 15:06:25,891] INFO    - [feature_store:142] - Saved Feature Store for NTPC.NS to storage/features\NTPC_NS.parquet | ticker=NTPC.NS
[2026-07-23 15:06:25,913] INFO    - [cache:123      ] - Cache HIT for ticker ^NSEI (1d) | ticker=^NSEI
[2026-07-23 15:06:25,921] INFO    - [cache:123      ] - Cache HIT for ticker ^NSEBANK (1d) | ticker=^NSEBANK
[2026-07-23 15:06:25,930] INFO    - [cache:123      ] - Cache HIT for ticker ^INDIAVIX (1d) | ticker=^INDIAVIX
[2026-07-23 15:06:25,936] INFO    - [cache:123      ] - Cache HIT for ticker ^NSEI (1d) | ticker=^NSEI
[2026-07-23 15:06:25,939] INFO    - [vix_analysis:42] - India VIX: 13.63 (Percentile: 68.0%, Regime: Normal)
[2026-07-23 15:06:25,972] INFO    - [chart_data:31  ] - Constructing client visualization payload...
[2026-07-23 15:06:26,018] WARNING - [gemini_client:43] - Gemini Client uninitialized (missing API Key). Routing to fallback generation.
[2026-07-23 15:06:26,018] INFO    - [gemini_client:184] - Generated graceful fallback report for NTPC.NS in 0.0ms
[2026-07-23 15:06:26,019] INFO    - [cache:68       ] - Cached new LLM analysis report for NTPC.NS (1d)
[2026-07-23 15:06:26,020] INFO    - [analysis:362   ] - Completed deterministic analysis for NTPC.NS in 893.6ms | ticker=NTPC.NS execution_time=893.56ms
[2026-07-23 15:06:26,022] WARNING - [market_opportunities:155] - Skipping NTPC.NS during opportunities scan: 'live_quote'
[2026-07-23 15:06:26,022] INFO    - [analysis:158   ] - Normalized ticker input: ONGC.NS -> ONGC.NS | ticker=ONGC.NS
[2026-07-23 15:06:26,023] INFO    - [downloader:103 ] - Downloading ticker data from yfinance: ONGC.NS (Interval: 1d, Period: 5y) | ticker=ONGC.NS
[2026-07-23 15:06:26,537] INFO    - [downloader:73  ] - Successfully cleaned and validated data for ONGC.NS. Rows: 1239 | ticker=ONGC.NS
[2026-07-23 15:06:26,555] INFO    - [cache:151      ] - Cached data saved for ticker ONGC.NS (1d) | ticker=ONGC.NS
[2026-07-23 15:06:26,557] INFO    - [feature_store:35] - No features Parquet file found for ONGC.NS at storage/features\ONGC_NS.parquet | ticker=ONGC.NS
[2026-07-23 15:06:26,558] INFO    - [feature_store:156] - Initializing new Feature Store for ONGC.NS during raw | ticker=ONGC.NS
[2026-07-23 15:06:26,565] INFO    - [feature_store:142] - Saved Feature Store for ONGC.NS to storage/features\ONGC_NS.parquet | ticker=ONGC.NS
[2026-07-23 15:06:26,565] INFO    - [indicators:289 ] - Computing technical indicators across all categories...
[2026-07-23 15:06:26,657] INFO    - [indicators:305 ] - Successfully computed 59 indicator columns.
[2026-07-23 15:06:26,664] INFO    - [feature_store:55] - Successfully loaded 5 features for ONGC.NS | ticker=ONGC.NS
[2026-07-23 15:06:26,689] INFO    - [feature_store:142] - Saved Feature Store for ONGC.NS to storage/features\ONGC_NS.parquet | ticker=ONGC.NS
[2026-07-23 15:06:26,690] INFO    - [candlestick:169] - Computing price action returns and candlestick patterns...
[2026-07-23 15:06:26,814] INFO    - [candlestick:184] - Successfully computed 15 price action / pattern columns.
[2026-07-23 15:06:26,828] INFO    - [feature_store:55] - Successfully loaded 64 features for ONGC.NS | ticker=ONGC.NS
[2026-07-23 15:06:26,856] INFO    - [feature_store:142] - Saved Feature Store for ONGC.NS to storage/features\ONGC_NS.parquet | ticker=ONGC.NS
[2026-07-23 15:06:26,874] INFO    - [cache:123      ] - Cache HIT for ticker ^NSEI (1d) | ticker=^NSEI
[2026-07-23 15:06:26,880] INFO    - [cache:123      ] - Cache HIT for ticker ^NSEBANK (1d) | ticker=^NSEBANK
[2026-07-23 15:06:26,890] INFO    - [cache:123      ] - Cache HIT for ticker ^INDIAVIX (1d) | ticker=^INDIAVIX
[2026-07-23 15:06:26,901] INFO    - [cache:123      ] - Cache HIT for ticker ^NSEI (1d) | ticker=^NSEI
[2026-07-23 15:06:26,910] INFO    - [vix_analysis:42] - India VIX: 13.63 (Percentile: 68.0%, Regime: Normal)
[2026-07-23 15:06:26,961] INFO    - [chart_data:31  ] - Constructing client visualization payload...
[2026-07-23 15:06:27,029] WARNING - [gemini_client:43] - Gemini Client uninitialized (missing API Key). Routing to fallback generation.
[2026-07-23 15:06:27,030] INFO    - [gemini_client:184] - Generated graceful fallback report for ONGC.NS in 0.0ms
[2026-07-23 15:06:27,030] INFO    - [cache:68       ] - Cached new LLM analysis report for ONGC.NS (1d)
[2026-07-23 15:06:27,030] INFO    - [analysis:362   ] - Completed deterministic analysis for ONGC.NS in 1005.3ms | ticker=ONGC.NS execution_time=1005.26ms
[2026-07-23 15:06:27,032] WARNING - [market_opportunities:155] - Skipping ONGC.NS during opportunities scan: 'live_quote'
[2026-07-23 15:06:27,033] INFO    - [analysis:158   ] - Normalized ticker input: POWERGRID.NS -> POWERGRID.NS | ticker=POWERGRID.NS
[2026-07-23 15:06:27,033] INFO    - [downloader:103 ] - Downloading ticker data from yfinance: POWERGRID.NS (Interval: 1d, Period: 5y) | ticker=POWERGRID.NS
[2026-07-23 15:06:27,499] INFO    - [downloader:73  ] - Successfully cleaned and validated data for POWERGRID.NS. Rows: 1239 | ticker=POWERGRID.NS
[2026-07-23 15:06:27,515] INFO    - [cache:151      ] - Cached data saved for ticker POWERGRID.NS (1d) | ticker=POWERGRID.NS
[2026-07-23 15:06:27,517] INFO    - [feature_store:35] - No features Parquet file found for POWERGRID.NS at storage/features\POWERGRID_NS.parquet | ticker=POWERGRID.NS
[2026-07-23 15:06:27,518] INFO    - [feature_store:156] - Initializing new Feature Store for POWERGRID.NS during raw | ticker=POWERGRID.NS
[2026-07-23 15:06:27,526] INFO    - [feature_store:142] - Saved Feature Store for POWERGRID.NS to storage/features\POWERGRID_NS.parquet | ticker=POWERGRID.NS
[2026-07-23 15:06:27,526] INFO    - [indicators:289 ] - Computing technical indicators across all categories...
[2026-07-23 15:06:27,615] INFO    - [indicators:305 ] - Successfully computed 59 indicator columns.
[2026-07-23 15:06:27,621] INFO    - [feature_store:55] - Successfully loaded 5 features for POWERGRID.NS | ticker=POWERGRID.NS
[2026-07-23 15:06:27,644] INFO    - [feature_store:142] - Saved Feature Store for POWERGRID.NS to storage/features\POWERGRID_NS.parquet | ticker=POWERGRID.NS
[2026-07-23 15:06:27,644] INFO    - [candlestick:169] - Computing price action returns and candlestick patterns...
[2026-07-23 15:06:27,699] INFO    - [candlestick:184] - Successfully computed 15 price action / pattern columns.
[2026-07-23 15:06:27,711] INFO    - [feature_store:55] - Successfully loaded 64 features for POWERGRID.NS | ticker=POWERGRID.NS
[2026-07-23 15:06:27,743] INFO    - [feature_store:142] - Saved Feature Store for POWERGRID.NS to storage/features\POWERGRID_NS.parquet | ticker=POWERGRID.NS
[2026-07-23 15:06:27,761] INFO    - [cache:123      ] - Cache HIT for ticker ^NSEI (1d) | ticker=^NSEI
[2026-07-23 15:06:27,767] INFO    - [cache:123      ] - Cache HIT for ticker ^NSEBANK (1d) | ticker=^NSEBANK
[2026-07-23 15:06:27,775] INFO    - [cache:123      ] - Cache HIT for ticker ^INDIAVIX (1d) | ticker=^INDIAVIX
[2026-07-23 15:06:27,783] INFO    - [cache:123      ] - Cache HIT for ticker ^NSEI (1d) | ticker=^NSEI
[2026-07-23 15:06:27,789] INFO    - [vix_analysis:42] - India VIX: 13.63 (Percentile: 68.0%, Regime: Normal)
[2026-07-23 15:06:27,827] INFO    - [chart_data:31  ] - Constructing client visualization payload...
[2026-07-23 15:06:27,871] WARNING - [gemini_client:43] - Gemini Client uninitialized (missing API Key). Routing to fallback generation.
[2026-07-23 15:06:27,872] INFO    - [gemini_client:184] - Generated graceful fallback report for POWERGRID.NS in 0.0ms
[2026-07-23 15:06:27,872] INFO    - [cache:68       ] - Cached new LLM analysis report for POWERGRID.NS (1d)
[2026-07-23 15:06:27,873] INFO    - [analysis:362   ] - Completed deterministic analysis for POWERGRID.NS in 836.2ms | ticker=POWERGRID.NS execution_time=836.22ms
[2026-07-23 15:06:27,874] WARNING - [market_opportunities:155] - Skipping POWERGRID.NS during opportunities scan: 'live_quote'
[2026-07-23 15:06:27,874] INFO    - [analysis:158   ] - Normalized ticker input: JSWSTEEL.NS -> JSWSTEEL.NS | ticker=JSWSTEEL.NS
[2026-07-23 15:06:27,875] INFO    - [downloader:103 ] - Downloading ticker data from yfinance: JSWSTEEL.NS (Interval: 1d, Period: 5y) | ticker=JSWSTEEL.NS
[2026-07-23 15:06:28,261] INFO    - [downloader:73  ] - Successfully cleaned and validated data for JSWSTEEL.NS. Rows: 1239 | ticker=JSWSTEEL.NS
[2026-07-23 15:06:28,273] INFO    - [cache:151      ] - Cached data saved for ticker JSWSTEEL.NS (1d) | ticker=JSWSTEEL.NS
[2026-07-23 15:06:28,283] INFO    - [feature_store:55] - Successfully loaded 79 features for JSWSTEEL.NS | ticker=JSWSTEEL.NS
[2026-07-23 15:06:28,314] INFO    - [feature_store:142] - Saved Feature Store for JSWSTEEL.NS to storage/features\JSWSTEEL_NS.parquet | ticker=JSWSTEEL.NS
[2026-07-23 15:06:28,315] INFO    - [indicators:289 ] - Computing technical indicators across all categories...
[2026-07-23 15:06:28,407] INFO    - [indicators:305 ] - Successfully computed 59 indicator columns.
[2026-07-23 15:06:28,417] INFO    - [feature_store:55] - Successfully loaded 79 features for JSWSTEEL.NS | ticker=JSWSTEEL.NS
[2026-07-23 15:06:28,448] INFO    - [feature_store:142] - Saved Feature Store for JSWSTEEL.NS to storage/features\JSWSTEEL_NS.parquet | ticker=JSWSTEEL.NS
[2026-07-23 15:06:28,449] INFO    - [candlestick:169] - Computing price action returns and candlestick patterns...
[2026-07-23 15:06:28,501] INFO    - [candlestick:184] - Successfully computed 15 price action / pattern columns.
[2026-07-23 15:06:28,512] INFO    - [feature_store:55] - Successfully loaded 79 features for JSWSTEEL.NS | ticker=JSWSTEEL.NS
[2026-07-23 15:06:28,536] INFO    - [feature_store:142] - Saved Feature Store for JSWSTEEL.NS to storage/features\JSWSTEEL_NS.parquet | ticker=JSWSTEEL.NS
[2026-07-23 15:06:28,555] INFO    - [cache:123      ] - Cache HIT for ticker ^NSEI (1d) | ticker=^NSEI
[2026-07-23 15:06:28,561] INFO    - [cache:123      ] - Cache HIT for ticker ^NSEBANK (1d) | ticker=^NSEBANK
[2026-07-23 15:06:28,568] INFO    - [cache:123      ] - Cache HIT for ticker ^INDIAVIX (1d) | ticker=^INDIAVIX
[2026-07-23 15:06:28,576] INFO    - [cache:123      ] - Cache HIT for ticker ^NSEI (1d) | ticker=^NSEI
[2026-07-23 15:06:28,578] INFO    - [vix_analysis:42] - India VIX: 13.63 (Percentile: 68.0%, Regime: Normal)
[2026-07-23 15:06:28,616] INFO    - [chart_data:31  ] - Constructing client visualization payload...
[2026-07-23 15:06:28,668] WARNING - [gemini_client:43] - Gemini Client uninitialized (missing API Key). Routing to fallback generation.
[2026-07-23 15:06:28,668] INFO    - [gemini_client:184] - Generated graceful fallback report for JSWSTEEL.NS in 0.0ms
[2026-07-23 15:06:28,669] INFO    - [cache:68       ] - Cached new LLM analysis report for JSWSTEEL.NS (1d)
[2026-07-23 15:06:28,670] INFO    - [analysis:362   ] - Completed deterministic analysis for JSWSTEEL.NS in 791.9ms | ticker=JSWSTEEL.NS execution_time=791.88ms
[2026-07-23 15:06:28,671] WARNING - [market_opportunities:155] - Skipping JSWSTEEL.NS during opportunities scan: 'live_quote'
[2026-07-23 15:06:28,671] INFO    - [analysis:158   ] - Normalized ticker input: M&M.NS -> M&M.NS | ticker=M&M.NS
[2026-07-23 15:06:28,672] WARNING - [market_opportunities:155] - Skipping M&M.NS during opportunities scan: Invalid ticker symbol format: 'M&M.NS'
[2026-07-23 15:06:28,673] INFO    - [analysis:158   ] - Normalized ticker input: COALINDIA.NS -> COALINDIA.NS | ticker=COALINDIA.NS
[2026-07-23 15:06:28,673] INFO    - [downloader:103 ] - Downloading ticker data from yfinance: COALINDIA.NS (Interval: 1d, Period: 5y) | ticker=COALINDIA.NS
[2026-07-23 15:06:28,989] INFO    - [downloader:73  ] - Successfully cleaned and validated data for COALINDIA.NS. Rows: 1239 | ticker=COALINDIA.NS
[2026-07-23 15:06:29,041] INFO    - [cache:151      ] - Cached data saved for ticker COALINDIA.NS (1d) | ticker=COALINDIA.NS
[2026-07-23 15:06:29,052] INFO    - [feature_store:55] - Successfully loaded 79 features for COALINDIA.NS | ticker=COALINDIA.NS
[2026-07-23 15:06:29,081] INFO    - [feature_store:142] - Saved Feature Store for COALINDIA.NS to storage/features\COALINDIA_NS.parquet | ticker=COALINDIA.NS
[2026-07-23 15:06:29,082] INFO    - [indicators:289 ] - Computing technical indicators across all categories...
[2026-07-23 15:06:29,170] INFO    - [indicators:305 ] - Successfully computed 59 indicator columns.
[2026-07-23 15:06:29,183] INFO    - [feature_store:55] - Successfully loaded 79 features for COALINDIA.NS | ticker=COALINDIA.NS
[2026-07-23 15:06:29,210] INFO    - [feature_store:142] - Saved Feature Store for COALINDIA.NS to storage/features\COALINDIA_NS.parquet | ticker=COALINDIA.NS
[2026-07-23 15:06:29,212] INFO    - [candlestick:169] - Computing price action returns and candlestick patterns...
[2026-07-23 15:06:29,285] INFO    - [candlestick:184] - Successfully computed 15 price action / pattern columns.
[2026-07-23 15:06:29,294] INFO    - [feature_store:55] - Successfully loaded 79 features for COALINDIA.NS | ticker=COALINDIA.NS
[2026-07-23 15:06:29,319] INFO    - [feature_store:142] - Saved Feature Store for COALINDIA.NS to storage/features\COALINDIA_NS.parquet | ticker=COALINDIA.NS
[2026-07-23 15:06:29,341] INFO    - [cache:123      ] - Cache HIT for ticker ^NSEI (1d) | ticker=^NSEI
[2026-07-23 15:06:29,349] INFO    - [cache:123      ] - Cache HIT for ticker ^NSEBANK (1d) | ticker=^NSEBANK
[2026-07-23 15:06:29,356] INFO    - [cache:123      ] - Cache HIT for ticker ^INDIAVIX (1d) | ticker=^INDIAVIX
[2026-07-23 15:06:29,363] INFO    - [cache:123      ] - Cache HIT for ticker ^NSEI (1d) | ticker=^NSEI
[2026-07-23 15:06:29,366] INFO    - [vix_analysis:42] - India VIX: 13.63 (Percentile: 68.0%, Regime: Normal)
[2026-07-23 15:06:29,397] INFO    - [chart_data:31  ] - Constructing client visualization payload...
[2026-07-23 15:06:29,455] WARNING - [gemini_client:43] - Gemini Client uninitialized (missing API Key). Routing to fallback generation.
[2026-07-23 15:06:29,456] INFO    - [gemini_client:184] - Generated graceful fallback report for COALINDIA.NS in 1.0ms
[2026-07-23 15:06:29,457] INFO    - [cache:68       ] - Cached new LLM analysis report for COALINDIA.NS (1d)
[2026-07-23 15:06:29,457] INFO    - [analysis:362   ] - Completed deterministic analysis for COALINDIA.NS in 781.5ms | ticker=COALINDIA.NS execution_time=781.46ms
[2026-07-23 15:06:29,458] WARNING - [market_opportunities:155] - Skipping COALINDIA.NS during opportunities scan: 'live_quote'
[2026-07-23 15:06:29,458] INFO    - [analysis:158   ] - Normalized ticker input: LTIM.NS -> LTIM.NS | ticker=LTIM.NS
[2026-07-23 15:06:29,459] INFO    - [downloader:103 ] - Downloading ticker data from yfinance: LTIM.NS (Interval: 1d, Period: 5y) | ticker=LTIM.NS
[2026-07-23 15:06:32,148] WARNING - [downloader:27  ] - Downloaded empty DataFrame for LTIM.NS | ticker=LTIM.NS
[2026-07-23 15:06:32,150] WARNING - [cache:132      ] - Attempted to cache empty DataFrame for LTIM.NS | ticker=LTIM.NS
[2026-07-23 15:06:32,151] WARNING - [market_opportunities:155] - Skipping LTIM.NS during opportunities scan: Stock not found
[2026-07-23 15:06:32,152] INFO    - [analysis:158   ] - Normalized ticker input: ULTRACEMCO.NS -> ULTRACEMCO.NS | ticker=ULTRACEMCO.NS
[2026-07-23 15:06:32,153] INFO    - [downloader:103 ] - Downloading ticker data from yfinance: ULTRACEMCO.NS (Interval: 1d, Period: 5y) | ticker=ULTRACEMCO.NS
[2026-07-23 15:06:32,488] INFO    - [downloader:73  ] - Successfully cleaned and validated data for ULTRACEMCO.NS. Rows: 1239 | ticker=ULTRACEMCO.NS
[2026-07-23 15:06:32,512] INFO    - [cache:151      ] - Cached data saved for ticker ULTRACEMCO.NS (1d) | ticker=ULTRACEMCO.NS
[2026-07-23 15:06:32,525] INFO    - [feature_store:55] - Successfully loaded 79 features for ULTRACEMCO.NS | ticker=ULTRACEMCO.NS
[2026-07-23 15:06:32,559] INFO    - [feature_store:142] - Saved Feature Store for ULTRACEMCO.NS to storage/features\ULTRACEMCO_NS.parquet | ticker=ULTRACEMCO.NS
[2026-07-23 15:06:32,560] INFO    - [indicators:289 ] - Computing technical indicators across all categories...
[2026-07-23 15:06:32,652] INFO    - [indicators:305 ] - Successfully computed 59 indicator columns.
[2026-07-23 15:06:32,663] INFO    - [feature_store:55] - Successfully loaded 79 features for ULTRACEMCO.NS | ticker=ULTRACEMCO.NS
[2026-07-23 15:06:32,715] INFO    - [feature_store:142] - Saved Feature Store for ULTRACEMCO.NS to storage/features\ULTRACEMCO_NS.parquet | ticker=ULTRACEMCO.NS
[2026-07-23 15:06:32,716] INFO    - [candlestick:169] - Computing price action returns and candlestick patterns...
[2026-07-23 15:06:32,776] INFO    - [candlestick:184] - Successfully computed 15 price action / pattern columns.
[2026-07-23 15:06:32,788] INFO    - [feature_store:55] - Successfully loaded 79 features for ULTRACEMCO.NS | ticker=ULTRACEMCO.NS
[2026-07-23 15:06:32,817] INFO    - [feature_store:142] - Saved Feature Store for ULTRACEMCO.NS to storage/features\ULTRACEMCO_NS.parquet | ticker=ULTRACEMCO.NS
[2026-07-23 15:06:32,847] INFO    - [cache:123      ] - Cache HIT for ticker ^NSEI (1d) | ticker=^NSEI
[2026-07-23 15:06:32,856] INFO    - [cache:123      ] - Cache HIT for ticker ^NSEBANK (1d) | ticker=^NSEBANK
[2026-07-23 15:06:32,864] INFO    - [cache:123      ] - Cache HIT for ticker ^INDIAVIX (1d) | ticker=^INDIAVIX
[2026-07-23 15:06:32,874] INFO    - [cache:123      ] - Cache HIT for ticker ^NSEI (1d) | ticker=^NSEI
[2026-07-23 15:06:32,879] INFO    - [vix_analysis:42] - India VIX: 13.63 (Percentile: 68.0%, Regime: Normal)
[2026-07-23 15:06:32,922] INFO    - [chart_data:31  ] - Constructing client visualization payload...
[2026-07-23 15:06:32,976] WARNING - [gemini_client:43] - Gemini Client uninitialized (missing API Key). Routing to fallback generation.
[2026-07-23 15:06:32,977] INFO    - [gemini_client:184] - Generated graceful fallback report for ULTRACEMCO.NS in 0.5ms
[2026-07-23 15:06:32,977] INFO    - [cache:68       ] - Cached new LLM analysis report for ULTRACEMCO.NS (1d)
[2026-07-23 15:06:32,978] INFO    - [analysis:362   ] - Completed deterministic analysis for ULTRACEMCO.NS in 823.7ms | ticker=ULTRACEMCO.NS execution_time=823.70ms
[2026-07-23 15:06:32,979] WARNING - [market_opportunities:155] - Skipping ULTRACEMCO.NS during opportunities scan: 'live_quote'
[2026-07-23 15:06:32,979] INFO    - [analysis:158   ] - Normalized ticker input: GRASIM.NS -> GRASIM.NS | ticker=GRASIM.NS
[2026-07-23 15:06:32,980] INFO    - [downloader:103 ] - Downloading ticker data from yfinance: GRASIM.NS (Interval: 1d, Period: 5y) | ticker=GRASIM.NS
[2026-07-23 15:06:33,517] INFO    - [downloader:73  ] - Successfully cleaned and validated data for GRASIM.NS. Rows: 1239 | ticker=GRASIM.NS
[2026-07-23 15:06:33,528] INFO    - [cache:151      ] - Cached data saved for ticker GRASIM.NS (1d) | ticker=GRASIM.NS
[2026-07-23 15:06:33,530] INFO    - [feature_store:35] - No features Parquet file found for GRASIM.NS at storage/features\GRASIM_NS.parquet | ticker=GRASIM.NS
[2026-07-23 15:06:33,530] INFO    - [feature_store:156] - Initializing new Feature Store for GRASIM.NS during raw | ticker=GRASIM.NS
[2026-07-23 15:06:33,539] INFO    - [feature_store:142] - Saved Feature Store for GRASIM.NS to storage/features\GRASIM_NS.parquet | ticker=GRASIM.NS
[2026-07-23 15:06:33,540] INFO    - [indicators:289 ] - Computing technical indicators across all categories...
[2026-07-23 15:06:33,639] INFO    - [indicators:305 ] - Successfully computed 59 indicator columns.
[2026-07-23 15:06:33,646] INFO    - [feature_store:55] - Successfully loaded 5 features for GRASIM.NS | ticker=GRASIM.NS
[2026-07-23 15:06:33,681] INFO    - [feature_store:142] - Saved Feature Store for GRASIM.NS to storage/features\GRASIM_NS.parquet | ticker=GRASIM.NS
[2026-07-23 15:06:33,682] INFO    - [candlestick:169] - Computing price action returns and candlestick patterns...
[2026-07-23 15:06:33,739] INFO    - [candlestick:184] - Successfully computed 15 price action / pattern columns.
[2026-07-23 15:06:33,749] INFO    - [feature_store:55] - Successfully loaded 64 features for GRASIM.NS | ticker=GRASIM.NS
[2026-07-23 15:06:33,784] INFO    - [feature_store:142] - Saved Feature Store for GRASIM.NS to storage/features\GRASIM_NS.parquet | ticker=GRASIM.NS
[2026-07-23 15:06:33,815] INFO    - [cache:123      ] - Cache HIT for ticker ^NSEI (1d) | ticker=^NSEI
[2026-07-23 15:06:33,825] INFO    - [cache:123      ] - Cache HIT for ticker ^NSEBANK (1d) | ticker=^NSEBANK
[2026-07-23 15:06:33,835] INFO    - [cache:123      ] - Cache HIT for ticker ^INDIAVIX (1d) | ticker=^INDIAVIX
[2026-07-23 15:06:33,842] INFO    - [cache:123      ] - Cache HIT for ticker ^NSEI (1d) | ticker=^NSEI
[2026-07-23 15:06:33,847] INFO    - [vix_analysis:42] - India VIX: 13.63 (Percentile: 68.0%, Regime: Normal)
[2026-07-23 15:06:33,895] INFO    - [chart_data:31  ] - Constructing client visualization payload...
[2026-07-23 15:06:33,972] WARNING - [gemini_client:43] - Gemini Client uninitialized (missing API Key). Routing to fallback generation.
[2026-07-23 15:06:33,973] INFO    - [gemini_client:184] - Generated graceful fallback report for GRASIM.NS in 1.0ms
[2026-07-23 15:06:33,973] INFO    - [cache:68       ] - Cached new LLM analysis report for GRASIM.NS (1d)
[2026-07-23 15:06:33,974] INFO    - [analysis:362   ] - Completed deterministic analysis for GRASIM.NS in 991.5ms | ticker=GRASIM.NS execution_time=991.49ms
[2026-07-23 15:06:33,975] WARNING - [market_opportunities:155] - Skipping GRASIM.NS during opportunities scan: 'live_quote'
[2026-07-23 15:06:33,975] INFO    - [analysis:158   ] - Normalized ticker input: JIOFIN.NS -> JIOFIN.NS | ticker=JIOFIN.NS
[2026-07-23 15:06:33,976] INFO    - [downloader:103 ] - Downloading ticker data from yfinance: JIOFIN.NS (Interval: 1d, Period: 5y) | ticker=JIOFIN.NS
[2026-07-23 15:06:34,392] INFO    - [downloader:73  ] - Successfully cleaned and validated data for JIOFIN.NS. Rows: 724 | ticker=JIOFIN.NS
[2026-07-23 15:06:34,403] INFO    - [cache:151      ] - Cached data saved for ticker JIOFIN.NS (1d) | ticker=JIOFIN.NS
[2026-07-23 15:06:34,404] INFO    - [feature_store:35] - No features Parquet file found for JIOFIN.NS at storage/features\JIOFIN_NS.parquet | ticker=JIOFIN.NS
[2026-07-23 15:06:34,404] INFO    - [feature_store:156] - Initializing new Feature Store for JIOFIN.NS during raw | ticker=JIOFIN.NS
[2026-07-23 15:06:34,411] INFO    - [feature_store:142] - Saved Feature Store for JIOFIN.NS to storage/features\JIOFIN_NS.parquet | ticker=JIOFIN.NS
[2026-07-23 15:06:34,411] INFO    - [indicators:289 ] - Computing technical indicators across all categories...
[2026-07-23 15:06:34,493] INFO    - [indicators:305 ] - Successfully computed 59 indicator columns.
[2026-07-23 15:06:34,500] INFO    - [feature_store:55] - Successfully loaded 5 features for JIOFIN.NS | ticker=JIOFIN.NS
[2026-07-23 15:06:34,521] INFO    - [feature_store:142] - Saved Feature Store for JIOFIN.NS to storage/features\JIOFIN_NS.parquet | ticker=JIOFIN.NS
[2026-07-23 15:06:34,522] INFO    - [candlestick:169] - Computing price action returns and candlestick patterns...
[2026-07-23 15:06:34,561] INFO    - [candlestick:184] - Successfully computed 15 price action / pattern columns.
[2026-07-23 15:06:34,571] INFO    - [feature_store:55] - Successfully loaded 64 features for JIOFIN.NS | ticker=JIOFIN.NS
[2026-07-23 15:06:34,599] INFO    - [feature_store:142] - Saved Feature Store for JIOFIN.NS to storage/features\JIOFIN_NS.parquet | ticker=JIOFIN.NS
[2026-07-23 15:06:34,621] INFO    - [cache:123      ] - Cache HIT for ticker ^NSEI (1d) | ticker=^NSEI
[2026-07-23 15:06:34,636] INFO    - [cache:123      ] - Cache HIT for ticker ^NSEBANK (1d) | ticker=^NSEBANK
[2026-07-23 15:06:34,647] INFO    - [cache:123      ] - Cache HIT for ticker ^INDIAVIX (1d) | ticker=^INDIAVIX
[2026-07-23 15:06:34,657] INFO    - [cache:123      ] - Cache HIT for ticker ^NSEI (1d) | ticker=^NSEI
[2026-07-23 15:06:34,662] INFO    - [vix_analysis:42] - India VIX: 13.63 (Percentile: 68.0%, Regime: Normal)
[2026-07-23 15:06:34,692] INFO    - [chart_data:31  ] - Constructing client visualization payload...
[2026-07-23 15:06:34,716] WARNING - [gemini_client:43] - Gemini Client uninitialized (missing API Key). Routing to fallback generation.
[2026-07-23 15:06:34,717] INFO    - [gemini_client:184] - Generated graceful fallback report for JIOFIN.NS in 1.0ms
[2026-07-23 15:06:34,717] INFO    - [cache:68       ] - Cached new LLM analysis report for JIOFIN.NS (1d)
[2026-07-23 15:06:34,718] INFO    - [analysis:362   ] - Completed deterministic analysis for JIOFIN.NS in 739.7ms | ticker=JIOFIN.NS execution_time=739.69ms
[2026-07-23 15:06:34,719] WARNING - [market_opportunities:155] - Skipping JIOFIN.NS during opportunities scan: 'live_quote'
[2026-07-23 15:06:34,719] INFO    - [analysis:158   ] - Normalized ticker input: HAL.NS -> HAL.NS | ticker=HAL.NS
[2026-07-23 15:06:34,759] INFO    - [downloader:103 ] - Downloading ticker data from yfinance: HAL.NS (Interval: 1d, Period: 5y) | ticker=HAL.NS
[2026-07-23 15:06:35,208] INFO    - [downloader:73  ] - Successfully cleaned and validated data for HAL.NS. Rows: 1239 | ticker=HAL.NS
[2026-07-23 15:06:35,228] INFO    - [cache:151      ] - Cached data saved for ticker HAL.NS (1d) | ticker=HAL.NS
[2026-07-23 15:06:35,229] INFO    - [feature_store:35] - No features Parquet file found for HAL.NS at storage/features\HAL_NS.parquet | ticker=HAL.NS
[2026-07-23 15:06:35,231] INFO    - [feature_store:156] - Initializing new Feature Store for HAL.NS during raw | ticker=HAL.NS
[2026-07-23 15:06:35,253] INFO    - [feature_store:142] - Saved Feature Store for HAL.NS to storage/features\HAL_NS.parquet | ticker=HAL.NS
[2026-07-23 15:06:35,253] INFO    - [indicators:289 ] - Computing technical indicators across all categories...
[2026-07-23 15:06:35,411] INFO    - [indicators:305 ] - Successfully computed 59 indicator columns.
[2026-07-23 15:06:35,419] INFO    - [feature_store:55] - Successfully loaded 5 features for HAL.NS | ticker=HAL.NS
[2026-07-23 15:06:35,453] INFO    - [feature_store:142] - Saved Feature Store for HAL.NS to storage/features\HAL_NS.parquet | ticker=HAL.NS
[2026-07-23 15:06:35,454] INFO    - [candlestick:169] - Computing price action returns and candlestick patterns...
[2026-07-23 15:06:35,520] INFO    - [candlestick:184] - Successfully computed 15 price action / pattern columns.
[2026-07-23 15:06:35,529] INFO    - [feature_store:55] - Successfully loaded 64 features for HAL.NS | ticker=HAL.NS
[2026-07-23 15:06:35,565] INFO    - [feature_store:142] - Saved Feature Store for HAL.NS to storage/features\HAL_NS.parquet | ticker=HAL.NS
[2026-07-23 15:06:35,594] INFO    - [cache:123      ] - Cache HIT for ticker ^NSEI (1d) | ticker=^NSEI
[2026-07-23 15:06:35,603] INFO    - [cache:123      ] - Cache HIT for ticker ^NSEBANK (1d) | ticker=^NSEBANK
[2026-07-23 15:06:35,610] INFO    - [cache:123      ] - Cache HIT for ticker ^INDIAVIX (1d) | ticker=^INDIAVIX
[2026-07-23 15:06:35,618] INFO    - [cache:123      ] - Cache HIT for ticker ^NSEI (1d) | ticker=^NSEI
[2026-07-23 15:06:35,622] INFO    - [vix_analysis:42] - India VIX: 13.63 (Percentile: 68.0%, Regime: Normal)
[2026-07-23 15:06:35,659] INFO    - [chart_data:31  ] - Constructing client visualization payload...
[2026-07-23 15:06:35,718] WARNING - [gemini_client:43] - Gemini Client uninitialized (missing API Key). Routing to fallback generation.
[2026-07-23 15:06:35,718] INFO    - [gemini_client:184] - Generated graceful fallback report for HAL.NS in 0.0ms
[2026-07-23 15:06:35,719] INFO    - [cache:68       ] - Cached new LLM analysis report for HAL.NS (1d)
[2026-07-23 15:06:35,720] INFO    - [analysis:362   ] - Completed deterministic analysis for HAL.NS in 997.0ms | ticker=HAL.NS execution_time=996.95ms
[2026-07-23 15:06:35,721] WARNING - [market_opportunities:155] - Skipping HAL.NS during opportunities scan: 'live_quote'
[2026-07-23 15:06:35,722] INFO    - [analysis:158   ] - Normalized ticker input: HINDALCO.NS -> HINDALCO.NS | ticker=HINDALCO.NS
[2026-07-23 15:06:35,723] INFO    - [downloader:103 ] - Downloading ticker data from yfinance: HINDALCO.NS (Interval: 1d, Period: 5y) | ticker=HINDALCO.NS
[2026-07-23 15:06:36,330] INFO    - [downloader:73  ] - Successfully cleaned and validated data for HINDALCO.NS. Rows: 1239 | ticker=HINDALCO.NS
[2026-07-23 15:06:36,344] INFO    - [cache:151      ] - Cached data saved for ticker HINDALCO.NS (1d) | ticker=HINDALCO.NS
[2026-07-23 15:06:36,345] INFO    - [feature_store:35] - No features Parquet file found for HINDALCO.NS at storage/features\HINDALCO_NS.parquet | ticker=HINDALCO.NS
[2026-07-23 15:06:36,346] INFO    - [feature_store:156] - Initializing new Feature Store for HINDALCO.NS during raw | ticker=HINDALCO.NS
[2026-07-23 15:06:36,353] INFO    - [feature_store:142] - Saved Feature Store for HINDALCO.NS to storage/features\HINDALCO_NS.parquet | ticker=HINDALCO.NS
[2026-07-23 15:06:36,354] INFO    - [indicators:289 ] - Computing technical indicators across all categories...
[2026-07-23 15:06:36,438] INFO    - [indicators:305 ] - Successfully computed 59 indicator columns.
[2026-07-23 15:06:36,445] INFO    - [feature_store:55] - Successfully loaded 5 features for HINDALCO.NS | ticker=HINDALCO.NS
[2026-07-23 15:06:36,473] INFO    - [feature_store:142] - Saved Feature Store for HINDALCO.NS to storage/features\HINDALCO_NS.parquet | ticker=HINDALCO.NS
[2026-07-23 15:06:36,474] INFO    - [candlestick:169] - Computing price action returns and candlestick patterns...
[2026-07-23 15:06:36,526] INFO    - [candlestick:184] - Successfully computed 15 price action / pattern columns.
[2026-07-23 15:06:36,537] INFO    - [feature_store:55] - Successfully loaded 64 features for HINDALCO.NS | ticker=HINDALCO.NS
[2026-07-23 15:06:36,560] INFO    - [feature_store:142] - Saved Feature Store for HINDALCO.NS to storage/features\HINDALCO_NS.parquet | ticker=HINDALCO.NS
[2026-07-23 15:06:36,580] INFO    - [cache:123      ] - Cache HIT for ticker ^NSEI (1d) | ticker=^NSEI
[2026-07-23 15:06:36,587] INFO    - [cache:123      ] - Cache HIT for ticker ^NSEBANK (1d) | ticker=^NSEBANK
[2026-07-23 15:06:36,595] INFO    - [cache:123      ] - Cache HIT for ticker ^INDIAVIX (1d) | ticker=^INDIAVIX
[2026-07-23 15:06:36,603] INFO    - [cache:123      ] - Cache HIT for ticker ^NSEI (1d) | ticker=^NSEI
[2026-07-23 15:06:36,606] INFO    - [vix_analysis:42] - India VIX: 13.63 (Percentile: 68.0%, Regime: Normal)
[2026-07-23 15:06:36,658] INFO    - [chart_data:31  ] - Constructing client visualization payload...
[2026-07-23 15:06:36,738] WARNING - [gemini_client:43] - Gemini Client uninitialized (missing API Key). Routing to fallback generation.
[2026-07-23 15:06:36,739] INFO    - [gemini_client:184] - Generated graceful fallback report for HINDALCO.NS in 1.0ms
[2026-07-23 15:06:36,740] INFO    - [cache:68       ] - Cached new LLM analysis report for HINDALCO.NS (1d)
[2026-07-23 15:06:36,741] INFO    - [analysis:362   ] - Completed deterministic analysis for HINDALCO.NS in 1013.7ms | ticker=HINDALCO.NS execution_time=1013.71ms
[2026-07-23 15:06:36,741] WARNING - [market_opportunities:155] - Skipping HINDALCO.NS during opportunities scan: 'live_quote'
[2026-07-23 15:06:36,742] INFO    - [analysis:158   ] - Normalized ticker input: BPCL.NS -> BPCL.NS | ticker=BPCL.NS
[2026-07-23 15:06:36,742] INFO    - [downloader:103 ] - Downloading ticker data from yfinance: BPCL.NS (Interval: 1d, Period: 5y) | ticker=BPCL.NS
[2026-07-23 15:06:37,269] INFO    - [downloader:73  ] - Successfully cleaned and validated data for BPCL.NS. Rows: 1239 | ticker=BPCL.NS
[2026-07-23 15:06:37,281] INFO    - [cache:151      ] - Cached data saved for ticker BPCL.NS (1d) | ticker=BPCL.NS
[2026-07-23 15:06:37,283] INFO    - [feature_store:35] - No features Parquet file found for BPCL.NS at storage/features\BPCL_NS.parquet | ticker=BPCL.NS
[2026-07-23 15:06:37,284] INFO    - [feature_store:156] - Initializing new Feature Store for BPCL.NS during raw | ticker=BPCL.NS
[2026-07-23 15:06:37,290] INFO    - [feature_store:142] - Saved Feature Store for BPCL.NS to storage/features\BPCL_NS.parquet | ticker=BPCL.NS
[2026-07-23 15:06:37,291] INFO    - [indicators:289 ] - Computing technical indicators across all categories...
[2026-07-23 15:06:37,379] INFO    - [indicators:305 ] - Successfully computed 59 indicator columns.
[2026-07-23 15:06:37,385] INFO    - [feature_store:55] - Successfully loaded 5 features for BPCL.NS | ticker=BPCL.NS
[2026-07-23 15:06:37,406] INFO    - [feature_store:142] - Saved Feature Store for BPCL.NS to storage/features\BPCL_NS.parquet | ticker=BPCL.NS
[2026-07-23 15:06:37,407] INFO    - [candlestick:169] - Computing price action returns and candlestick patterns...
[2026-07-23 15:06:37,457] INFO    - [candlestick:184] - Successfully computed 15 price action / pattern columns.
[2026-07-23 15:06:37,467] INFO    - [feature_store:55] - Successfully loaded 64 features for BPCL.NS | ticker=BPCL.NS
[2026-07-23 15:06:37,489] INFO    - [feature_store:142] - Saved Feature Store for BPCL.NS to storage/features\BPCL_NS.parquet | ticker=BPCL.NS
[2026-07-23 15:06:37,509] INFO    - [cache:123      ] - Cache HIT for ticker ^NSEI (1d) | ticker=^NSEI
[2026-07-23 15:06:37,517] INFO    - [cache:123      ] - Cache HIT for ticker ^NSEBANK (1d) | ticker=^NSEBANK
[2026-07-23 15:06:37,523] INFO    - [cache:123      ] - Cache HIT for ticker ^INDIAVIX (1d) | ticker=^INDIAVIX
[2026-07-23 15:06:37,529] INFO    - [cache:123      ] - Cache HIT for ticker ^NSEI (1d) | ticker=^NSEI
[2026-07-23 15:06:37,534] INFO    - [vix_analysis:42] - India VIX: 13.63 (Percentile: 68.0%, Regime: Normal)
[2026-07-23 15:06:37,565] INFO    - [chart_data:31  ] - Constructing client visualization payload...
[2026-07-23 15:06:37,636] WARNING - [gemini_client:43] - Gemini Client uninitialized (missing API Key). Routing to fallback generation.
[2026-07-23 15:06:37,636] INFO    - [gemini_client:184] - Generated graceful fallback report for BPCL.NS in 0.0ms
[2026-07-23 15:06:37,637] INFO    - [cache:68       ] - Cached new LLM analysis report for BPCL.NS (1d)
[2026-07-23 15:06:37,638] INFO    - [analysis:362   ] - Completed deterministic analysis for BPCL.NS in 893.0ms | ticker=BPCL.NS execution_time=892.95ms
[2026-07-23 15:06:37,639] WARNING - [market_opportunities:155] - Skipping BPCL.NS during opportunities scan: 'live_quote'
[2026-07-23 15:06:37,639] INFO    - [analysis:158   ] - Normalized ticker input: ADANIPOWER.NS -> ADANIPOWER.NS | ticker=ADANIPOWER.NS
[2026-07-23 15:06:37,640] INFO    - [downloader:103 ] - Downloading ticker data from yfinance: ADANIPOWER.NS (Interval: 1d, Period: 5y) | ticker=ADANIPOWER.NS
[2026-07-23 15:06:38,109] INFO    - [downloader:73  ] - Successfully cleaned and validated data for ADANIPOWER.NS. Rows: 1239 | ticker=ADANIPOWER.NS
[2026-07-23 15:06:38,122] INFO    - [cache:151      ] - Cached data saved for ticker ADANIPOWER.NS (1d) | ticker=ADANIPOWER.NS
[2026-07-23 15:06:38,123] INFO    - [feature_store:35] - No features Parquet file found for ADANIPOWER.NS at storage/features\ADANIPOWER_NS.parquet | ticker=ADANIPOWER.NS
[2026-07-23 15:06:38,124] INFO    - [feature_store:156] - Initializing new Feature Store for ADANIPOWER.NS during raw | ticker=ADANIPOWER.NS
[2026-07-23 15:06:38,133] INFO    - [feature_store:142] - Saved Feature Store for ADANIPOWER.NS to storage/features\ADANIPOWER_NS.parquet | ticker=ADANIPOWER.NS
[2026-07-23 15:06:38,134] INFO    - [indicators:289 ] - Computing technical indicators across all categories...
[2026-07-23 15:06:38,237] INFO    - [indicators:305 ] - Successfully computed 59 indicator columns.
[2026-07-23 15:06:38,243] INFO    - [feature_store:55] - Successfully loaded 5 features for ADANIPOWER.NS | ticker=ADANIPOWER.NS
[2026-07-23 15:06:38,273] INFO    - [feature_store:142] - Saved Feature Store for ADANIPOWER.NS to storage/features\ADANIPOWER_NS.parquet | ticker=ADANIPOWER.NS
[2026-07-23 15:06:38,274] INFO    - [candlestick:169] - Computing price action returns and candlestick patterns...
[2026-07-23 15:06:38,326] INFO    - [candlestick:184] - Successfully computed 15 price action / pattern columns.
[2026-07-23 15:06:38,335] INFO    - [feature_store:55] - Successfully loaded 64 features for ADANIPOWER.NS | ticker=ADANIPOWER.NS
[2026-07-23 15:06:38,374] INFO    - [feature_store:142] - Saved Feature Store for ADANIPOWER.NS to storage/features\ADANIPOWER_NS.parquet | ticker=ADANIPOWER.NS
[2026-07-23 15:06:38,409] INFO    - [cache:123      ] - Cache HIT for ticker ^NSEI (1d) | ticker=^NSEI
[2026-07-23 15:06:38,418] INFO    - [cache:123      ] - Cache HIT for ticker ^NSEBANK (1d) | ticker=^NSEBANK
[2026-07-23 15:06:38,426] INFO    - [cache:123      ] - Cache HIT for ticker ^INDIAVIX (1d) | ticker=^INDIAVIX
[2026-07-23 15:06:38,433] INFO    - [cache:123      ] - Cache HIT for ticker ^NSEI (1d) | ticker=^NSEI
[2026-07-23 15:06:38,436] INFO    - [vix_analysis:42] - India VIX: 13.63 (Percentile: 68.0%, Regime: Normal)
[2026-07-23 15:06:38,495] INFO    - [chart_data:31  ] - Constructing client visualization payload...
[2026-07-23 15:06:38,557] WARNING - [gemini_client:43] - Gemini Client uninitialized (missing API Key). Routing to fallback generation.
[2026-07-23 15:06:38,558] INFO    - [gemini_client:184] - Generated graceful fallback report for ADANIPOWER.NS in 1.0ms
[2026-07-23 15:06:38,559] INFO    - [cache:68       ] - Cached new LLM analysis report for ADANIPOWER.NS (1d)
[2026-07-23 15:06:38,560] INFO    - [analysis:362   ] - Completed deterministic analysis for ADANIPOWER.NS in 916.7ms | ticker=ADANIPOWER.NS execution_time=916.71ms
[2026-07-23 15:06:38,562] WARNING - [market_opportunities:155] - Skipping ADANIPOWER.NS during opportunities scan: 'live_quote'
[2026-07-23 15:06:38,562] INFO    - [analysis:158   ] - Normalized ticker input: IOC.NS -> IOC.NS | ticker=IOC.NS
[2026-07-23 15:06:38,563] INFO    - [downloader:103 ] - Downloading ticker data from yfinance: IOC.NS (Interval: 1d, Period: 5y) | ticker=IOC.NS
[2026-07-23 15:06:39,080] INFO    - [downloader:73  ] - Successfully cleaned and validated data for IOC.NS. Rows: 1239 | ticker=IOC.NS
[2026-07-23 15:06:39,107] INFO    - [cache:151      ] - Cached data saved for ticker IOC.NS (1d) | ticker=IOC.NS
[2026-07-23 15:06:39,109] INFO    - [feature_store:35] - No features Parquet file found for IOC.NS at storage/features\IOC_NS.parquet | ticker=IOC.NS
[2026-07-23 15:06:39,110] INFO    - [feature_store:156] - Initializing new Feature Store for IOC.NS during raw | ticker=IOC.NS
[2026-07-23 15:06:39,120] INFO    - [feature_store:142] - Saved Feature Store for IOC.NS to storage/features\IOC_NS.parquet | ticker=IOC.NS
[2026-07-23 15:06:39,121] INFO    - [indicators:289 ] - Computing technical indicators across all categories...
[2026-07-23 15:06:39,224] INFO    - [indicators:305 ] - Successfully computed 59 indicator columns.
[2026-07-23 15:06:39,231] INFO    - [feature_store:55] - Successfully loaded 5 features for IOC.NS | ticker=IOC.NS
[2026-07-23 15:06:39,259] INFO    - [feature_store:142] - Saved Feature Store for IOC.NS to storage/features\IOC_NS.parquet | ticker=IOC.NS
[2026-07-23 15:06:39,260] INFO    - [candlestick:169] - Computing price action returns and candlestick patterns...
[2026-07-23 15:06:39,342] INFO    - [candlestick:184] - Successfully computed 15 price action / pattern columns.
[2026-07-23 15:06:39,353] INFO    - [feature_store:55] - Successfully loaded 64 features for IOC.NS | ticker=IOC.NS
[2026-07-23 15:06:39,405] INFO    - [feature_store:142] - Saved Feature Store for IOC.NS to storage/features\IOC_NS.parquet | ticker=IOC.NS
[2026-07-23 15:06:39,438] INFO    - [cache:123      ] - Cache HIT for ticker ^NSEI (1d) | ticker=^NSEI
[2026-07-23 15:06:39,450] INFO    - [cache:123      ] - Cache HIT for ticker ^NSEBANK (1d) | ticker=^NSEBANK
[2026-07-23 15:06:39,466] INFO    - [cache:123      ] - Cache HIT for ticker ^INDIAVIX (1d) | ticker=^INDIAVIX
[2026-07-23 15:06:39,473] INFO    - [cache:123      ] - Cache HIT for ticker ^NSEI (1d) | ticker=^NSEI
[2026-07-23 15:06:39,477] INFO    - [vix_analysis:42] - India VIX: 13.63 (Percentile: 68.0%, Regime: Normal)
[2026-07-23 15:06:39,518] INFO    - [chart_data:31  ] - Constructing client visualization payload...
[2026-07-23 15:06:39,609] WARNING - [gemini_client:43] - Gemini Client uninitialized (missing API Key). Routing to fallback generation.
[2026-07-23 15:06:39,610] INFO    - [gemini_client:184] - Generated graceful fallback report for IOC.NS in 1.0ms
[2026-07-23 15:06:39,612] INFO    - [cache:68       ] - Cached new LLM analysis report for IOC.NS (1d)
[2026-07-23 15:06:39,613] INFO    - [analysis:362   ] - Completed deterministic analysis for IOC.NS in 1043.9ms | ticker=IOC.NS execution_time=1043.93ms
[2026-07-23 15:06:39,615] WARNING - [market_opportunities:155] - Skipping IOC.NS during opportunities scan: 'live_quote'
[2026-07-23 15:06:39,615] INFO    - [analysis:158   ] - Normalized ticker input: BEL.NS -> BEL.NS | ticker=BEL.NS
[2026-07-23 15:06:39,616] INFO    - [downloader:103 ] - Downloading ticker data from yfinance: BEL.NS (Interval: 1d, Period: 5y) | ticker=BEL.NS
[2026-07-23 15:06:39,937] INFO    - [downloader:73  ] - Successfully cleaned and validated data for BEL.NS. Rows: 1239 | ticker=BEL.NS
[2026-07-23 15:06:39,950] INFO    - [cache:151      ] - Cached data saved for ticker BEL.NS (1d) | ticker=BEL.NS
[2026-07-23 15:06:39,962] INFO    - [feature_store:55] - Successfully loaded 79 features for BEL.NS | ticker=BEL.NS
[2026-07-23 15:06:39,992] INFO    - [feature_store:142] - Saved Feature Store for BEL.NS to storage/features\BEL_NS.parquet | ticker=BEL.NS
[2026-07-23 15:06:39,993] INFO    - [indicators:289 ] - Computing technical indicators across all categories...
[2026-07-23 15:06:40,080] INFO    - [indicators:305 ] - Successfully computed 59 indicator columns.
[2026-07-23 15:06:40,091] INFO    - [feature_store:55] - Successfully loaded 79 features for BEL.NS | ticker=BEL.NS
[2026-07-23 15:06:40,116] INFO    - [feature_store:142] - Saved Feature Store for BEL.NS to storage/features\BEL_NS.parquet | ticker=BEL.NS
[2026-07-23 15:06:40,117] INFO    - [candlestick:169] - Computing price action returns and candlestick patterns...
[2026-07-23 15:06:40,170] INFO    - [candlestick:184] - Successfully computed 15 price action / pattern columns.
[2026-07-23 15:06:40,181] INFO    - [feature_store:55] - Successfully loaded 79 features for BEL.NS | ticker=BEL.NS
[2026-07-23 15:06:40,205] INFO    - [feature_store:142] - Saved Feature Store for BEL.NS to storage/features\BEL_NS.parquet | ticker=BEL.NS
[2026-07-23 15:06:40,224] INFO    - [cache:123      ] - Cache HIT for ticker ^NSEI (1d) | ticker=^NSEI
[2026-07-23 15:06:40,230] INFO    - [cache:123      ] - Cache HIT for ticker ^NSEBANK (1d) | ticker=^NSEBANK
[2026-07-23 15:06:40,237] INFO    - [cache:123      ] - Cache HIT for ticker ^INDIAVIX (1d) | ticker=^INDIAVIX
[2026-07-23 15:06:40,246] INFO    - [cache:123      ] - Cache HIT for ticker ^NSEI (1d) | ticker=^NSEI
[2026-07-23 15:06:40,249] INFO    - [vix_analysis:42] - India VIX: 13.63 (Percentile: 68.0%, Regime: Normal)
[2026-07-23 15:06:40,278] INFO    - [chart_data:31  ] - Constructing client visualization payload...
[2026-07-23 15:06:40,367] WARNING - [gemini_client:43] - Gemini Client uninitialized (missing API Key). Routing to fallback generation.
[2026-07-23 15:06:40,368] INFO    - [gemini_client:184] - Generated graceful fallback report for BEL.NS in 1.0ms
[2026-07-23 15:06:40,369] INFO    - [cache:68       ] - Cached new LLM analysis report for BEL.NS (1d)
[2026-07-23 15:06:40,369] INFO    - [analysis:362   ] - Completed deterministic analysis for BEL.NS in 751.1ms | ticker=BEL.NS execution_time=751.10ms
[2026-07-23 15:06:40,370] WARNING - [market_opportunities:155] - Skipping BEL.NS during opportunities scan: 'live_quote'
[2026-07-23 15:06:40,370] INFO    - [analysis:158   ] - Normalized ticker input: IRFC.NS -> IRFC.NS | ticker=IRFC.NS
[2026-07-23 15:06:40,371] INFO    - [downloader:103 ] - Downloading ticker data from yfinance: IRFC.NS (Interval: 1d, Period: 5y) | ticker=IRFC.NS
[2026-07-23 15:06:40,854] INFO    - [downloader:73  ] - Successfully cleaned and validated data for IRFC.NS. Rows: 1239 | ticker=IRFC.NS
[2026-07-23 15:06:40,873] INFO    - [cache:151      ] - Cached data saved for ticker IRFC.NS (1d) | ticker=IRFC.NS
[2026-07-23 15:06:40,874] INFO    - [feature_store:35] - No features Parquet file found for IRFC.NS at storage/features\IRFC_NS.parquet | ticker=IRFC.NS
[2026-07-23 15:06:40,875] INFO    - [feature_store:156] - Initializing new Feature Store for IRFC.NS during raw | ticker=IRFC.NS
[2026-07-23 15:06:40,883] INFO    - [feature_store:142] - Saved Feature Store for IRFC.NS to storage/features\IRFC_NS.parquet | ticker=IRFC.NS
[2026-07-23 15:06:40,883] INFO    - [indicators:289 ] - Computing technical indicators across all categories...
[2026-07-23 15:06:40,983] INFO    - [indicators:305 ] - Successfully computed 59 indicator columns.
[2026-07-23 15:06:40,989] INFO    - [feature_store:55] - Successfully loaded 5 features for IRFC.NS | ticker=IRFC.NS
[2026-07-23 15:06:41,013] INFO    - [feature_store:142] - Saved Feature Store for IRFC.NS to storage/features\IRFC_NS.parquet | ticker=IRFC.NS
[2026-07-23 15:06:41,013] INFO    - [candlestick:169] - Computing price action returns and candlestick patterns...
[2026-07-23 15:06:41,069] INFO    - [candlestick:184] - Successfully computed 15 price action / pattern columns.
[2026-07-23 15:06:41,077] INFO    - [feature_store:55] - Successfully loaded 64 features for IRFC.NS | ticker=IRFC.NS
[2026-07-23 15:06:41,102] INFO    - [feature_store:142] - Saved Feature Store for IRFC.NS to storage/features\IRFC_NS.parquet | ticker=IRFC.NS
[2026-07-23 15:06:41,121] INFO    - [cache:123      ] - Cache HIT for ticker ^NSEI (1d) | ticker=^NSEI
[2026-07-23 15:06:41,129] INFO    - [cache:123      ] - Cache HIT for ticker ^NSEBANK (1d) | ticker=^NSEBANK
[2026-07-23 15:06:41,135] INFO    - [cache:123      ] - Cache HIT for ticker ^INDIAVIX (1d) | ticker=^INDIAVIX
[2026-07-23 15:06:41,140] INFO    - [cache:123      ] - Cache HIT for ticker ^NSEI (1d) | ticker=^NSEI
[2026-07-23 15:06:41,146] INFO    - [vix_analysis:42] - India VIX: 13.63 (Percentile: 68.0%, Regime: Normal)
[2026-07-23 15:06:41,178] INFO    - [chart_data:31  ] - Constructing client visualization payload...
[2026-07-23 15:06:41,231] WARNING - [gemini_client:43] - Gemini Client uninitialized (missing API Key). Routing to fallback generation.
[2026-07-23 15:06:41,232] INFO    - [gemini_client:184] - Generated graceful fallback report for IRFC.NS in 0.0ms
[2026-07-23 15:06:41,232] INFO    - [cache:68       ] - Cached new LLM analysis report for IRFC.NS (1d)
[2026-07-23 15:06:41,233] INFO    - [analysis:362   ] - Completed deterministic analysis for IRFC.NS in 859.1ms | ticker=IRFC.NS execution_time=859.13ms
[2026-07-23 15:06:41,234] WARNING - [market_opportunities:155] - Skipping IRFC.NS during opportunities scan: 'live_quote'
[2026-07-23 15:06:41,234] INFO    - [analysis:158   ] - Normalized ticker input: PNB.NS -> PNB.NS | ticker=PNB.NS
[2026-07-23 15:06:41,235] INFO    - [downloader:103 ] - Downloading ticker data from yfinance: PNB.NS (Interval: 1d, Period: 5y) | ticker=PNB.NS
[2026-07-23 15:06:41,735] INFO    - [downloader:73  ] - Successfully cleaned and validated data for PNB.NS. Rows: 1239 | ticker=PNB.NS
[2026-07-23 15:06:41,748] INFO    - [cache:151      ] - Cached data saved for ticker PNB.NS (1d) | ticker=PNB.NS
[2026-07-23 15:06:41,750] INFO    - [feature_store:35] - No features Parquet file found for PNB.NS at storage/features\PNB_NS.parquet | ticker=PNB.NS
[2026-07-23 15:06:41,751] INFO    - [feature_store:156] - Initializing new Feature Store for PNB.NS during raw | ticker=PNB.NS
[2026-07-23 15:06:41,757] INFO    - [feature_store:142] - Saved Feature Store for PNB.NS to storage/features\PNB_NS.parquet | ticker=PNB.NS
[2026-07-23 15:06:41,757] INFO    - [indicators:289 ] - Computing technical indicators across all categories...
[2026-07-23 15:06:41,852] INFO    - [indicators:305 ] - Successfully computed 59 indicator columns.
[2026-07-23 15:06:41,859] INFO    - [feature_store:55] - Successfully loaded 5 features for PNB.NS | ticker=PNB.NS
[2026-07-23 15:06:41,880] INFO    - [feature_store:142] - Saved Feature Store for PNB.NS to storage/features\PNB_NS.parquet | ticker=PNB.NS
[2026-07-23 15:06:41,880] INFO    - [candlestick:169] - Computing price action returns and candlestick patterns...
[2026-07-23 15:06:41,935] INFO    - [candlestick:184] - Successfully computed 15 price action / pattern columns.
[2026-07-23 15:06:41,945] INFO    - [feature_store:55] - Successfully loaded 64 features for PNB.NS | ticker=PNB.NS
[2026-07-23 15:06:41,971] INFO    - [feature_store:142] - Saved Feature Store for PNB.NS to storage/features\PNB_NS.parquet | ticker=PNB.NS
[2026-07-23 15:06:41,992] INFO    - [cache:123      ] - Cache HIT for ticker ^NSEI (1d) | ticker=^NSEI
[2026-07-23 15:06:41,999] INFO    - [cache:123      ] - Cache HIT for ticker ^NSEBANK (1d) | ticker=^NSEBANK
[2026-07-23 15:06:42,006] INFO    - [cache:123      ] - Cache HIT for ticker ^INDIAVIX (1d) | ticker=^INDIAVIX
[2026-07-23 15:06:42,013] INFO    - [cache:123      ] - Cache HIT for ticker ^NSEI (1d) | ticker=^NSEI
[2026-07-23 15:06:42,017] INFO    - [vix_analysis:42] - India VIX: 13.63 (Percentile: 68.0%, Regime: Normal)
[2026-07-23 15:06:42,047] INFO    - [chart_data:31  ] - Constructing client visualization payload...
[2026-07-23 15:06:42,088] WARNING - [gemini_client:43] - Gemini Client uninitialized (missing API Key). Routing to fallback generation.
[2026-07-23 15:06:42,089] INFO    - [gemini_client:184] - Generated graceful fallback report for PNB.NS in 1.0ms
[2026-07-23 15:06:42,090] INFO    - [cache:68       ] - Cached new LLM analysis report for PNB.NS (1d)
[2026-07-23 15:06:42,091] INFO    - [analysis:362   ] - Completed deterministic analysis for PNB.NS in 851.8ms | ticker=PNB.NS execution_time=851.78ms
[2026-07-23 15:06:42,092] WARNING - [market_opportunities:155] - Skipping PNB.NS during opportunities scan: 'live_quote'
[2026-07-23 15:06:42,092] INFO    - [analysis:158   ] - Normalized ticker input: DLF.NS -> DLF.NS | ticker=DLF.NS
[2026-07-23 15:06:42,093] INFO    - [downloader:103 ] - Downloading ticker data from yfinance: DLF.NS (Interval: 1d, Period: 5y) | ticker=DLF.NS
[2026-07-23 15:06:42,599] INFO    - [downloader:73  ] - Successfully cleaned and validated data for DLF.NS. Rows: 1239 | ticker=DLF.NS
[2026-07-23 15:06:42,617] INFO    - [cache:151      ] - Cached data saved for ticker DLF.NS (1d) | ticker=DLF.NS
[2026-07-23 15:06:42,620] INFO    - [feature_store:35] - No features Parquet file found for DLF.NS at storage/features\DLF_NS.parquet | ticker=DLF.NS
[2026-07-23 15:06:42,621] INFO    - [feature_store:156] - Initializing new Feature Store for DLF.NS during raw | ticker=DLF.NS
[2026-07-23 15:06:42,630] INFO    - [feature_store:142] - Saved Feature Store for DLF.NS to storage/features\DLF_NS.parquet | ticker=DLF.NS
[2026-07-23 15:06:42,630] INFO    - [indicators:289 ] - Computing technical indicators across all categories...
[2026-07-23 15:06:42,724] INFO    - [indicators:305 ] - Successfully computed 59 indicator columns.
[2026-07-23 15:06:42,731] INFO    - [feature_store:55] - Successfully loaded 5 features for DLF.NS | ticker=DLF.NS
[2026-07-23 15:06:42,759] INFO    - [feature_store:142] - Saved Feature Store for DLF.NS to storage/features\DLF_NS.parquet | ticker=DLF.NS
[2026-07-23 15:06:42,760] INFO    - [candlestick:169] - Computing price action returns and candlestick patterns...
[2026-07-23 15:06:42,828] INFO    - [candlestick:184] - Successfully computed 15 price action / pattern columns.
[2026-07-23 15:06:42,837] INFO    - [feature_store:55] - Successfully loaded 64 features for DLF.NS | ticker=DLF.NS
[2026-07-23 15:06:42,870] INFO    - [feature_store:142] - Saved Feature Store for DLF.NS to storage/features\DLF_NS.parquet | ticker=DLF.NS
[2026-07-23 15:06:42,913] INFO    - [cache:123      ] - Cache HIT for ticker ^NSEI (1d) | ticker=^NSEI
[2026-07-23 15:06:42,933] INFO    - [cache:123      ] - Cache HIT for ticker ^NSEBANK (1d) | ticker=^NSEBANK
[2026-07-23 15:06:42,948] INFO    - [cache:123      ] - Cache HIT for ticker ^INDIAVIX (1d) | ticker=^INDIAVIX
[2026-07-23 15:06:42,961] INFO    - [cache:123      ] - Cache HIT for ticker ^NSEI (1d) | ticker=^NSEI
[2026-07-23 15:06:42,968] INFO    - [vix_analysis:42] - India VIX: 13.63 (Percentile: 68.0%, Regime: Normal)
[2026-07-23 15:06:43,043] INFO    - [chart_data:31  ] - Constructing client visualization payload...
[2026-07-23 15:06:43,150] WARNING - [gemini_client:43] - Gemini Client uninitialized (missing API Key). Routing to fallback generation.
[2026-07-23 15:06:43,151] INFO    - [gemini_client:184] - Generated graceful fallback report for DLF.NS in 1.0ms
[2026-07-23 15:06:43,151] INFO    - [cache:68       ] - Cached new LLM analysis report for DLF.NS (1d)
[2026-07-23 15:06:43,152] INFO    - [analysis:362   ] - Completed deterministic analysis for DLF.NS in 1055.8ms | ticker=DLF.NS execution_time=1055.81ms
[2026-07-23 15:06:43,153] WARNING - [market_opportunities:155] - Skipping DLF.NS during opportunities scan: 'live_quote'
[2026-07-23 15:06:43,154] ERROR   - [exceptions:56  ] - Unhandled system exception on /market/top-opportunities: InMemoryLiveCache.set_analysis() missing 1 required positional argument: 'report'
[2026-07-23 15:06:44,375] INFO    - [market_opportunities:87] - Computing Top Opportunities across market watchlist...
[2026-07-23 15:06:44,403] INFO    - [analysis:158   ] - Normalized ticker input: RELIANCE.NS -> RELIANCE.NS | ticker=RELIANCE.NS
[2026-07-23 15:06:44,403] INFO    - [analysis:168   ] - Analysis cache HIT for RELIANCE.NS (1d)
[2026-07-23 15:06:44,633] INFO    - [analysis:158   ] - Normalized ticker input: TCS.NS -> TCS.NS | ticker=TCS.NS
[2026-07-23 15:06:44,634] INFO    - [analysis:168   ] - Analysis cache HIT for TCS.NS (1d)
[2026-07-23 15:06:44,834] INFO    - [analysis:158   ] - Normalized ticker input: INFY.NS -> INFY.NS | ticker=INFY.NS
[2026-07-23 15:06:44,834] INFO    - [analysis:168   ] - Analysis cache HIT for INFY.NS (1d)
[2026-07-23 15:06:44,979] INFO    - [analysis:158   ] - Normalized ticker input: HDFCBANK.NS -> HDFCBANK.NS | ticker=HDFCBANK.NS
[2026-07-23 15:06:44,980] INFO    - [analysis:168   ] - Analysis cache HIT for HDFCBANK.NS (1d)
[2026-07-23 15:06:45,180] INFO    - [analysis:158   ] - Normalized ticker input: ICICIBANK.NS -> ICICIBANK.NS | ticker=ICICIBANK.NS
[2026-07-23 15:06:45,181] INFO    - [analysis:168   ] - Analysis cache HIT for ICICIBANK.NS (1d)
[2026-07-23 15:06:45,466] INFO    - [analysis:158   ] - Normalized ticker input: SBIN.NS -> SBIN.NS | ticker=SBIN.NS
[2026-07-23 15:06:45,468] INFO    - [analysis:168   ] - Analysis cache HIT for SBIN.NS (1d)
[2026-07-23 15:06:45,877] INFO    - [analysis:158   ] - Normalized ticker input: BHARTIARTL.NS -> BHARTIARTL.NS | ticker=BHARTIARTL.NS
[2026-07-23 15:06:45,878] INFO    - [analysis:168   ] - Analysis cache HIT for BHARTIARTL.NS (1d)
[2026-07-23 15:06:46,071] INFO    - [analysis:158   ] - Normalized ticker input: LT.NS -> LT.NS | ticker=LT.NS
[2026-07-23 15:06:46,072] INFO    - [analysis:168   ] - Analysis cache HIT for LT.NS (1d)
[2026-07-23 15:06:46,487] INFO    - [analysis:158   ] - Normalized ticker input: TMCV.NS -> TMCV.NS | ticker=TMCV.NS
[2026-07-23 15:06:46,495] INFO    - [cache:123      ] - Cache HIT for ticker TMCV.NS (1d) | ticker=TMCV.NS
[2026-07-23 15:06:46,496] WARNING - [market_opportunities:155] - Skipping TMCV.NS during opportunities scan: Insufficient historical data for 'TMCV.NS'. Required: at least 250 rows. Found: 175.
[2026-07-23 15:06:46,497] INFO    - [analysis:158   ] - Normalized ticker input: TATASTEEL.NS -> TATASTEEL.NS | ticker=TATASTEEL.NS
[2026-07-23 15:06:46,498] INFO    - [analysis:168   ] - Analysis cache HIT for TATASTEEL.NS (1d)
[2026-07-23 15:06:46,676] INFO    - [analysis:158   ] - Normalized ticker input: TATAPOWER.NS -> TATAPOWER.NS | ticker=TATAPOWER.NS
[2026-07-23 15:06:46,677] INFO    - [analysis:168   ] - Analysis cache HIT for TATAPOWER.NS (1d)
[2026-07-23 15:06:47,026] INFO    - [analysis:158   ] - Normalized ticker input: TITAN.NS -> TITAN.NS | ticker=TITAN.NS
[2026-07-23 15:06:47,026] INFO    - [analysis:168   ] - Analysis cache HIT for TITAN.NS (1d)
[2026-07-23 15:06:47,302] INFO    - [analysis:158   ] - Normalized ticker input: TECHM.NS -> TECHM.NS | ticker=TECHM.NS
[2026-07-23 15:06:47,303] INFO    - [analysis:168   ] - Analysis cache HIT for TECHM.NS (1d)
[2026-07-23 15:06:47,433] INFO    - [analysis:158   ] - Normalized ticker input: RVNL.NS -> RVNL.NS | ticker=RVNL.NS
[2026-07-23 15:06:47,434] INFO    - [analysis:168   ] - Analysis cache HIT for RVNL.NS (1d)
[2026-07-23 15:06:47,547] INFO    - [analysis:158   ] - Normalized ticker input: RBLBANK.NS -> RBLBANK.NS | ticker=RBLBANK.NS
[2026-07-23 15:06:47,548] INFO    - [analysis:168   ] - Analysis cache HIT for RBLBANK.NS (1d)
[2026-07-23 15:06:47,683] INFO    - [analysis:158   ] - Normalized ticker input: RAIN.NS -> RAIN.NS | ticker=RAIN.NS
[2026-07-23 15:06:47,683] INFO    - [analysis:168   ] - Analysis cache HIT for RAIN.NS (1d)
[2026-07-23 15:06:47,835] INFO    - [analysis:158   ] - Normalized ticker input: RAMCOCEM.NS -> RAMCOCEM.NS | ticker=RAMCOCEM.NS
[2026-07-23 15:06:47,835] INFO    - [analysis:168   ] - Analysis cache HIT for RAMCOCEM.NS (1d)
[2026-07-23 15:06:47,969] INFO    - [analysis:158   ] - Normalized ticker input: RECLTD.NS -> RECLTD.NS | ticker=RECLTD.NS
[2026-07-23 15:06:47,970] INFO    - [analysis:168   ] - Analysis cache HIT for RECLTD.NS (1d)
[2026-07-23 15:06:48,092] INFO    - [analysis:158   ] - Normalized ticker input: INOXWIND.NS -> INOXWIND.NS | ticker=INOXWIND.NS
[2026-07-23 15:06:48,093] INFO    - [analysis:168   ] - Analysis cache HIT for INOXWIND.NS (1d)
[2026-07-23 15:06:48,210] INFO    - [analysis:158   ] - Normalized ticker input: INDIGO.NS -> INDIGO.NS | ticker=INDIGO.NS
[2026-07-23 15:06:48,210] INFO    - [analysis:168   ] - Analysis cache HIT for INDIGO.NS (1d)
[2026-07-23 15:06:48,316] INFO    - [analysis:158   ] - Normalized ticker input: INDUSTOWER.NS -> INDUSTOWER.NS | ticker=INDUSTOWER.NS
[2026-07-23 15:06:48,316] INFO    - [analysis:168   ] - Analysis cache HIT for INDUSTOWER.NS (1d)
[2026-07-23 15:06:48,447] INFO    - [analysis:158   ] - Normalized ticker input: WIPRO.NS -> WIPRO.NS | ticker=WIPRO.NS
[2026-07-23 15:06:48,447] INFO    - [analysis:168   ] - Analysis cache HIT for WIPRO.NS (1d)
[2026-07-23 15:06:48,634] INFO    - [analysis:158   ] - Normalized ticker input: ITC.NS -> ITC.NS | ticker=ITC.NS
[2026-07-23 15:06:48,634] INFO    - [analysis:168   ] - Analysis cache HIT for ITC.NS (1d)
[2026-07-23 15:06:48,834] INFO    - [analysis:158   ] - Normalized ticker input: HINDUNILVR.NS -> HINDUNILVR.NS | ticker=HINDUNILVR.NS
[2026-07-23 15:06:48,834] INFO    - [analysis:168   ] - Analysis cache HIT for HINDUNILVR.NS (1d)
[2026-07-23 15:06:49,039] INFO    - [analysis:158   ] - Normalized ticker input: AXISBANK.NS -> AXISBANK.NS | ticker=AXISBANK.NS
[2026-07-23 15:06:49,039] INFO    - [analysis:168   ] - Analysis cache HIT for AXISBANK.NS (1d)
[2026-07-23 15:06:49,249] INFO    - [analysis:158   ] - Normalized ticker input: KOTAKBANK.NS -> KOTAKBANK.NS | ticker=KOTAKBANK.NS
[2026-07-23 15:06:49,250] INFO    - [analysis:168   ] - Analysis cache HIT for KOTAKBANK.NS (1d)
[2026-07-23 15:06:49,394] INFO    - [analysis:158   ] - Normalized ticker input: ADANIENT.NS -> ADANIENT.NS | ticker=ADANIENT.NS
[2026-07-23 15:06:49,394] INFO    - [analysis:168   ] - Analysis cache HIT for ADANIENT.NS (1d)
[2026-07-23 15:06:49,534] INFO    - [analysis:158   ] - Normalized ticker input: ADANIPORTS.NS -> ADANIPORTS.NS | ticker=ADANIPORTS.NS
[2026-07-23 15:06:49,536] INFO    - [analysis:168   ] - Analysis cache HIT for ADANIPORTS.NS (1d)
[2026-07-23 15:06:49,680] INFO    - [analysis:158   ] - Normalized ticker input: ASIANPAINT.NS -> ASIANPAINT.NS | ticker=ASIANPAINT.NS
[2026-07-23 15:06:49,680] INFO    - [analysis:168   ] - Analysis cache HIT for ASIANPAINT.NS (1d)
[2026-07-23 15:06:49,828] INFO    - [analysis:158   ] - Normalized ticker input: BAJFINANCE.NS -> BAJFINANCE.NS | ticker=BAJFINANCE.NS
[2026-07-23 15:06:49,828] INFO    - [analysis:168   ] - Analysis cache HIT for BAJFINANCE.NS (1d)
[2026-07-23 15:06:50,166] INFO    - [analysis:158   ] - Normalized ticker input: BAJAJFINSV.NS -> BAJAJFINSV.NS | ticker=BAJAJFINSV.NS
[2026-07-23 15:06:50,167] INFO    - [analysis:168   ] - Analysis cache HIT for BAJAJFINSV.NS (1d)
[2026-07-23 15:06:50,293] INFO    - [analysis:158   ] - Normalized ticker input: SUNPHARMA.NS -> SUNPHARMA.NS | ticker=SUNPHARMA.NS
[2026-07-23 15:06:50,294] INFO    - [analysis:168   ] - Analysis cache HIT for SUNPHARMA.NS (1d)
[2026-07-23 15:06:50,477] INFO    - [analysis:158   ] - Normalized ticker input: MARUTI.NS -> MARUTI.NS | ticker=MARUTI.NS
[2026-07-23 15:06:50,477] INFO    - [analysis:168   ] - Analysis cache HIT for MARUTI.NS (1d)
[2026-07-23 15:06:50,680] INFO    - [analysis:158   ] - Normalized ticker input: NTPC.NS -> NTPC.NS | ticker=NTPC.NS
[2026-07-23 15:06:50,681] INFO    - [analysis:168   ] - Analysis cache HIT for NTPC.NS (1d)
[2026-07-23 15:06:50,820] INFO    - [analysis:158   ] - Normalized ticker input: ONGC.NS -> ONGC.NS | ticker=ONGC.NS
[2026-07-23 15:06:50,821] INFO    - [analysis:168   ] - Analysis cache HIT for ONGC.NS (1d)
[2026-07-23 15:06:51,110] INFO    - [analysis:158   ] - Normalized ticker input: POWERGRID.NS -> POWERGRID.NS | ticker=POWERGRID.NS
[2026-07-23 15:06:51,111] INFO    - [analysis:168   ] - Analysis cache HIT for POWERGRID.NS (1d)
[2026-07-23 15:06:51,265] INFO    - [analysis:158   ] - Normalized ticker input: JSWSTEEL.NS -> JSWSTEEL.NS | ticker=JSWSTEEL.NS
[2026-07-23 15:06:51,266] INFO    - [analysis:168   ] - Analysis cache HIT for JSWSTEEL.NS (1d)
[2026-07-23 15:06:51,430] INFO    - [analysis:158   ] - Normalized ticker input: M&M.NS -> M&M.NS | ticker=M&M.NS
[2026-07-23 15:06:51,431] WARNING - [market_opportunities:155] - Skipping M&M.NS during opportunities scan: Invalid ticker symbol format: 'M&M.NS'
[2026-07-23 15:06:51,432] INFO    - [analysis:158   ] - Normalized ticker input: COALINDIA.NS -> COALINDIA.NS | ticker=COALINDIA.NS
[2026-07-23 15:06:51,434] INFO    - [analysis:168   ] - Analysis cache HIT for COALINDIA.NS (1d)
[2026-07-23 15:06:51,595] INFO    - [analysis:158   ] - Normalized ticker input: LTIM.NS -> LTIM.NS | ticker=LTIM.NS
[2026-07-23 15:06:51,597] INFO    - [downloader:103 ] - Downloading ticker data from yfinance: LTIM.NS (Interval: 1d, Period: 5y) | ticker=LTIM.NS
[2026-07-23 15:06:53,839] WARNING - [downloader:27  ] - Downloaded empty DataFrame for LTIM.NS | ticker=LTIM.NS
[2026-07-23 15:06:53,840] WARNING - [cache:132      ] - Attempted to cache empty DataFrame for LTIM.NS | ticker=LTIM.NS
[2026-07-23 15:06:53,841] WARNING - [market_opportunities:155] - Skipping LTIM.NS during opportunities scan: Stock not found
[2026-07-23 15:06:53,842] INFO    - [analysis:158   ] - Normalized ticker input: ULTRACEMCO.NS -> ULTRACEMCO.NS | ticker=ULTRACEMCO.NS
[2026-07-23 15:06:53,842] INFO    - [analysis:168   ] - Analysis cache HIT for ULTRACEMCO.NS (1d)
[2026-07-23 15:06:54,089] INFO    - [analysis:158   ] - Normalized ticker input: GRASIM.NS -> GRASIM.NS | ticker=GRASIM.NS
[2026-07-23 15:06:54,090] INFO    - [analysis:168   ] - Analysis cache HIT for GRASIM.NS (1d)
[2026-07-23 15:06:54,214] INFO    - [analysis:158   ] - Normalized ticker input: JIOFIN.NS -> JIOFIN.NS | ticker=JIOFIN.NS
[2026-07-23 15:06:54,215] INFO    - [analysis:168   ] - Analysis cache HIT for JIOFIN.NS (1d)
[2026-07-23 15:06:54,329] INFO    - [analysis:158   ] - Normalized ticker input: HAL.NS -> HAL.NS | ticker=HAL.NS
[2026-07-23 15:06:54,330] INFO    - [analysis:168   ] - Analysis cache HIT for HAL.NS (1d)
[2026-07-23 15:06:54,459] INFO    - [analysis:158   ] - Normalized ticker input: HINDALCO.NS -> HINDALCO.NS | ticker=HINDALCO.NS
[2026-07-23 15:06:54,460] INFO    - [analysis:168   ] - Analysis cache HIT for HINDALCO.NS (1d)
[2026-07-23 15:06:54,706] INFO    - [analysis:158   ] - Normalized ticker input: BPCL.NS -> BPCL.NS | ticker=BPCL.NS
[2026-07-23 15:06:54,708] INFO    - [analysis:168   ] - Analysis cache HIT for BPCL.NS (1d)
[2026-07-23 15:06:54,862] INFO    - [analysis:158   ] - Normalized ticker input: ADANIPOWER.NS -> ADANIPOWER.NS | ticker=ADANIPOWER.NS
[2026-07-23 15:06:54,863] INFO    - [analysis:168   ] - Analysis cache HIT for ADANIPOWER.NS (1d)
[2026-07-23 15:06:54,972] INFO    - [analysis:158   ] - Normalized ticker input: IOC.NS -> IOC.NS | ticker=IOC.NS
[2026-07-23 15:06:54,972] INFO    - [analysis:168   ] - Analysis cache HIT for IOC.NS (1d)
[2026-07-23 15:06:55,180] INFO    - [analysis:158   ] - Normalized ticker input: BEL.NS -> BEL.NS | ticker=BEL.NS
[2026-07-23 15:06:55,181] INFO    - [analysis:168   ] - Analysis cache HIT for BEL.NS (1d)
[2026-07-23 15:06:55,321] INFO    - [analysis:158   ] - Normalized ticker input: IRFC.NS -> IRFC.NS | ticker=IRFC.NS
[2026-07-23 15:06:55,322] INFO    - [analysis:168   ] - Analysis cache HIT for IRFC.NS (1d)
[2026-07-23 15:06:55,431] INFO    - [analysis:158   ] - Normalized ticker input: PNB.NS -> PNB.NS | ticker=PNB.NS
[2026-07-23 15:06:55,431] INFO    - [analysis:168   ] - Analysis cache HIT for PNB.NS (1d)
[2026-07-23 15:06:55,595] INFO    - [analysis:158   ] - Normalized ticker input: DLF.NS -> DLF.NS | ticker=DLF.NS
[2026-07-23 15:06:55,596] INFO    - [analysis:168   ] - Analysis cache HIT for DLF.NS (1d)
[2026-07-23 15:06:55,724] ERROR   - [exceptions:56  ] - Unhandled system exception on /market/top-opportunities: InMemoryLiveCache.set_analysis() missing 1 required positional argument: 'report'
[2026-07-23 15:07:26,119] INFO    - [analysis:158   ] - Normalized ticker input: RELIANCE -> RELIANCE.NS | ticker=RELIANCE.NS
[2026-07-23 15:07:26,179] INFO    - [feature_store:55] - Successfully loaded 79 features for RELIANCE.NS | ticker=RELIANCE.NS
[2026-07-23 15:07:26,232] INFO    - [feature_store:142] - Saved Feature Store for RELIANCE.NS to storage/features\RELIANCE_NS.parquet | ticker=RELIANCE.NS
[2026-07-23 15:07:26,233] INFO    - [indicators:289 ] - Computing technical indicators across all categories...
[2026-07-23 15:07:26,432] INFO    - [indicators:305 ] - Successfully computed 59 indicator columns.
[2026-07-23 15:07:26,503] INFO    - [feature_store:55] - Successfully loaded 79 features for RELIANCE.NS | ticker=RELIANCE.NS
[2026-07-23 15:07:26,552] INFO    - [feature_store:142] - Saved Feature Store for RELIANCE.NS to storage/features\RELIANCE_NS.parquet | ticker=RELIANCE.NS
[2026-07-23 15:07:26,556] INFO    - [candlestick:169] - Computing price action returns and candlestick patterns...
[2026-07-23 15:07:27,015] INFO    - [candlestick:184] - Successfully computed 15 price action / pattern columns.
[2026-07-23 15:07:27,051] INFO    - [feature_store:55] - Successfully loaded 79 features for RELIANCE.NS | ticker=RELIANCE.NS
[2026-07-23 15:07:27,140] INFO    - [feature_store:142] - Saved Feature Store for RELIANCE.NS to storage/features\RELIANCE_NS.parquet | ticker=RELIANCE.NS
[2026-07-23 15:07:27,252] INFO    - [vix_analysis:42] - India VIX: 15.00 (Percentile: 100.0%, Regime: Normal)
[2026-07-23 15:07:28,014] INFO    - [chart_data:31  ] - Constructing client visualization payload...
[2026-07-23 15:07:28,243] WARNING - [gemini_client:43] - Gemini Client uninitialized (missing API Key). Routing to fallback generation.
[2026-07-23 15:07:28,244] INFO    - [gemini_client:184] - Generated graceful fallback report for RELIANCE.NS in 1.0ms
[2026-07-23 15:07:28,244] INFO    - [cache:68       ] - Cached new LLM analysis report for RELIANCE.NS (1d)
[2026-07-23 15:07:28,248] INFO    - [analysis:362   ] - Completed deterministic analysis for RELIANCE.NS in 2119.2ms | ticker=RELIANCE.NS execution_time=2119.19ms
[2026-07-23 15:07:28,294] INFO    - [analysis:158   ] - Normalized ticker input: TCS.NS -> TCS.NS | ticker=TCS.NS
[2026-07-23 15:07:28,306] INFO    - [feature_store:55] - Successfully loaded 79 features for TCS.NS | ticker=TCS.NS
[2026-07-23 15:07:28,333] INFO    - [feature_store:142] - Saved Feature Store for TCS.NS to storage/features\TCS_NS.parquet | ticker=TCS.NS
[2026-07-23 15:07:28,334] INFO    - [indicators:289 ] - Computing technical indicators across all categories...
[2026-07-23 15:07:28,420] INFO    - [indicators:305 ] - Successfully computed 59 indicator columns.
[2026-07-23 15:07:28,431] INFO    - [feature_store:55] - Successfully loaded 79 features for TCS.NS | ticker=TCS.NS
[2026-07-23 15:07:28,456] INFO    - [feature_store:142] - Saved Feature Store for TCS.NS to storage/features\TCS_NS.parquet | ticker=TCS.NS
[2026-07-23 15:07:28,457] INFO    - [candlestick:169] - Computing price action returns and candlestick patterns...
[2026-07-23 15:07:28,510] INFO    - [candlestick:184] - Successfully computed 15 price action / pattern columns.
[2026-07-23 15:07:28,519] INFO    - [feature_store:55] - Successfully loaded 79 features for TCS.NS | ticker=TCS.NS
[2026-07-23 15:07:28,542] INFO    - [feature_store:142] - Saved Feature Store for TCS.NS to storage/features\TCS_NS.parquet | ticker=TCS.NS
[2026-07-23 15:07:28,563] INFO    - [vix_analysis:42] - India VIX: 15.00 (Percentile: 100.0%, Regime: Normal)
[2026-07-23 15:07:28,767] INFO    - [chart_data:31  ] - Constructing client visualization payload...
[2026-07-23 15:07:28,841] WARNING - [gemini_client:43] - Gemini Client uninitialized (missing API Key). Routing to fallback generation.
[2026-07-23 15:07:28,842] INFO    - [gemini_client:184] - Generated graceful fallback report for TCS.NS in 0.0ms
[2026-07-23 15:07:28,843] INFO    - [cache:68       ] - Cached new LLM analysis report for TCS.NS (1d)
[2026-07-23 15:07:28,844] INFO    - [analysis:362   ] - Completed deterministic analysis for TCS.NS in 543.8ms | ticker=TCS.NS execution_time=543.79ms
[2026-07-23 15:07:28,892] INFO    - [analysis:158   ] - Normalized ticker input: INV@LID -> INV@LID.NS | ticker=INV@LID.NS
[2026-07-23 15:07:28,893] ERROR   - [exceptions:44  ] - API Exception on /analyze/INV@LID: Invalid ticker symbol format: 'INV@LID'
[2026-07-23 15:07:28,919] INFO    - [analysis:158   ] - Normalized ticker input: INVALID_TICKER -> INVALID_TICKER.NS | ticker=INVALID_TICKER.NS
[2026-07-23 15:07:28,921] ERROR   - [exceptions:44  ] - API Exception on /analyze/INVALID_TICKER: Stock not found
[2026-07-23 15:07:28,941] INFO    - [analysis:158   ] - Normalized ticker input: RELIANCE.NS -> RELIANCE.NS | ticker=RELIANCE.NS
[2026-07-23 15:07:28,942] INFO    - [analysis:168   ] - Analysis cache HIT for RELIANCE.NS (1d)
[2026-07-23 15:07:29,903] INFO    - [analysis:158   ] - Normalized ticker input: TCS.NS -> TCS.NS | ticker=TCS.NS
[2026-07-23 15:07:29,904] INFO    - [analysis:168   ] - Analysis cache HIT for TCS.NS (1d)
[2026-07-23 15:07:30,154] ERROR   - [exceptions:44  ] - API Exception on /analyze: Maximum batch size exceeded. Please request at most 5 tickers at a time.
[2026-07-23 15:07:30,180] INFO    - [analysis:158   ] - Normalized ticker input: RELIANCE -> RELIANCE.NS | ticker=RELIANCE.NS
[2026-07-23 15:07:30,201] INFO    - [feature_store:55] - Successfully loaded 79 features for RELIANCE.NS | ticker=RELIANCE.NS
[2026-07-23 15:07:30,243] INFO    - [feature_store:142] - Saved Feature Store for RELIANCE.NS to storage/features\RELIANCE_NS.parquet | ticker=RELIANCE.NS
[2026-07-23 15:07:30,244] INFO    - [indicators:289 ] - Computing technical indicators across all categories...
[2026-07-23 15:07:30,431] INFO    - [indicators:305 ] - Successfully computed 59 indicator columns.
[2026-07-23 15:07:30,462] INFO    - [feature_store:55] - Successfully loaded 79 features for RELIANCE.NS | ticker=RELIANCE.NS
[2026-07-23 15:07:30,529] INFO    - [feature_store:142] - Saved Feature Store for RELIANCE.NS to storage/features\RELIANCE_NS.parquet | ticker=RELIANCE.NS
[2026-07-23 15:07:30,533] INFO    - [candlestick:169] - Computing price action returns and candlestick patterns...
[2026-07-23 15:07:30,880] INFO    - [candlestick:184] - Successfully computed 15 price action / pattern columns.
[2026-07-23 15:07:30,892] INFO    - [feature_store:55] - Successfully loaded 79 features for RELIANCE.NS | ticker=RELIANCE.NS
[2026-07-23 15:07:30,930] INFO    - [feature_store:142] - Saved Feature Store for RELIANCE.NS to storage/features\RELIANCE_NS.parquet | ticker=RELIANCE.NS
[2026-07-23 15:07:31,004] INFO    - [vix_analysis:42] - India VIX: 15.00 (Percentile: 100.0%, Regime: Normal)
[2026-07-23 15:07:31,678] INFO    - [chart_data:31  ] - Constructing client visualization payload...
[2026-07-23 15:07:31,921] WARNING - [gemini_client:43] - Gemini Client uninitialized (missing API Key). Routing to fallback generation.
[2026-07-23 15:07:31,922] INFO    - [gemini_client:184] - Generated graceful fallback report for RELIANCE.NS in 0.0ms
[2026-07-23 15:07:31,922] INFO    - [cache:68       ] - Cached new LLM analysis report for RELIANCE.NS (5m)
[2026-07-23 15:07:31,924] INFO    - [analysis:362   ] - Completed deterministic analysis for RELIANCE.NS in 1735.3ms | ticker=RELIANCE.NS execution_time=1735.27ms
[2026-07-23 15:07:31,992] INFO    - [cache:151      ] - Cached data saved for ticker TEST_STOCK (1d) | ticker=TEST_STOCK
[2026-07-23 15:07:32,000] INFO    - [cache:123      ] - Cache HIT for ticker TEST_STOCK (1d) | ticker=TEST_STOCK
[2026-07-23 15:07:32,014] INFO    - [cache:151      ] - Cached data saved for ticker TEST_VALIDITY (1d) | ticker=TEST_VALIDITY
[2026-07-23 15:07:32,040] INFO    - [downloader:73  ] - Successfully cleaned and validated data for TEST_TICKER. Rows: 4 | ticker=TEST_TICKER
[2026-07-23 15:07:32,045] INFO    - [downloader:103 ] - Downloading ticker data from yfinance: RELIANCE.NS (Interval: 1d, Period: 2y) | ticker=RELIANCE.NS
[2026-07-23 15:07:32,053] INFO    - [downloader:73  ] - Successfully cleaned and validated data for RELIANCE.NS. Rows: 3 | ticker=RELIANCE.NS
[2026-07-23 15:07:32,063] INFO    - [feature_store:142] - Saved Feature Store for RELIANCE_TEST to storage/test_features\RELIANCE_TEST.parquet | ticker=RELIANCE_TEST
[2026-07-23 15:07:32,068] INFO    - [feature_store:55] - Successfully loaded 2 features for RELIANCE_TEST | ticker=RELIANCE_TEST
[2026-07-23 15:07:32,078] INFO    - [feature_store:35] - No features Parquet file found for INFY_TEST at storage/test_features\INFY_TEST.parquet | ticker=INFY_TEST
[2026-07-23 15:07:32,079] INFO    - [feature_store:156] - Initializing new Feature Store for INFY_TEST during raw_ohlc | ticker=INFY_TEST
[2026-07-23 15:07:32,083] INFO    - [feature_store:142] - Saved Feature Store for INFY_TEST to storage/test_features\INFY_TEST.parquet | ticker=INFY_TEST
[2026-07-23 15:07:32,089] INFO    - [feature_store:55] - Successfully loaded 2 features for INFY_TEST | ticker=INFY_TEST
[2026-07-23 15:07:32,095] INFO    - [feature_store:142] - Saved Feature Store for INFY_TEST to storage/test_features\INFY_TEST.parquet | ticker=INFY_TEST
[2026-07-23 15:07:32,175] INFO    - [indicators:289 ] - Computing technical indicators across all categories...
[2026-07-23 15:07:32,273] INFO    - [indicators:305 ] - Successfully computed 53 indicator columns.
[2026-07-23 15:07:32,273] INFO    - [candlestick:169] - Computing price action returns and candlestick patterns...
[2026-07-23 15:07:32,311] INFO    - [candlestick:184] - Successfully computed 15 price action / pattern columns.
[2026-07-23 15:07:32,322] INFO    - [cache:68       ] - Cached new LLM analysis report for RELIANCE.NS (1d)
[2026-07-23 15:07:32,323] INFO    - [cache:51       ] - LLM cache HIT for RELIANCE.NS (1d)
[2026-07-23 15:07:32,323] INFO    - [cache:48       ] - LLM cache INVALIDATED for RELIANCE.NS (1d) due to quantitative change.
[2026-07-23 15:07:32,327] WARNING - [gemini_client:43] - Gemini Client uninitialized (missing API Key). Routing to fallback generation.
[2026-07-23 15:07:32,328] INFO    - [gemini_client:184] - Generated graceful fallback report for RELIANCE.NS in 0.8ms
[2026-07-23 15:07:32,336] INFO    - [market_downloader:28] - Market index cache miss for ^NSEI. Downloading... | ticker=^NSEI
[2026-07-23 15:07:32,339] INFO    - [cache:151      ] - Cached data saved for ticker ^NSEI (1d) | ticker=^NSEI
[2026-07-23 15:07:32,344] INFO    - [cache:123      ] - Cache HIT for ticker ^NSEI (1d) | ticker=^NSEI
[2026-07-23 15:07:32,373] INFO    - [analysis:158   ] - Normalized ticker input: RELIANCE.NS -> RELIANCE.NS | ticker=RELIANCE.NS
[2026-07-23 15:07:32,389] INFO    - [cache:123      ] - Cache HIT for ticker RELIANCE.NS (1h) | ticker=RELIANCE.NS
[2026-07-23 15:07:32,406] INFO    - [feature_store:55] - Successfully loaded 79 features for RELIANCE.NS | ticker=RELIANCE.NS
[2026-07-23 15:07:32,457] INFO    - [feature_store:142] - Saved Feature Store for RELIANCE.NS to storage/features\RELIANCE_NS.parquet | ticker=RELIANCE.NS
[2026-07-23 15:07:32,459] INFO    - [indicators:289 ] - Computing technical indicators across all categories...
[2026-07-23 15:07:32,649] INFO    - [indicators:305 ] - Successfully computed 59 indicator columns.
[2026-07-23 15:07:32,664] INFO    - [feature_store:55] - Successfully loaded 79 features for RELIANCE.NS | ticker=RELIANCE.NS
[2026-07-23 15:07:32,717] INFO    - [feature_store:142] - Saved Feature Store for RELIANCE.NS to storage/features\RELIANCE_NS.parquet | ticker=RELIANCE.NS
[2026-07-23 15:07:32,720] INFO    - [candlestick:169] - Computing price action returns and candlestick patterns...
[2026-07-23 15:07:33,014] INFO    - [candlestick:184] - Successfully computed 15 price action / pattern columns.
[2026-07-23 15:07:33,035] INFO    - [feature_store:55] - Successfully loaded 79 features for RELIANCE.NS | ticker=RELIANCE.NS
[2026-07-23 15:07:33,118] INFO    - [feature_store:142] - Saved Feature Store for RELIANCE.NS to storage/features\RELIANCE_NS.parquet | ticker=RELIANCE.NS
[2026-07-23 15:07:33,189] INFO    - [cache:123      ] - Cache HIT for ticker ^NSEI (1d) | ticker=^NSEI
[2026-07-23 15:07:33,195] INFO    - [cache:123      ] - Cache HIT for ticker ^NSEBANK (1d) | ticker=^NSEBANK
[2026-07-23 15:07:33,204] INFO    - [cache:123      ] - Cache HIT for ticker ^INDIAVIX (1d) | ticker=^INDIAVIX
[2026-07-23 15:07:33,211] INFO    - [cache:123      ] - Cache HIT for ticker ^CNXENERGY (1d) | ticker=^CNXENERGY
[2026-07-23 15:07:33,213] INFO    - [vix_analysis:42] - India VIX: 13.63 (Percentile: 68.0%, Regime: Normal)
[2026-07-23 15:07:33,568] INFO    - [chart_data:31  ] - Constructing client visualization payload...
[2026-07-23 15:07:33,842] WARNING - [gemini_client:43] - Gemini Client uninitialized (missing API Key). Routing to fallback generation.
[2026-07-23 15:07:33,842] INFO    - [gemini_client:184] - Generated graceful fallback report for RELIANCE.NS in 0.0ms
[2026-07-23 15:07:33,843] INFO    - [cache:68       ] - Cached new LLM analysis report for RELIANCE.NS (1h)
[2026-07-23 15:07:33,844] INFO    - [analysis:362   ] - Completed deterministic analysis for RELIANCE.NS in 1464.7ms | ticker=RELIANCE.NS execution_time=1464.72ms
[2026-07-23 15:07:33,942] INFO    - [analysis:158   ] - Normalized ticker input: RELIANCE.NS -> RELIANCE.NS | ticker=RELIANCE.NS
[2026-07-23 15:07:33,943] INFO    - [downloader:103 ] - Downloading ticker data from yfinance: RELIANCE.NS (Interval: invalid_tf, Period: 5y) | ticker=RELIANCE.NS
[2026-07-23 15:07:34,585] WARNING - [downloader:27  ] - Downloaded empty DataFrame for RELIANCE.NS | ticker=RELIANCE.NS
[2026-07-23 15:07:34,586] WARNING - [cache:132      ] - Attempted to cache empty DataFrame for RELIANCE.NS | ticker=RELIANCE.NS
[2026-07-23 15:07:34,586] ERROR   - [exceptions:44  ] - API Exception on /analyze/RELIANCE.NS: Stock not found
[2026-07-23 15:07:34,627] INFO    - [chart_data:31  ] - Constructing client visualization payload...
[2026-07-23 15:07:34,634] INFO    - [vix_analysis:42] - India VIX: 11.80 (Percentile: 66.7%, Regime: Low)
[2026-07-23 15:07:34,635] INFO    - [vix_analysis:42] - India VIX: 14.80 (Percentile: 66.7%, Regime: Normal)
[2026-07-23 15:07:34,635] INFO    - [vix_analysis:42] - India VIX: 22.00 (Percentile: 100.0%, Regime: Elevated)
[2026-07-23 15:07:34,636] INFO    - [vix_analysis:42] - India VIX: 29.50 (Percentile: 66.7%, Regime: Extreme)
[2026-07-23 15:07:34,660] INFO    - [chart_data:31  ] - Constructing client visualization payload...
[2026-07-23 15:07:34,695] INFO    - [market_opportunities:87] - Computing Top Opportunities across market watchlist...
[2026-07-23 15:07:34,696] INFO    - [analysis:158   ] - Normalized ticker input: RELIANCE.NS -> RELIANCE.NS | ticker=RELIANCE.NS
[2026-07-23 15:07:34,697] INFO    - [analysis:168   ] - Analysis cache HIT for RELIANCE.NS (1d)
[2026-07-23 15:07:34,698] INFO    - [analysis:158   ] - Normalized ticker input: TCS.NS -> TCS.NS | ticker=TCS.NS
[2026-07-23 15:07:34,698] INFO    - [analysis:168   ] - Analysis cache HIT for TCS.NS (1d)
[2026-07-23 15:07:34,699] INFO    - [analysis:158   ] - Normalized ticker input: INFY.NS -> INFY.NS | ticker=INFY.NS
[2026-07-23 15:07:34,707] INFO    - [cache:123      ] - Cache HIT for ticker INFY.NS (1d) | ticker=INFY.NS
[2026-07-23 15:07:34,722] INFO    - [feature_store:55] - Successfully loaded 79 features for INFY.NS | ticker=INFY.NS
[2026-07-23 15:07:34,793] INFO    - [feature_store:142] - Saved Feature Store for INFY.NS to storage/features\INFY_NS.parquet | ticker=INFY.NS
[2026-07-23 15:07:34,794] INFO    - [indicators:289 ] - Computing technical indicators across all categories...
[2026-07-23 15:07:34,934] INFO    - [indicators:305 ] - Successfully computed 59 indicator columns.
[2026-07-23 15:07:34,949] INFO    - [feature_store:55] - Successfully loaded 79 features for INFY.NS | ticker=INFY.NS
[2026-07-23 15:07:35,004] INFO    - [feature_store:142] - Saved Feature Store for INFY.NS to storage/features\INFY_NS.parquet | ticker=INFY.NS
[2026-07-23 15:07:35,005] INFO    - [candlestick:169] - Computing price action returns and candlestick patterns...
[2026-07-23 15:07:35,119] INFO    - [candlestick:184] - Successfully computed 15 price action / pattern columns.
[2026-07-23 15:07:35,141] INFO    - [feature_store:55] - Successfully loaded 79 features for INFY.NS | ticker=INFY.NS
[2026-07-23 15:07:35,227] INFO    - [feature_store:142] - Saved Feature Store for INFY.NS to storage/features\INFY_NS.parquet | ticker=INFY.NS
[2026-07-23 15:07:35,275] INFO    - [cache:123      ] - Cache HIT for ticker ^NSEI (1d) | ticker=^NSEI
[2026-07-23 15:07:35,282] INFO    - [cache:123      ] - Cache HIT for ticker ^NSEBANK (1d) | ticker=^NSEBANK
[2026-07-23 15:07:35,297] INFO    - [cache:123      ] - Cache HIT for ticker ^INDIAVIX (1d) | ticker=^INDIAVIX
[2026-07-23 15:07:35,305] INFO    - [cache:123      ] - Cache HIT for ticker ^CNXIT (1d) | ticker=^CNXIT
[2026-07-23 15:07:35,308] INFO    - [vix_analysis:42] - India VIX: 13.63 (Percentile: 68.0%, Regime: Normal)
[2026-07-23 15:07:35,365] INFO    - [chart_data:31  ] - Constructing client visualization payload...
[2026-07-23 15:07:35,481] WARNING - [gemini_client:43] - Gemini Client uninitialized (missing API Key). Routing to fallback generation.
[2026-07-23 15:07:35,483] INFO    - [gemini_client:184] - Generated graceful fallback report for INFY.NS in 1.0ms
[2026-07-23 15:07:35,483] INFO    - [cache:68       ] - Cached new LLM analysis report for INFY.NS (1d)
[2026-07-23 15:07:35,485] INFO    - [analysis:362   ] - Completed deterministic analysis for INFY.NS in 779.8ms | ticker=INFY.NS execution_time=779.80ms
[2026-07-23 15:07:35,490] WARNING - [market_opportunities:155] - Skipping INFY.NS during opportunities scan: 'live_quote'
[2026-07-23 15:07:35,491] INFO    - [analysis:158   ] - Normalized ticker input: HDFCBANK.NS -> HDFCBANK.NS | ticker=HDFCBANK.NS
[2026-07-23 15:07:35,508] INFO    - [cache:123      ] - Cache HIT for ticker HDFCBANK.NS (1d) | ticker=HDFCBANK.NS
[2026-07-23 15:07:35,529] INFO    - [feature_store:55] - Successfully loaded 79 features for HDFCBANK.NS | ticker=HDFCBANK.NS
[2026-07-23 15:07:35,588] INFO    - [feature_store:142] - Saved Feature Store for HDFCBANK.NS to storage/features\HDFCBANK_NS.parquet | ticker=HDFCBANK.NS
[2026-07-23 15:07:35,589] INFO    - [indicators:289 ] - Computing technical indicators across all categories...
[2026-07-23 15:07:35,694] INFO    - [indicators:305 ] - Successfully computed 59 indicator columns.
[2026-07-23 15:07:35,705] INFO    - [feature_store:55] - Successfully loaded 79 features for HDFCBANK.NS | ticker=HDFCBANK.NS
[2026-07-23 15:07:35,735] INFO    - [feature_store:142] - Saved Feature Store for HDFCBANK.NS to storage/features\HDFCBANK_NS.parquet | ticker=HDFCBANK.NS
[2026-07-23 15:07:35,735] INFO    - [candlestick:169] - Computing price action returns and candlestick patterns...
[2026-07-23 15:07:35,815] INFO    - [candlestick:184] - Successfully computed 15 price action / pattern columns.
[2026-07-23 15:07:35,826] INFO    - [feature_store:55] - Successfully loaded 79 features for HDFCBANK.NS | ticker=HDFCBANK.NS
[2026-07-23 15:07:35,855] INFO    - [feature_store:142] - Saved Feature Store for HDFCBANK.NS to storage/features\HDFCBANK_NS.parquet | ticker=HDFCBANK.NS
[2026-07-23 15:07:35,876] INFO    - [cache:123      ] - Cache HIT for ticker ^NSEI (1d) | ticker=^NSEI
[2026-07-23 15:07:35,883] INFO    - [cache:123      ] - Cache HIT for ticker ^NSEBANK (1d) | ticker=^NSEBANK
[2026-07-23 15:07:35,890] INFO    - [cache:123      ] - Cache HIT for ticker ^INDIAVIX (1d) | ticker=^INDIAVIX
[2026-07-23 15:07:35,896] INFO    - [cache:123      ] - Cache HIT for ticker ^NSEBANK (1d) | ticker=^NSEBANK
[2026-07-23 15:07:35,901] INFO    - [vix_analysis:42] - India VIX: 13.63 (Percentile: 68.0%, Regime: Normal)
[2026-07-23 15:07:35,935] INFO    - [chart_data:31  ] - Constructing client visualization payload...
[2026-07-23 15:07:35,978] WARNING - [gemini_client:43] - Gemini Client uninitialized (missing API Key). Routing to fallback generation.
[2026-07-23 15:07:35,978] INFO    - [gemini_client:184] - Generated graceful fallback report for HDFCBANK.NS in 0.0ms
[2026-07-23 15:07:35,979] INFO    - [cache:68       ] - Cached new LLM analysis report for HDFCBANK.NS (1d)
[2026-07-23 15:07:35,980] INFO    - [analysis:362   ] - Completed deterministic analysis for HDFCBANK.NS in 484.9ms | ticker=HDFCBANK.NS execution_time=484.91ms
[2026-07-23 15:07:35,982] WARNING - [market_opportunities:155] - Skipping HDFCBANK.NS during opportunities scan: 'live_quote'
[2026-07-23 15:07:35,983] INFO    - [analysis:158   ] - Normalized ticker input: ICICIBANK.NS -> ICICIBANK.NS | ticker=ICICIBANK.NS
[2026-07-23 15:07:35,990] INFO    - [cache:123      ] - Cache HIT for ticker ICICIBANK.NS (1d) | ticker=ICICIBANK.NS
[2026-07-23 15:07:36,001] INFO    - [feature_store:55] - Successfully loaded 79 features for ICICIBANK.NS | ticker=ICICIBANK.NS
[2026-07-23 15:07:36,026] INFO    - [feature_store:142] - Saved Feature Store for ICICIBANK.NS to storage/features\ICICIBANK_NS.parquet | ticker=ICICIBANK.NS
[2026-07-23 15:07:36,027] INFO    - [indicators:289 ] - Computing technical indicators across all categories...
[2026-07-23 15:07:36,140] INFO    - [indicators:305 ] - Successfully computed 59 indicator columns.
[2026-07-23 15:07:36,154] INFO    - [feature_store:55] - Successfully loaded 79 features for ICICIBANK.NS | ticker=ICICIBANK.NS
[2026-07-23 15:07:36,232] INFO    - [feature_store:142] - Saved Feature Store for ICICIBANK.NS to storage/features\ICICIBANK_NS.parquet | ticker=ICICIBANK.NS
[2026-07-23 15:07:36,233] INFO    - [candlestick:169] - Computing price action returns and candlestick patterns...
[2026-07-23 15:07:36,298] INFO    - [candlestick:184] - Successfully computed 15 price action / pattern columns.
[2026-07-23 15:07:36,308] INFO    - [feature_store:55] - Successfully loaded 79 features for ICICIBANK.NS | ticker=ICICIBANK.NS
[2026-07-23 15:07:36,336] INFO    - [feature_store:142] - Saved Feature Store for ICICIBANK.NS to storage/features\ICICIBANK_NS.parquet | ticker=ICICIBANK.NS
[2026-07-23 15:07:36,354] INFO    - [cache:123      ] - Cache HIT for ticker ^NSEI (1d) | ticker=^NSEI
[2026-07-23 15:07:36,359] INFO    - [cache:123      ] - Cache HIT for ticker ^NSEBANK (1d) | ticker=^NSEBANK
[2026-07-23 15:07:36,368] INFO    - [cache:123      ] - Cache HIT for ticker ^INDIAVIX (1d) | ticker=^INDIAVIX
[2026-07-23 15:07:36,375] INFO    - [cache:123      ] - Cache HIT for ticker ^NSEBANK (1d) | ticker=^NSEBANK
[2026-07-23 15:07:36,378] INFO    - [vix_analysis:42] - India VIX: 13.63 (Percentile: 68.0%, Regime: Normal)
[2026-07-23 15:07:36,408] INFO    - [chart_data:31  ] - Constructing client visualization payload...
[2026-07-23 15:07:36,455] WARNING - [gemini_client:43] - Gemini Client uninitialized (missing API Key). Routing to fallback generation.
[2026-07-23 15:07:36,456] INFO    - [gemini_client:184] - Generated graceful fallback report for ICICIBANK.NS in 1.0ms
[2026-07-23 15:07:36,456] INFO    - [cache:68       ] - Cached new LLM analysis report for ICICIBANK.NS (1d)
[2026-07-23 15:07:36,457] INFO    - [analysis:362   ] - Completed deterministic analysis for ICICIBANK.NS in 470.7ms | ticker=ICICIBANK.NS execution_time=470.69ms
[2026-07-23 15:07:36,459] WARNING - [market_opportunities:155] - Skipping ICICIBANK.NS during opportunities scan: 'live_quote'
[2026-07-23 15:07:36,459] INFO    - [analysis:158   ] - Normalized ticker input: SBIN.NS -> SBIN.NS | ticker=SBIN.NS
[2026-07-23 15:07:36,467] INFO    - [cache:123      ] - Cache HIT for ticker SBIN.NS (1d) | ticker=SBIN.NS
[2026-07-23 15:07:36,478] INFO    - [feature_store:55] - Successfully loaded 79 features for SBIN.NS | ticker=SBIN.NS
[2026-07-23 15:07:36,506] INFO    - [feature_store:142] - Saved Feature Store for SBIN.NS to storage/features\SBIN_NS.parquet | ticker=SBIN.NS
[2026-07-23 15:07:36,506] INFO    - [indicators:289 ] - Computing technical indicators across all categories...
[2026-07-23 15:07:36,595] INFO    - [indicators:305 ] - Successfully computed 59 indicator columns.
[2026-07-23 15:07:36,604] INFO    - [feature_store:55] - Successfully loaded 79 features for SBIN.NS | ticker=SBIN.NS
[2026-07-23 15:07:36,630] INFO    - [feature_store:142] - Saved Feature Store for SBIN.NS to storage/features\SBIN_NS.parquet | ticker=SBIN.NS
[2026-07-23 15:07:36,632] INFO    - [candlestick:169] - Computing price action returns and candlestick patterns...
[2026-07-23 15:07:36,685] INFO    - [candlestick:184] - Successfully computed 15 price action / pattern columns.
[2026-07-23 15:07:36,694] INFO    - [feature_store:55] - Successfully loaded 79 features for SBIN.NS | ticker=SBIN.NS
[2026-07-23 15:07:36,721] INFO    - [feature_store:142] - Saved Feature Store for SBIN.NS to storage/features\SBIN_NS.parquet | ticker=SBIN.NS
[2026-07-23 15:07:36,739] INFO    - [cache:123      ] - Cache HIT for ticker ^NSEI (1d) | ticker=^NSEI
[2026-07-23 15:07:36,745] INFO    - [cache:123      ] - Cache HIT for ticker ^NSEBANK (1d) | ticker=^NSEBANK
[2026-07-23 15:07:36,754] INFO    - [cache:123      ] - Cache HIT for ticker ^INDIAVIX (1d) | ticker=^INDIAVIX
[2026-07-23 15:07:36,764] INFO    - [cache:123      ] - Cache HIT for ticker ^NSEBANK (1d) | ticker=^NSEBANK
[2026-07-23 15:07:36,770] INFO    - [vix_analysis:42] - India VIX: 13.63 (Percentile: 68.0%, Regime: Normal)
[2026-07-23 15:07:36,810] INFO    - [chart_data:31  ] - Constructing client visualization payload...
[2026-07-23 15:07:36,856] WARNING - [gemini_client:43] - Gemini Client uninitialized (missing API Key). Routing to fallback generation.
[2026-07-23 15:07:36,856] INFO    - [gemini_client:184] - Generated graceful fallback report for SBIN.NS in 0.0ms
[2026-07-23 15:07:36,857] INFO    - [cache:68       ] - Cached new LLM analysis report for SBIN.NS (1d)
[2026-07-23 15:07:36,858] INFO    - [analysis:362   ] - Completed deterministic analysis for SBIN.NS in 396.4ms | ticker=SBIN.NS execution_time=396.36ms
[2026-07-23 15:07:36,860] WARNING - [market_opportunities:155] - Skipping SBIN.NS during opportunities scan: 'live_quote'
[2026-07-23 15:07:36,860] INFO    - [analysis:158   ] - Normalized ticker input: BHARTIARTL.NS -> BHARTIARTL.NS | ticker=BHARTIARTL.NS
[2026-07-23 15:07:36,869] INFO    - [cache:123      ] - Cache HIT for ticker BHARTIARTL.NS (1d) | ticker=BHARTIARTL.NS
[2026-07-23 15:07:36,879] INFO    - [feature_store:55] - Successfully loaded 79 features for BHARTIARTL.NS | ticker=BHARTIARTL.NS
[2026-07-23 15:07:36,907] INFO    - [feature_store:142] - Saved Feature Store for BHARTIARTL.NS to storage/features\BHARTIARTL_NS.parquet | ticker=BHARTIARTL.NS
[2026-07-23 15:07:36,908] INFO    - [indicators:289 ] - Computing technical indicators across all categories...
[2026-07-23 15:07:37,008] INFO    - [indicators:305 ] - Successfully computed 59 indicator columns.
[2026-07-23 15:07:37,020] INFO    - [feature_store:55] - Successfully loaded 79 features for BHARTIARTL.NS | ticker=BHARTIARTL.NS
[2026-07-23 15:07:37,061] INFO    - [feature_store:142] - Saved Feature Store for BHARTIARTL.NS to storage/features\BHARTIARTL_NS.parquet | ticker=BHARTIARTL.NS
[2026-07-23 15:07:37,063] INFO    - [candlestick:169] - Computing price action returns and candlestick patterns...
[2026-07-23 15:07:37,136] INFO    - [candlestick:184] - Successfully computed 15 price action / pattern columns.
[2026-07-23 15:07:37,150] INFO    - [feature_store:55] - Successfully loaded 79 features for BHARTIARTL.NS | ticker=BHARTIARTL.NS
[2026-07-23 15:07:37,205] INFO    - [feature_store:142] - Saved Feature Store for BHARTIARTL.NS to storage/features\BHARTIARTL_NS.parquet | ticker=BHARTIARTL.NS
[2026-07-23 15:07:37,243] INFO    - [cache:123      ] - Cache HIT for ticker ^NSEI (1d) | ticker=^NSEI
[2026-07-23 15:07:37,260] INFO    - [cache:123      ] - Cache HIT for ticker ^NSEBANK (1d) | ticker=^NSEBANK
[2026-07-23 15:07:37,274] INFO    - [cache:123      ] - Cache HIT for ticker ^INDIAVIX (1d) | ticker=^INDIAVIX
[2026-07-23 15:07:37,288] INFO    - [cache:123      ] - Cache HIT for ticker ^CNXREALTY (1d) | ticker=^CNXREALTY
[2026-07-23 15:07:37,291] INFO    - [vix_analysis:42] - India VIX: 13.63 (Percentile: 68.0%, Regime: Normal)
[2026-07-23 15:07:37,322] INFO    - [chart_data:31  ] - Constructing client visualization payload...
[2026-07-23 15:07:37,372] WARNING - [gemini_client:43] - Gemini Client uninitialized (missing API Key). Routing to fallback generation.
[2026-07-23 15:07:37,372] INFO    - [gemini_client:184] - Generated graceful fallback report for BHARTIARTL.NS in 0.0ms
[2026-07-23 15:07:37,373] INFO    - [cache:68       ] - Cached new LLM analysis report for BHARTIARTL.NS (1d)
[2026-07-23 15:07:37,373] INFO    - [analysis:362   ] - Completed deterministic analysis for BHARTIARTL.NS in 510.3ms | ticker=BHARTIARTL.NS execution_time=510.32ms
[2026-07-23 15:07:37,375] WARNING - [market_opportunities:155] - Skipping BHARTIARTL.NS during opportunities scan: 'live_quote'
[2026-07-23 15:07:37,375] INFO    - [analysis:158   ] - Normalized ticker input: LT.NS -> LT.NS | ticker=LT.NS
[2026-07-23 15:07:37,385] INFO    - [cache:123      ] - Cache HIT for ticker LT.NS (1d) | ticker=LT.NS
[2026-07-23 15:07:37,397] INFO    - [feature_store:55] - Successfully loaded 79 features for LT.NS | ticker=LT.NS
[2026-07-23 15:07:37,423] INFO    - [feature_store:142] - Saved Feature Store for LT.NS to storage/features\LT_NS.parquet | ticker=LT.NS
[2026-07-23 15:07:37,424] INFO    - [indicators:289 ] - Computing technical indicators across all categories...
[2026-07-23 15:07:37,512] INFO    - [indicators:305 ] - Successfully computed 59 indicator columns.
[2026-07-23 15:07:37,522] INFO    - [feature_store:55] - Successfully loaded 79 features for LT.NS | ticker=LT.NS
[2026-07-23 15:07:37,589] INFO    - [feature_store:142] - Saved Feature Store for LT.NS to storage/features\LT_NS.parquet | ticker=LT.NS
[2026-07-23 15:07:37,589] INFO    - [candlestick:169] - Computing price action returns and candlestick patterns...
[2026-07-23 15:07:37,638] INFO    - [candlestick:184] - Successfully computed 15 price action / pattern columns.
[2026-07-23 15:07:37,648] INFO    - [feature_store:55] - Successfully loaded 79 features for LT.NS | ticker=LT.NS
[2026-07-23 15:07:37,676] INFO    - [feature_store:142] - Saved Feature Store for LT.NS to storage/features\LT_NS.parquet | ticker=LT.NS
[2026-07-23 15:07:37,697] INFO    - [cache:123      ] - Cache HIT for ticker ^NSEI (1d) | ticker=^NSEI
[2026-07-23 15:07:37,704] INFO    - [cache:123      ] - Cache HIT for ticker ^NSEBANK (1d) | ticker=^NSEBANK
[2026-07-23 15:07:37,710] INFO    - [cache:123      ] - Cache HIT for ticker ^INDIAVIX (1d) | ticker=^INDIAVIX
[2026-07-23 15:07:37,717] INFO    - [cache:123      ] - Cache HIT for ticker ^CNXINFRA (1d) | ticker=^CNXINFRA
[2026-07-23 15:07:37,720] INFO    - [vix_analysis:42] - India VIX: 13.63 (Percentile: 68.0%, Regime: Normal)
[2026-07-23 15:07:37,751] INFO    - [chart_data:31  ] - Constructing client visualization payload...
[2026-07-23 15:07:37,806] WARNING - [gemini_client:43] - Gemini Client uninitialized (missing API Key). Routing to fallback generation.
[2026-07-23 15:07:37,806] INFO    - [gemini_client:184] - Generated graceful fallback report for LT.NS in 0.0ms
[2026-07-23 15:07:37,807] INFO    - [cache:68       ] - Cached new LLM analysis report for LT.NS (1d)
[2026-07-23 15:07:37,808] INFO    - [analysis:362   ] - Completed deterministic analysis for LT.NS in 428.4ms | ticker=LT.NS execution_time=428.39ms
[2026-07-23 15:07:37,809] WARNING - [market_opportunities:155] - Skipping LT.NS during opportunities scan: 'live_quote'
[2026-07-23 15:07:37,809] INFO    - [analysis:158   ] - Normalized ticker input: TMCV.NS -> TMCV.NS | ticker=TMCV.NS
[2026-07-23 15:07:37,814] INFO    - [cache:123      ] - Cache HIT for ticker TMCV.NS (1d) | ticker=TMCV.NS
[2026-07-23 15:07:37,814] WARNING - [market_opportunities:155] - Skipping TMCV.NS during opportunities scan: Insufficient historical data for 'TMCV.NS'. Required: at least 250 rows. Found: 175.
[2026-07-23 15:07:37,815] INFO    - [analysis:158   ] - Normalized ticker input: TATASTEEL.NS -> TATASTEEL.NS | ticker=TATASTEEL.NS
[2026-07-23 15:07:37,823] INFO    - [cache:123      ] - Cache HIT for ticker TATASTEEL.NS (1d) | ticker=TATASTEEL.NS
[2026-07-23 15:07:37,833] INFO    - [feature_store:55] - Successfully loaded 79 features for TATASTEEL.NS | ticker=TATASTEEL.NS
[2026-07-23 15:07:37,859] INFO    - [feature_store:142] - Saved Feature Store for TATASTEEL.NS to storage/features\TATASTEEL_NS.parquet | ticker=TATASTEEL.NS
[2026-07-23 15:07:37,860] INFO    - [indicators:289 ] - Computing technical indicators across all categories...
[2026-07-23 15:07:37,953] INFO    - [indicators:305 ] - Successfully computed 59 indicator columns.
[2026-07-23 15:07:37,962] INFO    - [feature_store:55] - Successfully loaded 79 features for TATASTEEL.NS | ticker=TATASTEEL.NS
[2026-07-23 15:07:37,988] INFO    - [feature_store:142] - Saved Feature Store for TATASTEEL.NS to storage/features\TATASTEEL_NS.parquet | ticker=TATASTEEL.NS
[2026-07-23 15:07:37,990] INFO    - [candlestick:169] - Computing price action returns and candlestick patterns...
[2026-07-23 15:07:38,043] INFO    - [candlestick:184] - Successfully computed 15 price action / pattern columns.
[2026-07-23 15:07:38,053] INFO    - [feature_store:55] - Successfully loaded 79 features for TATASTEEL.NS | ticker=TATASTEEL.NS
[2026-07-23 15:07:38,079] INFO    - [feature_store:142] - Saved Feature Store for TATASTEEL.NS to storage/features\TATASTEEL_NS.parquet | ticker=TATASTEEL.NS
[2026-07-23 15:07:38,098] INFO    - [cache:123      ] - Cache HIT for ticker ^NSEI (1d) | ticker=^NSEI
[2026-07-23 15:07:38,107] INFO    - [cache:123      ] - Cache HIT for ticker ^NSEBANK (1d) | ticker=^NSEBANK
[2026-07-23 15:07:38,119] INFO    - [cache:123      ] - Cache HIT for ticker ^INDIAVIX (1d) | ticker=^INDIAVIX
[2026-07-23 15:07:38,124] INFO    - [cache:123      ] - Cache HIT for ticker ^NSEI (1d) | ticker=^NSEI
[2026-07-23 15:07:38,127] INFO    - [vix_analysis:42] - India VIX: 13.63 (Percentile: 68.0%, Regime: Normal)
[2026-07-23 15:07:38,157] INFO    - [chart_data:31  ] - Constructing client visualization payload...
[2026-07-23 15:07:38,203] WARNING - [gemini_client:43] - Gemini Client uninitialized (missing API Key). Routing to fallback generation.
[2026-07-23 15:07:38,204] INFO    - [gemini_client:184] - Generated graceful fallback report for TATASTEEL.NS in 0.0ms
[2026-07-23 15:07:38,204] INFO    - [cache:68       ] - Cached new LLM analysis report for TATASTEEL.NS (1d)
[2026-07-23 15:07:38,205] INFO    - [analysis:362   ] - Completed deterministic analysis for TATASTEEL.NS in 387.4ms | ticker=TATASTEEL.NS execution_time=387.41ms
[2026-07-23 15:07:38,206] WARNING - [market_opportunities:155] - Skipping TATASTEEL.NS during opportunities scan: 'live_quote'
[2026-07-23 15:07:38,207] INFO    - [analysis:158   ] - Normalized ticker input: TATAPOWER.NS -> TATAPOWER.NS | ticker=TATAPOWER.NS
[2026-07-23 15:07:38,214] INFO    - [cache:123      ] - Cache HIT for ticker TATAPOWER.NS (1d) | ticker=TATAPOWER.NS
[2026-07-23 15:07:38,225] INFO    - [feature_store:55] - Successfully loaded 79 features for TATAPOWER.NS | ticker=TATAPOWER.NS
[2026-07-23 15:07:38,255] INFO    - [feature_store:142] - Saved Feature Store for TATAPOWER.NS to storage/features\TATAPOWER_NS.parquet | ticker=TATAPOWER.NS
[2026-07-23 15:07:38,256] INFO    - [indicators:289 ] - Computing technical indicators across all categories...
[2026-07-23 15:07:38,367] INFO    - [indicators:305 ] - Successfully computed 59 indicator columns.
[2026-07-23 15:07:38,375] INFO    - [feature_store:55] - Successfully loaded 79 features for TATAPOWER.NS | ticker=TATAPOWER.NS
[2026-07-23 15:07:38,405] INFO    - [feature_store:142] - Saved Feature Store for TATAPOWER.NS to storage/features\TATAPOWER_NS.parquet | ticker=TATAPOWER.NS
[2026-07-23 15:07:38,406] INFO    - [candlestick:169] - Computing price action returns and candlestick patterns...
[2026-07-23 15:07:38,459] INFO    - [candlestick:184] - Successfully computed 15 price action / pattern columns.
[2026-07-23 15:07:38,469] INFO    - [feature_store:55] - Successfully loaded 79 features for TATAPOWER.NS | ticker=TATAPOWER.NS
[2026-07-23 15:07:38,492] INFO    - [feature_store:142] - Saved Feature Store for TATAPOWER.NS to storage/features\TATAPOWER_NS.parquet | ticker=TATAPOWER.NS
[2026-07-23 15:07:38,513] INFO    - [cache:123      ] - Cache HIT for ticker ^NSEI (1d) | ticker=^NSEI
[2026-07-23 15:07:38,519] INFO    - [cache:123      ] - Cache HIT for ticker ^NSEBANK (1d) | ticker=^NSEBANK
[2026-07-23 15:07:38,525] INFO    - [cache:123      ] - Cache HIT for ticker ^INDIAVIX (1d) | ticker=^INDIAVIX
[2026-07-23 15:07:38,532] INFO    - [cache:123      ] - Cache HIT for ticker ^NSEI (1d) | ticker=^NSEI
[2026-07-23 15:07:38,536] INFO    - [vix_analysis:42] - India VIX: 13.63 (Percentile: 68.0%, Regime: Normal)
[2026-07-23 15:07:38,571] INFO    - [chart_data:31  ] - Constructing client visualization payload...
[2026-07-23 15:07:38,614] WARNING - [gemini_client:43] - Gemini Client uninitialized (missing API Key). Routing to fallback generation.
[2026-07-23 15:07:38,615] INFO    - [gemini_client:184] - Generated graceful fallback report for TATAPOWER.NS in 1.0ms
[2026-07-23 15:07:38,615] INFO    - [cache:68       ] - Cached new LLM analysis report for TATAPOWER.NS (1d)
[2026-07-23 15:07:38,616] INFO    - [analysis:362   ] - Completed deterministic analysis for TATAPOWER.NS in 406.0ms | ticker=TATAPOWER.NS execution_time=406.00ms
[2026-07-23 15:07:38,618] WARNING - [market_opportunities:155] - Skipping TATAPOWER.NS during opportunities scan: 'live_quote'
[2026-07-23 15:07:38,619] INFO    - [analysis:158   ] - Normalized ticker input: TITAN.NS -> TITAN.NS | ticker=TITAN.NS
[2026-07-23 15:07:38,625] INFO    - [cache:123      ] - Cache HIT for ticker TITAN.NS (1d) | ticker=TITAN.NS
[2026-07-23 15:07:38,637] INFO    - [feature_store:55] - Successfully loaded 79 features for TITAN.NS | ticker=TITAN.NS
[2026-07-23 15:07:38,665] INFO    - [feature_store:142] - Saved Feature Store for TITAN.NS to storage/features\TITAN_NS.parquet | ticker=TITAN.NS
[2026-07-23 15:07:38,666] INFO    - [indicators:289 ] - Computing technical indicators across all categories...
[2026-07-23 15:07:38,754] INFO    - [indicators:305 ] - Successfully computed 59 indicator columns.
[2026-07-23 15:07:38,764] INFO    - [feature_store:55] - Successfully loaded 79 features for TITAN.NS | ticker=TITAN.NS
[2026-07-23 15:07:38,788] INFO    - [feature_store:142] - Saved Feature Store for TITAN.NS to storage/features\TITAN_NS.parquet | ticker=TITAN.NS
[2026-07-23 15:07:38,789] INFO    - [candlestick:169] - Computing price action returns and candlestick patterns...
[2026-07-23 15:07:38,852] INFO    - [candlestick:184] - Successfully computed 15 price action / pattern columns.
[2026-07-23 15:07:38,862] INFO    - [feature_store:55] - Successfully loaded 79 features for TITAN.NS | ticker=TITAN.NS
[2026-07-23 15:07:38,923] INFO    - [feature_store:142] - Saved Feature Store for TITAN.NS to storage/features\TITAN_NS.parquet | ticker=TITAN.NS
[2026-07-23 15:07:38,948] INFO    - [cache:123      ] - Cache HIT for ticker ^NSEI (1d) | ticker=^NSEI
[2026-07-23 15:07:38,954] INFO    - [cache:123      ] - Cache HIT for ticker ^NSEBANK (1d) | ticker=^NSEBANK
[2026-07-23 15:07:38,960] INFO    - [cache:123      ] - Cache HIT for ticker ^INDIAVIX (1d) | ticker=^INDIAVIX
[2026-07-23 15:07:38,968] INFO    - [cache:123      ] - Cache HIT for ticker ^NSEI (1d) | ticker=^NSEI
[2026-07-23 15:07:38,971] INFO    - [vix_analysis:42] - India VIX: 13.63 (Percentile: 68.0%, Regime: Normal)
[2026-07-23 15:07:39,000] INFO    - [chart_data:31  ] - Constructing client visualization payload...
[2026-07-23 15:07:39,048] WARNING - [gemini_client:43] - Gemini Client uninitialized (missing API Key). Routing to fallback generation.
[2026-07-23 15:07:39,049] INFO    - [gemini_client:184] - Generated graceful fallback report for TITAN.NS in 1.0ms
[2026-07-23 15:07:39,049] INFO    - [cache:68       ] - Cached new LLM analysis report for TITAN.NS (1d)
[2026-07-23 15:07:39,050] INFO    - [analysis:362   ] - Completed deterministic analysis for TITAN.NS in 427.8ms | ticker=TITAN.NS execution_time=427.82ms
[2026-07-23 15:07:39,051] WARNING - [market_opportunities:155] - Skipping TITAN.NS during opportunities scan: 'live_quote'
[2026-07-23 15:07:39,051] INFO    - [analysis:158   ] - Normalized ticker input: TECHM.NS -> TECHM.NS | ticker=TECHM.NS
[2026-07-23 15:07:39,058] INFO    - [cache:123      ] - Cache HIT for ticker TECHM.NS (1d) | ticker=TECHM.NS
[2026-07-23 15:07:39,068] INFO    - [feature_store:55] - Successfully loaded 79 features for TECHM.NS | ticker=TECHM.NS
[2026-07-23 15:07:39,096] INFO    - [feature_store:142] - Saved Feature Store for TECHM.NS to storage/features\TECHM_NS.parquet | ticker=TECHM.NS
[2026-07-23 15:07:39,097] INFO    - [indicators:289 ] - Computing technical indicators across all categories...
[2026-07-23 15:07:39,214] INFO    - [indicators:305 ] - Successfully computed 59 indicator columns.
[2026-07-23 15:07:39,224] INFO    - [feature_store:55] - Successfully loaded 79 features for TECHM.NS | ticker=TECHM.NS
[2026-07-23 15:07:39,257] INFO    - [feature_store:142] - Saved Feature Store for TECHM.NS to storage/features\TECHM_NS.parquet | ticker=TECHM.NS
[2026-07-23 15:07:39,258] INFO    - [candlestick:169] - Computing price action returns and candlestick patterns...
[2026-07-23 15:07:39,340] INFO    - [candlestick:184] - Successfully computed 15 price action / pattern columns.
[2026-07-23 15:07:39,349] INFO    - [feature_store:55] - Successfully loaded 79 features for TECHM.NS | ticker=TECHM.NS
[2026-07-23 15:07:39,374] INFO    - [feature_store:142] - Saved Feature Store for TECHM.NS to storage/features\TECHM_NS.parquet | ticker=TECHM.NS
[2026-07-23 15:07:39,393] INFO    - [cache:123      ] - Cache HIT for ticker ^NSEI (1d) | ticker=^NSEI
[2026-07-23 15:07:39,402] INFO    - [cache:123      ] - Cache HIT for ticker ^NSEBANK (1d) | ticker=^NSEBANK
[2026-07-23 15:07:39,408] INFO    - [cache:123      ] - Cache HIT for ticker ^INDIAVIX (1d) | ticker=^INDIAVIX
[2026-07-23 15:07:39,416] INFO    - [cache:123      ] - Cache HIT for ticker ^NSEI (1d) | ticker=^NSEI
[2026-07-23 15:07:39,419] INFO    - [vix_analysis:42] - India VIX: 13.63 (Percentile: 68.0%, Regime: Normal)
[2026-07-23 15:07:39,449] INFO    - [chart_data:31  ] - Constructing client visualization payload...
[2026-07-23 15:07:39,508] WARNING - [gemini_client:43] - Gemini Client uninitialized (missing API Key). Routing to fallback generation.
[2026-07-23 15:07:39,509] INFO    - [gemini_client:184] - Generated graceful fallback report for TECHM.NS in 0.0ms
[2026-07-23 15:07:39,509] INFO    - [cache:68       ] - Cached new LLM analysis report for TECHM.NS (1d)
[2026-07-23 15:07:39,511] INFO    - [analysis:362   ] - Completed deterministic analysis for TECHM.NS in 455.1ms | ticker=TECHM.NS execution_time=455.15ms
[2026-07-23 15:07:39,513] WARNING - [market_opportunities:155] - Skipping TECHM.NS during opportunities scan: 'live_quote'
[2026-07-23 15:07:39,513] INFO    - [analysis:158   ] - Normalized ticker input: RVNL.NS -> RVNL.NS | ticker=RVNL.NS
[2026-07-23 15:07:39,520] INFO    - [cache:123      ] - Cache HIT for ticker RVNL.NS (1d) | ticker=RVNL.NS
[2026-07-23 15:07:39,532] INFO    - [feature_store:55] - Successfully loaded 79 features for RVNL.NS | ticker=RVNL.NS
[2026-07-23 15:07:39,556] INFO    - [feature_store:142] - Saved Feature Store for RVNL.NS to storage/features\RVNL_NS.parquet | ticker=RVNL.NS
[2026-07-23 15:07:39,557] INFO    - [indicators:289 ] - Computing technical indicators across all categories...
[2026-07-23 15:07:39,642] INFO    - [indicators:305 ] - Successfully computed 59 indicator columns.
[2026-07-23 15:07:39,652] INFO    - [feature_store:55] - Successfully loaded 79 features for RVNL.NS | ticker=RVNL.NS
[2026-07-23 15:07:39,679] INFO    - [feature_store:142] - Saved Feature Store for RVNL.NS to storage/features\RVNL_NS.parquet | ticker=RVNL.NS
[2026-07-23 15:07:39,680] INFO    - [candlestick:169] - Computing price action returns and candlestick patterns...
[2026-07-23 15:07:39,755] INFO    - [candlestick:184] - Successfully computed 15 price action / pattern columns.
[2026-07-23 15:07:39,770] INFO    - [feature_store:55] - Successfully loaded 79 features for RVNL.NS | ticker=RVNL.NS
[2026-07-23 15:07:39,814] INFO    - [feature_store:142] - Saved Feature Store for RVNL.NS to storage/features\RVNL_NS.parquet | ticker=RVNL.NS
[2026-07-23 15:07:39,850] INFO    - [cache:123      ] - Cache HIT for ticker ^NSEI (1d) | ticker=^NSEI
[2026-07-23 15:07:39,856] INFO    - [cache:123      ] - Cache HIT for ticker ^NSEBANK (1d) | ticker=^NSEBANK
[2026-07-23 15:07:39,864] INFO    - [cache:123      ] - Cache HIT for ticker ^INDIAVIX (1d) | ticker=^INDIAVIX
[2026-07-23 15:07:39,870] INFO    - [cache:123      ] - Cache HIT for ticker ^NSEI (1d) | ticker=^NSEI
[2026-07-23 15:07:39,873] INFO    - [vix_analysis:42] - India VIX: 13.63 (Percentile: 68.0%, Regime: Normal)
[2026-07-23 15:07:39,906] INFO    - [chart_data:31  ] - Constructing client visualization payload...
[2026-07-23 15:07:39,955] WARNING - [gemini_client:43] - Gemini Client uninitialized (missing API Key). Routing to fallback generation.
[2026-07-23 15:07:39,957] INFO    - [gemini_client:184] - Generated graceful fallback report for RVNL.NS in 1.0ms
[2026-07-23 15:07:39,957] INFO    - [cache:68       ] - Cached new LLM analysis report for RVNL.NS (1d)
[2026-07-23 15:07:39,958] INFO    - [analysis:362   ] - Completed deterministic analysis for RVNL.NS in 441.1ms | ticker=RVNL.NS execution_time=441.15ms
[2026-07-23 15:07:39,961] WARNING - [market_opportunities:155] - Skipping RVNL.NS during opportunities scan: 'live_quote'
[2026-07-23 15:07:39,961] INFO    - [analysis:158   ] - Normalized ticker input: RBLBANK.NS -> RBLBANK.NS | ticker=RBLBANK.NS
[2026-07-23 15:07:39,970] INFO    - [cache:123      ] - Cache HIT for ticker RBLBANK.NS (1d) | ticker=RBLBANK.NS
[2026-07-23 15:07:39,982] INFO    - [feature_store:55] - Successfully loaded 79 features for RBLBANK.NS | ticker=RBLBANK.NS
[2026-07-23 15:07:40,009] INFO    - [feature_store:142] - Saved Feature Store for RBLBANK.NS to storage/features\RBLBANK_NS.parquet | ticker=RBLBANK.NS
[2026-07-23 15:07:40,011] INFO    - [indicators:289 ] - Computing technical indicators across all categories...
[2026-07-23 15:07:40,096] INFO    - [indicators:305 ] - Successfully computed 59 indicator columns.
[2026-07-23 15:07:40,106] INFO    - [feature_store:55] - Successfully loaded 79 features for RBLBANK.NS | ticker=RBLBANK.NS
[2026-07-23 15:07:40,134] INFO    - [feature_store:142] - Saved Feature Store for RBLBANK.NS to storage/features\RBLBANK_NS.parquet | ticker=RBLBANK.NS
[2026-07-23 15:07:40,134] INFO    - [candlestick:169] - Computing price action returns and candlestick patterns...
[2026-07-23 15:07:40,189] INFO    - [candlestick:184] - Successfully computed 15 price action / pattern columns.
[2026-07-23 15:07:40,199] INFO    - [feature_store:55] - Successfully loaded 79 features for RBLBANK.NS | ticker=RBLBANK.NS
[2026-07-23 15:07:40,222] INFO    - [feature_store:142] - Saved Feature Store for RBLBANK.NS to storage/features\RBLBANK_NS.parquet | ticker=RBLBANK.NS
[2026-07-23 15:07:40,240] INFO    - [cache:123      ] - Cache HIT for ticker ^NSEI (1d) | ticker=^NSEI
[2026-07-23 15:07:40,250] INFO    - [cache:123      ] - Cache HIT for ticker ^NSEBANK (1d) | ticker=^NSEBANK
[2026-07-23 15:07:40,257] INFO    - [cache:123      ] - Cache HIT for ticker ^INDIAVIX (1d) | ticker=^INDIAVIX
[2026-07-23 15:07:40,265] INFO    - [cache:123      ] - Cache HIT for ticker ^NSEI (1d) | ticker=^NSEI
[2026-07-23 15:07:40,301] INFO    - [vix_analysis:42] - India VIX: 13.63 (Percentile: 68.0%, Regime: Normal)
[2026-07-23 15:07:40,332] INFO    - [chart_data:31  ] - Constructing client visualization payload...
[2026-07-23 15:07:40,384] WARNING - [gemini_client:43] - Gemini Client uninitialized (missing API Key). Routing to fallback generation.
[2026-07-23 15:07:40,385] INFO    - [gemini_client:184] - Generated graceful fallback report for RBLBANK.NS in 1.0ms
[2026-07-23 15:07:40,386] INFO    - [cache:68       ] - Cached new LLM analysis report for RBLBANK.NS (1d)
[2026-07-23 15:07:40,386] INFO    - [analysis:362   ] - Completed deterministic analysis for RBLBANK.NS in 420.6ms | ticker=RBLBANK.NS execution_time=420.61ms
[2026-07-23 15:07:40,388] WARNING - [market_opportunities:155] - Skipping RBLBANK.NS during opportunities scan: 'live_quote'
[2026-07-23 15:07:40,388] INFO    - [analysis:158   ] - Normalized ticker input: RAIN.NS -> RAIN.NS | ticker=RAIN.NS
[2026-07-23 15:07:40,396] INFO    - [cache:123      ] - Cache HIT for ticker RAIN.NS (1d) | ticker=RAIN.NS
[2026-07-23 15:07:40,407] INFO    - [feature_store:55] - Successfully loaded 79 features for RAIN.NS | ticker=RAIN.NS
[2026-07-23 15:07:40,433] INFO    - [feature_store:142] - Saved Feature Store for RAIN.NS to storage/features\RAIN_NS.parquet | ticker=RAIN.NS
[2026-07-23 15:07:40,434] INFO    - [indicators:289 ] - Computing technical indicators across all categories...
[2026-07-23 15:07:40,518] INFO    - [indicators:305 ] - Successfully computed 59 indicator columns.
[2026-07-23 15:07:40,528] INFO    - [feature_store:55] - Successfully loaded 79 features for RAIN.NS | ticker=RAIN.NS
[2026-07-23 15:07:40,554] INFO    - [feature_store:142] - Saved Feature Store for RAIN.NS to storage/features\RAIN_NS.parquet | ticker=RAIN.NS
[2026-07-23 15:07:40,555] INFO    - [candlestick:169] - Computing price action returns and candlestick patterns...
[2026-07-23 15:07:40,611] INFO    - [candlestick:184] - Successfully computed 15 price action / pattern columns.
[2026-07-23 15:07:40,621] INFO    - [feature_store:55] - Successfully loaded 79 features for RAIN.NS | ticker=RAIN.NS
[2026-07-23 15:07:40,647] INFO    - [feature_store:142] - Saved Feature Store for RAIN.NS to storage/features\RAIN_NS.parquet | ticker=RAIN.NS
[2026-07-23 15:07:40,669] INFO    - [cache:123      ] - Cache HIT for ticker ^NSEI (1d) | ticker=^NSEI
[2026-07-23 15:07:40,675] INFO    - [cache:123      ] - Cache HIT for ticker ^NSEBANK (1d) | ticker=^NSEBANK
[2026-07-23 15:07:40,683] INFO    - [cache:123      ] - Cache HIT for ticker ^INDIAVIX (1d) | ticker=^INDIAVIX
[2026-07-23 15:07:40,695] INFO    - [cache:123      ] - Cache HIT for ticker ^NSEI (1d) | ticker=^NSEI
[2026-07-23 15:07:40,699] INFO    - [vix_analysis:42] - India VIX: 13.63 (Percentile: 68.0%, Regime: Normal)
[2026-07-23 15:07:40,727] INFO    - [chart_data:31  ] - Constructing client visualization payload...
[2026-07-23 15:07:40,781] WARNING - [gemini_client:43] - Gemini Client uninitialized (missing API Key). Routing to fallback generation.
[2026-07-23 15:07:40,782] INFO    - [gemini_client:184] - Generated graceful fallback report for RAIN.NS in 1.0ms
[2026-07-23 15:07:40,783] INFO    - [cache:68       ] - Cached new LLM analysis report for RAIN.NS (1d)
[2026-07-23 15:07:40,784] INFO    - [analysis:362   ] - Completed deterministic analysis for RAIN.NS in 389.7ms | ticker=RAIN.NS execution_time=389.70ms
[2026-07-23 15:07:40,786] WARNING - [market_opportunities:155] - Skipping RAIN.NS during opportunities scan: 'live_quote'
[2026-07-23 15:07:40,787] INFO    - [analysis:158   ] - Normalized ticker input: RAMCOCEM.NS -> RAMCOCEM.NS | ticker=RAMCOCEM.NS
[2026-07-23 15:07:40,798] INFO    - [cache:123      ] - Cache HIT for ticker RAMCOCEM.NS (1d) | ticker=RAMCOCEM.NS
[2026-07-23 15:07:40,811] INFO    - [feature_store:55] - Successfully loaded 79 features for RAMCOCEM.NS | ticker=RAMCOCEM.NS
[2026-07-23 15:07:40,850] INFO    - [feature_store:142] - Saved Feature Store for RAMCOCEM.NS to storage/features\RAMCOCEM_NS.parquet | ticker=RAMCOCEM.NS
[2026-07-23 15:07:40,852] INFO    - [indicators:289 ] - Computing technical indicators across all categories...
[2026-07-23 15:07:40,952] INFO    - [indicators:305 ] - Successfully computed 59 indicator columns.
[2026-07-23 15:07:40,962] INFO    - [feature_store:55] - Successfully loaded 79 features for RAMCOCEM.NS | ticker=RAMCOCEM.NS
[2026-07-23 15:07:40,990] INFO    - [feature_store:142] - Saved Feature Store for RAMCOCEM.NS to storage/features\RAMCOCEM_NS.parquet | ticker=RAMCOCEM.NS
[2026-07-23 15:07:40,990] INFO    - [candlestick:169] - Computing price action returns and candlestick patterns...
[2026-07-23 15:07:41,046] INFO    - [candlestick:184] - Successfully computed 15 price action / pattern columns.
[2026-07-23 15:07:41,056] INFO    - [feature_store:55] - Successfully loaded 79 features for RAMCOCEM.NS | ticker=RAMCOCEM.NS
[2026-07-23 15:07:41,083] INFO    - [feature_store:142] - Saved Feature Store for RAMCOCEM.NS to storage/features\RAMCOCEM_NS.parquet | ticker=RAMCOCEM.NS
[2026-07-23 15:07:41,103] INFO    - [cache:123      ] - Cache HIT for ticker ^NSEI (1d) | ticker=^NSEI
[2026-07-23 15:07:41,109] INFO    - [cache:123      ] - Cache HIT for ticker ^NSEBANK (1d) | ticker=^NSEBANK
[2026-07-23 15:07:41,117] INFO    - [cache:123      ] - Cache HIT for ticker ^INDIAVIX (1d) | ticker=^INDIAVIX
[2026-07-23 15:07:41,123] INFO    - [cache:123      ] - Cache HIT for ticker ^NSEI (1d) | ticker=^NSEI
[2026-07-23 15:07:41,130] INFO    - [vix_analysis:42] - India VIX: 13.63 (Percentile: 68.0%, Regime: Normal)
[2026-07-23 15:07:41,161] INFO    - [chart_data:31  ] - Constructing client visualization payload...
[2026-07-23 15:07:41,216] WARNING - [gemini_client:43] - Gemini Client uninitialized (missing API Key). Routing to fallback generation.
[2026-07-23 15:07:41,217] INFO    - [gemini_client:184] - Generated graceful fallback report for RAMCOCEM.NS in 1.0ms
[2026-07-23 15:07:41,217] INFO    - [cache:68       ] - Cached new LLM analysis report for RAMCOCEM.NS (1d)
[2026-07-23 15:07:41,218] INFO    - [analysis:362   ] - Completed deterministic analysis for RAMCOCEM.NS in 429.4ms | ticker=RAMCOCEM.NS execution_time=429.43ms
[2026-07-23 15:07:41,220] WARNING - [market_opportunities:155] - Skipping RAMCOCEM.NS during opportunities scan: 'live_quote'
[2026-07-23 15:07:41,220] INFO    - [analysis:158   ] - Normalized ticker input: RECLTD.NS -> RECLTD.NS | ticker=RECLTD.NS
[2026-07-23 15:07:41,228] INFO    - [cache:123      ] - Cache HIT for ticker RECLTD.NS (1d) | ticker=RECLTD.NS
[2026-07-23 15:07:41,238] INFO    - [feature_store:55] - Successfully loaded 79 features for RECLTD.NS | ticker=RECLTD.NS
[2026-07-23 15:07:41,265] INFO    - [feature_store:142] - Saved Feature Store for RECLTD.NS to storage/features\RECLTD_NS.parquet | ticker=RECLTD.NS
[2026-07-23 15:07:41,266] INFO    - [indicators:289 ] - Computing technical indicators across all categories...
[2026-07-23 15:07:41,382] INFO    - [indicators:305 ] - Successfully computed 59 indicator columns.
[2026-07-23 15:07:41,401] INFO    - [feature_store:55] - Successfully loaded 79 features for RECLTD.NS | ticker=RECLTD.NS
[2026-07-23 15:07:41,436] INFO    - [feature_store:142] - Saved Feature Store for RECLTD.NS to storage/features\RECLTD_NS.parquet | ticker=RECLTD.NS
[2026-07-23 15:07:41,437] INFO    - [candlestick:169] - Computing price action returns and candlestick patterns...
[2026-07-23 15:07:41,489] INFO    - [candlestick:184] - Successfully computed 15 price action / pattern columns.
[2026-07-23 15:07:41,501] INFO    - [feature_store:55] - Successfully loaded 79 features for RECLTD.NS | ticker=RECLTD.NS
[2026-07-23 15:07:41,533] INFO    - [feature_store:142] - Saved Feature Store for RECLTD.NS to storage/features\RECLTD_NS.parquet | ticker=RECLTD.NS
[2026-07-23 15:07:41,553] INFO    - [cache:123      ] - Cache HIT for ticker ^NSEI (1d) | ticker=^NSEI
[2026-07-23 15:07:41,560] INFO    - [cache:123      ] - Cache HIT for ticker ^NSEBANK (1d) | ticker=^NSEBANK
[2026-07-23 15:07:41,566] INFO    - [cache:123      ] - Cache HIT for ticker ^INDIAVIX (1d) | ticker=^INDIAVIX
[2026-07-23 15:07:41,572] INFO    - [cache:123      ] - Cache HIT for ticker ^NSEI (1d) | ticker=^NSEI
[2026-07-23 15:07:41,575] INFO    - [vix_analysis:42] - India VIX: 13.63 (Percentile: 68.0%, Regime: Normal)
[2026-07-23 15:07:41,634] INFO    - [chart_data:31  ] - Constructing client visualization payload...
[2026-07-23 15:07:41,711] WARNING - [gemini_client:43] - Gemini Client uninitialized (missing API Key). Routing to fallback generation.
[2026-07-23 15:07:41,712] INFO    - [gemini_client:184] - Generated graceful fallback report for RECLTD.NS in 1.0ms
[2026-07-23 15:07:41,712] INFO    - [cache:68       ] - Cached new LLM analysis report for RECLTD.NS (1d)
[2026-07-23 15:07:41,713] INFO    - [analysis:362   ] - Completed deterministic analysis for RECLTD.NS in 489.3ms | ticker=RECLTD.NS execution_time=489.32ms
[2026-07-23 15:07:41,715] WARNING - [market_opportunities:155] - Skipping RECLTD.NS during opportunities scan: 'live_quote'
[2026-07-23 15:07:41,716] INFO    - [analysis:158   ] - Normalized ticker input: INOXWIND.NS -> INOXWIND.NS | ticker=INOXWIND.NS
[2026-07-23 15:07:41,730] INFO    - [cache:123      ] - Cache HIT for ticker INOXWIND.NS (1d) | ticker=INOXWIND.NS
[2026-07-23 15:07:41,751] INFO    - [feature_store:55] - Successfully loaded 79 features for INOXWIND.NS | ticker=INOXWIND.NS
[2026-07-23 15:07:41,822] INFO    - [feature_store:142] - Saved Feature Store for INOXWIND.NS to storage/features\INOXWIND_NS.parquet | ticker=INOXWIND.NS
[2026-07-23 15:07:41,824] INFO    - [indicators:289 ] - Computing technical indicators across all categories...
[2026-07-23 15:07:41,924] INFO    - [indicators:305 ] - Successfully computed 59 indicator columns.
[2026-07-23 15:07:41,933] INFO    - [feature_store:55] - Successfully loaded 79 features for INOXWIND.NS | ticker=INOXWIND.NS
[2026-07-23 15:07:41,964] INFO    - [feature_store:142] - Saved Feature Store for INOXWIND.NS to storage/features\INOXWIND_NS.parquet | ticker=INOXWIND.NS
[2026-07-23 15:07:41,964] INFO    - [candlestick:169] - Computing price action returns and candlestick patterns...
[2026-07-23 15:07:42,019] INFO    - [candlestick:184] - Successfully computed 15 price action / pattern columns.
[2026-07-23 15:07:42,028] INFO    - [feature_store:55] - Successfully loaded 79 features for INOXWIND.NS | ticker=INOXWIND.NS
[2026-07-23 15:07:42,054] INFO    - [feature_store:142] - Saved Feature Store for INOXWIND.NS to storage/features\INOXWIND_NS.parquet | ticker=INOXWIND.NS
[2026-07-23 15:07:42,073] INFO    - [cache:123      ] - Cache HIT for ticker ^NSEI (1d) | ticker=^NSEI
[2026-07-23 15:07:42,081] INFO    - [cache:123      ] - Cache HIT for ticker ^NSEBANK (1d) | ticker=^NSEBANK
[2026-07-23 15:07:42,089] INFO    - [cache:123      ] - Cache HIT for ticker ^INDIAVIX (1d) | ticker=^INDIAVIX
[2026-07-23 15:07:42,098] INFO    - [cache:123      ] - Cache HIT for ticker ^NSEI (1d) | ticker=^NSEI
[2026-07-23 15:07:42,101] INFO    - [vix_analysis:42] - India VIX: 13.63 (Percentile: 68.0%, Regime: Normal)
[2026-07-23 15:07:42,131] INFO    - [chart_data:31  ] - Constructing client visualization payload...
[2026-07-23 15:07:42,172] WARNING - [gemini_client:43] - Gemini Client uninitialized (missing API Key). Routing to fallback generation.
[2026-07-23 15:07:42,173] INFO    - [gemini_client:184] - Generated graceful fallback report for INOXWIND.NS in 1.0ms
[2026-07-23 15:07:42,173] INFO    - [cache:68       ] - Cached new LLM analysis report for INOXWIND.NS (1d)
[2026-07-23 15:07:42,174] INFO    - [analysis:362   ] - Completed deterministic analysis for INOXWIND.NS in 454.5ms | ticker=INOXWIND.NS execution_time=454.47ms
[2026-07-23 15:07:42,177] WARNING - [market_opportunities:155] - Skipping INOXWIND.NS during opportunities scan: 'live_quote'
[2026-07-23 15:07:42,177] INFO    - [analysis:158   ] - Normalized ticker input: INDIGO.NS -> INDIGO.NS | ticker=INDIGO.NS
[2026-07-23 15:07:42,184] INFO    - [cache:123      ] - Cache HIT for ticker INDIGO.NS (1d) | ticker=INDIGO.NS
[2026-07-23 15:07:42,194] INFO    - [feature_store:55] - Successfully loaded 79 features for INDIGO.NS | ticker=INDIGO.NS
[2026-07-23 15:07:42,229] INFO    - [feature_store:142] - Saved Feature Store for INDIGO.NS to storage/features\INDIGO_NS.parquet | ticker=INDIGO.NS
[2026-07-23 15:07:42,230] INFO    - [indicators:289 ] - Computing technical indicators across all categories...
[2026-07-23 15:07:42,335] INFO    - [indicators:305 ] - Successfully computed 59 indicator columns.
[2026-07-23 15:07:42,345] INFO    - [feature_store:55] - Successfully loaded 79 features for INDIGO.NS | ticker=INDIGO.NS
[2026-07-23 15:07:42,372] INFO    - [feature_store:142] - Saved Feature Store for INDIGO.NS to storage/features\INDIGO_NS.parquet | ticker=INDIGO.NS
[2026-07-23 15:07:42,372] INFO    - [candlestick:169] - Computing price action returns and candlestick patterns...
[2026-07-23 15:07:42,427] INFO    - [candlestick:184] - Successfully computed 15 price action / pattern columns.
[2026-07-23 15:07:42,437] INFO    - [feature_store:55] - Successfully loaded 79 features for INDIGO.NS | ticker=INDIGO.NS
[2026-07-23 15:07:42,464] INFO    - [feature_store:142] - Saved Feature Store for INDIGO.NS to storage/features\INDIGO_NS.parquet | ticker=INDIGO.NS
[2026-07-23 15:07:42,484] INFO    - [cache:123      ] - Cache HIT for ticker ^NSEI (1d) | ticker=^NSEI
[2026-07-23 15:07:42,489] INFO    - [cache:123      ] - Cache HIT for ticker ^NSEBANK (1d) | ticker=^NSEBANK
[2026-07-23 15:07:42,497] INFO    - [cache:123      ] - Cache HIT for ticker ^INDIAVIX (1d) | ticker=^INDIAVIX
[2026-07-23 15:07:42,503] INFO    - [cache:123      ] - Cache HIT for ticker ^NSEI (1d) | ticker=^NSEI
[2026-07-23 15:07:42,510] INFO    - [vix_analysis:42] - India VIX: 13.63 (Percentile: 68.0%, Regime: Normal)
[2026-07-23 15:07:42,557] INFO    - [chart_data:31  ] - Constructing client visualization payload...
[2026-07-23 15:07:42,633] WARNING - [gemini_client:43] - Gemini Client uninitialized (missing API Key). Routing to fallback generation.
[2026-07-23 15:07:42,634] INFO    - [gemini_client:184] - Generated graceful fallback report for INDIGO.NS in 0.9ms
[2026-07-23 15:07:42,635] INFO    - [cache:68       ] - Cached new LLM analysis report for INDIGO.NS (1d)
[2026-07-23 15:07:42,636] INFO    - [analysis:362   ] - Completed deterministic analysis for INDIGO.NS in 454.4ms | ticker=INDIGO.NS execution_time=454.44ms
[2026-07-23 15:07:42,639] WARNING - [market_opportunities:155] - Skipping INDIGO.NS during opportunities scan: 'live_quote'
[2026-07-23 15:07:42,640] INFO    - [analysis:158   ] - Normalized ticker input: INDUSTOWER.NS -> INDUSTOWER.NS | ticker=INDUSTOWER.NS
[2026-07-23 15:07:42,656] INFO    - [cache:123      ] - Cache HIT for ticker INDUSTOWER.NS (1d) | ticker=INDUSTOWER.NS
[2026-07-23 15:07:42,675] INFO    - [feature_store:55] - Successfully loaded 79 features for INDUSTOWER.NS | ticker=INDUSTOWER.NS
[2026-07-23 15:07:42,732] INFO    - [feature_store:142] - Saved Feature Store for INDUSTOWER.NS to storage/features\INDUSTOWER_NS.parquet | ticker=INDUSTOWER.NS
[2026-07-23 15:07:42,733] INFO    - [indicators:289 ] - Computing technical indicators across all categories...
[2026-07-23 15:07:42,866] INFO    - [indicators:305 ] - Successfully computed 59 indicator columns.
[2026-07-23 15:07:42,876] INFO    - [feature_store:55] - Successfully loaded 79 features for INDUSTOWER.NS | ticker=INDUSTOWER.NS
[2026-07-23 15:07:42,901] INFO    - [feature_store:142] - Saved Feature Store for INDUSTOWER.NS to storage/features\INDUSTOWER_NS.parquet | ticker=INDUSTOWER.NS
[2026-07-23 15:07:42,902] INFO    - [candlestick:169] - Computing price action returns and candlestick patterns...
[2026-07-23 15:07:42,958] INFO    - [candlestick:184] - Successfully computed 15 price action / pattern columns.
[2026-07-23 15:07:42,968] INFO    - [feature_store:55] - Successfully loaded 79 features for INDUSTOWER.NS | ticker=INDUSTOWER.NS
[2026-07-23 15:07:42,998] INFO    - [feature_store:142] - Saved Feature Store for INDUSTOWER.NS to storage/features\INDUSTOWER_NS.parquet | ticker=INDUSTOWER.NS
[2026-07-23 15:07:43,022] INFO    - [cache:123      ] - Cache HIT for ticker ^NSEI (1d) | ticker=^NSEI
[2026-07-23 15:07:43,031] INFO    - [cache:123      ] - Cache HIT for ticker ^NSEBANK (1d) | ticker=^NSEBANK
[2026-07-23 15:07:43,042] INFO    - [cache:123      ] - Cache HIT for ticker ^INDIAVIX (1d) | ticker=^INDIAVIX
[2026-07-23 15:07:43,052] INFO    - [cache:123      ] - Cache HIT for ticker ^NSEI (1d) | ticker=^NSEI
[2026-07-23 15:07:43,059] INFO    - [vix_analysis:42] - India VIX: 13.63 (Percentile: 68.0%, Regime: Normal)
[2026-07-23 15:07:43,090] INFO    - [chart_data:31  ] - Constructing client visualization payload...
[2026-07-23 15:07:43,147] WARNING - [gemini_client:43] - Gemini Client uninitialized (missing API Key). Routing to fallback generation.
[2026-07-23 15:07:43,147] INFO    - [gemini_client:184] - Generated graceful fallback report for INDUSTOWER.NS in 0.0ms
[2026-07-23 15:07:43,148] INFO    - [cache:68       ] - Cached new LLM analysis report for INDUSTOWER.NS (1d)
[2026-07-23 15:07:43,149] INFO    - [analysis:362   ] - Completed deterministic analysis for INDUSTOWER.NS in 504.6ms | ticker=INDUSTOWER.NS execution_time=504.56ms
[2026-07-23 15:07:43,151] WARNING - [market_opportunities:155] - Skipping INDUSTOWER.NS during opportunities scan: 'live_quote'
[2026-07-23 15:07:43,151] INFO    - [analysis:158   ] - Normalized ticker input: WIPRO.NS -> WIPRO.NS | ticker=WIPRO.NS
[2026-07-23 15:07:43,159] INFO    - [cache:123      ] - Cache HIT for ticker WIPRO.NS (1d) | ticker=WIPRO.NS
[2026-07-23 15:07:43,170] INFO    - [feature_store:55] - Successfully loaded 79 features for WIPRO.NS | ticker=WIPRO.NS
[2026-07-23 15:07:43,197] INFO    - [feature_store:142] - Saved Feature Store for WIPRO.NS to storage/features\WIPRO_NS.parquet | ticker=WIPRO.NS
[2026-07-23 15:07:43,197] INFO    - [indicators:289 ] - Computing technical indicators across all categories...
[2026-07-23 15:07:43,288] INFO    - [indicators:305 ] - Successfully computed 59 indicator columns.
[2026-07-23 15:07:43,298] INFO    - [feature_store:55] - Successfully loaded 79 features for WIPRO.NS | ticker=WIPRO.NS
[2026-07-23 15:07:43,325] INFO    - [feature_store:142] - Saved Feature Store for WIPRO.NS to storage/features\WIPRO_NS.parquet | ticker=WIPRO.NS
[2026-07-23 15:07:43,326] INFO    - [candlestick:169] - Computing price action returns and candlestick patterns...
[2026-07-23 15:07:43,384] INFO    - [candlestick:184] - Successfully computed 15 price action / pattern columns.
[2026-07-23 15:07:43,395] INFO    - [feature_store:55] - Successfully loaded 79 features for WIPRO.NS | ticker=WIPRO.NS
[2026-07-23 15:07:43,419] INFO    - [feature_store:142] - Saved Feature Store for WIPRO.NS to storage/features\WIPRO_NS.parquet | ticker=WIPRO.NS
[2026-07-23 15:07:43,438] INFO    - [cache:123      ] - Cache HIT for ticker ^NSEI (1d) | ticker=^NSEI
[2026-07-23 15:07:43,446] INFO    - [cache:123      ] - Cache HIT for ticker ^NSEBANK (1d) | ticker=^NSEBANK
[2026-07-23 15:07:43,453] INFO    - [cache:123      ] - Cache HIT for ticker ^INDIAVIX (1d) | ticker=^INDIAVIX
[2026-07-23 15:07:43,460] INFO    - [cache:123      ] - Cache HIT for ticker ^NSEI (1d) | ticker=^NSEI
[2026-07-23 15:07:43,463] INFO    - [vix_analysis:42] - India VIX: 13.63 (Percentile: 68.0%, Regime: Normal)
[2026-07-23 15:07:43,513] INFO    - [chart_data:31  ] - Constructing client visualization payload...
[2026-07-23 15:07:43,580] WARNING - [gemini_client:43] - Gemini Client uninitialized (missing API Key). Routing to fallback generation.
[2026-07-23 15:07:43,581] INFO    - [gemini_client:184] - Generated graceful fallback report for WIPRO.NS in 1.0ms
[2026-07-23 15:07:43,581] INFO    - [cache:68       ] - Cached new LLM analysis report for WIPRO.NS (1d)
[2026-07-23 15:07:43,582] INFO    - [analysis:362   ] - Completed deterministic analysis for WIPRO.NS in 427.8ms | ticker=WIPRO.NS execution_time=427.84ms
[2026-07-23 15:07:43,584] WARNING - [market_opportunities:155] - Skipping WIPRO.NS during opportunities scan: 'live_quote'
[2026-07-23 15:07:43,584] INFO    - [analysis:158   ] - Normalized ticker input: ITC.NS -> ITC.NS | ticker=ITC.NS
[2026-07-23 15:07:43,591] INFO    - [cache:123      ] - Cache HIT for ticker ITC.NS (1d) | ticker=ITC.NS
[2026-07-23 15:07:43,604] INFO    - [feature_store:55] - Successfully loaded 79 features for ITC.NS | ticker=ITC.NS
[2026-07-23 15:07:43,632] INFO    - [feature_store:142] - Saved Feature Store for ITC.NS to storage/features\ITC_NS.parquet | ticker=ITC.NS
[2026-07-23 15:07:43,632] INFO    - [indicators:289 ] - Computing technical indicators across all categories...
[2026-07-23 15:07:43,740] INFO    - [indicators:305 ] - Successfully computed 59 indicator columns.
[2026-07-23 15:07:43,753] INFO    - [feature_store:55] - Successfully loaded 79 features for ITC.NS | ticker=ITC.NS
[2026-07-23 15:07:43,792] INFO    - [feature_store:142] - Saved Feature Store for ITC.NS to storage/features\ITC_NS.parquet | ticker=ITC.NS
[2026-07-23 15:07:43,794] INFO    - [candlestick:169] - Computing price action returns and candlestick patterns...
[2026-07-23 15:07:43,869] INFO    - [candlestick:184] - Successfully computed 15 price action / pattern columns.
[2026-07-23 15:07:43,886] INFO    - [feature_store:55] - Successfully loaded 79 features for ITC.NS | ticker=ITC.NS
[2026-07-23 15:07:43,926] INFO    - [feature_store:142] - Saved Feature Store for ITC.NS to storage/features\ITC_NS.parquet | ticker=ITC.NS
[2026-07-23 15:07:43,950] INFO    - [cache:123      ] - Cache HIT for ticker ^NSEI (1d) | ticker=^NSEI
[2026-07-23 15:07:43,959] INFO    - [cache:123      ] - Cache HIT for ticker ^NSEBANK (1d) | ticker=^NSEBANK
[2026-07-23 15:07:43,966] INFO    - [cache:123      ] - Cache HIT for ticker ^INDIAVIX (1d) | ticker=^INDIAVIX
[2026-07-23 15:07:43,975] INFO    - [cache:123      ] - Cache HIT for ticker ^CNXFMCG (1d) | ticker=^CNXFMCG
[2026-07-23 15:07:43,980] INFO    - [vix_analysis:42] - India VIX: 13.63 (Percentile: 68.0%, Regime: Normal)
[2026-07-23 15:07:44,027] INFO    - [chart_data:31  ] - Constructing client visualization payload...
[2026-07-23 15:07:44,098] WARNING - [gemini_client:43] - Gemini Client uninitialized (missing API Key). Routing to fallback generation.
[2026-07-23 15:07:44,100] INFO    - [gemini_client:184] - Generated graceful fallback report for ITC.NS in 1.0ms
[2026-07-23 15:07:44,101] INFO    - [cache:68       ] - Cached new LLM analysis report for ITC.NS (1d)
[2026-07-23 15:07:44,102] INFO    - [analysis:362   ] - Completed deterministic analysis for ITC.NS in 512.2ms | ticker=ITC.NS execution_time=512.22ms
[2026-07-23 15:07:44,105] WARNING - [market_opportunities:155] - Skipping ITC.NS during opportunities scan: 'live_quote'
[2026-07-23 15:07:44,106] INFO    - [analysis:158   ] - Normalized ticker input: HINDUNILVR.NS -> HINDUNILVR.NS | ticker=HINDUNILVR.NS
[2026-07-23 15:07:44,123] INFO    - [cache:123      ] - Cache HIT for ticker HINDUNILVR.NS (1d) | ticker=HINDUNILVR.NS
[2026-07-23 15:07:44,143] INFO    - [feature_store:55] - Successfully loaded 79 features for HINDUNILVR.NS | ticker=HINDUNILVR.NS
[2026-07-23 15:07:44,185] INFO    - [feature_store:142] - Saved Feature Store for HINDUNILVR.NS to storage/features\HINDUNILVR_NS.parquet | ticker=HINDUNILVR.NS
[2026-07-23 15:07:44,186] INFO    - [indicators:289 ] - Computing technical indicators across all categories...
[2026-07-23 15:07:44,314] INFO    - [indicators:305 ] - Successfully computed 59 indicator columns.
[2026-07-23 15:07:44,324] INFO    - [feature_store:55] - Successfully loaded 79 features for HINDUNILVR.NS | ticker=HINDUNILVR.NS
[2026-07-23 15:07:44,362] INFO    - [feature_store:142] - Saved Feature Store for HINDUNILVR.NS to storage/features\HINDUNILVR_NS.parquet | ticker=HINDUNILVR.NS
[2026-07-23 15:07:44,363] INFO    - [candlestick:169] - Computing price action returns and candlestick patterns...
[2026-07-23 15:07:44,425] INFO    - [candlestick:184] - Successfully computed 15 price action / pattern columns.
[2026-07-23 15:07:44,436] INFO    - [feature_store:55] - Successfully loaded 79 features for HINDUNILVR.NS | ticker=HINDUNILVR.NS
[2026-07-23 15:07:44,469] INFO    - [feature_store:142] - Saved Feature Store for HINDUNILVR.NS to storage/features\HINDUNILVR_NS.parquet | ticker=HINDUNILVR.NS
[2026-07-23 15:07:44,495] INFO    - [cache:123      ] - Cache HIT for ticker ^NSEI (1d) | ticker=^NSEI
[2026-07-23 15:07:44,502] INFO    - [cache:123      ] - Cache HIT for ticker ^NSEBANK (1d) | ticker=^NSEBANK
[2026-07-23 15:07:44,512] INFO    - [cache:123      ] - Cache HIT for ticker ^INDIAVIX (1d) | ticker=^INDIAVIX
[2026-07-23 15:07:44,518] INFO    - [cache:123      ] - Cache HIT for ticker ^CNXFMCG (1d) | ticker=^CNXFMCG
[2026-07-23 15:07:44,521] INFO    - [vix_analysis:42] - India VIX: 13.63 (Percentile: 68.0%, Regime: Normal)
[2026-07-23 15:07:44,555] INFO    - [chart_data:31  ] - Constructing client visualization payload...
[2026-07-23 15:07:44,605] WARNING - [gemini_client:43] - Gemini Client uninitialized (missing API Key). Routing to fallback generation.
[2026-07-23 15:07:44,605] INFO    - [gemini_client:184] - Generated graceful fallback report for HINDUNILVR.NS in 0.6ms
[2026-07-23 15:07:44,605] INFO    - [cache:68       ] - Cached new LLM analysis report for HINDUNILVR.NS (1d)
[2026-07-23 15:07:44,606] INFO    - [analysis:362   ] - Completed deterministic analysis for HINDUNILVR.NS in 496.9ms | ticker=HINDUNILVR.NS execution_time=496.87ms
[2026-07-23 15:07:44,610] WARNING - [market_opportunities:155] - Skipping HINDUNILVR.NS during opportunities scan: 'live_quote'
[2026-07-23 15:07:44,610] INFO    - [analysis:158   ] - Normalized ticker input: AXISBANK.NS -> AXISBANK.NS | ticker=AXISBANK.NS
[2026-07-23 15:07:44,616] INFO    - [cache:123      ] - Cache HIT for ticker AXISBANK.NS (1d) | ticker=AXISBANK.NS
[2026-07-23 15:07:44,626] INFO    - [feature_store:55] - Successfully loaded 79 features for AXISBANK.NS | ticker=AXISBANK.NS
[2026-07-23 15:07:44,659] INFO    - [feature_store:142] - Saved Feature Store for AXISBANK.NS to storage/features\AXISBANK_NS.parquet | ticker=AXISBANK.NS
[2026-07-23 15:07:44,660] INFO    - [indicators:289 ] - Computing technical indicators across all categories...
[2026-07-23 15:07:44,754] INFO    - [indicators:305 ] - Successfully computed 59 indicator columns.
[2026-07-23 15:07:44,764] INFO    - [feature_store:55] - Successfully loaded 79 features for AXISBANK.NS | ticker=AXISBANK.NS
[2026-07-23 15:07:44,796] INFO    - [feature_store:142] - Saved Feature Store for AXISBANK.NS to storage/features\AXISBANK_NS.parquet | ticker=AXISBANK.NS
[2026-07-23 15:07:44,797] INFO    - [candlestick:169] - Computing price action returns and candlestick patterns...
[2026-07-23 15:07:44,852] INFO    - [candlestick:184] - Successfully computed 15 price action / pattern columns.
[2026-07-23 15:07:44,862] INFO    - [feature_store:55] - Successfully loaded 79 features for AXISBANK.NS | ticker=AXISBANK.NS
[2026-07-23 15:07:44,885] INFO    - [feature_store:142] - Saved Feature Store for AXISBANK.NS to storage/features\AXISBANK_NS.parquet | ticker=AXISBANK.NS
[2026-07-23 15:07:44,919] INFO    - [cache:123      ] - Cache HIT for ticker ^NSEI (1d) | ticker=^NSEI
[2026-07-23 15:07:44,927] INFO    - [cache:123      ] - Cache HIT for ticker ^NSEBANK (1d) | ticker=^NSEBANK
[2026-07-23 15:07:44,933] INFO    - [cache:123      ] - Cache HIT for ticker ^INDIAVIX (1d) | ticker=^INDIAVIX
[2026-07-23 15:07:44,942] INFO    - [cache:123      ] - Cache HIT for ticker ^NSEI (1d) | ticker=^NSEI
[2026-07-23 15:07:44,945] INFO    - [vix_analysis:42] - India VIX: 13.63 (Percentile: 68.0%, Regime: Normal)
[2026-07-23 15:07:44,975] INFO    - [chart_data:31  ] - Constructing client visualization payload...
[2026-07-23 15:07:45,080] WARNING - [gemini_client:43] - Gemini Client uninitialized (missing API Key). Routing to fallback generation.
[2026-07-23 15:07:45,081] INFO    - [gemini_client:184] - Generated graceful fallback report for AXISBANK.NS in 1.0ms
[2026-07-23 15:07:45,082] INFO    - [cache:68       ] - Cached new LLM analysis report for AXISBANK.NS (1d)
[2026-07-23 15:07:45,084] INFO    - [analysis:362   ] - Completed deterministic analysis for AXISBANK.NS in 467.4ms | ticker=AXISBANK.NS execution_time=467.35ms
[2026-07-23 15:07:45,087] WARNING - [market_opportunities:155] - Skipping AXISBANK.NS during opportunities scan: 'live_quote'
[2026-07-23 15:07:45,088] INFO    - [analysis:158   ] - Normalized ticker input: KOTAKBANK.NS -> KOTAKBANK.NS | ticker=KOTAKBANK.NS
[2026-07-23 15:07:45,101] INFO    - [cache:123      ] - Cache HIT for ticker KOTAKBANK.NS (1d) | ticker=KOTAKBANK.NS
[2026-07-23 15:07:45,116] INFO    - [feature_store:55] - Successfully loaded 79 features for KOTAKBANK.NS | ticker=KOTAKBANK.NS
[2026-07-23 15:07:45,148] INFO    - [feature_store:142] - Saved Feature Store for KOTAKBANK.NS to storage/features\KOTAKBANK_NS.parquet | ticker=KOTAKBANK.NS
[2026-07-23 15:07:45,149] INFO    - [indicators:289 ] - Computing technical indicators across all categories...
[2026-07-23 15:07:45,274] INFO    - [indicators:305 ] - Successfully computed 59 indicator columns.
[2026-07-23 15:07:45,285] INFO    - [feature_store:55] - Successfully loaded 79 features for KOTAKBANK.NS | ticker=KOTAKBANK.NS
[2026-07-23 15:07:45,312] INFO    - [feature_store:142] - Saved Feature Store for KOTAKBANK.NS to storage/features\KOTAKBANK_NS.parquet | ticker=KOTAKBANK.NS
[2026-07-23 15:07:45,313] INFO    - [candlestick:169] - Computing price action returns and candlestick patterns...
[2026-07-23 15:07:45,369] INFO    - [candlestick:184] - Successfully computed 15 price action / pattern columns.
[2026-07-23 15:07:45,380] INFO    - [feature_store:55] - Successfully loaded 79 features for KOTAKBANK.NS | ticker=KOTAKBANK.NS
[2026-07-23 15:07:45,406] INFO    - [feature_store:142] - Saved Feature Store for KOTAKBANK.NS to storage/features\KOTAKBANK_NS.parquet | ticker=KOTAKBANK.NS
[2026-07-23 15:07:45,424] INFO    - [cache:123      ] - Cache HIT for ticker ^NSEI (1d) | ticker=^NSEI
[2026-07-23 15:07:45,430] INFO    - [cache:123      ] - Cache HIT for ticker ^NSEBANK (1d) | ticker=^NSEBANK
[2026-07-23 15:07:45,436] INFO    - [cache:123      ] - Cache HIT for ticker ^INDIAVIX (1d) | ticker=^INDIAVIX
[2026-07-23 15:07:45,444] INFO    - [cache:123      ] - Cache HIT for ticker ^NSEI (1d) | ticker=^NSEI
[2026-07-23 15:07:45,447] INFO    - [vix_analysis:42] - India VIX: 13.63 (Percentile: 68.0%, Regime: Normal)
[2026-07-23 15:07:45,475] INFO    - [chart_data:31  ] - Constructing client visualization payload...
[2026-07-23 15:07:45,525] WARNING - [gemini_client:43] - Gemini Client uninitialized (missing API Key). Routing to fallback generation.
[2026-07-23 15:07:45,526] INFO    - [gemini_client:184] - Generated graceful fallback report for KOTAKBANK.NS in 0.0ms
[2026-07-23 15:07:45,526] INFO    - [cache:68       ] - Cached new LLM analysis report for KOTAKBANK.NS (1d)
[2026-07-23 15:07:45,527] INFO    - [analysis:362   ] - Completed deterministic analysis for KOTAKBANK.NS in 435.1ms | ticker=KOTAKBANK.NS execution_time=435.08ms
[2026-07-23 15:07:45,528] WARNING - [market_opportunities:155] - Skipping KOTAKBANK.NS during opportunities scan: 'live_quote'
[2026-07-23 15:07:45,529] INFO    - [analysis:158   ] - Normalized ticker input: ADANIENT.NS -> ADANIENT.NS | ticker=ADANIENT.NS
[2026-07-23 15:07:45,538] INFO    - [cache:123      ] - Cache HIT for ticker ADANIENT.NS (1d) | ticker=ADANIENT.NS
[2026-07-23 15:07:45,551] INFO    - [feature_store:55] - Successfully loaded 79 features for ADANIENT.NS | ticker=ADANIENT.NS
[2026-07-23 15:07:45,585] INFO    - [feature_store:142] - Saved Feature Store for ADANIENT.NS to storage/features\ADANIENT_NS.parquet | ticker=ADANIENT.NS
[2026-07-23 15:07:45,585] INFO    - [indicators:289 ] - Computing technical indicators across all categories...
[2026-07-23 15:07:45,679] INFO    - [indicators:305 ] - Successfully computed 59 indicator columns.
[2026-07-23 15:07:45,689] INFO    - [feature_store:55] - Successfully loaded 79 features for ADANIENT.NS | ticker=ADANIENT.NS
[2026-07-23 15:07:45,755] INFO    - [feature_store:142] - Saved Feature Store for ADANIENT.NS to storage/features\ADANIENT_NS.parquet | ticker=ADANIENT.NS
[2026-07-23 15:07:45,756] INFO    - [candlestick:169] - Computing price action returns and candlestick patterns...
[2026-07-23 15:07:45,811] INFO    - [candlestick:184] - Successfully computed 15 price action / pattern columns.
[2026-07-23 15:07:45,819] INFO    - [feature_store:55] - Successfully loaded 79 features for ADANIENT.NS | ticker=ADANIENT.NS
[2026-07-23 15:07:45,846] INFO    - [feature_store:142] - Saved Feature Store for ADANIENT.NS to storage/features\ADANIENT_NS.parquet | ticker=ADANIENT.NS
[2026-07-23 15:07:45,864] INFO    - [cache:123      ] - Cache HIT for ticker ^NSEI (1d) | ticker=^NSEI
[2026-07-23 15:07:45,870] INFO    - [cache:123      ] - Cache HIT for ticker ^NSEBANK (1d) | ticker=^NSEBANK
[2026-07-23 15:07:45,876] INFO    - [cache:123      ] - Cache HIT for ticker ^INDIAVIX (1d) | ticker=^INDIAVIX
[2026-07-23 15:07:45,884] INFO    - [cache:123      ] - Cache HIT for ticker ^NSEI (1d) | ticker=^NSEI
[2026-07-23 15:07:45,887] INFO    - [vix_analysis:42] - India VIX: 13.63 (Percentile: 68.0%, Regime: Normal)
[2026-07-23 15:07:45,924] INFO    - [chart_data:31  ] - Constructing client visualization payload...
[2026-07-23 15:07:45,970] WARNING - [gemini_client:43] - Gemini Client uninitialized (missing API Key). Routing to fallback generation.
[2026-07-23 15:07:45,970] INFO    - [gemini_client:184] - Generated graceful fallback report for ADANIENT.NS in 0.0ms
[2026-07-23 15:07:45,971] INFO    - [cache:68       ] - Cached new LLM analysis report for ADANIENT.NS (1d)
[2026-07-23 15:07:45,972] INFO    - [analysis:362   ] - Completed deterministic analysis for ADANIENT.NS in 439.8ms | ticker=ADANIENT.NS execution_time=439.82ms
[2026-07-23 15:07:45,973] WARNING - [market_opportunities:155] - Skipping ADANIENT.NS during opportunities scan: 'live_quote'
[2026-07-23 15:07:45,974] INFO    - [analysis:158   ] - Normalized ticker input: ADANIPORTS.NS -> ADANIPORTS.NS | ticker=ADANIPORTS.NS
[2026-07-23 15:07:45,981] INFO    - [cache:123      ] - Cache HIT for ticker ADANIPORTS.NS (1d) | ticker=ADANIPORTS.NS
[2026-07-23 15:07:45,991] INFO    - [feature_store:55] - Successfully loaded 79 features for ADANIPORTS.NS | ticker=ADANIPORTS.NS
[2026-07-23 15:07:46,016] INFO    - [feature_store:142] - Saved Feature Store for ADANIPORTS.NS to storage/features\ADANIPORTS_NS.parquet | ticker=ADANIPORTS.NS
[2026-07-23 15:07:46,017] INFO    - [indicators:289 ] - Computing technical indicators across all categories...
[2026-07-23 15:07:46,103] INFO    - [indicators:305 ] - Successfully computed 59 indicator columns.
[2026-07-23 15:07:46,113] INFO    - [feature_store:55] - Successfully loaded 79 features for ADANIPORTS.NS | ticker=ADANIPORTS.NS
[2026-07-23 15:07:46,147] INFO    - [feature_store:142] - Saved Feature Store for ADANIPORTS.NS to storage/features\ADANIPORTS_NS.parquet | ticker=ADANIPORTS.NS
[2026-07-23 15:07:46,148] INFO    - [candlestick:169] - Computing price action returns and candlestick patterns...
[2026-07-23 15:07:46,214] INFO    - [candlestick:184] - Successfully computed 15 price action / pattern columns.
[2026-07-23 15:07:46,228] INFO    - [feature_store:55] - Successfully loaded 79 features for ADANIPORTS.NS | ticker=ADANIPORTS.NS
[2026-07-23 15:07:46,269] INFO    - [feature_store:142] - Saved Feature Store for ADANIPORTS.NS to storage/features\ADANIPORTS_NS.parquet | ticker=ADANIPORTS.NS
[2026-07-23 15:07:46,296] INFO    - [cache:123      ] - Cache HIT for ticker ^NSEI (1d) | ticker=^NSEI
[2026-07-23 15:07:46,301] INFO    - [cache:123      ] - Cache HIT for ticker ^NSEBANK (1d) | ticker=^NSEBANK
[2026-07-23 15:07:46,309] INFO    - [cache:123      ] - Cache HIT for ticker ^INDIAVIX (1d) | ticker=^INDIAVIX
[2026-07-23 15:07:46,316] INFO    - [cache:123      ] - Cache HIT for ticker ^NSEI (1d) | ticker=^NSEI
[2026-07-23 15:07:46,319] INFO    - [vix_analysis:42] - India VIX: 13.63 (Percentile: 68.0%, Regime: Normal)
[2026-07-23 15:07:46,349] INFO    - [chart_data:31  ] - Constructing client visualization payload...
[2026-07-23 15:07:46,393] WARNING - [gemini_client:43] - Gemini Client uninitialized (missing API Key). Routing to fallback generation.
[2026-07-23 15:07:46,394] INFO    - [gemini_client:184] - Generated graceful fallback report for ADANIPORTS.NS in 1.0ms
[2026-07-23 15:07:46,395] INFO    - [cache:68       ] - Cached new LLM analysis report for ADANIPORTS.NS (1d)
[2026-07-23 15:07:46,395] INFO    - [analysis:362   ] - Completed deterministic analysis for ADANIPORTS.NS in 418.4ms | ticker=ADANIPORTS.NS execution_time=418.44ms
[2026-07-23 15:07:46,397] WARNING - [market_opportunities:155] - Skipping ADANIPORTS.NS during opportunities scan: 'live_quote'
[2026-07-23 15:07:46,397] INFO    - [analysis:158   ] - Normalized ticker input: ASIANPAINT.NS -> ASIANPAINT.NS | ticker=ASIANPAINT.NS
[2026-07-23 15:07:46,405] INFO    - [cache:123      ] - Cache HIT for ticker ASIANPAINT.NS (1d) | ticker=ASIANPAINT.NS
[2026-07-23 15:07:46,416] INFO    - [feature_store:55] - Successfully loaded 79 features for ASIANPAINT.NS | ticker=ASIANPAINT.NS
[2026-07-23 15:07:46,447] INFO    - [feature_store:142] - Saved Feature Store for ASIANPAINT.NS to storage/features\ASIANPAINT_NS.parquet | ticker=ASIANPAINT.NS
[2026-07-23 15:07:46,448] INFO    - [indicators:289 ] - Computing technical indicators across all categories...
[2026-07-23 15:07:46,547] INFO    - [indicators:305 ] - Successfully computed 59 indicator columns.
[2026-07-23 15:07:46,556] INFO    - [feature_store:55] - Successfully loaded 79 features for ASIANPAINT.NS | ticker=ASIANPAINT.NS
[2026-07-23 15:07:46,580] INFO    - [feature_store:142] - Saved Feature Store for ASIANPAINT.NS to storage/features\ASIANPAINT_NS.parquet | ticker=ASIANPAINT.NS
[2026-07-23 15:07:46,581] INFO    - [candlestick:169] - Computing price action returns and candlestick patterns...
[2026-07-23 15:07:46,630] INFO    - [candlestick:184] - Successfully computed 15 price action / pattern columns.
[2026-07-23 15:07:46,639] INFO    - [feature_store:55] - Successfully loaded 79 features for ASIANPAINT.NS | ticker=ASIANPAINT.NS
[2026-07-23 15:07:46,664] INFO    - [feature_store:142] - Saved Feature Store for ASIANPAINT.NS to storage/features\ASIANPAINT_NS.parquet | ticker=ASIANPAINT.NS
[2026-07-23 15:07:46,684] INFO    - [cache:123      ] - Cache HIT for ticker ^NSEI (1d) | ticker=^NSEI
[2026-07-23 15:07:46,693] INFO    - [cache:123      ] - Cache HIT for ticker ^NSEBANK (1d) | ticker=^NSEBANK
[2026-07-23 15:07:46,701] INFO    - [cache:123      ] - Cache HIT for ticker ^INDIAVIX (1d) | ticker=^INDIAVIX
[2026-07-23 15:07:46,709] INFO    - [cache:123      ] - Cache HIT for ticker ^NSEI (1d) | ticker=^NSEI
[2026-07-23 15:07:46,712] INFO    - [vix_analysis:42] - India VIX: 13.63 (Percentile: 68.0%, Regime: Normal)
[2026-07-23 15:07:46,741] INFO    - [chart_data:31  ] - Constructing client visualization payload...
[2026-07-23 15:07:46,797] WARNING - [gemini_client:43] - Gemini Client uninitialized (missing API Key). Routing to fallback generation.
[2026-07-23 15:07:46,797] INFO    - [gemini_client:184] - Generated graceful fallback report for ASIANPAINT.NS in 0.5ms
[2026-07-23 15:07:46,798] INFO    - [cache:68       ] - Cached new LLM analysis report for ASIANPAINT.NS (1d)
[2026-07-23 15:07:46,799] INFO    - [analysis:362   ] - Completed deterministic analysis for ASIANPAINT.NS in 396.9ms | ticker=ASIANPAINT.NS execution_time=396.94ms
[2026-07-23 15:07:46,802] WARNING - [market_opportunities:155] - Skipping ASIANPAINT.NS during opportunities scan: 'live_quote'
[2026-07-23 15:07:46,803] INFO    - [analysis:158   ] - Normalized ticker input: BAJFINANCE.NS -> BAJFINANCE.NS | ticker=BAJFINANCE.NS
[2026-07-23 15:07:46,813] INFO    - [cache:123      ] - Cache HIT for ticker BAJFINANCE.NS (1d) | ticker=BAJFINANCE.NS
[2026-07-23 15:07:46,828] INFO    - [feature_store:55] - Successfully loaded 79 features for BAJFINANCE.NS | ticker=BAJFINANCE.NS
[2026-07-23 15:07:46,859] INFO    - [feature_store:142] - Saved Feature Store for BAJFINANCE.NS to storage/features\BAJFINANCE_NS.parquet | ticker=BAJFINANCE.NS
[2026-07-23 15:07:46,860] INFO    - [indicators:289 ] - Computing technical indicators across all categories...
[2026-07-23 15:07:46,979] INFO    - [indicators:305 ] - Successfully computed 59 indicator columns.
[2026-07-23 15:07:46,991] INFO    - [feature_store:55] - Successfully loaded 79 features for BAJFINANCE.NS | ticker=BAJFINANCE.NS
[2026-07-23 15:07:47,029] INFO    - [feature_store:142] - Saved Feature Store for BAJFINANCE.NS to storage/features\BAJFINANCE_NS.parquet | ticker=BAJFINANCE.NS
[2026-07-23 15:07:47,030] INFO    - [candlestick:169] - Computing price action returns and candlestick patterns...
[2026-07-23 15:07:47,129] INFO    - [candlestick:184] - Successfully computed 15 price action / pattern columns.
[2026-07-23 15:07:47,147] INFO    - [feature_store:55] - Successfully loaded 79 features for BAJFINANCE.NS | ticker=BAJFINANCE.NS
[2026-07-23 15:07:47,194] INFO    - [feature_store:142] - Saved Feature Store for BAJFINANCE.NS to storage/features\BAJFINANCE_NS.parquet | ticker=BAJFINANCE.NS
[2026-07-23 15:07:47,215] INFO    - [cache:123      ] - Cache HIT for ticker ^NSEI (1d) | ticker=^NSEI
[2026-07-23 15:07:47,222] INFO    - [cache:123      ] - Cache HIT for ticker ^NSEBANK (1d) | ticker=^NSEBANK
[2026-07-23 15:07:47,229] INFO    - [cache:123      ] - Cache HIT for ticker ^INDIAVIX (1d) | ticker=^INDIAVIX
[2026-07-23 15:07:47,235] INFO    - [cache:123      ] - Cache HIT for ticker ^NSEI (1d) | ticker=^NSEI
[2026-07-23 15:07:47,239] INFO    - [vix_analysis:42] - India VIX: 13.63 (Percentile: 68.0%, Regime: Normal)
[2026-07-23 15:07:47,298] INFO    - [chart_data:31  ] - Constructing client visualization payload...
[2026-07-23 15:07:47,390] WARNING - [gemini_client:43] - Gemini Client uninitialized (missing API Key). Routing to fallback generation.
[2026-07-23 15:07:47,391] INFO    - [gemini_client:184] - Generated graceful fallback report for BAJFINANCE.NS in 1.0ms
[2026-07-23 15:07:47,392] INFO    - [cache:68       ] - Cached new LLM analysis report for BAJFINANCE.NS (1d)
[2026-07-23 15:07:47,393] INFO    - [analysis:362   ] - Completed deterministic analysis for BAJFINANCE.NS in 585.2ms | ticker=BAJFINANCE.NS execution_time=585.21ms
[2026-07-23 15:07:47,394] WARNING - [market_opportunities:155] - Skipping BAJFINANCE.NS during opportunities scan: 'live_quote'
[2026-07-23 15:07:47,395] INFO    - [analysis:158   ] - Normalized ticker input: BAJAJFINSV.NS -> BAJAJFINSV.NS | ticker=BAJAJFINSV.NS
[2026-07-23 15:07:47,401] INFO    - [cache:123      ] - Cache HIT for ticker BAJAJFINSV.NS (1d) | ticker=BAJAJFINSV.NS
[2026-07-23 15:07:47,411] INFO    - [feature_store:55] - Successfully loaded 79 features for BAJAJFINSV.NS | ticker=BAJAJFINSV.NS
[2026-07-23 15:07:47,436] INFO    - [feature_store:142] - Saved Feature Store for BAJAJFINSV.NS to storage/features\BAJAJFINSV_NS.parquet | ticker=BAJAJFINSV.NS
[2026-07-23 15:07:47,436] INFO    - [indicators:289 ] - Computing technical indicators across all categories...
[2026-07-23 15:07:47,534] INFO    - [indicators:305 ] - Successfully computed 59 indicator columns.
[2026-07-23 15:07:47,546] INFO    - [feature_store:55] - Successfully loaded 79 features for BAJAJFINSV.NS | ticker=BAJAJFINSV.NS
[2026-07-23 15:07:47,584] INFO    - [feature_store:142] - Saved Feature Store for BAJAJFINSV.NS to storage/features\BAJAJFINSV_NS.parquet | ticker=BAJAJFINSV.NS
[2026-07-23 15:07:47,585] INFO    - [candlestick:169] - Computing price action returns and candlestick patterns...
[2026-07-23 15:07:47,636] INFO    - [candlestick:184] - Successfully computed 15 price action / pattern columns.
[2026-07-23 15:07:47,647] INFO    - [feature_store:55] - Successfully loaded 79 features for BAJAJFINSV.NS | ticker=BAJAJFINSV.NS
[2026-07-23 15:07:47,670] INFO    - [feature_store:142] - Saved Feature Store for BAJAJFINSV.NS to storage/features\BAJAJFINSV_NS.parquet | ticker=BAJAJFINSV.NS
[2026-07-23 15:07:47,689] INFO    - [cache:123      ] - Cache HIT for ticker ^NSEI (1d) | ticker=^NSEI
[2026-07-23 15:07:47,701] INFO    - [cache:123      ] - Cache HIT for ticker ^NSEBANK (1d) | ticker=^NSEBANK
[2026-07-23 15:07:47,711] INFO    - [cache:123      ] - Cache HIT for ticker ^INDIAVIX (1d) | ticker=^INDIAVIX
[2026-07-23 15:07:47,717] INFO    - [cache:123      ] - Cache HIT for ticker ^NSEI (1d) | ticker=^NSEI
[2026-07-23 15:07:47,719] INFO    - [vix_analysis:42] - India VIX: 13.63 (Percentile: 68.0%, Regime: Normal)
[2026-07-23 15:07:47,752] INFO    - [chart_data:31  ] - Constructing client visualization payload...
[2026-07-23 15:07:47,803] WARNING - [gemini_client:43] - Gemini Client uninitialized (missing API Key). Routing to fallback generation.
[2026-07-23 15:07:47,804] INFO    - [gemini_client:184] - Generated graceful fallback report for BAJAJFINSV.NS in 0.0ms
[2026-07-23 15:07:47,805] INFO    - [cache:68       ] - Cached new LLM analysis report for BAJAJFINSV.NS (1d)
[2026-07-23 15:07:47,806] INFO    - [analysis:362   ] - Completed deterministic analysis for BAJAJFINSV.NS in 406.5ms | ticker=BAJAJFINSV.NS execution_time=406.46ms
[2026-07-23 15:07:47,808] WARNING - [market_opportunities:155] - Skipping BAJAJFINSV.NS during opportunities scan: 'live_quote'
[2026-07-23 15:07:47,809] INFO    - [analysis:158   ] - Normalized ticker input: SUNPHARMA.NS -> SUNPHARMA.NS | ticker=SUNPHARMA.NS
[2026-07-23 15:07:47,817] INFO    - [cache:123      ] - Cache HIT for ticker SUNPHARMA.NS (1d) | ticker=SUNPHARMA.NS
[2026-07-23 15:07:47,828] INFO    - [feature_store:55] - Successfully loaded 79 features for SUNPHARMA.NS | ticker=SUNPHARMA.NS
[2026-07-23 15:07:47,852] INFO    - [feature_store:142] - Saved Feature Store for SUNPHARMA.NS to storage/features\SUNPHARMA_NS.parquet | ticker=SUNPHARMA.NS
[2026-07-23 15:07:47,853] INFO    - [indicators:289 ] - Computing technical indicators across all categories...
[2026-07-23 15:07:47,946] INFO    - [indicators:305 ] - Successfully computed 59 indicator columns.
[2026-07-23 15:07:47,957] INFO    - [feature_store:55] - Successfully loaded 79 features for SUNPHARMA.NS | ticker=SUNPHARMA.NS
[2026-07-23 15:07:48,019] INFO    - [feature_store:142] - Saved Feature Store for SUNPHARMA.NS to storage/features\SUNPHARMA_NS.parquet | ticker=SUNPHARMA.NS
[2026-07-23 15:07:48,020] INFO    - [candlestick:169] - Computing price action returns and candlestick patterns...
[2026-07-23 15:07:48,073] INFO    - [candlestick:184] - Successfully computed 15 price action / pattern columns.
[2026-07-23 15:07:48,082] INFO    - [feature_store:55] - Successfully loaded 79 features for SUNPHARMA.NS | ticker=SUNPHARMA.NS
[2026-07-23 15:07:48,107] INFO    - [feature_store:142] - Saved Feature Store for SUNPHARMA.NS to storage/features\SUNPHARMA_NS.parquet | ticker=SUNPHARMA.NS
[2026-07-23 15:07:48,125] INFO    - [cache:123      ] - Cache HIT for ticker ^NSEI (1d) | ticker=^NSEI
[2026-07-23 15:07:48,130] INFO    - [cache:123      ] - Cache HIT for ticker ^NSEBANK (1d) | ticker=^NSEBANK
[2026-07-23 15:07:48,138] INFO    - [cache:123      ] - Cache HIT for ticker ^INDIAVIX (1d) | ticker=^INDIAVIX
[2026-07-23 15:07:48,144] INFO    - [cache:123      ] - Cache HIT for ticker ^NSEI (1d) | ticker=^NSEI
[2026-07-23 15:07:48,146] INFO    - [vix_analysis:42] - India VIX: 13.63 (Percentile: 68.0%, Regime: Normal)
[2026-07-23 15:07:48,177] INFO    - [chart_data:31  ] - Constructing client visualization payload...
[2026-07-23 15:07:48,223] WARNING - [gemini_client:43] - Gemini Client uninitialized (missing API Key). Routing to fallback generation.
[2026-07-23 15:07:48,223] INFO    - [gemini_client:184] - Generated graceful fallback report for SUNPHARMA.NS in 0.0ms
[2026-07-23 15:07:48,224] INFO    - [cache:68       ] - Cached new LLM analysis report for SUNPHARMA.NS (1d)
[2026-07-23 15:07:48,224] INFO    - [analysis:362   ] - Completed deterministic analysis for SUNPHARMA.NS in 412.1ms | ticker=SUNPHARMA.NS execution_time=412.06ms
[2026-07-23 15:07:48,226] WARNING - [market_opportunities:155] - Skipping SUNPHARMA.NS during opportunities scan: 'live_quote'
[2026-07-23 15:07:48,226] INFO    - [analysis:158   ] - Normalized ticker input: MARUTI.NS -> MARUTI.NS | ticker=MARUTI.NS
[2026-07-23 15:07:48,232] INFO    - [cache:123      ] - Cache HIT for ticker MARUTI.NS (1d) | ticker=MARUTI.NS
[2026-07-23 15:07:48,242] INFO    - [feature_store:55] - Successfully loaded 79 features for MARUTI.NS | ticker=MARUTI.NS
[2026-07-23 15:07:48,269] INFO    - [feature_store:142] - Saved Feature Store for MARUTI.NS to storage/features\MARUTI_NS.parquet | ticker=MARUTI.NS
[2026-07-23 15:07:48,270] INFO    - [indicators:289 ] - Computing technical indicators across all categories...
[2026-07-23 15:07:48,369] INFO    - [indicators:305 ] - Successfully computed 59 indicator columns.
[2026-07-23 15:07:48,379] INFO    - [feature_store:55] - Successfully loaded 79 features for MARUTI.NS | ticker=MARUTI.NS
[2026-07-23 15:07:48,410] INFO    - [feature_store:142] - Saved Feature Store for MARUTI.NS to storage/features\MARUTI_NS.parquet | ticker=MARUTI.NS
[2026-07-23 15:07:48,413] INFO    - [candlestick:169] - Computing price action returns and candlestick patterns...
[2026-07-23 15:07:48,508] INFO    - [candlestick:184] - Successfully computed 15 price action / pattern columns.
[2026-07-23 15:07:48,518] INFO    - [feature_store:55] - Successfully loaded 79 features for MARUTI.NS | ticker=MARUTI.NS
[2026-07-23 15:07:48,565] INFO    - [feature_store:142] - Saved Feature Store for MARUTI.NS to storage/features\MARUTI_NS.parquet | ticker=MARUTI.NS
[2026-07-23 15:07:48,595] INFO    - [cache:123      ] - Cache HIT for ticker ^NSEI (1d) | ticker=^NSEI
[2026-07-23 15:07:48,601] INFO    - [cache:123      ] - Cache HIT for ticker ^NSEBANK (1d) | ticker=^NSEBANK
[2026-07-23 15:07:48,611] INFO    - [cache:123      ] - Cache HIT for ticker ^INDIAVIX (1d) | ticker=^INDIAVIX
[2026-07-23 15:07:48,623] INFO    - [cache:123      ] - Cache HIT for ticker ^NSEI (1d) | ticker=^NSEI
[2026-07-23 15:07:48,626] INFO    - [vix_analysis:42] - India VIX: 13.63 (Percentile: 68.0%, Regime: Normal)
[2026-07-23 15:07:48,675] INFO    - [chart_data:31  ] - Constructing client visualization payload...
[2026-07-23 15:07:48,742] WARNING - [gemini_client:43] - Gemini Client uninitialized (missing API Key). Routing to fallback generation.
[2026-07-23 15:07:48,743] INFO    - [gemini_client:184] - Generated graceful fallback report for MARUTI.NS in 1.1ms
[2026-07-23 15:07:48,743] INFO    - [cache:68       ] - Cached new LLM analysis report for MARUTI.NS (1d)
[2026-07-23 15:07:48,744] INFO    - [analysis:362   ] - Completed deterministic analysis for MARUTI.NS in 514.1ms | ticker=MARUTI.NS execution_time=514.07ms
[2026-07-23 15:07:48,746] WARNING - [market_opportunities:155] - Skipping MARUTI.NS during opportunities scan: 'live_quote'
[2026-07-23 15:07:48,747] INFO    - [analysis:158   ] - Normalized ticker input: NTPC.NS -> NTPC.NS | ticker=NTPC.NS
[2026-07-23 15:07:48,754] INFO    - [cache:123      ] - Cache HIT for ticker NTPC.NS (1d) | ticker=NTPC.NS
[2026-07-23 15:07:48,766] INFO    - [feature_store:55] - Successfully loaded 79 features for NTPC.NS | ticker=NTPC.NS
[2026-07-23 15:07:48,793] INFO    - [feature_store:142] - Saved Feature Store for NTPC.NS to storage/features\NTPC_NS.parquet | ticker=NTPC.NS
[2026-07-23 15:07:48,793] INFO    - [indicators:289 ] - Computing technical indicators across all categories...
[2026-07-23 15:07:48,884] INFO    - [indicators:305 ] - Successfully computed 59 indicator columns.
[2026-07-23 15:07:48,896] INFO    - [feature_store:55] - Successfully loaded 79 features for NTPC.NS | ticker=NTPC.NS
[2026-07-23 15:07:48,922] INFO    - [feature_store:142] - Saved Feature Store for NTPC.NS to storage/features\NTPC_NS.parquet | ticker=NTPC.NS
[2026-07-23 15:07:48,924] INFO    - [candlestick:169] - Computing price action returns and candlestick patterns...
[2026-07-23 15:07:48,978] INFO    - [candlestick:184] - Successfully computed 15 price action / pattern columns.
[2026-07-23 15:07:48,993] INFO    - [feature_store:55] - Successfully loaded 79 features for NTPC.NS | ticker=NTPC.NS
[2026-07-23 15:07:49,031] INFO    - [feature_store:142] - Saved Feature Store for NTPC.NS to storage/features\NTPC_NS.parquet | ticker=NTPC.NS
[2026-07-23 15:07:49,060] INFO    - [cache:123      ] - Cache HIT for ticker ^NSEI (1d) | ticker=^NSEI
[2026-07-23 15:07:49,069] INFO    - [cache:123      ] - Cache HIT for ticker ^NSEBANK (1d) | ticker=^NSEBANK
[2026-07-23 15:07:49,078] INFO    - [cache:123      ] - Cache HIT for ticker ^INDIAVIX (1d) | ticker=^INDIAVIX
[2026-07-23 15:07:49,087] INFO    - [cache:123      ] - Cache HIT for ticker ^NSEI (1d) | ticker=^NSEI
[2026-07-23 15:07:49,092] INFO    - [vix_analysis:42] - India VIX: 13.63 (Percentile: 68.0%, Regime: Normal)
[2026-07-23 15:07:49,125] INFO    - [chart_data:31  ] - Constructing client visualization payload...
[2026-07-23 15:07:49,186] WARNING - [gemini_client:43] - Gemini Client uninitialized (missing API Key). Routing to fallback generation.
[2026-07-23 15:07:49,186] INFO    - [gemini_client:184] - Generated graceful fallback report for NTPC.NS in 0.5ms
[2026-07-23 15:07:49,187] INFO    - [cache:68       ] - Cached new LLM analysis report for NTPC.NS (1d)
[2026-07-23 15:07:49,188] INFO    - [analysis:362   ] - Completed deterministic analysis for NTPC.NS in 436.8ms | ticker=NTPC.NS execution_time=436.82ms
[2026-07-23 15:07:49,190] WARNING - [market_opportunities:155] - Skipping NTPC.NS during opportunities scan: 'live_quote'
[2026-07-23 15:07:49,191] INFO    - [analysis:158   ] - Normalized ticker input: ONGC.NS -> ONGC.NS | ticker=ONGC.NS
[2026-07-23 15:07:49,203] INFO    - [cache:123      ] - Cache HIT for ticker ONGC.NS (1d) | ticker=ONGC.NS
[2026-07-23 15:07:49,215] INFO    - [feature_store:55] - Successfully loaded 79 features for ONGC.NS | ticker=ONGC.NS
[2026-07-23 15:07:49,245] INFO    - [feature_store:142] - Saved Feature Store for ONGC.NS to storage/features\ONGC_NS.parquet | ticker=ONGC.NS
[2026-07-23 15:07:49,246] INFO    - [indicators:289 ] - Computing technical indicators across all categories...
[2026-07-23 15:07:49,375] INFO    - [indicators:305 ] - Successfully computed 59 indicator columns.
[2026-07-23 15:07:49,385] INFO    - [feature_store:55] - Successfully loaded 79 features for ONGC.NS | ticker=ONGC.NS
[2026-07-23 15:07:49,414] INFO    - [feature_store:142] - Saved Feature Store for ONGC.NS to storage/features\ONGC_NS.parquet | ticker=ONGC.NS
[2026-07-23 15:07:49,415] INFO    - [candlestick:169] - Computing price action returns and candlestick patterns...
[2026-07-23 15:07:49,492] INFO    - [candlestick:184] - Successfully computed 15 price action / pattern columns.
[2026-07-23 15:07:49,504] INFO    - [feature_store:55] - Successfully loaded 79 features for ONGC.NS | ticker=ONGC.NS
[2026-07-23 15:07:49,543] INFO    - [feature_store:142] - Saved Feature Store for ONGC.NS to storage/features\ONGC_NS.parquet | ticker=ONGC.NS
[2026-07-23 15:07:49,570] INFO    - [cache:123      ] - Cache HIT for ticker ^NSEI (1d) | ticker=^NSEI
[2026-07-23 15:07:49,579] INFO    - [cache:123      ] - Cache HIT for ticker ^NSEBANK (1d) | ticker=^NSEBANK
[2026-07-23 15:07:49,586] INFO    - [cache:123      ] - Cache HIT for ticker ^INDIAVIX (1d) | ticker=^INDIAVIX
[2026-07-23 15:07:49,593] INFO    - [cache:123      ] - Cache HIT for ticker ^NSEI (1d) | ticker=^NSEI
[2026-07-23 15:07:49,596] INFO    - [vix_analysis:42] - India VIX: 13.63 (Percentile: 68.0%, Regime: Normal)
[2026-07-23 15:07:49,642] INFO    - [chart_data:31  ] - Constructing client visualization payload...
[2026-07-23 15:07:49,749] WARNING - [gemini_client:43] - Gemini Client uninitialized (missing API Key). Routing to fallback generation.
[2026-07-23 15:07:49,750] INFO    - [gemini_client:184] - Generated graceful fallback report for ONGC.NS in 1.0ms
[2026-07-23 15:07:49,750] INFO    - [cache:68       ] - Cached new LLM analysis report for ONGC.NS (1d)
[2026-07-23 15:07:49,752] INFO    - [analysis:362   ] - Completed deterministic analysis for ONGC.NS in 554.4ms | ticker=ONGC.NS execution_time=554.35ms
[2026-07-23 15:07:49,756] WARNING - [market_opportunities:155] - Skipping ONGC.NS during opportunities scan: 'live_quote'
[2026-07-23 15:07:49,756] INFO    - [analysis:158   ] - Normalized ticker input: POWERGRID.NS -> POWERGRID.NS | ticker=POWERGRID.NS
[2026-07-23 15:07:49,765] INFO    - [cache:123      ] - Cache HIT for ticker POWERGRID.NS (1d) | ticker=POWERGRID.NS
[2026-07-23 15:07:49,775] INFO    - [feature_store:55] - Successfully loaded 79 features for POWERGRID.NS | ticker=POWERGRID.NS
[2026-07-23 15:07:49,803] INFO    - [feature_store:142] - Saved Feature Store for POWERGRID.NS to storage/features\POWERGRID_NS.parquet | ticker=POWERGRID.NS
[2026-07-23 15:07:49,833] INFO    - [indicators:289 ] - Computing technical indicators across all categories...
[2026-07-23 15:07:49,925] INFO    - [indicators:305 ] - Successfully computed 59 indicator columns.
[2026-07-23 15:07:49,935] INFO    - [feature_store:55] - Successfully loaded 79 features for POWERGRID.NS | ticker=POWERGRID.NS
[2026-07-23 15:07:49,963] INFO    - [feature_store:142] - Saved Feature Store for POWERGRID.NS to storage/features\POWERGRID_NS.parquet | ticker=POWERGRID.NS
[2026-07-23 15:07:49,963] INFO    - [candlestick:169] - Computing price action returns and candlestick patterns...
[2026-07-23 15:07:50,032] INFO    - [candlestick:184] - Successfully computed 15 price action / pattern columns.
[2026-07-23 15:07:50,044] INFO    - [feature_store:55] - Successfully loaded 79 features for POWERGRID.NS | ticker=POWERGRID.NS
[2026-07-23 15:07:50,072] INFO    - [feature_store:142] - Saved Feature Store for POWERGRID.NS to storage/features\POWERGRID_NS.parquet | ticker=POWERGRID.NS
[2026-07-23 15:07:50,091] INFO    - [cache:123      ] - Cache HIT for ticker ^NSEI (1d) | ticker=^NSEI
[2026-07-23 15:07:50,097] INFO    - [cache:123      ] - Cache HIT for ticker ^NSEBANK (1d) | ticker=^NSEBANK
[2026-07-23 15:07:50,104] INFO    - [cache:123      ] - Cache HIT for ticker ^INDIAVIX (1d) | ticker=^INDIAVIX
[2026-07-23 15:07:50,112] INFO    - [cache:123      ] - Cache HIT for ticker ^NSEI (1d) | ticker=^NSEI
[2026-07-23 15:07:50,115] INFO    - [vix_analysis:42] - India VIX: 13.63 (Percentile: 68.0%, Regime: Normal)
[2026-07-23 15:07:50,149] INFO    - [chart_data:31  ] - Constructing client visualization payload...
[2026-07-23 15:07:50,196] WARNING - [gemini_client:43] - Gemini Client uninitialized (missing API Key). Routing to fallback generation.
[2026-07-23 15:07:50,197] INFO    - [gemini_client:184] - Generated graceful fallback report for POWERGRID.NS in 1.0ms
[2026-07-23 15:07:50,198] INFO    - [cache:68       ] - Cached new LLM analysis report for POWERGRID.NS (1d)
[2026-07-23 15:07:50,198] INFO    - [analysis:362   ] - Completed deterministic analysis for POWERGRID.NS in 439.8ms | ticker=POWERGRID.NS execution_time=439.75ms
[2026-07-23 15:07:50,201] WARNING - [market_opportunities:155] - Skipping POWERGRID.NS during opportunities scan: 'live_quote'
[2026-07-23 15:07:50,201] INFO    - [analysis:158   ] - Normalized ticker input: JSWSTEEL.NS -> JSWSTEEL.NS | ticker=JSWSTEEL.NS
[2026-07-23 15:07:50,212] INFO    - [cache:123      ] - Cache HIT for ticker JSWSTEEL.NS (1d) | ticker=JSWSTEEL.NS
[2026-07-23 15:07:50,227] INFO    - [feature_store:55] - Successfully loaded 79 features for JSWSTEEL.NS | ticker=JSWSTEEL.NS
[2026-07-23 15:07:50,256] INFO    - [feature_store:142] - Saved Feature Store for JSWSTEEL.NS to storage/features\JSWSTEEL_NS.parquet | ticker=JSWSTEEL.NS
[2026-07-23 15:07:50,258] INFO    - [indicators:289 ] - Computing technical indicators across all categories...
[2026-07-23 15:07:50,358] INFO    - [indicators:305 ] - Successfully computed 59 indicator columns.
[2026-07-23 15:07:50,367] INFO    - [feature_store:55] - Successfully loaded 79 features for JSWSTEEL.NS | ticker=JSWSTEEL.NS
[2026-07-23 15:07:50,395] INFO    - [feature_store:142] - Saved Feature Store for JSWSTEEL.NS to storage/features\JSWSTEEL_NS.parquet | ticker=JSWSTEEL.NS
[2026-07-23 15:07:50,395] INFO    - [candlestick:169] - Computing price action returns and candlestick patterns...
[2026-07-23 15:07:50,466] INFO    - [candlestick:184] - Successfully computed 15 price action / pattern columns.
[2026-07-23 15:07:50,476] INFO    - [feature_store:55] - Successfully loaded 79 features for JSWSTEEL.NS | ticker=JSWSTEEL.NS
[2026-07-23 15:07:50,504] INFO    - [feature_store:142] - Saved Feature Store for JSWSTEEL.NS to storage/features\JSWSTEEL_NS.parquet | ticker=JSWSTEEL.NS
[2026-07-23 15:07:50,523] INFO    - [cache:123      ] - Cache HIT for ticker ^NSEI (1d) | ticker=^NSEI
[2026-07-23 15:07:50,530] INFO    - [cache:123      ] - Cache HIT for ticker ^NSEBANK (1d) | ticker=^NSEBANK
[2026-07-23 15:07:50,539] INFO    - [cache:123      ] - Cache HIT for ticker ^INDIAVIX (1d) | ticker=^INDIAVIX
[2026-07-23 15:07:50,547] INFO    - [cache:123      ] - Cache HIT for ticker ^NSEI (1d) | ticker=^NSEI
[2026-07-23 15:07:50,551] INFO    - [vix_analysis:42] - India VIX: 13.63 (Percentile: 68.0%, Regime: Normal)
[2026-07-23 15:07:50,581] INFO    - [chart_data:31  ] - Constructing client visualization payload...
[2026-07-23 15:07:50,637] WARNING - [gemini_client:43] - Gemini Client uninitialized (missing API Key). Routing to fallback generation.
[2026-07-23 15:07:50,638] INFO    - [gemini_client:184] - Generated graceful fallback report for JSWSTEEL.NS in 0.0ms
[2026-07-23 15:07:50,638] INFO    - [cache:68       ] - Cached new LLM analysis report for JSWSTEEL.NS (1d)
[2026-07-23 15:07:50,640] INFO    - [analysis:362   ] - Completed deterministic analysis for JSWSTEEL.NS in 434.0ms | ticker=JSWSTEEL.NS execution_time=434.01ms
[2026-07-23 15:07:50,643] WARNING - [market_opportunities:155] - Skipping JSWSTEEL.NS during opportunities scan: 'live_quote'
[2026-07-23 15:07:50,644] INFO    - [analysis:158   ] - Normalized ticker input: M&M.NS -> M&M.NS | ticker=M&M.NS
[2026-07-23 15:07:50,645] WARNING - [market_opportunities:155] - Skipping M&M.NS during opportunities scan: Invalid ticker symbol format: 'M&M.NS'
[2026-07-23 15:07:50,645] INFO    - [analysis:158   ] - Normalized ticker input: COALINDIA.NS -> COALINDIA.NS | ticker=COALINDIA.NS
[2026-07-23 15:07:50,655] INFO    - [cache:123      ] - Cache HIT for ticker COALINDIA.NS (1d) | ticker=COALINDIA.NS
[2026-07-23 15:07:50,665] INFO    - [feature_store:55] - Successfully loaded 79 features for COALINDIA.NS | ticker=COALINDIA.NS
[2026-07-23 15:07:50,695] INFO    - [feature_store:142] - Saved Feature Store for COALINDIA.NS to storage/features\COALINDIA_NS.parquet | ticker=COALINDIA.NS
[2026-07-23 15:07:50,697] INFO    - [indicators:289 ] - Computing technical indicators across all categories...
[2026-07-23 15:07:50,891] INFO    - [indicators:305 ] - Successfully computed 59 indicator columns.
[2026-07-23 15:07:50,903] INFO    - [feature_store:55] - Successfully loaded 79 features for COALINDIA.NS | ticker=COALINDIA.NS
[2026-07-23 15:07:50,936] INFO    - [feature_store:142] - Saved Feature Store for COALINDIA.NS to storage/features\COALINDIA_NS.parquet | ticker=COALINDIA.NS
[2026-07-23 15:07:50,937] INFO    - [candlestick:169] - Computing price action returns and candlestick patterns...
[2026-07-23 15:07:50,999] INFO    - [candlestick:184] - Successfully computed 15 price action / pattern columns.
[2026-07-23 15:07:51,011] INFO    - [feature_store:55] - Successfully loaded 79 features for COALINDIA.NS | ticker=COALINDIA.NS
[2026-07-23 15:07:51,045] INFO    - [feature_store:142] - Saved Feature Store for COALINDIA.NS to storage/features\COALINDIA_NS.parquet | ticker=COALINDIA.NS
[2026-07-23 15:07:51,109] INFO    - [cache:123      ] - Cache HIT for ticker ^NSEI (1d) | ticker=^NSEI
[2026-07-23 15:07:51,115] INFO    - [cache:123      ] - Cache HIT for ticker ^NSEBANK (1d) | ticker=^NSEBANK
[2026-07-23 15:07:51,122] INFO    - [cache:123      ] - Cache HIT for ticker ^INDIAVIX (1d) | ticker=^INDIAVIX
[2026-07-23 15:07:51,129] INFO    - [cache:123      ] - Cache HIT for ticker ^NSEI (1d) | ticker=^NSEI
[2026-07-23 15:07:51,131] INFO    - [vix_analysis:42] - India VIX: 13.63 (Percentile: 68.0%, Regime: Normal)
[2026-07-23 15:07:51,169] INFO    - [chart_data:31  ] - Constructing client visualization payload...
[2026-07-23 15:07:51,273] WARNING - [gemini_client:43] - Gemini Client uninitialized (missing API Key). Routing to fallback generation.
[2026-07-23 15:07:51,274] INFO    - [gemini_client:184] - Generated graceful fallback report for COALINDIA.NS in 1.0ms
[2026-07-23 15:07:51,274] INFO    - [cache:68       ] - Cached new LLM analysis report for COALINDIA.NS (1d)
[2026-07-23 15:07:51,275] INFO    - [analysis:362   ] - Completed deterministic analysis for COALINDIA.NS in 626.0ms | ticker=COALINDIA.NS execution_time=626.03ms
[2026-07-23 15:07:51,277] WARNING - [market_opportunities:155] - Skipping COALINDIA.NS during opportunities scan: 'live_quote'
[2026-07-23 15:07:51,277] INFO    - [analysis:158   ] - Normalized ticker input: LTIM.NS -> LTIM.NS | ticker=LTIM.NS
[2026-07-23 15:07:51,278] INFO    - [downloader:103 ] - Downloading ticker data from yfinance: LTIM.NS (Interval: 1d, Period: 5y) | ticker=LTIM.NS
[2026-07-23 15:07:53,127] WARNING - [downloader:27  ] - Downloaded empty DataFrame for LTIM.NS | ticker=LTIM.NS
[2026-07-23 15:07:53,128] WARNING - [cache:132      ] - Attempted to cache empty DataFrame for LTIM.NS | ticker=LTIM.NS
[2026-07-23 15:07:53,129] WARNING - [market_opportunities:155] - Skipping LTIM.NS during opportunities scan: Stock not found
[2026-07-23 15:07:53,130] INFO    - [analysis:158   ] - Normalized ticker input: ULTRACEMCO.NS -> ULTRACEMCO.NS | ticker=ULTRACEMCO.NS
[2026-07-23 15:07:53,137] INFO    - [cache:123      ] - Cache HIT for ticker ULTRACEMCO.NS (1d) | ticker=ULTRACEMCO.NS
[2026-07-23 15:07:53,148] INFO    - [feature_store:55] - Successfully loaded 79 features for ULTRACEMCO.NS | ticker=ULTRACEMCO.NS
[2026-07-23 15:07:53,179] INFO    - [feature_store:142] - Saved Feature Store for ULTRACEMCO.NS to storage/features\ULTRACEMCO_NS.parquet | ticker=ULTRACEMCO.NS
[2026-07-23 15:07:53,180] INFO    - [indicators:289 ] - Computing technical indicators across all categories...
[2026-07-23 15:07:53,280] INFO    - [indicators:305 ] - Successfully computed 59 indicator columns.
[2026-07-23 15:07:53,291] INFO    - [feature_store:55] - Successfully loaded 79 features for ULTRACEMCO.NS | ticker=ULTRACEMCO.NS
[2026-07-23 15:07:53,330] INFO    - [feature_store:142] - Saved Feature Store for ULTRACEMCO.NS to storage/features\ULTRACEMCO_NS.parquet | ticker=ULTRACEMCO.NS
[2026-07-23 15:07:53,330] INFO    - [candlestick:169] - Computing price action returns and candlestick patterns...
[2026-07-23 15:07:53,406] INFO    - [candlestick:184] - Successfully computed 15 price action / pattern columns.
[2026-07-23 15:07:53,417] INFO    - [feature_store:55] - Successfully loaded 79 features for ULTRACEMCO.NS | ticker=ULTRACEMCO.NS
[2026-07-23 15:07:53,453] INFO    - [feature_store:142] - Saved Feature Store for ULTRACEMCO.NS to storage/features\ULTRACEMCO_NS.parquet | ticker=ULTRACEMCO.NS
[2026-07-23 15:07:53,491] INFO    - [cache:123      ] - Cache HIT for ticker ^NSEI (1d) | ticker=^NSEI
[2026-07-23 15:07:53,504] INFO    - [cache:123      ] - Cache HIT for ticker ^NSEBANK (1d) | ticker=^NSEBANK
[2026-07-23 15:07:53,518] INFO    - [cache:123      ] - Cache HIT for ticker ^INDIAVIX (1d) | ticker=^INDIAVIX
[2026-07-23 15:07:53,527] INFO    - [cache:123      ] - Cache HIT for ticker ^NSEI (1d) | ticker=^NSEI
[2026-07-23 15:07:53,530] INFO    - [vix_analysis:42] - India VIX: 13.63 (Percentile: 68.0%, Regime: Normal)
[2026-07-23 15:07:53,576] INFO    - [chart_data:31  ] - Constructing client visualization payload...
[2026-07-23 15:07:53,638] WARNING - [gemini_client:43] - Gemini Client uninitialized (missing API Key). Routing to fallback generation.
[2026-07-23 15:07:53,640] INFO    - [gemini_client:184] - Generated graceful fallback report for ULTRACEMCO.NS in 1.6ms
[2026-07-23 15:07:53,640] INFO    - [cache:68       ] - Cached new LLM analysis report for ULTRACEMCO.NS (1d)
[2026-07-23 15:07:53,641] INFO    - [analysis:362   ] - Completed deterministic analysis for ULTRACEMCO.NS in 507.8ms | ticker=ULTRACEMCO.NS execution_time=507.81ms
[2026-07-23 15:07:53,643] WARNING - [market_opportunities:155] - Skipping ULTRACEMCO.NS during opportunities scan: 'live_quote'
[2026-07-23 15:07:53,643] INFO    - [analysis:158   ] - Normalized ticker input: GRASIM.NS -> GRASIM.NS | ticker=GRASIM.NS
[2026-07-23 15:07:53,654] INFO    - [cache:123      ] - Cache HIT for ticker GRASIM.NS (1d) | ticker=GRASIM.NS
[2026-07-23 15:07:53,673] INFO    - [feature_store:55] - Successfully loaded 79 features for GRASIM.NS | ticker=GRASIM.NS
[2026-07-23 15:07:53,731] INFO    - [feature_store:142] - Saved Feature Store for GRASIM.NS to storage/features\GRASIM_NS.parquet | ticker=GRASIM.NS
[2026-07-23 15:07:53,734] INFO    - [indicators:289 ] - Computing technical indicators across all categories...
[2026-07-23 15:07:53,878] INFO    - [indicators:305 ] - Successfully computed 59 indicator columns.
[2026-07-23 15:07:53,890] INFO    - [feature_store:55] - Successfully loaded 79 features for GRASIM.NS | ticker=GRASIM.NS
[2026-07-23 15:07:53,947] INFO    - [feature_store:142] - Saved Feature Store for GRASIM.NS to storage/features\GRASIM_NS.parquet | ticker=GRASIM.NS
[2026-07-23 15:07:53,948] INFO    - [candlestick:169] - Computing price action returns and candlestick patterns...
[2026-07-23 15:07:53,997] INFO    - [candlestick:184] - Successfully computed 15 price action / pattern columns.
[2026-07-23 15:07:54,097] INFO    - [feature_store:55] - Successfully loaded 79 features for GRASIM.NS | ticker=GRASIM.NS
[2026-07-23 15:07:54,124] INFO    - [feature_store:142] - Saved Feature Store for GRASIM.NS to storage/features\GRASIM_NS.parquet | ticker=GRASIM.NS
[2026-07-23 15:07:54,143] INFO    - [cache:123      ] - Cache HIT for ticker ^NSEI (1d) | ticker=^NSEI
[2026-07-23 15:07:54,151] INFO    - [cache:123      ] - Cache HIT for ticker ^NSEBANK (1d) | ticker=^NSEBANK
[2026-07-23 15:07:54,158] INFO    - [cache:123      ] - Cache HIT for ticker ^INDIAVIX (1d) | ticker=^INDIAVIX
[2026-07-23 15:07:54,164] INFO    - [cache:123      ] - Cache HIT for ticker ^NSEI (1d) | ticker=^NSEI
[2026-07-23 15:07:54,168] INFO    - [vix_analysis:42] - India VIX: 13.63 (Percentile: 68.0%, Regime: Normal)
[2026-07-23 15:07:54,198] INFO    - [chart_data:31  ] - Constructing client visualization payload...
[2026-07-23 15:07:54,240] WARNING - [gemini_client:43] - Gemini Client uninitialized (missing API Key). Routing to fallback generation.
[2026-07-23 15:07:54,240] INFO    - [gemini_client:184] - Generated graceful fallback report for GRASIM.NS in 0.0ms
[2026-07-23 15:07:54,242] INFO    - [cache:68       ] - Cached new LLM analysis report for GRASIM.NS (1d)
[2026-07-23 15:07:54,242] INFO    - [analysis:362   ] - Completed deterministic analysis for GRASIM.NS in 594.4ms | ticker=GRASIM.NS execution_time=594.37ms
[2026-07-23 15:07:54,243] WARNING - [market_opportunities:155] - Skipping GRASIM.NS during opportunities scan: 'live_quote'
[2026-07-23 15:07:54,244] INFO    - [analysis:158   ] - Normalized ticker input: JIOFIN.NS -> JIOFIN.NS | ticker=JIOFIN.NS
[2026-07-23 15:07:54,251] INFO    - [cache:123      ] - Cache HIT for ticker JIOFIN.NS (1d) | ticker=JIOFIN.NS
[2026-07-23 15:07:54,260] INFO    - [feature_store:55] - Successfully loaded 79 features for JIOFIN.NS | ticker=JIOFIN.NS
[2026-07-23 15:07:54,281] INFO    - [feature_store:142] - Saved Feature Store for JIOFIN.NS to storage/features\JIOFIN_NS.parquet | ticker=JIOFIN.NS
[2026-07-23 15:07:54,282] INFO    - [indicators:289 ] - Computing technical indicators across all categories...
[2026-07-23 15:07:54,365] INFO    - [indicators:305 ] - Successfully computed 59 indicator columns.
[2026-07-23 15:07:54,375] INFO    - [feature_store:55] - Successfully loaded 79 features for JIOFIN.NS | ticker=JIOFIN.NS
[2026-07-23 15:07:54,399] INFO    - [feature_store:142] - Saved Feature Store for JIOFIN.NS to storage/features\JIOFIN_NS.parquet | ticker=JIOFIN.NS
[2026-07-23 15:07:54,399] INFO    - [candlestick:169] - Computing price action returns and candlestick patterns...
[2026-07-23 15:07:54,441] INFO    - [candlestick:184] - Successfully computed 15 price action / pattern columns.
[2026-07-23 15:07:54,453] INFO    - [feature_store:55] - Successfully loaded 79 features for JIOFIN.NS | ticker=JIOFIN.NS
[2026-07-23 15:07:54,477] INFO    - [feature_store:142] - Saved Feature Store for JIOFIN.NS to storage/features\JIOFIN_NS.parquet | ticker=JIOFIN.NS
[2026-07-23 15:07:54,495] INFO    - [cache:123      ] - Cache HIT for ticker ^NSEI (1d) | ticker=^NSEI
[2026-07-23 15:07:54,503] INFO    - [cache:123      ] - Cache HIT for ticker ^NSEBANK (1d) | ticker=^NSEBANK
[2026-07-23 15:07:54,510] INFO    - [cache:123      ] - Cache HIT for ticker ^INDIAVIX (1d) | ticker=^INDIAVIX
[2026-07-23 15:07:54,516] INFO    - [cache:123      ] - Cache HIT for ticker ^NSEI (1d) | ticker=^NSEI
[2026-07-23 15:07:54,521] INFO    - [vix_analysis:42] - India VIX: 13.63 (Percentile: 68.0%, Regime: Normal)
[2026-07-23 15:07:54,544] INFO    - [chart_data:31  ] - Constructing client visualization payload...
[2026-07-23 15:07:54,570] WARNING - [gemini_client:43] - Gemini Client uninitialized (missing API Key). Routing to fallback generation.
[2026-07-23 15:07:54,571] INFO    - [gemini_client:184] - Generated graceful fallback report for JIOFIN.NS in 1.0ms
[2026-07-23 15:07:54,571] INFO    - [cache:68       ] - Cached new LLM analysis report for JIOFIN.NS (1d)
[2026-07-23 15:07:54,572] INFO    - [analysis:362   ] - Completed deterministic analysis for JIOFIN.NS in 324.9ms | ticker=JIOFIN.NS execution_time=324.86ms
[2026-07-23 15:07:54,573] WARNING - [market_opportunities:155] - Skipping JIOFIN.NS during opportunities scan: 'live_quote'
[2026-07-23 15:07:54,573] INFO    - [analysis:158   ] - Normalized ticker input: HAL.NS -> HAL.NS | ticker=HAL.NS
[2026-07-23 15:07:54,580] INFO    - [cache:123      ] - Cache HIT for ticker HAL.NS (1d) | ticker=HAL.NS
[2026-07-23 15:07:54,590] INFO    - [feature_store:55] - Successfully loaded 79 features for HAL.NS | ticker=HAL.NS
[2026-07-23 15:07:54,614] INFO    - [feature_store:142] - Saved Feature Store for HAL.NS to storage/features\HAL_NS.parquet | ticker=HAL.NS
[2026-07-23 15:07:54,615] INFO    - [indicators:289 ] - Computing technical indicators across all categories...
[2026-07-23 15:07:54,709] INFO    - [indicators:305 ] - Successfully computed 59 indicator columns.
[2026-07-23 15:07:54,719] INFO    - [feature_store:55] - Successfully loaded 79 features for HAL.NS | ticker=HAL.NS
[2026-07-23 15:07:54,744] INFO    - [feature_store:142] - Saved Feature Store for HAL.NS to storage/features\HAL_NS.parquet | ticker=HAL.NS
[2026-07-23 15:07:54,745] INFO    - [candlestick:169] - Computing price action returns and candlestick patterns...
[2026-07-23 15:07:54,798] INFO    - [candlestick:184] - Successfully computed 15 price action / pattern columns.
[2026-07-23 15:07:54,809] INFO    - [feature_store:55] - Successfully loaded 79 features for HAL.NS | ticker=HAL.NS
[2026-07-23 15:07:54,835] INFO    - [feature_store:142] - Saved Feature Store for HAL.NS to storage/features\HAL_NS.parquet | ticker=HAL.NS
[2026-07-23 15:07:54,857] INFO    - [cache:123      ] - Cache HIT for ticker ^NSEI (1d) | ticker=^NSEI
[2026-07-23 15:07:54,863] INFO    - [cache:123      ] - Cache HIT for ticker ^NSEBANK (1d) | ticker=^NSEBANK
[2026-07-23 15:07:54,871] INFO    - [cache:123      ] - Cache HIT for ticker ^INDIAVIX (1d) | ticker=^INDIAVIX
[2026-07-23 15:07:54,877] INFO    - [cache:123      ] - Cache HIT for ticker ^NSEI (1d) | ticker=^NSEI
[2026-07-23 15:07:54,879] INFO    - [vix_analysis:42] - India VIX: 13.63 (Percentile: 68.0%, Regime: Normal)
[2026-07-23 15:07:54,916] INFO    - [chart_data:31  ] - Constructing client visualization payload...
[2026-07-23 15:07:54,961] WARNING - [gemini_client:43] - Gemini Client uninitialized (missing API Key). Routing to fallback generation.
[2026-07-23 15:07:54,962] INFO    - [gemini_client:184] - Generated graceful fallback report for HAL.NS in 1.0ms
[2026-07-23 15:07:54,963] INFO    - [cache:68       ] - Cached new LLM analysis report for HAL.NS (1d)
[2026-07-23 15:07:54,964] INFO    - [analysis:362   ] - Completed deterministic analysis for HAL.NS in 385.5ms | ticker=HAL.NS execution_time=385.48ms
[2026-07-23 15:07:54,966] WARNING - [market_opportunities:155] - Skipping HAL.NS during opportunities scan: 'live_quote'
[2026-07-23 15:07:54,966] INFO    - [analysis:158   ] - Normalized ticker input: HINDALCO.NS -> HINDALCO.NS | ticker=HINDALCO.NS
[2026-07-23 15:07:54,974] INFO    - [cache:123      ] - Cache HIT for ticker HINDALCO.NS (1d) | ticker=HINDALCO.NS
[2026-07-23 15:07:54,985] INFO    - [feature_store:55] - Successfully loaded 79 features for HINDALCO.NS | ticker=HINDALCO.NS
[2026-07-23 15:07:55,016] INFO    - [feature_store:142] - Saved Feature Store for HINDALCO.NS to storage/features\HINDALCO_NS.parquet | ticker=HINDALCO.NS
[2026-07-23 15:07:55,017] INFO    - [indicators:289 ] - Computing technical indicators across all categories...
[2026-07-23 15:07:55,105] INFO    - [indicators:305 ] - Successfully computed 59 indicator columns.
[2026-07-23 15:07:55,115] INFO    - [feature_store:55] - Successfully loaded 79 features for HINDALCO.NS | ticker=HINDALCO.NS
[2026-07-23 15:07:55,144] INFO    - [feature_store:142] - Saved Feature Store for HINDALCO.NS to storage/features\HINDALCO_NS.parquet | ticker=HINDALCO.NS
[2026-07-23 15:07:55,144] INFO    - [candlestick:169] - Computing price action returns and candlestick patterns...
[2026-07-23 15:07:55,208] INFO    - [candlestick:184] - Successfully computed 15 price action / pattern columns.
[2026-07-23 15:07:55,218] INFO    - [feature_store:55] - Successfully loaded 79 features for HINDALCO.NS | ticker=HINDALCO.NS
[2026-07-23 15:07:55,242] INFO    - [feature_store:142] - Saved Feature Store for HINDALCO.NS to storage/features\HINDALCO_NS.parquet | ticker=HINDALCO.NS
[2026-07-23 15:07:55,264] INFO    - [cache:123      ] - Cache HIT for ticker ^NSEI (1d) | ticker=^NSEI
[2026-07-23 15:07:55,293] INFO    - [cache:123      ] - Cache HIT for ticker ^NSEBANK (1d) | ticker=^NSEBANK
[2026-07-23 15:07:55,302] INFO    - [cache:123      ] - Cache HIT for ticker ^INDIAVIX (1d) | ticker=^INDIAVIX
[2026-07-23 15:07:55,308] INFO    - [cache:123      ] - Cache HIT for ticker ^NSEI (1d) | ticker=^NSEI
[2026-07-23 15:07:55,311] INFO    - [vix_analysis:42] - India VIX: 13.63 (Percentile: 68.0%, Regime: Normal)
[2026-07-23 15:07:55,351] INFO    - [chart_data:31  ] - Constructing client visualization payload...
[2026-07-23 15:07:55,403] WARNING - [gemini_client:43] - Gemini Client uninitialized (missing API Key). Routing to fallback generation.
[2026-07-23 15:07:55,404] INFO    - [gemini_client:184] - Generated graceful fallback report for HINDALCO.NS in 1.0ms
[2026-07-23 15:07:55,404] INFO    - [cache:68       ] - Cached new LLM analysis report for HINDALCO.NS (1d)
[2026-07-23 15:07:55,405] INFO    - [analysis:362   ] - Completed deterministic analysis for HINDALCO.NS in 435.0ms | ticker=HINDALCO.NS execution_time=434.99ms
[2026-07-23 15:07:55,406] WARNING - [market_opportunities:155] - Skipping HINDALCO.NS during opportunities scan: 'live_quote'
[2026-07-23 15:07:55,406] INFO    - [analysis:158   ] - Normalized ticker input: BPCL.NS -> BPCL.NS | ticker=BPCL.NS
[2026-07-23 15:07:55,413] INFO    - [cache:123      ] - Cache HIT for ticker BPCL.NS (1d) | ticker=BPCL.NS
[2026-07-23 15:07:55,425] INFO    - [feature_store:55] - Successfully loaded 79 features for BPCL.NS | ticker=BPCL.NS
[2026-07-23 15:07:55,451] INFO    - [feature_store:142] - Saved Feature Store for BPCL.NS to storage/features\BPCL_NS.parquet | ticker=BPCL.NS
[2026-07-23 15:07:55,452] INFO    - [indicators:289 ] - Computing technical indicators across all categories...
[2026-07-23 15:07:55,535] INFO    - [indicators:305 ] - Successfully computed 59 indicator columns.
[2026-07-23 15:07:55,543] INFO    - [feature_store:55] - Successfully loaded 79 features for BPCL.NS | ticker=BPCL.NS
[2026-07-23 15:07:55,569] INFO    - [feature_store:142] - Saved Feature Store for BPCL.NS to storage/features\BPCL_NS.parquet | ticker=BPCL.NS
[2026-07-23 15:07:55,570] INFO    - [candlestick:169] - Computing price action returns and candlestick patterns...
[2026-07-23 15:07:55,631] INFO    - [candlestick:184] - Successfully computed 15 price action / pattern columns.
[2026-07-23 15:07:55,647] INFO    - [feature_store:55] - Successfully loaded 79 features for BPCL.NS | ticker=BPCL.NS
[2026-07-23 15:07:55,680] INFO    - [feature_store:142] - Saved Feature Store for BPCL.NS to storage/features\BPCL_NS.parquet | ticker=BPCL.NS
[2026-07-23 15:07:55,700] INFO    - [cache:123      ] - Cache HIT for ticker ^NSEI (1d) | ticker=^NSEI
[2026-07-23 15:07:55,706] INFO    - [cache:123      ] - Cache HIT for ticker ^NSEBANK (1d) | ticker=^NSEBANK
[2026-07-23 15:07:55,715] INFO    - [cache:123      ] - Cache HIT for ticker ^INDIAVIX (1d) | ticker=^INDIAVIX
[2026-07-23 15:07:55,722] INFO    - [cache:123      ] - Cache HIT for ticker ^NSEI (1d) | ticker=^NSEI
[2026-07-23 15:07:55,724] INFO    - [vix_analysis:42] - India VIX: 13.63 (Percentile: 68.0%, Regime: Normal)
[2026-07-23 15:07:55,755] INFO    - [chart_data:31  ] - Constructing client visualization payload...
[2026-07-23 15:07:55,807] WARNING - [gemini_client:43] - Gemini Client uninitialized (missing API Key). Routing to fallback generation.
[2026-07-23 15:07:55,807] INFO    - [gemini_client:184] - Generated graceful fallback report for BPCL.NS in 0.0ms
[2026-07-23 15:07:55,808] INFO    - [cache:68       ] - Cached new LLM analysis report for BPCL.NS (1d)
[2026-07-23 15:07:55,809] INFO    - [analysis:362   ] - Completed deterministic analysis for BPCL.NS in 399.2ms | ticker=BPCL.NS execution_time=399.16ms
[2026-07-23 15:07:55,810] WARNING - [market_opportunities:155] - Skipping BPCL.NS during opportunities scan: 'live_quote'
[2026-07-23 15:07:55,811] INFO    - [analysis:158   ] - Normalized ticker input: ADANIPOWER.NS -> ADANIPOWER.NS | ticker=ADANIPOWER.NS
[2026-07-23 15:07:55,819] INFO    - [cache:123      ] - Cache HIT for ticker ADANIPOWER.NS (1d) | ticker=ADANIPOWER.NS
[2026-07-23 15:07:55,828] INFO    - [feature_store:55] - Successfully loaded 79 features for ADANIPOWER.NS | ticker=ADANIPOWER.NS
[2026-07-23 15:07:55,858] INFO    - [feature_store:142] - Saved Feature Store for ADANIPOWER.NS to storage/features\ADANIPOWER_NS.parquet | ticker=ADANIPOWER.NS
[2026-07-23 15:07:55,860] INFO    - [indicators:289 ] - Computing technical indicators across all categories...
[2026-07-23 15:07:55,951] INFO    - [indicators:305 ] - Successfully computed 59 indicator columns.
[2026-07-23 15:07:55,960] INFO    - [feature_store:55] - Successfully loaded 79 features for ADANIPOWER.NS | ticker=ADANIPOWER.NS
[2026-07-23 15:07:55,986] INFO    - [feature_store:142] - Saved Feature Store for ADANIPOWER.NS to storage/features\ADANIPOWER_NS.parquet | ticker=ADANIPOWER.NS
[2026-07-23 15:07:55,986] INFO    - [candlestick:169] - Computing price action returns and candlestick patterns...
[2026-07-23 15:07:56,042] INFO    - [candlestick:184] - Successfully computed 15 price action / pattern columns.
[2026-07-23 15:07:56,053] INFO    - [feature_store:55] - Successfully loaded 79 features for ADANIPOWER.NS | ticker=ADANIPOWER.NS
[2026-07-23 15:07:56,077] INFO    - [feature_store:142] - Saved Feature Store for ADANIPOWER.NS to storage/features\ADANIPOWER_NS.parquet | ticker=ADANIPOWER.NS
[2026-07-23 15:07:56,096] INFO    - [cache:123      ] - Cache HIT for ticker ^NSEI (1d) | ticker=^NSEI
[2026-07-23 15:07:56,103] INFO    - [cache:123      ] - Cache HIT for ticker ^NSEBANK (1d) | ticker=^NSEBANK
[2026-07-23 15:07:56,108] INFO    - [cache:123      ] - Cache HIT for ticker ^INDIAVIX (1d) | ticker=^INDIAVIX
[2026-07-23 15:07:56,115] INFO    - [cache:123      ] - Cache HIT for ticker ^NSEI (1d) | ticker=^NSEI
[2026-07-23 15:07:56,119] INFO    - [vix_analysis:42] - India VIX: 13.63 (Percentile: 68.0%, Regime: Normal)
[2026-07-23 15:07:56,174] INFO    - [chart_data:31  ] - Constructing client visualization payload...
[2026-07-23 15:07:56,249] WARNING - [gemini_client:43] - Gemini Client uninitialized (missing API Key). Routing to fallback generation.
[2026-07-23 15:07:56,251] INFO    - [gemini_client:184] - Generated graceful fallback report for ADANIPOWER.NS in 2.0ms
[2026-07-23 15:07:56,251] INFO    - [cache:68       ] - Cached new LLM analysis report for ADANIPOWER.NS (1d)
[2026-07-23 15:07:56,252] INFO    - [analysis:362   ] - Completed deterministic analysis for ADANIPOWER.NS in 436.3ms | ticker=ADANIPOWER.NS execution_time=436.32ms
[2026-07-23 15:07:56,254] WARNING - [market_opportunities:155] - Skipping ADANIPOWER.NS during opportunities scan: 'live_quote'
[2026-07-23 15:07:56,254] INFO    - [analysis:158   ] - Normalized ticker input: IOC.NS -> IOC.NS | ticker=IOC.NS
[2026-07-23 15:07:56,265] INFO    - [cache:123      ] - Cache HIT for ticker IOC.NS (1d) | ticker=IOC.NS
[2026-07-23 15:07:56,275] INFO    - [feature_store:55] - Successfully loaded 79 features for IOC.NS | ticker=IOC.NS
[2026-07-23 15:07:56,302] INFO    - [feature_store:142] - Saved Feature Store for IOC.NS to storage/features\IOC_NS.parquet | ticker=IOC.NS
[2026-07-23 15:07:56,303] INFO    - [indicators:289 ] - Computing technical indicators across all categories...
[2026-07-23 15:07:56,410] INFO    - [indicators:305 ] - Successfully computed 59 indicator columns.
[2026-07-23 15:07:56,420] INFO    - [feature_store:55] - Successfully loaded 79 features for IOC.NS | ticker=IOC.NS
[2026-07-23 15:07:56,448] INFO    - [feature_store:142] - Saved Feature Store for IOC.NS to storage/features\IOC_NS.parquet | ticker=IOC.NS
[2026-07-23 15:07:56,449] INFO    - [candlestick:169] - Computing price action returns and candlestick patterns...
[2026-07-23 15:07:56,499] INFO    - [candlestick:184] - Successfully computed 15 price action / pattern columns.
[2026-07-23 15:07:56,508] INFO    - [feature_store:55] - Successfully loaded 79 features for IOC.NS | ticker=IOC.NS
[2026-07-23 15:07:56,532] INFO    - [feature_store:142] - Saved Feature Store for IOC.NS to storage/features\IOC_NS.parquet | ticker=IOC.NS
[2026-07-23 15:07:56,553] INFO    - [cache:123      ] - Cache HIT for ticker ^NSEI (1d) | ticker=^NSEI
[2026-07-23 15:07:56,560] INFO    - [cache:123      ] - Cache HIT for ticker ^NSEBANK (1d) | ticker=^NSEBANK
[2026-07-23 15:07:56,566] INFO    - [cache:123      ] - Cache HIT for ticker ^INDIAVIX (1d) | ticker=^INDIAVIX
[2026-07-23 15:07:56,572] INFO    - [cache:123      ] - Cache HIT for ticker ^NSEI (1d) | ticker=^NSEI
[2026-07-23 15:07:56,575] INFO    - [vix_analysis:42] - India VIX: 13.63 (Percentile: 68.0%, Regime: Normal)
[2026-07-23 15:07:56,608] INFO    - [chart_data:31  ] - Constructing client visualization payload...
[2026-07-23 15:07:56,688] WARNING - [gemini_client:43] - Gemini Client uninitialized (missing API Key). Routing to fallback generation.
[2026-07-23 15:07:56,688] INFO    - [gemini_client:184] - Generated graceful fallback report for IOC.NS in 0.0ms
[2026-07-23 15:07:56,689] INFO    - [cache:68       ] - Cached new LLM analysis report for IOC.NS (1d)
[2026-07-23 15:07:56,690] INFO    - [analysis:362   ] - Completed deterministic analysis for IOC.NS in 432.2ms | ticker=IOC.NS execution_time=432.25ms
[2026-07-23 15:07:56,691] WARNING - [market_opportunities:155] - Skipping IOC.NS during opportunities scan: 'live_quote'
[2026-07-23 15:07:56,692] INFO    - [analysis:158   ] - Normalized ticker input: BEL.NS -> BEL.NS | ticker=BEL.NS
[2026-07-23 15:07:56,699] INFO    - [cache:123      ] - Cache HIT for ticker BEL.NS (1d) | ticker=BEL.NS
[2026-07-23 15:07:56,709] INFO    - [feature_store:55] - Successfully loaded 79 features for BEL.NS | ticker=BEL.NS
[2026-07-23 15:07:56,741] INFO    - [feature_store:142] - Saved Feature Store for BEL.NS to storage/features\BEL_NS.parquet | ticker=BEL.NS
[2026-07-23 15:07:56,742] INFO    - [indicators:289 ] - Computing technical indicators across all categories...
[2026-07-23 15:07:56,836] INFO    - [indicators:305 ] - Successfully computed 59 indicator columns.
[2026-07-23 15:07:56,846] INFO    - [feature_store:55] - Successfully loaded 79 features for BEL.NS | ticker=BEL.NS
[2026-07-23 15:07:56,871] INFO    - [feature_store:142] - Saved Feature Store for BEL.NS to storage/features\BEL_NS.parquet | ticker=BEL.NS
[2026-07-23 15:07:56,872] INFO    - [candlestick:169] - Computing price action returns and candlestick patterns...
[2026-07-23 15:07:56,934] INFO    - [candlestick:184] - Successfully computed 15 price action / pattern columns.
[2026-07-23 15:07:56,945] INFO    - [feature_store:55] - Successfully loaded 79 features for BEL.NS | ticker=BEL.NS
[2026-07-23 15:07:56,980] INFO    - [feature_store:142] - Saved Feature Store for BEL.NS to storage/features\BEL_NS.parquet | ticker=BEL.NS
[2026-07-23 15:07:57,009] INFO    - [cache:123      ] - Cache HIT for ticker ^NSEI (1d) | ticker=^NSEI
[2026-07-23 15:07:57,020] INFO    - [cache:123      ] - Cache HIT for ticker ^NSEBANK (1d) | ticker=^NSEBANK
[2026-07-23 15:07:57,028] INFO    - [cache:123      ] - Cache HIT for ticker ^INDIAVIX (1d) | ticker=^INDIAVIX
[2026-07-23 15:07:57,037] INFO    - [cache:123      ] - Cache HIT for ticker ^NSEI (1d) | ticker=^NSEI
[2026-07-23 15:07:57,040] INFO    - [vix_analysis:42] - India VIX: 13.63 (Percentile: 68.0%, Regime: Normal)
[2026-07-23 15:07:57,078] INFO    - [chart_data:31  ] - Constructing client visualization payload...
[2026-07-23 15:07:57,127] WARNING - [gemini_client:43] - Gemini Client uninitialized (missing API Key). Routing to fallback generation.
[2026-07-23 15:07:57,127] INFO    - [gemini_client:184] - Generated graceful fallback report for BEL.NS in 1.0ms
[2026-07-23 15:07:57,127] INFO    - [cache:68       ] - Cached new LLM analysis report for BEL.NS (1d)
[2026-07-23 15:07:57,128] INFO    - [analysis:362   ] - Completed deterministic analysis for BEL.NS in 434.6ms | ticker=BEL.NS execution_time=434.58ms
[2026-07-23 15:07:57,129] WARNING - [market_opportunities:155] - Skipping BEL.NS during opportunities scan: 'live_quote'
[2026-07-23 15:07:57,129] INFO    - [analysis:158   ] - Normalized ticker input: IRFC.NS -> IRFC.NS | ticker=IRFC.NS
[2026-07-23 15:07:57,137] INFO    - [cache:123      ] - Cache HIT for ticker IRFC.NS (1d) | ticker=IRFC.NS
[2026-07-23 15:07:57,147] INFO    - [feature_store:55] - Successfully loaded 79 features for IRFC.NS | ticker=IRFC.NS
[2026-07-23 15:07:57,173] INFO    - [feature_store:142] - Saved Feature Store for IRFC.NS to storage/features\IRFC_NS.parquet | ticker=IRFC.NS
[2026-07-23 15:07:57,175] INFO    - [indicators:289 ] - Computing technical indicators across all categories...
[2026-07-23 15:07:57,277] INFO    - [indicators:305 ] - Successfully computed 59 indicator columns.
[2026-07-23 15:07:57,287] INFO    - [feature_store:55] - Successfully loaded 79 features for IRFC.NS | ticker=IRFC.NS
[2026-07-23 15:07:57,311] INFO    - [feature_store:142] - Saved Feature Store for IRFC.NS to storage/features\IRFC_NS.parquet | ticker=IRFC.NS
[2026-07-23 15:07:57,312] INFO    - [candlestick:169] - Computing price action returns and candlestick patterns...
[2026-07-23 15:07:57,362] INFO    - [candlestick:184] - Successfully computed 15 price action / pattern columns.
[2026-07-23 15:07:57,371] INFO    - [feature_store:55] - Successfully loaded 79 features for IRFC.NS | ticker=IRFC.NS
[2026-07-23 15:07:57,404] INFO    - [feature_store:142] - Saved Feature Store for IRFC.NS to storage/features\IRFC_NS.parquet | ticker=IRFC.NS
[2026-07-23 15:07:57,424] INFO    - [cache:123      ] - Cache HIT for ticker ^NSEI (1d) | ticker=^NSEI
[2026-07-23 15:07:57,433] INFO    - [cache:123      ] - Cache HIT for ticker ^NSEBANK (1d) | ticker=^NSEBANK
[2026-07-23 15:07:57,439] INFO    - [cache:123      ] - Cache HIT for ticker ^INDIAVIX (1d) | ticker=^INDIAVIX
[2026-07-23 15:07:57,448] INFO    - [cache:123      ] - Cache HIT for ticker ^NSEI (1d) | ticker=^NSEI
[2026-07-23 15:07:57,451] INFO    - [vix_analysis:42] - India VIX: 13.63 (Percentile: 68.0%, Regime: Normal)
[2026-07-23 15:07:57,480] INFO    - [chart_data:31  ] - Constructing client visualization payload...
[2026-07-23 15:07:57,526] WARNING - [gemini_client:43] - Gemini Client uninitialized (missing API Key). Routing to fallback generation.
[2026-07-23 15:07:57,527] INFO    - [gemini_client:184] - Generated graceful fallback report for IRFC.NS in 1.0ms
[2026-07-23 15:07:57,527] INFO    - [cache:68       ] - Cached new LLM analysis report for IRFC.NS (1d)
[2026-07-23 15:07:57,528] INFO    - [analysis:362   ] - Completed deterministic analysis for IRFC.NS in 394.1ms | ticker=IRFC.NS execution_time=394.12ms
[2026-07-23 15:07:57,530] WARNING - [market_opportunities:155] - Skipping IRFC.NS during opportunities scan: 'live_quote'
[2026-07-23 15:07:57,531] INFO    - [analysis:158   ] - Normalized ticker input: PNB.NS -> PNB.NS | ticker=PNB.NS
[2026-07-23 15:07:57,539] INFO    - [cache:123      ] - Cache HIT for ticker PNB.NS (1d) | ticker=PNB.NS
[2026-07-23 15:07:57,553] INFO    - [feature_store:55] - Successfully loaded 79 features for PNB.NS | ticker=PNB.NS
[2026-07-23 15:07:57,586] INFO    - [feature_store:142] - Saved Feature Store for PNB.NS to storage/features\PNB_NS.parquet | ticker=PNB.NS
[2026-07-23 15:07:57,588] INFO    - [indicators:289 ] - Computing technical indicators across all categories...
[2026-07-23 15:07:57,675] INFO    - [indicators:305 ] - Successfully computed 59 indicator columns.
[2026-07-23 15:07:57,686] INFO    - [feature_store:55] - Successfully loaded 79 features for PNB.NS | ticker=PNB.NS
[2026-07-23 15:07:57,710] INFO    - [feature_store:142] - Saved Feature Store for PNB.NS to storage/features\PNB_NS.parquet | ticker=PNB.NS
[2026-07-23 15:07:57,711] INFO    - [candlestick:169] - Computing price action returns and candlestick patterns...
[2026-07-23 15:07:57,761] INFO    - [candlestick:184] - Successfully computed 15 price action / pattern columns.
[2026-07-23 15:07:57,771] INFO    - [feature_store:55] - Successfully loaded 79 features for PNB.NS | ticker=PNB.NS
[2026-07-23 15:07:57,801] INFO    - [feature_store:142] - Saved Feature Store for PNB.NS to storage/features\PNB_NS.parquet | ticker=PNB.NS
[2026-07-23 15:07:57,828] INFO    - [cache:123      ] - Cache HIT for ticker ^NSEI (1d) | ticker=^NSEI
[2026-07-23 15:07:57,838] INFO    - [cache:123      ] - Cache HIT for ticker ^NSEBANK (1d) | ticker=^NSEBANK
[2026-07-23 15:07:57,850] INFO    - [cache:123      ] - Cache HIT for ticker ^INDIAVIX (1d) | ticker=^INDIAVIX
[2026-07-23 15:07:57,857] INFO    - [cache:123      ] - Cache HIT for ticker ^NSEI (1d) | ticker=^NSEI
[2026-07-23 15:07:57,860] INFO    - [vix_analysis:42] - India VIX: 13.63 (Percentile: 68.0%, Regime: Normal)
[2026-07-23 15:07:57,894] INFO    - [chart_data:31  ] - Constructing client visualization payload...
[2026-07-23 15:07:57,952] WARNING - [gemini_client:43] - Gemini Client uninitialized (missing API Key). Routing to fallback generation.
[2026-07-23 15:07:57,953] INFO    - [gemini_client:184] - Generated graceful fallback report for PNB.NS in 1.0ms
[2026-07-23 15:07:57,953] INFO    - [cache:68       ] - Cached new LLM analysis report for PNB.NS (1d)
[2026-07-23 15:07:57,955] INFO    - [analysis:362   ] - Completed deterministic analysis for PNB.NS in 420.6ms | ticker=PNB.NS execution_time=420.63ms
[2026-07-23 15:07:57,957] WARNING - [market_opportunities:155] - Skipping PNB.NS during opportunities scan: 'live_quote'
[2026-07-23 15:07:57,958] INFO    - [analysis:158   ] - Normalized ticker input: DLF.NS -> DLF.NS | ticker=DLF.NS
[2026-07-23 15:07:57,970] INFO    - [cache:123      ] - Cache HIT for ticker DLF.NS (1d) | ticker=DLF.NS
[2026-07-23 15:07:57,983] INFO    - [feature_store:55] - Successfully loaded 79 features for DLF.NS | ticker=DLF.NS
[2026-07-23 15:07:58,015] INFO    - [feature_store:142] - Saved Feature Store for DLF.NS to storage/features\DLF_NS.parquet | ticker=DLF.NS
[2026-07-23 15:07:58,016] INFO    - [indicators:289 ] - Computing technical indicators across all categories...
[2026-07-23 15:07:58,217] INFO    - [indicators:305 ] - Successfully computed 59 indicator columns.
[2026-07-23 15:07:58,226] INFO    - [feature_store:55] - Successfully loaded 79 features for DLF.NS | ticker=DLF.NS
[2026-07-23 15:07:58,260] INFO    - [feature_store:142] - Saved Feature Store for DLF.NS to storage/features\DLF_NS.parquet | ticker=DLF.NS
[2026-07-23 15:07:58,261] INFO    - [candlestick:169] - Computing price action returns and candlestick patterns...
[2026-07-23 15:07:58,333] INFO    - [candlestick:184] - Successfully computed 15 price action / pattern columns.
[2026-07-23 15:07:58,345] INFO    - [feature_store:55] - Successfully loaded 79 features for DLF.NS | ticker=DLF.NS
[2026-07-23 15:07:58,386] INFO    - [feature_store:142] - Saved Feature Store for DLF.NS to storage/features\DLF_NS.parquet | ticker=DLF.NS
[2026-07-23 15:07:58,412] INFO    - [cache:123      ] - Cache HIT for ticker ^NSEI (1d) | ticker=^NSEI
[2026-07-23 15:07:58,422] INFO    - [cache:123      ] - Cache HIT for ticker ^NSEBANK (1d) | ticker=^NSEBANK
[2026-07-23 15:07:58,432] INFO    - [cache:123      ] - Cache HIT for ticker ^INDIAVIX (1d) | ticker=^INDIAVIX
[2026-07-23 15:07:58,450] INFO    - [cache:123      ] - Cache HIT for ticker ^NSEI (1d) | ticker=^NSEI
[2026-07-23 15:07:58,459] INFO    - [vix_analysis:42] - India VIX: 13.63 (Percentile: 68.0%, Regime: Normal)
[2026-07-23 15:07:58,513] INFO    - [chart_data:31  ] - Constructing client visualization payload...
[2026-07-23 15:07:58,624] WARNING - [gemini_client:43] - Gemini Client uninitialized (missing API Key). Routing to fallback generation.
[2026-07-23 15:07:58,625] INFO    - [gemini_client:184] - Generated graceful fallback report for DLF.NS in 1.0ms
[2026-07-23 15:07:58,626] INFO    - [cache:68       ] - Cached new LLM analysis report for DLF.NS (1d)
[2026-07-23 15:07:58,627] INFO    - [analysis:362   ] - Completed deterministic analysis for DLF.NS in 663.8ms | ticker=DLF.NS execution_time=663.83ms
[2026-07-23 15:07:58,629] WARNING - [market_opportunities:155] - Skipping DLF.NS during opportunities scan: 'live_quote'
[2026-07-23 15:07:58,643] ERROR   - [exceptions:56  ] - Unhandled system exception on /market/top-opportunities: can't compare offset-naive and offset-aware datetimes
[2026-07-23 15:08:14,182] INFO    - [analysis:158   ] - Normalized ticker input: RELIANCE -> RELIANCE.NS | ticker=RELIANCE.NS
[2026-07-23 15:08:14,240] INFO    - [feature_store:55] - Successfully loaded 79 features for RELIANCE.NS | ticker=RELIANCE.NS
[2026-07-23 15:08:14,290] INFO    - [feature_store:142] - Saved Feature Store for RELIANCE.NS to storage/features\RELIANCE_NS.parquet | ticker=RELIANCE.NS
[2026-07-23 15:08:14,291] INFO    - [indicators:289 ] - Computing technical indicators across all categories...
[2026-07-23 15:08:14,421] INFO    - [indicators:305 ] - Successfully computed 59 indicator columns.
[2026-07-23 15:08:14,438] INFO    - [feature_store:55] - Successfully loaded 79 features for RELIANCE.NS | ticker=RELIANCE.NS
[2026-07-23 15:08:14,486] INFO    - [feature_store:142] - Saved Feature Store for RELIANCE.NS to storage/features\RELIANCE_NS.parquet | ticker=RELIANCE.NS
[2026-07-23 15:08:14,488] INFO    - [candlestick:169] - Computing price action returns and candlestick patterns...
[2026-07-23 15:08:14,715] INFO    - [candlestick:184] - Successfully computed 15 price action / pattern columns.
[2026-07-23 15:08:14,729] INFO    - [feature_store:55] - Successfully loaded 79 features for RELIANCE.NS | ticker=RELIANCE.NS
[2026-07-23 15:08:14,771] INFO    - [feature_store:142] - Saved Feature Store for RELIANCE.NS to storage/features\RELIANCE_NS.parquet | ticker=RELIANCE.NS
[2026-07-23 15:08:14,835] INFO    - [vix_analysis:42] - India VIX: 15.00 (Percentile: 100.0%, Regime: Normal)
[2026-07-23 15:08:15,558] INFO    - [chart_data:31  ] - Constructing client visualization payload...
[2026-07-23 15:08:15,823] WARNING - [gemini_client:43] - Gemini Client uninitialized (missing API Key). Routing to fallback generation.
[2026-07-23 15:08:15,823] INFO    - [gemini_client:184] - Generated graceful fallback report for RELIANCE.NS in 0.0ms
[2026-07-23 15:08:15,824] INFO    - [cache:68       ] - Cached new LLM analysis report for RELIANCE.NS (1d)
[2026-07-23 15:08:15,827] INFO    - [analysis:362   ] - Completed deterministic analysis for RELIANCE.NS in 1635.1ms | ticker=RELIANCE.NS execution_time=1635.12ms
[2026-07-23 15:08:15,873] INFO    - [analysis:158   ] - Normalized ticker input: TCS.NS -> TCS.NS | ticker=TCS.NS
[2026-07-23 15:08:15,886] INFO    - [feature_store:55] - Successfully loaded 79 features for TCS.NS | ticker=TCS.NS
[2026-07-23 15:08:15,909] INFO    - [feature_store:142] - Saved Feature Store for TCS.NS to storage/features\TCS_NS.parquet | ticker=TCS.NS
[2026-07-23 15:08:15,910] INFO    - [indicators:289 ] - Computing technical indicators across all categories...
[2026-07-23 15:08:16,031] INFO    - [indicators:305 ] - Successfully computed 59 indicator columns.
[2026-07-23 15:08:16,044] INFO    - [feature_store:55] - Successfully loaded 79 features for TCS.NS | ticker=TCS.NS
[2026-07-23 15:08:16,064] INFO    - [feature_store:142] - Saved Feature Store for TCS.NS to storage/features\TCS_NS.parquet | ticker=TCS.NS
[2026-07-23 15:08:16,065] INFO    - [candlestick:169] - Computing price action returns and candlestick patterns...
[2026-07-23 15:08:16,143] INFO    - [candlestick:184] - Successfully computed 15 price action / pattern columns.
[2026-07-23 15:08:16,154] INFO    - [feature_store:55] - Successfully loaded 79 features for TCS.NS | ticker=TCS.NS
[2026-07-23 15:08:16,188] INFO    - [feature_store:142] - Saved Feature Store for TCS.NS to storage/features\TCS_NS.parquet | ticker=TCS.NS
[2026-07-23 15:08:16,209] INFO    - [vix_analysis:42] - India VIX: 15.00 (Percentile: 100.0%, Regime: Normal)
[2026-07-23 15:08:16,328] INFO    - [chart_data:31  ] - Constructing client visualization payload...
[2026-07-23 15:08:16,377] WARNING - [gemini_client:43] - Gemini Client uninitialized (missing API Key). Routing to fallback generation.
[2026-07-23 15:08:16,378] INFO    - [gemini_client:184] - Generated graceful fallback report for TCS.NS in 1.0ms
[2026-07-23 15:08:16,379] INFO    - [cache:68       ] - Cached new LLM analysis report for TCS.NS (1d)
[2026-07-23 15:08:16,379] INFO    - [analysis:362   ] - Completed deterministic analysis for TCS.NS in 503.5ms | ticker=TCS.NS execution_time=503.46ms
[2026-07-23 15:08:16,400] INFO    - [analysis:158   ] - Normalized ticker input: INV@LID -> INV@LID.NS | ticker=INV@LID.NS
[2026-07-23 15:08:16,401] ERROR   - [exceptions:44  ] - API Exception on /analyze/INV@LID: Invalid ticker symbol format: 'INV@LID'
[2026-07-23 15:08:16,412] INFO    - [analysis:158   ] - Normalized ticker input: INVALID_TICKER -> INVALID_TICKER.NS | ticker=INVALID_TICKER.NS
[2026-07-23 15:08:16,412] ERROR   - [exceptions:44  ] - API Exception on /analyze/INVALID_TICKER: Stock not found
[2026-07-23 15:08:16,427] INFO    - [analysis:158   ] - Normalized ticker input: RELIANCE.NS -> RELIANCE.NS | ticker=RELIANCE.NS
[2026-07-23 15:08:16,427] INFO    - [analysis:168   ] - Analysis cache HIT for RELIANCE.NS (1d)
[2026-07-23 15:08:17,036] INFO    - [analysis:158   ] - Normalized ticker input: TCS.NS -> TCS.NS | ticker=TCS.NS
[2026-07-23 15:08:17,036] INFO    - [analysis:168   ] - Analysis cache HIT for TCS.NS (1d)
[2026-07-23 15:08:17,217] ERROR   - [exceptions:44  ] - API Exception on /analyze: Maximum batch size exceeded. Please request at most 5 tickers at a time.
[2026-07-23 15:08:17,240] INFO    - [analysis:158   ] - Normalized ticker input: RELIANCE -> RELIANCE.NS | ticker=RELIANCE.NS
[2026-07-23 15:08:17,364] INFO    - [feature_store:55] - Successfully loaded 79 features for RELIANCE.NS | ticker=RELIANCE.NS
[2026-07-23 15:08:17,461] INFO    - [feature_store:142] - Saved Feature Store for RELIANCE.NS to storage/features\RELIANCE_NS.parquet | ticker=RELIANCE.NS
[2026-07-23 15:08:17,464] INFO    - [indicators:289 ] - Computing technical indicators across all categories...
[2026-07-23 15:08:17,646] INFO    - [indicators:305 ] - Successfully computed 59 indicator columns.
[2026-07-23 15:08:17,668] INFO    - [feature_store:55] - Successfully loaded 79 features for RELIANCE.NS | ticker=RELIANCE.NS
[2026-07-23 15:08:17,715] INFO    - [feature_store:142] - Saved Feature Store for RELIANCE.NS to storage/features\RELIANCE_NS.parquet | ticker=RELIANCE.NS
[2026-07-23 15:08:17,717] INFO    - [candlestick:169] - Computing price action returns and candlestick patterns...
[2026-07-23 15:08:17,949] INFO    - [candlestick:184] - Successfully computed 15 price action / pattern columns.
[2026-07-23 15:08:17,964] INFO    - [feature_store:55] - Successfully loaded 79 features for RELIANCE.NS | ticker=RELIANCE.NS
[2026-07-23 15:08:18,009] INFO    - [feature_store:142] - Saved Feature Store for RELIANCE.NS to storage/features\RELIANCE_NS.parquet | ticker=RELIANCE.NS
[2026-07-23 15:08:18,085] INFO    - [vix_analysis:42] - India VIX: 15.00 (Percentile: 100.0%, Regime: Normal)
[2026-07-23 15:08:18,624] INFO    - [chart_data:31  ] - Constructing client visualization payload...
[2026-07-23 15:08:18,822] WARNING - [gemini_client:43] - Gemini Client uninitialized (missing API Key). Routing to fallback generation.
[2026-07-23 15:08:18,822] INFO    - [gemini_client:184] - Generated graceful fallback report for RELIANCE.NS in 0.0ms
[2026-07-23 15:08:18,823] INFO    - [cache:68       ] - Cached new LLM analysis report for RELIANCE.NS (5m)
[2026-07-23 15:08:18,824] INFO    - [analysis:362   ] - Completed deterministic analysis for RELIANCE.NS in 1578.3ms | ticker=RELIANCE.NS execution_time=1578.28ms
[2026-07-23 15:08:18,866] INFO    - [cache:151      ] - Cached data saved for ticker TEST_STOCK (1d) | ticker=TEST_STOCK
[2026-07-23 15:08:18,873] INFO    - [cache:123      ] - Cache HIT for ticker TEST_STOCK (1d) | ticker=TEST_STOCK
[2026-07-23 15:08:18,883] INFO    - [cache:151      ] - Cached data saved for ticker TEST_VALIDITY (1d) | ticker=TEST_VALIDITY
[2026-07-23 15:08:18,917] INFO    - [downloader:73  ] - Successfully cleaned and validated data for TEST_TICKER. Rows: 4 | ticker=TEST_TICKER
[2026-07-23 15:08:18,922] INFO    - [downloader:103 ] - Downloading ticker data from yfinance: RELIANCE.NS (Interval: 1d, Period: 2y) | ticker=RELIANCE.NS
[2026-07-23 15:08:18,929] INFO    - [downloader:73  ] - Successfully cleaned and validated data for RELIANCE.NS. Rows: 3 | ticker=RELIANCE.NS
[2026-07-23 15:08:18,976] INFO    - [feature_store:142] - Saved Feature Store for RELIANCE_TEST to storage/test_features\RELIANCE_TEST.parquet | ticker=RELIANCE_TEST
[2026-07-23 15:08:18,982] INFO    - [feature_store:55] - Successfully loaded 2 features for RELIANCE_TEST | ticker=RELIANCE_TEST
[2026-07-23 15:08:18,990] INFO    - [feature_store:35] - No features Parquet file found for INFY_TEST at storage/test_features\INFY_TEST.parquet | ticker=INFY_TEST
[2026-07-23 15:08:18,992] INFO    - [feature_store:156] - Initializing new Feature Store for INFY_TEST during raw_ohlc | ticker=INFY_TEST
[2026-07-23 15:08:18,996] INFO    - [feature_store:142] - Saved Feature Store for INFY_TEST to storage/test_features\INFY_TEST.parquet | ticker=INFY_TEST
[2026-07-23 15:08:19,001] INFO    - [feature_store:55] - Successfully loaded 2 features for INFY_TEST | ticker=INFY_TEST
[2026-07-23 15:08:19,008] INFO    - [feature_store:142] - Saved Feature Store for INFY_TEST to storage/test_features\INFY_TEST.parquet | ticker=INFY_TEST
[2026-07-23 15:08:19,081] INFO    - [indicators:289 ] - Computing technical indicators across all categories...
[2026-07-23 15:08:19,220] INFO    - [indicators:305 ] - Successfully computed 53 indicator columns.
[2026-07-23 15:08:19,221] INFO    - [candlestick:169] - Computing price action returns and candlestick patterns...
[2026-07-23 15:08:19,259] INFO    - [candlestick:184] - Successfully computed 15 price action / pattern columns.
[2026-07-23 15:08:19,269] INFO    - [cache:68       ] - Cached new LLM analysis report for RELIANCE.NS (1d)
[2026-07-23 15:08:19,270] INFO    - [cache:51       ] - LLM cache HIT for RELIANCE.NS (1d)
[2026-07-23 15:08:19,270] INFO    - [cache:48       ] - LLM cache INVALIDATED for RELIANCE.NS (1d) due to quantitative change.
[2026-07-23 15:08:19,274] WARNING - [gemini_client:43] - Gemini Client uninitialized (missing API Key). Routing to fallback generation.
[2026-07-23 15:08:19,275] INFO    - [gemini_client:184] - Generated graceful fallback report for RELIANCE.NS in 0.6ms
[2026-07-23 15:08:19,283] INFO    - [market_downloader:28] - Market index cache miss for ^NSEI. Downloading... | ticker=^NSEI
[2026-07-23 15:08:19,287] INFO    - [cache:151      ] - Cached data saved for ticker ^NSEI (1d) | ticker=^NSEI
[2026-07-23 15:08:19,292] INFO    - [cache:123      ] - Cache HIT for ticker ^NSEI (1d) | ticker=^NSEI
[2026-07-23 15:08:19,323] INFO    - [analysis:158   ] - Normalized ticker input: RELIANCE.NS -> RELIANCE.NS | ticker=RELIANCE.NS
[2026-07-23 15:08:19,344] INFO    - [cache:123      ] - Cache HIT for ticker RELIANCE.NS (1h) | ticker=RELIANCE.NS
[2026-07-23 15:08:19,365] INFO    - [feature_store:55] - Successfully loaded 79 features for RELIANCE.NS | ticker=RELIANCE.NS
[2026-07-23 15:08:19,407] INFO    - [feature_store:142] - Saved Feature Store for RELIANCE.NS to storage/features\RELIANCE_NS.parquet | ticker=RELIANCE.NS
[2026-07-23 15:08:19,409] INFO    - [indicators:289 ] - Computing technical indicators across all categories...
[2026-07-23 15:08:19,565] INFO    - [indicators:305 ] - Successfully computed 59 indicator columns.
[2026-07-23 15:08:19,586] INFO    - [feature_store:55] - Successfully loaded 79 features for RELIANCE.NS | ticker=RELIANCE.NS
[2026-07-23 15:08:19,632] INFO    - [feature_store:142] - Saved Feature Store for RELIANCE.NS to storage/features\RELIANCE_NS.parquet | ticker=RELIANCE.NS
[2026-07-23 15:08:19,634] INFO    - [candlestick:169] - Computing price action returns and candlestick patterns...
[2026-07-23 15:08:19,863] INFO    - [candlestick:184] - Successfully computed 15 price action / pattern columns.
[2026-07-23 15:08:19,882] INFO    - [feature_store:55] - Successfully loaded 79 features for RELIANCE.NS | ticker=RELIANCE.NS
[2026-07-23 15:08:19,940] INFO    - [feature_store:142] - Saved Feature Store for RELIANCE.NS to storage/features\RELIANCE_NS.parquet | ticker=RELIANCE.NS
[2026-07-23 15:08:20,006] INFO    - [cache:123      ] - Cache HIT for ticker ^NSEI (1d) | ticker=^NSEI
[2026-07-23 15:08:20,032] INFO    - [cache:123      ] - Cache HIT for ticker ^NSEBANK (1d) | ticker=^NSEBANK
[2026-07-23 15:08:20,040] INFO    - [cache:123      ] - Cache HIT for ticker ^INDIAVIX (1d) | ticker=^INDIAVIX
[2026-07-23 15:08:20,048] INFO    - [cache:123      ] - Cache HIT for ticker ^CNXENERGY (1d) | ticker=^CNXENERGY
[2026-07-23 15:08:20,052] INFO    - [vix_analysis:42] - India VIX: 13.63 (Percentile: 68.0%, Regime: Normal)
[2026-07-23 15:08:20,374] INFO    - [chart_data:31  ] - Constructing client visualization payload...
[2026-07-23 15:08:20,556] WARNING - [gemini_client:43] - Gemini Client uninitialized (missing API Key). Routing to fallback generation.
[2026-07-23 15:08:20,557] INFO    - [gemini_client:184] - Generated graceful fallback report for RELIANCE.NS in 1.0ms
[2026-07-23 15:08:20,557] INFO    - [cache:68       ] - Cached new LLM analysis report for RELIANCE.NS (1h)
[2026-07-23 15:08:20,559] INFO    - [analysis:362   ] - Completed deterministic analysis for RELIANCE.NS in 1228.3ms | ticker=RELIANCE.NS execution_time=1228.26ms
[2026-07-23 15:08:20,639] INFO    - [analysis:158   ] - Normalized ticker input: RELIANCE.NS -> RELIANCE.NS | ticker=RELIANCE.NS
[2026-07-23 15:08:20,639] INFO    - [downloader:103 ] - Downloading ticker data from yfinance: RELIANCE.NS (Interval: invalid_tf, Period: 5y) | ticker=RELIANCE.NS
[2026-07-23 15:08:21,599] WARNING - [downloader:27  ] - Downloaded empty DataFrame for RELIANCE.NS | ticker=RELIANCE.NS
[2026-07-23 15:08:21,601] WARNING - [cache:132      ] - Attempted to cache empty DataFrame for RELIANCE.NS | ticker=RELIANCE.NS
[2026-07-23 15:08:21,601] ERROR   - [exceptions:44  ] - API Exception on /analyze/RELIANCE.NS: Stock not found
[2026-07-23 15:08:21,645] INFO    - [chart_data:31  ] - Constructing client visualization payload...
[2026-07-23 15:08:21,650] INFO    - [vix_analysis:42] - India VIX: 11.80 (Percentile: 66.7%, Regime: Low)
[2026-07-23 15:08:21,651] INFO    - [vix_analysis:42] - India VIX: 14.80 (Percentile: 66.7%, Regime: Normal)
[2026-07-23 15:08:21,652] INFO    - [vix_analysis:42] - India VIX: 22.00 (Percentile: 100.0%, Regime: Elevated)
[2026-07-23 15:08:21,653] INFO    - [vix_analysis:42] - India VIX: 29.50 (Percentile: 66.7%, Regime: Extreme)
[2026-07-23 15:08:21,677] INFO    - [chart_data:31  ] - Constructing client visualization payload...
[2026-07-23 15:08:21,718] INFO    - [market_opportunities:87] - Computing Top Opportunities across market watchlist...
[2026-07-23 15:08:21,719] INFO    - [analysis:158   ] - Normalized ticker input: RELIANCE.NS -> RELIANCE.NS | ticker=RELIANCE.NS
[2026-07-23 15:08:21,719] INFO    - [analysis:168   ] - Analysis cache HIT for RELIANCE.NS (1d)
[2026-07-23 15:08:21,720] INFO    - [analysis:158   ] - Normalized ticker input: TCS.NS -> TCS.NS | ticker=TCS.NS
[2026-07-23 15:08:21,720] INFO    - [analysis:168   ] - Analysis cache HIT for TCS.NS (1d)
[2026-07-23 15:08:21,721] INFO    - [analysis:158   ] - Normalized ticker input: INFY.NS -> INFY.NS | ticker=INFY.NS
[2026-07-23 15:08:21,728] INFO    - [cache:123      ] - Cache HIT for ticker INFY.NS (1d) | ticker=INFY.NS
[2026-07-23 15:08:21,774] INFO    - [feature_store:55] - Successfully loaded 79 features for INFY.NS | ticker=INFY.NS
[2026-07-23 15:08:21,820] INFO    - [feature_store:142] - Saved Feature Store for INFY.NS to storage/features\INFY_NS.parquet | ticker=INFY.NS
[2026-07-23 15:08:21,821] INFO    - [indicators:289 ] - Computing technical indicators across all categories...
[2026-07-23 15:08:22,022] INFO    - [indicators:305 ] - Successfully computed 59 indicator columns.
[2026-07-23 15:08:22,036] INFO    - [feature_store:55] - Successfully loaded 79 features for INFY.NS | ticker=INFY.NS
[2026-07-23 15:08:22,068] INFO    - [feature_store:142] - Saved Feature Store for INFY.NS to storage/features\INFY_NS.parquet | ticker=INFY.NS
[2026-07-23 15:08:22,069] INFO    - [candlestick:169] - Computing price action returns and candlestick patterns...
[2026-07-23 15:08:22,120] INFO    - [candlestick:184] - Successfully computed 15 price action / pattern columns.
[2026-07-23 15:08:22,131] INFO    - [feature_store:55] - Successfully loaded 79 features for INFY.NS | ticker=INFY.NS
[2026-07-23 15:08:22,158] INFO    - [feature_store:142] - Saved Feature Store for INFY.NS to storage/features\INFY_NS.parquet | ticker=INFY.NS
[2026-07-23 15:08:22,177] INFO    - [cache:123      ] - Cache HIT for ticker ^NSEI (1d) | ticker=^NSEI
[2026-07-23 15:08:22,184] INFO    - [cache:123      ] - Cache HIT for ticker ^NSEBANK (1d) | ticker=^NSEBANK
[2026-07-23 15:08:22,191] INFO    - [cache:123      ] - Cache HIT for ticker ^INDIAVIX (1d) | ticker=^INDIAVIX
[2026-07-23 15:08:22,198] INFO    - [cache:123      ] - Cache HIT for ticker ^CNXIT (1d) | ticker=^CNXIT
[2026-07-23 15:08:22,200] INFO    - [vix_analysis:42] - India VIX: 13.63 (Percentile: 68.0%, Regime: Normal)
[2026-07-23 15:08:22,239] INFO    - [chart_data:31  ] - Constructing client visualization payload...
[2026-07-23 15:08:22,288] WARNING - [gemini_client:43] - Gemini Client uninitialized (missing API Key). Routing to fallback generation.
[2026-07-23 15:08:22,288] INFO    - [gemini_client:184] - Generated graceful fallback report for INFY.NS in 0.0ms
[2026-07-23 15:08:22,289] INFO    - [cache:68       ] - Cached new LLM analysis report for INFY.NS (1d)
[2026-07-23 15:08:22,289] INFO    - [analysis:362   ] - Completed deterministic analysis for INFY.NS in 566.2ms | ticker=INFY.NS execution_time=566.25ms
[2026-07-23 15:08:22,291] WARNING - [market_opportunities:155] - Skipping INFY.NS during opportunities scan: 'live_quote'
[2026-07-23 15:08:22,291] INFO    - [analysis:158   ] - Normalized ticker input: HDFCBANK.NS -> HDFCBANK.NS | ticker=HDFCBANK.NS
[2026-07-23 15:08:22,298] INFO    - [cache:123      ] - Cache HIT for ticker HDFCBANK.NS (1d) | ticker=HDFCBANK.NS
[2026-07-23 15:08:22,310] INFO    - [feature_store:55] - Successfully loaded 79 features for HDFCBANK.NS | ticker=HDFCBANK.NS
[2026-07-23 15:08:22,335] INFO    - [feature_store:142] - Saved Feature Store for HDFCBANK.NS to storage/features\HDFCBANK_NS.parquet | ticker=HDFCBANK.NS
[2026-07-23 15:08:22,336] INFO    - [indicators:289 ] - Computing technical indicators across all categories...
[2026-07-23 15:08:22,429] INFO    - [indicators:305 ] - Successfully computed 59 indicator columns.
[2026-07-23 15:08:22,440] INFO    - [feature_store:55] - Successfully loaded 79 features for HDFCBANK.NS | ticker=HDFCBANK.NS
[2026-07-23 15:08:22,468] INFO    - [feature_store:142] - Saved Feature Store for HDFCBANK.NS to storage/features\HDFCBANK_NS.parquet | ticker=HDFCBANK.NS
[2026-07-23 15:08:22,469] INFO    - [candlestick:169] - Computing price action returns and candlestick patterns...
[2026-07-23 15:08:22,596] INFO    - [candlestick:184] - Successfully computed 15 price action / pattern columns.
[2026-07-23 15:08:22,614] INFO    - [feature_store:55] - Successfully loaded 79 features for HDFCBANK.NS | ticker=HDFCBANK.NS
[2026-07-23 15:08:22,664] INFO    - [feature_store:142] - Saved Feature Store for HDFCBANK.NS to storage/features\HDFCBANK_NS.parquet | ticker=HDFCBANK.NS
[2026-07-23 15:08:22,684] INFO    - [cache:123      ] - Cache HIT for ticker ^NSEI (1d) | ticker=^NSEI
[2026-07-23 15:08:22,690] INFO    - [cache:123      ] - Cache HIT for ticker ^NSEBANK (1d) | ticker=^NSEBANK
[2026-07-23 15:08:22,701] INFO    - [cache:123      ] - Cache HIT for ticker ^INDIAVIX (1d) | ticker=^INDIAVIX
[2026-07-23 15:08:22,710] INFO    - [cache:123      ] - Cache HIT for ticker ^NSEBANK (1d) | ticker=^NSEBANK
[2026-07-23 15:08:22,717] INFO    - [vix_analysis:42] - India VIX: 13.63 (Percentile: 68.0%, Regime: Normal)
[2026-07-23 15:08:22,767] INFO    - [chart_data:31  ] - Constructing client visualization payload...
[2026-07-23 15:08:22,833] WARNING - [gemini_client:43] - Gemini Client uninitialized (missing API Key). Routing to fallback generation.
[2026-07-23 15:08:22,834] INFO    - [gemini_client:184] - Generated graceful fallback report for HDFCBANK.NS in 1.0ms
[2026-07-23 15:08:22,835] INFO    - [cache:68       ] - Cached new LLM analysis report for HDFCBANK.NS (1d)
[2026-07-23 15:08:22,835] INFO    - [analysis:362   ] - Completed deterministic analysis for HDFCBANK.NS in 541.8ms | ticker=HDFCBANK.NS execution_time=541.79ms
[2026-07-23 15:08:22,836] WARNING - [market_opportunities:155] - Skipping HDFCBANK.NS during opportunities scan: 'live_quote'
[2026-07-23 15:08:22,837] INFO    - [analysis:158   ] - Normalized ticker input: ICICIBANK.NS -> ICICIBANK.NS | ticker=ICICIBANK.NS
[2026-07-23 15:08:22,846] INFO    - [cache:123      ] - Cache HIT for ticker ICICIBANK.NS (1d) | ticker=ICICIBANK.NS
[2026-07-23 15:08:22,857] INFO    - [feature_store:55] - Successfully loaded 79 features for ICICIBANK.NS | ticker=ICICIBANK.NS
[2026-07-23 15:08:22,884] INFO    - [feature_store:142] - Saved Feature Store for ICICIBANK.NS to storage/features\ICICIBANK_NS.parquet | ticker=ICICIBANK.NS
[2026-07-23 15:08:22,886] INFO    - [indicators:289 ] - Computing technical indicators across all categories...
[2026-07-23 15:08:23,006] INFO    - [indicators:305 ] - Successfully computed 59 indicator columns.
[2026-07-23 15:08:23,019] INFO    - [feature_store:55] - Successfully loaded 79 features for ICICIBANK.NS | ticker=ICICIBANK.NS
[2026-07-23 15:08:23,052] INFO    - [feature_store:142] - Saved Feature Store for ICICIBANK.NS to storage/features\ICICIBANK_NS.parquet | ticker=ICICIBANK.NS
[2026-07-23 15:08:23,053] INFO    - [candlestick:169] - Computing price action returns and candlestick patterns...
[2026-07-23 15:08:23,129] INFO    - [candlestick:184] - Successfully computed 15 price action / pattern columns.
[2026-07-23 15:08:23,140] INFO    - [feature_store:55] - Successfully loaded 79 features for ICICIBANK.NS | ticker=ICICIBANK.NS
[2026-07-23 15:08:23,171] INFO    - [feature_store:142] - Saved Feature Store for ICICIBANK.NS to storage/features\ICICIBANK_NS.parquet | ticker=ICICIBANK.NS
[2026-07-23 15:08:23,195] INFO    - [cache:123      ] - Cache HIT for ticker ^NSEI (1d) | ticker=^NSEI
[2026-07-23 15:08:23,202] INFO    - [cache:123      ] - Cache HIT for ticker ^NSEBANK (1d) | ticker=^NSEBANK
[2026-07-23 15:08:23,209] INFO    - [cache:123      ] - Cache HIT for ticker ^INDIAVIX (1d) | ticker=^INDIAVIX
[2026-07-23 15:08:23,216] INFO    - [cache:123      ] - Cache HIT for ticker ^NSEBANK (1d) | ticker=^NSEBANK
[2026-07-23 15:08:23,218] INFO    - [vix_analysis:42] - India VIX: 13.63 (Percentile: 68.0%, Regime: Normal)
[2026-07-23 15:08:23,263] INFO    - [chart_data:31  ] - Constructing client visualization payload...
[2026-07-23 15:08:23,323] WARNING - [gemini_client:43] - Gemini Client uninitialized (missing API Key). Routing to fallback generation.
[2026-07-23 15:08:23,324] INFO    - [gemini_client:184] - Generated graceful fallback report for ICICIBANK.NS in 1.0ms
[2026-07-23 15:08:23,325] INFO    - [cache:68       ] - Cached new LLM analysis report for ICICIBANK.NS (1d)
[2026-07-23 15:08:23,326] INFO    - [analysis:362   ] - Completed deterministic analysis for ICICIBANK.NS in 485.9ms | ticker=ICICIBANK.NS execution_time=485.85ms
[2026-07-23 15:08:23,329] WARNING - [market_opportunities:155] - Skipping ICICIBANK.NS during opportunities scan: 'live_quote'
[2026-07-23 15:08:23,330] INFO    - [analysis:158   ] - Normalized ticker input: SBIN.NS -> SBIN.NS | ticker=SBIN.NS
[2026-07-23 15:08:23,345] INFO    - [cache:123      ] - Cache HIT for ticker SBIN.NS (1d) | ticker=SBIN.NS
[2026-07-23 15:08:23,363] INFO    - [feature_store:55] - Successfully loaded 79 features for SBIN.NS | ticker=SBIN.NS
[2026-07-23 15:08:23,417] INFO    - [feature_store:142] - Saved Feature Store for SBIN.NS to storage/features\SBIN_NS.parquet | ticker=SBIN.NS
[2026-07-23 15:08:23,419] INFO    - [indicators:289 ] - Computing technical indicators across all categories...
[2026-07-23 15:08:23,580] INFO    - [indicators:305 ] - Successfully computed 59 indicator columns.
[2026-07-23 15:08:23,597] INFO    - [feature_store:55] - Successfully loaded 79 features for SBIN.NS | ticker=SBIN.NS
[2026-07-23 15:08:23,653] INFO    - [feature_store:142] - Saved Feature Store for SBIN.NS to storage/features\SBIN_NS.parquet | ticker=SBIN.NS
[2026-07-23 15:08:23,655] INFO    - [candlestick:169] - Computing price action returns and candlestick patterns...
[2026-07-23 15:08:23,712] INFO    - [candlestick:184] - Successfully computed 15 price action / pattern columns.
[2026-07-23 15:08:23,721] INFO    - [feature_store:55] - Successfully loaded 79 features for SBIN.NS | ticker=SBIN.NS
[2026-07-23 15:08:23,754] INFO    - [feature_store:142] - Saved Feature Store for SBIN.NS to storage/features\SBIN_NS.parquet | ticker=SBIN.NS
[2026-07-23 15:08:23,783] INFO    - [cache:123      ] - Cache HIT for ticker ^NSEI (1d) | ticker=^NSEI
[2026-07-23 15:08:23,795] INFO    - [cache:123      ] - Cache HIT for ticker ^NSEBANK (1d) | ticker=^NSEBANK
[2026-07-23 15:08:23,809] INFO    - [cache:123      ] - Cache HIT for ticker ^INDIAVIX (1d) | ticker=^INDIAVIX
[2026-07-23 15:08:23,818] INFO    - [cache:123      ] - Cache HIT for ticker ^NSEBANK (1d) | ticker=^NSEBANK
[2026-07-23 15:08:23,826] INFO    - [vix_analysis:42] - India VIX: 13.63 (Percentile: 68.0%, Regime: Normal)
[2026-07-23 15:08:23,864] INFO    - [chart_data:31  ] - Constructing client visualization payload...
[2026-07-23 15:08:23,921] WARNING - [gemini_client:43] - Gemini Client uninitialized (missing API Key). Routing to fallback generation.
[2026-07-23 15:08:23,921] INFO    - [gemini_client:184] - Generated graceful fallback report for SBIN.NS in 0.0ms
[2026-07-23 15:08:23,922] INFO    - [cache:68       ] - Cached new LLM analysis report for SBIN.NS (1d)
[2026-07-23 15:08:23,922] INFO    - [analysis:362   ] - Completed deterministic analysis for SBIN.NS in 588.4ms | ticker=SBIN.NS execution_time=588.35ms
[2026-07-23 15:08:23,925] WARNING - [market_opportunities:155] - Skipping SBIN.NS during opportunities scan: 'live_quote'
[2026-07-23 15:08:23,925] INFO    - [analysis:158   ] - Normalized ticker input: BHARTIARTL.NS -> BHARTIARTL.NS | ticker=BHARTIARTL.NS
[2026-07-23 15:08:23,933] INFO    - [cache:123      ] - Cache HIT for ticker BHARTIARTL.NS (1d) | ticker=BHARTIARTL.NS
[2026-07-23 15:08:23,947] INFO    - [feature_store:55] - Successfully loaded 79 features for BHARTIARTL.NS | ticker=BHARTIARTL.NS
[2026-07-23 15:08:23,980] INFO    - [feature_store:142] - Saved Feature Store for BHARTIARTL.NS to storage/features\BHARTIARTL_NS.parquet | ticker=BHARTIARTL.NS
[2026-07-23 15:08:23,981] INFO    - [indicators:289 ] - Computing technical indicators across all categories...
[2026-07-23 15:08:24,085] INFO    - [indicators:305 ] - Successfully computed 59 indicator columns.
[2026-07-23 15:08:24,095] INFO    - [feature_store:55] - Successfully loaded 79 features for BHARTIARTL.NS | ticker=BHARTIARTL.NS
[2026-07-23 15:08:24,120] INFO    - [feature_store:142] - Saved Feature Store for BHARTIARTL.NS to storage/features\BHARTIARTL_NS.parquet | ticker=BHARTIARTL.NS
[2026-07-23 15:08:24,121] INFO    - [candlestick:169] - Computing price action returns and candlestick patterns...
[2026-07-23 15:08:24,182] INFO    - [candlestick:184] - Successfully computed 15 price action / pattern columns.
[2026-07-23 15:08:24,192] INFO    - [feature_store:55] - Successfully loaded 79 features for BHARTIARTL.NS | ticker=BHARTIARTL.NS
[2026-07-23 15:08:24,218] INFO    - [feature_store:142] - Saved Feature Store for BHARTIARTL.NS to storage/features\BHARTIARTL_NS.parquet | ticker=BHARTIARTL.NS
[2026-07-23 15:08:24,237] INFO    - [cache:123      ] - Cache HIT for ticker ^NSEI (1d) | ticker=^NSEI
[2026-07-23 15:08:24,244] INFO    - [cache:123      ] - Cache HIT for ticker ^NSEBANK (1d) | ticker=^NSEBANK
[2026-07-23 15:08:24,251] INFO    - [cache:123      ] - Cache HIT for ticker ^INDIAVIX (1d) | ticker=^INDIAVIX
[2026-07-23 15:08:24,257] INFO    - [cache:123      ] - Cache HIT for ticker ^CNXREALTY (1d) | ticker=^CNXREALTY
[2026-07-23 15:08:24,260] INFO    - [vix_analysis:42] - India VIX: 13.63 (Percentile: 68.0%, Regime: Normal)
[2026-07-23 15:08:24,293] INFO    - [chart_data:31  ] - Constructing client visualization payload...
[2026-07-23 15:08:24,337] WARNING - [gemini_client:43] - Gemini Client uninitialized (missing API Key). Routing to fallback generation.
[2026-07-23 15:08:24,338] INFO    - [gemini_client:184] - Generated graceful fallback report for BHARTIARTL.NS in 1.0ms
[2026-07-23 15:08:24,338] INFO    - [cache:68       ] - Cached new LLM analysis report for BHARTIARTL.NS (1d)
[2026-07-23 15:08:24,339] INFO    - [analysis:362   ] - Completed deterministic analysis for BHARTIARTL.NS in 410.2ms | ticker=BHARTIARTL.NS execution_time=410.24ms
[2026-07-23 15:08:24,341] WARNING - [market_opportunities:155] - Skipping BHARTIARTL.NS during opportunities scan: 'live_quote'
[2026-07-23 15:08:24,342] INFO    - [analysis:158   ] - Normalized ticker input: LT.NS -> LT.NS | ticker=LT.NS
[2026-07-23 15:08:24,350] INFO    - [cache:123      ] - Cache HIT for ticker LT.NS (1d) | ticker=LT.NS
[2026-07-23 15:08:24,362] INFO    - [feature_store:55] - Successfully loaded 79 features for LT.NS | ticker=LT.NS
[2026-07-23 15:08:24,400] INFO    - [feature_store:142] - Saved Feature Store for LT.NS to storage/features\LT_NS.parquet | ticker=LT.NS
[2026-07-23 15:08:24,401] INFO    - [indicators:289 ] - Computing technical indicators across all categories...
[2026-07-23 15:08:24,500] INFO    - [indicators:305 ] - Successfully computed 59 indicator columns.
[2026-07-23 15:08:24,511] INFO    - [feature_store:55] - Successfully loaded 79 features for LT.NS | ticker=LT.NS
[2026-07-23 15:08:24,567] INFO    - [feature_store:142] - Saved Feature Store for LT.NS to storage/features\LT_NS.parquet | ticker=LT.NS
[2026-07-23 15:08:24,568] INFO    - [candlestick:169] - Computing price action returns and candlestick patterns...
[2026-07-23 15:08:24,679] INFO    - [candlestick:184] - Successfully computed 15 price action / pattern columns.
[2026-07-23 15:08:24,689] INFO    - [feature_store:55] - Successfully loaded 79 features for LT.NS | ticker=LT.NS
[2026-07-23 15:08:24,713] INFO    - [feature_store:142] - Saved Feature Store for LT.NS to storage/features\LT_NS.parquet | ticker=LT.NS
[2026-07-23 15:08:24,730] INFO    - [cache:123      ] - Cache HIT for ticker ^NSEI (1d) | ticker=^NSEI
[2026-07-23 15:08:24,735] INFO    - [cache:123      ] - Cache HIT for ticker ^NSEBANK (1d) | ticker=^NSEBANK
[2026-07-23 15:08:24,742] INFO    - [cache:123      ] - Cache HIT for ticker ^INDIAVIX (1d) | ticker=^INDIAVIX
[2026-07-23 15:08:24,753] INFO    - [cache:123      ] - Cache HIT for ticker ^CNXINFRA (1d) | ticker=^CNXINFRA
[2026-07-23 15:08:24,759] INFO    - [vix_analysis:42] - India VIX: 13.63 (Percentile: 68.0%, Regime: Normal)
[2026-07-23 15:08:24,809] INFO    - [chart_data:31  ] - Constructing client visualization payload...
[2026-07-23 15:08:24,859] WARNING - [gemini_client:43] - Gemini Client uninitialized (missing API Key). Routing to fallback generation.
[2026-07-23 15:08:24,860] INFO    - [gemini_client:184] - Generated graceful fallback report for LT.NS in 1.0ms
[2026-07-23 15:08:24,860] INFO    - [cache:68       ] - Cached new LLM analysis report for LT.NS (1d)
[2026-07-23 15:08:24,861] INFO    - [analysis:362   ] - Completed deterministic analysis for LT.NS in 516.8ms | ticker=LT.NS execution_time=516.78ms
[2026-07-23 15:08:24,863] WARNING - [market_opportunities:155] - Skipping LT.NS during opportunities scan: 'live_quote'
[2026-07-23 15:08:24,864] INFO    - [analysis:158   ] - Normalized ticker input: TMCV.NS -> TMCV.NS | ticker=TMCV.NS
[2026-07-23 15:08:24,871] INFO    - [cache:123      ] - Cache HIT for ticker TMCV.NS (1d) | ticker=TMCV.NS
[2026-07-23 15:08:24,871] WARNING - [market_opportunities:155] - Skipping TMCV.NS during opportunities scan: Insufficient historical data for 'TMCV.NS'. Required: at least 250 rows. Found: 175.
[2026-07-23 15:08:24,872] INFO    - [analysis:158   ] - Normalized ticker input: TATASTEEL.NS -> TATASTEEL.NS | ticker=TATASTEEL.NS
[2026-07-23 15:08:24,880] INFO    - [cache:123      ] - Cache HIT for ticker TATASTEEL.NS (1d) | ticker=TATASTEEL.NS
[2026-07-23 15:08:24,890] INFO    - [feature_store:55] - Successfully loaded 79 features for TATASTEEL.NS | ticker=TATASTEEL.NS
[2026-07-23 15:08:24,919] INFO    - [feature_store:142] - Saved Feature Store for TATASTEEL.NS to storage/features\TATASTEEL_NS.parquet | ticker=TATASTEEL.NS
[2026-07-23 15:08:24,920] INFO    - [indicators:289 ] - Computing technical indicators across all categories...
[2026-07-23 15:08:25,006] INFO    - [indicators:305 ] - Successfully computed 59 indicator columns.
[2026-07-23 15:08:25,017] INFO    - [feature_store:55] - Successfully loaded 79 features for TATASTEEL.NS | ticker=TATASTEEL.NS
[2026-07-23 15:08:25,055] INFO    - [feature_store:142] - Saved Feature Store for TATASTEEL.NS to storage/features\TATASTEEL_NS.parquet | ticker=TATASTEEL.NS
[2026-07-23 15:08:25,058] INFO    - [candlestick:169] - Computing price action returns and candlestick patterns...
[2026-07-23 15:08:25,106] INFO    - [candlestick:184] - Successfully computed 15 price action / pattern columns.
[2026-07-23 15:08:25,118] INFO    - [feature_store:55] - Successfully loaded 79 features for TATASTEEL.NS | ticker=TATASTEEL.NS
[2026-07-23 15:08:25,145] INFO    - [feature_store:142] - Saved Feature Store for TATASTEEL.NS to storage/features\TATASTEEL_NS.parquet | ticker=TATASTEEL.NS
[2026-07-23 15:08:25,166] INFO    - [cache:123      ] - Cache HIT for ticker ^NSEI (1d) | ticker=^NSEI
[2026-07-23 15:08:25,171] INFO    - [cache:123      ] - Cache HIT for ticker ^NSEBANK (1d) | ticker=^NSEBANK
[2026-07-23 15:08:25,180] INFO    - [cache:123      ] - Cache HIT for ticker ^INDIAVIX (1d) | ticker=^INDIAVIX
[2026-07-23 15:08:25,191] INFO    - [cache:123      ] - Cache HIT for ticker ^NSEI (1d) | ticker=^NSEI
[2026-07-23 15:08:25,195] INFO    - [vix_analysis:42] - India VIX: 13.63 (Percentile: 68.0%, Regime: Normal)
[2026-07-23 15:08:25,224] INFO    - [chart_data:31  ] - Constructing client visualization payload...
[2026-07-23 15:08:25,267] WARNING - [gemini_client:43] - Gemini Client uninitialized (missing API Key). Routing to fallback generation.
[2026-07-23 15:08:25,280] INFO    - [gemini_client:184] - Generated graceful fallback report for TATASTEEL.NS in 12.5ms
[2026-07-23 15:08:25,280] INFO    - [cache:68       ] - Cached new LLM analysis report for TATASTEEL.NS (1d)
[2026-07-23 15:08:25,281] INFO    - [analysis:362   ] - Completed deterministic analysis for TATASTEEL.NS in 394.1ms | ticker=TATASTEEL.NS execution_time=394.09ms
[2026-07-23 15:08:25,283] WARNING - [market_opportunities:155] - Skipping TATASTEEL.NS during opportunities scan: 'live_quote'
[2026-07-23 15:08:25,283] INFO    - [analysis:158   ] - Normalized ticker input: TATAPOWER.NS -> TATAPOWER.NS | ticker=TATAPOWER.NS
[2026-07-23 15:08:25,291] INFO    - [cache:123      ] - Cache HIT for ticker TATAPOWER.NS (1d) | ticker=TATAPOWER.NS
[2026-07-23 15:08:25,301] INFO    - [feature_store:55] - Successfully loaded 79 features for TATAPOWER.NS | ticker=TATAPOWER.NS
[2026-07-23 15:08:25,329] INFO    - [feature_store:142] - Saved Feature Store for TATAPOWER.NS to storage/features\TATAPOWER_NS.parquet | ticker=TATAPOWER.NS
[2026-07-23 15:08:25,330] INFO    - [indicators:289 ] - Computing technical indicators across all categories...
[2026-07-23 15:08:25,435] INFO    - [indicators:305 ] - Successfully computed 59 indicator columns.
[2026-07-23 15:08:25,455] INFO    - [feature_store:55] - Successfully loaded 79 features for TATAPOWER.NS | ticker=TATAPOWER.NS
[2026-07-23 15:08:25,499] INFO    - [feature_store:142] - Saved Feature Store for TATAPOWER.NS to storage/features\TATAPOWER_NS.parquet | ticker=TATAPOWER.NS
[2026-07-23 15:08:25,500] INFO    - [candlestick:169] - Computing price action returns and candlestick patterns...
[2026-07-23 15:08:25,549] INFO    - [candlestick:184] - Successfully computed 15 price action / pattern columns.
[2026-07-23 15:08:25,558] INFO    - [feature_store:55] - Successfully loaded 79 features for TATAPOWER.NS | ticker=TATAPOWER.NS
[2026-07-23 15:08:25,586] INFO    - [feature_store:142] - Saved Feature Store for TATAPOWER.NS to storage/features\TATAPOWER_NS.parquet | ticker=TATAPOWER.NS
[2026-07-23 15:08:25,607] INFO    - [cache:123      ] - Cache HIT for ticker ^NSEI (1d) | ticker=^NSEI
[2026-07-23 15:08:25,614] INFO    - [cache:123      ] - Cache HIT for ticker ^NSEBANK (1d) | ticker=^NSEBANK
[2026-07-23 15:08:25,620] INFO    - [cache:123      ] - Cache HIT for ticker ^INDIAVIX (1d) | ticker=^INDIAVIX
[2026-07-23 15:08:25,628] INFO    - [cache:123      ] - Cache HIT for ticker ^NSEI (1d) | ticker=^NSEI
[2026-07-23 15:08:25,631] INFO    - [vix_analysis:42] - India VIX: 13.63 (Percentile: 68.0%, Regime: Normal)
[2026-07-23 15:08:25,665] INFO    - [chart_data:31  ] - Constructing client visualization payload...
[2026-07-23 15:08:25,711] WARNING - [gemini_client:43] - Gemini Client uninitialized (missing API Key). Routing to fallback generation.
[2026-07-23 15:08:25,711] INFO    - [gemini_client:184] - Generated graceful fallback report for TATAPOWER.NS in 0.0ms
[2026-07-23 15:08:25,712] INFO    - [cache:68       ] - Cached new LLM analysis report for TATAPOWER.NS (1d)
[2026-07-23 15:08:25,713] INFO    - [analysis:362   ] - Completed deterministic analysis for TATAPOWER.NS in 426.9ms | ticker=TATAPOWER.NS execution_time=426.94ms
[2026-07-23 15:08:25,714] WARNING - [market_opportunities:155] - Skipping TATAPOWER.NS during opportunities scan: 'live_quote'
[2026-07-23 15:08:25,714] INFO    - [analysis:158   ] - Normalized ticker input: TITAN.NS -> TITAN.NS | ticker=TITAN.NS
[2026-07-23 15:08:25,721] INFO    - [cache:123      ] - Cache HIT for ticker TITAN.NS (1d) | ticker=TITAN.NS
[2026-07-23 15:08:25,733] INFO    - [feature_store:55] - Successfully loaded 79 features for TITAN.NS | ticker=TITAN.NS
[2026-07-23 15:08:25,765] INFO    - [feature_store:142] - Saved Feature Store for TITAN.NS to storage/features\TITAN_NS.parquet | ticker=TITAN.NS
[2026-07-23 15:08:25,766] INFO    - [indicators:289 ] - Computing technical indicators across all categories...
[2026-07-23 15:08:25,876] INFO    - [indicators:305 ] - Successfully computed 59 indicator columns.
[2026-07-23 15:08:25,884] INFO    - [feature_store:55] - Successfully loaded 79 features for TITAN.NS | ticker=TITAN.NS
[2026-07-23 15:08:25,915] INFO    - [feature_store:142] - Saved Feature Store for TITAN.NS to storage/features\TITAN_NS.parquet | ticker=TITAN.NS
[2026-07-23 15:08:25,916] INFO    - [candlestick:169] - Computing price action returns and candlestick patterns...
[2026-07-23 15:08:25,966] INFO    - [candlestick:184] - Successfully computed 15 price action / pattern columns.
[2026-07-23 15:08:25,976] INFO    - [feature_store:55] - Successfully loaded 79 features for TITAN.NS | ticker=TITAN.NS
[2026-07-23 15:08:26,013] INFO    - [feature_store:142] - Saved Feature Store for TITAN.NS to storage/features\TITAN_NS.parquet | ticker=TITAN.NS
[2026-07-23 15:08:26,031] INFO    - [cache:123      ] - Cache HIT for ticker ^NSEI (1d) | ticker=^NSEI
[2026-07-23 15:08:26,037] INFO    - [cache:123      ] - Cache HIT for ticker ^NSEBANK (1d) | ticker=^NSEBANK
[2026-07-23 15:08:26,045] INFO    - [cache:123      ] - Cache HIT for ticker ^INDIAVIX (1d) | ticker=^INDIAVIX
[2026-07-23 15:08:26,051] INFO    - [cache:123      ] - Cache HIT for ticker ^NSEI (1d) | ticker=^NSEI
[2026-07-23 15:08:26,054] INFO    - [vix_analysis:42] - India VIX: 13.63 (Percentile: 68.0%, Regime: Normal)
[2026-07-23 15:08:26,087] INFO    - [chart_data:31  ] - Constructing client visualization payload...
[2026-07-23 15:08:26,132] WARNING - [gemini_client:43] - Gemini Client uninitialized (missing API Key). Routing to fallback generation.
[2026-07-23 15:08:26,132] INFO    - [gemini_client:184] - Generated graceful fallback report for TITAN.NS in 0.0ms
[2026-07-23 15:08:26,133] INFO    - [cache:68       ] - Cached new LLM analysis report for TITAN.NS (1d)
[2026-07-23 15:08:26,133] INFO    - [analysis:362   ] - Completed deterministic analysis for TITAN.NS in 415.0ms | ticker=TITAN.NS execution_time=415.04ms
[2026-07-23 15:08:26,135] WARNING - [market_opportunities:155] - Skipping TITAN.NS during opportunities scan: 'live_quote'
[2026-07-23 15:08:26,135] INFO    - [analysis:158   ] - Normalized ticker input: TECHM.NS -> TECHM.NS | ticker=TECHM.NS
[2026-07-23 15:08:26,143] INFO    - [cache:123      ] - Cache HIT for ticker TECHM.NS (1d) | ticker=TECHM.NS
[2026-07-23 15:08:26,153] INFO    - [feature_store:55] - Successfully loaded 79 features for TECHM.NS | ticker=TECHM.NS
[2026-07-23 15:08:26,181] INFO    - [feature_store:142] - Saved Feature Store for TECHM.NS to storage/features\TECHM_NS.parquet | ticker=TECHM.NS
[2026-07-23 15:08:26,182] INFO    - [indicators:289 ] - Computing technical indicators across all categories...
[2026-07-23 15:08:26,273] INFO    - [indicators:305 ] - Successfully computed 59 indicator columns.
[2026-07-23 15:08:26,283] INFO    - [feature_store:55] - Successfully loaded 79 features for TECHM.NS | ticker=TECHM.NS
[2026-07-23 15:08:26,310] INFO    - [feature_store:142] - Saved Feature Store for TECHM.NS to storage/features\TECHM_NS.parquet | ticker=TECHM.NS
[2026-07-23 15:08:26,311] INFO    - [candlestick:169] - Computing price action returns and candlestick patterns...
[2026-07-23 15:08:26,359] INFO    - [candlestick:184] - Successfully computed 15 price action / pattern columns.
[2026-07-23 15:08:26,369] INFO    - [feature_store:55] - Successfully loaded 79 features for TECHM.NS | ticker=TECHM.NS
[2026-07-23 15:08:26,397] INFO    - [feature_store:142] - Saved Feature Store for TECHM.NS to storage/features\TECHM_NS.parquet | ticker=TECHM.NS
[2026-07-23 15:08:26,415] INFO    - [cache:123      ] - Cache HIT for ticker ^NSEI (1d) | ticker=^NSEI
[2026-07-23 15:08:26,421] INFO    - [cache:123      ] - Cache HIT for ticker ^NSEBANK (1d) | ticker=^NSEBANK
[2026-07-23 15:08:26,428] INFO    - [cache:123      ] - Cache HIT for ticker ^INDIAVIX (1d) | ticker=^INDIAVIX
[2026-07-23 15:08:26,434] INFO    - [cache:123      ] - Cache HIT for ticker ^NSEI (1d) | ticker=^NSEI
[2026-07-23 15:08:26,437] INFO    - [vix_analysis:42] - India VIX: 13.63 (Percentile: 68.0%, Regime: Normal)
[2026-07-23 15:08:26,468] INFO    - [chart_data:31  ] - Constructing client visualization payload...
[2026-07-23 15:08:26,513] WARNING - [gemini_client:43] - Gemini Client uninitialized (missing API Key). Routing to fallback generation.
[2026-07-23 15:08:26,513] INFO    - [gemini_client:184] - Generated graceful fallback report for TECHM.NS in 0.0ms
[2026-07-23 15:08:26,513] INFO    - [cache:68       ] - Cached new LLM analysis report for TECHM.NS (1d)
[2026-07-23 15:08:26,515] INFO    - [analysis:362   ] - Completed deterministic analysis for TECHM.NS in 377.2ms | ticker=TECHM.NS execution_time=377.25ms
[2026-07-23 15:08:26,518] WARNING - [market_opportunities:155] - Skipping TECHM.NS during opportunities scan: 'live_quote'
[2026-07-23 15:08:26,519] INFO    - [analysis:158   ] - Normalized ticker input: RVNL.NS -> RVNL.NS | ticker=RVNL.NS
[2026-07-23 15:08:26,530] INFO    - [cache:123      ] - Cache HIT for ticker RVNL.NS (1d) | ticker=RVNL.NS
[2026-07-23 15:08:26,546] INFO    - [feature_store:55] - Successfully loaded 79 features for RVNL.NS | ticker=RVNL.NS
[2026-07-23 15:08:26,587] INFO    - [feature_store:142] - Saved Feature Store for RVNL.NS to storage/features\RVNL_NS.parquet | ticker=RVNL.NS
[2026-07-23 15:08:26,589] INFO    - [indicators:289 ] - Computing technical indicators across all categories...
[2026-07-23 15:08:26,693] INFO    - [indicators:305 ] - Successfully computed 59 indicator columns.
[2026-07-23 15:08:26,702] INFO    - [feature_store:55] - Successfully loaded 79 features for RVNL.NS | ticker=RVNL.NS
[2026-07-23 15:08:26,727] INFO    - [feature_store:142] - Saved Feature Store for RVNL.NS to storage/features\RVNL_NS.parquet | ticker=RVNL.NS
[2026-07-23 15:08:26,728] INFO    - [candlestick:169] - Computing price action returns and candlestick patterns...
[2026-07-23 15:08:26,776] INFO    - [candlestick:184] - Successfully computed 15 price action / pattern columns.
[2026-07-23 15:08:26,785] INFO    - [feature_store:55] - Successfully loaded 79 features for RVNL.NS | ticker=RVNL.NS
[2026-07-23 15:08:26,815] INFO    - [feature_store:142] - Saved Feature Store for RVNL.NS to storage/features\RVNL_NS.parquet | ticker=RVNL.NS
[2026-07-23 15:08:26,836] INFO    - [cache:123      ] - Cache HIT for ticker ^NSEI (1d) | ticker=^NSEI
[2026-07-23 15:08:26,843] INFO    - [cache:123      ] - Cache HIT for ticker ^NSEBANK (1d) | ticker=^NSEBANK
[2026-07-23 15:08:26,849] INFO    - [cache:123      ] - Cache HIT for ticker ^INDIAVIX (1d) | ticker=^INDIAVIX
[2026-07-23 15:08:26,856] INFO    - [cache:123      ] - Cache HIT for ticker ^NSEI (1d) | ticker=^NSEI
[2026-07-23 15:08:26,860] INFO    - [vix_analysis:42] - India VIX: 13.63 (Percentile: 68.0%, Regime: Normal)
[2026-07-23 15:08:26,892] INFO    - [chart_data:31  ] - Constructing client visualization payload...
[2026-07-23 15:08:26,942] WARNING - [gemini_client:43] - Gemini Client uninitialized (missing API Key). Routing to fallback generation.
[2026-07-23 15:08:26,943] INFO    - [gemini_client:184] - Generated graceful fallback report for RVNL.NS in 1.0ms
[2026-07-23 15:08:26,944] INFO    - [cache:68       ] - Cached new LLM analysis report for RVNL.NS (1d)
[2026-07-23 15:08:26,944] INFO    - [analysis:362   ] - Completed deterministic analysis for RVNL.NS in 421.1ms | ticker=RVNL.NS execution_time=421.12ms
[2026-07-23 15:08:26,946] WARNING - [market_opportunities:155] - Skipping RVNL.NS during opportunities scan: 'live_quote'
[2026-07-23 15:08:26,947] INFO    - [analysis:158   ] - Normalized ticker input: RBLBANK.NS -> RBLBANK.NS | ticker=RBLBANK.NS
[2026-07-23 15:08:26,959] INFO    - [cache:123      ] - Cache HIT for ticker RBLBANK.NS (1d) | ticker=RBLBANK.NS
[2026-07-23 15:08:26,968] INFO    - [feature_store:55] - Successfully loaded 79 features for RBLBANK.NS | ticker=RBLBANK.NS
[2026-07-23 15:08:27,000] INFO    - [feature_store:142] - Saved Feature Store for RBLBANK.NS to storage/features\RBLBANK_NS.parquet | ticker=RBLBANK.NS
[2026-07-23 15:08:27,001] INFO    - [indicators:289 ] - Computing technical indicators across all categories...
[2026-07-23 15:08:27,125] INFO    - [indicators:305 ] - Successfully computed 59 indicator columns.
[2026-07-23 15:08:27,146] INFO    - [feature_store:55] - Successfully loaded 79 features for RBLBANK.NS | ticker=RBLBANK.NS
[2026-07-23 15:08:27,196] INFO    - [feature_store:142] - Saved Feature Store for RBLBANK.NS to storage/features\RBLBANK_NS.parquet | ticker=RBLBANK.NS
[2026-07-23 15:08:27,196] INFO    - [candlestick:169] - Computing price action returns and candlestick patterns...
[2026-07-23 15:08:27,246] INFO    - [candlestick:184] - Successfully computed 15 price action / pattern columns.
[2026-07-23 15:08:27,256] INFO    - [feature_store:55] - Successfully loaded 79 features for RBLBANK.NS | ticker=RBLBANK.NS
[2026-07-23 15:08:27,286] INFO    - [feature_store:142] - Saved Feature Store for RBLBANK.NS to storage/features\RBLBANK_NS.parquet | ticker=RBLBANK.NS
[2026-07-23 15:08:27,315] INFO    - [cache:123      ] - Cache HIT for ticker ^NSEI (1d) | ticker=^NSEI
[2026-07-23 15:08:27,321] INFO    - [cache:123      ] - Cache HIT for ticker ^NSEBANK (1d) | ticker=^NSEBANK
[2026-07-23 15:08:27,329] INFO    - [cache:123      ] - Cache HIT for ticker ^INDIAVIX (1d) | ticker=^INDIAVIX
[2026-07-23 15:08:27,335] INFO    - [cache:123      ] - Cache HIT for ticker ^NSEI (1d) | ticker=^NSEI
[2026-07-23 15:08:27,339] INFO    - [vix_analysis:42] - India VIX: 13.63 (Percentile: 68.0%, Regime: Normal)
[2026-07-23 15:08:27,367] INFO    - [chart_data:31  ] - Constructing client visualization payload...
[2026-07-23 15:08:27,416] WARNING - [gemini_client:43] - Gemini Client uninitialized (missing API Key). Routing to fallback generation.
[2026-07-23 15:08:27,417] INFO    - [gemini_client:184] - Generated graceful fallback report for RBLBANK.NS in 0.0ms
[2026-07-23 15:08:27,417] INFO    - [cache:68       ] - Cached new LLM analysis report for RBLBANK.NS (1d)
[2026-07-23 15:08:27,418] INFO    - [analysis:362   ] - Completed deterministic analysis for RBLBANK.NS in 468.0ms | ticker=RBLBANK.NS execution_time=468.00ms
[2026-07-23 15:08:27,419] WARNING - [market_opportunities:155] - Skipping RBLBANK.NS during opportunities scan: 'live_quote'
[2026-07-23 15:08:27,420] INFO    - [analysis:158   ] - Normalized ticker input: RAIN.NS -> RAIN.NS | ticker=RAIN.NS
[2026-07-23 15:08:27,428] INFO    - [cache:123      ] - Cache HIT for ticker RAIN.NS (1d) | ticker=RAIN.NS
[2026-07-23 15:08:27,440] INFO    - [feature_store:55] - Successfully loaded 79 features for RAIN.NS | ticker=RAIN.NS
[2026-07-23 15:08:27,468] INFO    - [feature_store:142] - Saved Feature Store for RAIN.NS to storage/features\RAIN_NS.parquet | ticker=RAIN.NS
[2026-07-23 15:08:27,469] INFO    - [indicators:289 ] - Computing technical indicators across all categories...
[2026-07-23 15:08:27,562] INFO    - [indicators:305 ] - Successfully computed 59 indicator columns.
[2026-07-23 15:08:27,571] INFO    - [feature_store:55] - Successfully loaded 79 features for RAIN.NS | ticker=RAIN.NS
[2026-07-23 15:08:27,601] INFO    - [feature_store:142] - Saved Feature Store for RAIN.NS to storage/features\RAIN_NS.parquet | ticker=RAIN.NS
[2026-07-23 15:08:27,602] INFO    - [candlestick:169] - Computing price action returns and candlestick patterns...
[2026-07-23 15:08:27,652] INFO    - [candlestick:184] - Successfully computed 15 price action / pattern columns.
[2026-07-23 15:08:27,662] INFO    - [feature_store:55] - Successfully loaded 79 features for RAIN.NS | ticker=RAIN.NS
[2026-07-23 15:08:27,685] INFO    - [feature_store:142] - Saved Feature Store for RAIN.NS to storage/features\RAIN_NS.parquet | ticker=RAIN.NS
[2026-07-23 15:08:27,705] INFO    - [cache:123      ] - Cache HIT for ticker ^NSEI (1d) | ticker=^NSEI
[2026-07-23 15:08:27,714] INFO    - [cache:123      ] - Cache HIT for ticker ^NSEBANK (1d) | ticker=^NSEBANK
[2026-07-23 15:08:27,723] INFO    - [cache:123      ] - Cache HIT for ticker ^INDIAVIX (1d) | ticker=^INDIAVIX
[2026-07-23 15:08:27,730] INFO    - [cache:123      ] - Cache HIT for ticker ^NSEI (1d) | ticker=^NSEI
[2026-07-23 15:08:27,733] INFO    - [vix_analysis:42] - India VIX: 13.63 (Percentile: 68.0%, Regime: Normal)
[2026-07-23 15:08:27,775] INFO    - [chart_data:31  ] - Constructing client visualization payload...
[2026-07-23 15:08:27,826] WARNING - [gemini_client:43] - Gemini Client uninitialized (missing API Key). Routing to fallback generation.
[2026-07-23 15:08:27,826] INFO    - [gemini_client:184] - Generated graceful fallback report for RAIN.NS in 0.0ms
[2026-07-23 15:08:27,827] INFO    - [cache:68       ] - Cached new LLM analysis report for RAIN.NS (1d)
[2026-07-23 15:08:27,828] INFO    - [analysis:362   ] - Completed deterministic analysis for RAIN.NS in 403.6ms | ticker=RAIN.NS execution_time=403.60ms
[2026-07-23 15:08:27,830] WARNING - [market_opportunities:155] - Skipping RAIN.NS during opportunities scan: 'live_quote'
[2026-07-23 15:08:27,830] INFO    - [analysis:158   ] - Normalized ticker input: RAMCOCEM.NS -> RAMCOCEM.NS | ticker=RAMCOCEM.NS
[2026-07-23 15:08:27,837] INFO    - [cache:123      ] - Cache HIT for ticker RAMCOCEM.NS (1d) | ticker=RAMCOCEM.NS
[2026-07-23 15:08:27,848] INFO    - [feature_store:55] - Successfully loaded 79 features for RAMCOCEM.NS | ticker=RAMCOCEM.NS
[2026-07-23 15:08:27,877] INFO    - [feature_store:142] - Saved Feature Store for RAMCOCEM.NS to storage/features\RAMCOCEM_NS.parquet | ticker=RAMCOCEM.NS
[2026-07-23 15:08:27,878] INFO    - [indicators:289 ] - Computing technical indicators across all categories...
[2026-07-23 15:08:27,983] INFO    - [indicators:305 ] - Successfully computed 59 indicator columns.
[2026-07-23 15:08:28,025] INFO    - [feature_store:55] - Successfully loaded 79 features for RAMCOCEM.NS | ticker=RAMCOCEM.NS
[2026-07-23 15:08:28,050] INFO    - [feature_store:142] - Saved Feature Store for RAMCOCEM.NS to storage/features\RAMCOCEM_NS.parquet | ticker=RAMCOCEM.NS
[2026-07-23 15:08:28,051] INFO    - [candlestick:169] - Computing price action returns and candlestick patterns...
[2026-07-23 15:08:28,106] INFO    - [candlestick:184] - Successfully computed 15 price action / pattern columns.
[2026-07-23 15:08:28,116] INFO    - [feature_store:55] - Successfully loaded 79 features for RAMCOCEM.NS | ticker=RAMCOCEM.NS
[2026-07-23 15:08:28,142] INFO    - [feature_store:142] - Saved Feature Store for RAMCOCEM.NS to storage/features\RAMCOCEM_NS.parquet | ticker=RAMCOCEM.NS
[2026-07-23 15:08:28,160] INFO    - [cache:123      ] - Cache HIT for ticker ^NSEI (1d) | ticker=^NSEI
[2026-07-23 15:08:28,166] INFO    - [cache:123      ] - Cache HIT for ticker ^NSEBANK (1d) | ticker=^NSEBANK
[2026-07-23 15:08:28,175] INFO    - [cache:123      ] - Cache HIT for ticker ^INDIAVIX (1d) | ticker=^INDIAVIX
[2026-07-23 15:08:28,184] INFO    - [cache:123      ] - Cache HIT for ticker ^NSEI (1d) | ticker=^NSEI
[2026-07-23 15:08:28,188] INFO    - [vix_analysis:42] - India VIX: 13.63 (Percentile: 68.0%, Regime: Normal)
[2026-07-23 15:08:28,223] INFO    - [chart_data:31  ] - Constructing client visualization payload...
[2026-07-23 15:08:28,267] WARNING - [gemini_client:43] - Gemini Client uninitialized (missing API Key). Routing to fallback generation.
[2026-07-23 15:08:28,269] INFO    - [gemini_client:184] - Generated graceful fallback report for RAMCOCEM.NS in 1.0ms
[2026-07-23 15:08:28,269] INFO    - [cache:68       ] - Cached new LLM analysis report for RAMCOCEM.NS (1d)
[2026-07-23 15:08:28,271] INFO    - [analysis:362   ] - Completed deterministic analysis for RAMCOCEM.NS in 435.8ms | ticker=RAMCOCEM.NS execution_time=435.77ms
[2026-07-23 15:08:28,273] WARNING - [market_opportunities:155] - Skipping RAMCOCEM.NS during opportunities scan: 'live_quote'
[2026-07-23 15:08:28,273] INFO    - [analysis:158   ] - Normalized ticker input: RECLTD.NS -> RECLTD.NS | ticker=RECLTD.NS
[2026-07-23 15:08:28,281] INFO    - [cache:123      ] - Cache HIT for ticker RECLTD.NS (1d) | ticker=RECLTD.NS
[2026-07-23 15:08:28,291] INFO    - [feature_store:55] - Successfully loaded 79 features for RECLTD.NS | ticker=RECLTD.NS
[2026-07-23 15:08:28,321] INFO    - [feature_store:142] - Saved Feature Store for RECLTD.NS to storage/features\RECLTD_NS.parquet | ticker=RECLTD.NS
[2026-07-23 15:08:28,322] INFO    - [indicators:289 ] - Computing technical indicators across all categories...
[2026-07-23 15:08:28,417] INFO    - [indicators:305 ] - Successfully computed 59 indicator columns.
[2026-07-23 15:08:28,428] INFO    - [feature_store:55] - Successfully loaded 79 features for RECLTD.NS | ticker=RECLTD.NS
[2026-07-23 15:08:28,459] INFO    - [feature_store:142] - Saved Feature Store for RECLTD.NS to storage/features\RECLTD_NS.parquet | ticker=RECLTD.NS
[2026-07-23 15:08:28,459] INFO    - [candlestick:169] - Computing price action returns and candlestick patterns...
[2026-07-23 15:08:28,516] INFO    - [candlestick:184] - Successfully computed 15 price action / pattern columns.
[2026-07-23 15:08:28,525] INFO    - [feature_store:55] - Successfully loaded 79 features for RECLTD.NS | ticker=RECLTD.NS
[2026-07-23 15:08:28,550] INFO    - [feature_store:142] - Saved Feature Store for RECLTD.NS to storage/features\RECLTD_NS.parquet | ticker=RECLTD.NS
[2026-07-23 15:08:28,576] INFO    - [cache:123      ] - Cache HIT for ticker ^NSEI (1d) | ticker=^NSEI
[2026-07-23 15:08:28,587] INFO    - [cache:123      ] - Cache HIT for ticker ^NSEBANK (1d) | ticker=^NSEBANK
[2026-07-23 15:08:28,596] INFO    - [cache:123      ] - Cache HIT for ticker ^INDIAVIX (1d) | ticker=^INDIAVIX
[2026-07-23 15:08:28,602] INFO    - [cache:123      ] - Cache HIT for ticker ^NSEI (1d) | ticker=^NSEI
[2026-07-23 15:08:28,606] INFO    - [vix_analysis:42] - India VIX: 13.63 (Percentile: 68.0%, Regime: Normal)
[2026-07-23 15:08:28,643] INFO    - [chart_data:31  ] - Constructing client visualization payload...
[2026-07-23 15:08:28,695] WARNING - [gemini_client:43] - Gemini Client uninitialized (missing API Key). Routing to fallback generation.
[2026-07-23 15:08:28,696] INFO    - [gemini_client:184] - Generated graceful fallback report for RECLTD.NS in 1.0ms
[2026-07-23 15:08:28,696] INFO    - [cache:68       ] - Cached new LLM analysis report for RECLTD.NS (1d)
[2026-07-23 15:08:28,697] INFO    - [analysis:362   ] - Completed deterministic analysis for RECLTD.NS in 420.1ms | ticker=RECLTD.NS execution_time=420.14ms
[2026-07-23 15:08:28,699] WARNING - [market_opportunities:155] - Skipping RECLTD.NS during opportunities scan: 'live_quote'
[2026-07-23 15:08:28,700] INFO    - [analysis:158   ] - Normalized ticker input: INOXWIND.NS -> INOXWIND.NS | ticker=INOXWIND.NS
[2026-07-23 15:08:28,712] INFO    - [cache:123      ] - Cache HIT for ticker INOXWIND.NS (1d) | ticker=INOXWIND.NS
[2026-07-23 15:08:28,723] INFO    - [feature_store:55] - Successfully loaded 79 features for INOXWIND.NS | ticker=INOXWIND.NS
[2026-07-23 15:08:28,750] INFO    - [feature_store:142] - Saved Feature Store for INOXWIND.NS to storage/features\INOXWIND_NS.parquet | ticker=INOXWIND.NS
[2026-07-23 15:08:28,751] INFO    - [indicators:289 ] - Computing technical indicators across all categories...
[2026-07-23 15:08:28,850] INFO    - [indicators:305 ] - Successfully computed 59 indicator columns.
[2026-07-23 15:08:28,861] INFO    - [feature_store:55] - Successfully loaded 79 features for INOXWIND.NS | ticker=INOXWIND.NS
[2026-07-23 15:08:28,885] INFO    - [feature_store:142] - Saved Feature Store for INOXWIND.NS to storage/features\INOXWIND_NS.parquet | ticker=INOXWIND.NS
[2026-07-23 15:08:28,886] INFO    - [candlestick:169] - Computing price action returns and candlestick patterns...
[2026-07-23 15:08:28,945] INFO    - [candlestick:184] - Successfully computed 15 price action / pattern columns.
[2026-07-23 15:08:28,956] INFO    - [feature_store:55] - Successfully loaded 79 features for INOXWIND.NS | ticker=INOXWIND.NS
[2026-07-23 15:08:28,983] INFO    - [feature_store:142] - Saved Feature Store for INOXWIND.NS to storage/features\INOXWIND_NS.parquet | ticker=INOXWIND.NS
[2026-07-23 15:08:29,006] INFO    - [cache:123      ] - Cache HIT for ticker ^NSEI (1d) | ticker=^NSEI
[2026-07-23 15:08:29,014] INFO    - [cache:123      ] - Cache HIT for ticker ^NSEBANK (1d) | ticker=^NSEBANK
[2026-07-23 15:08:29,021] INFO    - [cache:123      ] - Cache HIT for ticker ^INDIAVIX (1d) | ticker=^INDIAVIX
[2026-07-23 15:08:29,029] INFO    - [cache:123      ] - Cache HIT for ticker ^NSEI (1d) | ticker=^NSEI
[2026-07-23 15:08:29,031] INFO    - [vix_analysis:42] - India VIX: 13.63 (Percentile: 68.0%, Regime: Normal)
[2026-07-23 15:08:29,064] INFO    - [chart_data:31  ] - Constructing client visualization payload...
[2026-07-23 15:08:29,118] WARNING - [gemini_client:43] - Gemini Client uninitialized (missing API Key). Routing to fallback generation.
[2026-07-23 15:08:29,120] INFO    - [gemini_client:184] - Generated graceful fallback report for INOXWIND.NS in 2.0ms
[2026-07-23 15:08:29,121] INFO    - [cache:68       ] - Cached new LLM analysis report for INOXWIND.NS (1d)
[2026-07-23 15:08:29,123] INFO    - [analysis:362   ] - Completed deterministic analysis for INOXWIND.NS in 415.9ms | ticker=INOXWIND.NS execution_time=415.89ms
[2026-07-23 15:08:29,124] WARNING - [market_opportunities:155] - Skipping INOXWIND.NS during opportunities scan: 'live_quote'
[2026-07-23 15:08:29,125] INFO    - [analysis:158   ] - Normalized ticker input: INDIGO.NS -> INDIGO.NS | ticker=INDIGO.NS
[2026-07-23 15:08:29,135] INFO    - [cache:123      ] - Cache HIT for ticker INDIGO.NS (1d) | ticker=INDIGO.NS
[2026-07-23 15:08:29,149] INFO    - [feature_store:55] - Successfully loaded 79 features for INDIGO.NS | ticker=INDIGO.NS
[2026-07-23 15:08:29,190] INFO    - [feature_store:142] - Saved Feature Store for INDIGO.NS to storage/features\INDIGO_NS.parquet | ticker=INDIGO.NS
[2026-07-23 15:08:29,191] INFO    - [indicators:289 ] - Computing technical indicators across all categories...
[2026-07-23 15:08:29,293] INFO    - [indicators:305 ] - Successfully computed 59 indicator columns.
[2026-07-23 15:08:29,304] INFO    - [feature_store:55] - Successfully loaded 79 features for INDIGO.NS | ticker=INDIGO.NS
[2026-07-23 15:08:29,334] INFO    - [feature_store:142] - Saved Feature Store for INDIGO.NS to storage/features\INDIGO_NS.parquet | ticker=INDIGO.NS
[2026-07-23 15:08:29,335] INFO    - [candlestick:169] - Computing price action returns and candlestick patterns...
[2026-07-23 15:08:29,390] INFO    - [candlestick:184] - Successfully computed 15 price action / pattern columns.
[2026-07-23 15:08:29,402] INFO    - [feature_store:55] - Successfully loaded 79 features for INDIGO.NS | ticker=INDIGO.NS
[2026-07-23 15:08:29,434] INFO    - [feature_store:142] - Saved Feature Store for INDIGO.NS to storage/features\INDIGO_NS.parquet | ticker=INDIGO.NS
[2026-07-23 15:08:29,456] INFO    - [cache:123      ] - Cache HIT for ticker ^NSEI (1d) | ticker=^NSEI
[2026-07-23 15:08:29,463] INFO    - [cache:123      ] - Cache HIT for ticker ^NSEBANK (1d) | ticker=^NSEBANK
[2026-07-23 15:08:29,470] INFO    - [cache:123      ] - Cache HIT for ticker ^INDIAVIX (1d) | ticker=^INDIAVIX
[2026-07-23 15:08:29,478] INFO    - [cache:123      ] - Cache HIT for ticker ^NSEI (1d) | ticker=^NSEI
[2026-07-23 15:08:29,480] INFO    - [vix_analysis:42] - India VIX: 13.63 (Percentile: 68.0%, Regime: Normal)
[2026-07-23 15:08:29,511] INFO    - [chart_data:31  ] - Constructing client visualization payload...
[2026-07-23 15:08:29,564] WARNING - [gemini_client:43] - Gemini Client uninitialized (missing API Key). Routing to fallback generation.
[2026-07-23 15:08:29,565] INFO    - [gemini_client:184] - Generated graceful fallback report for INDIGO.NS in 1.0ms
[2026-07-23 15:08:29,565] INFO    - [cache:68       ] - Cached new LLM analysis report for INDIGO.NS (1d)
[2026-07-23 15:08:29,566] INFO    - [analysis:362   ] - Completed deterministic analysis for INDIGO.NS in 437.8ms | ticker=INDIGO.NS execution_time=437.78ms
[2026-07-23 15:08:29,567] WARNING - [market_opportunities:155] - Skipping INDIGO.NS during opportunities scan: 'live_quote'
[2026-07-23 15:08:29,568] INFO    - [analysis:158   ] - Normalized ticker input: INDUSTOWER.NS -> INDUSTOWER.NS | ticker=INDUSTOWER.NS
[2026-07-23 15:08:29,576] INFO    - [cache:123      ] - Cache HIT for ticker INDUSTOWER.NS (1d) | ticker=INDUSTOWER.NS
[2026-07-23 15:08:29,589] INFO    - [feature_store:55] - Successfully loaded 79 features for INDUSTOWER.NS | ticker=INDUSTOWER.NS
[2026-07-23 15:08:29,613] INFO    - [feature_store:142] - Saved Feature Store for INDUSTOWER.NS to storage/features\INDUSTOWER_NS.parquet | ticker=INDUSTOWER.NS
[2026-07-23 15:08:29,614] INFO    - [indicators:289 ] - Computing technical indicators across all categories...
[2026-07-23 15:08:29,730] INFO    - [indicators:305 ] - Successfully computed 59 indicator columns.
[2026-07-23 15:08:29,740] INFO    - [feature_store:55] - Successfully loaded 79 features for INDUSTOWER.NS | ticker=INDUSTOWER.NS
[2026-07-23 15:08:29,776] INFO    - [feature_store:142] - Saved Feature Store for INDUSTOWER.NS to storage/features\INDUSTOWER_NS.parquet | ticker=INDUSTOWER.NS
[2026-07-23 15:08:29,777] INFO    - [candlestick:169] - Computing price action returns and candlestick patterns...
[2026-07-23 15:08:29,839] INFO    - [candlestick:184] - Successfully computed 15 price action / pattern columns.
[2026-07-23 15:08:29,848] INFO    - [feature_store:55] - Successfully loaded 79 features for INDUSTOWER.NS | ticker=INDUSTOWER.NS
[2026-07-23 15:08:29,879] INFO    - [feature_store:142] - Saved Feature Store for INDUSTOWER.NS to storage/features\INDUSTOWER_NS.parquet | ticker=INDUSTOWER.NS
[2026-07-23 15:08:29,900] INFO    - [cache:123      ] - Cache HIT for ticker ^NSEI (1d) | ticker=^NSEI
[2026-07-23 15:08:29,909] INFO    - [cache:123      ] - Cache HIT for ticker ^NSEBANK (1d) | ticker=^NSEBANK
[2026-07-23 15:08:29,918] INFO    - [cache:123      ] - Cache HIT for ticker ^INDIAVIX (1d) | ticker=^INDIAVIX
[2026-07-23 15:08:29,924] INFO    - [cache:123      ] - Cache HIT for ticker ^NSEI (1d) | ticker=^NSEI
[2026-07-23 15:08:29,928] INFO    - [vix_analysis:42] - India VIX: 13.63 (Percentile: 68.0%, Regime: Normal)
[2026-07-23 15:08:29,958] INFO    - [chart_data:31  ] - Constructing client visualization payload...
[2026-07-23 15:08:30,023] WARNING - [gemini_client:43] - Gemini Client uninitialized (missing API Key). Routing to fallback generation.
[2026-07-23 15:08:30,024] INFO    - [gemini_client:184] - Generated graceful fallback report for INDUSTOWER.NS in 0.0ms
[2026-07-23 15:08:30,024] INFO    - [cache:68       ] - Cached new LLM analysis report for INDUSTOWER.NS (1d)
[2026-07-23 15:08:30,025] INFO    - [analysis:362   ] - Completed deterministic analysis for INDUSTOWER.NS in 454.1ms | ticker=INDUSTOWER.NS execution_time=454.07ms
[2026-07-23 15:08:30,027] WARNING - [market_opportunities:155] - Skipping INDUSTOWER.NS during opportunities scan: 'live_quote'
[2026-07-23 15:08:30,027] INFO    - [analysis:158   ] - Normalized ticker input: WIPRO.NS -> WIPRO.NS | ticker=WIPRO.NS
[2026-07-23 15:08:30,034] INFO    - [cache:123      ] - Cache HIT for ticker WIPRO.NS (1d) | ticker=WIPRO.NS
[2026-07-23 15:08:30,046] INFO    - [feature_store:55] - Successfully loaded 79 features for WIPRO.NS | ticker=WIPRO.NS
[2026-07-23 15:08:30,075] INFO    - [feature_store:142] - Saved Feature Store for WIPRO.NS to storage/features\WIPRO_NS.parquet | ticker=WIPRO.NS
[2026-07-23 15:08:30,076] INFO    - [indicators:289 ] - Computing technical indicators across all categories...
[2026-07-23 15:08:30,263] INFO    - [indicators:305 ] - Successfully computed 59 indicator columns.
[2026-07-23 15:08:30,275] INFO    - [feature_store:55] - Successfully loaded 79 features for WIPRO.NS | ticker=WIPRO.NS
[2026-07-23 15:08:30,300] INFO    - [feature_store:142] - Saved Feature Store for WIPRO.NS to storage/features\WIPRO_NS.parquet | ticker=WIPRO.NS
[2026-07-23 15:08:30,301] INFO    - [candlestick:169] - Computing price action returns and candlestick patterns...
[2026-07-23 15:08:30,354] INFO    - [candlestick:184] - Successfully computed 15 price action / pattern columns.
[2026-07-23 15:08:30,362] INFO    - [feature_store:55] - Successfully loaded 79 features for WIPRO.NS | ticker=WIPRO.NS
[2026-07-23 15:08:30,388] INFO    - [feature_store:142] - Saved Feature Store for WIPRO.NS to storage/features\WIPRO_NS.parquet | ticker=WIPRO.NS
[2026-07-23 15:08:30,408] INFO    - [cache:123      ] - Cache HIT for ticker ^NSEI (1d) | ticker=^NSEI
[2026-07-23 15:08:30,415] INFO    - [cache:123      ] - Cache HIT for ticker ^NSEBANK (1d) | ticker=^NSEBANK
[2026-07-23 15:08:30,422] INFO    - [cache:123      ] - Cache HIT for ticker ^INDIAVIX (1d) | ticker=^INDIAVIX
[2026-07-23 15:08:30,429] INFO    - [cache:123      ] - Cache HIT for ticker ^NSEI (1d) | ticker=^NSEI
[2026-07-23 15:08:30,432] INFO    - [vix_analysis:42] - India VIX: 13.63 (Percentile: 68.0%, Regime: Normal)
[2026-07-23 15:08:30,462] INFO    - [chart_data:31  ] - Constructing client visualization payload...
[2026-07-23 15:08:30,514] WARNING - [gemini_client:43] - Gemini Client uninitialized (missing API Key). Routing to fallback generation.
[2026-07-23 15:08:30,514] INFO    - [gemini_client:184] - Generated graceful fallback report for WIPRO.NS in 0.0ms
[2026-07-23 15:08:30,515] INFO    - [cache:68       ] - Cached new LLM analysis report for WIPRO.NS (1d)
[2026-07-23 15:08:30,516] INFO    - [analysis:362   ] - Completed deterministic analysis for WIPRO.NS in 484.7ms | ticker=WIPRO.NS execution_time=484.67ms
[2026-07-23 15:08:30,518] WARNING - [market_opportunities:155] - Skipping WIPRO.NS during opportunities scan: 'live_quote'
[2026-07-23 15:08:30,519] INFO    - [analysis:158   ] - Normalized ticker input: ITC.NS -> ITC.NS | ticker=ITC.NS
[2026-07-23 15:08:30,529] INFO    - [cache:123      ] - Cache HIT for ticker ITC.NS (1d) | ticker=ITC.NS
[2026-07-23 15:08:30,539] INFO    - [feature_store:55] - Successfully loaded 79 features for ITC.NS | ticker=ITC.NS
[2026-07-23 15:08:30,564] INFO    - [feature_store:142] - Saved Feature Store for ITC.NS to storage/features\ITC_NS.parquet | ticker=ITC.NS
[2026-07-23 15:08:30,565] INFO    - [indicators:289 ] - Computing technical indicators across all categories...
[2026-07-23 15:08:30,655] INFO    - [indicators:305 ] - Successfully computed 59 indicator columns.
[2026-07-23 15:08:30,663] INFO    - [feature_store:55] - Successfully loaded 79 features for ITC.NS | ticker=ITC.NS
[2026-07-23 15:08:30,692] INFO    - [feature_store:142] - Saved Feature Store for ITC.NS to storage/features\ITC_NS.parquet | ticker=ITC.NS
[2026-07-23 15:08:30,692] INFO    - [candlestick:169] - Computing price action returns and candlestick patterns...
[2026-07-23 15:08:30,756] INFO    - [candlestick:184] - Successfully computed 15 price action / pattern columns.
[2026-07-23 15:08:30,769] INFO    - [feature_store:55] - Successfully loaded 79 features for ITC.NS | ticker=ITC.NS
[2026-07-23 15:08:30,796] INFO    - [feature_store:142] - Saved Feature Store for ITC.NS to storage/features\ITC_NS.parquet | ticker=ITC.NS
[2026-07-23 15:08:30,818] INFO    - [cache:123      ] - Cache HIT for ticker ^NSEI (1d) | ticker=^NSEI
[2026-07-23 15:08:30,827] INFO    - [cache:123      ] - Cache HIT for ticker ^NSEBANK (1d) | ticker=^NSEBANK
[2026-07-23 15:08:30,834] INFO    - [cache:123      ] - Cache HIT for ticker ^INDIAVIX (1d) | ticker=^INDIAVIX
[2026-07-23 15:08:30,842] INFO    - [cache:123      ] - Cache HIT for ticker ^CNXFMCG (1d) | ticker=^CNXFMCG
[2026-07-23 15:08:30,844] INFO    - [vix_analysis:42] - India VIX: 13.63 (Percentile: 68.0%, Regime: Normal)
[2026-07-23 15:08:30,876] INFO    - [chart_data:31  ] - Constructing client visualization payload...
[2026-07-23 15:08:30,927] WARNING - [gemini_client:43] - Gemini Client uninitialized (missing API Key). Routing to fallback generation.
[2026-07-23 15:08:30,928] INFO    - [gemini_client:184] - Generated graceful fallback report for ITC.NS in 1.0ms
[2026-07-23 15:08:30,928] INFO    - [cache:68       ] - Cached new LLM analysis report for ITC.NS (1d)
[2026-07-23 15:08:30,929] INFO    - [analysis:362   ] - Completed deterministic analysis for ITC.NS in 405.9ms | ticker=ITC.NS execution_time=405.88ms
[2026-07-23 15:08:30,932] WARNING - [market_opportunities:155] - Skipping ITC.NS during opportunities scan: 'live_quote'
[2026-07-23 15:08:30,932] INFO    - [analysis:158   ] - Normalized ticker input: HINDUNILVR.NS -> HINDUNILVR.NS | ticker=HINDUNILVR.NS
[2026-07-23 15:08:30,941] INFO    - [cache:123      ] - Cache HIT for ticker HINDUNILVR.NS (1d) | ticker=HINDUNILVR.NS
[2026-07-23 15:08:30,950] INFO    - [feature_store:55] - Successfully loaded 79 features for HINDUNILVR.NS | ticker=HINDUNILVR.NS
[2026-07-23 15:08:30,978] INFO    - [feature_store:142] - Saved Feature Store for HINDUNILVR.NS to storage/features\HINDUNILVR_NS.parquet | ticker=HINDUNILVR.NS
[2026-07-23 15:08:30,978] INFO    - [indicators:289 ] - Computing technical indicators across all categories...
[2026-07-23 15:08:31,071] INFO    - [indicators:305 ] - Successfully computed 59 indicator columns.
[2026-07-23 15:08:31,080] INFO    - [feature_store:55] - Successfully loaded 79 features for HINDUNILVR.NS | ticker=HINDUNILVR.NS
[2026-07-23 15:08:31,113] INFO    - [feature_store:142] - Saved Feature Store for HINDUNILVR.NS to storage/features\HINDUNILVR_NS.parquet | ticker=HINDUNILVR.NS
[2026-07-23 15:08:31,114] INFO    - [candlestick:169] - Computing price action returns and candlestick patterns...
[2026-07-23 15:08:31,166] INFO    - [candlestick:184] - Successfully computed 15 price action / pattern columns.
[2026-07-23 15:08:31,176] INFO    - [feature_store:55] - Successfully loaded 79 features for HINDUNILVR.NS | ticker=HINDUNILVR.NS
[2026-07-23 15:08:31,200] INFO    - [feature_store:142] - Saved Feature Store for HINDUNILVR.NS to storage/features\HINDUNILVR_NS.parquet | ticker=HINDUNILVR.NS
[2026-07-23 15:08:31,220] INFO    - [cache:123      ] - Cache HIT for ticker ^NSEI (1d) | ticker=^NSEI
[2026-07-23 15:08:31,227] INFO    - [cache:123      ] - Cache HIT for ticker ^NSEBANK (1d) | ticker=^NSEBANK
[2026-07-23 15:08:31,235] INFO    - [cache:123      ] - Cache HIT for ticker ^INDIAVIX (1d) | ticker=^INDIAVIX
[2026-07-23 15:08:31,247] INFO    - [cache:123      ] - Cache HIT for ticker ^CNXFMCG (1d) | ticker=^CNXFMCG
[2026-07-23 15:08:31,253] INFO    - [vix_analysis:42] - India VIX: 13.63 (Percentile: 68.0%, Regime: Normal)
[2026-07-23 15:08:31,316] INFO    - [chart_data:31  ] - Constructing client visualization payload...
[2026-07-23 15:08:31,368] WARNING - [gemini_client:43] - Gemini Client uninitialized (missing API Key). Routing to fallback generation.
[2026-07-23 15:08:31,369] INFO    - [gemini_client:184] - Generated graceful fallback report for HINDUNILVR.NS in 0.0ms
[2026-07-23 15:08:31,369] INFO    - [cache:68       ] - Cached new LLM analysis report for HINDUNILVR.NS (1d)
[2026-07-23 15:08:31,370] INFO    - [analysis:362   ] - Completed deterministic analysis for HINDUNILVR.NS in 433.2ms | ticker=HINDUNILVR.NS execution_time=433.21ms
[2026-07-23 15:08:31,371] WARNING - [market_opportunities:155] - Skipping HINDUNILVR.NS during opportunities scan: 'live_quote'
[2026-07-23 15:08:31,372] INFO    - [analysis:158   ] - Normalized ticker input: AXISBANK.NS -> AXISBANK.NS | ticker=AXISBANK.NS
[2026-07-23 15:08:31,383] INFO    - [cache:123      ] - Cache HIT for ticker AXISBANK.NS (1d) | ticker=AXISBANK.NS
[2026-07-23 15:08:31,396] INFO    - [feature_store:55] - Successfully loaded 79 features for AXISBANK.NS | ticker=AXISBANK.NS
[2026-07-23 15:08:31,420] INFO    - [feature_store:142] - Saved Feature Store for AXISBANK.NS to storage/features\AXISBANK_NS.parquet | ticker=AXISBANK.NS
[2026-07-23 15:08:31,421] INFO    - [indicators:289 ] - Computing technical indicators across all categories...
[2026-07-23 15:08:31,521] INFO    - [indicators:305 ] - Successfully computed 59 indicator columns.
[2026-07-23 15:08:31,534] INFO    - [feature_store:55] - Successfully loaded 79 features for AXISBANK.NS | ticker=AXISBANK.NS
[2026-07-23 15:08:31,574] INFO    - [feature_store:142] - Saved Feature Store for AXISBANK.NS to storage/features\AXISBANK_NS.parquet | ticker=AXISBANK.NS
[2026-07-23 15:08:31,575] INFO    - [candlestick:169] - Computing price action returns and candlestick patterns...
[2026-07-23 15:08:31,638] INFO    - [candlestick:184] - Successfully computed 15 price action / pattern columns.
[2026-07-23 15:08:31,647] INFO    - [feature_store:55] - Successfully loaded 79 features for AXISBANK.NS | ticker=AXISBANK.NS
[2026-07-23 15:08:31,673] INFO    - [feature_store:142] - Saved Feature Store for AXISBANK.NS to storage/features\AXISBANK_NS.parquet | ticker=AXISBANK.NS
[2026-07-23 15:08:31,693] INFO    - [cache:123      ] - Cache HIT for ticker ^NSEI (1d) | ticker=^NSEI
[2026-07-23 15:08:31,700] INFO    - [cache:123      ] - Cache HIT for ticker ^NSEBANK (1d) | ticker=^NSEBANK
[2026-07-23 15:08:31,709] INFO    - [cache:123      ] - Cache HIT for ticker ^INDIAVIX (1d) | ticker=^INDIAVIX
[2026-07-23 15:08:31,716] INFO    - [cache:123      ] - Cache HIT for ticker ^NSEI (1d) | ticker=^NSEI
[2026-07-23 15:08:31,720] INFO    - [vix_analysis:42] - India VIX: 13.63 (Percentile: 68.0%, Regime: Normal)
[2026-07-23 15:08:31,751] INFO    - [chart_data:31  ] - Constructing client visualization payload...
[2026-07-23 15:08:31,798] WARNING - [gemini_client:43] - Gemini Client uninitialized (missing API Key). Routing to fallback generation.
[2026-07-23 15:08:31,798] INFO    - [gemini_client:184] - Generated graceful fallback report for AXISBANK.NS in 0.0ms
[2026-07-23 15:08:31,799] INFO    - [cache:68       ] - Cached new LLM analysis report for AXISBANK.NS (1d)
[2026-07-23 15:08:31,800] INFO    - [analysis:362   ] - Completed deterministic analysis for AXISBANK.NS in 425.3ms | ticker=AXISBANK.NS execution_time=425.26ms
[2026-07-23 15:08:31,803] WARNING - [market_opportunities:155] - Skipping AXISBANK.NS during opportunities scan: 'live_quote'
[2026-07-23 15:08:31,803] INFO    - [analysis:158   ] - Normalized ticker input: KOTAKBANK.NS -> KOTAKBANK.NS | ticker=KOTAKBANK.NS
[2026-07-23 15:08:31,811] INFO    - [cache:123      ] - Cache HIT for ticker KOTAKBANK.NS (1d) | ticker=KOTAKBANK.NS
[2026-07-23 15:08:31,824] INFO    - [feature_store:55] - Successfully loaded 79 features for KOTAKBANK.NS | ticker=KOTAKBANK.NS
[2026-07-23 15:08:31,857] INFO    - [feature_store:142] - Saved Feature Store for KOTAKBANK.NS to storage/features\KOTAKBANK_NS.parquet | ticker=KOTAKBANK.NS
[2026-07-23 15:08:31,858] INFO    - [indicators:289 ] - Computing technical indicators across all categories...
[2026-07-23 15:08:31,964] INFO    - [indicators:305 ] - Successfully computed 59 indicator columns.
[2026-07-23 15:08:31,976] INFO    - [feature_store:55] - Successfully loaded 79 features for KOTAKBANK.NS | ticker=KOTAKBANK.NS
[2026-07-23 15:08:32,002] INFO    - [feature_store:142] - Saved Feature Store for KOTAKBANK.NS to storage/features\KOTAKBANK_NS.parquet | ticker=KOTAKBANK.NS
[2026-07-23 15:08:32,003] INFO    - [candlestick:169] - Computing price action returns and candlestick patterns...
[2026-07-23 15:08:32,059] INFO    - [candlestick:184] - Successfully computed 15 price action / pattern columns.
[2026-07-23 15:08:32,102] INFO    - [feature_store:55] - Successfully loaded 79 features for KOTAKBANK.NS | ticker=KOTAKBANK.NS
[2026-07-23 15:08:32,128] INFO    - [feature_store:142] - Saved Feature Store for KOTAKBANK.NS to storage/features\KOTAKBANK_NS.parquet | ticker=KOTAKBANK.NS
[2026-07-23 15:08:32,152] INFO    - [cache:123      ] - Cache HIT for ticker ^NSEI (1d) | ticker=^NSEI
[2026-07-23 15:08:32,160] INFO    - [cache:123      ] - Cache HIT for ticker ^NSEBANK (1d) | ticker=^NSEBANK
[2026-07-23 15:08:32,166] INFO    - [cache:123      ] - Cache HIT for ticker ^INDIAVIX (1d) | ticker=^INDIAVIX
[2026-07-23 15:08:32,173] INFO    - [cache:123      ] - Cache HIT for ticker ^NSEI (1d) | ticker=^NSEI
[2026-07-23 15:08:32,176] INFO    - [vix_analysis:42] - India VIX: 13.63 (Percentile: 68.0%, Regime: Normal)
[2026-07-23 15:08:32,206] INFO    - [chart_data:31  ] - Constructing client visualization payload...
[2026-07-23 15:08:32,258] WARNING - [gemini_client:43] - Gemini Client uninitialized (missing API Key). Routing to fallback generation.
[2026-07-23 15:08:32,259] INFO    - [gemini_client:184] - Generated graceful fallback report for KOTAKBANK.NS in 1.0ms
[2026-07-23 15:08:32,259] INFO    - [cache:68       ] - Cached new LLM analysis report for KOTAKBANK.NS (1d)
[2026-07-23 15:08:32,260] INFO    - [analysis:362   ] - Completed deterministic analysis for KOTAKBANK.NS in 453.9ms | ticker=KOTAKBANK.NS execution_time=453.95ms
[2026-07-23 15:08:32,262] WARNING - [market_opportunities:155] - Skipping KOTAKBANK.NS during opportunities scan: 'live_quote'
[2026-07-23 15:08:32,262] INFO    - [analysis:158   ] - Normalized ticker input: ADANIENT.NS -> ADANIENT.NS | ticker=ADANIENT.NS
[2026-07-23 15:08:32,271] INFO    - [cache:123      ] - Cache HIT for ticker ADANIENT.NS (1d) | ticker=ADANIENT.NS
[2026-07-23 15:08:32,282] INFO    - [feature_store:55] - Successfully loaded 79 features for ADANIENT.NS | ticker=ADANIENT.NS
[2026-07-23 15:08:32,311] INFO    - [feature_store:142] - Saved Feature Store for ADANIENT.NS to storage/features\ADANIENT_NS.parquet | ticker=ADANIENT.NS
[2026-07-23 15:08:32,312] INFO    - [indicators:289 ] - Computing technical indicators across all categories...
[2026-07-23 15:08:32,466] INFO    - [indicators:305 ] - Successfully computed 59 indicator columns.
[2026-07-23 15:08:32,479] INFO    - [feature_store:55] - Successfully loaded 79 features for ADANIENT.NS | ticker=ADANIENT.NS
[2026-07-23 15:08:32,551] INFO    - [feature_store:142] - Saved Feature Store for ADANIENT.NS to storage/features\ADANIENT_NS.parquet | ticker=ADANIENT.NS
[2026-07-23 15:08:32,553] INFO    - [candlestick:169] - Computing price action returns and candlestick patterns...
[2026-07-23 15:08:32,623] INFO    - [candlestick:184] - Successfully computed 15 price action / pattern columns.
[2026-07-23 15:08:32,631] INFO    - [feature_store:55] - Successfully loaded 79 features for ADANIENT.NS | ticker=ADANIENT.NS
[2026-07-23 15:08:32,657] INFO    - [feature_store:142] - Saved Feature Store for ADANIENT.NS to storage/features\ADANIENT_NS.parquet | ticker=ADANIENT.NS
[2026-07-23 15:08:32,676] INFO    - [cache:123      ] - Cache HIT for ticker ^NSEI (1d) | ticker=^NSEI
[2026-07-23 15:08:32,681] INFO    - [cache:123      ] - Cache HIT for ticker ^NSEBANK (1d) | ticker=^NSEBANK
[2026-07-23 15:08:32,690] INFO    - [cache:123      ] - Cache HIT for ticker ^INDIAVIX (1d) | ticker=^INDIAVIX
[2026-07-23 15:08:32,696] INFO    - [cache:123      ] - Cache HIT for ticker ^NSEI (1d) | ticker=^NSEI
[2026-07-23 15:08:32,699] INFO    - [vix_analysis:42] - India VIX: 13.63 (Percentile: 68.0%, Regime: Normal)
[2026-07-23 15:08:32,727] INFO    - [chart_data:31  ] - Constructing client visualization payload...
[2026-07-23 15:08:32,784] WARNING - [gemini_client:43] - Gemini Client uninitialized (missing API Key). Routing to fallback generation.
[2026-07-23 15:08:32,785] INFO    - [gemini_client:184] - Generated graceful fallback report for ADANIENT.NS in 1.0ms
[2026-07-23 15:08:32,785] INFO    - [cache:68       ] - Cached new LLM analysis report for ADANIENT.NS (1d)
[2026-07-23 15:08:32,786] INFO    - [analysis:362   ] - Completed deterministic analysis for ADANIENT.NS in 519.5ms | ticker=ADANIENT.NS execution_time=519.50ms
[2026-07-23 15:08:32,788] WARNING - [market_opportunities:155] - Skipping ADANIENT.NS during opportunities scan: 'live_quote'
[2026-07-23 15:08:32,788] INFO    - [analysis:158   ] - Normalized ticker input: ADANIPORTS.NS -> ADANIPORTS.NS | ticker=ADANIPORTS.NS
[2026-07-23 15:08:32,795] INFO    - [cache:123      ] - Cache HIT for ticker ADANIPORTS.NS (1d) | ticker=ADANIPORTS.NS
[2026-07-23 15:08:32,808] INFO    - [feature_store:55] - Successfully loaded 79 features for ADANIPORTS.NS | ticker=ADANIPORTS.NS
[2026-07-23 15:08:32,836] INFO    - [feature_store:142] - Saved Feature Store for ADANIPORTS.NS to storage/features\ADANIPORTS_NS.parquet | ticker=ADANIPORTS.NS
[2026-07-23 15:08:32,836] INFO    - [indicators:289 ] - Computing technical indicators across all categories...
[2026-07-23 15:08:32,934] INFO    - [indicators:305 ] - Successfully computed 59 indicator columns.
[2026-07-23 15:08:32,943] INFO    - [feature_store:55] - Successfully loaded 79 features for ADANIPORTS.NS | ticker=ADANIPORTS.NS
[2026-07-23 15:08:32,967] INFO    - [feature_store:142] - Saved Feature Store for ADANIPORTS.NS to storage/features\ADANIPORTS_NS.parquet | ticker=ADANIPORTS.NS
[2026-07-23 15:08:32,968] INFO    - [candlestick:169] - Computing price action returns and candlestick patterns...
[2026-07-23 15:08:33,022] INFO    - [candlestick:184] - Successfully computed 15 price action / pattern columns.
[2026-07-23 15:08:33,032] INFO    - [feature_store:55] - Successfully loaded 79 features for ADANIPORTS.NS | ticker=ADANIPORTS.NS
[2026-07-23 15:08:33,057] INFO    - [feature_store:142] - Saved Feature Store for ADANIPORTS.NS to storage/features\ADANIPORTS_NS.parquet | ticker=ADANIPORTS.NS
[2026-07-23 15:08:33,081] INFO    - [cache:123      ] - Cache HIT for ticker ^NSEI (1d) | ticker=^NSEI
[2026-07-23 15:08:33,089] INFO    - [cache:123      ] - Cache HIT for ticker ^NSEBANK (1d) | ticker=^NSEBANK
[2026-07-23 15:08:33,095] INFO    - [cache:123      ] - Cache HIT for ticker ^INDIAVIX (1d) | ticker=^INDIAVIX
[2026-07-23 15:08:33,104] INFO    - [cache:123      ] - Cache HIT for ticker ^NSEI (1d) | ticker=^NSEI
[2026-07-23 15:08:33,107] INFO    - [vix_analysis:42] - India VIX: 13.63 (Percentile: 68.0%, Regime: Normal)
[2026-07-23 15:08:33,139] INFO    - [chart_data:31  ] - Constructing client visualization payload...
[2026-07-23 15:08:33,183] WARNING - [gemini_client:43] - Gemini Client uninitialized (missing API Key). Routing to fallback generation.
[2026-07-23 15:08:33,184] INFO    - [gemini_client:184] - Generated graceful fallback report for ADANIPORTS.NS in 1.0ms
[2026-07-23 15:08:33,184] INFO    - [cache:68       ] - Cached new LLM analysis report for ADANIPORTS.NS (1d)
[2026-07-23 15:08:33,185] INFO    - [analysis:362   ] - Completed deterministic analysis for ADANIPORTS.NS in 393.0ms | ticker=ADANIPORTS.NS execution_time=393.00ms
[2026-07-23 15:08:33,186] WARNING - [market_opportunities:155] - Skipping ADANIPORTS.NS during opportunities scan: 'live_quote'
[2026-07-23 15:08:33,187] INFO    - [analysis:158   ] - Normalized ticker input: ASIANPAINT.NS -> ASIANPAINT.NS | ticker=ASIANPAINT.NS
[2026-07-23 15:08:33,195] INFO    - [cache:123      ] - Cache HIT for ticker ASIANPAINT.NS (1d) | ticker=ASIANPAINT.NS
[2026-07-23 15:08:33,206] INFO    - [feature_store:55] - Successfully loaded 79 features for ASIANPAINT.NS | ticker=ASIANPAINT.NS
[2026-07-23 15:08:33,229] INFO    - [feature_store:142] - Saved Feature Store for ASIANPAINT.NS to storage/features\ASIANPAINT_NS.parquet | ticker=ASIANPAINT.NS
[2026-07-23 15:08:33,230] INFO    - [indicators:289 ] - Computing technical indicators across all categories...
[2026-07-23 15:08:33,347] INFO    - [indicators:305 ] - Successfully computed 59 indicator columns.
[2026-07-23 15:08:33,358] INFO    - [feature_store:55] - Successfully loaded 79 features for ASIANPAINT.NS | ticker=ASIANPAINT.NS
[2026-07-23 15:08:33,389] INFO    - [feature_store:142] - Saved Feature Store for ASIANPAINT.NS to storage/features\ASIANPAINT_NS.parquet | ticker=ASIANPAINT.NS
[2026-07-23 15:08:33,390] INFO    - [candlestick:169] - Computing price action returns and candlestick patterns...
[2026-07-23 15:08:33,446] INFO    - [candlestick:184] - Successfully computed 15 price action / pattern columns.
[2026-07-23 15:08:33,464] INFO    - [feature_store:55] - Successfully loaded 79 features for ASIANPAINT.NS | ticker=ASIANPAINT.NS
[2026-07-23 15:08:33,503] INFO    - [feature_store:142] - Saved Feature Store for ASIANPAINT.NS to storage/features\ASIANPAINT_NS.parquet | ticker=ASIANPAINT.NS
[2026-07-23 15:08:33,535] INFO    - [cache:123      ] - Cache HIT for ticker ^NSEI (1d) | ticker=^NSEI
[2026-07-23 15:08:33,542] INFO    - [cache:123      ] - Cache HIT for ticker ^NSEBANK (1d) | ticker=^NSEBANK
[2026-07-23 15:08:33,548] INFO    - [cache:123      ] - Cache HIT for ticker ^INDIAVIX (1d) | ticker=^INDIAVIX
[2026-07-23 15:08:33,556] INFO    - [cache:123      ] - Cache HIT for ticker ^NSEI (1d) | ticker=^NSEI
[2026-07-23 15:08:33,559] INFO    - [vix_analysis:42] - India VIX: 13.63 (Percentile: 68.0%, Regime: Normal)
[2026-07-23 15:08:33,595] INFO    - [chart_data:31  ] - Constructing client visualization payload...
[2026-07-23 15:08:33,647] WARNING - [gemini_client:43] - Gemini Client uninitialized (missing API Key). Routing to fallback generation.
[2026-07-23 15:08:33,647] INFO    - [gemini_client:184] - Generated graceful fallback report for ASIANPAINT.NS in 0.0ms
[2026-07-23 15:08:33,647] INFO    - [cache:68       ] - Cached new LLM analysis report for ASIANPAINT.NS (1d)
[2026-07-23 15:08:33,648] INFO    - [analysis:362   ] - Completed deterministic analysis for ASIANPAINT.NS in 459.4ms | ticker=ASIANPAINT.NS execution_time=459.37ms
[2026-07-23 15:08:33,651] WARNING - [market_opportunities:155] - Skipping ASIANPAINT.NS during opportunities scan: 'live_quote'
[2026-07-23 15:08:33,651] INFO    - [analysis:158   ] - Normalized ticker input: BAJFINANCE.NS -> BAJFINANCE.NS | ticker=BAJFINANCE.NS
[2026-07-23 15:08:33,659] INFO    - [cache:123      ] - Cache HIT for ticker BAJFINANCE.NS (1d) | ticker=BAJFINANCE.NS
[2026-07-23 15:08:33,670] INFO    - [feature_store:55] - Successfully loaded 79 features for BAJFINANCE.NS | ticker=BAJFINANCE.NS
[2026-07-23 15:08:33,694] INFO    - [feature_store:142] - Saved Feature Store for BAJFINANCE.NS to storage/features\BAJFINANCE_NS.parquet | ticker=BAJFINANCE.NS
[2026-07-23 15:08:33,695] INFO    - [indicators:289 ] - Computing technical indicators across all categories...
[2026-07-23 15:08:33,783] INFO    - [indicators:305 ] - Successfully computed 59 indicator columns.
[2026-07-23 15:08:33,793] INFO    - [feature_store:55] - Successfully loaded 79 features for BAJFINANCE.NS | ticker=BAJFINANCE.NS
[2026-07-23 15:08:33,825] INFO    - [feature_store:142] - Saved Feature Store for BAJFINANCE.NS to storage/features\BAJFINANCE_NS.parquet | ticker=BAJFINANCE.NS
[2026-07-23 15:08:33,826] INFO    - [candlestick:169] - Computing price action returns and candlestick patterns...
[2026-07-23 15:08:33,879] INFO    - [candlestick:184] - Successfully computed 15 price action / pattern columns.
[2026-07-23 15:08:33,890] INFO    - [feature_store:55] - Successfully loaded 79 features for BAJFINANCE.NS | ticker=BAJFINANCE.NS
[2026-07-23 15:08:33,918] INFO    - [feature_store:142] - Saved Feature Store for BAJFINANCE.NS to storage/features\BAJFINANCE_NS.parquet | ticker=BAJFINANCE.NS
[2026-07-23 15:08:33,936] INFO    - [cache:123      ] - Cache HIT for ticker ^NSEI (1d) | ticker=^NSEI
[2026-07-23 15:08:33,943] INFO    - [cache:123      ] - Cache HIT for ticker ^NSEBANK (1d) | ticker=^NSEBANK
[2026-07-23 15:08:33,949] INFO    - [cache:123      ] - Cache HIT for ticker ^INDIAVIX (1d) | ticker=^INDIAVIX
[2026-07-23 15:08:33,956] INFO    - [cache:123      ] - Cache HIT for ticker ^NSEI (1d) | ticker=^NSEI
[2026-07-23 15:08:33,959] INFO    - [vix_analysis:42] - India VIX: 13.63 (Percentile: 68.0%, Regime: Normal)
[2026-07-23 15:08:33,990] INFO    - [chart_data:31  ] - Constructing client visualization payload...
[2026-07-23 15:08:34,036] WARNING - [gemini_client:43] - Gemini Client uninitialized (missing API Key). Routing to fallback generation.
[2026-07-23 15:08:34,036] INFO    - [gemini_client:184] - Generated graceful fallback report for BAJFINANCE.NS in 0.0ms
[2026-07-23 15:08:34,037] INFO    - [cache:68       ] - Cached new LLM analysis report for BAJFINANCE.NS (1d)
[2026-07-23 15:08:34,038] INFO    - [analysis:362   ] - Completed deterministic analysis for BAJFINANCE.NS in 382.8ms | ticker=BAJFINANCE.NS execution_time=382.76ms
[2026-07-23 15:08:34,039] WARNING - [market_opportunities:155] - Skipping BAJFINANCE.NS during opportunities scan: 'live_quote'
[2026-07-23 15:08:34,040] INFO    - [analysis:158   ] - Normalized ticker input: BAJAJFINSV.NS -> BAJAJFINSV.NS | ticker=BAJAJFINSV.NS
[2026-07-23 15:08:34,047] INFO    - [cache:123      ] - Cache HIT for ticker BAJAJFINSV.NS (1d) | ticker=BAJAJFINSV.NS
[2026-07-23 15:08:34,057] INFO    - [feature_store:55] - Successfully loaded 79 features for BAJAJFINSV.NS | ticker=BAJAJFINSV.NS
[2026-07-23 15:08:34,084] INFO    - [feature_store:142] - Saved Feature Store for BAJAJFINSV.NS to storage/features\BAJAJFINSV_NS.parquet | ticker=BAJAJFINSV.NS
[2026-07-23 15:08:34,084] INFO    - [indicators:289 ] - Computing technical indicators across all categories...
[2026-07-23 15:08:34,172] INFO    - [indicators:305 ] - Successfully computed 59 indicator columns.
[2026-07-23 15:08:34,181] INFO    - [feature_store:55] - Successfully loaded 79 features for BAJAJFINSV.NS | ticker=BAJAJFINSV.NS
[2026-07-23 15:08:34,207] INFO    - [feature_store:142] - Saved Feature Store for BAJAJFINSV.NS to storage/features\BAJAJFINSV_NS.parquet | ticker=BAJAJFINSV.NS
[2026-07-23 15:08:34,208] INFO    - [candlestick:169] - Computing price action returns and candlestick patterns...
[2026-07-23 15:08:34,265] INFO    - [candlestick:184] - Successfully computed 15 price action / pattern columns.
[2026-07-23 15:08:34,275] INFO    - [feature_store:55] - Successfully loaded 79 features for BAJAJFINSV.NS | ticker=BAJAJFINSV.NS
[2026-07-23 15:08:34,300] INFO    - [feature_store:142] - Saved Feature Store for BAJAJFINSV.NS to storage/features\BAJAJFINSV_NS.parquet | ticker=BAJAJFINSV.NS
[2026-07-23 15:08:34,319] INFO    - [cache:123      ] - Cache HIT for ticker ^NSEI (1d) | ticker=^NSEI
[2026-07-23 15:08:34,327] INFO    - [cache:123      ] - Cache HIT for ticker ^NSEBANK (1d) | ticker=^NSEBANK
[2026-07-23 15:08:34,335] INFO    - [cache:123      ] - Cache HIT for ticker ^INDIAVIX (1d) | ticker=^INDIAVIX
[2026-07-23 15:08:34,341] INFO    - [cache:123      ] - Cache HIT for ticker ^NSEI (1d) | ticker=^NSEI
[2026-07-23 15:08:34,344] INFO    - [vix_analysis:42] - India VIX: 13.63 (Percentile: 68.0%, Regime: Normal)
[2026-07-23 15:08:34,376] INFO    - [chart_data:31  ] - Constructing client visualization payload...
[2026-07-23 15:08:34,421] WARNING - [gemini_client:43] - Gemini Client uninitialized (missing API Key). Routing to fallback generation.
[2026-07-23 15:08:34,421] INFO    - [gemini_client:184] - Generated graceful fallback report for BAJAJFINSV.NS in 0.0ms
[2026-07-23 15:08:34,422] INFO    - [cache:68       ] - Cached new LLM analysis report for BAJAJFINSV.NS (1d)
[2026-07-23 15:08:34,422] INFO    - [analysis:362   ] - Completed deterministic analysis for BAJAJFINSV.NS in 379.6ms | ticker=BAJAJFINSV.NS execution_time=379.60ms
[2026-07-23 15:08:34,424] WARNING - [market_opportunities:155] - Skipping BAJAJFINSV.NS during opportunities scan: 'live_quote'
[2026-07-23 15:08:34,424] INFO    - [analysis:158   ] - Normalized ticker input: SUNPHARMA.NS -> SUNPHARMA.NS | ticker=SUNPHARMA.NS
[2026-07-23 15:08:34,430] INFO    - [cache:123      ] - Cache HIT for ticker SUNPHARMA.NS (1d) | ticker=SUNPHARMA.NS
[2026-07-23 15:08:34,442] INFO    - [feature_store:55] - Successfully loaded 79 features for SUNPHARMA.NS | ticker=SUNPHARMA.NS
[2026-07-23 15:08:34,467] INFO    - [feature_store:142] - Saved Feature Store for SUNPHARMA.NS to storage/features\SUNPHARMA_NS.parquet | ticker=SUNPHARMA.NS
[2026-07-23 15:08:34,468] INFO    - [indicators:289 ] - Computing technical indicators across all categories...
[2026-07-23 15:08:34,675] INFO    - [indicators:305 ] - Successfully computed 59 indicator columns.
[2026-07-23 15:08:34,689] INFO    - [feature_store:55] - Successfully loaded 79 features for SUNPHARMA.NS | ticker=SUNPHARMA.NS
[2026-07-23 15:08:34,717] INFO    - [feature_store:142] - Saved Feature Store for SUNPHARMA.NS to storage/features\SUNPHARMA_NS.parquet | ticker=SUNPHARMA.NS
[2026-07-23 15:08:34,718] INFO    - [candlestick:169] - Computing price action returns and candlestick patterns...
[2026-07-23 15:08:34,764] INFO    - [candlestick:184] - Successfully computed 15 price action / pattern columns.
[2026-07-23 15:08:34,774] INFO    - [feature_store:55] - Successfully loaded 79 features for SUNPHARMA.NS | ticker=SUNPHARMA.NS
[2026-07-23 15:08:34,843] INFO    - [feature_store:142] - Saved Feature Store for SUNPHARMA.NS to storage/features\SUNPHARMA_NS.parquet | ticker=SUNPHARMA.NS
[2026-07-23 15:08:34,866] INFO    - [cache:123      ] - Cache HIT for ticker ^NSEI (1d) | ticker=^NSEI
[2026-07-23 15:08:34,876] INFO    - [cache:123      ] - Cache HIT for ticker ^NSEBANK (1d) | ticker=^NSEBANK
[2026-07-23 15:08:34,885] INFO    - [cache:123      ] - Cache HIT for ticker ^INDIAVIX (1d) | ticker=^INDIAVIX
[2026-07-23 15:08:34,895] INFO    - [cache:123      ] - Cache HIT for ticker ^NSEI (1d) | ticker=^NSEI
[2026-07-23 15:08:34,900] INFO    - [vix_analysis:42] - India VIX: 13.63 (Percentile: 68.0%, Regime: Normal)
[2026-07-23 15:08:34,947] INFO    - [chart_data:31  ] - Constructing client visualization payload...
[2026-07-23 15:08:35,012] WARNING - [gemini_client:43] - Gemini Client uninitialized (missing API Key). Routing to fallback generation.
[2026-07-23 15:08:35,013] INFO    - [gemini_client:184] - Generated graceful fallback report for SUNPHARMA.NS in 1.2ms
[2026-07-23 15:08:35,014] INFO    - [cache:68       ] - Cached new LLM analysis report for SUNPHARMA.NS (1d)
[2026-07-23 15:08:35,014] INFO    - [analysis:362   ] - Completed deterministic analysis for SUNPHARMA.NS in 586.9ms | ticker=SUNPHARMA.NS execution_time=586.88ms
[2026-07-23 15:08:35,016] WARNING - [market_opportunities:155] - Skipping SUNPHARMA.NS during opportunities scan: 'live_quote'
[2026-07-23 15:08:35,017] INFO    - [analysis:158   ] - Normalized ticker input: MARUTI.NS -> MARUTI.NS | ticker=MARUTI.NS
[2026-07-23 15:08:35,028] INFO    - [cache:123      ] - Cache HIT for ticker MARUTI.NS (1d) | ticker=MARUTI.NS
[2026-07-23 15:08:35,077] INFO    - [feature_store:55] - Successfully loaded 79 features for MARUTI.NS | ticker=MARUTI.NS
[2026-07-23 15:08:35,115] INFO    - [feature_store:142] - Saved Feature Store for MARUTI.NS to storage/features\MARUTI_NS.parquet | ticker=MARUTI.NS
[2026-07-23 15:08:35,116] INFO    - [indicators:289 ] - Computing technical indicators across all categories...
[2026-07-23 15:08:35,227] INFO    - [indicators:305 ] - Successfully computed 59 indicator columns.
[2026-07-23 15:08:35,238] INFO    - [feature_store:55] - Successfully loaded 79 features for MARUTI.NS | ticker=MARUTI.NS
[2026-07-23 15:08:35,276] INFO    - [feature_store:142] - Saved Feature Store for MARUTI.NS to storage/features\MARUTI_NS.parquet | ticker=MARUTI.NS
[2026-07-23 15:08:35,276] INFO    - [candlestick:169] - Computing price action returns and candlestick patterns...
[2026-07-23 15:08:35,344] INFO    - [candlestick:184] - Successfully computed 15 price action / pattern columns.
[2026-07-23 15:08:35,355] INFO    - [feature_store:55] - Successfully loaded 79 features for MARUTI.NS | ticker=MARUTI.NS
[2026-07-23 15:08:35,386] INFO    - [feature_store:142] - Saved Feature Store for MARUTI.NS to storage/features\MARUTI_NS.parquet | ticker=MARUTI.NS
[2026-07-23 15:08:35,412] INFO    - [cache:123      ] - Cache HIT for ticker ^NSEI (1d) | ticker=^NSEI
[2026-07-23 15:08:35,421] INFO    - [cache:123      ] - Cache HIT for ticker ^NSEBANK (1d) | ticker=^NSEBANK
[2026-07-23 15:08:35,433] INFO    - [cache:123      ] - Cache HIT for ticker ^INDIAVIX (1d) | ticker=^INDIAVIX
[2026-07-23 15:08:35,440] INFO    - [cache:123      ] - Cache HIT for ticker ^NSEI (1d) | ticker=^NSEI
[2026-07-23 15:08:35,443] INFO    - [vix_analysis:42] - India VIX: 13.63 (Percentile: 68.0%, Regime: Normal)
[2026-07-23 15:08:35,481] INFO    - [chart_data:31  ] - Constructing client visualization payload...
[2026-07-23 15:08:35,533] WARNING - [gemini_client:43] - Gemini Client uninitialized (missing API Key). Routing to fallback generation.
[2026-07-23 15:08:35,534] INFO    - [gemini_client:184] - Generated graceful fallback report for MARUTI.NS in 1.0ms
[2026-07-23 15:08:35,535] INFO    - [cache:68       ] - Cached new LLM analysis report for MARUTI.NS (1d)
[2026-07-23 15:08:35,535] INFO    - [analysis:362   ] - Completed deterministic analysis for MARUTI.NS in 514.8ms | ticker=MARUTI.NS execution_time=514.77ms
[2026-07-23 15:08:35,537] WARNING - [market_opportunities:155] - Skipping MARUTI.NS during opportunities scan: 'live_quote'
[2026-07-23 15:08:35,539] INFO    - [analysis:158   ] - Normalized ticker input: NTPC.NS -> NTPC.NS | ticker=NTPC.NS
[2026-07-23 15:08:35,544] INFO    - [cache:123      ] - Cache HIT for ticker NTPC.NS (1d) | ticker=NTPC.NS
[2026-07-23 15:08:35,555] INFO    - [feature_store:55] - Successfully loaded 79 features for NTPC.NS | ticker=NTPC.NS
[2026-07-23 15:08:35,582] INFO    - [feature_store:142] - Saved Feature Store for NTPC.NS to storage/features\NTPC_NS.parquet | ticker=NTPC.NS
[2026-07-23 15:08:35,583] INFO    - [indicators:289 ] - Computing technical indicators across all categories...
[2026-07-23 15:08:35,719] INFO    - [indicators:305 ] - Successfully computed 59 indicator columns.
[2026-07-23 15:08:35,737] INFO    - [feature_store:55] - Successfully loaded 79 features for NTPC.NS | ticker=NTPC.NS
[2026-07-23 15:08:35,779] INFO    - [feature_store:142] - Saved Feature Store for NTPC.NS to storage/features\NTPC_NS.parquet | ticker=NTPC.NS
[2026-07-23 15:08:35,780] INFO    - [candlestick:169] - Computing price action returns and candlestick patterns...
[2026-07-23 15:08:35,858] INFO    - [candlestick:184] - Successfully computed 15 price action / pattern columns.
[2026-07-23 15:08:35,867] INFO    - [feature_store:55] - Successfully loaded 79 features for NTPC.NS | ticker=NTPC.NS
[2026-07-23 15:08:35,893] INFO    - [feature_store:142] - Saved Feature Store for NTPC.NS to storage/features\NTPC_NS.parquet | ticker=NTPC.NS
[2026-07-23 15:08:35,918] INFO    - [cache:123      ] - Cache HIT for ticker ^NSEI (1d) | ticker=^NSEI
[2026-07-23 15:08:35,925] INFO    - [cache:123      ] - Cache HIT for ticker ^NSEBANK (1d) | ticker=^NSEBANK
[2026-07-23 15:08:35,931] INFO    - [cache:123      ] - Cache HIT for ticker ^INDIAVIX (1d) | ticker=^INDIAVIX
[2026-07-23 15:08:35,939] INFO    - [cache:123      ] - Cache HIT for ticker ^NSEI (1d) | ticker=^NSEI
[2026-07-23 15:08:35,944] INFO    - [vix_analysis:42] - India VIX: 13.63 (Percentile: 68.0%, Regime: Normal)
[2026-07-23 15:08:35,984] INFO    - [chart_data:31  ] - Constructing client visualization payload...
[2026-07-23 15:08:36,039] WARNING - [gemini_client:43] - Gemini Client uninitialized (missing API Key). Routing to fallback generation.
[2026-07-23 15:08:36,039] INFO    - [gemini_client:184] - Generated graceful fallback report for NTPC.NS in 0.0ms
[2026-07-23 15:08:36,040] INFO    - [cache:68       ] - Cached new LLM analysis report for NTPC.NS (1d)
[2026-07-23 15:08:36,041] INFO    - [analysis:362   ] - Completed deterministic analysis for NTPC.NS in 499.4ms | ticker=NTPC.NS execution_time=499.45ms
[2026-07-23 15:08:36,042] WARNING - [market_opportunities:155] - Skipping NTPC.NS during opportunities scan: 'live_quote'
[2026-07-23 15:08:36,043] INFO    - [analysis:158   ] - Normalized ticker input: ONGC.NS -> ONGC.NS | ticker=ONGC.NS
[2026-07-23 15:08:36,052] INFO    - [cache:123      ] - Cache HIT for ticker ONGC.NS (1d) | ticker=ONGC.NS
[2026-07-23 15:08:36,061] INFO    - [feature_store:55] - Successfully loaded 79 features for ONGC.NS | ticker=ONGC.NS
[2026-07-23 15:08:36,088] INFO    - [feature_store:142] - Saved Feature Store for ONGC.NS to storage/features\ONGC_NS.parquet | ticker=ONGC.NS
[2026-07-23 15:08:36,089] INFO    - [indicators:289 ] - Computing technical indicators across all categories...
[2026-07-23 15:08:36,187] INFO    - [indicators:305 ] - Successfully computed 59 indicator columns.
[2026-07-23 15:08:36,196] INFO    - [feature_store:55] - Successfully loaded 79 features for ONGC.NS | ticker=ONGC.NS
[2026-07-23 15:08:36,229] INFO    - [feature_store:142] - Saved Feature Store for ONGC.NS to storage/features\ONGC_NS.parquet | ticker=ONGC.NS
[2026-07-23 15:08:36,231] INFO    - [candlestick:169] - Computing price action returns and candlestick patterns...
[2026-07-23 15:08:36,291] INFO    - [candlestick:184] - Successfully computed 15 price action / pattern columns.
[2026-07-23 15:08:36,300] INFO    - [feature_store:55] - Successfully loaded 79 features for ONGC.NS | ticker=ONGC.NS
[2026-07-23 15:08:36,324] INFO    - [feature_store:142] - Saved Feature Store for ONGC.NS to storage/features\ONGC_NS.parquet | ticker=ONGC.NS
[2026-07-23 15:08:36,343] INFO    - [cache:123      ] - Cache HIT for ticker ^NSEI (1d) | ticker=^NSEI
[2026-07-23 15:08:36,351] INFO    - [cache:123      ] - Cache HIT for ticker ^NSEBANK (1d) | ticker=^NSEBANK
[2026-07-23 15:08:36,357] INFO    - [cache:123      ] - Cache HIT for ticker ^INDIAVIX (1d) | ticker=^INDIAVIX
[2026-07-23 15:08:36,366] INFO    - [cache:123      ] - Cache HIT for ticker ^NSEI (1d) | ticker=^NSEI
[2026-07-23 15:08:36,369] INFO    - [vix_analysis:42] - India VIX: 13.63 (Percentile: 68.0%, Regime: Normal)
[2026-07-23 15:08:36,398] INFO    - [chart_data:31  ] - Constructing client visualization payload...
[2026-07-23 15:08:36,460] WARNING - [gemini_client:43] - Gemini Client uninitialized (missing API Key). Routing to fallback generation.
[2026-07-23 15:08:36,462] INFO    - [gemini_client:184] - Generated graceful fallback report for ONGC.NS in 1.5ms
[2026-07-23 15:08:36,463] INFO    - [cache:68       ] - Cached new LLM analysis report for ONGC.NS (1d)
[2026-07-23 15:08:36,464] INFO    - [analysis:362   ] - Completed deterministic analysis for ONGC.NS in 417.5ms | ticker=ONGC.NS execution_time=417.51ms
[2026-07-23 15:08:36,467] WARNING - [market_opportunities:155] - Skipping ONGC.NS during opportunities scan: 'live_quote'
[2026-07-23 15:08:36,468] INFO    - [analysis:158   ] - Normalized ticker input: POWERGRID.NS -> POWERGRID.NS | ticker=POWERGRID.NS
[2026-07-23 15:08:36,478] INFO    - [cache:123      ] - Cache HIT for ticker POWERGRID.NS (1d) | ticker=POWERGRID.NS
[2026-07-23 15:08:36,492] INFO    - [feature_store:55] - Successfully loaded 79 features for POWERGRID.NS | ticker=POWERGRID.NS
[2026-07-23 15:08:36,519] INFO    - [feature_store:142] - Saved Feature Store for POWERGRID.NS to storage/features\POWERGRID_NS.parquet | ticker=POWERGRID.NS
[2026-07-23 15:08:36,520] INFO    - [indicators:289 ] - Computing technical indicators across all categories...
[2026-07-23 15:08:36,619] INFO    - [indicators:305 ] - Successfully computed 59 indicator columns.
[2026-07-23 15:08:36,636] INFO    - [feature_store:55] - Successfully loaded 79 features for POWERGRID.NS | ticker=POWERGRID.NS
[2026-07-23 15:08:36,674] INFO    - [feature_store:142] - Saved Feature Store for POWERGRID.NS to storage/features\POWERGRID_NS.parquet | ticker=POWERGRID.NS
[2026-07-23 15:08:36,675] INFO    - [candlestick:169] - Computing price action returns and candlestick patterns...
[2026-07-23 15:08:36,726] INFO    - [candlestick:184] - Successfully computed 15 price action / pattern columns.
[2026-07-23 15:08:36,735] INFO    - [feature_store:55] - Successfully loaded 79 features for POWERGRID.NS | ticker=POWERGRID.NS
[2026-07-23 15:08:36,761] INFO    - [feature_store:142] - Saved Feature Store for POWERGRID.NS to storage/features\POWERGRID_NS.parquet | ticker=POWERGRID.NS
[2026-07-23 15:08:36,781] INFO    - [cache:123      ] - Cache HIT for ticker ^NSEI (1d) | ticker=^NSEI
[2026-07-23 15:08:36,789] INFO    - [cache:123      ] - Cache HIT for ticker ^NSEBANK (1d) | ticker=^NSEBANK
[2026-07-23 15:08:36,796] INFO    - [cache:123      ] - Cache HIT for ticker ^INDIAVIX (1d) | ticker=^INDIAVIX
[2026-07-23 15:08:36,805] INFO    - [cache:123      ] - Cache HIT for ticker ^NSEI (1d) | ticker=^NSEI
[2026-07-23 15:08:36,807] INFO    - [vix_analysis:42] - India VIX: 13.63 (Percentile: 68.0%, Regime: Normal)
[2026-07-23 15:08:36,836] INFO    - [chart_data:31  ] - Constructing client visualization payload...
[2026-07-23 15:08:36,886] WARNING - [gemini_client:43] - Gemini Client uninitialized (missing API Key). Routing to fallback generation.
[2026-07-23 15:08:36,887] INFO    - [gemini_client:184] - Generated graceful fallback report for POWERGRID.NS in 0.0ms
[2026-07-23 15:08:36,887] INFO    - [cache:68       ] - Cached new LLM analysis report for POWERGRID.NS (1d)
[2026-07-23 15:08:36,888] INFO    - [analysis:362   ] - Completed deterministic analysis for POWERGRID.NS in 416.9ms | ticker=POWERGRID.NS execution_time=416.85ms
[2026-07-23 15:08:36,889] WARNING - [market_opportunities:155] - Skipping POWERGRID.NS during opportunities scan: 'live_quote'
[2026-07-23 15:08:36,889] INFO    - [analysis:158   ] - Normalized ticker input: JSWSTEEL.NS -> JSWSTEEL.NS | ticker=JSWSTEEL.NS
[2026-07-23 15:08:36,896] INFO    - [cache:123      ] - Cache HIT for ticker JSWSTEEL.NS (1d) | ticker=JSWSTEEL.NS
[2026-07-23 15:08:36,908] INFO    - [feature_store:55] - Successfully loaded 79 features for JSWSTEEL.NS | ticker=JSWSTEEL.NS
[2026-07-23 15:08:36,937] INFO    - [feature_store:142] - Saved Feature Store for JSWSTEEL.NS to storage/features\JSWSTEEL_NS.parquet | ticker=JSWSTEEL.NS
[2026-07-23 15:08:36,938] INFO    - [indicators:289 ] - Computing technical indicators across all categories...
[2026-07-23 15:08:37,048] INFO    - [indicators:305 ] - Successfully computed 59 indicator columns.
[2026-07-23 15:08:37,058] INFO    - [feature_store:55] - Successfully loaded 79 features for JSWSTEEL.NS | ticker=JSWSTEEL.NS
[2026-07-23 15:08:37,088] INFO    - [feature_store:142] - Saved Feature Store for JSWSTEEL.NS to storage/features\JSWSTEEL_NS.parquet | ticker=JSWSTEEL.NS
[2026-07-23 15:08:37,090] INFO    - [candlestick:169] - Computing price action returns and candlestick patterns...
[2026-07-23 15:08:37,146] INFO    - [candlestick:184] - Successfully computed 15 price action / pattern columns.
[2026-07-23 15:08:37,157] INFO    - [feature_store:55] - Successfully loaded 79 features for JSWSTEEL.NS | ticker=JSWSTEEL.NS
[2026-07-23 15:08:37,202] INFO    - [feature_store:142] - Saved Feature Store for JSWSTEEL.NS to storage/features\JSWSTEEL_NS.parquet | ticker=JSWSTEEL.NS
[2026-07-23 15:08:37,234] INFO    - [cache:123      ] - Cache HIT for ticker ^NSEI (1d) | ticker=^NSEI
[2026-07-23 15:08:37,244] INFO    - [cache:123      ] - Cache HIT for ticker ^NSEBANK (1d) | ticker=^NSEBANK
[2026-07-23 15:08:37,252] INFO    - [cache:123      ] - Cache HIT for ticker ^INDIAVIX (1d) | ticker=^INDIAVIX
[2026-07-23 15:08:37,265] INFO    - [cache:123      ] - Cache HIT for ticker ^NSEI (1d) | ticker=^NSEI
[2026-07-23 15:08:37,269] INFO    - [vix_analysis:42] - India VIX: 13.63 (Percentile: 68.0%, Regime: Normal)
[2026-07-23 15:08:37,316] INFO    - [chart_data:31  ] - Constructing client visualization payload...
[2026-07-23 15:08:37,420] WARNING - [gemini_client:43] - Gemini Client uninitialized (missing API Key). Routing to fallback generation.
[2026-07-23 15:08:37,421] INFO    - [gemini_client:184] - Generated graceful fallback report for JSWSTEEL.NS in 0.5ms
[2026-07-23 15:08:37,421] INFO    - [cache:68       ] - Cached new LLM analysis report for JSWSTEEL.NS (1d)
[2026-07-23 15:08:37,422] INFO    - [analysis:362   ] - Completed deterministic analysis for JSWSTEEL.NS in 529.6ms | ticker=JSWSTEEL.NS execution_time=529.60ms
[2026-07-23 15:08:37,424] WARNING - [market_opportunities:155] - Skipping JSWSTEEL.NS during opportunities scan: 'live_quote'
[2026-07-23 15:08:37,424] INFO    - [analysis:158   ] - Normalized ticker input: M&M.NS -> M&M.NS | ticker=M&M.NS
[2026-07-23 15:08:37,425] WARNING - [market_opportunities:155] - Skipping M&M.NS during opportunities scan: Invalid ticker symbol format: 'M&M.NS'
[2026-07-23 15:08:37,425] INFO    - [analysis:158   ] - Normalized ticker input: COALINDIA.NS -> COALINDIA.NS | ticker=COALINDIA.NS
[2026-07-23 15:08:37,436] INFO    - [cache:123      ] - Cache HIT for ticker COALINDIA.NS (1d) | ticker=COALINDIA.NS
[2026-07-23 15:08:37,451] INFO    - [feature_store:55] - Successfully loaded 79 features for COALINDIA.NS | ticker=COALINDIA.NS
[2026-07-23 15:08:37,488] INFO    - [feature_store:142] - Saved Feature Store for COALINDIA.NS to storage/features\COALINDIA_NS.parquet | ticker=COALINDIA.NS
[2026-07-23 15:08:37,489] INFO    - [indicators:289 ] - Computing technical indicators across all categories...
[2026-07-23 15:08:37,615] INFO    - [indicators:305 ] - Successfully computed 59 indicator columns.
[2026-07-23 15:08:37,635] INFO    - [feature_store:55] - Successfully loaded 79 features for COALINDIA.NS | ticker=COALINDIA.NS
[2026-07-23 15:08:37,676] INFO    - [feature_store:142] - Saved Feature Store for COALINDIA.NS to storage/features\COALINDIA_NS.parquet | ticker=COALINDIA.NS
[2026-07-23 15:08:37,677] INFO    - [candlestick:169] - Computing price action returns and candlestick patterns...
[2026-07-23 15:08:37,726] INFO    - [candlestick:184] - Successfully computed 15 price action / pattern columns.
[2026-07-23 15:08:37,736] INFO    - [feature_store:55] - Successfully loaded 79 features for COALINDIA.NS | ticker=COALINDIA.NS
[2026-07-23 15:08:37,759] INFO    - [feature_store:142] - Saved Feature Store for COALINDIA.NS to storage/features\COALINDIA_NS.parquet | ticker=COALINDIA.NS
[2026-07-23 15:08:37,784] INFO    - [cache:123      ] - Cache HIT for ticker ^NSEI (1d) | ticker=^NSEI
[2026-07-23 15:08:37,790] INFO    - [cache:123      ] - Cache HIT for ticker ^NSEBANK (1d) | ticker=^NSEBANK
[2026-07-23 15:08:37,798] INFO    - [cache:123      ] - Cache HIT for ticker ^INDIAVIX (1d) | ticker=^INDIAVIX
[2026-07-23 15:08:37,806] INFO    - [cache:123      ] - Cache HIT for ticker ^NSEI (1d) | ticker=^NSEI
[2026-07-23 15:08:37,810] INFO    - [vix_analysis:42] - India VIX: 13.63 (Percentile: 68.0%, Regime: Normal)
[2026-07-23 15:08:37,848] INFO    - [chart_data:31  ] - Constructing client visualization payload...
[2026-07-23 15:08:37,893] WARNING - [gemini_client:43] - Gemini Client uninitialized (missing API Key). Routing to fallback generation.
[2026-07-23 15:08:37,894] INFO    - [gemini_client:184] - Generated graceful fallback report for COALINDIA.NS in 1.0ms
[2026-07-23 15:08:37,894] INFO    - [cache:68       ] - Cached new LLM analysis report for COALINDIA.NS (1d)
[2026-07-23 15:08:37,895] INFO    - [analysis:362   ] - Completed deterministic analysis for COALINDIA.NS in 467.4ms | ticker=COALINDIA.NS execution_time=467.39ms
[2026-07-23 15:08:37,897] WARNING - [market_opportunities:155] - Skipping COALINDIA.NS during opportunities scan: 'live_quote'
[2026-07-23 15:08:37,898] INFO    - [analysis:158   ] - Normalized ticker input: LTIM.NS -> LTIM.NS | ticker=LTIM.NS
[2026-07-23 15:08:37,899] INFO    - [downloader:103 ] - Downloading ticker data from yfinance: LTIM.NS (Interval: 1d, Period: 5y) | ticker=LTIM.NS
[2026-07-23 15:08:40,020] WARNING - [downloader:27  ] - Downloaded empty DataFrame for LTIM.NS | ticker=LTIM.NS
[2026-07-23 15:08:40,021] WARNING - [cache:132      ] - Attempted to cache empty DataFrame for LTIM.NS | ticker=LTIM.NS
[2026-07-23 15:08:40,022] WARNING - [market_opportunities:155] - Skipping LTIM.NS during opportunities scan: Stock not found
[2026-07-23 15:08:40,023] INFO    - [analysis:158   ] - Normalized ticker input: ULTRACEMCO.NS -> ULTRACEMCO.NS | ticker=ULTRACEMCO.NS
[2026-07-23 15:08:40,030] INFO    - [cache:123      ] - Cache HIT for ticker ULTRACEMCO.NS (1d) | ticker=ULTRACEMCO.NS
[2026-07-23 15:08:40,042] INFO    - [feature_store:55] - Successfully loaded 79 features for ULTRACEMCO.NS | ticker=ULTRACEMCO.NS
[2026-07-23 15:08:40,075] INFO    - [feature_store:142] - Saved Feature Store for ULTRACEMCO.NS to storage/features\ULTRACEMCO_NS.parquet | ticker=ULTRACEMCO.NS
[2026-07-23 15:08:40,076] INFO    - [indicators:289 ] - Computing technical indicators across all categories...
[2026-07-23 15:08:40,178] INFO    - [indicators:305 ] - Successfully computed 59 indicator columns.
[2026-07-23 15:08:40,188] INFO    - [feature_store:55] - Successfully loaded 79 features for ULTRACEMCO.NS | ticker=ULTRACEMCO.NS
[2026-07-23 15:08:40,214] INFO    - [feature_store:142] - Saved Feature Store for ULTRACEMCO.NS to storage/features\ULTRACEMCO_NS.parquet | ticker=ULTRACEMCO.NS
[2026-07-23 15:08:40,215] INFO    - [candlestick:169] - Computing price action returns and candlestick patterns...
[2026-07-23 15:08:40,269] INFO    - [candlestick:184] - Successfully computed 15 price action / pattern columns.
[2026-07-23 15:08:40,284] INFO    - [feature_store:55] - Successfully loaded 79 features for ULTRACEMCO.NS | ticker=ULTRACEMCO.NS
[2026-07-23 15:08:40,318] INFO    - [feature_store:142] - Saved Feature Store for ULTRACEMCO.NS to storage/features\ULTRACEMCO_NS.parquet | ticker=ULTRACEMCO.NS
[2026-07-23 15:08:40,345] INFO    - [cache:123      ] - Cache HIT for ticker ^NSEI (1d) | ticker=^NSEI
[2026-07-23 15:08:40,352] INFO    - [cache:123      ] - Cache HIT for ticker ^NSEBANK (1d) | ticker=^NSEBANK
[2026-07-23 15:08:40,361] INFO    - [cache:123      ] - Cache HIT for ticker ^INDIAVIX (1d) | ticker=^INDIAVIX
[2026-07-23 15:08:40,371] INFO    - [cache:123      ] - Cache HIT for ticker ^NSEI (1d) | ticker=^NSEI
[2026-07-23 15:08:40,376] INFO    - [vix_analysis:42] - India VIX: 13.63 (Percentile: 68.0%, Regime: Normal)
[2026-07-23 15:08:40,421] INFO    - [chart_data:31  ] - Constructing client visualization payload...
[2026-07-23 15:08:40,481] WARNING - [gemini_client:43] - Gemini Client uninitialized (missing API Key). Routing to fallback generation.
[2026-07-23 15:08:40,482] INFO    - [gemini_client:184] - Generated graceful fallback report for ULTRACEMCO.NS in 1.1ms
[2026-07-23 15:08:40,482] INFO    - [cache:68       ] - Cached new LLM analysis report for ULTRACEMCO.NS (1d)
[2026-07-23 15:08:40,483] INFO    - [analysis:362   ] - Completed deterministic analysis for ULTRACEMCO.NS in 456.6ms | ticker=ULTRACEMCO.NS execution_time=456.55ms
[2026-07-23 15:08:40,486] WARNING - [market_opportunities:155] - Skipping ULTRACEMCO.NS during opportunities scan: 'live_quote'
[2026-07-23 15:08:40,487] INFO    - [analysis:158   ] - Normalized ticker input: GRASIM.NS -> GRASIM.NS | ticker=GRASIM.NS
[2026-07-23 15:08:40,498] INFO    - [cache:123      ] - Cache HIT for ticker GRASIM.NS (1d) | ticker=GRASIM.NS
[2026-07-23 15:08:40,509] INFO    - [feature_store:55] - Successfully loaded 79 features for GRASIM.NS | ticker=GRASIM.NS
[2026-07-23 15:08:40,549] INFO    - [feature_store:142] - Saved Feature Store for GRASIM.NS to storage/features\GRASIM_NS.parquet | ticker=GRASIM.NS
[2026-07-23 15:08:40,550] INFO    - [indicators:289 ] - Computing technical indicators across all categories...
[2026-07-23 15:08:40,674] INFO    - [indicators:305 ] - Successfully computed 59 indicator columns.
[2026-07-23 15:08:40,686] INFO    - [feature_store:55] - Successfully loaded 79 features for GRASIM.NS | ticker=GRASIM.NS
[2026-07-23 15:08:40,722] INFO    - [feature_store:142] - Saved Feature Store for GRASIM.NS to storage/features\GRASIM_NS.parquet | ticker=GRASIM.NS
[2026-07-23 15:08:40,723] INFO    - [candlestick:169] - Computing price action returns and candlestick patterns...
[2026-07-23 15:08:40,786] INFO    - [candlestick:184] - Successfully computed 15 price action / pattern columns.
[2026-07-23 15:08:40,799] INFO    - [feature_store:55] - Successfully loaded 79 features for GRASIM.NS | ticker=GRASIM.NS
[2026-07-23 15:08:40,838] INFO    - [feature_store:142] - Saved Feature Store for GRASIM.NS to storage/features\GRASIM_NS.parquet | ticker=GRASIM.NS
[2026-07-23 15:08:40,862] INFO    - [cache:123      ] - Cache HIT for ticker ^NSEI (1d) | ticker=^NSEI
[2026-07-23 15:08:40,869] INFO    - [cache:123      ] - Cache HIT for ticker ^NSEBANK (1d) | ticker=^NSEBANK
[2026-07-23 15:08:40,876] INFO    - [cache:123      ] - Cache HIT for ticker ^INDIAVIX (1d) | ticker=^INDIAVIX
[2026-07-23 15:08:40,883] INFO    - [cache:123      ] - Cache HIT for ticker ^NSEI (1d) | ticker=^NSEI
[2026-07-23 15:08:40,888] INFO    - [vix_analysis:42] - India VIX: 13.63 (Percentile: 68.0%, Regime: Normal)
[2026-07-23 15:08:40,930] INFO    - [chart_data:31  ] - Constructing client visualization payload...
[2026-07-23 15:08:40,991] WARNING - [gemini_client:43] - Gemini Client uninitialized (missing API Key). Routing to fallback generation.
[2026-07-23 15:08:40,991] INFO    - [gemini_client:184] - Generated graceful fallback report for GRASIM.NS in 0.0ms
[2026-07-23 15:08:40,992] INFO    - [cache:68       ] - Cached new LLM analysis report for GRASIM.NS (1d)
[2026-07-23 15:08:40,993] INFO    - [analysis:362   ] - Completed deterministic analysis for GRASIM.NS in 501.9ms | ticker=GRASIM.NS execution_time=501.85ms
[2026-07-23 15:08:40,995] WARNING - [market_opportunities:155] - Skipping GRASIM.NS during opportunities scan: 'live_quote'
[2026-07-23 15:08:40,996] INFO    - [analysis:158   ] - Normalized ticker input: JIOFIN.NS -> JIOFIN.NS | ticker=JIOFIN.NS
[2026-07-23 15:08:41,004] INFO    - [cache:123      ] - Cache HIT for ticker JIOFIN.NS (1d) | ticker=JIOFIN.NS
[2026-07-23 15:08:41,016] INFO    - [feature_store:55] - Successfully loaded 79 features for JIOFIN.NS | ticker=JIOFIN.NS
[2026-07-23 15:08:41,038] INFO    - [feature_store:142] - Saved Feature Store for JIOFIN.NS to storage/features\JIOFIN_NS.parquet | ticker=JIOFIN.NS
[2026-07-23 15:08:41,039] INFO    - [indicators:289 ] - Computing technical indicators across all categories...
[2026-07-23 15:08:41,145] INFO    - [indicators:305 ] - Successfully computed 59 indicator columns.
[2026-07-23 15:08:41,155] INFO    - [feature_store:55] - Successfully loaded 79 features for JIOFIN.NS | ticker=JIOFIN.NS
[2026-07-23 15:08:41,175] INFO    - [feature_store:142] - Saved Feature Store for JIOFIN.NS to storage/features\JIOFIN_NS.parquet | ticker=JIOFIN.NS
[2026-07-23 15:08:41,177] INFO    - [candlestick:169] - Computing price action returns and candlestick patterns...
[2026-07-23 15:08:41,222] INFO    - [candlestick:184] - Successfully computed 15 price action / pattern columns.
[2026-07-23 15:08:41,233] INFO    - [feature_store:55] - Successfully loaded 79 features for JIOFIN.NS | ticker=JIOFIN.NS
[2026-07-23 15:08:41,271] INFO    - [feature_store:142] - Saved Feature Store for JIOFIN.NS to storage/features\JIOFIN_NS.parquet | ticker=JIOFIN.NS
[2026-07-23 15:08:41,291] INFO    - [cache:123      ] - Cache HIT for ticker ^NSEI (1d) | ticker=^NSEI
[2026-07-23 15:08:41,299] INFO    - [cache:123      ] - Cache HIT for ticker ^NSEBANK (1d) | ticker=^NSEBANK
[2026-07-23 15:08:41,305] INFO    - [cache:123      ] - Cache HIT for ticker ^INDIAVIX (1d) | ticker=^INDIAVIX
[2026-07-23 15:08:41,312] INFO    - [cache:123      ] - Cache HIT for ticker ^NSEI (1d) | ticker=^NSEI
[2026-07-23 15:08:41,315] INFO    - [vix_analysis:42] - India VIX: 13.63 (Percentile: 68.0%, Regime: Normal)
[2026-07-23 15:08:41,337] INFO    - [chart_data:31  ] - Constructing client visualization payload...
[2026-07-23 15:08:41,365] WARNING - [gemini_client:43] - Gemini Client uninitialized (missing API Key). Routing to fallback generation.
[2026-07-23 15:08:41,365] INFO    - [gemini_client:184] - Generated graceful fallback report for JIOFIN.NS in 0.0ms
[2026-07-23 15:08:41,366] INFO    - [cache:68       ] - Cached new LLM analysis report for JIOFIN.NS (1d)
[2026-07-23 15:08:41,366] INFO    - [analysis:362   ] - Completed deterministic analysis for JIOFIN.NS in 367.3ms | ticker=JIOFIN.NS execution_time=367.33ms
[2026-07-23 15:08:41,368] WARNING - [market_opportunities:155] - Skipping JIOFIN.NS during opportunities scan: 'live_quote'
[2026-07-23 15:08:41,368] INFO    - [analysis:158   ] - Normalized ticker input: HAL.NS -> HAL.NS | ticker=HAL.NS
[2026-07-23 15:08:41,375] INFO    - [cache:123      ] - Cache HIT for ticker HAL.NS (1d) | ticker=HAL.NS
[2026-07-23 15:08:41,386] INFO    - [feature_store:55] - Successfully loaded 79 features for HAL.NS | ticker=HAL.NS
[2026-07-23 15:08:41,421] INFO    - [feature_store:142] - Saved Feature Store for HAL.NS to storage/features\HAL_NS.parquet | ticker=HAL.NS
[2026-07-23 15:08:41,422] INFO    - [indicators:289 ] - Computing technical indicators across all categories...
[2026-07-23 15:08:41,529] INFO    - [indicators:305 ] - Successfully computed 59 indicator columns.
[2026-07-23 15:08:41,540] INFO    - [feature_store:55] - Successfully loaded 79 features for HAL.NS | ticker=HAL.NS
[2026-07-23 15:08:41,573] INFO    - [feature_store:142] - Saved Feature Store for HAL.NS to storage/features\HAL_NS.parquet | ticker=HAL.NS
[2026-07-23 15:08:41,574] INFO    - [candlestick:169] - Computing price action returns and candlestick patterns...
[2026-07-23 15:08:41,644] INFO    - [candlestick:184] - Successfully computed 15 price action / pattern columns.
[2026-07-23 15:08:41,654] INFO    - [feature_store:55] - Successfully loaded 79 features for HAL.NS | ticker=HAL.NS
[2026-07-23 15:08:41,685] INFO    - [feature_store:142] - Saved Feature Store for HAL.NS to storage/features\HAL_NS.parquet | ticker=HAL.NS
[2026-07-23 15:08:41,706] INFO    - [cache:123      ] - Cache HIT for ticker ^NSEI (1d) | ticker=^NSEI
[2026-07-23 15:08:41,723] INFO    - [cache:123      ] - Cache HIT for ticker ^NSEBANK (1d) | ticker=^NSEBANK
[2026-07-23 15:08:41,740] INFO    - [cache:123      ] - Cache HIT for ticker ^INDIAVIX (1d) | ticker=^INDIAVIX
[2026-07-23 15:08:41,763] INFO    - [cache:123      ] - Cache HIT for ticker ^NSEI (1d) | ticker=^NSEI
[2026-07-23 15:08:41,767] INFO    - [vix_analysis:42] - India VIX: 13.63 (Percentile: 68.0%, Regime: Normal)
[2026-07-23 15:08:41,841] INFO    - [chart_data:31  ] - Constructing client visualization payload...
[2026-07-23 15:08:41,940] WARNING - [gemini_client:43] - Gemini Client uninitialized (missing API Key). Routing to fallback generation.
[2026-07-23 15:08:41,942] INFO    - [gemini_client:184] - Generated graceful fallback report for HAL.NS in 0.0ms
[2026-07-23 15:08:41,944] INFO    - [cache:68       ] - Cached new LLM analysis report for HAL.NS (1d)
[2026-07-23 15:08:41,947] INFO    - [analysis:362   ] - Completed deterministic analysis for HAL.NS in 566.6ms | ticker=HAL.NS execution_time=566.59ms
[2026-07-23 15:08:41,952] WARNING - [market_opportunities:155] - Skipping HAL.NS during opportunities scan: 'live_quote'
[2026-07-23 15:08:41,953] INFO    - [analysis:158   ] - Normalized ticker input: HINDALCO.NS -> HINDALCO.NS | ticker=HINDALCO.NS
[2026-07-23 15:08:41,973] INFO    - [cache:123      ] - Cache HIT for ticker HINDALCO.NS (1d) | ticker=HINDALCO.NS
[2026-07-23 15:08:41,993] INFO    - [feature_store:55] - Successfully loaded 79 features for HINDALCO.NS | ticker=HINDALCO.NS
[2026-07-23 15:08:42,035] INFO    - [feature_store:142] - Saved Feature Store for HINDALCO.NS to storage/features\HINDALCO_NS.parquet | ticker=HINDALCO.NS
[2026-07-23 15:08:42,037] INFO    - [indicators:289 ] - Computing technical indicators across all categories...
[2026-07-23 15:08:42,185] INFO    - [indicators:305 ] - Successfully computed 59 indicator columns.
[2026-07-23 15:08:42,201] INFO    - [feature_store:55] - Successfully loaded 79 features for HINDALCO.NS | ticker=HINDALCO.NS
[2026-07-23 15:08:42,232] INFO    - [feature_store:142] - Saved Feature Store for HINDALCO.NS to storage/features\HINDALCO_NS.parquet | ticker=HINDALCO.NS
[2026-07-23 15:08:42,233] INFO    - [candlestick:169] - Computing price action returns and candlestick patterns...
[2026-07-23 15:08:42,283] INFO    - [candlestick:184] - Successfully computed 15 price action / pattern columns.
[2026-07-23 15:08:42,293] INFO    - [feature_store:55] - Successfully loaded 79 features for HINDALCO.NS | ticker=HINDALCO.NS
[2026-07-23 15:08:42,324] INFO    - [feature_store:142] - Saved Feature Store for HINDALCO.NS to storage/features\HINDALCO_NS.parquet | ticker=HINDALCO.NS
[2026-07-23 15:08:42,347] INFO    - [cache:123      ] - Cache HIT for ticker ^NSEI (1d) | ticker=^NSEI
[2026-07-23 15:08:42,354] INFO    - [cache:123      ] - Cache HIT for ticker ^NSEBANK (1d) | ticker=^NSEBANK
[2026-07-23 15:08:42,361] INFO    - [cache:123      ] - Cache HIT for ticker ^INDIAVIX (1d) | ticker=^INDIAVIX
[2026-07-23 15:08:42,368] INFO    - [cache:123      ] - Cache HIT for ticker ^NSEI (1d) | ticker=^NSEI
[2026-07-23 15:08:42,371] INFO    - [vix_analysis:42] - India VIX: 13.63 (Percentile: 68.0%, Regime: Normal)
[2026-07-23 15:08:42,402] INFO    - [chart_data:31  ] - Constructing client visualization payload...
[2026-07-23 15:08:42,449] WARNING - [gemini_client:43] - Gemini Client uninitialized (missing API Key). Routing to fallback generation.
[2026-07-23 15:08:42,449] INFO    - [gemini_client:184] - Generated graceful fallback report for HINDALCO.NS in 0.0ms
[2026-07-23 15:08:42,450] INFO    - [cache:68       ] - Cached new LLM analysis report for HINDALCO.NS (1d)
[2026-07-23 15:08:42,451] INFO    - [analysis:362   ] - Completed deterministic analysis for HINDALCO.NS in 494.2ms | ticker=HINDALCO.NS execution_time=494.21ms
[2026-07-23 15:08:42,452] WARNING - [market_opportunities:155] - Skipping HINDALCO.NS during opportunities scan: 'live_quote'
[2026-07-23 15:08:42,452] INFO    - [analysis:158   ] - Normalized ticker input: BPCL.NS -> BPCL.NS | ticker=BPCL.NS
[2026-07-23 15:08:42,460] INFO    - [cache:123      ] - Cache HIT for ticker BPCL.NS (1d) | ticker=BPCL.NS
[2026-07-23 15:08:42,471] INFO    - [feature_store:55] - Successfully loaded 79 features for BPCL.NS | ticker=BPCL.NS
[2026-07-23 15:08:42,495] INFO    - [feature_store:142] - Saved Feature Store for BPCL.NS to storage/features\BPCL_NS.parquet | ticker=BPCL.NS
[2026-07-23 15:08:42,496] INFO    - [indicators:289 ] - Computing technical indicators across all categories...
[2026-07-23 15:08:42,585] INFO    - [indicators:305 ] - Successfully computed 59 indicator columns.
[2026-07-23 15:08:42,597] INFO    - [feature_store:55] - Successfully loaded 79 features for BPCL.NS | ticker=BPCL.NS
[2026-07-23 15:08:42,621] INFO    - [feature_store:142] - Saved Feature Store for BPCL.NS to storage/features\BPCL_NS.parquet | ticker=BPCL.NS
[2026-07-23 15:08:42,622] INFO    - [candlestick:169] - Computing price action returns and candlestick patterns...
[2026-07-23 15:08:42,677] INFO    - [candlestick:184] - Successfully computed 15 price action / pattern columns.
[2026-07-23 15:08:42,686] INFO    - [feature_store:55] - Successfully loaded 79 features for BPCL.NS | ticker=BPCL.NS
[2026-07-23 15:08:42,719] INFO    - [feature_store:142] - Saved Feature Store for BPCL.NS to storage/features\BPCL_NS.parquet | ticker=BPCL.NS
[2026-07-23 15:08:42,749] INFO    - [cache:123      ] - Cache HIT for ticker ^NSEI (1d) | ticker=^NSEI
[2026-07-23 15:08:42,761] INFO    - [cache:123      ] - Cache HIT for ticker ^NSEBANK (1d) | ticker=^NSEBANK
[2026-07-23 15:08:42,771] INFO    - [cache:123      ] - Cache HIT for ticker ^INDIAVIX (1d) | ticker=^INDIAVIX
[2026-07-23 15:08:42,779] INFO    - [cache:123      ] - Cache HIT for ticker ^NSEI (1d) | ticker=^NSEI
[2026-07-23 15:08:42,782] INFO    - [vix_analysis:42] - India VIX: 13.63 (Percentile: 68.0%, Regime: Normal)
[2026-07-23 15:08:42,815] INFO    - [chart_data:31  ] - Constructing client visualization payload...
[2026-07-23 15:08:42,882] WARNING - [gemini_client:43] - Gemini Client uninitialized (missing API Key). Routing to fallback generation.
[2026-07-23 15:08:42,882] INFO    - [gemini_client:184] - Generated graceful fallback report for BPCL.NS in 0.0ms
[2026-07-23 15:08:42,883] INFO    - [cache:68       ] - Cached new LLM analysis report for BPCL.NS (1d)
[2026-07-23 15:08:42,884] INFO    - [analysis:362   ] - Completed deterministic analysis for BPCL.NS in 427.6ms | ticker=BPCL.NS execution_time=427.58ms
[2026-07-23 15:08:42,886] WARNING - [market_opportunities:155] - Skipping BPCL.NS during opportunities scan: 'live_quote'
[2026-07-23 15:08:42,886] INFO    - [analysis:158   ] - Normalized ticker input: ADANIPOWER.NS -> ADANIPOWER.NS | ticker=ADANIPOWER.NS
[2026-07-23 15:08:42,896] INFO    - [cache:123      ] - Cache HIT for ticker ADANIPOWER.NS (1d) | ticker=ADANIPOWER.NS
[2026-07-23 15:08:42,906] INFO    - [feature_store:55] - Successfully loaded 79 features for ADANIPOWER.NS | ticker=ADANIPOWER.NS
[2026-07-23 15:08:42,938] INFO    - [feature_store:142] - Saved Feature Store for ADANIPOWER.NS to storage/features\ADANIPOWER_NS.parquet | ticker=ADANIPOWER.NS
[2026-07-23 15:08:42,939] INFO    - [indicators:289 ] - Computing technical indicators across all categories...
[2026-07-23 15:08:43,039] INFO    - [indicators:305 ] - Successfully computed 59 indicator columns.
[2026-07-23 15:08:43,050] INFO    - [feature_store:55] - Successfully loaded 79 features for ADANIPOWER.NS | ticker=ADANIPOWER.NS
[2026-07-23 15:08:43,073] INFO    - [feature_store:142] - Saved Feature Store for ADANIPOWER.NS to storage/features\ADANIPOWER_NS.parquet | ticker=ADANIPOWER.NS
[2026-07-23 15:08:43,074] INFO    - [candlestick:169] - Computing price action returns and candlestick patterns...
[2026-07-23 15:08:43,123] INFO    - [candlestick:184] - Successfully computed 15 price action / pattern columns.
[2026-07-23 15:08:43,133] INFO    - [feature_store:55] - Successfully loaded 79 features for ADANIPOWER.NS | ticker=ADANIPOWER.NS
[2026-07-23 15:08:43,161] INFO    - [feature_store:142] - Saved Feature Store for ADANIPOWER.NS to storage/features\ADANIPOWER_NS.parquet | ticker=ADANIPOWER.NS
[2026-07-23 15:08:43,191] INFO    - [cache:123      ] - Cache HIT for ticker ^NSEI (1d) | ticker=^NSEI
[2026-07-23 15:08:43,201] INFO    - [cache:123      ] - Cache HIT for ticker ^NSEBANK (1d) | ticker=^NSEBANK
[2026-07-23 15:08:43,212] INFO    - [cache:123      ] - Cache HIT for ticker ^INDIAVIX (1d) | ticker=^INDIAVIX
[2026-07-23 15:08:43,224] INFO    - [cache:123      ] - Cache HIT for ticker ^NSEI (1d) | ticker=^NSEI
[2026-07-23 15:08:43,228] INFO    - [vix_analysis:42] - India VIX: 13.63 (Percentile: 68.0%, Regime: Normal)
[2026-07-23 15:08:43,266] INFO    - [chart_data:31  ] - Constructing client visualization payload...
[2026-07-23 15:08:43,339] WARNING - [gemini_client:43] - Gemini Client uninitialized (missing API Key). Routing to fallback generation.
[2026-07-23 15:08:43,340] INFO    - [gemini_client:184] - Generated graceful fallback report for ADANIPOWER.NS in 1.0ms
[2026-07-23 15:08:43,341] INFO    - [cache:68       ] - Cached new LLM analysis report for ADANIPOWER.NS (1d)
[2026-07-23 15:08:43,345] INFO    - [analysis:362   ] - Completed deterministic analysis for ADANIPOWER.NS in 449.8ms | ticker=ADANIPOWER.NS execution_time=449.80ms
[2026-07-23 15:08:43,348] WARNING - [market_opportunities:155] - Skipping ADANIPOWER.NS during opportunities scan: 'live_quote'
[2026-07-23 15:08:43,350] INFO    - [analysis:158   ] - Normalized ticker input: IOC.NS -> IOC.NS | ticker=IOC.NS
[2026-07-23 15:08:43,365] INFO    - [cache:123      ] - Cache HIT for ticker IOC.NS (1d) | ticker=IOC.NS
[2026-07-23 15:08:43,385] INFO    - [feature_store:55] - Successfully loaded 79 features for IOC.NS | ticker=IOC.NS
[2026-07-23 15:08:43,429] INFO    - [feature_store:142] - Saved Feature Store for IOC.NS to storage/features\IOC_NS.parquet | ticker=IOC.NS
[2026-07-23 15:08:43,430] INFO    - [indicators:289 ] - Computing technical indicators across all categories...
[2026-07-23 15:08:43,571] INFO    - [indicators:305 ] - Successfully computed 59 indicator columns.
[2026-07-23 15:08:43,583] INFO    - [feature_store:55] - Successfully loaded 79 features for IOC.NS | ticker=IOC.NS
[2026-07-23 15:08:43,606] INFO    - [feature_store:142] - Saved Feature Store for IOC.NS to storage/features\IOC_NS.parquet | ticker=IOC.NS
[2026-07-23 15:08:43,607] INFO    - [candlestick:169] - Computing price action returns and candlestick patterns...
[2026-07-23 15:08:43,668] INFO    - [candlestick:184] - Successfully computed 15 price action / pattern columns.
[2026-07-23 15:08:43,694] INFO    - [feature_store:55] - Successfully loaded 79 features for IOC.NS | ticker=IOC.NS
[2026-07-23 15:08:43,753] INFO    - [feature_store:142] - Saved Feature Store for IOC.NS to storage/features\IOC_NS.parquet | ticker=IOC.NS
[2026-07-23 15:08:43,802] INFO    - [cache:123      ] - Cache HIT for ticker ^NSEI (1d) | ticker=^NSEI
[2026-07-23 15:08:43,812] INFO    - [cache:123      ] - Cache HIT for ticker ^NSEBANK (1d) | ticker=^NSEBANK
[2026-07-23 15:08:43,819] INFO    - [cache:123      ] - Cache HIT for ticker ^INDIAVIX (1d) | ticker=^INDIAVIX
[2026-07-23 15:08:43,826] INFO    - [cache:123      ] - Cache HIT for ticker ^NSEI (1d) | ticker=^NSEI
[2026-07-23 15:08:43,830] INFO    - [vix_analysis:42] - India VIX: 13.63 (Percentile: 68.0%, Regime: Normal)
[2026-07-23 15:08:43,865] INFO    - [chart_data:31  ] - Constructing client visualization payload...
[2026-07-23 15:08:43,920] WARNING - [gemini_client:43] - Gemini Client uninitialized (missing API Key). Routing to fallback generation.
[2026-07-23 15:08:43,921] INFO    - [gemini_client:184] - Generated graceful fallback report for IOC.NS in 1.0ms
[2026-07-23 15:08:43,922] INFO    - [cache:68       ] - Cached new LLM analysis report for IOC.NS (1d)
[2026-07-23 15:08:43,923] INFO    - [analysis:362   ] - Completed deterministic analysis for IOC.NS in 568.0ms | ticker=IOC.NS execution_time=567.99ms
[2026-07-23 15:08:43,925] WARNING - [market_opportunities:155] - Skipping IOC.NS during opportunities scan: 'live_quote'
[2026-07-23 15:08:43,926] INFO    - [analysis:158   ] - Normalized ticker input: BEL.NS -> BEL.NS | ticker=BEL.NS
[2026-07-23 15:08:43,936] INFO    - [cache:123      ] - Cache HIT for ticker BEL.NS (1d) | ticker=BEL.NS
[2026-07-23 15:08:43,949] INFO    - [feature_store:55] - Successfully loaded 79 features for BEL.NS | ticker=BEL.NS
[2026-07-23 15:08:43,983] INFO    - [feature_store:142] - Saved Feature Store for BEL.NS to storage/features\BEL_NS.parquet | ticker=BEL.NS
[2026-07-23 15:08:43,984] INFO    - [indicators:289 ] - Computing technical indicators across all categories...
[2026-07-23 15:08:44,101] INFO    - [indicators:305 ] - Successfully computed 59 indicator columns.
[2026-07-23 15:08:44,113] INFO    - [feature_store:55] - Successfully loaded 79 features for BEL.NS | ticker=BEL.NS
[2026-07-23 15:08:44,150] INFO    - [feature_store:142] - Saved Feature Store for BEL.NS to storage/features\BEL_NS.parquet | ticker=BEL.NS
[2026-07-23 15:08:44,151] INFO    - [candlestick:169] - Computing price action returns and candlestick patterns...
[2026-07-23 15:08:44,219] INFO    - [candlestick:184] - Successfully computed 15 price action / pattern columns.
[2026-07-23 15:08:44,228] INFO    - [feature_store:55] - Successfully loaded 79 features for BEL.NS | ticker=BEL.NS
[2026-07-23 15:08:44,257] INFO    - [feature_store:142] - Saved Feature Store for BEL.NS to storage/features\BEL_NS.parquet | ticker=BEL.NS
[2026-07-23 15:08:44,281] INFO    - [cache:123      ] - Cache HIT for ticker ^NSEI (1d) | ticker=^NSEI
[2026-07-23 15:08:44,290] INFO    - [cache:123      ] - Cache HIT for ticker ^NSEBANK (1d) | ticker=^NSEBANK
[2026-07-23 15:08:44,297] INFO    - [cache:123      ] - Cache HIT for ticker ^INDIAVIX (1d) | ticker=^INDIAVIX
[2026-07-23 15:08:44,307] INFO    - [cache:123      ] - Cache HIT for ticker ^NSEI (1d) | ticker=^NSEI
[2026-07-23 15:08:44,313] INFO    - [vix_analysis:42] - India VIX: 13.63 (Percentile: 68.0%, Regime: Normal)
[2026-07-23 15:08:44,363] INFO    - [chart_data:31  ] - Constructing client visualization payload...
[2026-07-23 15:08:44,406] WARNING - [gemini_client:43] - Gemini Client uninitialized (missing API Key). Routing to fallback generation.
[2026-07-23 15:08:44,406] INFO    - [gemini_client:184] - Generated graceful fallback report for BEL.NS in 0.0ms
[2026-07-23 15:08:44,407] INFO    - [cache:68       ] - Cached new LLM analysis report for BEL.NS (1d)
[2026-07-23 15:08:44,408] INFO    - [analysis:362   ] - Completed deterministic analysis for BEL.NS in 477.9ms | ticker=BEL.NS execution_time=477.92ms
[2026-07-23 15:08:44,410] WARNING - [market_opportunities:155] - Skipping BEL.NS during opportunities scan: 'live_quote'
[2026-07-23 15:08:44,410] INFO    - [analysis:158   ] - Normalized ticker input: IRFC.NS -> IRFC.NS | ticker=IRFC.NS
[2026-07-23 15:08:44,416] INFO    - [cache:123      ] - Cache HIT for ticker IRFC.NS (1d) | ticker=IRFC.NS
[2026-07-23 15:08:44,426] INFO    - [feature_store:55] - Successfully loaded 79 features for IRFC.NS | ticker=IRFC.NS
[2026-07-23 15:08:44,455] INFO    - [feature_store:142] - Saved Feature Store for IRFC.NS to storage/features\IRFC_NS.parquet | ticker=IRFC.NS
[2026-07-23 15:08:44,457] INFO    - [indicators:289 ] - Computing technical indicators across all categories...
[2026-07-23 15:08:44,539] INFO    - [indicators:305 ] - Successfully computed 59 indicator columns.
[2026-07-23 15:08:44,549] INFO    - [feature_store:55] - Successfully loaded 79 features for IRFC.NS | ticker=IRFC.NS
[2026-07-23 15:08:44,572] INFO    - [feature_store:142] - Saved Feature Store for IRFC.NS to storage/features\IRFC_NS.parquet | ticker=IRFC.NS
[2026-07-23 15:08:44,573] INFO    - [candlestick:169] - Computing price action returns and candlestick patterns...
[2026-07-23 15:08:44,637] INFO    - [candlestick:184] - Successfully computed 15 price action / pattern columns.
[2026-07-23 15:08:44,649] INFO    - [feature_store:55] - Successfully loaded 79 features for IRFC.NS | ticker=IRFC.NS
[2026-07-23 15:08:44,692] INFO    - [feature_store:142] - Saved Feature Store for IRFC.NS to storage/features\IRFC_NS.parquet | ticker=IRFC.NS
[2026-07-23 15:08:44,746] INFO    - [cache:123      ] - Cache HIT for ticker ^NSEI (1d) | ticker=^NSEI
[2026-07-23 15:08:44,757] INFO    - [cache:123      ] - Cache HIT for ticker ^NSEBANK (1d) | ticker=^NSEBANK
[2026-07-23 15:08:44,765] INFO    - [cache:123      ] - Cache HIT for ticker ^INDIAVIX (1d) | ticker=^INDIAVIX
[2026-07-23 15:08:44,771] INFO    - [cache:123      ] - Cache HIT for ticker ^NSEI (1d) | ticker=^NSEI
[2026-07-23 15:08:44,776] INFO    - [vix_analysis:42] - India VIX: 13.63 (Percentile: 68.0%, Regime: Normal)
[2026-07-23 15:08:44,831] INFO    - [chart_data:31  ] - Constructing client visualization payload...
[2026-07-23 15:08:44,934] WARNING - [gemini_client:43] - Gemini Client uninitialized (missing API Key). Routing to fallback generation.
[2026-07-23 15:08:44,935] INFO    - [gemini_client:184] - Generated graceful fallback report for IRFC.NS in 1.0ms
[2026-07-23 15:08:44,935] INFO    - [cache:68       ] - Cached new LLM analysis report for IRFC.NS (1d)
[2026-07-23 15:08:44,936] INFO    - [analysis:362   ] - Completed deterministic analysis for IRFC.NS in 522.9ms | ticker=IRFC.NS execution_time=522.94ms
[2026-07-23 15:08:44,938] WARNING - [market_opportunities:155] - Skipping IRFC.NS during opportunities scan: 'live_quote'
[2026-07-23 15:08:44,938] INFO    - [analysis:158   ] - Normalized ticker input: PNB.NS -> PNB.NS | ticker=PNB.NS
[2026-07-23 15:08:44,947] INFO    - [cache:123      ] - Cache HIT for ticker PNB.NS (1d) | ticker=PNB.NS
[2026-07-23 15:08:44,959] INFO    - [feature_store:55] - Successfully loaded 79 features for PNB.NS | ticker=PNB.NS
[2026-07-23 15:08:44,983] INFO    - [feature_store:142] - Saved Feature Store for PNB.NS to storage/features\PNB_NS.parquet | ticker=PNB.NS
[2026-07-23 15:08:44,984] INFO    - [indicators:289 ] - Computing technical indicators across all categories...
[2026-07-23 15:08:45,079] INFO    - [indicators:305 ] - Successfully computed 59 indicator columns.
[2026-07-23 15:08:45,088] INFO    - [feature_store:55] - Successfully loaded 79 features for PNB.NS | ticker=PNB.NS
[2026-07-23 15:08:45,119] INFO    - [feature_store:142] - Saved Feature Store for PNB.NS to storage/features\PNB_NS.parquet | ticker=PNB.NS
[2026-07-23 15:08:45,119] INFO    - [candlestick:169] - Computing price action returns and candlestick patterns...
[2026-07-23 15:08:45,180] INFO    - [candlestick:184] - Successfully computed 15 price action / pattern columns.
[2026-07-23 15:08:45,190] INFO    - [feature_store:55] - Successfully loaded 79 features for PNB.NS | ticker=PNB.NS
[2026-07-23 15:08:45,214] INFO    - [feature_store:142] - Saved Feature Store for PNB.NS to storage/features\PNB_NS.parquet | ticker=PNB.NS
[2026-07-23 15:08:45,235] INFO    - [cache:123      ] - Cache HIT for ticker ^NSEI (1d) | ticker=^NSEI
[2026-07-23 15:08:45,243] INFO    - [cache:123      ] - Cache HIT for ticker ^NSEBANK (1d) | ticker=^NSEBANK
[2026-07-23 15:08:45,249] INFO    - [cache:123      ] - Cache HIT for ticker ^INDIAVIX (1d) | ticker=^INDIAVIX
[2026-07-23 15:08:45,255] INFO    - [cache:123      ] - Cache HIT for ticker ^NSEI (1d) | ticker=^NSEI
[2026-07-23 15:08:45,259] INFO    - [vix_analysis:42] - India VIX: 13.63 (Percentile: 68.0%, Regime: Normal)
[2026-07-23 15:08:45,294] INFO    - [chart_data:31  ] - Constructing client visualization payload...
[2026-07-23 15:08:45,366] WARNING - [gemini_client:43] - Gemini Client uninitialized (missing API Key). Routing to fallback generation.
[2026-07-23 15:08:45,367] INFO    - [gemini_client:184] - Generated graceful fallback report for PNB.NS in 0.0ms
[2026-07-23 15:08:45,367] INFO    - [cache:68       ] - Cached new LLM analysis report for PNB.NS (1d)
[2026-07-23 15:08:45,368] INFO    - [analysis:362   ] - Completed deterministic analysis for PNB.NS in 426.0ms | ticker=PNB.NS execution_time=425.99ms
[2026-07-23 15:08:45,369] WARNING - [market_opportunities:155] - Skipping PNB.NS during opportunities scan: 'live_quote'
[2026-07-23 15:08:45,369] INFO    - [analysis:158   ] - Normalized ticker input: DLF.NS -> DLF.NS | ticker=DLF.NS
[2026-07-23 15:08:45,377] INFO    - [cache:123      ] - Cache HIT for ticker DLF.NS (1d) | ticker=DLF.NS
[2026-07-23 15:08:45,386] INFO    - [feature_store:55] - Successfully loaded 79 features for DLF.NS | ticker=DLF.NS
[2026-07-23 15:08:45,414] INFO    - [feature_store:142] - Saved Feature Store for DLF.NS to storage/features\DLF_NS.parquet | ticker=DLF.NS
[2026-07-23 15:08:45,414] INFO    - [indicators:289 ] - Computing technical indicators across all categories...
[2026-07-23 15:08:45,525] INFO    - [indicators:305 ] - Successfully computed 59 indicator columns.
[2026-07-23 15:08:45,537] INFO    - [feature_store:55] - Successfully loaded 79 features for DLF.NS | ticker=DLF.NS
[2026-07-23 15:08:45,595] INFO    - [feature_store:142] - Saved Feature Store for DLF.NS to storage/features\DLF_NS.parquet | ticker=DLF.NS
[2026-07-23 15:08:45,596] INFO    - [candlestick:169] - Computing price action returns and candlestick patterns...
[2026-07-23 15:08:45,674] INFO    - [candlestick:184] - Successfully computed 15 price action / pattern columns.
[2026-07-23 15:08:45,686] INFO    - [feature_store:55] - Successfully loaded 79 features for DLF.NS | ticker=DLF.NS
[2026-07-23 15:08:45,786] INFO    - [feature_store:142] - Saved Feature Store for DLF.NS to storage/features\DLF_NS.parquet | ticker=DLF.NS
[2026-07-23 15:08:45,826] INFO    - [cache:123      ] - Cache HIT for ticker ^NSEI (1d) | ticker=^NSEI
[2026-07-23 15:08:45,833] INFO    - [cache:123      ] - Cache HIT for ticker ^NSEBANK (1d) | ticker=^NSEBANK
[2026-07-23 15:08:45,840] INFO    - [cache:123      ] - Cache HIT for ticker ^INDIAVIX (1d) | ticker=^INDIAVIX
[2026-07-23 15:08:45,847] INFO    - [cache:123      ] - Cache HIT for ticker ^NSEI (1d) | ticker=^NSEI
[2026-07-23 15:08:45,851] INFO    - [vix_analysis:42] - India VIX: 13.63 (Percentile: 68.0%, Regime: Normal)
[2026-07-23 15:08:45,882] INFO    - [chart_data:31  ] - Constructing client visualization payload...
[2026-07-23 15:08:45,928] WARNING - [gemini_client:43] - Gemini Client uninitialized (missing API Key). Routing to fallback generation.
[2026-07-23 15:08:45,929] INFO    - [gemini_client:184] - Generated graceful fallback report for DLF.NS in 1.0ms
[2026-07-23 15:08:45,930] INFO    - [cache:68       ] - Cached new LLM analysis report for DLF.NS (1d)
[2026-07-23 15:08:45,932] INFO    - [analysis:362   ] - Completed deterministic analysis for DLF.NS in 556.6ms | ticker=DLF.NS execution_time=556.64ms
[2026-07-23 15:08:45,933] WARNING - [market_opportunities:155] - Skipping DLF.NS during opportunities scan: 'live_quote'
[2026-07-23 15:08:45,959] INFO    - [market_opportunities:84] - Top Opportunities cache HIT
[2026-07-23 15:08:45,975] INFO    - [market_opportunities:84] - Top Opportunities cache HIT
