Date,Adj Close,Close,High,Low,Open,Volume
2021-07-23,19503.80078125,19503.80078125,19686.30078125,19465.30078125,19673.94921875,649600
2021-07-26,19300.099609375,19300.099609375,19496.55078125,19273.44921875,19491.5,638700
2021-07-27,19116.150390625,19116.150390625,19353.69921875,19070.900390625,19320.0,643900
2021-07-28,19011.75,19011.75,19162.5,18803.30078125,19159.75,798600
2021-07-29,18975.349609375,18975.349609375,19134.0,18928.19921875,19101.30078125,968200
2021-07-30,18934.150390625,18934.150390625,19166.94921875,18902.849609375,19029.75,1417000
2021-08-02,19229.150390625,19229.150390625,19252.44921875,18982.05078125,19045.900390625,1687500
2021-08-03,19385.30078125,19385.30078125,19436.80078125,19232.05078125,19360.05078125,1353700
2021-08-04,19405.19921875,19405.19921875,19577.0,19356.30078125,19463.44921875,1086000
2021-08-05,19432.44921875,19432.44921875,19483.55078125,19228.849609375,19417.75,1199200
2021-08-06,19411.80078125,19411.80078125,19636.44921875,19362.55078125,19463.69921875,1559000
2021-08-09,19272.75,19272.75,19458.55078125,19187.44921875,19458.55078125,1242057700
2021-08-10,19135.75,19135.75,19370.05078125,19000.599609375,19319.25,1025800
2021-08-11,19400.75,19400.75,19440.349609375,19091.5,19199.75,1133400
2021-08-12,19599.05078125,19599.05078125,19629.900390625,19384.75,19415.650390625,1387100
2021-08-13,19677.05078125,19677.05078125,19692.099609375,19567.69921875,19590.75,980800
2021-08-16,19786.05078125,19786.05078125,19888.19921875,19601.75,19703.900390625,1078300
2021-08-17,19722.44921875,19722.44921875,19871.349609375,19584.150390625,19803.05078125,986900
2021-08-18,19685.0,19685.0,19834.55078125,19609.900390625,19803.69921875,879600
2021-08-20,19348.69921875,19348.69921875,19561.150390625,19285.19921875,19436.30078125,1176700
2021-08-23,19332.150390625,19332.150390625,19518.5,19132.5,19518.5,913800
2021-08-24,19562.5,19562.5,19604.349609375,19393.69921875,19425.94921875,1078100
2021-08-25,19757.25,19757.25,19797.55078125,19592.55078125,19625.150390625,870400
2021-08-26,19865.05078125,19865.05078125,19904.099609375,19729.05078125,19847.55078125,839300
2021-08-27,19942.44921875,19942.44921875,19966.650390625,19753.650390625,19914.599609375,689600
2021-08-30,20243.650390625,20243.650390625,20271.19921875,19977.75,20036.150390625,958800
2021-08-31,20289.69921875,20289.69921875,20340.80078125,20122.900390625,20273.25,1476600
2021-09-01,20356.55078125,20356.55078125,20476.55078125,20323.05078125,20421.05078125,953700
2021-09-02,20466.0,20466.0,20508.75,20267.099609375,20270.05078125,870400
2021-09-03,20934.0,20934.0,20958.75,20560.150390625,20592.5,1177900
2021-09-06,21008.55078125,21008.55078125,21242.900390625,20943.19921875,21104.099609375,864300
2021-09-07,20934.5,20934.5,21094.44921875,20830.75,21055.75,715200
2021-09-08,21004.69921875,21004.69921875,21036.599609375,20795.650390625,20871.19921875,880000
2021-09-09,21148.349609375,21148.349609375,21186.099609375,20959.55078125,21008.44921875,893600
2021-09-13,20988.599609375,20988.599609375,21200.650390625,20893.55078125,21200.650390625,735600
2021-09-14,21034.900390625,21034.900390625,21179.150390625,20983.349609375,21040.599609375,1094700
2021-09-15,21350.650390625,21350.650390625,21396.94921875,21065.94921875,21068.400390625,2287700
2021-09-16,21665.25,21665.25,21694.5,21329.94921875,21440.5,1317000
2021-09-17,21444.650390625,21444.650390625,21785.30078125,21300.94921875,21768.849609375,1792800
2021-09-20,21213.44921875,21213.44921875,21442.69921875,21115.30078125,21236.05078125,1007400
2021-09-21,21324.5,21324.5,21403.94921875,21126.349609375,21213.5,1291200
2021-09-22,21499.25,21499.25,21576.30078125,21369.900390625,21394.30078125,899400
2021-09-23,21893.25,21893.25,21934.650390625,21622.30078125,21634.099609375,1234100
2021-09-24,21716.44921875,21716.44921875,21993.650390625,21664.900390625,21979.849609375,1192200
2021-09-27,22006.05078125,22006.05078125,22034.150390625,21758.150390625,21841.0,1132300
2021-09-28,22449.349609375,22449.349609375,22528.900390625,22060.55078125,22111.44921875,2252500
2021-09-29,22864.55078125,22864.55078125,22914.25,22313.55078125,22441.30078125,3801000
2021-09-30,22858.55078125,22858.55078125,22956.30078125,22678.849609375,22920.900390625,2356000
2021-10-01,23000.19921875,23000.19921875,23136.69921875,22764.25,22827.69921875,2350400
2021-10-04,23334.599609375,23334.599609375,23382.80078125,23054.099609375,23222.05078125,2011900
2021-10-05,24006.150390625,24006.150390625,24031.69921875,23429.55078125,23451.80078125,3910800
2021-10-06,23898.0,23898.0,24405.150390625,23828.30078125,24210.44921875,2989600
2021-10-07,23804.400390625,23804.400390625,24187.75,23779.80078125,24187.75,1868900
2021-10-08,23902.30078125,23902.30078125,24028.55078125,23721.650390625,23948.349609375,1221400
2021-10-11,24161.55078125,24161.55078125,24334.400390625,24105.849609375,24132.25,1972800
2021-10-12,24265.94921875,24265.94921875,24321.599609375,23987.75,24230.44921875,1700300
2021-10-13,24604.400390625,24604.400390625,24743.0,24296.099609375,24367.94921875,3968900
2021-10-14,24766.349609375,24766.349609375,24826.44921875,24658.55078125,24730.599609375,2232500
2021-10-18,25148.69921875,25148.69921875,25293.94921875,24894.849609375,25010.75,3934100
2021-10-19,24785.650390625,24785.650390625,25343.5,24704.150390625,25334.25,3159800
2021-10-20,24381.849609375,24381.849609375,24798.150390625,24257.19921875,24790.0,3009700
2021-10-21,24306.400390625,24306.400390625,24682.900390625,24162.849609375,24649.25,2025500
2021-10-22,24280.5,24280.5,24509.400390625,24094.650390625,24381.05078125,1596800
2021-10-25,24160.19921875,24160.19921875,24540.650390625,23933.25,24524.25,1791800
2021-10-26,24372.44921875,24372.44921875,24439.099609375,24204.30078125,24247.400390625,1960300
2021-10-27,24184.849609375,24184.849609375,24474.099609375,24091.900390625,24402.05078125,1519900
2021-10-28,23580.849609375,23580.849609375,24161.349609375,23512.400390625,24029.5,1455900
2021-10-29,23236.099609375,23236.099609375,23633.599609375,22974.349609375,23381.150390625,2225600
2021-11-01,23504.5,23504.5,23573.099609375,23176.099609375,23415.80078125,1339800
2021-11-02,23421.69921875,23421.69921875,23707.55078125,23394.44921875,23618.75,1770600
2021-11-03,23489.44921875,23489.44921875,23609.19921875,23284.75,23440.75,1312200
2021-11-04,23584.05078125,23584.05078125,23723.650390625,23551.30078125,23648.349609375,236600
2021-11-08,23938.80078125,23938.80078125,23975.0,23564.80078125,23827.25,1524100
2021-11-09,24004.30078125,24004.30078125,24062.849609375,23853.099609375,23963.69921875,1711900
2021-11-10,24041.30078125,24041.30078125,24093.25,23836.599609375,23932.650390625,1166800
2021-11-11,23894.75,23894.75,24005.55078125,23803.599609375,23908.150390625,1165100
2021-11-12,24209.30078125,24209.30078125,24245.349609375,23962.5,24076.19921875,936600
2021-11-15,24268.849609375,24268.849609375,24453.44921875,24160.5,24359.05078125,1202000
2021-11-16,23944.650390625,23944.650390625,24308.900390625,23856.099609375,24298.349609375,1063000
2021-11-17,23837.900390625,23837.900390625,24082.44921875,23774.19921875,23880.44921875,1201800
2021-11-18,23794.349609375,23794.349609375,23898.94921875,23554.599609375,23842.400390625,1469200
2021-11-22,23118.30078125,23118.30078125,23754.94921875,22973.55078125,23713.80078125,1552200
2021-11-23,23586.94921875,23586.94921875,23622.5,22849.599609375,22914.5,1483300
2021-11-24,23650.05078125,23650.05078125,23967.150390625,23580.099609375,23646.599609375,1576000
2021-11-25,24218.25,24218.25,24298.650390625,23587.599609375,23744.05078125,1319100
2021-11-26,23349.400390625,23349.400390625,23942.099609375,23254.80078125,23869.25,1634400
2021-11-29,23052.150390625,23052.150390625,23371.80078125,22829.55078125,23207.75,1711200
2021-11-30,22823.44921875,22823.44921875,23429.349609375,22709.94921875,23070.44921875,3543400
2021-12-01,23110.80078125,23110.80078125,23169.55078125,22718.75,22817.94921875,1531900
2021-12-02,23491.599609375,23491.599609375,23541.849609375,23110.94921875,23172.55078125,1598700
2021-12-03,23258.349609375,23258.349609375,23665.30078125,23206.650390625,23543.650390625,1508400
2021-12-06,22900.5,22900.5,23354.19921875,22863.75,23319.25,997200
2021-12-07,23172.5,23172.5,23238.94921875,23012.900390625,23060.44921875,879100
2021-12-08,23362.80078125,23362.80078125,23464.25,23243.44921875,23252.0,884100
2021-12-09,23408.30078125,23408.30078125,23510.650390625,23325.30078125,23450.349609375,796300
2021-12-10,23429.94921875,23429.94921875,23463.5,23285.80078125,23340.150390625,767000
2021-12-13,23177.349609375,23177.349609375,23804.0,23114.05078125,23640.0,1150100
2021-12-14,23361.400390625,23361.400390625,23398.44921875,23092.30078125,23093.94921875,1199900
2021-12-15,23185.69921875,23185.69921875,23510.0,23138.44921875,23385.94921875,827300
2021-12-16,23175.150390625,23175.150390625,23412.0,23121.75,23411.25,1072000
2021-12-17,22755.75,22755.75,23193.94921875,22663.30078125,23124.849609375,1320500
2021-12-20,22070.44921875,22070.44921875,22540.849609375,21841.94921875,22498.349609375,1400500
2021-12-21,22325.69921875,22325.69921875,22487.69921875,22184.900390625,22319.30078125,937300
2021-12-22,22580.30078125,22580.30078125,22616.599609375,22327.849609375,22424.55078125,763000
2021-12-23,22869.650390625,22869.650390625,22910.400390625,22661.599609375,22698.75,753300
2021-12-24,22588.849609375,22588.849609375,22956.599609375,22514.25,22907.94921875,671000
2021-12-27,22561.44921875,22561.44921875,22640.599609375,22464.75,22591.349609375,479300
2021-12-28,22816.599609375,22816.599609375,22854.30078125,22665.650390625,22696.19921875,654900
2021-12-29,22745.349609375,22745.349609375,22881.900390625,22657.69921875,22770.19921875,654900
2021-12-30,22485.400390625,22485.400390625,22726.05078125,22406.849609375,22698.44921875,1619200
2021-12-31,22631.94921875,22631.94921875,22692.849609375,22501.0,22531.0,542000
2022-01-03,22849.25,22849.25,22892.75,22630.30078125,22657.849609375,544800
2022-01-04,23370.349609375,23370.349609375,23417.25,22924.650390625,22962.80078125,1176100
2022-01-05,23518.0,23518.0,23548.25,23274.94921875,23333.349609375,925200
2022-01-06,23370.599609375,23370.599609375,23421.25,23148.0,23419.0,799800
2022-01-07,23577.69921875,23577.69921875,23641.75,23379.0,23477.099609375,1106400
2022-01-10,23712.349609375,23712.349609375,23749.80078125,23517.80078125,23647.25,755400
2022-01-11,24003.30078125,24003.30078125,24051.44921875,23706.0,23777.5,823400
2022-01-12,24515.80078125,24515.80078125,24565.30078125,24118.900390625,24211.0,981700
2022-01-13,24817.55078125,24817.55078125,24847.099609375,24505.55078125,24629.900390625,1141600
2022-01-14,24867.849609375,24867.849609375,24902.5,24652.25,24754.44921875,1010900
2022-01-17,25184.5,25184.5,25236.5,24875.849609375,24891.349609375,1017400
2022-01-18,25054.94921875,25054.94921875,25418.900390625,24987.849609375,25266.599609375,892200
2022-01-19,25293.94921875,25293.94921875,25330.099609375,24997.599609375,25136.19921875,1455000
2022-01-20,25270.099609375,25270.099609375,25339.650390625,25049.80078125,25241.94921875,1060400
2022-01-21,25055.849609375,25055.849609375,25289.05078125,24774.5,25113.599609375,1088500
2022-01-24,24425.25,24425.25,25285.849609375,24231.0,25098.94921875,1355600
2022-01-25,24716.400390625,24716.400390625,24800.55078125,23857.900390625,24062.94921875,1188200
2022-01-27,24557.0,24557.0,24744.80078125,24367.650390625,24512.19921875,1383600
2022-01-28,24677.0,24677.0,25079.099609375,24618.900390625,24873.099609375,1458500
2022-01-31,24983.94921875,24983.94921875,25210.650390625,24901.150390625,24993.25,1232300
2022-02-01,24888.44921875,24888.44921875,25261.099609375,24622.5,25180.349609375,1653900
2022-02-02,24998.94921875,24998.94921875,25138.75,24918.75,25069.099609375,837600
2022-02-03,24728.94921875,24728.94921875,25032.599609375,24678.900390625,24944.94921875,884300
2022-02-04,24699.150390625,24699.150390625,24868.400390625,24621.44921875,24774.900390625,1055800
2022-02-07,24825.0,24825.0,25003.599609375,24665.150390625,24817.349609375,876400
2022-02-08,24500.900390625,24500.900390625,24982.349609375,24340.25,24920.25,1484100
2022-02-09,24514.349609375,24514.349609375,24638.19921875,24451.55078125,24579.900390625,959700
2022-02-10,24685.55078125,24685.55078125,24738.349609375,24528.25,24599.150390625,1475900
2022-02-11,24549.69921875,24549.69921875,24703.400390625,24455.30078125,24591.19921875,1114400
2022-02-14,23899.80078125,23899.80078125,24333.599609375,23819.650390625,24211.19921875,1295900
2022-02-15,24363.80078125,24363.80078125,24401.55078125,23608.25,23980.69921875,1209100
2022-02-16,24392.94921875,24392.94921875,24621.69921875,24311.44921875,24417.099609375,1067900
2022-02-17,24757.94921875,24757.94921875,24870.849609375,24501.5,24568.150390625,941300
2022-02-18,24540.69921875,24540.69921875,24937.099609375,24495.400390625,24755.5,662800
2022-02-21,24174.400390625,24174.400390625,24489.80078125,24119.19921875,24470.75,788200
2022-02-22,24166.349609375,24166.349609375,24242.69921875,23644.30078125,23696.25,1159900
2022-02-23,24164.75,24164.75,24477.30078125,24116.25,24306.599609375,831300
2022-02-24,22928.099609375,22928.099609375,23679.099609375,22831.099609375,23513.75,1630900
2022-02-25,23590.599609375,23590.599609375,23644.94921875,23245.25,23254.650390625,1292600
2022-02-28,24212.099609375,24212.099609375,24255.55078125,23342.80078125,23403.80078125,1591600
2022-03-02,24520.650390625,24520.650390625,24636.44921875,23975.69921875,24061.05078125,1657500
2022-03-03,24968.25,24968.25,25027.599609375,24788.05078125,24826.150390625,1561800
2022-03-04,24491.349609375,24491.349609375,24977.0,24443.75,24871.5,1295700
2022-03-07,24207.599609375,24207.599609375,24336.599609375,23961.0,24156.400390625,2535400
2022-03-08,24229.0,24229.0,24580.150390625,23804.30078125,24190.849609375,2220700
2022-03-09,24459.099609375,24459.099609375,24636.599609375,24339.900390625,24513.69921875,1541100
2022-03-10,24816.650390625,24816.650390625,24913.30078125,24578.80078125,24755.19921875,1751400
2022-03-11,25004.30078125,25004.30078125,25043.05078125,24722.69921875,24760.80078125,1075900
2022-03-14,24889.80078125,24889.80078125,25040.80078125,24716.30078125,24960.44921875,929900
2022-03-15,24347.94921875,24347.94921875,24918.900390625,24205.0,24886.599609375,1219500
2022-03-16,24783.80078125,24783.80078125,24810.900390625,24520.55078125,24598.55078125,885500
2022-03-17,25304.80078125,25304.80078125,25383.80078125,24884.900390625,25020.19921875,1884000
2022-03-21,24936.650390625,24936.650390625,25355.75,24893.5,25274.349609375,991700
2022-03-22,25359.5,25359.5,25408.0,24991.150390625,25014.650390625,1268900
2022-03-23,25569.75,25569.75,25689.94921875,25431.849609375,25431.849609375,1056800
2022-03-24,25789.099609375,25789.099609375,25815.900390625,25478.94921875,25485.69921875,1033700
2022-03-25,25833.55078125,25833.55078125,25917.900390625,25710.25,25849.80078125,819200
2022-03-28,25989.30078125,25989.30078125,26023.19921875,25716.150390625,25965.400390625,968400
2022-03-29,25889.94921875,25889.94921875,26128.900390625,25852.75,26128.900390625,778000
2022-03-30,25856.19921875,25856.19921875,26236.349609375,25689.05078125,25959.55078125,3136100
2022-03-31,25822.0,25822.0,25955.0,25718.349609375,25822.05078125,1301600
2022-04-01,26454.5,26454.5,26540.849609375,25893.900390625,25921.099609375,1557100
2022-04-04,26841.0,26841.0,26895.900390625,26432.05078125,26493.099609375,1141200
2022-04-05,27150.650390625,27150.650390625,27237.30078125,26871.30078125,26966.599609375,1837600
2022-04-06,27472.05078125,27472.05078125,27571.650390625,27023.80078125,27035.650390625,3422300
2022-04-07,27005.150390625,27005.150390625,27813.349609375,26926.69921875,27403.849609375,2643800
2022-04-08,27512.69921875,27512.69921875,27594.75,27150.69921875,27229.150390625,1322500
2022-04-11,28235.25,28235.25,28440.19921875,27624.5,27672.80078125,1192000
2022-04-12,28059.05078125,28059.05078125,28706.349609375,27910.599609375,28384.650390625,1359000
2022-04-13,28193.69921875,28193.69921875,28543.349609375,28056.25,28388.05078125,1163900
2022-04-18,28423.19921875,28423.19921875,28524.849609375,27850.25,28109.30078125,2484500
2022-04-19,28440.849609375,28440.849609375,29080.75,28046.400390625,28710.75,1904900
2022-04-20,28690.69921875,28690.69921875,28957.5,28537.900390625,28737.19921875,1377400
2022-04-21,29026.0,29026.0,29086.19921875,28774.0,28965.099609375,1348700
2022-04-22,28877.650390625,28877.650390625,29172.30078125,28814.150390625,28891.349609375,954600
2022-04-25,28155.099609375,28155.099609375,28651.75,28015.599609375,28562.30078125,1053300
2022-04-26,28902.599609375,28902.599609375,29015.150390625,28353.80078125,28468.44921875,972600
2022-04-27,28527.599609375,28527.599609375,28987.05078125,28471.150390625,28840.69921875,1112600
2022-04-28,29046.099609375,29046.099609375,29168.30078125,28651.849609375,28939.30078125,1154500
2022-04-29,28594.150390625,28594.150390625,29304.05078125,28424.400390625,29302.69921875,1127500
2022-05-02,28573.650390625,28573.650390625,28612.25,28271.75,28342.69921875,930000
2022-05-04,28201.400390625,28201.400390625,28743.30078125,28016.0,28634.349609375,1246700
2022-05-05,28284.900390625,28284.900390625,28655.900390625,28114.25,28538.349609375,1260100
2022-05-06,28339.0,28339.0,28442.349609375,27783.80078125,27901.599609375,1104100
2022-05-09,27570.25,27570.25,28097.19921875,27480.05078125,27968.849609375,1614800
2022-05-10,26581.349609375,26581.349609375,27700.349609375,26482.05078125,27425.349609375,1338200
2022-05-11,26464.69921875,26464.69921875,27229.44921875,26102.900390625,26596.05078125,1100400
2022-05-12,25719.150390625,25719.150390625,26581.94921875,25590.849609375,26427.400390625,1271700
2022-05-13,25347.650390625,25347.650390625,26239.099609375,25155.44921875,26048.69921875,1162000
2022-05-16,25657.400390625,25657.400390625,25825.150390625,25218.19921875,25482.25,796000
2022-05-17,26455.849609375,26455.849609375,26523.44921875,25730.900390625,25885.5,1163500
2022-05-18,26314.900390625,26314.900390625,26686.94921875,26261.30078125,26540.25,1379500
2022-05-19,25839.75,25839.75,25938.599609375,25669.599609375,25754.349609375,899900
2022-05-20,26433.5,26433.5,26517.94921875,26110.69921875,26285.80078125,915300
2022-05-23,26052.0,26052.0,26767.599609375,26006.25,26619.55078125,991600
2022-05-24,25824.19921875,25824.19921875,26288.75,25696.80078125,26143.30078125,950100
2022-05-25,25778.0,25778.0,26105.80078125,25587.94921875,26044.0,950900
2022-05-26,25760.44921875,25760.44921875,25973.349609375,25120.849609375,25914.44921875,1231700
2022-05-27,25511.849609375,25511.849609375,26047.849609375,25362.099609375,26032.599609375,1177100
2022-05-30,25921.099609375,25921.099609375,25994.650390625,25671.150390625,25753.5,1087300
2022-05-31,25641.099609375,25641.099609375,26009.150390625,25491.599609375,25839.69921875,3255300
2022-06-01,25456.44921875,25456.44921875,25691.400390625,25317.599609375,25520.900390625,1004800
2022-06-02,25968.650390625,25968.650390625,26012.599609375,25312.30078125,25383.55078125,1046800
2022-06-03,25882.400390625,25882.400390625,26288.80078125,25835.849609375,26153.150390625,888000
2022-06-06,25830.349609375,25830.349609375,26045.0,25717.849609375,25964.400390625,953200
2022-06-07,26101.900390625,26101.900390625,26198.25,25734.349609375,25831.94921875,1340400
2022-06-08,25976.25,25976.25,26284.5,25863.099609375,26140.650390625,1133000
2022-06-09,26287.69921875,26287.69921875,26329.55078125,25897.099609375,25928.849609375,1076900
2022-06-10,25808.5,25808.5,26227.30078125,25684.05078125,26036.69921875,727700
2022-06-13,25317.400390625,25317.400390625,25524.599609375,25138.400390625,25359.94921875,914100
2022-06-14,25177.69921875,25177.69921875,25481.0,25132.44921875,25215.900390625,933700
2022-06-15,24877.0,24877.0,25352.19921875,24835.349609375,25287.75,805500
2022-06-16,24370.0,24370.0,25231.650390625,24220.400390625,25125.55078125,1097700
2022-06-17,24155.150390625,24155.150390625,24560.5,24062.0,24234.80078125,1334000
2022-06-20,23701.30078125,23701.30078125,24230.19921875,23376.849609375,24170.900390625,1321700
2022-06-21,24355.94921875,24355.94921875,24455.55078125,23708.599609375,23884.849609375,1481800
2022-06-22,23792.05078125,23792.05078125,24166.75,23689.69921875,24164.099609375,1055600
2022-06-23,23692.55078125,23692.55078125,24003.25,23458.5,23862.150390625,1078600
2022-06-24,24021.30078125,24021.30078125,24062.650390625,23810.599609375,23904.400390625,992000
2022-06-27,24238.150390625,24238.150390625,24374.44921875,24173.44921875,24356.94921875,988200
2022-06-28,24477.94921875,24477.94921875,24517.900390625,24144.69921875,24165.30078125,1193700
2022-06-29,24972.650390625,24972.650390625,25039.0,24243.55078125,24270.05078125,2985700
2022-06-30,25108.5,25108.5,25309.30078125,24975.400390625,24993.599609375,1525100
2022-07-01,24122.849609375,24122.849609375,25228.0,23901.75,25009.55078125,2358500
2022-07-04,24078.19921875,24078.19921875,24281.55078125,23973.349609375,24030.099609375,1734200
2022-07-05,24229.0,24229.0,24457.55078125,24132.25,24238.69921875,1228000
2022-07-06,24079.19921875,24079.19921875,24267.25,23825.55078125,24162.599609375,1488900
2022-07-07,24109.150390625,24109.150390625,24304.900390625,24026.44921875,24257.0,1188700
2022-07-08,24347.650390625,24347.650390625,24385.30078125,24132.5,24378.349609375,1192600
2022-07-11,25005.5,25005.5,25069.150390625,24300.650390625,24313.30078125,1127400
2022-07-12,25098.44921875,25098.44921875,25363.5,24877.94921875,24885.150390625,1072500
2022-07-13,24727.19921875,24727.19921875,25306.400390625,24610.75,25209.099609375,1010000
2022-07-14,24975.349609375,24975.349609375,25094.80078125,24520.25,24938.30078125,1061200
2022-07-15,24964.5,24964.5,25256.05078125,24834.94921875,25200.349609375,998600
2022-07-18,25279.150390625,25279.150390625,25334.5,25128.099609375,25174.849609375,781200
2022-07-19,25372.69921875,25372.69921875,25489.19921875,25161.69921875,25161.69921875,878100
2022-07-20,25608.19921875,25608.19921875,25970.30078125,25513.5,25954.75,1301700
2022-07-21,25719.599609375,25719.599609375,25775.0,25546.5,25595.099609375,776200
2022-07-22,25621.650390625,25621.650390625,25870.5,25550.55078125,25839.44921875,649100
2022-07-25,25360.849609375,25360.849609375,25559.19921875,25234.80078125,25549.400390625,839100
2022-07-26,25273.349609375,25273.349609375,25476.599609375,25225.05078125,25403.900390625,737600
2022-07-27,25278.650390625,25278.650390625,25328.650390625,25170.0,25255.900390625,902700
2022-07-28,25555.55078125,25555.55078125,25595.650390625,25302.5,25422.099609375,924500
2022-07-29,26018.400390625,26018.400390625,26052.599609375,25658.5,25715.30078125,975000
2022-08-01,26746.44921875,26746.44921875,26825.099609375,26045.150390625,26101.30078125,1161200
2022-08-02,27038.5,27038.5,27088.099609375,26683.849609375,26770.25,1131100
2022-08-03,27052.25,27052.25,27283.599609375,26780.099609375,27121.599609375,1041400
2022-08-04,26803.75,26803.75,27173.25,26512.05078125,27115.599609375,1167700
2022-08-05,26418.650390625,26418.650390625,26902.55078125,26272.900390625,26842.099609375,2481800
2022-08-08,26728.849609375,26728.849609375,26762.94921875,26334.400390625,26407.599609375,933200
2022-08-10,26664.75,26664.75,26825.599609375,26526.94921875,26772.05078125,1080800
2022-08-11,26661.75,26661.75,26861.75,26583.349609375,26807.25,972300
2022-08-12,27163.94921875,27163.94921875,27197.94921875,26627.099609375,26688.849609375,1331500
2022-08-16,27462.30078125,27462.30078125,27489.55078125,27165.69921875,27288.0,0
2022-08-17,27609.25,27609.25,27746.19921875,27538.44921875,27550.80078125,1100900
2022-08-18,27630.80078125,27630.80078125,27706.75,27415.349609375,27563.19921875,1157100
2022-08-19,27468.05078125,27468.05078125,27874.349609375,27341.400390625,27605.69921875,1152400
2022-08-22,27234.5,27234.5,27642.0,27152.349609375,27497.69921875,1122100
2022-08-23,27492.25,27492.25,27596.25,26819.150390625,27112.75,992900
2022-08-24,27561.5,27561.5,27730.75,27236.30078125,27474.05078125,1110500
2022-08-25,27514.900390625,27514.900390625,27867.44921875,27432.349609375,27609.75,826600
2022-08-26,27724.650390625,27724.650390625,27780.69921875,27603.349609375,27613.349609375,988900
2022-08-29,27557.44921875,27557.44921875,27782.5,27068.400390625,27086.599609375,764500
2022-08-30,28104.5,28104.5,28210.75,27761.25,27792.94921875,1092900
2022-09-01,27565.80078125,27565.80078125,27877.75,27451.80078125,27761.400390625,1042300
2022-09-02,27358.849609375,27358.849609375,27877.25,27257.849609375,27748.55078125,977400
2022-09-05,27531.69921875,27531.69921875,27595.849609375,27361.55078125,27417.400390625,875800
2022-09-06,27885.5,27885.5,27924.0,27642.30078125,27658.900390625,1589400
2022-09-07,27718.80078125,27718.80078125,27827.30078125,27677.44921875,27756.349609375,1057700
2022-09-08,27783.599609375,27783.599609375,27975.30078125,27696.05078125,27870.75,913600
2022-09-09,27692.94921875,27692.94921875,27993.349609375,27658.150390625,27993.349609375,723900
2022-09-12,27946.599609375,27946.599609375,27983.650390625,27714.80078125,27752.25,814300
2022-09-13,28047.69921875,28047.69921875,28143.80078125,27953.349609375,28089.19921875,779700
2022-09-14,27954.75,27954.75,28080.599609375,27447.55078125,27447.849609375,1153100
2022-09-15,28172.099609375,28172.099609375,28257.150390625,27932.849609375,28056.400390625,1061100
2022-09-16,27728.80078125,27728.80078125,28178.349609375,27455.75,28074.44921875,1897100
2022-09-19,27586.75,27586.75,27935.400390625,27534.94921875,27862.25,879900
2022-09-20,27724.349609375,27724.349609375,27975.150390625,27630.75,27840.0,916200
2022-09-21,27310.099609375,27310.099609375,27849.650390625,27261.94921875,27714.900390625,917100
2022-09-22,27223.349609375,27223.349609375,27298.650390625,26918.099609375,27159.099609375,967600
2022-09-23,26500.099609375,26500.099609375,27277.099609375,26431.150390625,27178.75,1354800
2022-09-26,25684.19921875,25684.19921875,26251.099609375,25501.05078125,26208.80078125,2309200
2022-09-27,25682.30078125,25682.30078125,26059.05078125,25616.650390625,25909.349609375,1142600
2022-09-28,25281.25,25281.25,25545.25,25205.900390625,25454.25,1208800
2022-09-29,25070.400390625,25070.400390625,25760.400390625,24975.099609375,25555.69921875,1346000
2022-09-30,25581.30078125,25581.30078125,25893.0,24922.05078125,24939.150390625,1548200
2022-10-03,25192.599609375,25192.599609375,26023.849609375,24916.30078125,25770.55078125,1223400
2022-10-04,25717.650390625,25717.650390625,25762.599609375,25316.099609375,25646.44921875,812100
2022-10-06,25865.25,25865.25,26060.400390625,25833.150390625,25953.19921875,836100
2022-10-07,25884.0,25884.0,25920.5,25696.80078125,25782.099609375,799400
2022-10-10,25621.599609375,25621.599609375,25802.25,25062.849609375,25606.650390625,694700
2022-10-11,25209.75,25209.75,25777.55078125,25152.599609375,25777.55078125,861300
2022-10-12,25455.400390625,25455.400390625,25521.599609375,25226.849609375,25279.0,957700
2022-10-13,25319.900390625,25319.900390625,25515.94921875,25256.25,25459.19921875,683600
2022-10-14,25066.94921875,25066.94921875,25768.0,24994.30078125,25766.599609375,743300
2022-10-17,25449.150390625,25449.150390625,25532.94921875,24851.75,25015.80078125,732000
2022-10-18,25779.55078125,25779.55078125,25881.599609375,25619.75,25629.650390625,755900
2022-10-19,25721.44921875,25721.44921875,26123.44921875,25672.25,25843.44921875,591300
2022-10-20,26080.349609375,26080.349609375,26143.150390625,25576.900390625,25635.75,984800
2022-10-21,25907.55078125,25907.55078125,26213.099609375,25822.19921875,26129.25,663700
2022-10-24,26056.25,26056.25,26234.150390625,26008.599609375,26044.150390625,133500
2022-10-25,25793.150390625,25793.150390625,26177.400390625,25729.349609375,26175.30078125,725600
2022-10-27,26130.19921875,26130.19921875,26215.599609375,25897.44921875,25930.75,947300
2022-10-28,26493.25,26493.25,26536.80078125,26151.599609375,26221.150390625,1026300
2022-10-31,26672.650390625,26672.650390625,26712.099609375,26453.099609375,26558.25,989200
2022-11-01,26899.650390625,26899.650390625,26938.150390625,26649.69921875,26919.599609375,1082400
2022-11-02,26917.900390625,26917.900390625,26988.150390625,26796.80078125,26934.650390625,846900
2022-11-03,26769.44921875,26769.44921875,26863.400390625,26654.19921875,26729.5,663100
2022-11-04,26896.05078125,26896.05078125,26933.44921875,26735.80078125,26794.150390625,703000
2022-11-07,27102.349609375,27102.349609375,27133.80078125,26912.400390625,26973.75,810300
2022-11-09,26941.599609375,26941.599609375,27233.349609375,26857.25,27226.150390625,937700
2022-11-10,26712.25,26712.25,26921.75,26646.55078125,26834.349609375,664400
2022-11-11,26955.650390625,26955.650390625,27035.849609375,26787.19921875,26951.55078125,785700
2022-11-14,26866.30078125,26866.30078125,27025.55078125,26820.80078125,27001.150390625,693800
2022-11-15,26994.94921875,26994.94921875,27022.25,26843.599609375,26904.150390625,779600
2022-11-16,26760.099609375,26760.099609375,27032.900390625,26695.80078125,27016.44921875,630400
2022-11-17,26584.19921875,26584.19921875,26872.55078125,26502.650390625,26731.349609375,603900
2022-11-18,26489.30078125,26489.30078125,26693.849609375,26295.849609375,26655.599609375,702900
2022-11-21,26141.900390625,26141.900390625,26439.69921875,26099.44921875,26409.30078125,700500
2022-11-22,26050.150390625,26050.150390625,26195.5,25979.69921875,26138.94921875,767900
2022-11-23,26080.19921875,26080.19921875,26177.349609375,25987.650390625,26148.94921875,610400
2022-11-24,26312.94921875,26312.94921875,26356.80078125,26107.19921875,26164.849609375,921400
2022-11-25,26452.599609375,26452.599609375,26486.599609375,26150.69921875,26370.849609375,820300
2022-11-28,26804.80078125,26804.80078125,26899.599609375,26052.05078125,26424.650390625,1063800
2022-11-29,26884.44921875,26884.44921875,26985.75,26774.0,26830.900390625,795500
2022-11-30,27354.0,27354.0,27494.44921875,26828.94921875,26913.900390625,1165200
2022-12-01,27183.150390625,27183.150390625,27545.150390625,27130.599609375,27514.94921875,873700
2022-12-02,27028.05078125,27028.05078125,27270.80078125,26957.599609375,27219.5,850500
2022-12-05,26931.650390625,26931.650390625,27073.650390625,26764.400390625,27043.75,877600
2022-12-06,27021.05078125,27021.05078125,27059.30078125,26813.94921875,26877.150390625,760900
2022-12-07,26714.5,26714.5,27033.19921875,26631.80078125,26978.900390625,731600
2022-12-08,26643.19921875,26643.19921875,26812.150390625,26596.5,26811.650390625,597500
2022-12-09,26370.44921875,26370.44921875,26744.25,26248.150390625,26712.25,855500
2022-12-12,26450.30078125,26450.30078125,26488.0,26118.150390625,26242.75,796400
2022-12-13,26482.349609375,26482.349609375,26548.849609375,26419.69921875,26511.30078125,672600
2022-12-14,26648.0,26648.0,26739.69921875,26536.94921875,26561.25,906600
2022-12-15,26489.19921875,26489.19921875,26698.05078125,26446.75,26606.099609375,791200
2022-12-16,26302.0,26302.0,26713.849609375,26232.94921875,26429.349609375,1161900
2022-12-19,26578.69921875,26578.69921875,26617.94921875,26291.25,26400.349609375,664600
2022-12-20,26619.5,26619.5,26660.80078125,26220.599609375,26510.150390625,526100
2022-12-21,26125.30078125,26125.30078125,26747.349609375,26059.30078125,26647.650390625,638600
2022-12-22,25879.19921875,25879.19921875,26306.5,25747.94921875,26230.099609375,701900
2022-12-23,24879.94921875,24879.94921875,25779.5,24783.650390625,25678.94921875,848600
2022-12-27,25641.69921875,25641.69921875,25803.94921875,25425.849609375,25539.849609375,579900
2022-12-28,25725.349609375,25725.349609375,25774.19921875,25542.05078125,25583.05078125,673500
2022-12-29,25863.599609375,25863.599609375,25974.599609375,25493.5,25566.05078125,1175800
2022-12-30,25869.849609375,25869.849609375,26180.05078125,25797.150390625,25984.5,601400
2023-01-02,26031.0,26031.0,26127.5,25879.55078125,25948.19921875,615170800
2023-01-03,26005.30078125,26005.30078125,26070.94921875,25878.94921875,26018.94921875,590000
2023-01-04,25605.55078125,25605.55078125,26029.0,25571.94921875,26018.80078125,768800
2023-01-05,25717.849609375,25717.849609375,25772.849609375,25453.44921875,25702.55078125,996500
2023-01-06,25728.849609375,25728.849609375,25857.69921875,25641.94921875,25766.0,888300
2023-01-09,26163.94921875,26163.94921875,26208.849609375,25876.55078125,25886.150390625,1077200
2023-01-10,26092.900390625,26092.900390625,26227.349609375,25831.25,26223.30078125,757000
2023-01-11,25876.599609375,25876.599609375,26152.900390625,25830.94921875,26115.400390625,1024000
2023-01-12,25699.599609375,25699.599609375,25941.55078125,25584.75,25941.55078125,795300
2023-01-13,25862.55078125,25862.55078125,25883.19921875,25578.900390625,25668.75,555300
2023-01-16,26026.900390625,26026.900390625,26055.599609375,25788.400390625,25943.05078125,595400
2023-01-17,26331.099609375,26331.099609375,26369.349609375,26080.5,26116.599609375,763500
2023-01-18,26272.55078125,26272.55078125,26340.650390625,26174.650390625,26307.55078125,586000
2023-01-19,26163.0,26163.0,26230.55078125,26013.150390625,26216.150390625,651700
2023-01-20,26135.05078125,26135.05078125,26252.5,26087.55078125,26189.099609375,752200
2023-01-23,26137.44921875,26137.44921875,26294.75,26077.099609375,26232.30078125,837400
2023-01-24,25962.25,25962.25,26230.0,25896.400390625,26230.0,533600
2023-01-25,25450.30078125,25450.30078125,25908.30078125,25374.099609375,25864.19921875,628400
2023-01-27,24169.94921875,24169.94921875,25336.19921875,23948.849609375,25262.0,949900
2023-01-30,23434.69921875,23434.69921875,24181.5,23144.849609375,23711.44921875,1434200
2023-01-31,23713.5,23713.5,23770.849609375,23305.05078125,23497.94921875,1577600
2023-02-01,23402.75,23402.75,24064.150390625,23001.80078125,24060.44921875,1198700
2023-02-02,22874.0,22874.0,23123.599609375,22785.25,22994.05078125,918700
2023-02-03,22638.400390625,22638.400390625,22707.80078125,22350.349609375,22707.80078125,837200
2023-02-06,22478.05078125,22478.05078125,22501.150390625,22304.099609375,22328.69921875,721400
2023-02-07,22386.5,22386.5,22646.75,22314.099609375,22391.69921875,743600
2023-02-08,22559.80078125,22559.80078125,22607.75,22414.099609375,22440.599609375,726700
2023-02-09,22499.75,22499.75,22559.69921875,22329.05078125,22506.80078125,535900
2023-02-10,22325.849609375,22325.849609375,22391.44921875,22242.099609375,22365.400390625,537800
2023-02-13,22258.94921875,22258.94921875,22322.150390625,22160.19921875,22248.05078125,476600
2023-02-14,22273.849609375,22273.849609375,22295.69921875,22106.05078125,22203.69921875,501200
2023-02-15,22349.150390625,22349.150390625,22380.75,22132.05078125,22140.19921875,650800
2023-02-16,22427.650390625,22427.650390625,22631.400390625,22380.69921875,22448.650390625,900700
2023-02-17,22469.19921875,22469.19921875,22544.69921875,22324.099609375,22367.94921875,840300
2023-02-20,22249.05078125,22249.05078125,22506.80078125,22217.44921875,22461.55078125,565500
2023-02-21,22339.0,22339.0,22425.75,22220.69921875,22296.150390625,768400
2023-02-22,21916.44921875,21916.44921875,22226.19921875,21862.099609375,22204.849609375,734200
2023-02-23,21801.80078125,21801.80078125,21975.5,21750.849609375,21880.94921875,1006600
2023-02-24,21946.650390625,21946.650390625,21979.849609375,21770.19921875,21774.900390625,946200
2023-02-27,21900.599609375,21900.599609375,21937.19921875,21724.650390625,21890.05078125,983200
2023-02-28,21682.25,21682.25,21844.650390625,21631.099609375,21801.30078125,1257800
2023-03-01,21874.599609375,21874.599609375,21899.349609375,21725.650390625,21768.94921875,587500
2023-03-02,21900.05078125,21900.05078125,21961.349609375,21831.900390625,21894.55078125,1060800
2023-03-03,22268.75,22268.75,22339.19921875,22066.900390625,22098.900390625,805900
2023-03-06,22698.5,22698.5,22785.349609375,22436.099609375,22446.099609375,1028100
2023-03-08,22887.75,22887.75,22898.599609375,22646.80078125,22717.599609375,905700
2023-03-09,22682.150390625,22682.150390625,22989.25,22654.599609375,22988.30078125,756900
2023-03-10,22696.75,22696.75,22718.05078125,22509.44921875,22570.44921875,726500
2023-03-13,22561.650390625,22561.650390625,22918.900390625,22513.19921875,22836.650390625,806400
2023-03-14,22403.30078125,22403.30078125,22678.349609375,22319.44921875,22564.900390625,853300
2023-03-15,22393.69921875,22393.69921875,22550.0,22351.69921875,22505.849609375,750100
2023-03-16,22621.349609375,22621.349609375,22735.599609375,22295.30078125,22480.5,1363300
2023-03-17,22659.0,22659.0,22870.75,22598.44921875,22850.19921875,1729300
2023-03-20,22585.69921875,22585.69921875,22655.44921875,22405.55078125,22529.900390625,964200
2023-03-21,22792.900390625,22792.900390625,22826.5,22589.150390625,22715.25,895600
2023-03-22,22835.75,22835.75,22940.349609375,22785.94921875,22930.25,0
2023-03-23,22821.75,22821.75,22918.55078125,22739.44921875,22841.849609375,648700
2023-03-24,22613.400390625,22613.400390625,22947.75,22580.44921875,22905.099609375,837100
2023-03-27,22514.55078125,22514.55078125,22811.5,22466.5,22718.05078125,893200
2023-03-28,22388.849609375,22388.849609375,22473.44921875,22300.0,22452.55078125,620700
2023-03-29,22373.05078125,22373.05078125,22494.80078125,22205.44921875,22260.599609375,1211500
2023-03-31,22814.44921875,22814.44921875,22948.849609375,22550.349609375,22552.650390625,856800
2023-04-03,22805.900390625,22805.900390625,22952.900390625,22734.30078125,22937.650390625,867400
2023-04-05,22707.900390625,22707.900390625,22942.55078125,22622.400390625,22907.349609375,734600
2023-04-06,22816.05078125,22816.05078125,22887.400390625,22683.05078125,22763.150390625,542900
2023-04-10,23060.05078125,23060.05078125,23122.150390625,22904.599609375,22930.0,598500
2023-04-11,23297.19921875,23297.19921875,23321.30078125,23162.849609375,23181.5,461000
2023-04-12,23233.099609375,23233.099609375,23435.400390625,23181.400390625,23396.69921875,604200
2023-04-13,23215.650390625,23215.650390625,23350.69921875,23117.75,23266.849609375,597100
2023-04-17,23363.75,23363.75,23494.599609375,23272.05078125,23494.599609375,745100
2023-04-18,23211.849609375,23211.849609375,23431.94921875,23124.599609375,23426.80078125,611300
2023-04-19,23159.400390625,23159.400390625,23236.30078125,23076.55078125,23160.19921875,680900
2023-04-20,23185.25,23185.25,23225.150390625,23116.05078125,23182.5,503200
2023-04-21,23185.44921875,23185.44921875,23250.150390625,23095.599609375,23227.44921875,332200
2023-04-24,23207.400390625,23207.400390625,23279.94921875,23133.0,23248.55078125,439100
2023-04-25,23385.75,23385.75,23431.599609375,23195.650390625,23206.75,476500
2023-04-26,23365.80078125,23365.80078125,23419.25,23230.44921875,23397.849609375,492900
2023-04-27,23443.650390625,23443.650390625,23470.349609375,23323.400390625,23401.94921875,572600
2023-04-28,23734.55078125,23734.55078125,23764.19921875,23376.349609375,23528.400390625,811000
2023-05-02,24046.94921875,24046.94921875,24104.05078125,23862.44921875,23876.30078125,668400
2023-05-03,23901.150390625,23901.150390625,24067.650390625,23877.5,24049.0,582300
2023-05-04,24042.400390625,24042.400390625,24072.25,23855.400390625,23910.55078125,645300
2023-05-05,23946.75,23946.75,24091.150390625,23901.5,24036.80078125,488700
2023-05-08,24129.650390625,24129.650390625,24166.30078125,23863.5,23896.349609375,554500
2023-05-09,24099.099609375,24099.099609375,24254.150390625,24028.94921875,24107.599609375,561000
2023-05-10,24268.94921875,24268.94921875,24281.80078125,24088.75,24156.349609375,527300
2023-05-11,24316.5,24316.5,24458.349609375,24253.25,24284.400390625,539900
2023-05-12,24040.19921875,24040.19921875,24263.900390625,23963.849609375,24254.0,608200
2023-05-15,24040.19921875,24040.19921875,24132.80078125,23932.80078125,24092.400390625,518400
2023-05-16,24027.80078125,24027.80078125,24193.44921875,23994.900390625,24128.400390625,1074500
2023-05-17,23901.150390625,23901.150390625,24118.0,23835.900390625,24118.0,682600
2023-05-18,23692.150390625,23692.150390625,24014.05078125,23663.349609375,24011.55078125,626900
2023-05-19,23723.349609375,23723.349609375,23754.849609375,23458.349609375,23653.150390625,566400
2023-05-22,23898.19921875,23898.19921875,24019.80078125,23775.900390625,23782.650390625,538700
2023-05-23,24028.44921875,24028.44921875,24124.80078125,24009.349609375,24046.19921875,726400
2023-05-24,24085.25,24085.25,24220.349609375,24043.94921875,24117.94921875,669800
2023-05-25,24071.69921875,24071.69921875,24144.400390625,23899.55078125,24113.55078125,601300
2023-05-26,24238.900390625,24238.900390625,24270.44921875,24098.30078125,24164.05078125,586300
2023-05-29,24261.30078125,24261.30078125,24314.0,24150.599609375,24258.400390625,1027600
2023-05-30,24218.150390625,24218.150390625,24384.44921875,24189.5,24319.69921875,716800
2023-05-31,23875.55078125,23875.55078125,24181.44921875,23734.150390625,24154.44921875,2623100
2023-06-01,23825.30078125,23825.30078125,23915.599609375,23755.849609375,23880.94921875,1029800
2023-06-02,23785.69921875,23785.69921875,23927.69921875,23746.099609375,23916.05078125,879100
2023-06-05,23901.69921875,23901.69921875,23927.150390625,23845.0,23902.400390625,1001400
2023-06-06,23867.30078125,23867.30078125,23984.349609375,23745.25,23968.69921875,572900
2023-06-07,24125.150390625,24125.150390625,24167.19921875,23915.75,23961.5,869700
2023-06-08,24215.0,24215.0,24415.599609375,24159.400390625,24195.05078125,1172600
2023-06-09,24169.5,24169.5,24341.0,24139.80078125,24338.349609375,619100
2023-06-12,24269.05078125,24269.05078125,24299.30078125,24091.80078125,24192.0,648400
2023-06-13,24399.19921875,24399.19921875,24420.349609375,24301.650390625,24356.05078125,650300
2023-06-14,24638.599609375,24638.599609375,24666.19921875,24406.900390625,24421.80078125,798900
2023-06-15,24633.349609375,24633.349609375,24688.400390625,24557.099609375,24647.30078125,614100
2023-06-16,24733.150390625,24733.150390625,24794.849609375,24655.25,24680.19921875,797200
2023-06-19,24539.099609375,24539.099609375,24799.19921875,24499.349609375,24788.849609375,469200
2023-06-20,24659.0,24659.0,24712.69921875,24450.05078125,24550.650390625,531000
2023-06-21,24865.44921875,24865.44921875,24879.349609375,24634.650390625,24664.19921875,681700
2023-06-22,24607.900390625,24607.900390625,24868.55078125,24582.849609375,24839.849609375,567500
2023-06-23,24332.19921875,24332.19921875,24595.5,24301.19921875,24585.150390625,779400
2023-06-26,24226.650390625,24226.650390625,24342.44921875,24172.69921875,24299.30078125,550900
2023-06-27,24284.849609375,24284.849609375,24366.5,24238.25,24298.0,553200
2023-06-28,24554.44921875,24554.44921875,24600.650390625,24216.349609375,24373.75,1944100
2023-06-30,24696.5,24696.5,24796.69921875,24557.349609375,24743.099609375,1178100
2023-07-03,25020.900390625,25020.900390625,25058.900390625,24712.599609375,24773.5,867500
2023-07-04,24940.19921875,24940.19921875,25098.55078125,24785.80078125,25096.55078125,533500
2023-07-05,25034.80078125,25034.80078125,25099.30078125,24909.349609375,25026.30078125,567900
2023-07-06,25575.25,25575.25,25592.900390625,25070.400390625,25121.650390625,1263500
2023-07-07,25331.400390625,25331.400390625,25720.099609375,25293.650390625,25552.30078125,1013700
2023-07-10,25496.900390625,25496.900390625,25619.849609375,25417.44921875,25561.80078125,854400
2023-07-11,25720.150390625,25720.150390625,25748.25,25559.69921875,25616.0,704400
2023-07-12,25700.650390625,25700.650390625,25937.0,25671.44921875,25785.94921875,769800
2023-07-13,25334.400390625,25334.400390625,25811.30078125,25294.849609375,25810.599609375,961000
2023-07-14,25332.5,25332.5,25432.400390625,25164.25,25400.80078125,1288900
2023-07-17,25521.400390625,25521.400390625,25586.650390625,25351.05078125,25408.0,683200
2023-07-18,25612.75,25612.75,25789.849609375,25524.94921875,25620.400390625,641900
2023-07-19,25820.69921875,25820.69921875,25945.099609375,25697.849609375,25745.400390625,1121300
2023-07-20,26003.0,26003.0,26017.69921875,25809.5,25853.849609375,648400
2023-07-21,25843.099609375,25843.099609375,25985.400390625,25777.599609375,25955.80078125,795600
2023-07-24,25749.900390625,25749.900390625,25841.900390625,25623.75,25699.69921875,706900
2023-07-25,26078.75,26078.75,26108.5,25774.80078125,25830.44921875,838200
2023-07-26,26293.75,26293.75,26428.5,26140.69921875,26203.69921875,861800
2023-07-27,26097.69921875,26097.69921875,26407.75,26029.75,26388.849609375,838100
2023-07-28,26433.69921875,26433.69921875,26527.650390625,26032.80078125,26170.55078125,1723300
2023-07-31,26853.650390625,26853.650390625,26883.599609375,26525.099609375,26601.0,1485900
2023-08-01,26783.44921875,26783.44921875,26892.25,26701.400390625,26858.849609375,1713500
2023-08-02,26352.349609375,26352.349609375,26807.349609375,26185.150390625,26802.94921875,1251200
2023-08-03,26221.849609375,26221.849609375,26420.400390625,26091.650390625,26313.400390625,930000
2023-08-04,26252.05078125,26252.05078125,26392.30078125,26174.25,26376.099609375,693200
2023-08-07,26266.30078125,26266.30078125,26386.400390625,26176.94921875,26385.69921875,636500
2023-08-08,26174.650390625,26174.650390625,26434.099609375,26102.099609375,26365.19921875,874800
2023-08-09,26328.150390625,26328.150390625,26352.650390625,26058.94921875,26258.94921875,1039300
2023-08-10,26418.94921875,26418.94921875,26506.55078125,26325.25,26375.19921875,908600
2023-08-11,26367.75,26367.75,26458.650390625,26283.19921875,26408.900390625,760600
2023-08-14,26375.599609375,26375.599609375,26406.400390625,26083.69921875,26356.44921875,693000
2023-08-16,26541.75,26541.75,26571.25,26212.55078125,26254.599609375,0
2023-08-17,26266.94921875,26266.94921875,26571.75,26219.19921875,26565.650390625,619200
2023-08-18,26302.19921875,26302.19921875,26439.400390625,26114.05078125,26222.75,764100
2023-08-21,26462.349609375,26462.349609375,26483.400390625,26282.599609375,26324.94921875,1441300
2023-08-22,26522.099609375,26522.099609375,26648.25,26454.150390625,26489.30078125,910800
2023-08-23,26370.19921875,26370.19921875,26592.650390625,26344.44921875,26591.75,765900
2023-08-24,26171.30078125,26171.30078125,26568.5,26132.44921875,26468.599609375,1196100
2023-08-25,25981.599609375,25981.599609375,26265.44921875,25927.5,26071.900390625,3440800
2023-08-28,26015.80078125,26015.80078125,26199.599609375,25977.69921875,26087.05078125,1367100
2023-08-29,26056.650390625,26056.650390625,26111.80078125,25965.0,26088.150390625,1465000
2023-08-30,25959.05078125,25959.05078125,26129.349609375,25937.69921875,26121.0,736400
2023-08-31,25722.94921875,25722.94921875,26014.150390625,25648.349609375,25972.69921875,2356600
2023-09-01,26332.900390625,26332.900390625,26356.75,25678.05078125,25728.19921875,1391700
2023-09-04,26633.05078125,26633.05078125,26708.900390625,26332.900390625,26511.25,1110329400
2023-09-05,26743.0,26743.0,26793.099609375,26590.400390625,26737.80078125,974300
2023-09-06,26819.900390625,26819.900390625,26860.0,26571.05078125,26803.25,890700
2023-09-07,27062.849609375,27062.849609375,27128.900390625,26723.0,26856.44921875,1711000
2023-09-08,27438.05078125,27438.05078125,27527.69921875,27062.849609375,27175.349609375,1982700
2023-09-11,27716.599609375,27716.599609375,27734.900390625,27467.19921875,27660.19921875,1273200
2023-09-12,27025.099609375,27025.099609375,27938.599609375,26992.05078125,27927.849609375,1601800
2023-09-13,27275.349609375,27275.349609375,27358.44921875,26975.650390625,27116.0,844700
2023-09-14,27420.55078125,27420.55078125,27471.900390625,27311.099609375,27401.19921875,873000
2023-09-15,27338.150390625,27338.150390625,27553.19921875,27287.44921875,27522.650390625,1381000
2023-09-18,27536.19921875,27536.19921875,27592.05078125,27228.400390625,27364.05078125,966800
2023-09-20,27440.30078125,27440.30078125,27577.25,27313.900390625,27431.349609375,1608100
2023-09-21,27226.599609375,27226.599609375,27484.44921875,27149.400390625,27411.30078125,925500
2023-09-22,27102.400390625,27102.400390625,27317.25,27032.400390625,27248.94921875,816900
2023-09-25,27105.5,27105.5,27202.400390625,26958.0,27163.25,655700
2023-09-26,27134.400390625,27134.400390625,27274.19921875,27101.599609375,27117.5,728600
2023-09-27,27231.44921875,27231.44921875,27255.599609375,27009.900390625,27172.55078125,727500
2023-09-28,27062.75,27062.75,27374.150390625,26995.349609375,27334.650390625,1556700
2023-09-29,27321.75,27321.75,27478.349609375,27150.25,27180.80078125,971400
2023-10-03,26973.05078125,26973.05078125,27252.400390625,26950.19921875,27238.0,875100
2023-10-04,26738.44921875,26738.44921875,26911.099609375,26562.19921875,26909.55078125,879600
2023-10-05,26688.25,26688.25,26859.150390625,26615.55078125,26843.44921875,825700
2023-10-06,26731.650390625,26731.650390625,26805.44921875,26664.30078125,26768.80078125,487100
2023-10-09,26472.94921875,26472.94921875,26605.599609375,26340.599609375,26597.69921875,686300
2023-10-10,26751.900390625,26751.900390625,26787.400390625,26523.75,26524.349609375,772400
2023-10-11,27002.5,27002.5,27052.25,26829.099609375,26835.30078125,722700
2023-10-12,27176.05078125,27176.05078125,27266.80078125,27003.19921875,27013.650390625,851100
2023-10-13,27201.349609375,27201.349609375,27262.849609375,27055.599609375,27092.099609375,667500
2023-10-16,27258.05078125,27258.05078125,27357.75,27136.05078125,27210.80078125,688200
2023-10-17,27510.25,27510.25,27530.150390625,27327.05078125,27385.30078125,712000
2023-10-18,27246.400390625,27246.400390625,27585.150390625,27220.69921875,27565.44921875,688900
2023-10-19,27089.05078125,27089.05078125,27185.30078125,26975.150390625,27087.69921875,638500
2023-10-20,26955.69921875,26955.69921875,27105.0,26895.900390625,27032.25,692900
2023-10-23,26449.650390625,26449.650390625,26949.5,26373.69921875,26918.75,550100
2023-10-25,26328.5,26328.5,26612.30078125,26111.80078125,26396.900390625,828900
2023-10-26,26045.0,26045.0,26230.349609375,25833.44921875,26220.0,784200
2023-10-27,26522.650390625,26522.650390625,26601.900390625,26144.599609375,26144.849609375,599500
2023-10-30,26840.900390625,26840.900390625,26890.599609375,26486.0,26604.900390625,677100
2023-10-31,26785.05078125,26785.05078125,26992.099609375,26692.5,26971.80078125,789800
2023-11-01,26679.19921875,26679.19921875,26908.650390625,26644.75,26841.19921875,1022100
2023-11-02,26960.80078125,26960.80078125,27002.0,26824.75,26866.599609375,1224400
2023-11-03,27085.80078125,27085.80078125,27161.75,27009.94921875,27019.44921875,750300
2023-11-06,27448.900390625,27448.900390625,27466.30078125,27203.30078125,27226.94921875,1181100
2023-11-07,27508.349609375,27508.349609375,27580.19921875,27395.099609375,27481.0,1353500
2023-11-08,27622.849609375,27622.849609375,27677.5,27586.599609375,27638.099609375,1331500
2023-11-09,27541.80078125,27541.80078125,27688.400390625,27510.5,27682.599609375,1103200
2023-11-10,27738.0,27738.0,27753.75,27456.150390625,27535.849609375,784300
2023-11-13,28066.25,28066.25,28119.25,27848.55078125,27919.75,1221300
2023-11-15,28352.5,28352.5,28430.30078125,28193.44921875,28430.30078125,1416000
2023-11-16,28447.80078125,28447.80078125,28577.349609375,28306.94921875,28369.19921875,1579100
2023-11-17,28312.650390625,28312.650390625,28514.94921875,28284.849609375,28459.849609375,1190500
2023-11-20,28287.19921875,28287.19921875,28407.900390625,28211.150390625,28340.400390625,701200
2023-11-21,28356.25,28356.25,28488.150390625,28269.44921875,28450.44921875,768000
2023-11-22,28504.650390625,28504.650390625,28549.69921875,28313.150390625,28371.650390625,722600
2023-11-23,28594.849609375,28594.849609375,28636.55078125,28410.94921875,28545.400390625,692800
2023-11-24,28558.75,28558.75,28714.150390625,28534.25,28625.80078125,704500
2023-11-28,29252.94921875,29252.94921875,29307.94921875,28670.69921875,28736.44921875,1675700
2023-11-29,29311.849609375,29311.849609375,29526.80078125,29262.650390625,29493.349609375,1440100
2023-11-30,29294.900390625,29294.900390625,29344.69921875,29056.05078125,29314.849609375,2138900
2023-12-01,29559.75,29559.75,29800.69921875,29421.44921875,29431.5,1512500
2023-12-04,30330.5,30330.5,30437.25,30084.099609375,30407.44921875,2180500
2023-12-05,31311.900390625,31311.900390625,31344.099609375,30305.099609375,30526.0,2257800
2023-12-06,31797.25,31797.25,32024.099609375,31525.349609375,31750.80078125,2189100
2023-12-07,32188.80078125,32188.80078125,32299.75,31833.599609375,31867.75,3059400
2023-12-08,31896.25,31896.25,32409.5,31542.55078125,32391.849609375,1940700
2023-12-11,32023.05078125,32023.05078125,32159.5,31910.849609375,31971.900390625,1411700
2023-12-12,31603.19921875,31603.19921875,32074.400390625,31481.650390625,32027.80078125,1005500
2023-12-13,31812.099609375,31812.099609375,31853.400390625,31495.150390625,31653.349609375,1507200
2023-12-14,32075.80078125,32075.80078125,32151.099609375,31924.650390625,32085.80078125,1420100
2023-12-15,32580.650390625,32580.650390625,32675.650390625,32095.75,32313.19921875,1921900
2023-12-18,32521.25,32521.25,32640.05078125,32393.849609375,32640.05078125,1129100
2023-12-19,33036.1484375,33036.1484375,33126.19921875,32496.44921875,32754.25,1267800
2023-12-20,32151.599609375,32151.599609375,33574.1015625,32077.349609375,33236.3984375,2170600
2023-12-21,32720.099609375,32720.099609375,32781.5,31787.05078125,31925.25,1354200
2023-12-22,32810.1484375,32810.1484375,33042.5,32573.400390625,32863.25,944700
2023-12-26,33246.25,33246.25,33308.25,32918.3984375,32955.05078125,1081600
2023-12-27,33212.6015625,33212.6015625,33537.30078125,33091.3984375,33473.3984375,936400
2023-12-28,33721.3984375,33721.3984375,33784.80078125,33262.94921875,33345.6015625,2304500
2023-12-29,33468.05078125,33468.05078125,33679.5,33287.3515625,33678.8984375,1148300
2024-01-02,33703.69921875,33703.69921875,33791.3984375,33238.1484375,33632.1015625,1173000
2024-01-03,33791.6015625,33791.6015625,34074.6484375,33657.1015625,33902.55078125,1148800
2024-01-04,34189.25,34189.25,34328.05078125,33863.19921875,33974.8984375,1706100
2024-01-05,34216.1484375,34216.1484375,34503.80078125,34067.25,34387.69921875,1426700
2024-01-08,34142.6015625,34142.6015625,34472.8984375,34046.6484375,34374.6015625,1082200
2024-01-09,34226.69921875,34226.69921875,34460.94921875,34184.6015625,34379.1015625,830400
2024-01-10,34330.6484375,34330.6484375,34374.30078125,33791.6484375,34188.75,1153800
2024-01-11,34776.69921875,34776.69921875,34831.3515625,34493.6484375,34529.0,1274500
2024-01-12,34969.94921875,34969.94921875,35016.44921875,34571.0,34910.19921875,1305900
2024-01-15,35449.8515625,35449.8515625,35480.1015625,34807.6484375,35190.8515625,1369700
2024-01-16,35185.05078125,35185.05078125,35495.55078125,35062.19921875,35456.19921875,1613200
2024-01-17,34853.25,34853.25,35319.8984375,34718.25,34945.0,1391700
2024-01-18,34580.5,34580.5,34846.1015625,34066.5,34532.6015625,1507600
2024-01-19,34985.30078125,34985.30078125,35034.19921875,34679.3984375,34881.05078125,1433000
2024-01-23,34324.30078125,34324.30078125,35846.44921875,34124.55078125,35845.0,1729600
2024-01-24,34895.1015625,34895.1015625,34982.8515625,34104.5,34440.25,1827500
2024-01-25,35203.8515625,35203.8515625,35330.0,34876.80078125,34979.8515625,1622800
2024-01-29,37024.75,37024.75,37106.5,35468.3984375,35542.25,2276400
2024-01-30,36398.80078125,36398.80078125,37221.94921875,36346.25,37221.94921875,1994100
2024-01-31,36748.0,36748.0,36827.8515625,36460.30078125,36470.75,1748000
2024-02-01,36910.6015625,36910.6015625,37237.6484375,36714.05078125,36978.30078125,1625800
2024-02-02,38077.69921875,38077.69921875,38226.6015625,37122.75,37139.05078125,2808700
2024-02-05,38481.30078125,38481.30078125,39045.30078125,38028.8515625,38395.44921875,2649300
2024-02-06,38721.3984375,38721.3984375,38796.0,37968.5,38646.6015625,2314200
2024-02-07,38945.5,38945.5,39425.75,38768.1484375,39025.8984375,2019400
2024-02-08,39354.3515625,39354.3515625,39600.1015625,38901.94921875,39218.44921875,2664100
2024-02-09,39037.6484375,39037.6484375,39612.94921875,38386.1015625,39571.5,2363900
2024-02-12,38097.1015625,38097.1015625,38990.0,37946.1484375,38937.3984375,1975500
2024-02-13,38394.30078125,38394.30078125,38635.0,37820.3984375,38271.44921875,1675700
2024-02-14,39253.5,39253.5,39324.44921875,38087.44921875,38230.6015625,1838000
2024-02-15,39942.1484375,39942.1484375,40064.3515625,39344.75,39444.94921875,2226100
2024-02-16,39682.3984375,39682.3984375,40194.8984375,39627.05078125,40140.30078125,1888900
2024-02-20,39955.1484375,39955.1484375,40027.8515625,39609.6484375,39859.1015625,1694300
2024-02-21,39283.1484375,39283.1484375,40113.30078125,39133.44921875,40067.6484375,1296300
2024-02-22,39589.55078125,39589.55078125,39651.19921875,38723.30078125,39388.6015625,1557500
2024-02-23,39561.44921875,39561.44921875,39704.25,39375.3515625,39696.3984375,972600
2024-02-26,39758.8984375,39758.8984375,39901.69921875,39414.8984375,39590.69921875,1237900
2024-02-27,39659.5,39659.5,39837.80078125,39461.55078125,39617.75,1243400
2024-02-28,38748.05078125,38748.05078125,39698.80078125,38652.3515625,39624.8984375,1080200
2024-02-29,38838.0,38838.0,39047.30078125,38567.6484375,38911.44921875,1638600
2024-03-01,39707.1015625,39707.1015625,39757.3984375,39050.1015625,39059.05078125,1070100
2024-03-04,40466.6015625,40466.6015625,40635.6484375,39895.55078125,39927.05078125,1636100
2024-03-05,40646.1015625,40646.1015625,40702.3984375,40264.19921875,40468.94921875,1086200
2024-03-06,40451.5,40451.5,40749.19921875,39747.3984375,40558.69921875,1298800
2024-03-07,40301.80078125,40301.80078125,40681.8515625,40182.80078125,40475.69921875,1752600
2024-03-11,39853.1015625,39853.1015625,40415.05078125,39761.8984375,40251.3984375,1271300
2024-03-12,39599.25,39599.25,39990.69921875,39539.1015625,39863.25,1120400
2024-03-13,37439.3984375,37439.3984375,39649.6484375,37209.94921875,39628.6015625,1833300
2024-03-14,38159.94921875,38159.94921875,38272.8984375,37261.8515625,37417.8984375,1686800
2024-03-15,37583.1015625,37583.1015625,38280.6484375,36854.94921875,38042.80078125,3209500
2024-03-18,37825.3984375,37825.3984375,37935.6015625,37284.5,37497.25,1164700
2024-03-19,37232.1015625,37232.1015625,37742.19921875,37053.8515625,37592.3984375,1352000
2024-03-20,37630.69921875,37630.69921875,37670.30078125,37058.8984375,37391.5,978500
2024-03-21,38328.3515625,38328.3515625,38381.6015625,37961.3984375,37984.05078125,1284600
2024-03-22,38411.55078125,38411.55078125,38618.05078125,38107.94921875,38314.05078125,1195200
2024-03-26,38428.5,38428.5,38557.25,38058.8984375,38096.44921875,1077700
2024-03-27,38690.1484375,38690.1484375,39050.75,38599.80078125,38629.8984375,1690000
2024-03-28,39020.6015625,39020.6015625,39401.0,38803.30078125,38803.30078125,1295600
2024-04-01,39489.69921875,39489.69921875,39557.30078125,39227.8515625,39322.55078125,737400
2024-04-02,39693.75,39693.75,39807.25,39405.69921875,39503.5,1047400
2024-04-03,39704.55078125,39704.55078125,39826.05078125,39562.3515625,39679.80078125,1081800
2024-04-04,39530.3515625,39530.3515625,40099.25,39270.69921875,40023.80078125,1439900
2024-04-05,39451.55078125,39451.55078125,39581.3515625,39157.3984375,39534.55078125,874100
2024-04-08,39951.25,39951.25,40025.30078125,39637.44921875,39649.19921875,767200
2024-04-09,39693.44921875,39693.44921875,40092.6484375,39602.6484375,40065.80078125,932300
2024-04-10,40120.1015625,40120.1015625,40248.30078125,39785.69921875,39785.69921875,1099700
2024-04-12,39756.0,39756.0,40437.75,39714.30078125,40058.6015625,1470400
2024-04-15,39629.25,39629.25,40017.0,38876.8984375,39232.8984375,1937600
2024-04-16,39712.75,39712.75,39900.19921875,39298.25,39426.69921875,1546900
2024-04-18,39359.55078125,39359.55078125,40275.55078125,39244.5,40094.94921875,1934300
2024-04-19,39357.8515625,39357.8515625,39501.8984375,38726.8515625,38987.55078125,1383400
2024-04-22,39570.05078125,39570.05078125,39727.8984375,39458.6015625,39712.25,1190300
2024-04-23,39446.6015625,39446.6015625,39853.0,39392.05078125,39721.55078125,837900
2024-04-24,39561.8515625,39561.8515625,39770.3515625,39498.0,39585.25,810300
2024-04-25,39989.25,39989.25,40059.19921875,39459.05078125,39520.3515625,1083200
2024-04-26,39968.30078125,39968.30078125,40208.3515625,39902.8515625,40111.19921875,885000
2024-04-29,40352.1015625,40352.1015625,40387.30078125,40059.6015625,40116.3515625,1164800
2024-04-30,40366.69921875,40366.69921875,40771.3515625,40311.3515625,40537.19921875,1705700
2024-05-02,40801.1015625,40801.1015625,40971.1015625,40383.8515625,40490.75,2058700
2024-05-03,40571.05078125,40571.05078125,41244.55078125,40122.1484375,40973.75,1983800
2024-05-06,39882.1015625,39882.1015625,40736.80078125,39702.6484375,40689.8984375,1411400
2024-05-07,39035.25,39035.25,40021.3515625,38916.8515625,39976.1015625,1260400
2024-05-08,39635.1015625,39635.1015625,39918.5,38911.3984375,38911.3984375,1146800
2024-05-09,38458.0,38458.0,39742.8984375,38367.6484375,39622.1015625,1228300
2024-05-10,39089.44921875,39089.44921875,39137.6015625,38504.3984375,38687.25,1165100
2024-05-13,38868.1484375,38868.1484375,39148.80078125,38132.75,39092.8984375,1143800
2024-05-14,39494.19921875,39494.19921875,39543.94921875,38924.19921875,38939.5,875600
2024-05-15,39949.55078125,39949.55078125,40075.30078125,39563.94921875,39617.19921875,1023800
2024-05-16,40076.6015625,40076.6015625,40146.55078125,39422.8515625,40122.6015625,1302500
2024-05-17,40302.5,40302.5,40368.19921875,39976.05078125,40118.8515625,746300
2024-05-21,40971.05078125,40971.05078125,41190.55078125,40305.3984375,40307.69921875,1346400
2024-05-22,41331.55078125,41331.55078125,41397.8984375,40946.8984375,41204.3984375,1210400
2024-05-23,41559.25,41559.25,41625.8984375,41088.5,41318.44921875,1300500
2024-05-24,41634.6484375,41634.6484375,41876.94921875,41413.25,41536.6015625,960900
2024-05-27,41292.6484375,41292.6484375,41854.30078125,41114.19921875,41842.6484375,975500
2024-05-28,40794.8515625,40794.8515625,41508.3515625,40705.44921875,41445.75,701600
2024-05-29,40572.19921875,40572.19921875,40834.0,40410.6015625,40471.1484375,812400
2024-05-30,39986.8515625,39986.8515625,40558.0,39801.8984375,40471.19921875,994700
2024-05-31,40255.5,40255.5,40476.69921875,39922.25,40210.25,1910500
2024-06-03,42981.8984375,42981.8984375,43084.75,41894.55078125,42628.30078125,2807100
2024-06-04,37624.1015625,37624.1015625,42881.6015625,36244.0,42881.6015625,4837400
2024-06-05,38712.3515625,38712.3515625,38799.8984375,36522.05078125,38514.0,2619500
2024-06-06,39339.6484375,39339.6484375,40061.6484375,39048.6015625,39407.25,2100500
2024-06-07,40283.30078125,40283.30078125,40350.75,39106.0,39298.19921875,1689900
2024-06-10,40510.05078125,40510.05078125,41019.94921875,40388.05078125,40671.1015625,1221600
2024-06-11,40620.80078125,40620.80078125,40877.3515625,40394.3984375,40737.3515625,1414600
2024-06-12,40995.6484375,40995.6484375,41266.05078125,40705.5,40892.8984375,1216600
2024-06-13,40943.25,40943.25,41357.69921875,40803.44921875,41357.69921875,880000
2024-06-14,41040.0,41040.0,41097.8515625,40727.1484375,41085.94921875,841900
2024-06-18,41307.25,41307.25,41355.6015625,41091.6015625,41353.5,931900
2024-06-19,40600.8984375,40600.8984375,41458.25,40556.80078125,41432.1484375,881600
2024-06-20,40753.94921875,40753.94921875,40915.8515625,40282.75,40686.19921875,892400
2024-06-21,40457.55078125,40457.55078125,40876.05078125,40361.55078125,40856.05078125,1453300
2024-06-24,40464.1484375,40464.1484375,40590.80078125,40089.69921875,40297.94921875,804700
2024-06-25,40255.19921875,40255.19921875,40606.05078125,40135.75,40562.80078125,954200
2024-06-26,40822.6015625,40822.6015625,40883.6015625,40145.55078125,40225.75,888300
2024-06-27,41342.3515625,41342.3515625,41479.0,40729.1484375,40861.3515625,1945200
2024-06-28,41789.19921875,41789.19921875,42029.94921875,41437.80078125,41438.3515625,1261700
2024-07-01,41569.80078125,41569.80078125,41921.1484375,41480.8984375,41854.30078125,0
2024-07-02,41714.55078125,41714.55078125,41934.8984375,41422.6015625,41747.30078125,0
2024-07-03,41784.5,41784.5,41854.44921875,41555.55078125,41803.1015625,0
2024-07-04,41847.69921875,41847.69921875,42128.8984375,41755.8515625,41922.75,970800
2024-07-05,42523.8984375,42523.8984375,42622.8515625,41714.6015625,41877.94921875,1224000
2024-07-08,42644.94921875,42644.94921875,42747.80078125,42354.94921875,42606.30078125,1343000
2024-07-09,42609.19921875,42609.19921875,42837.5,42434.8984375,42761.1015625,1005300
2024-07-10,42675.44921875,42675.44921875,42801.1015625,41763.19921875,42767.1484375,1138400
2024-07-11,42756.8515625,42756.8515625,43035.8984375,42574.94921875,42822.55078125,1783300
2024-07-12,42846.3515625,42846.3515625,43136.94921875,42570.44921875,42928.44921875,1274300
2024-07-15,43303.0,43303.0,43362.1015625,42796.94921875,43093.94921875,1389000
2024-07-16,43204.30078125,43204.30078125,43656.55078125,43144.8515625,43320.05078125,1636600
2024-07-18,43236.6484375,43236.6484375,43365.44921875,42734.8515625,43328.55078125,1522200
2024-07-19,42062.80078125,42062.80078125,43256.6015625,41971.1484375,43238.1484375,1334200
2024-07-22,41945.5,41945.5,42226.3984375,41467.55078125,41876.69921875,1235300
2024-07-23,41719.5,41719.5,42198.30078125,40325.69921875,42118.69921875,1916400
2024-07-24,42234.3515625,42234.3515625,42509.8515625,41592.1015625,41690.0,1344100
2024-07-25,42770.30078125,42770.30078125,42878.8515625,41729.55078125,41863.80078125,2239100
2024-07-26,43238.30078125,43238.30078125,43389.1484375,42924.80078125,43040.30078125,1763300
2024-07-29,43438.69921875,43438.69921875,43732.80078125,43308.0,43475.1484375,1879400
2024-07-30,43908.3515625,43908.3515625,44341.80078125,43499.75,43510.25,2482900
2024-07-31,44086.80078125,44086.80078125,44134.6015625,43685.1484375,43962.8984375,1718600
2024-08-01,44954.44921875,44954.44921875,45022.1484375,44293.55078125,44398.05078125,2507900
2024-08-02,44334.25,44334.25,44703.3984375,44092.6484375,44481.75,1582500
2024-08-05,42640.8984375,42640.8984375,43594.44921875,42284.6015625,43364.94921875,2127800
2024-08-06,42474.94921875,42474.94921875,43640.5,42377.69921875,42873.44921875,1352800
2024-08-07,43400.3984375,43400.3984375,43446.5,42909.6015625,43107.44921875,1799800
2024-08-08,42687.1484375,42687.1484375,43439.25,42601.75,43418.75,1339900
2024-08-09,43216.05078125,43216.05078125,43426.30078125,43018.1484375,43286.69921875,1002700
2024-08-12,42916.05078125,42916.05078125,43150.19921875,42555.44921875,42991.80078125,1315300
2024-08-13,42570.3515625,42570.3515625,43132.69921875,42455.6015625,42973.55078125,1062100
2024-08-14,42298.94921875,42298.94921875,42716.80078125,42240.80078125,42621.25,966900
2024-08-16,42762.69921875,42762.69921875,42807.6015625,42244.55078125,42516.8984375,866500
2024-08-19,43332.3515625,43332.3515625,43445.3984375,43037.1015625,43076.6015625,948900
2024-08-20,43527.6484375,43527.6484375,43592.0,43369.80078125,43532.69921875,924500
2024-08-21,43591.44921875,43591.44921875,43764.6015625,43448.80078125,43573.6484375,891900
2024-08-22,43321.1484375,43321.1484375,43742.44921875,43249.05078125,43703.94921875,852300
2024-08-23,43338.1484375,43338.1484375,43546.0,43308.19921875,43385.19921875,870100
2024-08-26,43792.05078125,43792.05078125,43864.44921875,43415.6015625,43555.80078125,792000
2024-08-27,43523.69921875,43523.69921875,43870.55078125,43483.6484375,43794.19921875,835300
2024-08-28,43398.1015625,43398.1015625,43652.5,43358.6015625,43591.30078125,902700
2024-08-29,43661.1015625,43661.1015625,43751.6015625,43170.05078125,43401.3984375,1302100
2024-08-30,43757.3984375,43757.3984375,44059.75,43668.25,43938.80078125,1753400
2024-09-02,43782.94921875,43782.94921875,44004.6484375,43602.6484375,43882.75,982500
2024-09-03,43477.6484375,43477.6484375,43925.69921875,43436.80078125,43875.80078125,704500
2024-09-04,43249.8515625,43249.8515625,43326.19921875,42997.55078125,43081.94921875,1282300
2024-09-05,42911.6015625,42911.6015625,43411.8515625,42856.94921875,43391.6484375,1346900
2024-09-06,42212.44921875,42212.44921875,43035.1015625,42030.3984375,42974.1015625,1560400
2024-09-09,41926.75,41926.75,42146.75,41570.5,42122.5,1103100
2024-09-10,42243.3984375,42243.3984375,42386.75,41942.05078125,41961.94921875,1266600
2024-09-11,41626.25,41626.25,42374.6015625,41498.3515625,42354.75,1427300
2024-09-12,42497.8515625,42497.8515625,42608.3515625,41706.0,41854.25,1318500
2024-09-13,42229.3984375,42229.3984375,42693.8984375,42174.1484375,42540.6015625,900600
2024-09-16,42569.30078125,42569.30078125,42655.8984375,42372.3515625,42466.69921875,675100
2024-09-17,42648.80078125,42648.80078125,42714.6484375,42390.25,42592.1484375,759000
2024-09-18,42350.69921875,42350.69921875,42797.8984375,42263.8515625,42722.44921875,687400
2024-09-19,42326.8984375,42326.8984375,42716.05078125,42093.1015625,42567.19921875,1582600
2024-09-20,42850.0,42850.0,43049.1484375,42378.30078125,42550.19921875,1699200
2024-09-23,43370.5,43370.5,43408.30078125,42999.05078125,43089.1015625,941300
2024-09-24,43707.8515625,43707.8515625,43860.3984375,43368.3984375,43484.05078125,1352800
2024-09-25,44064.69921875,44064.69921875,44108.5,43646.30078125,43747.30078125,1124100
2024-09-26,44145.05078125,44145.05078125,44188.94921875,43695.1015625,44085.5,1252600
2024-09-27,44545.0,44545.0,44665.8515625,43936.69921875,44148.6484375,2773000
2024-09-30,44016.69921875,44016.69921875,44721.1015625,43872.05078125,44452.44921875,1514700
2024-10-01,43688.75,43688.75,44314.1484375,43646.0,44110.94921875,937600
2024-10-03,42550.5,42550.5,43382.19921875,42447.94921875,42901.75,1566400
2024-10-04,42080.6484375,42080.6484375,42783.44921875,41966.75,42438.80078125,1470800
2024-10-07,41039.3515625,41039.3515625,42289.3984375,40736.05078125,42223.0,1293300
2024-10-08,41712.75,41712.75,41797.0,40704.6484375,40972.19921875,1132600
2024-10-09,41377.80078125,41377.80078125,41947.80078125,41331.69921875,41869.3984375,1022100
2024-10-10,41509.19921875,41509.19921875,41968.1484375,41395.75,41548.55078125,984800
2024-10-11,41515.80078125,41515.80078125,41683.94921875,41398.19921875,41546.25,524900
2024-10-14,41534.94921875,41534.94921875,41760.8515625,41346.44921875,41675.8984375,716400
2024-10-15,41283.6015625,41283.6015625,41606.3515625,41135.05078125,41542.30078125,1110200
2024-10-16,41304.6484375,41304.6484375,41550.19921875,41053.05078125,41259.1015625,1136900
2024-10-17,40983.0,40983.0,41508.8515625,40944.3984375,41410.5,912800
2024-10-18,41205.55078125,41205.55078125,41294.1015625,40538.75,40925.5,768100
2024-10-21,40984.69921875,40984.69921875,41416.80078125,40804.19921875,41307.30078125,842000
2024-10-22,40009.3515625,40009.3515625,41153.55078125,39908.25,41017.55078125,897800
2024-10-23,39812.3984375,39812.3984375,40056.25,39345.8515625,39859.05078125,1149400
2024-10-24,39942.5,39942.5,40125.6484375,39742.5,39768.1015625,677800
2024-10-25,39063.75,39063.75,39950.3515625,38880.05078125,39915.1484375,1172000
2024-10-28,39123.5,39123.5,39481.80078125,38515.69921875,39051.8515625,1153400
2024-10-29,39359.80078125,39359.80078125,39419.55078125,38739.69921875,39025.3984375,1213800
2024-10-30,39296.1484375,39296.1484375,39633.0,39000.5,39297.0,935900
2024-10-31,39301.94921875,39301.94921875,39506.6015625,39052.0,39381.75,1189600
2024-11-01,39635.6484375,39635.6484375,39702.8515625,39524.8515625,39535.44921875,208800
2024-11-04,38604.75,38604.75,39773.3515625,38142.94921875,39744.69921875,1488300
2024-11-05,38924.8984375,38924.8984375,38967.6484375,38338.3515625,38427.25,918100
2024-11-06,39562.8515625,39562.8515625,39634.80078125,38853.5,39128.3515625,1163700
2024-11-07,38990.55078125,38990.55078125,39632.0,38958.0,39632.0,788300
2024-11-08,38403.6484375,38403.6484375,38952.8515625,38260.3984375,38897.6015625,965500
2024-11-11,38247.44921875,38247.44921875,38622.1015625,38049.94921875,38258.19921875,926900
2024-11-12,37705.6484375,37705.6484375,38551.55078125,37613.30078125,38371.5,940600
2024-11-13,37114.6484375,37114.6484375,37909.05078125,37049.55078125,37678.44921875,1189800
2024-11-14,37047.55078125,37047.55078125,37378.6015625,36965.05078125,37127.6484375,1046500
2024-11-18,36757.19921875,36757.19921875,37382.30078125,36523.8515625,37285.25,970300
2024-11-19,36584.19921875,36584.19921875,37396.55078125,36467.3515625,36916.3984375,1045600
2024-11-21,35789.30078125,35789.30078125,36104.94921875,35440.8515625,36059.0,1841500
2024-11-22,36523.5,36523.5,36608.3984375,35648.94921875,35826.6484375,1710400
2024-11-25,37006.0,37006.0,37574.80078125,36837.3984375,37230.8515625,2418700
2024-11-26,36722.19921875,36722.19921875,37161.8515625,36580.30078125,37129.80078125,932300
2024-11-27,37256.0,37256.0,37343.69921875,36608.30078125,36809.0,1580800
2024-11-28,36979.19921875,36979.19921875,37628.25,36903.5,37338.19921875,1797100
2024-11-29,37481.94921875,37481.94921875,37666.80078125,37047.1015625,37144.55078125,1602600
2024-12-02,37594.3984375,37594.3984375,37654.3984375,37262.6484375,37462.8515625,1217700
2024-12-03,38014.05078125,38014.05078125,38073.25,37634.25,37751.3984375,1307400
2024-12-04,37736.05078125,37736.05078125,38136.8515625,37629.6484375,38087.55078125,1160300
2024-12-05,37884.69921875,37884.69921875,38086.5,37376.19921875,37831.0,1226100
2024-12-06,37842.80078125,37842.80078125,38093.5,37818.6015625,37944.44921875,960700
2024-12-09,37689.3984375,37689.3984375,37987.19921875,37623.94921875,37798.8515625,968000
2024-12-10,37451.55078125,37451.55078125,37714.94921875,37263.75,37662.44921875,950300
2024-12-11,37308.8515625,37308.8515625,37611.69921875,37270.05078125,37461.8515625,694600
2024-12-12,37024.94921875,37024.94921875,37340.94921875,36990.6484375,37239.19921875,1351500
2024-12-13,37194.19921875,37194.19921875,37267.25,36380.44921875,37037.6015625,1440100
2024-12-16,36969.94921875,36969.94921875,37306.19921875,36904.0,37216.80078125,777800
2024-12-17,36375.3984375,36375.3984375,36897.05078125,36324.30078125,36855.94921875,995900
2024-12-18,35981.80078125,35981.80078125,36382.1015625,35893.3515625,36300.5,884800
2024-12-19,35628.19921875,35628.19921875,35807.1015625,35417.25,35479.8515625,987200
2024-12-20,34910.6015625,34910.6015625,35966.69921875,34818.0,35573.8515625,1402900
2024-12-23,35147.75,35147.75,35424.5,34930.30078125,35205.1015625,729400
2024-12-24,35084.94921875,35084.94921875,35464.69921875,35046.80078125,35185.6484375,554200
2024-12-26,35159.55078125,35159.55078125,35321.5,35096.3515625,35156.75,742100
2024-12-27,35039.3984375,35039.3984375,35365.0,34996.0,35234.3515625,558500
2024-12-30,34832.19921875,34832.19921875,35144.05078125,34689.05078125,34991.25,1879700
2024-12-31,35188.25,35188.25,35242.1015625,34703.44921875,34797.55078125,722300
2025-01-02,35715.8984375,35715.8984375,35744.8984375,35268.19921875,35446.75,3091000
2025-01-03,35894.05078125,35894.05078125,36202.05078125,35770.55078125,35807.44921875,3053300
2025-01-06,34731.1484375,34731.1484375,35937.6484375,34647.6015625,35928.1484375,3657700
2025-01-07,35164.75,35164.75,35388.19921875,34856.05078125,34877.6015625,3270000
2025-01-08,35157.3984375,35157.3984375,35358.44921875,34884.5,35306.19921875,2967900
2025-01-09,34444.94921875,34444.94921875,35205.30078125,34408.75,35196.0,2518800
2025-01-10,33743.0,33743.0,34536.8984375,33657.1015625,34484.1015625,3083100
2025-01-13,32623.099609375,32623.099609375,33602.75,32490.849609375,33379.6015625,4529200
2025-01-14,33567.75,33567.75,33665.8515625,32802.80078125,32807.5,3966400
2025-01-15,33821.19921875,33821.19921875,34131.8515625,33666.1484375,33793.80078125,3487100
2025-01-16,34275.1015625,34275.1015625,34380.44921875,34135.75,34279.3984375,2647300
2025-01-17,34686.1015625,34686.1015625,34784.3984375,34234.44921875,34415.75,2798800
2025-01-20,34970.55078125,34970.55078125,35041.3984375,34552.8984375,34833.44921875,2287600
2025-01-21,34308.5,34308.5,35043.3984375,34262.30078125,35014.8515625,2581100
2025-01-22,33805.19921875,33805.19921875,34452.5,33434.25,34400.5,2451500
2025-01-23,33866.6015625,33866.6015625,34095.25,33574.69921875,33707.30078125,2166500
2025-01-24,33263.55078125,33263.55078125,34203.94921875,33171.80078125,33946.8984375,2690500
2025-01-27,32417.55078125,32417.55078125,33079.1015625,32304.400390625,33074.6015625,3048500
2025-01-28,31966.099609375,31966.099609375,32582.900390625,31511.69921875,32499.099609375,3911100
2025-01-29,32607.849609375,32607.849609375,32663.0,32073.69921875,32086.349609375,3243200
2025-01-30,33026.05078125,33026.05078125,33210.80078125,32760.30078125,32824.3515625,2768100
2025-01-31,33895.6015625,33895.6015625,33954.05078125,32958.80078125,33139.19921875,3693100
2025-02-03,32177.400390625,32177.400390625,32917.6015625,31884.150390625,32882.05078125,4384900
2025-02-04,32896.69921875,32896.69921875,32923.0,32393.19921875,32479.849609375,3673100
2025-02-05,33345.44921875,33345.44921875,33492.3984375,33097.69921875,33115.1484375,3011900
2025-02-06,33059.75,33059.75,33571.8984375,32893.05078125,33492.3984375,2808200
2025-02-07,32817.30078125,32817.30078125,33141.05078125,32613.900390625,32978.75,2191300
2025-02-10,32109.900390625,32109.900390625,32834.25,32023.25,32778.44921875,2317400
2025-02-11,31436.75,31436.75,32157.75,31217.69921875,32156.650390625,2772800
2025-02-12,31317.30078125,31317.30078125,31411.900390625,30485.80078125,31369.44921875,3518600
2025-02-13,31286.80078125,31286.80078125,31734.150390625,31213.55078125,31378.0,2339300
2025-02-14,30572.30078125,30572.30078125,31466.400390625,30265.55078125,31389.099609375,2623900
2025-02-17,30737.55078125,30737.55078125,30785.05078125,29892.349609375,30401.349609375,2639100
2025-02-18,30849.05078125,30849.05078125,30909.19921875,30300.5,30763.25,2507700
2025-02-19,31198.5,31198.5,31279.5,30487.349609375,30620.19921875,2841800
2025-02-20,31769.650390625,31769.650390625,31816.94921875,30992.05078125,31072.75,3044600
2025-02-21,31592.0,31592.0,32022.69921875,31441.5,31721.650390625,3024300
2025-02-24,31240.80078125,31240.80078125,31405.80078125,31049.05078125,31251.94921875,2147600
2025-02-25,31018.30078125,31018.30078125,31369.849609375,30921.900390625,31222.80078125,2372500
2025-02-27,30659.25,30659.25,31095.849609375,30478.05078125,31017.19921875,2592300
2025-02-28,30018.150390625,30018.150390625,30540.400390625,29863.25,30511.5,4875900
2025-03-03,30007.05078125,30007.05078125,30219.80078125,29313.19921875,30091.900390625,4012800
2025-03-04,30239.150390625,30239.150390625,30334.25,29406.599609375,29623.30078125,3041900
2025-03-05,31099.44921875,31099.44921875,31126.349609375,30246.75,30248.349609375,3391500
2025-03-06,31729.849609375,31729.849609375,31782.55078125,31249.900390625,31431.80078125,3945300
2025-03-07,31788.44921875,31788.44921875,32075.599609375,31599.0,31723.349609375,4088700
2025-03-10,31302.19921875,31302.19921875,32154.150390625,31214.0,31788.44921875,3558400
2025-03-11,31462.650390625,31462.650390625,31528.900390625,30847.80078125,31023.900390625,2688000
2025-03-12,31535.30078125,31535.30078125,31827.44921875,31158.349609375,31638.099609375,3226600
2025-03-13,31483.0,31483.0,31889.5,31448.099609375,31738.80078125,2473900
2025-03-17,31660.150390625,31660.150390625,31827.349609375,31503.599609375,31560.599609375,2435600
2025-03-18,32165.5,32165.5,32195.30078125,31727.099609375,31857.849609375,2596100
2025-03-19,32735.05078125,32735.05078125,32786.25,32216.099609375,32277.44921875,3798400
2025-03-20,33001.05078125,33001.05078125,33042.94921875,32580.349609375,33013.1484375,2928300
2025-03-21,33475.05078125,33475.05078125,33722.94921875,33011.05078125,33047.0,5607300
2025-03-24,33955.0,33955.0,34149.1015625,33760.19921875,33849.25,3408100
2025-03-25,33502.3984375,33502.3984375,34144.3515625,33418.94921875,34123.80078125,3124300
2025-03-26,33205.3984375,33205.3984375,33791.55078125,33165.30078125,33600.05078125,3231400
2025-03-27,33682.94921875,33682.94921875,33778.8984375,33060.1015625,33130.75,5810300
2025-03-28,33571.6015625,33571.6015625,34075.0,33481.44921875,33771.44921875,4023200
2025-04-01,33289.1484375,33289.1484375,33790.3515625,33190.6015625,33381.19921875,2687600
2025-04-02,33463.69921875,33463.69921875,33503.8984375,32924.55078125,33321.80078125,2904100
2025-04-03,33559.80078125,33559.80078125,33596.6015625,33143.05078125,33151.8984375,3263600
2025-04-04,32308.900390625,32308.900390625,33514.44921875,32109.69921875,33502.19921875,4113300
2025-04-07,31414.55078125,31414.55078125,31554.75,29802.19921875,29810.900390625,4876900
2025-04-08,31866.75,31866.75,32204.19921875,31426.44921875,32031.150390625,3080600
2025-04-09,31558.94921875,31558.94921875,31824.150390625,31422.650390625,31788.900390625,2883600
2025-04-11,32411.099609375,32411.099609375,32454.599609375,31981.19921875,32250.0,2971600
2025-04-15,33106.55078125,33106.55078125,33182.3984375,32811.3984375,33033.25,3634700
2025-04-16,33456.8984375,33456.8984375,33482.30078125,33004.25,33081.05078125,2893500
2025-04-17,33797.5,33797.5,33877.30078125,33178.94921875,33432.6015625,3041700
2025-04-21,34640.75,34640.75,34711.3515625,33840.1015625,33968.5,5082600
2025-04-22,34516.3515625,34516.3515625,34812.8984375,34453.6484375,34770.05078125,3964100
2025-04-23,34755.05078125,34755.05078125,34785.1015625,34185.80078125,34685.44921875,3537000
2025-04-24,34726.75,34726.75,34842.6484375,34637.94921875,34684.05078125,4083800
2025-04-25,33956.5,33956.5,34874.05078125,33599.6015625,34751.1484375,4497400
2025-04-28,34538.8515625,34538.8515625,34622.94921875,33928.3984375,33944.69921875,2981000
2025-04-29,34438.75,34438.75,34889.55078125,34352.25,34656.8984375,3107000
2025-04-30,34241.6015625,34241.6015625,34624.1484375,33991.0,34476.80078125,3719100
2025-05-02,34138.75,34138.75,34600.6484375,33990.6015625,34206.05078125,3171400
2025-05-05,34583.6015625,34583.6015625,34639.3984375,34106.6015625,34252.5,3883700
2025-05-06,33771.1015625,33771.1015625,34727.0,33670.1484375,34663.6484375,3069900
2025-05-07,34048.05078125,34048.05078125,34141.55078125,33229.3515625,33231.69921875,3709900
2025-05-08,33534.75,33534.75,34354.8515625,33305.55078125,34175.6015625,3188100
2025-05-09,33337.55078125,33337.55078125,33413.05078125,32791.8515625,32800.5,3363300
2025-05-12,34734.30078125,34734.30078125,34758.44921875,34196.1484375,34260.05078125,4802300
2025-05-13,34549.25,34549.25,34894.55078125,34501.94921875,34750.8515625,3443800
2025-05-14,35040.75,35040.75,35091.3515625,34604.44921875,34679.0,3709200
2025-05-15,35362.55078125,35362.55078125,35394.8984375,34800.5,35130.80078125,4173500
2025-05-16,35664.80078125,35664.80078125,35748.3984375,35332.1015625,35458.6015625,4596100
2025-05-19,35690.8515625,35690.8515625,35959.80078125,35623.55078125,35790.30078125,3189800
2025-05-20,35435.1484375,35435.1484375,35967.6015625,35382.19921875,35847.94921875,3918700
2025-05-21,35647.1015625,35647.1015625,35737.44921875,35296.30078125,35531.0,2784000
2025-05-22,35357.1015625,35357.1015625,35645.30078125,35072.69921875,35577.94921875,2894400
2025-05-23,35637.8984375,35637.8984375,35707.3984375,35318.8984375,35431.25,7007000
2025-05-26,35882.6015625,35882.6015625,36127.6484375,35853.0,35873.3984375,5469800
2025-05-27,35880.8984375,35880.8984375,36013.6015625,35634.0,35906.69921875,4787500
2025-05-28,35888.55078125,35888.55078125,36094.1015625,35855.55078125,35941.44921875,4276800
2025-05-29,35988.69921875,35988.69921875,36082.3515625,35858.0,36020.44921875,4617400
2025-05-30,35879.05078125,35879.05078125,36421.3515625,35821.0,36236.80078125,14721300
2025-06-02,35933.80078125,35933.80078125,36040.30078125,35818.55078125,35931.30078125,8806200
2025-06-03,35549.6015625,35549.6015625,36156.25,35511.80078125,36036.1484375,5277600
2025-06-04,35734.19921875,35734.19921875,35773.3515625,35368.8515625,35650.1015625,5601700
2025-06-05,35824.8515625,35824.8515625,36068.8515625,35767.25,35835.19921875,4966500
2025-06-06,35924.05078125,35924.05078125,35962.44921875,35790.6484375,35885.05078125,4494400
2025-06-09,36352.80078125,36352.80078125,36371.1015625,36079.3515625,36143.25,6779300
2025-06-10,36515.25,36515.25,36582.6015625,36329.1015625,36536.55078125,10482700
2025-06-11,36624.69921875,36624.69921875,36938.8984375,36495.3984375,36649.94921875,10710400
2025-06-12,35918.3515625,35918.3515625,36771.3515625,35851.94921875,36753.1484375,6813600
2025-06-13,35740.55078125,35740.55078125,35819.0,35304.94921875,35408.0,5645700
2025-06-16,36010.44921875,36010.44921875,36029.19921875,35429.6484375,35796.75,4997800
2025-06-17,35836.0,35836.0,36107.75,35736.0,36067.19921875,2685400
2025-06-18,35667.55078125,35667.55078125,35941.94921875,35544.1484375,35831.25,2842700
2025-06-19,35273.8515625,35273.8515625,35848.3515625,35180.6484375,35671.3984375,3238400
2025-06-20,35600.19921875,35600.19921875,35760.3984375,35181.1015625,35248.55078125,5391700
2025-06-23,35608.94921875,35608.94921875,35711.0,35280.1015625,35361.0,2700300
2025-06-24,35727.05078125,35727.05078125,35952.80078125,35627.44921875,35836.69921875,4761200
2025-06-25,35820.55078125,35820.55078125,35974.3984375,35765.3515625,35923.1484375,3418600
2025-06-26,36179.1015625,36179.1015625,36208.8984375,35873.6015625,35885.6015625,3384600
2025-06-27,36542.6015625,36542.6015625,36707.6484375,36289.6015625,36300.69921875,5545800
2025-06-30,36568.6484375,36568.6484375,36743.55078125,36415.94921875,36672.1484375,3773100
2025-07-01,36480.1015625,36480.1015625,36702.6484375,36423.6015625,36661.55078125,3494300
2025-07-02,36331.25,36331.25,36611.0,36164.44921875,36543.30078125,3321700
2025-07-03,36362.80078125,36362.80078125,36555.25,36276.0,36442.25,2944800
2025-07-04,36509.6015625,36509.6015625,36523.8984375,36291.94921875,36445.3515625,2881700
2025-07-07,36532.3984375,36532.3984375,36650.6484375,36421.8984375,36553.75,11333000
2025-07-08,36605.8515625,36605.8515625,36755.25,36415.6484375,36553.8515625,9373200
2025-07-09,36517.5,36517.5,36737.69921875,36452.55078125,36648.8515625,6247800
2025-07-10,36447.6484375,36447.6484375,36630.1484375,36335.8984375,36591.55078125,5356400
2025-07-11,36097.8515625,36097.8515625,36488.6484375,36039.69921875,36432.1015625,6815700
2025-07-14,36201.05078125,36201.05078125,36289.69921875,36035.1484375,36159.75,12508800
2025-07-15,36308.5,36308.5,36431.6015625,36180.5,36237.94921875,6831700
2025-07-16,36350.8984375,36350.8984375,36388.6484375,36199.75,36297.94921875,5302400
2025-07-17,36438.25,36438.25,36537.8515625,36330.05078125,36426.8984375,3188300
2025-07-18,36231.6484375,36231.6484375,36590.0,36144.0,36502.1484375,3760500
2025-07-21,36248.55078125,36248.55078125,36282.30078125,35966.44921875,36210.6484375,2764000
2025-07-22,36198.5,36198.5,36338.6484375,36090.69921875,36296.55078125,2596600
2025-07-23,36302.94921875,36302.94921875,36340.5,36171.3984375,36276.94921875,2510300
2025-07-24,36048.3515625,36048.3515625,36359.19921875,35950.3984375,36319.6015625,2056500
2025-07-25,35250.5,35250.5,36009.69921875,35214.80078125,35967.80078125,2564800
2025-07-28,35021.55078125,35021.55078125,35515.55078125,34986.25,35244.1015625,2698300
2025-07-29,35410.69921875,35410.69921875,35447.6015625,34901.75,34940.3515625,2499200
2025-07-30,35422.05078125,35422.05078125,35619.8984375,35333.3984375,35541.75,2333000
2025-07-31,35116.1484375,35116.1484375,35321.19921875,35010.69921875,35062.8515625,2663900
2025-08-01,34889.0,34889.0,35283.19921875,34826.30078125,35183.30078125,4934500
2025-08-04,34923.44921875,34923.44921875,35025.6015625,34685.0,34932.30078125,2791100
2025-08-05,34914.3984375,34914.3984375,35062.30078125,34739.80078125,34957.30078125,2608100
2025-08-06,34683.3515625,34683.3515625,34947.19921875,34617.69921875,34932.94921875,2947400
2025-08-07,34613.80078125,34613.80078125,34660.6484375,34114.3515625,34504.5,3093000
2025-08-08,34391.94921875,34391.94921875,34714.8515625,34340.05078125,34635.55078125,2620800
2025-08-11,34610.3515625,34610.3515625,34640.19921875,34329.8515625,34426.19921875,2274100
2025-08-12,34741.44921875,34741.44921875,34881.6015625,34635.69921875,34661.05078125,2889200
2025-08-13,34739.3515625,34739.3515625,34944.6015625,34636.1015625,34872.55078125,3238100
2025-08-14,34469.05078125,34469.05078125,34804.5,34419.0,34780.94921875,2219900
2025-08-18,34483.19921875,34483.19921875,34822.5,34364.55078125,34812.69921875,3652300
2025-08-19,34768.1015625,34768.1015625,34789.69921875,34499.25,34561.5,2905200
2025-08-20,34847.8515625,34847.8515625,34939.75,34766.19921875,34766.6015625,2353200
2025-08-21,34681.6015625,34681.6015625,34987.05078125,34658.69921875,34906.75,2273700
2025-08-22,34507.6015625,34507.6015625,34729.8515625,34477.8984375,34687.25,2056300
2025-08-25,34494.3515625,34494.3515625,34611.75,34441.19921875,34576.94921875,1883000
2025-08-26,33955.94921875,33955.94921875,34471.69921875,33909.30078125,34395.25,3052900
2025-08-28,33682.8515625,33682.8515625,34006.1015625,33616.0,33994.6015625,2615600
2025-08-29,33638.6484375,33638.6484375,33862.80078125,33481.8515625,33689.94921875,3047000
2025-09-01,34155.30078125,34155.30078125,34200.25,33727.19921875,33785.25,2142800
2025-09-02,34490.5,34490.5,34720.3984375,34248.5,34287.44921875,2359900
2025-09-03,34626.6015625,34626.6015625,34715.3984375,34562.55078125,34571.05078125,2164200
2025-09-04,34284.69921875,34284.69921875,34803.1484375,34246.8515625,34788.3984375,2030300
2025-09-05,34297.8984375,34297.8984375,34441.75,34104.25,34357.8515625,2008500
2025-09-08,34290.6484375,34290.6484375,34552.25,34272.75,34429.55078125,1556200
2025-09-09,34249.6484375,34249.6484375,34402.44921875,34201.19921875,34369.75,2261300
2025-09-10,34522.1015625,34522.1015625,34598.55078125,34384.1484375,34401.3515625,2214700
2025-09-11,34826.69921875,34826.69921875,34992.6484375,34525.0,34595.44921875,3281900
2025-09-12,34940.30078125,34940.30078125,35021.8515625,34830.3984375,34918.19921875,2002700
2025-09-15,35129.0,35129.0,35201.69921875,34973.05078125,34976.19921875,2130400
2025-09-16,35441.1015625,35441.1015625,35474.94921875,35159.6484375,35218.55078125,3035700
2025-09-17,35568.05078125,35568.05078125,35648.19921875,35457.8515625,35620.6015625,2350300
2025-09-18,35442.1015625,35442.1015625,35669.05078125,35278.30078125,35657.69921875,1881200
2025-09-19,35745.75,35745.75,35814.6484375,35583.05078125,35596.1484375,4527000
2025-09-22,35992.6484375,35992.6484375,36182.1015625,35789.1484375,35804.30078125,4385600
2025-09-23,35826.19921875,35826.19921875,36142.3984375,35761.69921875,36107.6484375,4382800
2025-09-24,35506.69921875,35506.69921875,35844.3984375,35482.3984375,35822.6015625,3523300
2025-09-25,35255.55078125,35255.55078125,35736.1484375,35217.25,35528.05078125,3747300
2025-09-26,34830.0,34830.0,35285.55078125,34775.1484375,35272.1484375,2730800
2025-09-29,35069.1484375,35069.1484375,35265.80078125,34952.75,34994.3984375,3249400
2025-09-30,34999.6484375,34999.6484375,35203.30078125,34861.1015625,35144.55078125,2512300
2025-10-01,35180.3515625,35180.3515625,35315.8984375,34980.05078125,35020.6015625,2706700
2025-10-03,35375.8984375,35375.8984375,35400.3515625,35036.8515625,35236.25,4013300
2025-10-06,35369.44921875,35369.44921875,35446.8984375,35212.75,35359.6484375,2687000
2025-10-07,35470.0,35470.0,35708.5,35421.75,35438.75,3300500
2025-10-08,35085.75,35085.75,35558.44921875,35054.8515625,35544.0,2872900
2025-10-09,35244.1484375,35244.1484375,35285.1484375,35021.05078125,35138.5,2507900
2025-10-10,35393.94921875,35393.94921875,35573.94921875,35268.0,35280.94921875,3898000
2025-10-13,35288.0,35288.0,35313.69921875,35026.5,35236.05078125,3436300
2025-10-14,35067.69921875,35067.69921875,35511.80078125,35003.05078125,35383.6484375,2753000
2025-10-15,35321.6484375,35321.6484375,35395.44921875,35097.80078125,35120.3984375,3246300
2025-10-16,35468.80078125,35468.80078125,35490.1484375,35318.0,35407.05078125,3047700
2025-10-17,35395.69921875,35395.69921875,35527.94921875,35192.6015625,35485.3515625,5461200
2025-10-20,35563.94921875,35563.94921875,35677.75,35512.5,35557.05078125,3093100
2025-10-21,35644.1484375,35644.1484375,35748.8515625,35588.6484375,35698.6015625,752700
2025-10-23,35619.1484375,35619.1484375,35876.1015625,35567.30078125,35768.69921875,3665900
2025-10-24,35626.8984375,35626.8984375,35815.30078125,35528.6484375,35664.05078125,2767000
2025-10-27,35780.0,35780.0,35854.6015625,35686.5,35740.8515625,2409900
2025-10-28,35658.1484375,35658.1484375,35890.6484375,35498.6015625,35812.44921875,3552400
2025-10-29,36347.94921875,36347.94921875,36484.19921875,35701.69921875,35749.0,6636800
2025-10-30,36392.6015625,36392.6015625,36475.6015625,36202.3984375,36468.8515625,4538300
2025-10-31,36275.94921875,36275.94921875,36462.05078125,36246.3984375,36433.75,3936500
2025-11-03,36445.1484375,36445.1484375,36518.0,36161.44921875,36313.8515625,346800
2025-11-04,36278.3984375,36278.3984375,36517.94921875,36244.0,36496.0,6432900
2025-11-06,35839.5,35839.5,36396.0,35803.69921875,36396.0,4755000
2025-11-07,35790.30078125,35790.30078125,35897.6015625,35488.94921875,35718.8515625,3626400
2025-11-10,35921.6015625,35921.6015625,36084.69921875,35786.1015625,35798.6484375,3445300
2025-11-11,36069.8515625,36069.8515625,36097.55078125,35681.0,36030.8515625,3353000
2025-11-12,36287.8984375,36287.8984375,36377.0,36166.6015625,36219.1484375,3139800
2025-11-13,36187.8515625,36187.8515625,36371.8984375,36134.25,36310.94921875,2734600
2025-11-14,36261.1015625,36261.1015625,36406.44921875,36112.69921875,36167.05078125,2373400
2025-11-17,36441.8515625,36441.8515625,36526.69921875,36319.44921875,36331.8984375,2523500
2025-11-18,36223.75,36223.75,36487.05078125,36159.1484375,36474.80078125,2333900
2025-11-19,36132.30078125,36132.30078125,36248.5,36040.0,36222.80078125,8630100
2025-11-20,36232.69921875,36232.69921875,36383.0,36192.1015625,36244.6015625,9521100
2025-11-21,35852.3984375,35852.3984375,36195.1015625,35827.69921875,36150.55078125,4782600
2025-11-24,35427.8515625,35427.8515625,35914.8984375,35363.1484375,35888.5,5436900
2025-11-25,35350.3515625,35350.3515625,35557.25,35307.80078125,35447.94921875,3664300
2025-11-26,35964.80078125,35964.80078125,35986.8515625,35409.3984375,35411.8515625,3462900
2025-11-27,35756.1484375,35756.1484375,36064.3515625,35677.6484375,36049.55078125,3164000
2025-11-28,35548.30078125,35548.30078125,35721.69921875,35518.05078125,35700.55078125,4401200
2025-12-01,35539.25,35539.25,35736.30078125,35465.3984375,35676.19921875,2224500
2025-12-02,35459.3984375,35459.3984375,35642.75,35380.44921875,35482.1015625,3589900
2025-12-03,35105.0,35105.0,35503.3984375,35008.0,35480.69921875,2770500
2025-12-04,34986.1015625,34986.1015625,35217.1015625,34927.0,35112.05078125,2682300
2025-12-05,34971.80078125,34971.80078125,35018.1015625,34768.30078125,34989.75,2146700
2025-12-08,34447.8515625,34447.8515625,35032.25,34325.6484375,34987.05078125,3288400
2025-12-09,34666.80078125,34666.80078125,34725.19921875,34040.6015625,34334.0,3399700
2025-12-10,34635.25,34635.25,34945.80078125,34560.6484375,34708.30078125,2637900
2025-12-11,34751.94921875,34751.94921875,34799.69921875,34427.3515625,34649.75,2525000
2025-12-12,35039.8515625,35039.8515625,35071.19921875,34868.8984375,34868.8984375,2341500
2025-12-15,35028.1484375,35028.1484375,35049.30078125,34713.1015625,35016.55078125,2177900
2025-12-16,34769.25,34769.25,34954.80078125,34678.3984375,34944.05078125,2233400
2025-12-17,34737.0,34737.0,34942.6015625,34655.05078125,34807.8515625,3364600
2025-12-18,34464.30078125,34464.30078125,34741.75,34349.80078125,34701.5,3268900
2025-12-19,34796.3984375,34796.3984375,34823.1484375,34516.8515625,34522.94921875,2672400
2025-12-22,35025.44921875,35025.44921875,35060.6484375,34897.19921875,34910.30078125,2630700
2025-12-23,35214.25,35214.25,35318.69921875,35029.0,35077.80078125,2511200
2025-12-24,35095.1015625,35095.1015625,35474.25,35072.0,35285.30078125,3022000
2025-12-26,35058.80078125,35058.80078125,35296.25,35007.8984375,35101.3515625,2220500
2025-12-29,34868.75,34868.75,35129.19921875,34808.8515625,35096.6015625,2171500
2025-12-30,34813.8984375,34813.8984375,34911.30078125,34702.0,34872.80078125,3644800
2025-12-31,35325.6484375,35325.6484375,35409.3984375,34827.1015625,34833.25,2834600
2026-01-02,36275.6484375,36275.6484375,36306.80078125,35540.8984375,35559.5,4452500
2026-01-05,36050.05078125,36050.05078125,36464.5,35923.55078125,36392.94921875,3890900
2026-01-06,35849.1484375,35849.1484375,36039.5,35668.19921875,35992.69921875,2536900
2026-01-07,35763.5,35763.5,35872.94921875,35630.3984375,35801.1484375,2318000
2026-01-08,34729.6484375,34729.6484375,35785.8515625,34662.8984375,35720.25,3207500
2026-01-09,34409.30078125,34409.30078125,34951.75,34284.19921875,34736.3984375,3882000
2026-01-12,34473.55078125,34473.55078125,34517.94921875,33899.3515625,34404.75,3407500
2026-01-13,34416.69921875,34416.69921875,34705.8984375,34177.8984375,34630.0,3178000
2026-01-14,34622.25,34622.25,34811.75,34328.6484375,34364.0,3078700
2026-01-16,34346.3515625,34346.3515625,34745.30078125,34246.8515625,34614.3515625,4120700
2026-01-19,34116.80078125,34116.80078125,34550.19921875,34007.1015625,34294.6484375,2905700
2026-01-20,33360.0,33360.0,34156.80078125,33284.69921875,34097.6015625,3422200
2026-01-21,33370.05078125,33370.05078125,33623.8984375,32983.3984375,33290.19921875,3932300
2026-01-22,33747.0,33747.0,33861.44921875,33539.6015625,33623.55078125,2682900
2026-01-23,33098.30078125,33098.30078125,33867.30078125,33055.30078125,33867.30078125,3613100
2026-01-27,33293.1015625,33293.1015625,33410.0,32890.30078125,33252.44921875,4559400
2026-01-28,34685.44921875,34685.44921875,34745.94921875,33424.1484375,33434.30078125,4788500
2026-01-29,35335.19921875,35335.19921875,35427.3515625,34757.75,34890.1015625,4598500
2026-01-30,35138.05078125,35138.05078125,35233.8984375,34827.8515625,35220.1015625,4013300
2026-02-02,34613.30078125,34613.30078125,34690.6484375,33708.19921875,34042.0,3480600
2026-02-03,35657.55078125,35657.55078125,36087.1015625,35256.1484375,35939.55078125,5105400
2026-02-04,36370.3515625,36370.3515625,36422.30078125,35669.44921875,35787.80078125,6930500
2026-02-05,36230.3515625,36230.3515625,36478.25,36078.19921875,36435.80078125,4535800
2026-02-06,36451.69921875,36451.69921875,36496.19921875,36077.8984375,36215.25,3115800
2026-02-09,36578.8515625,36578.8515625,36646.69921875,36415.05078125,36597.55078125,2835600
2026-02-10,36671.0,36671.0,36767.3515625,36534.05078125,36672.0,2762600
2026-02-11,36657.25,36657.25,36669.94921875,36305.1015625,36634.6015625,3809700
2026-02-12,36452.6484375,36452.6484375,36767.3515625,36276.5,36693.8515625,3763400
2026-02-13,35709.8984375,35709.8984375,36168.55078125,35678.1015625,36154.0,3090100
2026-02-16,36386.75,36386.75,36430.5,35589.44921875,35699.3984375,3088800
2026-02-17,36388.44921875,36388.44921875,36412.75,36172.3515625,36370.8515625,2406100
2026-02-18,36517.1015625,36517.1015625,36576.44921875,36203.6484375,36377.69921875,2021400
2026-02-19,36088.0,36088.0,36670.75,35990.1015625,36598.69921875,2776000
2026-02-20,36581.1484375,36581.1484375,36670.8515625,36089.3515625,36092.0,2971500
2026-02-23,36741.55078125,36741.55078125,36782.05078125,36505.6015625,36782.05078125,2571500
2026-02-24,37028.1015625,37028.1015625,37120.3984375,36583.6015625,36649.55078125,3102800
2026-02-25,37118.6015625,37118.6015625,37306.5,36927.94921875,37122.3984375,2976300
2026-02-26,37181.80078125,37181.80078125,37265.55078125,36969.1484375,37154.30078125,2707300
2026-02-27,37045.19921875,37045.19921875,37303.8515625,36917.8984375,37116.6015625,4571500
2026-03-02,36453.3984375,36453.3984375,36756.75,35972.69921875,36014.3515625,5567200
2026-03-04,35589.6015625,35589.6015625,36044.25,35492.44921875,36010.3515625,5514400
2026-03-05,36273.8515625,36273.8515625,36409.8984375,35755.75,35765.3515625,4843100
2026-03-06,36319.6015625,36319.6015625,36606.55078125,36160.0,36320.8515625,3740000
2026-03-09,35657.75,35657.75,35942.6484375,35289.0,35854.3984375,5185500
2026-03-10,36038.94921875,36038.94921875,36118.44921875,35719.25,36099.6015625,3759800
2026-03-11,36138.5,36138.5,36536.6015625,36070.1484375,36167.19921875,4115700
2026-03-12,36834.3515625,36834.3515625,37007.1015625,35838.80078125,36077.05078125,7703200
2026-03-13,36071.8515625,36071.8515625,37116.6484375,35996.1015625,36922.3984375,5231800
2026-03-16,35682.05078125,35682.05078125,36317.25,35258.5,36101.8984375,5563800
2026-03-17,35980.80078125,35980.80078125,36087.0,35617.69921875,35846.6015625,4504900
2026-03-18,36141.94921875,36141.94921875,36277.75,35969.05078125,36065.8515625,5740400
2026-03-19,35639.3515625,35639.3515625,36137.3984375,35527.1015625,35752.8515625,11257100
2026-03-20,35908.30078125,35908.30078125,36500.30078125,35851.1015625,35914.55078125,8521600
2026-03-23,34839.44921875,34839.44921875,35713.80078125,34648.5,35681.1484375,5801500
2026-03-24,35082.44921875,35082.44921875,35531.8984375,34721.05078125,35531.8984375,4927600
2026-03-25,35556.44921875,35556.44921875,35741.75,35291.8515625,35327.05078125,5219500
2026-03-27,35214.80078125,35214.80078125,35508.94921875,35134.69921875,35498.5,6449800
2026-03-30,34849.69921875,34849.69921875,35524.1015625,34799.8515625,34893.6484375,6130600
2026-04-01,35402.8515625,35402.8515625,35868.5,35224.75,35868.5,5170100
2026-04-02,35299.3984375,35299.3984375,35384.75,34424.75,35106.6484375,4708600
2026-04-06,35388.75,35388.75,35445.8984375,34992.8515625,35383.6484375,6102700
2026-04-07,35578.25,35578.25,35617.30078125,35046.25,35244.1015625,4131300
2026-04-08,36469.19921875,36469.19921875,36506.3984375,36030.8515625,36381.80078125,7610200
2026-04-09,36768.25,36768.25,36872.80078125,36309.0,36491.30078125,6279900
2026-04-10,37174.6015625,37174.6015625,37366.55078125,36951.6484375,36959.44921875,5249400
2026-04-13,37195.05078125,37195.05078125,37337.6015625,36532.3984375,36575.55078125,8937100
2026-04-15,37993.5,37993.5,38031.8515625,37557.75,37672.6015625,11212000
2026-04-16,38184.75,38184.75,38262.8515625,37794.19921875,38262.8515625,10003900
2026-04-17,38881.75,38881.75,38951.0,38244.5,38354.5,10888500
2026-04-20,39184.69921875,39184.69921875,39478.69921875,38643.75,38938.3984375,6655600
2026-04-21,39337.19921875,39337.19921875,39579.1015625,39259.6015625,39280.30078125,5417400
2026-04-22,39896.69921875,39896.69921875,39938.69921875,39279.94921875,39337.05078125,8364300
2026-04-23,39996.75,39996.75,40208.25,39772.3515625,39871.05078125,6675600
2026-04-24,39903.75,39903.75,40206.80078125,39592.3984375,40110.94921875,5972400
2026-04-27,40496.69921875,40496.69921875,40564.25,40045.80078125,40058.8515625,7351100
2026-04-28,40990.69921875,40990.69921875,41097.94921875,40570.3515625,40594.80078125,6666600
2026-04-29,40961.3984375,40961.3984375,41423.3515625,40904.05078125,41228.30078125,6412900
2026-04-30,40771.8984375,40771.8984375,40898.8984375,40385.44921875,40883.3515625,5538100
2026-05-04,40970.05078125,40970.05078125,41302.5,40795.44921875,40936.69921875,7375000
2026-05-05,40990.0,40990.0,41224.05078125,40687.8984375,41014.0,6287900
2026-05-06,40806.6484375,40806.6484375,41219.1015625,40652.8515625,41187.25,5253700
2026-05-07,41141.94921875,41141.94921875,41241.1015625,40840.75,40952.3515625,5497900
2026-05-08,40795.80078125,40795.80078125,41133.1015625,40695.5,41091.5,3421900
2026-05-11,40043.30078125,40043.30078125,40584.3515625,40005.55078125,40581.1015625,3687700
2026-05-12,39542.3515625,39542.3515625,40333.55078125,39487.8515625,40060.55078125,5387400
2026-05-13,39819.69921875,39819.69921875,40009.55078125,39337.25,39465.94921875,5148100
2026-05-14,40080.1484375,40080.1484375,40343.3984375,39795.30078125,40159.8515625,5396800
2026-05-15,39816.8515625,39816.8515625,40338.6015625,39741.6015625,40324.6015625,11490600
2026-05-18,39519.5,39519.5,39607.6484375,39144.05078125,39607.6484375,5154900
2026-05-19,39569.1015625,39569.1015625,39782.30078125,39479.05078125,39591.30078125,4153400
2026-05-20,40154.94921875,40154.94921875,40227.6484375,39249.05078125,39402.0,3569700
2026-05-21,40277.80078125,40277.80078125,40622.75,40202.69921875,40362.75,5095100
2026-05-22,40237.6015625,40237.6015625,40360.3984375,40182.3515625,40292.30078125,3507100
2026-05-25,40578.80078125,40578.80078125,40689.3984375,40387.44921875,40609.1484375,5754600
2026-05-26,40814.6015625,40814.6015625,41031.94921875,40506.05078125,40574.6015625,6947900
2026-05-27,41535.75,41535.75,41638.30078125,40509.5,40562.5,20676100
2026-05-29,40878.0,40878.0,41828.55078125,40698.1484375,41784.30078125,16599800
2026-06-01,40253.6484375,40253.6484375,41041.5,40188.80078125,40983.8984375,10292400
2026-06-02,40189.6484375,40189.6484375,40248.19921875,39667.05078125,39988.69921875,8973700
2026-06-03,40196.8515625,40196.8515625,40322.69921875,39853.05078125,40233.69921875,7166600
2026-06-04,40445.75,40445.75,40600.30078125,40150.69921875,40150.8984375,6061900
2026-06-05,40346.1015625,40346.1015625,40641.19921875,40141.19921875,40561.30078125,4826100
2026-06-08,39685.44921875,39685.44921875,40187.80078125,39524.8984375,39847.6015625,4214300
2026-06-09,39752.94921875,39752.94921875,39909.0,39573.6015625,39877.3984375,4061300
2026-06-10,38949.30078125,38949.30078125,39829.19921875,38890.69921875,39770.1015625,4167400
2026-06-11,38655.8984375,38655.8984375,39050.80078125,38572.44921875,38890.80078125,4284800
2026-06-12,39244.44921875,39244.44921875,39311.8984375,38684.3984375,39122.1484375,4488200
2026-06-15,39493.94921875,39493.94921875,39870.44921875,39430.0,39862.6015625,4843800
2026-06-16,39915.3984375,39915.3984375,39980.94921875,39520.19921875,39669.44921875,6472600
2026-06-17,40238.44921875,40238.44921875,40259.1015625,39873.55078125,39985.6015625,4959500
2026-06-18,40457.30078125,40457.30078125,40518.44921875,40013.30078125,40309.8984375,4239100
2026-06-19,40548.1015625,40548.1015625,40614.94921875,40293.94921875,40450.94921875,4785200
2026-06-22,40773.80078125,40773.80078125,40810.1015625,40533.94921875,40651.1484375,4588400
2026-06-23,40268.69921875,40268.69921875,40879.05078125,40203.69921875,40850.05078125,3536800
2026-06-24,39908.3984375,39908.3984375,40298.05078125,39828.8984375,40215.94921875,3384300
2026-06-25,39637.0,39637.0,40165.1484375,39569.25,40080.19921875,3729100
2026-06-29,39718.0,39718.0,39796.6015625,39273.05078125,39666.3515625,6232500
2026-06-30,39740.5,39740.5,39848.05078125,39521.19921875,39784.75,4364100
2026-07-01,39764.8515625,39764.8515625,39936.69921875,39674.55078125,39827.3515625,6792700
2026-07-02,39707.0,39707.0,39835.30078125,39473.5,39816.05078125,3558800
2026-07-03,39178.6015625,39178.6015625,39642.19921875,39146.5,39642.19921875,3540400
2026-07-06,39481.44921875,39481.44921875,39600.3515625,39167.5,39255.30078125,3261300
2026-07-07,39188.44921875,39188.44921875,39617.1015625,39116.8515625,39545.6484375,3194200
2026-07-08,38695.6484375,38695.6484375,39100.80078125,38554.3515625,39012.6484375,4418900
2026-07-09,38838.1015625,38838.1015625,39048.0,38773.75,38838.19921875,2890800
2026-07-10,39242.05078125,39242.05078125,39359.19921875,39021.80078125,39073.19921875,2688300
2026-07-13,39220.3515625,39220.3515625,39249.25,38903.1484375,39079.44921875,2688500
2026-07-14,39203.1484375,39203.1484375,39337.05078125,39035.6015625,39119.55078125,3249100
2026-07-15,39381.25,39381.25,39465.25,39191.6015625,39277.05078125,3090700
2026-07-16,39345.80078125,39345.80078125,39716.6484375,39238.69921875,39483.19921875,3875800
2026-07-17,39277.0,39277.0,39467.8515625,39180.6015625,39418.6015625,3725300
2026-07-23,39090.8515625,39090.8515625,39414.44921875,39045.3984375,39337.75,0
