Date,Adj Close,Close,High,Low,Open,Volume
2021-07-23,4456.35009765625,4456.35009765625,4505.10009765625,4452.60009765625,4504.14990234375,1569800
2021-07-26,4446.5,4446.5,4474.25,4435.7001953125,4455.2998046875,1235900
2021-07-27,4416.0,4416.0,4463.60009765625,4400.7998046875,4458.25,1499800
2021-07-28,4417.5,4417.5,4421.2001953125,4345.75,4419.85009765625,1741900
2021-07-29,4420.2001953125,4420.2001953125,4447.5498046875,4415.60009765625,4439.75,1625700
2021-07-30,4432.2998046875,4432.2998046875,4467.9501953125,4416.25,4430.10009765625,2889000
2021-08-02,4500.0,4500.0,4503.2998046875,4450.35009765625,4460.35009765625,2467400
2021-08-03,4551.7001953125,4551.7001953125,4557.0498046875,4502.60009765625,4521.2998046875,2553700
2021-08-04,4520.35009765625,4520.35009765625,4576.39990234375,4515.25,4563.5498046875,2105300
2021-08-05,4543.2998046875,4543.2998046875,4564.85009765625,4504.75,4522.25,2625700
2021-08-06,4518.0498046875,4518.0498046875,4567.64990234375,4513.35009765625,4545.64990234375,2420700
2021-08-09,4476.14990234375,4476.14990234375,4533.60009765625,4464.5498046875,4533.60009765625,1878941700
2021-08-10,4464.2998046875,4464.2998046875,4504.0498046875,4427.7001953125,4488.85009765625,1800100
2021-08-11,4489.0,4489.0,4493.9501953125,4434.7001953125,4470.2001953125,1858200
2021-08-12,4528.75,4528.75,4533.14990234375,4494.35009765625,4500.2001953125,1911000
2021-08-13,4565.5498046875,4565.5498046875,4569.39990234375,4532.7001953125,4537.5498046875,1907000
2021-08-16,4569.7998046875,4569.7998046875,4591.7998046875,4556.35009765625,4576.5498046875,1642100
2021-08-17,4568.7998046875,4568.7998046875,4592.7998046875,4528.39990234375,4573.14990234375,1831800
2021-08-18,4573.39990234375,4573.39990234375,4602.0,4560.0498046875,4581.2001953125,1508400
2021-08-20,4490.89990234375,4490.89990234375,4559.4501953125,4475.0,4529.0,2053400
2021-08-23,4473.14990234375,4473.14990234375,4529.14990234375,4429.5498046875,4526.64990234375,1645900
2021-08-24,4526.2001953125,4526.2001953125,4530.0498046875,4489.2998046875,4497.2001953125,1642500
2021-08-25,4526.0,4526.0,4549.5498046875,4522.5,4540.7998046875,1607100
2021-08-26,4509.5,4509.5,4534.0,4493.25,4529.0498046875,1621800
2021-08-27,4563.2998046875,4563.2998046875,4577.7001953125,4511.7001953125,4523.89990234375,1345600
2021-08-30,4640.64990234375,4640.64990234375,4650.0,4577.60009765625,4586.2001953125,1883900
2021-08-31,4709.85009765625,4709.85009765625,4714.9501953125,4633.9501953125,4654.10009765625,2932800
2021-09-01,4727.75,4727.75,4743.89990234375,4707.10009765625,4729.64990234375,1957100
2021-09-02,4773.7001953125,4773.7001953125,4782.85009765625,4726.10009765625,4729.0498046875,1771100
2021-09-03,4830.7001953125,4830.7001953125,4835.4501953125,4782.9501953125,4799.64990234375,2640000
2021-09-06,4840.7998046875,4840.7998046875,4888.5498046875,4834.7001953125,4861.39990234375,1632300
2021-09-07,4846.60009765625,4846.60009765625,4862.25,4814.9501953125,4851.25,1725200
2021-09-08,4833.0,4833.0,4863.10009765625,4801.2001953125,4855.7998046875,1733600
2021-09-09,4852.10009765625,4852.10009765625,4856.35009765625,4819.7001953125,4820.85009765625,1778600
2021-09-13,4842.60009765625,4842.60009765625,4861.89990234375,4818.5,4861.89990234375,1362700
2021-09-14,4862.0,4862.0,4871.9501953125,4850.0498046875,4854.75,1688900
2021-09-15,4931.7001953125,4931.7001953125,4941.85009765625,4871.5,4871.7998046875,3402800
2021-09-16,4954.2998046875,4954.2998046875,4962.0,4929.35009765625,4951.39990234375,2549100
2021-09-17,4931.14990234375,4931.14990234375,4989.2998046875,4916.7998046875,4973.4501953125,2850300
2021-09-20,4876.4501953125,4876.4501953125,4942.5498046875,4859.39990234375,4891.85009765625,1666800
2021-09-21,4909.85009765625,4909.85009765625,4914.25,4863.5498046875,4876.0498046875,2049400
2021-09-22,4936.64990234375,4936.64990234375,4953.7001953125,4913.0,4916.75,1958700
2021-09-23,5020.2001953125,5020.2001953125,5024.89990234375,4964.4501953125,4966.60009765625,2718700
2021-09-24,4998.64990234375,4998.64990234375,5049.75,4987.7001953125,5043.2001953125,3276300
2021-09-27,5021.60009765625,5021.60009765625,5029.2001953125,4991.5498046875,5022.14990234375,2246800
2021-09-28,5024.5,5024.5,5083.7998046875,4991.89990234375,5038.35009765625,3353300
2021-09-29,5043.89990234375,5043.89990234375,5059.5498046875,5001.4501953125,5022.5,4736200
2021-09-30,5025.35009765625,5025.35009765625,5060.60009765625,5010.39990234375,5053.0,3546900
2021-10-01,5023.0,5023.0,5039.2001953125,4992.7001953125,5014.4501953125,3246800
2021-10-04,5068.9501953125,5068.9501953125,5083.10009765625,5031.35009765625,5045.64990234375,2803200
2021-10-05,5125.2998046875,5125.2998046875,5130.75,5067.89990234375,5073.2998046875,4747900
2021-10-06,5060.4501953125,5060.4501953125,5160.4501953125,5047.10009765625,5147.7001953125,3641700
2021-10-07,5087.7001953125,5087.7001953125,5119.9501953125,5084.2998046875,5110.14990234375,2997500
2021-10-08,5122.85009765625,5122.85009765625,5133.39990234375,5087.7998046875,5124.2998046875,1801800
2021-10-11,5147.2001953125,5147.2001953125,5183.0,5143.10009765625,5152.7998046875,2617500
2021-10-12,5150.0,5150.0,5166.75,5111.2998046875,5147.5498046875,2345600
2021-10-13,5215.0498046875,5215.0498046875,5240.60009765625,5168.5498046875,5180.0498046875,5073400
2021-10-14,5269.85009765625,5269.85009765625,5290.7998046875,5239.4501953125,5250.5,3220900
2021-10-18,5296.0498046875,5296.0498046875,5337.5,5289.75,5319.89990234375,4809100
2021-10-19,5248.75,5248.75,5345.9501953125,5233.75,5345.75,3927800
2021-10-20,5201.35009765625,5201.35009765625,5286.4501953125,5171.7001953125,5257.0,4073000
2021-10-21,5159.9501953125,5159.9501953125,5244.5498046875,5135.5498046875,5244.5,2812600
2021-10-22,5141.14990234375,5141.14990234375,5195.64990234375,5117.89990234375,5178.75,2306500
2021-10-25,5098.85009765625,5098.85009765625,5177.4501953125,5044.39990234375,5168.0,2428400
2021-10-26,5169.2998046875,5169.2998046875,5177.75,5116.64990234375,5117.85009765625,2617400
2021-10-27,5145.75,5145.75,5199.14990234375,5133.0,5177.75,2141200
2021-10-28,5082.2001953125,5082.2001953125,5160.75,5065.75,5140.2998046875,2357800
2021-10-29,5045.10009765625,5045.10009765625,5113.64990234375,4987.14990234375,5076.25,3078400
2021-11-01,5135.75,5135.75,5141.7998046875,5061.85009765625,5076.60009765625,2078800
2021-11-02,5123.89990234375,5123.89990234375,5170.9501953125,5115.89990234375,5151.89990234375,2416500
2021-11-03,5157.7001953125,5157.7001953125,5183.25,5129.7001953125,5143.0,2139600
2021-11-04,5186.0,5186.0,5196.14990234375,5180.39990234375,5185.5,315500
2021-11-08,5265.7998046875,5265.7998046875,5270.5,5190.0,5232.0,2321200
2021-11-09,5289.89990234375,5289.89990234375,5299.14990234375,5267.4501953125,5282.60009765625,2400800
2021-11-10,5312.4501953125,5312.4501953125,5320.60009765625,5267.10009765625,5280.2998046875,1748700
2021-11-11,5265.39990234375,5265.39990234375,5319.10009765625,5243.9501953125,5299.9501953125,1704100
2021-11-12,5323.0498046875,5323.0498046875,5330.7998046875,5269.35009765625,5295.35009765625,1427600
2021-11-15,5334.0,5334.0,5362.7998046875,5314.4501953125,5337.14990234375,1771000
2021-11-16,5273.7998046875,5273.7998046875,5350.35009765625,5255.14990234375,5345.7001953125,1779600
2021-11-17,5245.60009765625,5245.60009765625,5294.0,5238.5,5252.0,1763700
2021-11-18,5177.14990234375,5177.14990234375,5259.14990234375,5161.64990234375,5247.39990234375,1996100
2021-11-22,5075.0498046875,5075.0498046875,5189.64990234375,5026.89990234375,5185.10009765625,2523200
2021-11-23,5146.5498046875,5146.5498046875,5157.2998046875,5031.2001953125,5047.64990234375,2285600
2021-11-24,5134.0498046875,5134.0498046875,5204.2001953125,5115.5,5169.39990234375,2281500
2021-11-25,5200.10009765625,5200.10009765625,5210.89990234375,5111.5498046875,5136.2001953125,1846900
2021-11-26,5003.0,5003.0,5153.0498046875,4988.7001953125,5150.60009765625,2488400
2021-11-29,4979.10009765625,4979.10009765625,5031.89990234375,4915.10009765625,5009.14990234375,2519400
2021-11-30,4959.35009765625,4959.35009765625,5054.7001953125,4936.85009765625,4996.9501953125,4520300
2021-12-01,4993.0,4993.0,5017.39990234375,4957.7001953125,4996.75,2176300
2021-12-02,5048.7001953125,5048.7001953125,5055.14990234375,4992.5,5002.2001953125,2280000
2021-12-03,4997.10009765625,4997.10009765625,5080.2998046875,4992.5498046875,5061.75,2135700
2021-12-06,4903.89990234375,4903.89990234375,5009.2001953125,4895.0,5004.5,1489800
2021-12-07,4960.7001953125,4960.7001953125,4983.14990234375,4919.7001953125,4935.89990234375,1385000
2021-12-08,5031.64990234375,5031.64990234375,5039.39990234375,4996.39990234375,4998.64990234375,1422800
2021-12-09,5070.2001953125,5070.2001953125,5079.60009765625,5028.14990234375,5057.10009765625,1376800
2021-12-10,5083.39990234375,5083.39990234375,5090.2998046875,5053.7998046875,5059.0498046875,1290900
2021-12-13,5039.35009765625,5039.35009765625,5131.0498046875,5035.85009765625,5124.2001953125,1658700
2021-12-14,5030.5,5030.5,5047.0,4999.7998046875,5009.7998046875,1650500
2021-12-15,5000.2001953125,5000.2001953125,5045.7998046875,4991.4501953125,5032.25,1230300
2021-12-16,5005.5,5005.5,5039.7998046875,4984.0,5039.7998046875,1472400
2021-12-17,4891.35009765625,4891.35009765625,5002.10009765625,4883.64990234375,4997.0,1831000
2021-12-20,4754.14990234375,4754.14990234375,4844.9501953125,4692.7001953125,4842.10009765625,2088700
2021-12-21,4822.9501953125,4822.9501953125,4857.89990234375,4782.60009765625,4801.64990234375,1436600
2021-12-22,4888.4501953125,4888.4501953125,4894.7001953125,4831.25,4832.75,1160500
2021-12-23,4925.0498046875,4925.0498046875,4935.14990234375,4905.39990234375,4918.60009765625,1182200
2021-12-24,4880.64990234375,4880.64990234375,4944.25,4856.2998046875,4943.2998046875,960300
2021-12-27,4883.14990234375,4883.14990234375,4892.7001953125,4836.10009765625,4865.60009765625,766300
2021-12-28,4942.35009765625,4942.35009765625,4946.85009765625,4904.2001953125,4904.85009765625,993800
2021-12-29,4933.2998046875,4933.2998046875,4955.0498046875,4921.7001953125,4936.0498046875,941400
2021-12-30,4904.89990234375,4904.89990234375,4939.0498046875,4897.0498046875,4929.7998046875,1962100
2021-12-31,4949.89990234375,4949.89990234375,4968.25,4913.2998046875,4917.14990234375,887000
2022-01-03,5010.2998046875,5010.2998046875,5015.10009765625,4955.64990234375,4959.0,946400
2022-01-04,5068.7001953125,5068.7001953125,5072.7998046875,5014.9501953125,5028.5,1660800
2022-01-05,5103.14990234375,5103.14990234375,5108.4501953125,5051.5,5072.39990234375,1505000
2022-01-06,5061.64990234375,5061.64990234375,5086.35009765625,5038.7001953125,5086.35009765625,1475000
2022-01-07,5090.7001953125,5090.7001953125,5111.2998046875,5057.4501953125,5081.9501953125,1504400
2022-01-10,5133.39990234375,5133.39990234375,5136.85009765625,5096.10009765625,5110.9501953125,1139100
2022-01-11,5149.64990234375,5149.64990234375,5162.89990234375,5122.25,5132.2998046875,1382300
2022-01-12,5227.39990234375,5227.39990234375,5230.89990234375,5180.25,5187.0498046875,1602000
2022-01-13,5261.85009765625,5261.85009765625,5267.25,5224.2998046875,5237.35009765625,1548200
2022-01-14,5276.85009765625,5276.85009765625,5287.2998046875,5236.14990234375,5254.4501953125,1485000
2022-01-17,5324.75,5324.75,5330.2001953125,5270.5498046875,5280.10009765625,1543700
2022-01-18,5209.64990234375,5209.64990234375,5338.7998046875,5197.60009765625,5333.2001953125,1452600
2022-01-19,5192.7001953125,5192.7001953125,5218.89990234375,5159.5498046875,5211.64990234375,2031700
2022-01-20,5185.5,5185.5,5207.85009765625,5149.0,5192.2998046875,1596100
2022-01-21,5100.4501953125,5100.4501953125,5176.0498046875,5066.4501953125,5148.89990234375,1648400
2022-01-24,4952.25,4952.25,5117.89990234375,4913.4501953125,5095.25,2012300
2022-01-25,5000.7001953125,5000.7001953125,5009.14990234375,4857.9501953125,4909.35009765625,1950800
2022-01-27,4950.39990234375,4950.39990234375,4973.5498046875,4887.7001953125,4959.7998046875,2100900
2022-01-28,4977.9501953125,4977.9501953125,5055.35009765625,4968.2001953125,4996.0498046875,2206600
2022-01-31,5056.75,5056.75,5081.39990234375,5007.35009765625,5030.2001953125,1666500
2022-02-01,5109.89990234375,5109.89990234375,5125.7998046875,5019.10009765625,5097.25,2452500
2022-02-02,5120.14990234375,5120.14990234375,5145.0,5103.0,5138.14990234375,1362400
2022-02-03,5053.89990234375,5053.89990234375,5125.9501953125,5042.14990234375,5117.5498046875,1416800
2022-02-04,5036.89990234375,5036.89990234375,5079.25,5030.0498046875,5057.9501953125,1620500
2022-02-07,4994.85009765625,4994.85009765625,5059.7998046875,4966.75,5040.9501953125,1387700
2022-02-08,4982.10009765625,4982.10009765625,5019.7998046875,4930.0,5013.75,2027400
2022-02-09,5030.75,5030.75,5034.85009765625,4991.85009765625,5003.25,1501100
2022-02-10,5048.75,5048.75,5058.2001953125,5012.0,5044.5498046875,1949700
2022-02-11,4991.9501953125,4991.9501953125,5031.5498046875,4971.5,5021.0498046875,1571400
2022-02-14,4832.39990234375,4832.39990234375,4922.89990234375,4818.89990234375,4920.10009765625,1955600
2022-02-15,4982.0,4982.0,4988.64990234375,4826.7998046875,4862.35009765625,1772800
2022-02-16,4977.10009765625,4977.10009765625,5019.89990234375,4957.5498046875,4995.25,1652100
2022-02-17,4979.2001953125,4979.2001953125,5019.5498046875,4960.35009765625,4998.10009765625,1361500
2022-02-18,4942.85009765625,4942.85009765625,4993.5,4936.2001953125,4965.7001953125,1120400
2022-02-21,4893.25,4893.25,4945.25,4875.25,4919.64990234375,1260900
2022-02-22,4855.89990234375,4855.89990234375,4865.89990234375,4775.7998046875,4790.89990234375,1870700
2022-02-23,4842.39990234375,4842.39990234375,4889.4501953125,4833.0,4877.60009765625,1457300
2022-02-24,4581.64990234375,4581.64990234375,4742.64990234375,4570.60009765625,4708.64990234375,3826100
2022-02-25,4699.75,4699.75,4732.75,4655.7998046875,4659.14990234375,2246300
2022-02-28,4798.75,4798.75,4807.14990234375,4633.9501953125,4658.89990234375,2439500
2022-03-02,4774.75,4774.75,4818.0498046875,4740.7998046875,4768.75,2385400
2022-03-03,4741.7998046875,4741.7998046875,4826.64990234375,4730.4501953125,4813.2001953125,2484400
2022-03-04,4655.7001953125,4655.7001953125,4713.14990234375,4626.39990234375,4707.2998046875,2415700
2022-03-07,4578.5,4578.5,4591.5,4513.75,4571.14990234375,3614700
2022-03-08,4620.7001953125,4620.7001953125,4627.9501953125,4511.2001953125,4565.64990234375,3442700
2022-03-09,4708.5498046875,4708.5498046875,4729.60009765625,4629.0,4652.7998046875,2536000
2022-03-10,4773.9501953125,4773.9501953125,4810.7001953125,4730.5498046875,4796.0498046875,2853900
2022-03-11,4797.4501953125,4797.4501953125,4800.7001953125,4747.85009765625,4758.7001953125,1709300
2022-03-14,4811.0498046875,4811.0498046875,4815.89990234375,4759.0,4790.2001953125,1606100
2022-03-15,4754.2998046875,4754.2998046875,4828.35009765625,4715.4501953125,4815.9501953125,2008000
2022-03-16,4843.35009765625,4843.35009765625,4847.64990234375,4792.5,4804.35009765625,1621100
2022-03-17,4917.39990234375,4917.39990234375,4924.5,4874.0498046875,4893.35009765625,2835200
2022-03-21,4834.14990234375,4834.14990234375,4921.85009765625,4829.2001953125,4911.60009765625,1720900
2022-03-22,4890.9501953125,4890.9501953125,4894.0498046875,4814.5,4837.10009765625,1948000
2022-03-23,4882.85009765625,4882.85009765625,4916.0498046875,4868.7998046875,4907.35009765625,1664500
2022-03-24,4916.7998046875,4916.7998046875,4921.35009765625,4855.39990234375,4857.25,1518200
2022-03-25,4921.14990234375,4921.14990234375,4950.14990234375,4897.89990234375,4934.85009765625,1489700
2022-03-28,4949.2001953125,4949.2001953125,4951.75,4887.39990234375,4941.35009765625,1667600
2022-03-29,4981.35009765625,4981.35009765625,4988.7998046875,4965.75,4976.25,1695500
2022-03-30,5029.5498046875,5029.5498046875,5037.0498046875,4991.7001953125,5012.25,3977400
2022-03-31,5018.5498046875,5018.5498046875,5037.85009765625,5001.7001953125,5035.39990234375,1942100
2022-04-01,5095.75,5095.75,5105.0,5023.2998046875,5026.0,2079700
2022-04-04,5152.2998046875,5152.2998046875,5155.5,5086.75,5095.64990234375,1695700
2022-04-05,5183.5,5183.5,5195.9501953125,5151.0,5174.64990234375,2529300
2022-04-06,5218.60009765625,5218.60009765625,5234.25,5159.75,5162.75,4085700
2022-04-07,5149.75,5149.75,5220.7998046875,5140.25,5205.10009765625,3291900
2022-04-08,5209.64990234375,5209.64990234375,5222.0498046875,5151.89990234375,5170.7998046875,1987500
2022-04-11,5214.5,5214.5,5241.7001953125,5196.5,5201.75,2024300
2022-04-12,5130.89990234375,5130.89990234375,5202.60009765625,5114.0,5201.2001953125,1966600
2022-04-13,5142.60009765625,5142.60009765625,5183.39990234375,5125.9501953125,5150.25,1667800
2022-04-18,5110.39990234375,5110.39990234375,5122.14990234375,5069.14990234375,5114.0,3017600
2022-04-19,5102.85009765625,5102.85009765625,5187.0498046875,5065.2998046875,5148.4501953125,2511800
2022-04-20,5169.2998046875,5169.2998046875,5187.4501953125,5117.89990234375,5128.7998046875,2003500
2022-04-21,5237.85009765625,5237.85009765625,5246.2001953125,5194.7998046875,5205.5498046875,1879400
2022-04-22,5197.0498046875,5197.0498046875,5239.14990234375,5188.75,5203.14990234375,1450100
2022-04-25,5090.25,5090.25,5152.7001953125,5068.64990234375,5146.10009765625,1610400
2022-04-26,5195.2998046875,5195.2998046875,5205.75,5120.0498046875,5140.7998046875,1743900
2022-04-27,5149.39990234375,5149.39990234375,5192.25,5123.7001953125,5156.7001953125,1775200
2022-04-28,5207.5498046875,5207.5498046875,5230.64990234375,5160.35009765625,5201.9501953125,1702200
2022-04-29,5127.85009765625,5127.85009765625,5245.2998046875,5115.5,5239.7998046875,1931000
2022-05-02,5122.10009765625,5122.10009765625,5125.60009765625,5072.85009765625,5082.85009765625,1437600
2022-05-04,5014.85009765625,5014.85009765625,5144.9501953125,4990.2998046875,5132.64990234375,1840900
2022-05-05,4980.85009765625,4980.85009765625,5082.0498046875,4967.4501953125,5058.14990234375,1891100
2022-05-06,4932.25,4932.25,4958.89990234375,4900.89990234375,4919.2001953125,1794700
2022-05-09,4872.2998046875,4872.2998046875,4907.4501953125,4836.7001953125,4886.14990234375,2208200
2022-05-10,4819.14990234375,4819.14990234375,4903.25,4801.75,4856.75,1980600
2022-05-11,4783.64990234375,4783.64990234375,4858.85009765625,4735.25,4820.75,1755000
2022-05-12,4678.7998046875,4678.7998046875,4757.10009765625,4644.2998046875,4747.4501953125,2012300
2022-05-13,4669.14990234375,4669.14990234375,4762.5,4655.64990234375,4733.35009765625,2118600
2022-05-16,4696.39990234375,4696.39990234375,4729.9501953125,4634.4501953125,4689.9501953125,1731100
2022-05-17,4835.2001953125,4835.2001953125,4843.10009765625,4714.85009765625,4715.4501953125,1742600
2022-05-18,4797.10009765625,4797.10009765625,4863.5498046875,4785.5,4861.4501953125,2351800
2022-05-19,4700.7001953125,4700.7001953125,4733.75,4685.2001953125,4705.39990234375,1529700
2022-05-20,4828.9501953125,4828.9501953125,4837.25,4759.7001953125,4772.60009765625,1910900
2022-05-23,4804.5,4804.5,4880.2001953125,4798.4501953125,4855.5498046875,1962300
2022-05-24,4772.2998046875,4772.2998046875,4831.10009765625,4756.2001953125,4816.7998046875,1649200
2022-05-25,4733.39990234375,4733.39990234375,4806.25,4724.2001953125,4794.60009765625,1710900
2022-05-26,4748.39990234375,4748.39990234375,4758.75,4650.0498046875,4744.9501953125,2065400
2022-05-27,4744.35009765625,4744.35009765625,4786.0498046875,4717.5498046875,4779.9501953125,1728800
2022-05-30,4863.39990234375,4863.39990234375,4868.75,4774.39990234375,4788.25,1740900
2022-05-31,4877.2998046875,4877.2998046875,4909.64990234375,4848.60009765625,4854.89990234375,4439900
2022-06-01,4853.7998046875,4853.7998046875,4899.0,4832.35009765625,4880.2998046875,1514600
2022-06-02,4887.0,4887.0,4894.35009765625,4827.0,4841.0,1562700
2022-06-03,4852.7998046875,4852.7998046875,4925.89990234375,4848.2001953125,4921.7998046875,1514000
2022-06-06,4830.85009765625,4830.85009765625,4866.35009765625,4819.5,4848.5,1484300
2022-06-07,4821.85009765625,4821.85009765625,4825.85009765625,4792.4501953125,4813.75,1847000
2022-06-08,4783.35009765625,4783.35009765625,4843.2998046875,4773.2998046875,4823.7001953125,1741700
2022-06-09,4831.9501953125,4831.9501953125,4837.64990234375,4755.60009765625,4758.35009765625,1563200
2022-06-10,4784.10009765625,4784.10009765625,4814.0,4772.64990234375,4783.10009765625,1073700
2022-06-13,4671.5,4671.5,4710.39990234375,4641.9501953125,4699.35009765625,1383300
2022-06-14,4674.25,4674.25,4707.39990234375,4656.0498046875,4658.14990234375,1638200
2022-06-15,4663.9501953125,4663.9501953125,4692.85009765625,4656.4501953125,4686.14990234375,1297900
2022-06-16,4542.9501953125,4542.9501953125,4707.39990234375,4534.2998046875,4697.4501953125,1701200
2022-06-17,4498.10009765625,4498.10009765625,4567.89990234375,4482.14990234375,4525.60009765625,2361500
2022-06-20,4444.5498046875,4444.5498046875,4513.89990234375,4405.5498046875,4503.35009765625,1947400
2022-06-21,4537.7001953125,4537.7001953125,4552.85009765625,4458.7998046875,4475.35009765625,1951100
2022-06-22,4466.7998046875,4466.7998046875,4512.5498046875,4445.7998046875,4512.5,1527100
2022-06-23,4481.39990234375,4481.39990234375,4523.0498046875,4439.60009765625,4479.5,1592200
2022-06-24,4522.14990234375,4522.14990234375,4537.25,4502.0498046875,4513.0,1540900
2022-06-27,4572.5,4572.5,4592.5498046875,4558.14990234375,4581.4501953125,1493100
2022-06-28,4603.39990234375,4603.39990234375,4611.0498046875,4550.0498046875,4555.7998046875,1813600
2022-06-29,4633.39990234375,4633.39990234375,4644.25,4562.60009765625,4565.2998046875,3528000
2022-06-30,4619.7998046875,4619.7998046875,4665.2998046875,4599.85009765625,4638.0498046875,2306200
2022-07-01,4540.35009765625,4540.35009765625,4616.89990234375,4494.60009765625,4605.64990234375,2909300
2022-07-04,4561.7998046875,4561.7998046875,4565.39990234375,4509.64990234375,4518.25,2138400
2022-07-05,4568.35009765625,4568.35009765625,4622.14990234375,4560.89990234375,4574.5,1576700
2022-07-06,4582.60009765625,4582.60009765625,4589.5498046875,4544.85009765625,4565.2001953125,2065800
2022-07-07,4616.0498046875,4616.0498046875,4620.64990234375,4587.14990234375,4609.25,1638300
2022-07-08,4669.64990234375,4669.64990234375,4674.0498046875,4638.39990234375,4649.7998046875,1663700
2022-07-11,4657.39990234375,4657.39990234375,4667.85009765625,4626.75,4644.5498046875,1567700
2022-07-12,4642.0498046875,4642.0498046875,4676.35009765625,4631.5,4636.89990234375,1510900
2022-07-13,4613.10009765625,4613.10009765625,4673.2001953125,4606.9501953125,4664.2001953125,1465100
2022-07-14,4621.60009765625,4621.60009765625,4641.25,4586.0,4636.5,1445800
2022-07-15,4661.64990234375,4661.64990234375,4668.14990234375,4634.7001953125,4644.2001953125,1275600
2022-07-18,4722.75,4722.75,4728.9501953125,4687.60009765625,4692.75,1177700
2022-07-19,4744.0,4744.0,4757.0,4711.0498046875,4714.75,1333300
2022-07-20,4776.14990234375,4776.14990234375,4824.0498046875,4770.7998046875,4823.14990234375,1834900
2022-07-21,4814.7001953125,4814.7001953125,4820.9501953125,4768.25,4773.7001953125,1158800
2022-07-22,4830.14990234375,4830.14990234375,4836.85009765625,4803.25,4827.60009765625,970800
2022-07-25,4797.35009765625,4797.35009765625,4816.2001953125,4778.5,4816.10009765625,1156400
2022-07-26,4773.4501953125,4773.4501953125,4803.7998046875,4765.35009765625,4801.64990234375,1102000
2022-07-27,4805.7998046875,4805.7998046875,4809.60009765625,4765.39990234375,4770.39990234375,1306300
2022-07-28,4825.35009765625,4825.35009765625,4838.2001953125,4806.35009765625,4830.7998046875,1417100
2022-07-29,4890.5498046875,4890.5498046875,4895.7001953125,4854.9501953125,4858.5,1920000
2022-08-01,4979.2998046875,4979.2998046875,4984.2998046875,4898.10009765625,4905.0498046875,1912700
2022-08-02,4976.89990234375,4976.89990234375,4991.14990234375,4945.5498046875,4980.10009765625,1832300
2022-08-03,4971.0,4971.0,5002.14990234375,4923.85009765625,4983.39990234375,1683800
2022-08-04,4934.85009765625,4934.85009765625,4998.10009765625,4885.7001953125,4988.7001953125,1780700
2022-08-05,4950.64990234375,4950.64990234375,4961.14990234375,4930.85009765625,4945.85009765625,3024000
2022-08-08,4974.60009765625,4974.60009765625,4987.89990234375,4943.7001953125,4955.14990234375,1578300
2022-08-10,4986.25,4986.25,4992.25,4946.5498046875,4986.0,1818800
2022-08-11,4983.75,4983.75,5023.75,4976.2001953125,5018.4501953125,1585600
2022-08-12,5020.60009765625,5020.60009765625,5030.7001953125,4976.85009765625,4986.25,1939900
2022-08-16,5064.64990234375,5064.64990234375,5068.35009765625,5022.75,5051.0498046875,0
2022-08-17,5094.0,5094.0,5105.35009765625,5082.7998046875,5086.7001953125,1774400
2022-08-18,5122.5498046875,5122.5498046875,5126.0498046875,5072.10009765625,5091.4501953125,1894000
2022-08-19,5097.10009765625,5097.10009765625,5150.25,5074.2001953125,5119.75,2468600
2022-08-22,5009.64990234375,5009.64990234375,5092.25,5002.0,5092.14990234375,1925300
2022-08-23,5056.5,5056.5,5066.10009765625,4978.25,4983.9501953125,1690100
2022-08-24,5078.0,5078.0,5084.35009765625,5032.35009765625,5040.85009765625,1778600
2022-08-25,5060.89990234375,5060.89990234375,5112.7998046875,5050.75,5099.75,1390700
2022-08-26,5096.39990234375,5096.39990234375,5106.9501953125,5068.35009765625,5079.5498046875,1579700
2022-08-29,5045.39990234375,5045.39990234375,5074.2001953125,5000.2001953125,5003.39990234375,1231100
2022-08-30,5127.5498046875,5127.5498046875,5131.39990234375,5068.7998046875,5074.2998046875,1896100
2022-09-01,5089.5,5089.5,5128.10009765625,5074.7998046875,5075.5,2085300
2022-09-02,5078.10009765625,5078.10009765625,5116.2001953125,5071.9501953125,5090.35009765625,1716100
2022-09-05,5113.60009765625,5113.60009765625,5118.75,5085.5498046875,5088.0,1335900
2022-09-06,5164.10009765625,5164.10009765625,5170.7998046875,5118.0,5128.0,2342100
2022-09-07,5184.64990234375,5184.64990234375,5190.35009765625,5080.35009765625,5133.64990234375,3295300
2022-09-08,5229.4501953125,5229.4501953125,5235.14990234375,5197.0498046875,5211.7998046875,1897300
2022-09-09,5205.25,5205.25,5262.9501953125,5197.5,5257.0,1638200
2022-09-12,5256.75,5256.75,5263.5498046875,5212.7001953125,5215.64990234375,1639900
2022-09-13,5299.0,5299.0,5308.14990234375,5267.9501953125,5283.85009765625,1519900
2022-09-14,5290.2998046875,5290.2998046875,5305.5,5228.10009765625,5228.7998046875,2306600
2022-09-15,5302.7998046875,5302.7998046875,5321.25,5276.14990234375,5309.14990234375,2016100
2022-09-16,5174.9501953125,5174.9501953125,5292.75,5161.0498046875,5289.5498046875,3226400
2022-09-19,5180.35009765625,5180.35009765625,5215.2001953125,5135.2998046875,5176.60009765625,2163700
2022-09-20,5222.60009765625,5222.60009765625,5258.5,5209.7001953125,5220.39990234375,1800200
2022-09-21,5139.60009765625,5139.60009765625,5239.0498046875,5132.0498046875,5214.7001953125,1886100
2022-09-22,5119.2001953125,5119.2001953125,5146.89990234375,5080.0,5117.4501953125,1685700
2022-09-23,5004.89990234375,5004.89990234375,5135.7001953125,4997.9501953125,5121.75,1977700
2022-09-26,4888.39990234375,4888.39990234375,4972.64990234375,4866.5498046875,4964.7998046875,3074100
2022-09-27,4904.4501953125,4904.4501953125,4937.35009765625,4861.2001953125,4915.2001953125,2070500
2022-09-28,4861.75,4861.75,4908.0498046875,4850.7001953125,4865.39990234375,1760200
2022-09-29,4867.4501953125,4867.4501953125,4915.5,4840.60009765625,4898.10009765625,1998700
2022-09-30,4957.85009765625,4957.85009765625,4991.89990234375,4862.5498046875,4866.75,2285700
2022-10-03,4917.89990234375,4917.89990234375,4996.14990234375,4901.4501953125,4980.89990234375,2045100
2022-10-04,5007.7001953125,5007.7001953125,5011.75,4974.39990234375,4985.5498046875,1388500
2022-10-06,5018.35009765625,5018.35009765625,5056.10009765625,5014.25,5041.25,1424500
2022-10-07,5036.25,5036.25,5039.64990234375,4995.14990234375,5009.75,1437500
2022-10-10,4998.5,4998.5,5013.14990234375,4965.39990234375,4983.39990234375,1201900
2022-10-11,4912.25,4912.25,5020.5498046875,4899.7001953125,5020.5498046875,1440100
2022-10-12,4961.14990234375,4961.14990234375,4967.64990234375,4897.2001953125,4920.5,1617100
2022-10-13,4922.0498046875,4922.0498046875,4967.4501953125,4906.64990234375,4955.4501953125,1219200
2022-10-14,4923.85009765625,4923.85009765625,4993.7998046875,4920.85009765625,4993.7998046875,1180600
2022-10-17,4944.85009765625,4944.85009765625,4951.75,4873.7001953125,4903.10009765625,1233200
2022-10-18,5004.75,5004.75,5020.9501953125,4969.35009765625,4969.7001953125,1252400
2022-10-19,5022.4501953125,5022.4501953125,5059.7001953125,5010.5498046875,5016.2001953125,1191900
2022-10-20,5048.89990234375,5048.89990234375,5053.7998046875,4993.9501953125,5003.9501953125,1520600
2022-10-21,5018.9501953125,5018.9501953125,5075.89990234375,5008.0,5055.35009765625,1098300
2022-10-24,5054.4501953125,5054.4501953125,5083.39990234375,5047.7998046875,5054.7998046875,208900
2022-10-25,5058.85009765625,5058.85009765625,5071.7001953125,5039.7001953125,5071.7001953125,1211200
2022-10-27,5115.2998046875,5115.2998046875,5127.25,5076.10009765625,5084.85009765625,1527600
2022-10-28,5164.5498046875,5164.5498046875,5170.25,5127.60009765625,5131.39990234375,1537100
2022-10-31,5234.7001953125,5234.7001953125,5238.4501953125,5181.85009765625,5185.5,1560000
2022-11-01,5272.89990234375,5272.89990234375,5276.5498046875,5237.4501953125,5268.10009765625,1762100
2022-11-02,5243.85009765625,5243.85009765625,5279.7998046875,5229.4501953125,5277.89990234375,1444400
2022-11-03,5236.10009765625,5236.10009765625,5259.7001953125,5215.9501953125,5221.0,1151100
2022-11-04,5268.14990234375,5268.14990234375,5272.5498046875,5238.10009765625,5238.9501953125,1339500
2022-11-07,5301.7998046875,5301.7998046875,5306.10009765625,5262.7998046875,5280.7001953125,1424600
2022-11-09,5263.89990234375,5263.89990234375,5321.64990234375,5251.7998046875,5320.35009765625,1712600
2022-11-10,5222.0,5222.0,5259.39990234375,5207.4501953125,5250.60009765625,1216600
2022-11-11,5265.2998046875,5265.2998046875,5287.5,5238.85009765625,5274.39990234375,1852800
2022-11-14,5272.5498046875,5272.5498046875,5287.0498046875,5260.39990234375,5267.64990234375,1526200
2022-11-15,5298.5,5298.5,5304.5,5272.5498046875,5280.2998046875,1420500
2022-11-16,5277.2001953125,5277.2001953125,5305.5498046875,5250.25,5300.89990234375,1245800
2022-11-17,5283.89990234375,5283.89990234375,5303.5,5267.5,5272.5,1155000
2022-11-18,5262.5498046875,5262.5498046875,5306.39990234375,5228.35009765625,5301.5,1180000
2022-11-21,5240.9501953125,5240.9501953125,5261.75,5227.5498046875,5252.85009765625,1168000
2022-11-22,5262.2998046875,5262.2998046875,5267.2001953125,5238.25,5246.25,1262300
2022-11-23,5260.5498046875,5260.5498046875,5282.4501953125,5254.0498046875,5282.4501953125,967100
2022-11-24,5315.85009765625,5315.85009765625,5328.64990234375,5268.14990234375,5276.75,1339900
2022-11-25,5352.7998046875,5352.7998046875,5357.9501953125,5317.5,5332.75,1280500
2022-11-28,5396.5498046875,5396.5498046875,5408.75,5301.75,5341.9501953125,1568400
2022-11-29,5383.9501953125,5383.9501953125,5411.85009765625,5377.64990234375,5402.7998046875,1173000
2022-11-30,5447.39990234375,5447.39990234375,5463.9501953125,5380.5,5385.60009765625,3028100
2022-12-01,5471.10009765625,5471.10009765625,5482.7998046875,5454.5498046875,5471.10009765625,1414200
2022-12-02,5467.0,5467.0,5479.89990234375,5444.35009765625,5474.7001953125,1427600
2022-12-05,5451.2001953125,5451.2001953125,5477.25,5429.2001953125,5476.60009765625,1266200
2022-12-06,5450.0,5450.0,5454.7001953125,5420.5498046875,5441.25,1218000
2022-12-07,5431.5498046875,5431.5498046875,5476.4501953125,5420.5,5455.7998046875,1214200
2022-12-08,5450.0,5450.0,5458.9501953125,5432.7001953125,5440.2001953125,960800
2022-12-09,5412.64990234375,5412.64990234375,5475.0498046875,5381.35009765625,5460.35009765625,1379100
2022-12-12,5431.25,5431.25,5436.14990234375,5370.0498046875,5398.7001953125,1250200
2022-12-13,5448.75,5448.75,5452.0,5418.64990234375,5436.5498046875,1049800
2022-12-14,5472.5,5472.5,5481.64990234375,5459.75,5465.25,1375600
2022-12-15,5420.39990234375,5420.39990234375,5479.14990234375,5412.0,5465.39990234375,1320500
2022-12-16,5363.7001953125,5363.7001953125,5456.35009765625,5352.5,5402.64990234375,1771300
2022-12-19,5425.14990234375,5425.14990234375,5429.9501953125,5356.9501953125,5373.14990234375,1112300
2022-12-20,5405.64990234375,5405.64990234375,5414.5,5344.5498046875,5414.5,954400
2022-12-21,5326.9501953125,5326.9501953125,5422.14990234375,5316.5498046875,5412.2998046875,1212600
2022-12-22,5298.14990234375,5298.14990234375,5356.4501953125,5274.75,5345.25,1244700
2022-12-23,5157.0,5157.0,5282.0,5145.85009765625,5261.5498046875,1485700
2022-12-27,5274.89990234375,5274.89990234375,5281.25,5220.0498046875,5252.0498046875,915600
2022-12-28,5264.64990234375,5264.64990234375,5281.75,5255.75,5268.75,1048600
2022-12-29,5267.5,5267.5,5274.85009765625,5210.7001953125,5244.64990234375,1630100
2022-12-30,5252.10009765625,5252.10009765625,5305.60009765625,5245.10009765625,5283.89990234375,916400
2023-01-02,5293.60009765625,5293.60009765625,5298.14990234375,5253.0498046875,5266.2001953125,954007100
2023-01-03,5291.0498046875,5291.0498046875,5297.7998046875,5266.4501953125,5287.0,874200
2023-01-04,5231.5498046875,5231.5498046875,5299.5498046875,5223.5498046875,5294.7998046875,1235800
2023-01-05,5256.5,5256.5,5265.7998046875,5221.7998046875,5259.0,1418200
2023-01-06,5245.14990234375,5245.14990234375,5292.64990234375,5223.60009765625,5266.14990234375,1247600
2023-01-09,5317.64990234375,5317.64990234375,5327.14990234375,5276.35009765625,5281.39990234375,1449200
2023-01-10,5259.89990234375,5259.89990234375,5334.25,5239.0498046875,5334.0498046875,1206300
2023-01-11,5230.75,5230.75,5256.0498046875,5211.25,5249.7001953125,1704000
2023-01-12,5214.5,5214.5,5251.4501953125,5195.39990234375,5236.75,1304100
2023-01-13,5231.25,5231.25,5234.75,5186.75,5214.5,1090900
2023-01-16,5202.5498046875,5202.5498046875,5249.7001953125,5192.39990234375,5242.10009765625,884700
2023-01-17,5258.4501953125,5258.4501953125,5262.7001953125,5210.5498046875,5214.9501953125,1142200
2023-01-18,5294.25,5294.25,5298.9501953125,5249.75,5262.7998046875,989500
2023-01-19,5293.0498046875,5293.0498046875,5298.2998046875,5267.60009765625,5286.35009765625,1011800
2023-01-20,5257.35009765625,5257.35009765625,5305.14990234375,5247.35009765625,5303.0,1168600
2023-01-23,5238.39990234375,5238.39990234375,5284.7998046875,5230.2001953125,5272.39990234375,1236700
2023-01-24,5205.2001953125,5205.2001953125,5254.5,5190.5498046875,5252.75,906800
2023-01-25,5124.9501953125,5124.9501953125,5193.85009765625,5111.35009765625,5193.85009765625,1697800
2023-01-27,5020.25,5020.25,5128.9501953125,4948.89990234375,5126.7998046875,3200400
2023-01-30,5012.14990234375,5012.14990234375,5067.5498046875,4957.35009765625,5018.60009765625,3258700
2023-01-31,5061.35009765625,5061.35009765625,5070.2001953125,5013.7998046875,5041.4501953125,2953800
2023-02-01,5009.4501953125,5009.4501953125,5133.89990234375,4930.60009765625,5107.14990234375,3323400
2023-02-02,4997.2998046875,4997.2998046875,5027.5,4941.85009765625,4999.5,3614400
2023-02-03,5042.39990234375,5042.39990234375,5047.4501953125,4938.7998046875,5028.25,2887500
2023-02-06,5055.64990234375,5055.64990234375,5059.2998046875,5013.35009765625,5030.75,2039400
2023-02-07,5055.10009765625,5055.10009765625,5085.89990234375,5043.2001953125,5069.14990234375,1912900
2023-02-08,5079.85009765625,5079.85009765625,5086.5,5049.64990234375,5060.60009765625,1561000
2023-02-09,5064.14990234375,5064.14990234375,5085.85009765625,5044.64990234375,5078.2001953125,1384300
2023-02-10,5075.10009765625,5075.10009765625,5078.7001953125,5047.7998046875,5057.10009765625,1238000
2023-02-13,5062.64990234375,5062.64990234375,5094.2001953125,5054.25,5078.75,1249200
2023-02-14,5074.60009765625,5074.60009765625,5086.4501953125,5043.10009765625,5074.2001953125,1334900
2023-02-15,5118.4501953125,5118.4501953125,5127.39990234375,5060.5,5065.0498046875,1230600
2023-02-16,5138.7001953125,5138.7001953125,5156.25,5129.2998046875,5146.60009765625,1390500
2023-02-17,5161.5,5161.5,5175.10009765625,5116.5,5128.14990234375,1315300
2023-02-20,5152.25,5152.25,5184.9501953125,5147.0498046875,5169.89990234375,1024000
2023-02-21,5161.14990234375,5161.14990234375,5196.35009765625,5157.2001953125,5175.64990234375,1312200
2023-02-22,5065.5498046875,5065.5498046875,5150.7998046875,5056.0498046875,5150.35009765625,1406300
2023-02-23,5039.64990234375,5039.64990234375,5088.0498046875,5034.25,5075.39990234375,1765500
2023-02-24,5050.25,5050.25,5072.60009765625,5027.39990234375,5061.10009765625,1517200
2023-02-27,5031.5498046875,5031.5498046875,5047.10009765625,4990.14990234375,5045.9501953125,1595300
2023-02-28,5016.89990234375,5016.89990234375,5044.35009765625,4998.0,5033.39990234375,2169700
2023-03-01,5051.60009765625,5051.60009765625,5057.5498046875,5019.9501953125,5022.2998046875,1202700
2023-03-02,5049.5,5049.5,5060.85009765625,5033.0,5054.7001953125,1818900
2023-03-03,5131.7001953125,5131.7001953125,5147.60009765625,5085.89990234375,5092.14990234375,1956700
2023-03-06,5163.5498046875,5163.5498046875,5190.7998046875,5151.64990234375,5153.4501953125,1954700
2023-03-08,5201.7998046875,5201.7998046875,5204.9501953125,5146.25,5161.2001953125,1528600
2023-03-09,5168.2001953125,5168.2001953125,5229.89990234375,5162.2001953125,5229.89990234375,1374800
2023-03-10,5139.60009765625,5139.60009765625,5143.4501953125,5095.5498046875,5132.0498046875,1184600
2023-03-13,5068.0,5068.0,5169.2001953125,5049.7998046875,5152.75,1342200
2023-03-14,5054.0,5054.0,5103.0,5031.89990234375,5068.85009765625,1487300
2023-03-15,5053.4501953125,5053.4501953125,5093.4501953125,5043.64990234375,5074.60009765625,1401100
2023-03-16,5068.2001953125,5068.2001953125,5094.7998046875,5011.7998046875,5060.85009765625,2182500
2023-03-17,5090.25,5090.25,5109.5498046875,5066.89990234375,5103.5498046875,2462300
2023-03-20,5057.10009765625,5057.10009765625,5081.89990234375,5015.7998046875,5072.60009765625,1423500
2023-03-21,5099.9501953125,5099.9501953125,5108.5,5079.2001953125,5079.85009765625,1306000
2023-03-22,5103.9501953125,5103.9501953125,5129.25,5098.35009765625,5122.10009765625,0
2023-03-23,5086.9501953125,5086.9501953125,5116.5498046875,5081.2001953125,5094.9501953125,1012400
2023-03-24,5024.35009765625,5024.35009765625,5091.89990234375,5013.7998046875,5088.25,1103500
2023-03-27,5019.64990234375,5019.64990234375,5057.75,5011.0,5031.2998046875,1215800
2023-03-28,4981.4501953125,4981.4501953125,5032.75,4966.0,5032.5,1284000
2023-03-29,5013.5498046875,5013.5498046875,5028.10009765625,4968.9501953125,4983.14990234375,1704000
2023-03-31,5090.9501953125,5090.9501953125,5112.2001953125,5046.5498046875,5047.85009765625,1314300
2023-04-03,5105.7998046875,5105.7998046875,5120.4501953125,5090.0498046875,5120.4501953125,1358900
2023-04-05,5142.0,5142.0,5147.10009765625,5103.85009765625,5124.2998046875,1331600
2023-04-06,5164.2998046875,5164.2998046875,5181.9501953125,5139.0,5141.64990234375,1050200
2023-04-10,5207.75,5207.75,5217.5,5177.4501953125,5181.39990234375,1237400
2023-04-11,5224.7001953125,5224.7001953125,5237.2998046875,5204.14990234375,5226.10009765625,995500
2023-04-12,5221.7998046875,5221.7998046875,5242.0498046875,5214.10009765625,5229.14990234375,1100800
2023-04-13,5209.89990234375,5209.89990234375,5235.35009765625,5193.85009765625,5232.25,1223600
2023-04-17,5209.64990234375,5209.64990234375,5258.7998046875,5195.0498046875,5258.7998046875,1282000
2023-04-18,5185.25,5185.25,5227.85009765625,5162.4501953125,5225.75,1069600
2023-04-19,5177.89990234375,5177.89990234375,5195.14990234375,5164.25,5180.60009765625,1076000
2023-04-20,5192.39990234375,5192.39990234375,5199.2001953125,5176.89990234375,5189.0,984400
2023-04-21,5170.0498046875,5170.0498046875,5205.85009765625,5155.7001953125,5199.89990234375,890400
2023-04-24,5194.0,5194.0,5198.0498046875,5157.60009765625,5184.2998046875,804700
2023-04-25,5226.5498046875,5226.5498046875,5236.10009765625,5198.0,5204.0,1041200
2023-04-26,5246.5,5246.5,5251.75,5215.60009765625,5233.14990234375,1027500
2023-04-27,5279.10009765625,5279.10009765625,5284.10009765625,5243.2001953125,5253.2001953125,1191500
2023-04-28,5356.2001953125,5356.2001953125,5362.85009765625,5285.64990234375,5296.89990234375,2128100
2023-05-02,5387.2001953125,5387.2001953125,5400.10009765625,5371.5,5376.2998046875,1341200
2023-05-03,5363.60009765625,5363.60009765625,5393.85009765625,5354.0498046875,5392.9501953125,1321500
2023-05-04,5396.14990234375,5396.14990234375,5400.5498046875,5358.14990234375,5367.64990234375,1142500
2023-05-05,5405.89990234375,5405.89990234375,5421.14990234375,5392.7998046875,5395.0,954900
2023-05-08,5454.0,5454.0,5462.2001953125,5413.10009765625,5418.39990234375,1006900
2023-05-09,5454.5,5454.5,5485.0498046875,5440.35009765625,5464.64990234375,1040000
2023-05-10,5480.5498046875,5480.5498046875,5484.75,5453.89990234375,5474.39990234375,879700
2023-05-11,5442.7998046875,5442.7998046875,5464.0498046875,5433.64990234375,5462.5,1084000
2023-05-12,5408.89990234375,5408.89990234375,5433.89990234375,5392.0,5432.0,1142300
2023-05-15,5436.89990234375,5436.89990234375,5455.0,5407.25,5416.9501953125,1288500
2023-05-16,5411.64990234375,5411.64990234375,5457.89990234375,5407.7001953125,5455.9501953125,1797400
2023-05-17,5397.2001953125,5397.2001953125,5435.85009765625,5377.39990234375,5421.7998046875,1185300
2023-05-18,5348.0498046875,5348.0498046875,5424.7001953125,5341.60009765625,5424.14990234375,1335300
2023-05-19,5361.5,5361.5,5366.64990234375,5312.75,5352.64990234375,1136100
2023-05-22,5401.0,5401.0,5412.89990234375,5343.5,5354.35009765625,1497500
2023-05-23,5396.75,5396.75,5431.75,5390.10009765625,5421.10009765625,1811100
2023-05-24,5379.5498046875,5379.5498046875,5409.64990234375,5371.9501953125,5400.39990234375,1345000
2023-05-25,5415.7001953125,5415.7001953125,5424.0498046875,5370.2998046875,5379.2001953125,1419700
2023-05-26,5459.89990234375,5459.89990234375,5462.25,5424.85009765625,5437.64990234375,1224400
2023-05-29,5475.0,5475.0,5482.39990234375,5457.75,5479.35009765625,1503100
2023-05-30,5473.25,5473.25,5507.89990234375,5469.25,5483.2998046875,1215800
2023-05-31,5459.7998046875,5459.7998046875,5488.7998046875,5432.60009765625,5459.85009765625,4537000
2023-06-01,5446.75,5446.75,5469.0498046875,5439.39990234375,5461.5498046875,1265600
2023-06-02,5472.39990234375,5472.39990234375,5480.14990234375,5453.75,5470.2998046875,1192000
2023-06-05,5495.75,5495.75,5502.10009765625,5484.9501953125,5493.89990234375,1321700
2023-06-06,5521.9501953125,5521.9501953125,5527.5498046875,5494.35009765625,5506.4501953125,1045400
2023-06-07,5583.2998046875,5583.2998046875,5587.35009765625,5530.64990234375,5534.5,1359500
2023-06-08,5570.9501953125,5570.9501953125,5619.2001953125,5566.5498046875,5594.7001953125,1731200
2023-06-09,5574.25,5574.25,5593.10009765625,5568.89990234375,5591.5498046875,995700
2023-06-12,5588.2998046875,5588.2998046875,5593.7001953125,5561.2001953125,5580.10009765625,1080500
2023-06-13,5624.2998046875,5624.2998046875,5628.2001953125,5597.89990234375,5603.85009765625,1215900
2023-06-14,5662.64990234375,5662.64990234375,5666.14990234375,5622.2998046875,5629.64990234375,1483800
2023-06-15,5668.5,5668.5,5684.75,5655.5498046875,5666.60009765625,1236300
2023-06-16,5702.10009765625,5702.10009765625,5708.4501953125,5671.10009765625,5675.14990234375,1680900
2023-06-19,5661.0,5661.0,5721.89990234375,5655.85009765625,5719.64990234375,1004500
2023-06-20,5680.10009765625,5680.10009765625,5688.89990234375,5640.64990234375,5663.0498046875,1196300
2023-06-21,5709.5,5709.5,5712.5,5683.9501953125,5684.0498046875,1514600
2023-06-22,5672.25,5672.25,5712.75,5656.14990234375,5708.75,1118400
2023-06-23,5620.35009765625,5620.35009765625,5670.5498046875,5611.25,5669.7998046875,1385800
2023-06-26,5609.39990234375,5609.39990234375,5620.89990234375,5583.89990234375,5610.89990234375,923500
2023-06-27,5634.85009765625,5634.85009765625,5641.60009765625,5620.75,5625.2998046875,1084900
2023-06-28,5698.64990234375,5698.64990234375,5703.85009765625,5645.0,5657.75,2140400
2023-06-30,5738.7001953125,5738.7001953125,5746.2998046875,5699.7001953125,5725.39990234375,1489400
2023-07-03,5784.7998046875,5784.7998046875,5791.7001953125,5744.7001953125,5758.25,1624800
2023-07-04,5753.14990234375,5753.14990234375,5796.10009765625,5743.2001953125,5796.10009765625,1029900
2023-07-05,5776.14990234375,5776.14990234375,5784.5498046875,5753.25,5769.14990234375,1042900
2023-07-06,5856.14990234375,5856.14990234375,5859.85009765625,5778.5498046875,5782.35009765625,2072700
2023-07-07,5794.2001953125,5794.2001953125,5871.39990234375,5786.5498046875,5848.4501953125,1816100
2023-07-10,5829.39990234375,5829.39990234375,5849.60009765625,5805.25,5826.64990234375,1307300
2023-07-11,5888.25,5888.25,5893.14990234375,5852.85009765625,5856.10009765625,1268700
2023-07-12,5882.25,5882.25,5908.10009765625,5877.2998046875,5898.10009765625,1451800
2023-07-13,5829.25,5829.25,5912.64990234375,5819.7998046875,5904.64990234375,1374000
2023-07-14,5842.39990234375,5842.39990234375,5853.2998046875,5810.35009765625,5841.35009765625,1770300
2023-07-17,5870.0,5870.0,5877.2001953125,5843.89990234375,5853.85009765625,1423600
2023-07-18,5868.4501953125,5868.4501953125,5896.7998046875,5856.89990234375,5882.4501953125,1144000
2023-07-19,5910.7001953125,5910.7001953125,5922.9501953125,5874.0,5880.9501953125,1568500
2023-07-20,5940.64990234375,5940.64990234375,5943.5498046875,5896.2001953125,5916.0498046875,1156500
2023-07-21,5937.35009765625,5937.35009765625,5955.7001953125,5921.85009765625,5938.0,1813700
2023-07-24,5937.5,5937.5,5961.0498046875,5916.85009765625,5935.9501953125,1408400
2023-07-25,5948.10009765625,5948.10009765625,5969.14990234375,5933.25,5952.10009765625,1468500
2023-07-26,6012.2998046875,6012.2998046875,6037.60009765625,5969.10009765625,5974.0,1567600
2023-07-27,6003.39990234375,6003.39990234375,6042.25,5983.14990234375,6032.4501953125,1430800
2023-07-28,6052.89990234375,6052.89990234375,6058.39990234375,5991.14990234375,6013.7001953125,2553000
2023-07-31,6115.35009765625,6115.35009765625,6122.60009765625,6057.5498046875,6071.0,2503500
2023-08-01,6076.5498046875,6076.5498046875,6123.7001953125,6071.89990234375,6120.85009765625,2363500
2023-08-02,5997.0498046875,5997.0498046875,6061.39990234375,5959.7001953125,6058.7998046875,2026500
2023-08-03,5973.2998046875,5973.2998046875,6010.9501953125,5946.2001953125,5985.0498046875,1521400
2023-08-04,6010.5,6010.5,6019.60009765625,5973.9501953125,5998.2001953125,1121700
2023-08-07,6029.0498046875,6029.0498046875,6040.60009765625,6016.5498046875,6024.5498046875,889400
2023-08-08,6006.35009765625,6006.35009765625,6044.85009765625,5983.75,6042.89990234375,1333900
2023-08-09,6026.39990234375,6026.39990234375,6031.14990234375,5982.60009765625,6014.7001953125,1265100
2023-08-10,6014.89990234375,6014.89990234375,6036.7998046875,5995.0,6025.0498046875,1382800
2023-08-11,6002.7001953125,6002.7001953125,6021.0498046875,5991.85009765625,6014.2001953125,1343800
2023-08-14,5995.0498046875,5995.0498046875,6003.7998046875,5931.75,5992.9501953125,1244600
2023-08-16,6016.25,6016.25,6020.64990234375,5959.85009765625,5978.39990234375,0
2023-08-17,5978.75,5978.75,6018.60009765625,5962.2998046875,6015.2998046875,1111700
2023-08-18,5975.25,5975.25,6005.14990234375,5950.64990234375,5970.64990234375,1328100
2023-08-21,6008.9501953125,6008.9501953125,6014.7998046875,5966.0498046875,5976.10009765625,1858100
2023-08-22,6024.64990234375,6024.64990234375,6037.60009765625,6004.25,6011.60009765625,1266500
2023-08-23,6023.10009765625,6023.10009765625,6046.0498046875,6018.2998046875,6036.5,1297300
2023-08-24,5989.7001953125,5989.7001953125,6071.14990234375,5984.0,6054.75,1782100
2023-08-25,5938.35009765625,5938.35009765625,5984.0,5929.25,5962.0498046875,4112400
2023-08-28,5969.35009765625,5969.35009765625,5990.5498046875,5944.89990234375,5957.89990234375,2097300
2023-08-29,5981.14990234375,5981.14990234375,5990.4501953125,5957.0498046875,5987.4501953125,2196800
2023-08-30,5984.85009765625,5984.85009765625,6013.39990234375,5982.7001953125,6000.0,1578000
2023-08-31,5947.0,5947.0,5998.10009765625,5935.64990234375,5996.89990234375,5120600
2023-09-01,6016.0498046875,6016.0498046875,6021.10009765625,5944.2001953125,5949.2998046875,2238200
2023-09-04,6064.14990234375,6064.14990234375,6068.5498046875,6016.0498046875,6051.7998046875,2657139000
2023-09-05,6088.2998046875,6088.2998046875,6100.2998046875,6064.14990234375,6082.39990234375,2141100
2023-09-06,6108.39990234375,6108.39990234375,6114.0498046875,6068.2001953125,6095.4501953125,3791700
2023-09-07,6158.25,6158.25,6163.25,6094.75,6110.14990234375,2120000
2023-09-08,6229.14990234375,6229.14990234375,6242.75,6158.25,6195.10009765625,2577500
2023-09-11,6284.10009765625,6284.10009765625,6287.0498046875,6245.89990234375,6257.5,1859700
2023-09-12,6208.5,6208.5,6336.0,6201.0,6335.60009765625,2278400
2023-09-13,6244.5,6244.5,6254.2998046875,6194.7998046875,6215.2998046875,1435700
2023-09-14,6281.89990234375,6281.89990234375,6286.35009765625,6255.7998046875,6273.2998046875,1419300
2023-09-15,6283.35009765625,6283.35009765625,6304.35009765625,6263.39990234375,6300.5,2375700
2023-09-18,6268.9501953125,6268.9501953125,6289.4501953125,6260.64990234375,6278.10009765625,1399500
2023-09-20,6211.0,6211.0,6266.4501953125,6193.85009765625,6248.89990234375,1968500
2023-09-21,6185.2998046875,6185.2998046875,6205.0498046875,6170.7998046875,6198.0,1399200
2023-09-22,6162.35009765625,6162.35009765625,6206.60009765625,6153.5,6190.9501953125,1297600
2023-09-25,6168.5,6168.5,6177.35009765625,6127.35009765625,6169.14990234375,1194200
2023-09-26,6180.2001953125,6180.2001953125,6207.9501953125,6172.25,6175.4501953125,1089600
2023-09-27,6220.10009765625,6220.10009765625,6226.10009765625,6167.7001953125,6191.2998046875,1050900
2023-09-28,6186.2001953125,6186.2001953125,6260.60009765625,6174.9501953125,6245.2998046875,2166600
2023-09-29,6242.85009765625,6242.85009765625,6268.85009765625,6219.7001953125,6222.14990234375,1514900
2023-10-03,6233.2998046875,6233.2998046875,6237.64990234375,6195.85009765625,6231.5498046875,1415500
2023-10-04,6171.7001953125,6171.7001953125,6215.75,6123.39990234375,6212.7998046875,1375400
2023-10-05,6209.5498046875,6209.5498046875,6218.2998046875,6176.14990234375,6192.10009765625,1336600
2023-10-06,6230.2001953125,6230.2001953125,6236.10009765625,6205.9501953125,6231.5,927000
2023-10-09,6170.2001953125,6170.2001953125,6190.35009765625,6146.89990234375,6186.60009765625,1228400
2023-10-10,6231.0498046875,6231.0498046875,6240.4501953125,6182.7001953125,6184.0498046875,1154800
2023-10-11,6288.10009765625,6288.10009765625,6296.0498046875,6248.5498046875,6252.39990234375,1128100
2023-10-12,6303.5,6303.5,6314.0,6282.39990234375,6296.0,1523800
2023-10-13,6310.25,6310.25,6321.7998046875,6278.0498046875,6280.0498046875,1306300
2023-10-16,6309.89990234375,6309.89990234375,6330.89990234375,6290.75,6317.2001953125,1105200
2023-10-17,6327.7001953125,6327.7001953125,6339.7001953125,6313.85009765625,6334.5498046875,1256200
2023-10-18,6274.85009765625,6274.85009765625,6339.39990234375,6269.25,6334.2998046875,1203300
2023-10-19,6260.39990234375,6260.39990234375,6266.85009765625,6212.85009765625,6241.0498046875,978000
2023-10-20,6208.5,6208.5,6256.39990234375,6189.89990234375,6242.2998046875,1205600
2023-10-23,6108.0498046875,6108.0498046875,6202.39990234375,6093.2998046875,6193.4501953125,1018700
2023-10-25,6055.60009765625,6055.60009765625,6131.7001953125,6021.35009765625,6094.35009765625,1253500
2023-10-26,5976.5,5976.5,6037.60009765625,5960.0,6033.5498046875,1268700
2023-10-27,6049.39990234375,6049.39990234375,6061.25,5995.7998046875,5997.85009765625,930100
2023-10-30,6115.10009765625,6115.10009765625,6120.10009765625,6028.9501953125,6062.0,1267400
2023-10-31,6095.39990234375,6095.39990234375,6131.5498046875,6079.10009765625,6127.9501953125,1575900
2023-11-01,6070.0498046875,6070.0498046875,6120.14990234375,6064.0498046875,6103.9501953125,1612200
2023-11-02,6140.89990234375,6140.89990234375,6144.7001953125,6106.5,6117.39990234375,1707200
2023-11-03,6175.2998046875,6175.2998046875,6185.10009765625,6162.2001953125,6163.25,1329800
2023-11-06,6251.5498046875,6251.5498046875,6255.2001953125,6199.7998046875,6206.10009765625,1552200
2023-11-07,6253.2001953125,6253.2001953125,6264.39990234375,6230.2001953125,6247.5498046875,1825200
2023-11-08,6291.75,6291.75,6298.64990234375,6265.75,6278.4501953125,1950700
2023-11-09,6279.7001953125,6279.7001953125,6303.64990234375,6270.5,6303.0,1516300
2023-11-10,6309.5498046875,6309.5498046875,6313.5498046875,6254.7001953125,6271.5,1226000
2023-11-13,6324.39990234375,6324.39990234375,6337.75,6313.14990234375,6333.0,1129400
2023-11-15,6393.0,6393.0,6397.9501953125,6354.9501953125,6382.2998046875,1636400
2023-11-16,6411.2998046875,6411.2998046875,6439.4501953125,6376.25,6392.2001953125,1941100
2023-11-17,6429.60009765625,6429.60009765625,6445.9501953125,6404.4501953125,6408.2998046875,1775700
2023-11-20,6419.10009765625,6419.10009765625,6440.0498046875,6404.10009765625,6427.4501953125,957400
2023-11-21,6438.7998046875,6438.7998046875,6451.0498046875,6422.75,6442.0,1310600
2023-11-22,6451.60009765625,6451.60009765625,6468.0498046875,6414.25,6444.0,1172700
2023-11-23,6452.39990234375,6452.39990234375,6468.89990234375,6431.2001953125,6457.9501953125,1110900
2023-11-24,6438.39990234375,6438.39990234375,6463.75,6434.14990234375,6457.14990234375,1103600
2023-11-28,6507.2998046875,6507.2998046875,6514.2998046875,6443.0498046875,6460.64990234375,2402700
2023-11-29,6543.0498046875,6543.0498046875,6547.14990234375,6529.39990234375,6541.10009765625,2013200
2023-11-30,6585.60009765625,6585.60009765625,6595.0498046875,6517.10009765625,6540.0,3902200
2023-12-01,6651.64990234375,6651.64990234375,6661.4501953125,6612.5498046875,6617.7998046875,2411500
2023-12-04,6822.60009765625,6822.60009765625,6834.0,6754.25,6797.0498046875,3726000
2023-12-05,6912.5,6912.5,6918.35009765625,6816.2001953125,6854.75,3319700
2023-12-06,6950.4501953125,6950.4501953125,6963.5,6904.7001953125,6949.89990234375,2897800
2023-12-07,6962.14990234375,6962.14990234375,6973.5498046875,6929.4501953125,6953.4501953125,3788300
2023-12-08,6951.25,6951.25,6998.2001953125,6901.75,6993.35009765625,2506700
2023-12-11,6991.85009765625,6991.85009765625,6998.14990234375,6944.85009765625,6958.2001953125,1979700
2023-12-12,6943.10009765625,6943.10009765625,6996.25,6917.89990234375,6991.5498046875,1579800
2023-12-13,7015.35009765625,7015.35009765625,7024.85009765625,6941.89990234375,6954.7001953125,2230500
2023-12-14,7082.14990234375,7082.14990234375,7091.85009765625,7035.25,7072.0498046875,2351600
2023-12-15,7141.2998046875,7141.2998046875,7151.7998046875,7089.39990234375,7104.4501953125,2827100
2023-12-18,7158.2998046875,7158.2998046875,7167.0,7126.7001953125,7154.2001953125,1984000
2023-12-19,7185.60009765625,7185.60009765625,7211.5498046875,7145.39990234375,7192.39990234375,1883500
2023-12-20,7004.9501953125,7004.9501953125,7244.2998046875,6993.2001953125,7220.4501953125,2989900
2023-12-21,7087.2998046875,7087.2998046875,7100.7001953125,6945.14990234375,6962.5498046875,2216200
2023-12-22,7134.9501953125,7134.9501953125,7142.85009765625,7088.39990234375,7110.85009765625,2252000
2023-12-26,7196.25,7196.25,7209.7001953125,7150.7001953125,7157.0,1878000
2023-12-27,7252.0498046875,7252.0498046875,7259.4501953125,7216.7001953125,7228.7001953125,1570600
2023-12-28,7313.35009765625,7313.35009765625,7321.2001953125,7256.39990234375,7272.25,3328000
2023-12-29,7303.39990234375,7303.39990234375,7320.25,7261.4501953125,7311.60009765625,2507400
2024-01-02,7278.60009765625,7278.60009765625,7317.0498046875,7203.64990234375,7315.75,2058700
2024-01-03,7287.4501953125,7287.4501953125,7322.39990234375,7269.39990234375,7290.2998046875,2035800
2024-01-04,7369.7998046875,7369.7998046875,7386.10009765625,7288.2001953125,7312.4501953125,2525700
2024-01-05,7397.64990234375,7397.64990234375,7420.5,7357.7001953125,7405.2998046875,2394700
2024-01-08,7372.64990234375,7372.64990234375,7445.39990234375,7363.0498046875,7428.39990234375,1848800
2024-01-09,7432.89990234375,7432.89990234375,7472.5,7408.5498046875,7426.7001953125,1591100
2024-01-10,7450.9501953125,7450.9501953125,7458.7001953125,7358.2998046875,7431.5498046875,1797100
2024-01-11,7502.2001953125,7502.2001953125,7514.10009765625,7465.7998046875,7477.4501953125,2046700
2024-01-12,7561.14990234375,7561.14990234375,7570.7998046875,7472.25,7518.89990234375,2005700
2024-01-15,7641.5498046875,7641.5498046875,7646.75,7552.10009765625,7595.14990234375,2044000
2024-01-16,7610.60009765625,7610.60009765625,7662.60009765625,7580.10009765625,7643.5,2329500
2024-01-17,7543.5498046875,7543.5498046875,7638.7001953125,7525.25,7562.2001953125,2219400
2024-01-18,7544.25,7544.25,7562.35009765625,7431.14990234375,7504.25,2262400
2024-01-19,7665.89990234375,7665.89990234375,7676.14990234375,7582.60009765625,7589.25,2140500
2024-01-23,7526.10009765625,7526.10009765625,7756.7998046875,7505.9501953125,7756.64990234375,3155400
2024-01-24,7650.0,7650.0,7667.7998046875,7478.10009765625,7535.39990234375,2516200
2024-01-25,7656.7001953125,7656.7001953125,7688.35009765625,7610.25,7664.60009765625,2511000
2024-01-29,7937.7998046875,7937.7998046875,7949.89990234375,7693.2001953125,7700.5498046875,3514500
2024-01-30,7838.2998046875,7838.2998046875,7973.4501953125,7828.5498046875,7973.4501953125,3477500
2024-01-31,7859.89990234375,7859.89990234375,7869.7998046875,7784.75,7807.0,2635000
2024-02-01,7825.89990234375,7825.89990234375,7900.25,7797.7001953125,7886.75,2555700
2024-02-02,7946.14990234375,7946.14990234375,8007.2001953125,7868.5,7870.4501953125,3928400
2024-02-05,7913.10009765625,7913.10009765625,8018.0498046875,7884.35009765625,7987.14990234375,4169100
2024-02-06,7989.64990234375,7989.64990234375,8007.2998046875,7885.7998046875,7952.14990234375,4052300
2024-02-07,7994.7001953125,7994.7001953125,8053.10009765625,7973.0498046875,8042.0498046875,2876300
2024-02-08,8006.0498046875,8006.0498046875,8054.10009765625,7952.5498046875,8053.10009765625,3322700
2024-02-09,7977.0498046875,7977.0498046875,8051.75,7884.14990234375,8036.64990234375,3263500
2024-02-12,7877.0,7877.0,7984.9501953125,7858.35009765625,7979.75,2544100
2024-02-13,7909.60009765625,7909.60009765625,7942.5,7822.2998046875,7889.5498046875,1869900
2024-02-14,8000.5,8000.5,8010.14990234375,7850.39990234375,7862.75,2307000
2024-02-15,8055.14990234375,8055.14990234375,8078.10009765625,8006.75,8032.25,2999500
2024-02-16,8077.75,8077.75,8104.25,8057.0498046875,8085.2998046875,2567400
2024-02-20,8157.14990234375,8157.14990234375,8167.85009765625,8098.89990234375,8121.75,2073100
2024-02-21,8078.5498046875,8078.5498046875,8183.2998046875,8050.5498046875,8179.7998046875,2023000
2024-02-22,8152.2998046875,8152.2998046875,8162.9501953125,7986.9501953125,8098.7001953125,2061700
2024-02-23,8170.7001953125,8170.7001953125,8187.35009765625,8118.9501953125,8164.25,1548800
2024-02-26,8180.0,8180.0,8200.4501953125,8137.5498046875,8171.4501953125,2086700
2024-02-27,8200.900390625,8200.900390625,8215.4501953125,8157.7998046875,8171.10009765625,1718900
2024-02-28,8055.2001953125,8055.2001953125,8213.2001953125,8040.60009765625,8202.349609375,1653800
2024-02-29,8085.75,8085.75,8114.89990234375,8022.9501953125,8063.2001953125,2751200
2024-03-01,8243.9501953125,8243.9501953125,8261.599609375,8124.0,8126.14990234375,1704900
2024-03-04,8334.400390625,8334.400390625,8354.5,8281.4501953125,8288.650390625,2652100
2024-03-05,8349.9501953125,8349.9501953125,8366.0498046875,8296.75,8333.2001953125,1663500
2024-03-06,8335.4501953125,8335.4501953125,8356.5498046875,8206.349609375,8347.5498046875,1839400
2024-03-07,8329.2998046875,8329.2998046875,8364.099609375,8312.9501953125,8359.4501953125,2088400
2024-03-11,8278.349609375,8278.349609375,8358.2998046875,8263.599609375,8324.599609375,2020800
2024-03-12,8226.2001953125,8226.2001953125,8304.7001953125,8214.5498046875,8285.7001953125,1677100
2024-03-13,7916.2001953125,7916.2001953125,8248.150390625,7867.64990234375,8246.4501953125,2633800
2024-03-14,8044.0,8044.0,8058.5498046875,7884.2998046875,7906.2998046875,2340300
2024-03-15,7988.0498046875,7988.0498046875,8056.7001953125,7898.7998046875,8022.0498046875,4341600
2024-03-18,8028.14990234375,8028.14990234375,8044.0,7957.35009765625,7988.85009765625,1681200
2024-03-19,7921.89990234375,7921.89990234375,8000.85009765625,7895.5498046875,7988.2998046875,1892600
2024-03-20,7972.9501953125,7972.9501953125,7984.7998046875,7898.35009765625,7943.25,1375500
2024-03-21,8090.85009765625,8090.85009765625,8108.39990234375,8031.2998046875,8033.64990234375,1877600
2024-03-22,8146.39990234375,8146.39990234375,8183.0498046875,8074.2998046875,8091.14990234375,1677000
2024-03-26,8167.75,8167.75,8186.39990234375,8099.7998046875,8100.0498046875,1834000
2024-03-27,8256.2001953125,8256.2001953125,8294.849609375,8198.5498046875,8200.0,2168100
2024-03-28,8336.0,8336.0,8407.099609375,8262.0498046875,8278.099609375,1923300
2024-04-01,8423.0498046875,8423.0498046875,8436.5,8372.849609375,8380.099609375,1416400
2024-04-02,8455.25,8455.25,8471.650390625,8401.7998046875,8445.0,1891100
2024-04-03,8448.2001953125,8448.2001953125,8479.9501953125,8403.9501953125,8434.650390625,2140800
2024-04-04,8395.400390625,8395.400390625,8500.599609375,8356.0498046875,8499.7998046875,1988600
2024-04-05,8361.650390625,8361.650390625,8387.2001953125,8326.2001953125,8384.9501953125,1483400
2024-04-08,8461.7998046875,8461.7998046875,8470.599609375,8373.650390625,8384.400390625,2073700
2024-04-09,8434.2001953125,8434.2001953125,8500.5,8421.0,8498.9501953125,1650800
2024-04-10,8496.5498046875,8496.5498046875,8512.599609375,8457.400390625,8460.900390625,2149800
2024-04-12,8414.2998046875,8414.2998046875,8527.9501953125,8407.2001953125,8488.099609375,2526700
2024-04-15,8348.150390625,8348.150390625,8409.25,8285.75,8319.7998046875,2947300
2024-04-16,8327.0,8327.0,8363.349609375,8282.7001953125,8305.400390625,2435600
2024-04-18,8324.400390625,8324.400390625,8462.900390625,8305.900390625,8382.7001953125,3072100
2024-04-19,8339.0498046875,8339.0498046875,8370.7001953125,8197.150390625,8276.4501953125,2202000
2024-04-22,8423.599609375,8423.599609375,8439.2998046875,8381.849609375,8414.7001953125,2120000
2024-04-23,8456.25,8456.25,8479.75,8435.2001953125,8458.0,1484500
2024-04-24,8489.599609375,8489.599609375,8522.349609375,8473.25,8493.0,1641400
2024-04-25,8548.400390625,8548.400390625,8565.150390625,8461.0498046875,8470.849609375,1807600
2024-04-26,8527.25,8527.25,8575.0,8515.900390625,8570.099609375,1910600
2024-04-29,8587.349609375,8587.349609375,8592.75,8534.5,8551.5,1783900
2024-04-30,8575.25,8575.25,8651.400390625,8565.7998046875,8615.900390625,2874400
2024-05-02,8630.5,8630.5,8649.900390625,8581.849609375,8585.9501953125,3369000
2024-05-03,8519.5,8519.5,8674.150390625,8452.7998046875,8667.2998046875,2423300
2024-05-06,8444.9501953125,8444.9501953125,8564.150390625,8416.7998046875,8557.150390625,1907100
2024-05-07,8322.5,8322.5,8471.7998046875,8296.599609375,8466.900390625,1940700
2024-05-08,8421.7001953125,8421.7001953125,8454.2001953125,8275.75,8304.400390625,1832600
2024-05-09,8200.7998046875,8200.7998046875,8378.150390625,8190.14990234375,8358.849609375,1990000
2024-05-10,8283.2998046875,8283.2998046875,8295.2998046875,8191.39990234375,8230.7998046875,1730000
2024-05-13,8304.7001953125,8304.7001953125,8322.900390625,8152.10009765625,8284.599609375,1776200
2024-05-14,8415.900390625,8415.900390625,8424.7998046875,8317.400390625,8319.5,1493000
2024-05-15,8488.2998046875,8488.2998046875,8506.2998046875,8421.2001953125,8446.9501953125,1305900
2024-05-16,8561.25,8561.25,8572.4501953125,8435.5,8535.0,2130800
2024-05-17,8623.5498046875,8623.5498046875,8631.5,8549.650390625,8582.349609375,1613300
2024-05-21,8683.650390625,8683.650390625,8721.9501953125,8642.9501953125,8651.7001953125,2104600
2024-05-22,8716.4501953125,8716.4501953125,8723.9501953125,8647.2998046875,8715.349609375,1775500
2024-05-23,8848.5,8848.5,8861.599609375,8709.5,8724.5498046875,2190300
2024-05-24,8855.900390625,8855.900390625,8908.849609375,8825.900390625,8846.5498046875,2115000
2024-05-27,8845.0,8845.0,8907.400390625,8811.2001953125,8899.849609375,2460400
2024-05-28,8775.2001953125,8775.2001953125,8872.849609375,8762.5,8864.599609375,1335500
2024-05-29,8721.0,8721.0,8772.75,8704.5498046875,8711.4501953125,1443000
2024-05-30,8623.0498046875,8623.0498046875,8721.849609375,8590.650390625,8710.400390625,1591300
2024-05-31,8668.0,8668.0,8709.5498046875,8610.400390625,8665.099609375,3392800
2024-06-03,9147.0,9147.0,9166.25,8958.599609375,9072.7001953125,4854400
2024-06-04,8178.0,8178.0,9115.099609375,7877.10009765625,9112.599609375,7977300
2024-06-05,8403.9501953125,8403.9501953125,8420.099609375,7972.64990234375,8332.849609375,4119300
2024-06-06,8547.5,8547.5,8635.349609375,8459.7001953125,8502.7001953125,3130600
2024-06-07,8752.599609375,8752.599609375,8758.75,8512.0,8538.7001953125,2565000
2024-06-10,8806.7001953125,8806.7001953125,8867.5498046875,8778.5498046875,8786.400390625,2167200
2024-06-11,8856.2998046875,8856.2998046875,8905.7001953125,8800.849609375,8835.5498046875,2610400
2024-06-12,8935.5,8935.5,8969.5498046875,8866.9501953125,8885.150390625,2140700
2024-06-13,8978.099609375,8978.099609375,9010.150390625,8936.4501953125,9010.150390625,1660600
2024-06-14,9028.7001953125,9028.7001953125,9038.25,8954.650390625,9014.599609375,1906500
2024-06-18,9053.150390625,9053.150390625,9086.75,9025.2998046875,9086.5498046875,1626400
2024-06-19,8892.9501953125,8892.9501953125,9082.25,8879.099609375,9079.150390625,1611900
2024-06-20,8929.150390625,8929.150390625,8939.9501953125,8853.5498046875,8909.9501953125,1539600
2024-06-21,8885.7001953125,8885.7001953125,8966.650390625,8856.849609375,8952.099609375,2810100
2024-06-24,8899.349609375,8899.349609375,8920.650390625,8808.099609375,8845.099609375,1674100
2024-06-25,8896.099609375,8896.099609375,8941.4501953125,8868.599609375,8937.099609375,1600800
2024-06-26,9015.2998046875,9015.2998046875,9029.4501953125,8885.2998046875,8897.7998046875,1494700
2024-06-27,9106.900390625,9106.900390625,9130.2001953125,9005.7001953125,9024.7998046875,2895200
2024-06-28,9133.9501953125,9133.9501953125,9184.650390625,9102.2998046875,9155.0498046875,2263300
2024-07-01,9131.7001953125,9131.7001953125,9163.2998046875,9107.0,9144.7998046875,0
2024-07-02,9138.099609375,9138.099609375,9188.849609375,9091.849609375,9162.5498046875,0
2024-07-03,9141.650390625,9141.650390625,9174.400390625,9106.2998046875,9169.349609375,0
2024-07-04,9137.25,9137.25,9194.650390625,9122.7001953125,9157.75,1552600
2024-07-05,9250.599609375,9250.599609375,9267.400390625,9122.4501953125,9143.2001953125,1919400
2024-07-08,9251.25,9251.25,9272.2001953125,9205.75,9267.75,2065600
2024-07-09,9263.7998046875,9263.7998046875,9285.2998046875,9223.349609375,9267.4501953125,1608100
2024-07-10,9278.0498046875,9278.0498046875,9306.7001953125,9100.599609375,9301.150390625,1766300
2024-07-11,9263.849609375,9263.849609375,9312.4501953125,9243.900390625,9311.900390625,2310400
2024-07-12,9276.2998046875,9276.2998046875,9326.599609375,9227.400390625,9290.0498046875,1996500
2024-07-15,9343.7001953125,9343.7001953125,9351.150390625,9266.400390625,9318.9501953125,2162400
2024-07-16,9330.7998046875,9330.7998046875,9386.650390625,9314.650390625,9365.5498046875,2181300
2024-07-18,9340.599609375,9340.599609375,9354.0,9234.9501953125,9334.400390625,2136300
2024-07-19,9122.349609375,9122.349609375,9336.900390625,9109.7998046875,9334.900390625,1913600
2024-07-22,9157.7998046875,9157.7998046875,9178.75,9027.849609375,9077.650390625,2210400
2024-07-23,9085.2001953125,9085.2001953125,9195.75,8832.4501953125,9190.2001953125,2848700
2024-07-24,9116.5,9116.5,9144.900390625,9047.2001953125,9079.349609375,1988200
2024-07-25,9188.0498046875,9188.0498046875,9202.25,9046.150390625,9059.099609375,3176600
2024-07-26,9372.25,9372.25,9378.7998046875,9208.0498046875,9223.599609375,2648300
2024-07-29,9423.5498046875,9423.5498046875,9456.349609375,9396.5,9420.9501953125,2645200
2024-07-30,9443.400390625,9443.400390625,9492.25,9406.25,9433.5,3143800
2024-07-31,9499.4501953125,9499.4501953125,9505.599609375,9441.900390625,9455.5498046875,2965400
2024-08-01,9531.5498046875,9531.5498046875,9547.599609375,9491.2001953125,9521.9501953125,2651800
2024-08-02,9379.0498046875,9379.0498046875,9450.0,9358.599609375,9439.5,2063000
2024-08-05,9071.5498046875,9071.5498046875,9229.2001953125,9002.9501953125,9212.2001953125,2908800
2024-08-06,9059.5,9059.5,9250.5,9040.650390625,9133.7998046875,1915800
2024-08-07,9207.7001953125,9207.7001953125,9219.599609375,9139.7001953125,9183.349609375,2305300
2024-08-08,9077.5,9077.5,9193.5,9062.0,9184.349609375,1870300
2024-08-09,9166.4501953125,9166.4501953125,9211.650390625,9153.2998046875,9186.349609375,1489100
2024-08-12,9119.849609375,9119.849609375,9164.849609375,9076.7998046875,9129.2001953125,1971100
2024-08-13,9052.9501953125,9052.9501953125,9153.849609375,9037.849609375,9136.7998046875,1523100
2024-08-14,9025.849609375,9025.849609375,9077.849609375,9006.4501953125,9060.25,1272900
2024-08-16,9157.900390625,9157.900390625,9167.25,9031.650390625,9081.7001953125,1361900
2024-08-19,9182.7001953125,9182.7001953125,9235.7998046875,9166.400390625,9219.400390625,1535100
2024-08-20,9202.599609375,9202.599609375,9237.7001953125,9187.0498046875,9229.349609375,1488600
2024-08-21,9234.400390625,9234.400390625,9242.2001953125,9199.0,9214.7001953125,1281400
2024-08-22,9266.4501953125,9266.4501953125,9286.4501953125,9240.2001953125,9271.0498046875,1328700
2024-08-23,9271.9501953125,9271.9501953125,9299.7998046875,9256.4501953125,9287.75,1387900
2024-08-26,9346.7998046875,9346.7998046875,9353.7001953125,9269.4501953125,9306.0498046875,1252900
2024-08-27,9339.0498046875,9339.0498046875,9374.2001953125,9332.2001953125,9352.7001953125,1291400
2024-08-28,9344.2998046875,9344.2998046875,9374.5,9325.349609375,9355.2998046875,1306700
2024-08-29,9370.0498046875,9370.0498046875,9383.0498046875,9290.5,9348.25,1919400
2024-08-30,9425.75,9425.75,9440.150390625,9387.4501953125,9425.150390625,2710800
2024-09-02,9400.25,9400.25,9468.9501953125,9380.349609375,9465.9501953125,1474100
2024-09-03,9372.099609375,9372.099609375,9429.2001953125,9365.5,9424.900390625,1094500
2024-09-04,9371.4501953125,9371.4501953125,9383.75,9303.2001953125,9310.0,1792200
2024-09-05,9318.75,9318.75,9400.5,9311.599609375,9399.349609375,1837000
2024-09-06,9183.900390625,9183.900390625,9332.25,9158.2001953125,9321.400390625,1999700
2024-09-09,9154.599609375,9154.599609375,9167.099609375,9091.849609375,9159.150390625,1500500
2024-09-10,9235.7998046875,9235.7998046875,9274.4501953125,9171.4501953125,9172.400390625,1669900
2024-09-11,9147.099609375,9147.099609375,9258.7998046875,9125.9501953125,9251.849609375,1907300
2024-09-12,9364.599609375,9364.599609375,9378.650390625,9185.2001953125,9206.150390625,1827600
2024-09-13,9333.75,9333.75,9384.5498046875,9322.9501953125,9376.900390625,1311800
2024-09-16,9348.5498046875,9348.5498046875,9391.9501953125,9338.0498046875,9359.4501953125,937300
2024-09-17,9380.5498046875,9380.5498046875,9390.400390625,9331.150390625,9365.0,1003500
2024-09-18,9338.599609375,9338.599609375,9419.849609375,9295.7001953125,9382.349609375,929600
2024-09-19,9318.5498046875,9318.5498046875,9411.599609375,9256.4501953125,9371.400390625,2179000
2024-09-20,9455.400390625,9455.400390625,9472.150390625,9318.7001953125,9356.75,2574600
2024-09-23,9565.400390625,9565.400390625,9571.900390625,9492.25,9495.0498046875,1527200
2024-09-24,9581.5498046875,9581.5498046875,9615.599609375,9559.2998046875,9569.900390625,1839900
2024-09-25,9623.75,9623.75,9635.0,9561.75,9579.4501953125,1563100
2024-09-26,9663.2998046875,9663.2998046875,9670.0498046875,9586.400390625,9637.400390625,1981200
2024-09-27,9689.099609375,9689.099609375,9704.2001953125,9589.4501953125,9648.7998046875,3487200
2024-09-30,9574.7998046875,9574.7998046875,9689.150390625,9564.5498046875,9648.0,2248200
2024-10-01,9555.25,9555.25,9631.75,9543.5,9581.25,1544300
2024-10-03,9284.5,9284.5,9487.4501953125,9269.25,9379.849609375,2518000
2024-10-04,9153.5,9153.5,9332.75,9131.400390625,9273.849609375,2460700
2024-10-07,9014.849609375,9014.849609375,9207.599609375,8963.349609375,9189.900390625,2209700
2024-10-08,9158.25,9158.25,9175.4501953125,8991.25,9012.599609375,1811800
2024-10-09,9146.599609375,9146.599609375,9262.0498046875,9134.599609375,9193.5,1776700
2024-10-10,9154.75,9154.75,9250.4501953125,9138.9501953125,9192.650390625,1813800
2024-10-11,9165.650390625,9165.650390625,9177.4501953125,9115.650390625,9159.2998046875,1059900
2024-10-14,9209.7998046875,9209.7998046875,9216.0,9170.2001953125,9196.0,1227400
2024-10-15,9217.0498046875,9217.0498046875,9249.599609375,9183.650390625,9234.2998046875,1856700
2024-10-16,9231.25,9231.25,9262.7001953125,9179.25,9208.5498046875,1972800
2024-10-17,9134.5,9134.5,9268.849609375,9124.7001953125,9255.25,1666700
2024-10-18,9182.0,9182.0,9203.75,9049.25,9128.7998046875,1292500
2024-10-21,9104.7998046875,9104.7998046875,9209.2998046875,9088.0,9198.25,1456300
2024-10-22,8934.099609375,8934.099609375,9143.599609375,8920.2001953125,9101.599609375,1511000
2024-10-23,8862.0,8862.0,8944.349609375,8833.5,8913.0,1691400
2024-10-24,8873.0498046875,8873.0498046875,8891.7998046875,8824.900390625,8863.349609375,1186600
2024-10-25,8712.4501953125,8712.4501953125,8883.150390625,8685.0498046875,8875.900390625,1866000
2024-10-28,8746.349609375,8746.349609375,8803.150390625,8618.400390625,8709.5,1829100
2024-10-29,8783.5498046875,8783.5498046875,8792.5498046875,8658.650390625,8727.75,1899800
2024-10-30,8788.5498046875,8788.5498046875,8852.2998046875,8720.9501953125,8767.0498046875,1463500
2024-10-31,8823.400390625,8823.400390625,8867.7001953125,8800.5498046875,8829.2998046875,1847100
2024-11-01,8869.150390625,8869.150390625,8888.5498046875,8854.349609375,8858.2998046875,263600
2024-11-04,8681.7001953125,8681.7001953125,8887.400390625,8606.9501953125,8884.4501953125,2186400
2024-11-05,8705.849609375,8705.849609375,8714.25,8585.849609375,8646.7001953125,1594300
2024-11-06,8857.150390625,8857.150390625,8876.349609375,8701.2998046875,8742.2998046875,2023600
2024-11-07,8767.7001953125,8767.7001953125,8873.5,8760.7001953125,8873.25,1493000
2024-11-08,8709.400390625,8709.400390625,8777.900390625,8682.5,8758.650390625,1883900
2024-11-11,8657.75,8657.75,8742.75,8625.349609375,8676.7001953125,1591500
2024-11-12,8554.599609375,8554.599609375,8719.0,8530.2001953125,8683.7001953125,1693800
2024-11-13,8430.849609375,8430.849609375,8575.5498046875,8414.2001953125,8542.4501953125,2017600
2024-11-14,8432.849609375,8432.849609375,8480.2998046875,8393.0498046875,8432.5498046875,1743200
2024-11-18,8401.599609375,8401.599609375,8481.150390625,8353.599609375,8461.75,1550600
2024-11-19,8381.099609375,8381.099609375,8542.599609375,8356.650390625,8428.0498046875,1595600
2024-11-21,8306.2998046875,8306.2998046875,8358.0498046875,8236.9501953125,8355.2998046875,2996800
2024-11-22,8537.9501953125,8537.9501953125,8554.25,8303.650390625,8332.2998046875,2029700
2024-11-25,8721.25,8721.25,8775.4501953125,8665.4501953125,8677.400390625,3395800
2024-11-26,8663.25,8663.25,8760.099609375,8639.7998046875,8756.099609375,1413800
2024-11-27,8700.7998046875,8700.7998046875,8733.2001953125,8624.849609375,8663.349609375,1703100
2024-11-28,8602.5,8602.5,8732.400390625,8584.900390625,8698.599609375,2064800
2024-11-29,8734.2998046875,8734.2998046875,8764.75,8601.650390625,8602.0,1709100
2024-12-02,8803.7998046875,8803.7998046875,8812.0498046875,8683.0,8723.650390625,1511900
2024-12-03,8905.150390625,8905.150390625,8913.349609375,8813.150390625,8847.0,1973300
2024-12-04,8865.349609375,8865.349609375,8932.2001953125,8833.75,8926.599609375,1934500
2024-12-05,8936.7998046875,8936.7998046875,8979.400390625,8821.25,8910.7001953125,2291500
2024-12-06,8933.2001953125,8933.2001953125,8980.5498046875,8924.0498046875,8951.5,2000700
2024-12-09,8944.7001953125,8944.7001953125,8979.599609375,8911.5,8921.7998046875,1622800
2024-12-10,8899.75,8899.75,8957.2998046875,8862.2001953125,8951.349609375,1629100
2024-12-11,8904.5498046875,8904.5498046875,8939.2998046875,8899.650390625,8910.4501953125,1192800
2024-12-12,8846.650390625,8846.650390625,8920.5498046875,8835.599609375,8892.849609375,1630600
2024-12-13,8951.7001953125,8951.7001953125,8960.5,8739.099609375,8843.4501953125,1967400
2024-12-16,8927.0,8927.0,8969.099609375,8895.849609375,8951.7001953125,1350100
2024-12-17,8773.75,8773.75,8908.599609375,8757.9501953125,8897.4501953125,1605500
2024-12-18,8695.9501953125,8695.9501953125,8782.5,8674.849609375,8771.5498046875,1381300
2024-12-19,8632.150390625,8632.150390625,8657.900390625,8569.099609375,8573.75,1623000
2024-12-20,8452.400390625,8452.400390625,8691.25,8433.099609375,8634.599609375,2068000
2024-12-23,8510.099609375,8510.099609375,8568.7001953125,8465.5,8511.75,1198400
2024-12-24,8505.0498046875,8505.0498046875,8574.2001953125,8481.0,8520.0498046875,1052300
2024-12-26,8528.849609375,8528.849609375,8543.349609375,8486.9501953125,8522.75,1177900
2024-12-27,8495.0,8495.0,8581.150390625,8487.599609375,8537.75,844000
2024-12-30,8426.400390625,8426.400390625,8519.5,8405.4501953125,8492.4501953125,2876900
2024-12-31,8463.5,8463.5,8490.5498046875,8369.900390625,8405.0498046875,1063100
2025-01-02,8622.5,8622.5,8635.150390625,8485.25,8515.400390625,1660500
2025-01-03,8596.25,8596.25,8651.5498046875,8582.900390625,8637.099609375,1757900
2025-01-06,8391.25,8391.25,8614.150390625,8368.7001953125,8611.2998046875,1641900
2025-01-07,8460.349609375,8460.349609375,8495.099609375,8417.7998046875,8418.150390625,1677500
2025-01-08,8455.0498046875,8455.0498046875,8498.150390625,8413.400390625,8497.9501953125,1695300
2025-01-09,8357.0498046875,8357.0498046875,8466.2001953125,8347.849609375,8461.2998046875,1323400
2025-01-10,8259.9501953125,8259.9501953125,8358.099609375,8224.599609375,8345.75,1490600
2025-01-13,8054.2001953125,8054.2001953125,8206.0,8025.25,8150.4501953125,2265300
2025-01-14,8139.7001953125,8139.7001953125,8173.64990234375,8080.25,8080.2998046875,1747200
2025-01-15,8218.25,8218.25,8262.2998046875,8177.39990234375,8188.9501953125,1670300
2025-01-16,8301.4501953125,8301.4501953125,8326.150390625,8262.650390625,8294.25,1475500
2025-01-17,8400.900390625,8400.900390625,8419.2998046875,8332.5,8390.400390625,1460500
2025-01-20,8451.849609375,8451.849609375,8460.849609375,8383.5,8451.4501953125,1494400
2025-01-21,8309.5,8309.5,8486.599609375,8298.349609375,8484.400390625,1564100
2025-01-22,8285.5498046875,8285.5498046875,8348.5498046875,8216.25,8341.2001953125,1358900
2025-01-23,8314.7001953125,8314.7001953125,8325.4501953125,8249.900390625,8259.900390625,1170600
2025-01-24,8243.650390625,8243.650390625,8388.0498046875,8230.400390625,8326.75,1645500
2025-01-27,8112.2998046875,8112.2998046875,8207.25,8083.2001953125,8204.650390625,1746700
2025-01-28,8116.0498046875,8116.0498046875,8179.85009765625,8033.35009765625,8149.0498046875,1896300
2025-01-29,8163.75,8163.75,8187.64990234375,8095.9501953125,8130.2998046875,1294500
2025-01-30,8226.7001953125,8226.7001953125,8262.7998046875,8167.7998046875,8180.2998046875,1874600
2025-01-31,8348.5,8348.5,8362.900390625,8220.650390625,8261.0498046875,1643700
2025-02-03,8115.64990234375,8115.64990234375,8193.900390625,8057.9501953125,8189.10009765625,2626500
2025-02-04,8310.75,8310.75,8319.0498046875,8156.9501953125,8163.64990234375,1997400
2025-02-05,8317.25,8317.25,8373.4501953125,8307.7001953125,8340.900390625,1601200
2025-02-06,8249.4501953125,8249.4501953125,8361.5498046875,8230.0,8354.0498046875,1527800
2025-02-07,8249.25,8249.25,8338.2998046875,8208.900390625,8252.650390625,1384100
2025-02-10,8169.85009765625,8169.85009765625,8265.4501953125,8138.89990234375,8260.7001953125,1118900
2025-02-11,8029.85009765625,8029.85009765625,8205.099609375,8003.64990234375,8205.0,1625300
2025-02-12,8019.64990234375,8019.64990234375,8045.4501953125,7864.2001953125,8016.2998046875,2164100
2025-02-13,8015.5498046875,8015.5498046875,8093.89990234375,7995.60009765625,8024.0,1710600
2025-02-14,7923.2001953125,7923.2001953125,8049.4501953125,7861.9501953125,8036.64990234375,1537000
2025-02-17,7937.39990234375,7937.39990234375,7949.89990234375,7806.85009765625,7881.25,1713200
2025-02-18,7953.2001953125,7953.2001953125,7962.9501953125,7860.7998046875,7951.89990234375,1407100
2025-02-19,7986.10009765625,7986.10009765625,8016.2998046875,7898.7001953125,7919.75,1346100
2025-02-20,8050.2998046875,8050.2998046875,8056.7001953125,7949.2001953125,7959.64990234375,1434000
2025-02-21,8008.4501953125,8008.4501953125,8087.75,7983.0498046875,8034.35009765625,1253900
2025-02-24,7896.89990234375,7896.89990234375,7961.7001953125,7890.60009765625,7937.2998046875,1066700
2025-02-25,7867.85009765625,7867.85009765625,7921.39990234375,7853.25,7879.89990234375,1375300
2025-02-27,7827.25,7827.25,7883.9501953125,7800.5498046875,7874.2998046875,1527800
2025-02-28,7665.5498046875,7665.5498046875,7802.2998046875,7649.2998046875,7793.7001953125,2940100
2025-03-03,7697.35009765625,7697.35009765625,7733.35009765625,7589.9501953125,7694.60009765625,1709600
2025-03-04,7697.35009765625,7697.35009765625,7718.64990234375,7604.7998046875,7629.89990234375,1452300
2025-03-05,7864.2001953125,7864.2001953125,7874.85009765625,7699.14990234375,7704.0,1520500
2025-03-06,7979.5498046875,7979.5498046875,7987.75,7864.4501953125,7935.35009765625,1871000
2025-03-07,8000.85009765625,8000.85009765625,8050.9501953125,7964.5498046875,7989.39990234375,1308100
2025-03-10,7929.5498046875,7929.5498046875,8060.0,7915.2001953125,8002.39990234375,1614900
2025-03-11,7989.60009765625,7989.60009765625,8000.35009765625,7862.10009765625,7898.7001953125,1542800
2025-03-12,7983.0,7983.0,8080.75,7911.9501953125,8042.9501953125,1577900
2025-03-13,7939.75,7939.75,8027.4501953125,7929.25,8016.2001953125,1274200
2025-03-17,7950.0498046875,7950.0498046875,7999.25,7923.5498046875,7923.75,1299700
2025-03-18,8045.64990234375,8045.64990234375,8058.60009765625,7978.10009765625,7992.5,1295600
2025-03-19,8163.9501953125,8163.9501953125,8173.0498046875,8058.64990234375,8067.7998046875,1635500
2025-03-20,8282.4501953125,8282.4501953125,8293.650390625,8172.60009765625,8225.2998046875,1577900
2025-03-21,8386.7001953125,8386.7001953125,8421.650390625,8281.900390625,8304.5498046875,3259600
2025-03-24,8507.5,8507.5,8526.400390625,8442.2998046875,8468.7998046875,1990100
2025-03-25,8472.849609375,8472.849609375,8559.099609375,8442.9501953125,8552.900390625,1734200
2025-03-26,8428.5498046875,8428.5498046875,8530.25,8413.25,8497.2001953125,1980300
2025-03-27,8481.900390625,8481.900390625,8504.849609375,8405.7998046875,8422.4501953125,3808800
2025-03-28,8457.7998046875,8457.7998046875,8539.75,8399.2998046875,8505.9501953125,1957600
2025-04-01,8389.5,8389.5,8527.2001953125,8371.5498046875,8415.150390625,1747500
2025-04-02,8434.5,8434.5,8440.4501953125,8347.349609375,8378.349609375,1431900
2025-04-03,8455.150390625,8455.150390625,8462.150390625,8359.849609375,8362.0498046875,1443800
2025-04-04,8231.650390625,8231.650390625,8451.0,8207.0498046875,8448.400390625,2638400
2025-04-07,7959.9501953125,7959.9501953125,7996.14990234375,7775.7998046875,7814.14990234375,2797800
2025-04-08,8109.2001953125,8109.2001953125,8165.0,8006.35009765625,8098.75,2112100
2025-04-09,8086.25,8086.25,8116.25,8048.7998046875,8093.0,1714800
2025-04-11,8250.150390625,8250.150390625,8274.75,8180.2001953125,8218.150390625,1827200
2025-04-15,8450.599609375,8450.599609375,8460.7998046875,8390.099609375,8444.9501953125,2225700
2025-04-16,8481.2998046875,8481.2998046875,8489.349609375,8426.900390625,8446.5498046875,1520100
2025-04-17,8632.7998046875,8632.7998046875,8647.0,8431.9501953125,8483.5,1620000
2025-04-21,8728.599609375,8728.599609375,8738.849609375,8596.2998046875,8653.900390625,1648500
2025-04-22,8686.0,8686.0,8750.349609375,8675.0,8747.5498046875,1610100
2025-04-23,8747.400390625,8747.400390625,8752.599609375,8628.400390625,8729.7001953125,1605400
2025-04-24,8724.650390625,8724.650390625,8734.7998046875,8698.900390625,8732.5,1306400
2025-04-25,8589.2998046875,8589.2998046875,8763.4501953125,8499.150390625,8729.7998046875,1839200
2025-04-28,8759.849609375,8759.849609375,8777.5,8628.0,8636.2001953125,1538500
2025-04-29,8763.849609375,8763.849609375,8843.2001953125,8756.25,8789.599609375,1773400
2025-04-30,8785.849609375,8785.849609375,8820.400390625,8707.150390625,8783.9501953125,2331200
2025-05-02,8794.5,8794.5,8892.75,8745.0498046875,8776.349609375,2059400
2025-05-05,8896.2001953125,8896.2001953125,8911.5498046875,8825.7998046875,8851.4501953125,2291400
2025-05-06,8820.0498046875,8820.0498046875,8925.0498046875,8799.0,8922.5,1599800
2025-05-07,8824.2001953125,8824.2001953125,8862.4501953125,8758.5,8759.7001953125,1870800
2025-05-08,8735.400390625,8735.400390625,8852.2998046875,8677.349609375,8820.2001953125,2008500
2025-05-09,8662.650390625,8662.650390625,8708.099609375,8605.349609375,8606.2001953125,1817800
2025-05-12,8979.7998046875,8979.7998046875,8991.0,8830.2998046875,8847.400390625,1663500
2025-05-13,8877.7998046875,8877.7998046875,9015.25,8868.5498046875,8970.400390625,1569800
2025-05-14,8928.349609375,8928.349609375,8984.150390625,8890.2001953125,8906.2001953125,1499300
2025-05-15,9068.849609375,9068.849609375,9077.599609375,8888.599609375,8957.099609375,2280900
2025-05-16,9053.650390625,9053.650390625,9073.5,9020.2998046875,9063.7998046875,2543900
2025-05-19,9040.2001953125,9040.2001953125,9086.349609375,9024.4501953125,9065.650390625,1306300
2025-05-20,8948.7998046875,8948.7998046875,9066.650390625,8940.150390625,9059.400390625,2006700
2025-05-21,8993.7001953125,8993.7001953125,9027.099609375,8926.2001953125,8956.9501953125,1308500
2025-05-22,8932.0,8932.0,8973.25,8877.400390625,8972.0,1481100
2025-05-23,9007.2001953125,9007.2001953125,9029.7001953125,8931.599609375,8939.650390625,1158200
2025-05-26,9045.099609375,9045.099609375,9085.599609375,9028.849609375,9039.400390625,1317100
2025-05-27,8988.25,8988.25,9044.849609375,8939.2001953125,9031.5,1893300
2025-05-28,8967.150390625,8967.150390625,9007.7998046875,8959.75,9001.0498046875,1292900
2025-05-29,8999.2001953125,8999.2001953125,9012.0,8955.9501953125,8984.599609375,1654500
2025-05-30,8970.349609375,8970.349609375,9040.2001953125,8957.4501953125,8994.099609375,2840500
2025-06-02,8981.150390625,8981.150390625,8995.2001953125,8903.25,8954.7998046875,1342400
2025-06-03,8910.25,8910.25,9020.4501953125,8901.900390625,9008.900390625,1386000
2025-06-04,8968.2001953125,8968.2001953125,8977.2001953125,8906.5,8937.2001953125,1380800
2025-06-05,9021.0498046875,9021.0498046875,9077.650390625,8972.7001953125,8994.75,1381700
2025-06-06,9081.150390625,9081.150390625,9088.599609375,9003.5,9017.900390625,1262700
2025-06-09,9149.150390625,9149.150390625,9151.5498046875,9099.099609375,9125.2998046875,1299200
2025-06-10,9140.0498046875,9140.0498046875,9194.099609375,9131.9501953125,9189.75,1253200
2025-06-11,9163.2001953125,9163.2001953125,9202.5498046875,9143.650390625,9160.5,1960100
2025-06-12,9035.849609375,9035.849609375,9192.150390625,9009.849609375,9182.900390625,2099500
2025-06-13,8971.9501953125,8971.9501953125,8983.7001953125,8861.0,8870.4501953125,1973500
2025-06-16,9068.900390625,9068.900390625,9077.5,8966.75,8976.599609375,1550200
2025-06-17,9025.9501953125,9025.9501953125,9095.7998046875,9013.599609375,9094.900390625,1264000
2025-06-18,8994.599609375,8994.599609375,9059.0,8974.0498046875,9018.5498046875,1247000
2025-06-19,8975.099609375,8975.099609375,9026.2998046875,8950.9501953125,9000.599609375,1290600
2025-06-20,9130.5498046875,9130.5498046875,9142.9501953125,8956.25,8964.599609375,2693100
2025-06-23,9083.7998046875,9083.7998046875,9113.349609375,9036.7998046875,9067.2001953125,1260300
2025-06-24,9120.650390625,9120.650390625,9219.099609375,9105.2001953125,9176.7001953125,2911200
2025-06-25,9205.5,9205.5,9214.2001953125,9171.099609375,9177.5,1429800
2025-06-26,9355.7998046875,9355.7998046875,9364.900390625,9218.4501953125,9220.0498046875,1928100
2025-06-27,9438.7001953125,9438.7001953125,9467.2998046875,9371.400390625,9373.400390625,2574000
2025-06-30,9409.349609375,9409.349609375,9472.599609375,9376.900390625,9442.2001953125,1182300
2025-07-01,9451.25,9451.25,9467.7998046875,9418.5,9426.650390625,1239000
2025-07-02,9429.0498046875,9429.0498046875,9472.099609375,9395.0498046875,9466.400390625,1234100
2025-07-03,9399.7001953125,9399.7001953125,9472.0498046875,9388.849609375,9447.349609375,1370100
2025-07-04,9433.9501953125,9433.9501953125,9438.0498046875,9377.7001953125,9426.7998046875,1198500
2025-07-07,9455.0498046875,9455.0498046875,9461.7001953125,9421.2001953125,9437.5,1271900
2025-07-08,9481.2998046875,9481.2998046875,9494.5498046875,9434.0,9443.7998046875,1223300
2025-07-09,9419.7001953125,9419.7001953125,9490.7998046875,9391.900390625,9481.25,1323700
2025-07-10,9360.25,9360.25,9443.5,9350.2998046875,9435.349609375,1234900
2025-07-11,9256.75,9256.75,9349.7998046875,9249.0,9339.349609375,1283300
2025-07-14,9251.2998046875,9251.2998046875,9277.7001953125,9224.7998046875,9258.900390625,1317100
2025-07-15,9287.599609375,9287.599609375,9311.5498046875,9253.7998046875,9274.7001953125,1097300
2025-07-16,9299.400390625,9299.400390625,9311.650390625,9259.2998046875,9286.0,1217600
2025-07-17,9265.9501953125,9265.9501953125,9321.0,9258.849609375,9320.25,1082300
2025-07-18,9216.900390625,9216.900390625,9280.2001953125,9191.849609375,9275.5498046875,1206400
2025-07-21,9197.2998046875,9197.2998046875,9219.75,9141.7001953125,9201.099609375,1141300
2025-07-22,9141.5498046875,9141.5498046875,9208.599609375,9126.7001953125,9208.599609375,1259200
2025-07-23,9209.7998046875,9209.7998046875,9216.5,9136.0,9177.150390625,1010400
2025-07-24,9160.2998046875,9160.2998046875,9223.0,9139.400390625,9203.0,1358000
2025-07-25,9066.5,9066.5,9148.0498046875,9053.75,9140.0498046875,1210100
2025-07-28,8995.650390625,8995.650390625,9099.0,8988.650390625,9053.7001953125,1158400
2025-07-29,9105.4501953125,9105.4501953125,9114.599609375,8971.2001953125,8971.2001953125,1071400
2025-07-30,9151.0,9151.0,9184.0,9119.400390625,9163.0,1348700
2025-07-31,9066.2001953125,9066.2001953125,9132.650390625,9034.900390625,9037.099609375,1653700
2025-08-01,8969.650390625,8969.650390625,9066.0,8956.849609375,9057.25,1255600
2025-08-04,9058.5,9058.5,9068.25,8956.2001953125,8989.25,1245600
2025-08-05,9042.900390625,9042.900390625,9068.4501953125,9004.650390625,9067.599609375,1373500
2025-08-06,9018.7998046875,9018.7998046875,9084.7998046875,9003.7001953125,9055.4501953125,1276600
2025-08-07,8996.0,8996.0,9013.099609375,8891.0,8985.349609375,1584000
2025-08-08,8879.099609375,8879.099609375,8992.7001953125,8869.400390625,8970.900390625,2303500
2025-08-11,8977.2998046875,8977.2998046875,8983.2001953125,8879.25,8894.75,1359300
2025-08-12,8972.2998046875,8972.2998046875,9039.7998046875,8964.7001953125,8977.349609375,1096600
2025-08-13,9025.900390625,9025.900390625,9044.75,9003.25,9006.599609375,1151900
2025-08-14,8991.4501953125,8991.4501953125,9043.7998046875,8968.599609375,9035.2001953125,1374200
2025-08-18,9051.25,9051.25,9098.099609375,9026.75,9079.599609375,2236100
2025-08-19,9133.0,9133.0,9141.25,9078.75,9078.75,1629600
2025-08-20,9159.75,9159.75,9182.5,9132.75,9148.25,1316000
2025-08-21,9173.4501953125,9173.4501953125,9215.900390625,9166.900390625,9186.75,1163500
2025-08-22,9106.25,9106.25,9177.599609375,9101.25,9172.599609375,1067300
2025-08-25,9110.400390625,9110.400390625,9143.849609375,9079.400390625,9139.75,927600
2025-08-26,8969.4501953125,8969.4501953125,9087.150390625,8957.0498046875,9080.7001953125,1824200
2025-08-28,8904.7001953125,8904.7001953125,8963.5,8883.400390625,8961.7998046875,1595400
2025-08-29,8873.099609375,8873.099609375,8954.75,8858.75,8895.7001953125,1713200
2025-09-01,8947.0,8947.0,8955.599609375,8874.849609375,8881.4501953125,1344100
2025-09-02,8963.4501953125,8963.4501953125,9029.900390625,8940.5,8957.599609375,1292100
2025-09-03,8985.4501953125,8985.4501953125,8992.75,8948.150390625,8984.0498046875,1805500
2025-09-04,8937.5498046875,8937.5498046875,9048.2001953125,8927.0498046875,9045.5498046875,1418900
2025-09-05,8955.349609375,8955.349609375,8992.900390625,8909.150390625,8958.25,1256200
2025-09-08,8971.2998046875,8971.2998046875,9012.650390625,8965.25,8982.0498046875,1660200
2025-09-09,8965.25,8965.25,8989.849609375,8949.599609375,8984.7001953125,1307200
2025-09-10,8992.9501953125,8992.9501953125,9037.0498046875,8975.9501953125,9018.0,1553100
2025-09-11,9042.7001953125,9042.7001953125,9051.2001953125,8983.650390625,8984.25,1885600
2025-09-12,9074.0,9074.0,9100.2001953125,9058.4501953125,9069.9501953125,1640800
2025-09-15,9097.599609375,9097.599609375,9110.9501953125,9078.7998046875,9080.400390625,1327700
2025-09-16,9190.650390625,9190.650390625,9198.4501953125,9111.599609375,9115.2001953125,1490700
2025-09-17,9224.25,9224.25,9232.400390625,9205.25,9210.2998046875,1496700
2025-09-18,9230.0,9230.0,9248.75,9199.849609375,9244.4501953125,1303000
2025-09-19,9237.5,9237.5,9260.849609375,9211.5498046875,9232.2001953125,2142200
2025-09-22,9208.9501953125,9208.9501953125,9260.349609375,9190.849609375,9232.599609375,1603100
2025-09-23,9192.099609375,9192.099609375,9227.150390625,9148.7998046875,9216.400390625,2033500
2025-09-24,9148.650390625,9148.650390625,9203.2001953125,9140.7001953125,9176.7998046875,1776800
2025-09-25,9078.5498046875,9078.5498046875,9175.349609375,9069.4501953125,9152.349609375,1475700
2025-09-26,9039.900390625,9039.900390625,9099.4501953125,9026.7001953125,9075.75,1529900
2025-09-29,9051.849609375,9051.849609375,9091.849609375,9032.849609375,9072.650390625,2598200
2025-09-30,9007.2001953125,9007.2001953125,9069.150390625,8999.650390625,9051.400390625,1642100
2025-10-01,9023.0498046875,9023.0498046875,9039.0498046875,8981.849609375,9008.349609375,1259300
2025-10-03,9072.849609375,9072.849609375,9078.849609375,9001.5498046875,9016.0498046875,1380100
2025-10-06,9115.849609375,9115.849609375,9119.849609375,9054.900390625,9066.4501953125,1272400
2025-10-07,9149.5,9149.5,9186.150390625,9117.099609375,9119.099609375,1524800
2025-10-08,9091.5498046875,9091.5498046875,9162.25,9082.849609375,9151.400390625,1233500
2025-10-09,9152.5498046875,9152.5498046875,9158.9501953125,9083.849609375,9109.5498046875,1786800
2025-10-10,9182.7998046875,9182.7998046875,9208.9501953125,9150.4501953125,9153.2001953125,1695900
2025-10-13,9174.5,9174.5,9182.2001953125,9131.7998046875,9159.25,1677000
2025-10-14,9134.5,9134.5,9212.2998046875,9107.0,9200.2998046875,1744800
2025-10-15,9227.099609375,9227.099609375,9250.5498046875,9155.849609375,9160.4501953125,1995000
2025-10-16,9305.349609375,9305.349609375,9319.099609375,9236.400390625,9237.650390625,1795900
2025-10-17,9338.5498046875,9338.5498046875,9388.150390625,9293.9501953125,9313.650390625,3282500
2025-10-20,9461.75,9461.75,9478.2001953125,9399.150390625,9405.7001953125,1554600
2025-10-21,9465.7998046875,9465.7998046875,9503.400390625,9450.5,9489.4501953125,381400
2025-10-23,9413.849609375,9413.849609375,9525.0498046875,9399.650390625,9508.9501953125,2650300
2025-10-24,9396.9501953125,9396.9501953125,9433.7001953125,9373.75,9423.349609375,1812100
2025-10-27,9531.2001953125,9531.2001953125,9537.7998046875,9425.25,9427.650390625,1868900
2025-10-28,9545.5,9545.5,9575.5,9501.2001953125,9545.5498046875,3101400
2025-10-29,9661.849609375,9661.849609375,9674.2998046875,9557.7998046875,9560.5,4053400
2025-10-30,9608.650390625,9608.650390625,9681.900390625,9588.5,9649.7998046875,2630400
2025-10-31,9566.150390625,9566.150390625,9620.7998046875,9559.2998046875,9606.599609375,2727900
2025-11-03,9592.7998046875,9592.7998046875,9608.900390625,9546.2998046875,9571.0,235900
2025-11-04,9551.4501953125,9551.4501953125,9628.7001953125,9542.0498046875,9619.400390625,5107000
2025-11-06,9488.7998046875,9488.7998046875,9586.0,9479.400390625,9570.349609375,3435100
2025-11-07,9393.599609375,9393.599609375,9444.349609375,9373.7001953125,9444.349609375,3095900
2025-11-10,9421.150390625,9421.150390625,9456.5498046875,9391.2998046875,9394.599609375,1777500
2025-11-11,9494.5,9494.5,9502.099609375,9397.349609375,9447.400390625,2169400
2025-11-12,9559.650390625,9559.650390625,9586.25,9535.2998046875,9547.5,2443700
2025-11-13,9600.2998046875,9600.2998046875,9640.7998046875,9552.349609375,9590.0498046875,2501500
2025-11-14,9619.0,9619.0,9633.400390625,9565.2001953125,9589.75,2294500
2025-11-17,9651.099609375,9651.099609375,9660.099609375,9617.5,9638.7001953125,1578600
2025-11-18,9620.0,9620.0,9672.9501953125,9593.25,9672.9501953125,1714100
2025-11-19,9637.400390625,9637.400390625,9647.349609375,9582.2001953125,9625.7001953125,1758400
2025-11-20,9692.2998046875,9692.2998046875,9723.0,9655.5498046875,9669.4501953125,1699200
2025-11-21,9661.4501953125,9661.4501953125,9706.349609375,9649.0,9669.0,1637400
2025-11-24,9589.2998046875,9589.2998046875,9677.150390625,9573.5,9676.349609375,3794500
2025-11-25,9589.5498046875,9589.5498046875,9637.75,9564.75,9596.650390625,1791300
2025-11-26,9698.25,9698.25,9703.0,9560.900390625,9561.25,2082100
2025-11-27,9682.0,9682.0,9729.849609375,9653.400390625,9723.0,2382600
2025-11-28,9653.900390625,9653.900390625,9696.349609375,9648.9501953125,9685.5,2387600
2025-12-01,9630.75,9630.75,9696.9501953125,9612.7998046875,9695.2998046875,1677000
2025-12-02,9587.9501953125,9587.9501953125,9660.150390625,9570.25,9620.4501953125,2144600
2025-12-03,9509.5,9509.5,9596.5498046875,9486.849609375,9584.0498046875,2065900
2025-12-04,9501.2001953125,9501.2001953125,9547.75,9475.599609375,9508.25,1945800
2025-12-05,9540.650390625,9540.650390625,9551.2001953125,9454.5498046875,9488.5498046875,1679900
2025-12-08,9427.150390625,9427.150390625,9540.2998046875,9400.099609375,9529.75,2354800
2025-12-09,9430.849609375,9430.849609375,9453.9501953125,9336.650390625,9409.349609375,2141900
2025-12-10,9405.650390625,9405.650390625,9491.75,9393.150390625,9435.099609375,1704500
2025-12-11,9440.25,9440.25,9448.7001953125,9360.849609375,9398.25,1809600
2025-12-12,9551.5498046875,9551.5498046875,9558.599609375,9476.5,9478.400390625,1695600
2025-12-15,9549.349609375,9549.349609375,9555.7998046875,9497.9501953125,9531.150390625,1745900
2025-12-16,9508.900390625,9508.900390625,9550.599609375,9493.7998046875,9528.849609375,1602300
2025-12-17,9495.5498046875,9495.5498046875,9539.5,9472.0,9533.099609375,1365100
2025-12-18,9463.2001953125,9463.2001953125,9501.2001953125,9430.75,9476.099609375,1464200
2025-12-19,9557.2001953125,9557.2001953125,9561.099609375,9491.400390625,9500.849609375,2065500
2025-12-22,9630.900390625,9630.900390625,9638.0,9573.0,9585.5,1506800
2025-12-23,9615.7001953125,9615.7001953125,9660.849609375,9607.0498046875,9660.849609375,1275600
2025-12-24,9587.4501953125,9587.4501953125,9642.0498046875,9579.099609375,9617.650390625,1333000
2025-12-26,9564.4501953125,9564.4501953125,9600.349609375,9547.4501953125,9581.7001953125,1086800
2025-12-29,9518.5498046875,9518.5498046875,9572.0,9511.650390625,9561.5498046875,1384100
2025-12-30,9505.650390625,9505.650390625,9540.650390625,9489.099609375,9515.0498046875,2815600
2025-12-31,9616.349609375,9616.349609375,9638.0,9512.5,9513.099609375,1797300
2026-01-02,9765.75,9765.75,9771.7998046875,9686.2001953125,9688.650390625,2331900
2026-01-05,9726.650390625,9726.650390625,9792.599609375,9702.400390625,9771.0,1974600
2026-01-06,9611.599609375,9611.599609375,9719.099609375,9587.150390625,9711.5498046875,1867800
2026-01-07,9563.2001953125,9563.2001953125,9616.5498046875,9537.150390625,9594.0498046875,1744000
2026-01-08,9383.349609375,9383.349609375,9560.349609375,9368.25,9551.7998046875,2217500
2026-01-09,9303.2998046875,9303.2998046875,9432.5498046875,9278.7998046875,9384.099609375,2750900
2026-01-12,9332.7998046875,9332.7998046875,9344.7001953125,9177.849609375,9292.25,1976700
2026-01-13,9226.5498046875,9226.5498046875,9348.5498046875,9162.349609375,9346.4501953125,2162400
2026-01-14,9258.349609375,9258.349609375,9298.5498046875,9180.25,9202.400390625,2352000
2026-01-16,9252.400390625,9252.400390625,9319.25,9233.25,9244.599609375,2970400
2026-01-19,9168.75,9168.75,9232.900390625,9141.0,9230.349609375,2078800
2026-01-20,9003.25,9003.25,9167.150390625,8974.150390625,9163.75,2043100
2026-01-21,9015.5,9015.5,9072.349609375,8887.75,8971.5498046875,2602800
2026-01-22,9079.650390625,9079.650390625,9124.7001953125,9030.099609375,9076.5498046875,2125100
2026-01-23,8926.0498046875,8926.0498046875,9097.150390625,8914.7001953125,9097.150390625,2471600
2026-01-27,8983.7998046875,8983.7998046875,9013.599609375,8908.099609375,8948.75,2984300
2026-01-28,9083.75,9083.75,9093.849609375,9011.5498046875,9022.4501953125,3159500
2026-01-29,9160.650390625,9160.650390625,9177.4501953125,9061.25,9130.0,3100500
2026-01-30,9153.2001953125,9153.2001953125,9162.099609375,9091.900390625,9101.7998046875,2806700
2026-02-02,9125.25,9125.25,9133.150390625,8915.099609375,8920.650390625,2559200
2026-02-03,9402.099609375,9402.099609375,9552.5,9355.099609375,9533.2001953125,4016300
2026-02-04,9549.4501953125,9549.4501953125,9564.4501953125,9387.5498046875,9428.599609375,2744000
2026-02-05,9502.400390625,9502.400390625,9540.2998046875,9467.349609375,9537.099609375,3047100
2026-02-06,9541.0,9541.0,9548.400390625,9453.150390625,9486.150390625,2375800
2026-02-09,9614.2998046875,9614.2998046875,9628.849609375,9559.5,9583.349609375,1941700
2026-02-10,9636.9501953125,9636.9501953125,9657.349609375,9607.599609375,9652.599609375,2511900
2026-02-11,9682.099609375,9682.099609375,9690.5498046875,9620.7001953125,9665.0,2964800
2026-02-12,9663.2998046875,9663.2998046875,9696.349609375,9631.2998046875,9696.349609375,2570600
2026-02-13,9542.5,9542.5,9646.400390625,9528.0,9631.4501953125,2139100
2026-02-16,9654.0498046875,9654.0498046875,9660.2998046875,9501.150390625,9537.25,1606800
2026-02-17,9665.900390625,9665.900390625,9675.849609375,9612.5,9647.5,1638100
2026-02-18,9733.4501953125,9733.4501953125,9738.5,9658.599609375,9674.5,1286000
2026-02-19,9559.0498046875,9559.0498046875,9743.7998046875,9526.7001953125,9737.2998046875,2007400
2026-02-20,9632.25,9632.25,9659.75,9539.2998046875,9539.650390625,2257800
2026-02-23,9714.2998046875,9714.2998046875,9722.0,9649.099609375,9683.5,1810400
2026-02-24,9644.5498046875,9644.5498046875,9693.150390625,9570.5498046875,9693.150390625,2343200
2026-02-25,9615.4501953125,9615.4501953125,9720.75,9585.599609375,9680.7998046875,2342400
2026-02-26,9646.25,9646.25,9658.7998046875,9587.0498046875,9626.099609375,2028600
2026-02-27,9532.650390625,9532.650390625,9620.150390625,9517.849609375,9616.150390625,2980600
2026-03-02,9320.099609375,9320.099609375,9403.0,9209.150390625,9242.099609375,4136700
2026-03-04,9117.7998046875,9117.7998046875,9164.7001953125,8997.5498046875,9153.7001953125,4015400
2026-03-05,9319.7001953125,9319.7001953125,9352.900390625,9167.2001953125,9170.900390625,3672500
2026-03-06,9237.0498046875,9237.0498046875,9322.349609375,9222.0498046875,9300.4501953125,2837800
2026-03-09,9095.7998046875,9095.7998046875,9119.7998046875,8942.7998046875,9027.2001953125,3992300
2026-03-10,9139.900390625,9139.900390625,9226.0498046875,9100.099609375,9219.9501953125,3007100
2026-03-11,9039.25,9039.25,9197.75,9022.150390625,9155.150390625,2928900
2026-03-12,8995.400390625,8995.400390625,9075.599609375,8912.400390625,8992.25,4007200
2026-03-13,8768.400390625,8768.400390625,8961.099609375,8753.099609375,8951.900390625,3276100
2026-03-16,8775.650390625,8775.650390625,8812.400390625,8653.599609375,8758.2998046875,3595000
2026-03-17,8864.2001953125,8864.2001953125,8891.349609375,8764.75,8809.2001953125,2822100
2026-03-18,8966.75,8966.75,9003.75,8887.25,8887.7001953125,2201900
2026-03-19,8716.5498046875,8716.5498046875,8867.4501953125,8684.849609375,8834.4501953125,2747100
2026-03-20,8800.150390625,8800.150390625,8904.2001953125,8782.7001953125,8782.849609375,3918700
2026-03-23,8573.900390625,8573.900390625,8731.150390625,8526.599609375,8720.7998046875,3259300
2026-03-24,8734.2001953125,8734.2001953125,8782.2998046875,8593.5,8731.900390625,3318800
2026-03-25,8887.5498046875,8887.5498046875,8929.650390625,8807.0498046875,8808.349609375,3030500
2026-03-27,8720.400390625,8720.400390625,8865.0498046875,8707.650390625,8863.849609375,4340800
2026-03-30,8560.9501953125,8560.9501953125,8703.5498046875,8543.900390625,8612.849609375,4740100
2026-04-01,8669.099609375,8669.099609375,8792.400390625,8637.4501953125,8791.900390625,3864100
2026-04-02,8630.099609375,8630.099609375,8656.0,8426.650390625,8565.650390625,3255100
2026-04-06,8668.7001953125,8668.7001953125,8677.75,8499.400390625,8667.7998046875,3118000
2026-04-07,8707.5,8707.5,8720.9501953125,8563.650390625,8609.2001953125,2581800
2026-04-08,9067.2998046875,9067.2998046875,9081.2998046875,8970.25,9005.900390625,5551300
2026-04-09,8999.099609375,8999.099609375,9077.5,8972.9501953125,9055.150390625,3367000
2026-04-10,9116.75,9116.75,9124.0498046875,9040.9501953125,9049.25,2954700
2026-04-13,9044.0498046875,9044.0498046875,9076.2001953125,8894.9501953125,8908.75,4074200
2026-04-15,9226.150390625,9226.150390625,9240.150390625,9178.4501953125,9180.650390625,4664600
2026-04-16,9233.599609375,9233.599609375,9297.7001953125,9169.400390625,9297.7001953125,3931500
2026-04-17,9311.5,9311.5,9320.0498046875,9217.5,9244.650390625,5381500
2026-04-20,9319.75,9319.75,9361.25,9263.0,9330.4501953125,3345500
2026-04-21,9352.099609375,9352.099609375,9405.7998046875,9298.2001953125,9298.349609375,3138000
2026-04-22,9360.150390625,9360.150390625,9386.900390625,9316.9501953125,9335.150390625,3322400
2026-04-23,9318.25,9318.25,9353.400390625,9273.0,9308.599609375,3128800
2026-04-24,9242.0,9242.0,9360.9501953125,9204.25,9335.5498046875,2570500
2026-04-27,9376.9501953125,9376.9501953125,9393.4501953125,9260.2001953125,9264.7998046875,3855400
2026-04-28,9418.599609375,9418.599609375,9439.5,9358.4501953125,9393.25,3773800
2026-04-29,9494.349609375,9494.349609375,9558.5498046875,9449.75,9456.849609375,3313400
2026-04-30,9419.349609375,9419.349609375,9448.099609375,9312.2998046875,9410.150390625,3067000
2026-05-04,9470.9501953125,9470.9501953125,9521.2001953125,9436.099609375,9444.849609375,2927000
2026-05-05,9443.0,9443.0,9484.75,9379.400390625,9452.25,2473100
2026-05-06,9482.2001953125,9482.2001953125,9507.900390625,9381.0,9468.2998046875,2976900
2026-05-07,9512.9501953125,9512.9501953125,9554.5498046875,9457.9501953125,9513.150390625,3406400
2026-05-08,9497.7998046875,9497.7998046875,9525.900390625,9451.5,9487.9501953125,2071200
2026-05-11,9315.650390625,9315.650390625,9432.400390625,9308.400390625,9424.7001953125,2306100
2026-05-12,9153.4501953125,9153.4501953125,9324.849609375,9141.7998046875,9302.150390625,3355500
2026-05-13,9238.099609375,9238.099609375,9279.849609375,9100.2998046875,9119.7001953125,3285500
2026-05-14,9368.650390625,9368.650390625,9390.25,9270.0498046875,9311.0498046875,3008400
2026-05-15,9327.849609375,9327.849609375,9396.0,9310.349609375,9385.7998046875,3054200
2026-05-18,9306.9501953125,9306.9501953125,9320.75,9189.25,9272.0498046875,2652000
2026-05-19,9276.650390625,9276.650390625,9349.650390625,9258.400390625,9316.849609375,2562300
2026-05-20,9355.4501953125,9355.4501953125,9365.900390625,9197.099609375,9228.7001953125,2576800
2026-05-21,9381.2998046875,9381.2998046875,9440.9501953125,9371.4501953125,9431.650390625,3011300
2026-05-22,9359.5,9359.5,9401.400390625,9353.099609375,9383.2998046875,2420200
2026-05-25,9460.2001953125,9460.2001953125,9471.849609375,9425.2998046875,9460.7998046875,3421400
2026-05-26,9418.2998046875,9418.2998046875,9466.5498046875,9403.9501953125,9450.0,3417800
2026-05-27,9499.0,9499.0,9509.9501953125,9409.599609375,9411.0498046875,4517900
2026-05-29,9353.0498046875,9353.0498046875,9557.0,9327.349609375,9545.849609375,8583900
2026-06-01,9237.150390625,9237.150390625,9422.5,9226.900390625,9398.75,3666700
2026-06-02,9226.650390625,9226.650390625,9246.75,9097.650390625,9140.7001953125,3388600
2026-06-03,9219.150390625,9219.150390625,9258.2998046875,9129.849609375,9238.849609375,2941500
2026-06-04,9209.150390625,9209.150390625,9244.349609375,9172.0,9177.349609375,3105400
2026-06-05,9182.25,9182.25,9244.9501953125,9143.7998046875,9235.5498046875,2257100
2026-06-08,9087.5498046875,9087.5498046875,9163.0498046875,9051.099609375,9073.0498046875,2438100
2026-06-09,9122.349609375,9122.349609375,9158.2998046875,9079.599609375,9158.150390625,2479700
2026-06-10,9061.2001953125,9061.2001953125,9164.4501953125,9048.0498046875,9131.400390625,2198100
2026-06-11,9024.900390625,9024.900390625,9077.2998046875,9010.099609375,9035.25,2137800
2026-06-12,9236.7998046875,9236.7998046875,9246.5498046875,9084.2998046875,9122.0498046875,2987900
2026-06-15,9370.7001953125,9370.7001953125,9404.900390625,9354.25,9388.25,3342800
2026-06-16,9426.7001953125,9426.7001953125,9438.349609375,9387.0498046875,9410.400390625,4694600
2026-06-17,9469.9501953125,9469.9501953125,9475.349609375,9399.400390625,9450.349609375,3336900
2026-06-18,9499.7001953125,9499.7001953125,9511.7998046875,9426.25,9482.9501953125,2384700
2026-06-19,9511.849609375,9511.849609375,9534.2998046875,9461.7998046875,9491.0,3387700
2026-06-22,9551.099609375,9551.099609375,9561.25,9508.0498046875,9538.099609375,2137500
2026-06-23,9460.400390625,9460.400390625,9573.150390625,9442.5,9555.0498046875,2295300
2026-06-24,9463.099609375,9463.099609375,9497.7001953125,9410.900390625,9446.9501953125,2238800
2026-06-25,9460.5,9460.5,9537.0498046875,9442.349609375,9498.650390625,4015700
2026-06-29,9385.0498046875,9385.0498046875,9459.150390625,9367.9501953125,9452.0,4452000
2026-06-30,9392.2001953125,9392.2001953125,9436.599609375,9376.7001953125,9411.349609375,3176600
2026-07-01,9442.0498046875,9442.0498046875,9460.0,9394.0,9406.2001953125,2303700
2026-07-02,9455.7998046875,9455.7998046875,9467.75,9411.849609375,9456.2001953125,2241400
2026-07-03,9473.5,9473.5,9501.349609375,9458.7998046875,9501.2001953125,2237500
2026-07-06,9520.150390625,9520.150390625,9550.099609375,9473.9501953125,9481.849609375,2154700
2026-07-07,9454.0,9454.0,9539.0,9434.599609375,9525.400390625,2446800
2026-07-08,9249.9501953125,9249.9501953125,9406.2998046875,9218.0498046875,9381.349609375,3053800
2026-07-09,9325.7001953125,9325.7001953125,9398.349609375,9277.0,9277.0498046875,2160800
2026-07-10,9429.4501953125,9429.4501953125,9440.25,9362.2001953125,9374.349609375,1667400
2026-07-13,9381.150390625,9381.150390625,9401.2998046875,9345.0498046875,9366.5498046875,1807300
2026-07-14,9350.75,9350.75,9378.349609375,9310.650390625,9319.0498046875,2030200
2026-07-15,9337.7998046875,9337.7998046875,9414.2001953125,9332.2998046875,9378.75,2029300
2026-07-16,9331.2998046875,9331.2998046875,9394.7998046875,9320.650390625,9358.099609375,2128600
2026-07-17,9377.349609375,9377.349609375,9382.7001953125,9307.150390625,9338.900390625,2541500
2026-07-23,9260.349609375,9260.349609375,9356.2998046875,9255.650390625,9330.849609375,0
