Date,Adj Close,Close,High,Low,Open,Volume
2021-07-23,401.04998779296875,401.04998779296875,403.0,391.45001220703125,397.3500061035156,438500
2021-07-26,397.20001220703125,397.20001220703125,406.8999938964844,396.20001220703125,401.1499938964844,349000
2021-07-27,394.29998779296875,394.29998779296875,404.45001220703125,391.95001220703125,400.04998779296875,476200
2021-07-28,391.20001220703125,391.20001220703125,397.45001220703125,385.75,396.1499938964844,303500
2021-07-29,397.5,397.5,400.1499938964844,392.45001220703125,393.3999938964844,296000
2021-07-30,398.6499938964844,398.6499938964844,403.04998779296875,394.95001220703125,396.6000061035156,224500
2021-08-02,417.75,417.75,420.75,400.1000061035156,400.6499938964844,585700
2021-08-03,418.8500061035156,418.8500061035156,423.1499938964844,415.70001220703125,419.3500061035156,362300
2021-08-04,411.8500061035156,411.8500061035156,419.6000061035156,409.75,419.04998779296875,239600
2021-08-05,407.3500061035156,407.3500061035156,413.1000061035156,402.8999938964844,412.1000061035156,230000
2021-08-06,403.45001220703125,403.45001220703125,410.20001220703125,402.75,407.0,151000
2021-08-09,400.5,400.5,407.79998779296875,398.5,405.45001220703125,168915700
2021-08-10,392.3999938964844,392.3999938964844,402.04998779296875,386.3999938964844,400.8500061035156,207600
2021-08-11,393.45001220703125,393.45001220703125,394.1499938964844,376.45001220703125,392.3999938964844,399500
2021-08-12,398.20001220703125,398.20001220703125,399.1000061035156,393.04998779296875,393.8999938964844,226000
2021-08-13,394.54998779296875,394.54998779296875,400.1000061035156,392.75,398.3500061035156,157200
2021-08-16,393.0,393.0,396.8500061035156,391.79998779296875,394.54998779296875,227500
2021-08-17,390.25,390.25,394.95001220703125,385.8500061035156,393.0,263700
2021-08-18,387.25,387.25,392.25,386.1000061035156,390.79998779296875,163300
2021-08-20,373.3999938964844,373.3999938964844,385.70001220703125,371.6499938964844,382.70001220703125,196800
2021-08-23,369.70001220703125,369.70001220703125,379.1000061035156,365.54998779296875,375.70001220703125,177300
2021-08-24,376.45001220703125,376.45001220703125,377.3500061035156,369.8500061035156,371.70001220703125,180700
2021-08-25,373.5,373.5,379.75,370.70001220703125,377.8500061035156,186600
2021-08-26,374.5,374.5,375.8500061035156,371.79998779296875,374.70001220703125,149300
2021-08-27,377.25,377.25,379.54998779296875,373.95001220703125,374.1499938964844,175600
2021-08-30,384.54998779296875,384.54998779296875,385.8500061035156,377.3999938964844,377.3999938964844,170800
2021-08-31,386.79998779296875,386.79998779296875,388.25,382.8999938964844,384.8999938964844,207000
2021-09-01,408.3500061035156,408.3500061035156,411.3500061035156,388.25,389.3500061035156,560800
2021-09-02,413.45001220703125,413.45001220703125,414.3500061035156,405.20001220703125,409.45001220703125,334300
2021-09-03,417.8500061035156,417.8500061035156,423.3999938964844,413.8500061035156,415.6000061035156,373300
2021-09-06,431.04998779296875,431.04998779296875,432.8500061035156,419.1499938964844,420.25,394300
2021-09-07,421.0,421.0,433.6000061035156,417.70001220703125,433.3999938964844,243800
2021-09-08,420.70001220703125,420.70001220703125,424.25,416.95001220703125,421.70001220703125,253400
2021-09-09,417.6000061035156,417.6000061035156,419.8999938964844,415.8999938964844,417.75,164700
2021-09-13,420.29998779296875,420.29998779296875,420.95001220703125,415.04998779296875,417.1000061035156,209100
2021-09-14,422.04998779296875,422.04998779296875,425.6000061035156,419.8500061035156,421.8999938964844,285800
2021-09-15,422.70001220703125,422.70001220703125,425.79998779296875,421.54998779296875,423.1499938964844,179700
2021-09-16,423.5,423.5,425.54998779296875,421.54998779296875,424.54998779296875,195200
2021-09-17,413.54998779296875,413.54998779296875,429.3999938964844,411.75,425.04998779296875,271500
2021-09-20,404.70001220703125,404.70001220703125,416.79998779296875,403.3500061035156,408.3999938964844,217600
2021-09-21,419.1499938964844,419.1499938964844,421.6000061035156,405.04998779296875,406.0,383700
2021-09-22,454.54998779296875,454.54998779296875,456.1499938964844,421.95001220703125,423.45001220703125,905200
2021-09-23,493.8999938964844,493.8999938964844,507.6499938964844,457.5,458.1000061035156,1504900
2021-09-24,501.29998779296875,501.29998779296875,510.04998779296875,492.25,496.54998779296875,958300
2021-09-27,516.2999877929688,516.2999877929688,520.0499877929688,503.04998779296875,504.25,621800
2021-09-28,500.70001220703125,500.70001220703125,517.75,490.1000061035156,517.25,463300
2021-09-29,506.3500061035156,506.3500061035156,515.5,493.25,496.20001220703125,416500
2021-09-30,513.7999877929688,513.7999877929688,516.5499877929688,508.25,509.1499938964844,324200
2021-10-01,506.04998779296875,506.04998779296875,516.5,503.6499938964844,513.25,333600
2021-10-04,517.0499877929688,517.0499877929688,525.0499877929688,507.29998779296875,508.0,393400
2021-10-05,510.0,510.0,517.7999877929688,507.1499938964844,516.5,222400
2021-10-06,501.75,501.75,515.0,500.3500061035156,512.25,239300
2021-10-07,532.6500244140625,532.6500244140625,536.0499877929688,509.25,509.25,490100
2021-10-08,520.9000244140625,520.9000244140625,538.9000244140625,515.6500244140625,538.3499755859375,259900
2021-10-11,529.9000244140625,529.9000244140625,541.5499877929688,520.9000244140625,523.8499755859375,339200
2021-10-12,533.75,533.75,538.7000122070312,522.3499755859375,530.3499755859375,273700
2021-10-13,532.4500122070312,532.4500122070312,539.25,529.2999877929688,535.9000244140625,226800
2021-10-14,539.25,539.25,550.7000122070312,533.9500122070312,535.9500122070312,518100
2021-10-18,541.7999877929688,541.7999877929688,550.75,538.25,543.0999755859375,432700
2021-10-19,516.0999755859375,516.0999755859375,545.7999877929688,511.1000061035156,543.8499755859375,276400
2021-10-20,504.95001220703125,504.95001220703125,518.6500244140625,498.95001220703125,517.0499877929688,277400
2021-10-21,497.8500061035156,497.8500061035156,514.0999755859375,493.3999938964844,507.54998779296875,301600
2021-10-22,510.6000061035156,510.6000061035156,515.5999755859375,502.5,502.70001220703125,295100
2021-10-25,496.45001220703125,496.45001220703125,513.5499877929688,484.8999938964844,513.0999755859375,221300
2021-10-26,514.4000244140625,514.4000244140625,515.9500122070312,496.1499938964844,497.1499938964844,197000
2021-10-27,515.9500122070312,515.9500122070312,521.0499877929688,510.3500061035156,516.0999755859375,192400
2021-10-28,496.5,496.5,517.0999755859375,493.95001220703125,516.9500122070312,195000
2021-10-29,498.70001220703125,498.70001220703125,504.54998779296875,483.79998779296875,498.0,267700
2021-11-01,518.7999877929688,518.7999877929688,526.5999755859375,502.8500061035156,503.3500061035156,374400
2021-11-02,536.3499755859375,536.3499755859375,539.2000122070312,519.75,522.0,704500
2021-11-03,546.75,546.75,553.6500244140625,533.7999877929688,537.7000122070312,471500
2021-11-04,548.0499877929688,548.0499877929688,552.4000244140625,545.9500122070312,549.9000244140625,127900
2021-11-08,555.5999755859375,555.5999755859375,556.8499755859375,543.0,552.9500122070312,346400
2021-11-09,556.1500244140625,556.1500244140625,560.9000244140625,553.5999755859375,557.5499877929688,377300
2021-11-10,548.5999755859375,548.5999755859375,553.5999755859375,545.9500122070312,553.5999755859375,205900
2021-11-11,535.7999877929688,535.7999877929688,551.8499755859375,532.5999755859375,549.2999877929688,247500
2021-11-12,544.6500244140625,544.6500244140625,546.5499877929688,533.9000244140625,539.1500244140625,285700
2021-11-15,545.8499755859375,545.8499755859375,549.2999877929688,540.5,548.2000122070312,161700
2021-11-16,545.0999755859375,545.0999755859375,553.7999877929688,542.7999877929688,548.1500244140625,204000
2021-11-17,536.1500244140625,536.1500244140625,546.1500244140625,534.0999755859375,542.7999877929688,188100
2021-11-18,526.9000244140625,526.9000244140625,542.0,523.1500244140625,535.5999755859375,237100
2021-11-22,505.1000061035156,505.1000061035156,527.8499755859375,496.6499938964844,526.3499755859375,304500
2021-11-23,516.0,516.0,517.25,500.04998779296875,503.04998779296875,289500
2021-11-24,515.6500244140625,515.6500244140625,524.4000244140625,512.8499755859375,519.3499755859375,232900
2021-11-25,525.7000122070312,525.7000122070312,526.5499877929688,515.2000122070312,517.4500122070312,204700
2021-11-26,492.79998779296875,492.79998779296875,519.4500122070312,489.54998779296875,519.2000122070312,362500
2021-11-29,484.6000061035156,484.6000061035156,491.6499938964844,470.6499938964844,488.3500061035156,305900
2021-11-30,487.6000061035156,487.6000061035156,506.70001220703125,483.75,489.8999938964844,480100
2021-12-01,494.6499938964844,494.6499938964844,497.45001220703125,485.20001220703125,489.75,297600
2021-12-02,497.3500061035156,497.3500061035156,498.54998779296875,488.29998779296875,496.1000061035156,185700
2021-12-03,496.29998779296875,496.29998779296875,505.25,493.1499938964844,498.5,229200
2021-12-06,489.5,489.5,506.1499938964844,488.5,498.04998779296875,222600
2021-12-07,500.45001220703125,500.45001220703125,501.5,493.1000061035156,495.1000061035156,206400
2021-12-08,509.04998779296875,509.04998779296875,509.8500061035156,504.04998779296875,504.8999938964844,152100
2021-12-09,507.6499938964844,507.6499938964844,511.95001220703125,503.70001220703125,510.75,140100
2021-12-10,519.4000244140625,519.4000244140625,520.6500244140625,505.1000061035156,507.79998779296875,404600
2021-12-13,512.4000244140625,512.4000244140625,525.4000244140625,511.0,522.2999877929688,296100
2021-12-14,509.20001220703125,509.20001220703125,511.25,498.70001220703125,511.25,192500
2021-12-15,499.6000061035156,499.6000061035156,510.45001220703125,498.04998779296875,508.79998779296875,172000
2021-12-16,495.3999938964844,495.3999938964844,506.70001220703125,493.25,503.1499938964844,177800
2021-12-17,475.95001220703125,475.95001220703125,497.6499938964844,474.3500061035156,496.3500061035156,297200
2021-12-20,452.6499938964844,452.6499938964844,467.3999938964844,442.0,465.5,308500
2021-12-21,459.95001220703125,459.95001220703125,466.1000061035156,456.3500061035156,458.8500061035156,234700
2021-12-22,473.5,473.5,474.75,462.1000061035156,463.0,188600
2021-12-23,484.45001220703125,484.45001220703125,486.0,476.79998779296875,477.20001220703125,168500
2021-12-24,477.29998779296875,477.29998779296875,486.3999938964844,473.79998779296875,485.29998779296875,172500
2021-12-27,479.6000061035156,479.6000061035156,480.54998779296875,466.5,475.8500061035156,168600
2021-12-28,483.3999938964844,483.3999938964844,486.5,480.54998779296875,481.79998779296875,150600
2021-12-29,483.04998779296875,483.04998779296875,486.70001220703125,480.1000061035156,483.1499938964844,154000
2021-12-30,478.3500061035156,478.3500061035156,482.8999938964844,476.70001220703125,482.5,122200
2021-12-31,484.1499938964844,484.1499938964844,486.8999938964844,480.5,480.95001220703125,125600
2022-01-03,489.6499938964844,489.6499938964844,495.25,486.1000061035156,486.1000061035156,174400
2022-01-04,487.04998779296875,487.04998779296875,493.5,484.25,492.3500061035156,142300
2022-01-05,492.8999938964844,492.8999938964844,494.54998779296875,483.8500061035156,487.8500061035156,184300
2022-01-06,485.6499938964844,485.6499938964844,490.95001220703125,480.95001220703125,490.95001220703125,175500
2022-01-07,485.79998779296875,485.79998779296875,492.0,482.0,488.75,275900
2022-01-10,495.1499938964844,495.1499938964844,497.79998779296875,490.5,491.3999938964844,291300
2022-01-11,497.95001220703125,497.95001220703125,503.6499938964844,494.0,496.1000061035156,304100
2022-01-12,507.45001220703125,507.45001220703125,515.0,503.1499938964844,504.79998779296875,367100
2022-01-13,503.79998779296875,503.79998779296875,508.8500061035156,500.45001220703125,508.79998779296875,161800
2022-01-14,509.6000061035156,509.6000061035156,511.04998779296875,498.54998779296875,501.3500061035156,246400
2022-01-17,516.0999755859375,516.0999755859375,517.75,505.70001220703125,510.95001220703125,214700
2022-01-18,502.6499938964844,502.6499938964844,527.2000122070312,498.75,520.8499755859375,338300
2022-01-19,501.8999938964844,501.8999938964844,503.1499938964844,492.6499938964844,501.6000061035156,240500
2022-01-20,503.04998779296875,503.04998779296875,506.5,499.6499938964844,503.20001220703125,195900
2022-01-21,491.20001220703125,491.20001220703125,500.3500061035156,485.1499938964844,498.20001220703125,233100
2022-01-24,462.20001220703125,462.20001220703125,491.3999938964844,453.1499938964844,491.1000061035156,295100
2022-01-25,470.6000061035156,470.6000061035156,472.79998779296875,446.95001220703125,457.1000061035156,258900
2022-01-27,462.1000061035156,462.1000061035156,465.1499938964844,451.5,462.25,298800
2022-01-28,465.6499938964844,465.6499938964844,478.1000061035156,464.1499938964844,467.0,171100
2022-01-31,480.25,480.25,481.6499938964844,470.1000061035156,470.1499938964844,141700
2022-02-01,488.6499938964844,488.6499938964844,491.1499938964844,475.8500061035156,486.1499938964844,276300
2022-02-02,495.5,495.5,496.45001220703125,490.79998779296875,491.3999938964844,170600
2022-02-03,486.8999938964844,486.8999938964844,499.3999938964844,484.79998779296875,495.79998779296875,226500
2022-02-04,473.45001220703125,473.45001220703125,484.25,471.6499938964844,479.3999938964844,245400
2022-02-07,468.20001220703125,468.20001220703125,477.79998779296875,465.75,474.8500061035156,189600
2022-02-08,464.25,464.25,473.6499938964844,458.1000061035156,472.1000061035156,184800
2022-02-09,467.0,467.0,470.75,464.04998779296875,467.3500061035156,148600
2022-02-10,471.20001220703125,471.20001220703125,474.25,465.1499938964844,470.20001220703125,145900
2022-02-11,461.8500061035156,461.8500061035156,469.04998779296875,460.54998779296875,466.75,119900
2022-02-14,437.3999938964844,437.3999938964844,452.75,434.8500061035156,452.0,241100
2022-02-15,450.70001220703125,450.70001220703125,452.75,431.70001220703125,440.8999938964844,262400
2022-02-16,455.79998779296875,455.79998779296875,461.79998779296875,452.25,454.5,209200
2022-02-17,454.70001220703125,454.70001220703125,460.79998779296875,452.54998779296875,459.0,153100
2022-02-18,449.0,449.0,456.79998779296875,447.70001220703125,452.3500061035156,134100
2022-02-21,442.8999938964844,442.8999938964844,449.6499938964844,437.3999938964844,445.5,510100
2022-02-22,430.0,430.0,439.6499938964844,427.5,430.8999938964844,969700
2022-02-23,443.54998779296875,443.54998779296875,445.45001220703125,434.45001220703125,434.75,411500
2022-02-24,411.75,411.75,431.70001220703125,408.8500061035156,421.3500061035156,508900
2022-02-25,433.75,433.75,434.6499938964844,423.8500061035156,425.1000061035156,448300
2022-02-28,436.3999938964844,436.3999938964844,437.54998779296875,423.04998779296875,427.3500061035156,253000
2022-03-02,431.25,431.25,436.04998779296875,427.5,431.79998779296875,203400
2022-03-03,429.0,429.0,439.45001220703125,427.0,437.79998779296875,242900
2022-03-04,416.45001220703125,416.45001220703125,427.1499938964844,414.54998779296875,424.6000061035156,223300
2022-03-07,393.6499938964844,393.6499938964844,406.6000061035156,389.29998779296875,406.1499938964844,293100
2022-03-08,406.45001220703125,406.45001220703125,407.79998779296875,390.75,394.1000061035156,322500
2022-03-09,418.8500061035156,418.8500061035156,421.04998779296875,408.29998779296875,409.70001220703125,254100
2022-03-10,428.20001220703125,428.20001220703125,436.20001220703125,426.70001220703125,428.8500061035156,280800
2022-03-11,430.20001220703125,430.20001220703125,432.3999938964844,425.54998779296875,427.3999938964844,139600
2022-03-14,422.95001220703125,422.95001220703125,431.70001220703125,420.8500061035156,429.75,219500
2022-03-15,421.70001220703125,421.70001220703125,432.8500061035156,418.0,425.8999938964844,354900
2022-03-16,437.04998779296875,437.04998779296875,438.04998779296875,427.1000061035156,428.20001220703125,230300
2022-03-17,450.75,450.75,451.8500061035156,442.1000061035156,442.25,278500
2022-03-21,447.6000061035156,447.6000061035156,456.3999938964844,446.5,455.04998779296875,171300
2022-03-22,443.1000061035156,443.1000061035156,448.1000061035156,433.5,447.95001220703125,195700
2022-03-23,441.54998779296875,441.54998779296875,451.25,440.0,446.70001220703125,197100
2022-03-24,443.75,443.75,447.1499938964844,437.8500061035156,440.20001220703125,177400
2022-03-25,449.1499938964844,449.1499938964844,450.8999938964844,444.70001220703125,445.70001220703125,208200
2022-03-28,451.0,451.0,452.54998779296875,444.0,451.95001220703125,248000
2022-03-29,455.3999938964844,455.3999938964844,457.3500061035156,452.45001220703125,452.75,296700
2022-03-30,462.3500061035156,462.3500061035156,465.95001220703125,459.5,459.79998779296875,266400
2022-03-31,463.54998779296875,463.54998779296875,464.8500061035156,459.25,463.1499938964844,192600
2022-04-01,474.54998779296875,474.54998779296875,475.5,463.45001220703125,463.6499938964844,325500
2022-04-04,476.1499938964844,476.1499938964844,477.8500061035156,472.54998779296875,476.20001220703125,344200
2022-04-05,474.8999938964844,474.8999938964844,478.6000061035156,472.29998779296875,477.8999938964844,298800
2022-04-06,473.70001220703125,473.70001220703125,475.70001220703125,468.04998779296875,471.70001220703125,287700
2022-04-07,473.8500061035156,473.8500061035156,481.79998779296875,472.75,478.5,298500
2022-04-08,474.5,474.5,478.1499938964844,471.54998779296875,476.0,340800
2022-04-11,479.8500061035156,479.8500061035156,482.5,473.8999938964844,475.0,216800
2022-04-12,466.6000061035156,466.6000061035156,479.3999938964844,461.1000061035156,478.8999938964844,209500
2022-04-13,464.1000061035156,464.1000061035156,472.6000061035156,463.0,469.5,211500
2022-04-18,458.20001220703125,458.20001220703125,461.70001220703125,450.29998779296875,460.3999938964844,230300
2022-04-19,446.8999938964844,446.8999938964844,462.29998779296875,441.79998779296875,461.1499938964844,248500
2022-04-20,449.3500061035156,449.3500061035156,454.1000061035156,446.95001220703125,449.3500061035156,258400
2022-04-21,454.3999938964844,454.3999938964844,455.95001220703125,450.6499938964844,453.70001220703125,140500
2022-04-22,448.1000061035156,448.1000061035156,454.5,447.1499938964844,450.8999938964844,159400
2022-04-25,431.25,431.25,444.20001220703125,429.95001220703125,444.04998779296875,183100
2022-04-26,446.6499938964844,446.6499938964844,447.8999938964844,435.54998779296875,436.04998779296875,232500
2022-04-27,445.29998779296875,445.29998779296875,446.8500061035156,437.79998779296875,444.1499938964844,139500
2022-04-28,449.1000061035156,449.1000061035156,450.20001220703125,441.6000061035156,449.54998779296875,174400
2022-04-29,443.75,443.75,455.1499938964844,440.20001220703125,450.8500061035156,161400
2022-05-02,444.70001220703125,444.70001220703125,447.45001220703125,437.6499938964844,438.6000061035156,143500
2022-05-04,430.1499938964844,430.1499938964844,450.45001220703125,428.3500061035156,449.1499938964844,225700
2022-05-05,423.20001220703125,423.20001220703125,434.1000061035156,421.6499938964844,432.29998779296875,196200
2022-05-06,408.1499938964844,408.1499938964844,415.20001220703125,406.6000061035156,413.3999938964844,241500
2022-05-09,402.95001220703125,402.95001220703125,407.8999938964844,400.8999938964844,405.45001220703125,213100
2022-05-10,391.1000061035156,391.1000061035156,409.70001220703125,389.8500061035156,403.6000061035156,181600
2022-05-11,393.95001220703125,393.95001220703125,395.45001220703125,380.1000061035156,392.6000061035156,349200
2022-05-12,385.5,385.5,392.29998779296875,378.5,392.29998779296875,262700
2022-05-13,384.45001220703125,384.45001220703125,394.6499938964844,383.20001220703125,391.29998779296875,196500
2022-05-16,394.5,394.5,396.5,382.95001220703125,387.1499938964844,188900
2022-05-17,402.20001220703125,402.20001220703125,403.04998779296875,392.3500061035156,396.29998779296875,161800
2022-05-18,395.1499938964844,395.1499938964844,406.8500061035156,394.25,404.25,287900
2022-05-19,384.8500061035156,384.8500061035156,389.8500061035156,379.70001220703125,384.70001220703125,203000
2022-05-20,401.04998779296875,401.04998779296875,401.8500061035156,390.25,391.0,192600
2022-05-23,396.79998779296875,396.79998779296875,410.5,394.6000061035156,404.8500061035156,295500
2022-05-24,392.0,392.0,398.3999938964844,390.3500061035156,397.54998779296875,130000
2022-05-25,380.70001220703125,380.70001220703125,396.6499938964844,377.95001220703125,393.8500061035156,169800
2022-05-26,386.0,386.0,390.25,369.6499938964844,380.0,221200
2022-05-27,387.8500061035156,387.8500061035156,392.79998779296875,384.6000061035156,389.3500061035156,219800
2022-05-30,403.6000061035156,403.6000061035156,404.1499938964844,391.0,392.1499938964844,264900
2022-05-31,411.70001220703125,411.70001220703125,413.70001220703125,401.54998779296875,402.3500061035156,344900
2022-06-01,407.1000061035156,407.1000061035156,415.95001220703125,404.1499938964844,413.54998779296875,336600
2022-06-02,410.79998779296875,410.79998779296875,411.45001220703125,404.75,405.54998779296875,171000
2022-06-03,406.8500061035156,406.8500061035156,414.8999938964844,405.3999938964844,413.6499938964844,443900
2022-06-06,403.5,403.5,407.70001220703125,398.8500061035156,405.75,156500
2022-06-07,396.75,396.75,401.3999938964844,394.6000061035156,400.8999938964844,160000
2022-06-08,404.25,404.25,407.25,394.6000061035156,398.1000061035156,258600
2022-06-09,405.29998779296875,405.29998779296875,406.25,398.6000061035156,400.75,121100
2022-06-10,400.45001220703125,400.45001220703125,405.45001220703125,399.20001220703125,400.0,119100
2022-06-13,387.8500061035156,387.8500061035156,392.6499938964844,384.1000061035156,391.25,189600
2022-06-14,391.0,391.0,395.5,382.29998779296875,385.54998779296875,218700
2022-06-15,388.6000061035156,388.6000061035156,395.3999938964844,386.5,392.79998779296875,150800
2022-06-16,377.70001220703125,377.70001220703125,395.0,375.3999938964844,393.8500061035156,184700
2022-06-17,377.6499938964844,377.6499938964844,382.1499938964844,368.79998779296875,374.8999938964844,323100
2022-06-20,370.75,370.75,380.04998779296875,365.75,379.5,194200
2022-06-21,384.29998779296875,384.29998779296875,385.3999938964844,372.8999938964844,373.5,140400
2022-06-22,375.8999938964844,375.8999938964844,383.95001220703125,373.3999938964844,383.3999938964844,169400
2022-06-23,382.1499938964844,382.1499938964844,383.95001220703125,373.3999938964844,376.54998779296875,153700
2022-06-24,383.20001220703125,383.20001220703125,385.70001220703125,381.8500061035156,385.29998779296875,144000
2022-06-27,386.5,386.5,391.20001220703125,385.1499938964844,388.8500061035156,103400
2022-06-28,389.1000061035156,389.1000061035156,390.3500061035156,380.3500061035156,386.04998779296875,162600
2022-06-29,389.95001220703125,389.95001220703125,390.8999938964844,384.04998779296875,385.04998779296875,100700
2022-06-30,385.29998779296875,385.29998779296875,391.95001220703125,380.20001220703125,390.04998779296875,163200
2022-07-01,391.3999938964844,391.3999938964844,392.29998779296875,382.29998779296875,382.6499938964844,144800
2022-07-04,392.6000061035156,392.6000061035156,394.79998779296875,390.20001220703125,391.0,128200
2022-07-05,391.8500061035156,391.8500061035156,397.5,390.70001220703125,392.8500061035156,129700
2022-07-06,400.75,400.75,401.3999938964844,390.20001220703125,392.0,183600
2022-07-07,411.25,411.25,412.5,404.8999938964844,406.04998779296875,288500
2022-07-08,411.0,411.0,413.45001220703125,407.20001220703125,413.25,141600
2022-07-11,417.04998779296875,417.04998779296875,418.1499938964844,408.70001220703125,408.8999938964844,143700
2022-07-12,417.45001220703125,417.45001220703125,419.45001220703125,413.45001220703125,415.1000061035156,126000
2022-07-13,418.6000061035156,418.6000061035156,423.8500061035156,416.1499938964844,418.3999938964844,152500
2022-07-14,417.6499938964844,417.6499938964844,421.04998779296875,413.29998779296875,419.75,121400
2022-07-15,420.0,420.0,421.75,417.75,418.20001220703125,107700
2022-07-18,425.1000061035156,425.1000061035156,425.8999938964844,420.95001220703125,424.3999938964844,132600
2022-07-19,435.95001220703125,435.95001220703125,436.8500061035156,423.75,424.3500061035156,195900
2022-07-20,435.20001220703125,435.20001220703125,440.0,433.45001220703125,439.45001220703125,271800
2022-07-21,438.0,438.0,440.3500061035156,434.95001220703125,435.0,192800
2022-07-22,439.5,439.5,441.1000061035156,436.70001220703125,438.70001220703125,127100
2022-07-25,437.5,437.5,439.54998779296875,434.6499938964844,438.6499938964844,95600
2022-07-26,433.1000061035156,433.1000061035156,438.54998779296875,430.6499938964844,437.04998779296875,146000
2022-07-27,437.75,437.75,438.79998779296875,431.3999938964844,431.54998779296875,134700
2022-07-28,446.79998779296875,446.79998779296875,448.3999938964844,439.8999938964844,440.04998779296875,235300
2022-07-29,450.95001220703125,450.95001220703125,454.79998779296875,448.3999938964844,449.70001220703125,173000
2022-08-01,452.6499938964844,452.6499938964844,453.6000061035156,446.3500061035156,451.54998779296875,213900
2022-08-02,445.0,445.0,452.45001220703125,442.1499938964844,452.1000061035156,168200
2022-08-03,441.6000061035156,441.6000061035156,448.1499938964844,438.8500061035156,447.1499938964844,136700
2022-08-04,436.54998779296875,436.54998779296875,443.54998779296875,429.45001220703125,442.0,224000
2022-08-05,437.8999938964844,437.8999938964844,439.8500061035156,435.6499938964844,437.75,149800
2022-08-08,438.6000061035156,438.6000061035156,440.70001220703125,436.04998779296875,437.20001220703125,98200
2022-08-10,434.79998779296875,434.79998779296875,440.3999938964844,434.3500061035156,438.75,128300
2022-08-11,440.3999938964844,440.3999938964844,441.6000061035156,437.54998779296875,439.45001220703125,134600
2022-08-12,443.25,443.25,447.20001220703125,442.3999938964844,443.3999938964844,147100
2022-08-16,452.0,452.0,452.54998779296875,444.3500061035156,444.6499938964844,0
2022-08-17,452.3500061035156,452.3500061035156,455.6499938964844,451.25,454.29998779296875,256000
2022-08-18,459.3500061035156,459.3500061035156,460.25,452.20001220703125,452.6499938964844,472400
2022-08-19,450.3999938964844,450.3999938964844,461.45001220703125,447.3500061035156,461.04998779296875,230700
2022-08-22,439.1000061035156,439.1000061035156,447.8999938964844,437.79998779296875,447.6499938964844,166100
2022-08-23,440.8500061035156,440.8500061035156,441.8500061035156,434.29998779296875,435.1499938964844,136500
2022-08-24,448.8500061035156,448.8500061035156,450.04998779296875,441.75,441.8999938964844,302300
2022-08-25,455.45001220703125,455.45001220703125,460.29998779296875,451.0,451.3999938964844,286700
2022-08-26,453.75,453.75,459.6000061035156,452.8999938964844,456.6000061035156,124400
2022-08-29,447.6000061035156,447.6000061035156,448.3999938964844,438.25,438.79998779296875,124400
2022-08-30,463.20001220703125,463.20001220703125,464.54998779296875,450.54998779296875,451.04998779296875,278300
2022-09-01,468.20001220703125,468.20001220703125,471.5,458.54998779296875,459.95001220703125,265200
2022-09-02,467.3500061035156,467.3500061035156,473.75,466.6499938964844,470.3500061035156,181800
2022-09-05,471.5,471.5,472.8999938964844,467.6499938964844,468.79998779296875,192900
2022-09-06,473.20001220703125,473.20001220703125,475.75,468.70001220703125,473.8500061035156,229600
2022-09-07,473.6000061035156,473.6000061035156,474.54998779296875,468.6499938964844,469.95001220703125,175200
2022-09-08,472.25,472.25,477.25,471.3500061035156,476.1499938964844,153400
2022-09-09,470.04998779296875,470.04998779296875,477.20001220703125,468.6000061035156,474.29998779296875,249200
2022-09-12,480.3999938964844,480.3999938964844,481.75,470.79998779296875,473.70001220703125,226900
2022-09-13,479.54998779296875,479.54998779296875,483.54998779296875,478.3999938964844,483.1499938964844,164200
2022-09-14,476.25,476.25,477.45001220703125,470.8999938964844,471.8999938964844,178200
2022-09-15,471.8999938964844,471.8999938964844,478.79998779296875,467.70001220703125,477.3500061035156,155100
2022-09-16,454.3500061035156,454.3500061035156,475.3999938964844,452.0,469.3999938964844,260000
2022-09-19,450.04998779296875,450.04998779296875,456.70001220703125,447.95001220703125,455.25,194100
2022-09-20,457.20001220703125,457.20001220703125,461.6000061035156,453.79998779296875,453.8500061035156,146000
2022-09-21,451.29998779296875,451.29998779296875,458.75,449.1000061035156,456.79998779296875,157800
2022-09-22,450.04998779296875,450.04998779296875,453.95001220703125,445.25,449.29998779296875,157600
2022-09-23,436.75,436.75,450.8500061035156,434.95001220703125,450.3999938964844,118200
2022-09-26,418.20001220703125,418.20001220703125,431.70001220703125,415.45001220703125,430.95001220703125,188200
2022-09-27,417.04998779296875,417.04998779296875,422.1499938964844,412.0,419.54998779296875,139100
2022-09-28,414.25,414.25,420.3999938964844,411.8500061035156,415.6000061035156,122400
2022-09-29,415.79998779296875,415.79998779296875,421.6000061035156,412.04998779296875,418.25,146300
2022-09-30,424.0,424.0,428.1499938964844,410.95001220703125,412.0,266100
2022-10-03,418.75,418.75,426.6499938964844,415.95001220703125,425.8500061035156,183500
2022-10-04,428.25,428.25,428.95001220703125,423.1000061035156,424.8500061035156,176800
2022-10-06,437.1499938964844,437.1499938964844,439.54998779296875,432.45001220703125,433.29998779296875,238900
2022-10-07,438.54998779296875,438.54998779296875,439.70001220703125,432.6499938964844,437.95001220703125,156000
2022-10-10,434.25,434.25,437.1000061035156,431.6000061035156,433.6499938964844,112300
2022-10-11,420.8999938964844,420.8999938964844,434.8999938964844,419.6499938964844,434.70001220703125,129200
2022-10-12,427.70001220703125,427.70001220703125,428.6000061035156,418.8999938964844,422.6499938964844,162200
2022-10-13,423.45001220703125,423.45001220703125,428.3500061035156,421.6499938964844,426.8999938964844,120700
2022-10-14,420.04998779296875,420.04998779296875,430.70001220703125,419.1000061035156,429.5,109400
2022-10-17,418.25,418.25,421.1000061035156,412.0,417.95001220703125,140400
2022-10-18,425.45001220703125,425.45001220703125,426.3999938964844,419.8999938964844,420.8500061035156,114800
2022-10-19,427.1499938964844,427.1499938964844,430.6499938964844,423.8999938964844,426.79998779296875,186700
2022-10-20,426.6000061035156,426.6000061035156,427.3999938964844,420.8999938964844,424.29998779296875,108100
2022-10-21,426.79998779296875,426.79998779296875,429.5,421.3500061035156,426.79998779296875,103300
2022-10-24,428.0,428.0,430.79998779296875,426.8999938964844,430.45001220703125,22300
2022-10-25,425.3500061035156,425.3500061035156,429.3999938964844,424.25,429.20001220703125,120400
2022-10-27,437.95001220703125,437.95001220703125,439.04998779296875,427.20001220703125,428.1000061035156,152200
2022-10-28,436.1499938964844,436.1499938964844,439.29998779296875,433.20001220703125,438.95001220703125,147200
2022-10-31,438.6499938964844,438.6499938964844,440.1000061035156,435.70001220703125,437.75,106700
2022-11-01,442.70001220703125,442.70001220703125,443.79998779296875,438.5,440.29998779296875,118000
2022-11-02,439.1499938964844,439.1499938964844,446.5,437.95001220703125,442.1499938964844,279000
2022-11-03,441.70001220703125,441.70001220703125,443.29998779296875,435.04998779296875,437.3999938964844,119300
2022-11-04,443.04998779296875,443.04998779296875,444.20001220703125,440.54998779296875,442.20001220703125,126700
2022-11-07,447.70001220703125,447.70001220703125,448.8500061035156,442.75,444.20001220703125,133100
2022-11-09,441.54998779296875,441.54998779296875,454.70001220703125,440.3500061035156,453.0,167800
2022-11-10,440.8999938964844,440.8999938964844,442.79998779296875,437.45001220703125,439.45001220703125,158400
2022-11-11,448.25,448.25,451.79998779296875,444.6000061035156,445.0,154300
2022-11-14,453.29998779296875,453.29998779296875,454.54998779296875,447.29998779296875,450.3500061035156,228200
2022-11-15,452.79998779296875,452.79998779296875,454.1000061035156,447.95001220703125,454.1000061035156,162500
2022-11-16,448.1499938964844,448.1499938964844,453.20001220703125,445.6000061035156,452.45001220703125,118600
2022-11-17,448.3500061035156,448.3500061035156,449.8500061035156,444.70001220703125,447.75,96200
2022-11-18,448.79998779296875,448.79998779296875,449.8500061035156,443.0,449.0,250800
2022-11-21,443.1000061035156,443.1000061035156,448.6499938964844,440.5,448.54998779296875,237100
2022-11-22,437.70001220703125,437.70001220703125,443.04998779296875,436.0,441.95001220703125,162900
2022-11-23,438.79998779296875,438.79998779296875,439.79998779296875,437.0,438.95001220703125,96100
2022-11-24,439.75,439.75,440.45001220703125,436.45001220703125,440.04998779296875,99000
2022-11-25,444.8999938964844,444.8999938964844,445.54998779296875,439.3500061035156,440.25,199300
2022-11-28,445.20001220703125,445.20001220703125,447.8999938964844,443.04998779296875,445.1499938964844,151300
2022-11-29,443.70001220703125,443.70001220703125,447.70001220703125,442.04998779296875,445.20001220703125,134600
2022-11-30,450.1499938964844,450.1499938964844,451.6499938964844,442.6000061035156,443.79998779296875,191500
2022-12-01,459.04998779296875,459.04998779296875,460.79998779296875,450.79998779296875,452.75,178900
2022-12-02,463.3500061035156,463.3500061035156,464.0,458.6000061035156,460.95001220703125,229800
2022-12-05,466.54998779296875,466.54998779296875,467.45001220703125,462.54998779296875,465.25,239400
2022-12-06,463.3999938964844,463.3999938964844,467.54998779296875,462.1499938964844,465.79998779296875,177200
2022-12-07,457.8999938964844,457.8999938964844,465.3500061035156,456.04998779296875,463.75,243100
2022-12-08,454.3500061035156,454.3500061035156,460.54998779296875,452.6000061035156,458.79998779296875,207500
2022-12-09,447.54998779296875,447.54998779296875,455.8999938964844,442.3999938964844,455.3500061035156,265800
2022-12-12,449.6000061035156,449.6000061035156,450.75,442.29998779296875,445.70001220703125,118000
2022-12-13,446.0,446.0,451.5,445.0,450.3999938964844,94300
2022-12-14,452.45001220703125,452.45001220703125,454.25,447.25,447.70001220703125,166900
2022-12-15,446.54998779296875,446.54998779296875,454.8500061035156,445.1499938964844,452.75,117900
2022-12-16,439.79998779296875,439.79998779296875,448.1499938964844,438.5,444.70001220703125,132300
2022-12-19,443.04998779296875,443.04998779296875,443.6499938964844,438.6000061035156,441.20001220703125,127500
2022-12-20,437.70001220703125,437.70001220703125,442.45001220703125,433.5,442.0,123800
2022-12-21,430.6000061035156,430.6000061035156,444.25,428.95001220703125,440.0,149000
2022-12-22,424.5,424.5,434.29998779296875,422.70001220703125,432.20001220703125,118100
2022-12-23,409.8500061035156,409.8500061035156,422.29998779296875,406.8500061035156,421.8999938964844,162200
2022-12-27,425.04998779296875,425.04998779296875,426.0,420.75,421.3500061035156,117300
2022-12-28,427.1499938964844,427.1499938964844,429.54998779296875,422.1000061035156,423.8500061035156,106100
2022-12-29,427.75,427.75,428.8500061035156,421.1000061035156,425.8500061035156,113700
2022-12-30,431.79998779296875,431.79998779296875,434.8999938964844,429.8500061035156,430.6499938964844,122300
2023-01-02,436.1000061035156,436.1000061035156,436.8500061035156,430.70001220703125,431.8999938964844,101256900
2023-01-03,436.6499938964844,436.6499938964844,440.25,434.6499938964844,436.8999938964844,92600
2023-01-04,427.70001220703125,427.70001220703125,437.8500061035156,426.3999938964844,437.3999938964844,102100
2023-01-05,428.70001220703125,428.70001220703125,430.6000061035156,425.1000061035156,429.5,128900
2023-01-06,425.8500061035156,425.8500061035156,430.20001220703125,424.04998779296875,428.95001220703125,120100
2023-01-09,428.45001220703125,428.45001220703125,430.54998779296875,425.75,429.45001220703125,86400
2023-01-10,425.1499938964844,425.1499938964844,429.5,423.54998779296875,428.6000061035156,81400
2023-01-11,424.95001220703125,424.95001220703125,427.04998779296875,422.70001220703125,424.95001220703125,75900
2023-01-12,425.1499938964844,425.1499938964844,427.45001220703125,423.1499938964844,426.75,95100
2023-01-13,426.3999938964844,426.3999938964844,427.29998779296875,422.95001220703125,425.6499938964844,103500
2023-01-16,425.79998779296875,425.79998779296875,429.25,423.8999938964844,427.25,73800
2023-01-17,430.79998779296875,430.79998779296875,431.75,422.95001220703125,426.20001220703125,96900
2023-01-18,430.95001220703125,430.95001220703125,431.79998779296875,426.25,431.04998779296875,90300
2023-01-19,430.54998779296875,430.54998779296875,431.8500061035156,426.1000061035156,429.20001220703125,96200
2023-01-20,427.45001220703125,427.45001220703125,430.8999938964844,426.70001220703125,430.3500061035156,91200
2023-01-23,424.75,424.75,428.6499938964844,423.1000061035156,428.3999938964844,72600
2023-01-24,420.45001220703125,420.45001220703125,425.1000061035156,418.04998779296875,424.6000061035156,78000
2023-01-25,412.75,412.75,418.6499938964844,411.20001220703125,418.1499938964844,125000
2023-01-27,407.54998779296875,407.54998779296875,415.8500061035156,401.79998779296875,413.54998779296875,131900
2023-01-30,407.0,407.0,412.3999938964844,401.45001220703125,407.8500061035156,115900
2023-01-31,411.54998779296875,411.54998779296875,414.25,403.5,408.75,123100
2023-02-01,407.70001220703125,407.70001220703125,419.70001220703125,402.29998779296875,414.75,155300
2023-02-02,409.25,409.25,411.1000061035156,401.3500061035156,406.6499938964844,119100
2023-02-03,405.8999938964844,405.8999938964844,412.70001220703125,401.20001220703125,411.0,141400
2023-02-06,408.0,408.0,408.54998779296875,403.45001220703125,405.8500061035156,81600
2023-02-07,411.6000061035156,411.6000061035156,412.6000061035156,406.29998779296875,408.8500061035156,100400
2023-02-08,411.6499938964844,411.6499938964844,413.20001220703125,406.75,411.6000061035156,92200
2023-02-09,409.25,409.25,414.3500061035156,408.04998779296875,414.04998779296875,91700
2023-02-10,414.79998779296875,414.79998779296875,415.3500061035156,405.45001220703125,407.6000061035156,156600
2023-02-13,407.8500061035156,407.8500061035156,415.95001220703125,406.25,414.79998779296875,127300
2023-02-14,400.3500061035156,400.3500061035156,406.6499938964844,398.70001220703125,406.29998779296875,440500
2023-02-15,405.54998779296875,405.54998779296875,406.20001220703125,398.70001220703125,398.8999938964844,189900
2023-02-16,410.95001220703125,410.95001220703125,413.04998779296875,407.20001220703125,407.20001220703125,166400
2023-02-17,403.6499938964844,403.6499938964844,410.54998779296875,402.3999938964844,409.6499938964844,132200
2023-02-20,400.8500061035156,400.8500061035156,405.29998779296875,399.45001220703125,404.04998779296875,98100
2023-02-21,396.04998779296875,396.04998779296875,402.3500061035156,395.25,402.04998779296875,97600
2023-02-22,389.45001220703125,389.45001220703125,395.70001220703125,388.04998779296875,394.75,113500
2023-02-23,382.5,382.5,389.75,382.04998779296875,389.25,155200
2023-02-24,380.45001220703125,380.45001220703125,386.75,379.79998779296875,384.29998779296875,451900
2023-02-27,388.75,388.75,390.54998779296875,379.0,381.0,309700
2023-02-28,393.20001220703125,393.20001220703125,395.04998779296875,387.95001220703125,389.3500061035156,234000
2023-03-01,397.75,397.75,401.45001220703125,391.5,392.5,142100
2023-03-02,405.95001220703125,405.95001220703125,407.0,396.1000061035156,397.45001220703125,186000
2023-03-03,412.0,412.0,416.45001220703125,405.20001220703125,407.54998779296875,219700
2023-03-06,409.8500061035156,409.8500061035156,416.79998779296875,408.70001220703125,412.0,132900
2023-03-08,407.04998779296875,407.04998779296875,407.79998779296875,402.75,406.95001220703125,157500
2023-03-09,402.29998779296875,402.29998779296875,409.0,401.54998779296875,408.1499938964844,92100
2023-03-10,398.1499938964844,398.1499938964844,401.20001220703125,396.45001220703125,400.04998779296875,104500
2023-03-13,390.25,390.25,399.54998779296875,389.29998779296875,398.3999938964844,115500
2023-03-14,386.29998779296875,386.29998779296875,392.29998779296875,384.04998779296875,391.20001220703125,143500
2023-03-15,383.0,383.0,390.75,382.04998779296875,389.0,111800
2023-03-16,387.25,387.25,388.6000061035156,378.6000061035156,383.54998779296875,149700
2023-03-17,399.0,399.0,400.3999938964844,389.79998779296875,389.8999938964844,201600
2023-03-20,395.0,395.0,400.3999938964844,389.8999938964844,399.3999938964844,134200
2023-03-21,394.70001220703125,394.70001220703125,397.79998779296875,394.04998779296875,396.79998779296875,91000
2023-03-22,394.29998779296875,394.29998779296875,397.1499938964844,393.1499938964844,396.0,0
2023-03-23,390.04998779296875,390.04998779296875,395.1499938964844,387.95001220703125,393.79998779296875,145100
2023-03-24,380.95001220703125,380.95001220703125,389.75,379.6000061035156,388.6000061035156,139600
2023-03-27,376.54998779296875,376.54998779296875,383.54998779296875,375.25,382.1499938964844,173700
2023-03-28,372.0,372.0,379.1499938964844,371.25,377.5,157800
2023-03-29,381.1499938964844,381.1499938964844,381.75,370.6499938964844,371.70001220703125,216800
2023-03-31,387.3500061035156,387.3500061035156,389.3999938964844,382.8999938964844,383.3500061035156,306400
2023-04-03,390.8500061035156,390.8500061035156,391.5,387.3500061035156,389.0,138300
2023-04-05,392.8500061035156,392.8500061035156,396.25,389.75,390.79998779296875,231100
2023-04-06,404.0,404.0,405.45001220703125,391.20001220703125,392.6499938964844,246500
2023-04-10,421.3500061035156,421.3500061035156,421.95001220703125,407.25,407.70001220703125,387300
2023-04-11,420.1499938964844,420.1499938964844,427.3999938964844,419.45001220703125,423.79998779296875,265000
2023-04-12,420.45001220703125,420.45001220703125,425.1000061035156,418.95001220703125,421.25,194900
2023-04-13,425.20001220703125,425.20001220703125,426.20001220703125,419.6000061035156,421.1499938964844,187100
2023-04-17,429.3999938964844,429.3999938964844,429.79998779296875,425.1000061035156,426.3999938964844,168200
2023-04-18,433.8500061035156,433.8500061035156,437.8999938964844,429.29998779296875,429.3500061035156,257300
2023-04-19,434.54998779296875,434.54998779296875,436.79998779296875,432.95001220703125,435.3500061035156,130300
2023-04-20,432.70001220703125,432.70001220703125,435.6000061035156,430.3999938964844,434.45001220703125,193900
2023-04-21,423.5,423.5,434.0,421.95001220703125,433.70001220703125,162000
2023-04-24,428.0,428.0,429.3999938964844,423.20001220703125,425.04998779296875,603100
2023-04-25,430.1000061035156,430.1000061035156,431.3999938964844,428.1000061035156,429.6499938964844,438800
2023-04-26,435.95001220703125,435.95001220703125,436.79998779296875,429.25,429.5,315800
2023-04-27,442.6000061035156,442.6000061035156,445.0,436.0,436.6499938964844,251900
2023-04-28,445.1000061035156,445.1000061035156,445.79998779296875,441.8999938964844,444.8999938964844,175400
2023-05-02,444.95001220703125,444.95001220703125,447.3500061035156,443.79998779296875,446.1000061035156,143300
2023-05-03,446.20001220703125,446.20001220703125,450.20001220703125,443.20001220703125,444.5,157900
2023-05-04,446.3999938964844,446.3999938964844,446.8999938964844,442.20001220703125,446.54998779296875,92500
2023-05-05,445.04998779296875,445.04998779296875,449.6499938964844,443.75,446.8999938964844,121200
2023-05-08,452.3500061035156,452.3500061035156,458.6499938964844,445.75,446.04998779296875,166600
2023-05-09,448.5,448.5,456.1499938964844,447.6499938964844,453.54998779296875,485200
2023-05-10,452.3500061035156,452.3500061035156,452.8500061035156,446.8999938964844,448.8999938964844,358800
2023-05-11,454.5,454.5,456.29998779296875,451.25,453.1499938964844,184200
2023-05-12,452.8999938964844,452.8999938964844,456.70001220703125,451.6000061035156,453.6000061035156,94700
2023-05-15,472.45001220703125,472.45001220703125,477.3999938964844,454.75,455.1499938964844,488400
2023-05-16,472.1000061035156,472.1000061035156,479.54998779296875,471.0,475.75,233500
2023-05-17,465.79998779296875,465.79998779296875,471.95001220703125,462.0,471.70001220703125,154200
2023-05-18,454.75,454.75,468.79998779296875,452.95001220703125,467.75,142900
2023-05-19,458.70001220703125,458.70001220703125,459.3999938964844,449.25,455.6000061035156,152300
2023-05-22,461.95001220703125,461.95001220703125,463.3500061035156,457.79998779296875,458.79998779296875,154900
2023-05-23,461.6000061035156,461.6000061035156,464.45001220703125,459.1000061035156,463.29998779296875,139000
2023-05-24,461.54998779296875,461.54998779296875,464.20001220703125,458.0,461.45001220703125,319700
2023-05-25,466.70001220703125,466.70001220703125,467.95001220703125,462.1000061035156,463.04998779296875,263400
2023-05-26,472.54998779296875,472.54998779296875,473.8999938964844,464.79998779296875,467.70001220703125,266900
2023-05-29,476.20001220703125,476.20001220703125,479.20001220703125,471.0,474.8500061035156,193200
2023-05-30,475.20001220703125,475.20001220703125,477.45001220703125,474.20001220703125,476.6000061035156,205200
2023-05-31,478.79998779296875,478.79998779296875,480.04998779296875,473.5,475.75,316800
2023-06-01,484.0,484.0,487.1499938964844,479.5,479.79998779296875,214400
2023-06-02,490.8500061035156,490.8500061035156,492.5,484.6000061035156,485.20001220703125,310800
2023-06-05,492.54998779296875,492.54998779296875,494.0,488.5,492.8999938964844,173500
2023-06-06,498.3999938964844,498.3999938964844,499.5,492.8500061035156,493.75,186100
2023-06-07,506.29998779296875,506.29998779296875,507.25,496.95001220703125,500.1000061035156,168300
2023-06-08,498.25,498.25,507.3999938964844,497.04998779296875,506.70001220703125,159100
2023-06-09,498.45001220703125,498.45001220703125,504.3500061035156,496.45001220703125,499.04998779296875,105500
2023-06-12,505.5,505.5,506.04998779296875,500.54998779296875,500.70001220703125,101300
2023-06-13,520.7000122070312,520.7000122070312,522.4500122070312,505.6499938964844,507.29998779296875,282600
2023-06-14,522.1500244140625,522.1500244140625,525.7999877929688,517.6500244140625,522.4500122070312,262600
2023-06-15,518.2000122070312,518.2000122070312,527.1500244140625,516.7999877929688,522.75,219800
2023-06-16,517.0999755859375,517.0999755859375,524.0999755859375,516.0499877929688,520.0999755859375,180300
2023-06-19,513.3499755859375,513.3499755859375,520.75,511.1499938964844,518.2000122070312,111400
2023-06-20,515.8499755859375,515.8499755859375,518.25,510.04998779296875,513.25,141000
2023-06-21,514.1500244140625,514.1500244140625,522.0,511.0,517.0999755859375,182800
2023-06-22,510.04998779296875,510.04998779296875,515.9500122070312,508.75,515.0999755859375,115600
2023-06-23,506.8999938964844,506.8999938964844,510.8500061035156,504.5,510.5,103900
2023-06-26,508.54998779296875,508.54998779296875,509.3500061035156,502.95001220703125,507.25,110500
2023-06-27,514.8499755859375,514.8499755859375,516.0999755859375,510.75,511.1499938964844,138700
2023-06-28,517.25,517.25,518.2999877929688,514.25,517.0999755859375,144800
2023-06-30,520.0,520.0,522.5499877929688,518.1500244140625,519.4000244140625,197600
2023-07-03,523.9000244140625,523.9000244140625,525.5,518.5,519.6500244140625,107400
2023-07-04,522.9500122070312,522.9500122070312,528.5,521.5999755859375,525.6500244140625,132200
2023-07-05,525.9000244140625,525.9000244140625,527.7999877929688,518.4000244140625,524.0999755859375,118800
2023-07-06,537.75,537.75,541.5,528.7999877929688,529.2000122070312,305300
2023-07-07,531.4000244140625,531.4000244140625,542.3499755859375,529.9000244140625,538.9000244140625,209100
2023-07-10,526.9000244140625,526.9000244140625,533.0999755859375,525.0999755859375,532.8499755859375,114800
2023-07-11,526.8499755859375,526.8499755859375,529.7000122070312,525.9000244140625,527.5999755859375,150100
2023-07-12,528.2000122070312,528.2000122070312,529.7000122070312,522.0499877929688,528.4500122070312,130600
2023-07-13,533.5999755859375,533.5999755859375,541.0999755859375,528.9500122070312,530.3499755859375,300000
2023-07-14,539.7999877929688,539.7999877929688,541.4500122070312,535.75,536.1500244140625,128000
2023-07-17,539.6500244140625,539.6500244140625,541.7000122070312,537.25,540.9000244140625,404700
2023-07-18,535.0499877929688,535.0499877929688,542.9000244140625,533.5499877929688,541.2999877929688,197300
2023-07-19,536.1500244140625,536.1500244140625,539.5,535.4000244140625,536.2000122070312,120900
2023-07-20,536.2999877929688,536.2999877929688,539.4000244140625,534.2000122070312,537.4500122070312,192800
2023-07-21,536.0999755859375,536.0999755859375,538.9000244140625,531.2999877929688,533.9500122070312,150100
2023-07-24,537.1500244140625,537.1500244140625,542.7000122070312,534.0,537.1500244140625,177700
2023-07-25,535.0,535.0,542.6500244140625,533.5499877929688,539.25,153100
2023-07-26,541.3499755859375,541.3499755859375,542.2000122070312,536.0499877929688,536.7000122070312,199600
2023-07-27,552.8499755859375,552.8499755859375,554.0499877929688,542.7000122070312,543.3499755859375,194300
2023-07-28,562.9500122070312,562.9500122070312,564.25,548.8499755859375,549.7999877929688,413000
2023-07-31,566.75,566.75,568.7999877929688,563.0499877929688,563.9000244140625,187300
2023-08-01,556.7000122070312,556.7000122070312,565.0999755859375,555.0499877929688,565.0999755859375,275300
2023-08-02,548.4000244140625,548.4000244140625,561.6500244140625,541.6500244140625,553.5,382500
2023-08-03,538.6500244140625,538.6500244140625,548.5,535.0,548.3499755859375,250000
2023-08-04,539.1500244140625,539.1500244140625,542.5,536.9500122070312,540.75,204300
2023-08-07,542.2999877929688,542.2999877929688,543.4500122070312,538.7000122070312,539.4500122070312,151200
2023-08-08,541.3499755859375,541.3499755859375,546.2999877929688,538.0999755859375,543.5,122900
2023-08-09,534.6500244140625,534.6500244140625,544.0999755859375,533.1500244140625,542.5999755859375,154600
2023-08-10,533.25,533.25,537.9500122070312,530.4000244140625,537.4000244140625,152200
2023-08-11,531.1500244140625,531.1500244140625,536.5999755859375,529.5499877929688,535.4000244140625,131100
2023-08-14,527.6500244140625,527.6500244140625,530.6500244140625,520.7999877929688,530.5999755859375,160600
2023-08-16,533.4500122070312,533.4500122070312,534.75,525.0999755859375,527.5999755859375,0
2023-08-17,534.0999755859375,534.0999755859375,537.0,531.7999877929688,534.0,122600
2023-08-18,530.2000122070312,530.2000122070312,533.5,528.5499877929688,533.4000244140625,110600
2023-08-21,535.4500122070312,535.4500122070312,536.4000244140625,529.5,529.7999877929688,89700
2023-08-22,536.5999755859375,536.5999755859375,540.25,535.1500244140625,537.8499755859375,109200
2023-08-23,538.9000244140625,538.9000244140625,541.2000122070312,537.6500244140625,537.9000244140625,108100
2023-08-24,540.0,540.0,547.3499755859375,538.4000244140625,541.2999877929688,515200
2023-08-25,532.9500122070312,532.9500122070312,538.9500122070312,531.0499877929688,538.25,470800
2023-08-28,537.9500122070312,537.9500122070312,541.25,535.4000244140625,535.5499877929688,501400
2023-08-29,547.0499877929688,547.0499877929688,548.7000122070312,539.9000244140625,539.9000244140625,515300
2023-08-30,554.7999877929688,554.7999877929688,555.9500122070312,549.9000244140625,550.7999877929688,354500
2023-08-31,558.4000244140625,558.4000244140625,561.4000244140625,551.25,555.8499755859375,326900
2023-09-01,563.6500244140625,563.6500244140625,565.25,557.0,559.4000244140625,260600
2023-09-04,570.1500244140625,570.1500244140625,574.0,563.6500244140625,565.6500244140625,269161900
2023-09-05,576.2000122070312,576.2000122070312,580.0499877929688,570.1500244140625,572.2000122070312,223600
2023-09-06,570.6500244140625,570.6500244140625,577.4000244140625,569.9500122070312,577.0,475700
2023-09-07,579.0999755859375,579.0999755859375,579.9000244140625,570.1500244140625,570.9000244140625,260400
2023-09-08,591.4000244140625,591.4000244140625,593.0999755859375,579.0999755859375,580.9000244140625,315000
2023-09-11,596.5999755859375,596.5999755859375,599.0999755859375,591.9500122070312,595.0999755859375,188100
2023-09-12,577.25,577.25,599.9000244140625,575.0,599.75,364200
2023-09-13,581.1500244140625,581.1500244140625,582.5499877929688,565.2999877929688,577.1500244140625,325600
2023-09-14,589.25,589.25,594.4000244140625,585.3499755859375,585.3499755859375,248300
2023-09-15,586.9500122070312,586.9500122070312,593.0,583.0499877929688,592.0,163500
2023-09-18,578.9000244140625,578.9000244140625,587.7999877929688,578.25,587.5499877929688,114800
2023-09-20,572.1500244140625,572.1500244140625,578.7000122070312,570.25,576.75,217400
2023-09-21,565.25,565.25,579.0999755859375,563.1500244140625,570.8499755859375,154700
2023-09-22,561.5,561.5,570.75,559.9500122070312,566.5,152700
2023-09-25,570.0499877929688,570.0499877929688,572.0499877929688,557.4000244140625,562.4000244140625,729300
2023-09-26,571.7999877929688,571.7999877929688,573.9500122070312,569.4000244140625,571.7000122070312,197100
2023-09-27,576.0,576.0,577.4500122070312,569.7999877929688,570.7999877929688,311900
2023-09-28,570.4000244140625,570.4000244140625,579.4000244140625,568.5999755859375,578.9500122070312,292900
2023-09-29,575.6500244140625,575.6500244140625,578.4500122070312,571.9000244140625,571.9500122070312,194300
2023-10-03,578.2999877929688,578.2999877929688,579.25,571.7999877929688,576.0999755859375,59600
2023-10-04,568.2999877929688,568.2999877929688,578.25,561.4500122070312,576.7000122070312,113400
2023-10-05,569.9500122070312,569.9500122070312,577.7999877929688,566.5499877929688,571.5499877929688,131400
2023-10-06,587.5,587.5,588.7000122070312,571.9000244140625,571.9000244140625,167900
2023-10-09,582.8499755859375,582.8499755859375,588.6500244140625,580.9000244140625,586.5999755859375,104900
2023-10-10,606.2000122070312,606.2000122070312,612.25,585.4000244140625,587.5499877929688,334500
2023-10-11,611.2999877929688,611.2999877929688,617.4000244140625,608.5,609.75,150600
2023-10-12,610.2000122070312,610.2000122070312,614.7999877929688,606.25,612.7000122070312,106800
2023-10-13,612.7999877929688,612.7999877929688,619.9000244140625,602.4000244140625,606.5999755859375,125600
2023-10-16,610.7000122070312,610.7000122070312,615.7999877929688,608.6500244140625,613.5999755859375,98200
2023-10-17,610.9000244140625,610.9000244140625,614.0499877929688,607.5999755859375,612.8499755859375,76200
2023-10-18,608.0499877929688,608.0499877929688,611.5999755859375,602.9500122070312,610.6500244140625,86600
2023-10-19,605.9000244140625,605.9000244140625,607.9500122070312,598.9500122070312,606.2000122070312,75300
2023-10-20,599.3499755859375,599.3499755859375,608.4000244140625,593.5999755859375,603.6500244140625,101500
2023-10-23,584.4000244140625,584.4000244140625,600.4000244140625,579.75,598.75,83800
2023-10-25,578.7999877929688,578.7999877929688,587.75,572.0499877929688,583.25,241300
2023-10-26,571.8499755859375,571.8499755859375,575.75,559.2000122070312,575.75,157000
2023-10-27,583.0,583.0,586.25,575.3499755859375,575.4500122070312,348500
2023-10-30,595.4500122070312,595.4500122070312,597.5999755859375,582.3499755859375,584.4500122070312,253800
2023-10-31,603.0,603.0,607.2000122070312,597.9500122070312,598.25,207400
2023-11-01,612.3499755859375,612.3499755859375,616.4500122070312,603.8499755859375,603.8499755859375,201300
2023-11-02,627.7999877929688,627.7999877929688,630.75,614.0999755859375,614.0999755859375,134700
2023-11-03,643.75,643.75,644.4000244140625,628.2999877929688,629.3499755859375,181100
2023-11-06,651.5,651.5,656.6500244140625,647.0999755859375,651.0,139000
2023-11-07,642.7999877929688,642.7999877929688,653.2000122070312,640.5499877929688,652.1500244140625,102600
2023-11-08,652.5499877929688,652.5499877929688,654.6500244140625,641.7999877929688,646.5499877929688,142400
2023-11-09,660.5999755859375,660.5999755859375,666.1500244140625,655.1500244140625,655.6500244140625,212300
2023-11-10,662.0999755859375,662.0999755859375,666.7000122070312,656.1500244140625,659.5999755859375,209300
2023-11-13,663.4500122070312,663.4500122070312,666.5,660.25,665.9000244140625,291800
2023-11-15,683.0499877929688,683.0499877929688,684.2999877929688,670.7999877929688,671.0499877929688,166600
2023-11-16,689.3499755859375,689.3499755859375,690.6500244140625,682.4000244140625,684.6500244140625,119500
2023-11-17,692.7000122070312,692.7000122070312,694.0499877929688,687.8499755859375,689.7999877929688,115200
2023-11-20,691.0,691.0,700.75,689.7999877929688,695.5,125100
2023-11-21,698.7999877929688,698.7999877929688,703.4500122070312,694.0499877929688,694.2000122070312,149000
2023-11-22,693.9500122070312,693.9500122070312,699.5499877929688,684.5999755859375,699.0999755859375,93100
2023-11-23,701.0999755859375,701.0999755859375,705.1500244140625,695.6500244140625,696.2000122070312,108700
2023-11-24,702.9500122070312,702.9500122070312,706.6500244140625,700.5499877929688,703.5999755859375,94900
2023-11-28,706.9500122070312,706.9500122070312,708.0,700.3499755859375,703.6500244140625,124300
2023-11-29,703.4500122070312,703.4500122070312,712.9500122070312,701.6500244140625,712.0999755859375,112500
2023-11-30,713.5999755859375,713.5999755859375,717.0499877929688,698.4000244140625,705.0499877929688,609200
2023-12-01,723.0499877929688,723.0499877929688,732.0499877929688,717.2999877929688,717.8499755859375,134800
2023-12-04,737.75,737.75,743.0,727.2000122070312,734.75,215300
2023-12-05,734.3499755859375,734.3499755859375,742.4500122070312,727.7999877929688,742.1500244140625,264800
2023-12-06,732.2000122070312,732.2000122070312,737.9500122070312,726.9000244140625,735.75,203900
2023-12-07,734.7999877929688,734.7999877929688,737.3499755859375,730.3499755859375,735.2000122070312,90200
2023-12-08,738.7000122070312,738.7000122070312,747.4500122070312,730.3499755859375,736.5,343700
2023-12-11,744.9500122070312,744.9500122070312,747.9000244140625,739.75,739.9500122070312,196100
2023-12-12,731.9500122070312,731.9500122070312,749.2000122070312,729.7999877929688,747.9000244140625,148000
2023-12-13,743.7000122070312,743.7000122070312,748.5999755859375,727.9500122070312,736.0,128300
2023-12-14,772.5499877929688,772.5499877929688,773.7000122070312,751.1500244140625,752.0,307700
2023-12-15,767.0499877929688,767.0499877929688,777.4500122070312,765.0999755859375,775.0999755859375,246500
2023-12-18,759.7000122070312,759.7000122070312,769.25,757.75,769.25,99800
2023-12-19,755.6500244140625,755.6500244140625,764.5499877929688,753.7999877929688,760.25,131400
2023-12-20,737.2999877929688,737.2999877929688,760.8499755859375,734.5499877929688,759.75,174900
2023-12-21,744.0999755859375,744.0999755859375,745.9000244140625,722.4500122070312,731.0499877929688,179300
2023-12-22,763.0499877929688,763.0499877929688,765.0499877929688,746.7999877929688,748.0499877929688,168900
2023-12-26,764.9000244140625,764.9000244140625,767.1500244140625,760.4000244140625,766.5999755859375,110300
2023-12-27,770.0999755859375,770.0999755859375,772.5499877929688,766.0999755859375,767.5,255600
2023-12-28,777.4000244140625,777.4000244140625,779.0499877929688,766.4000244140625,772.25,155400
2023-12-29,783.0499877929688,783.0499877929688,784.5,772.5499877929688,778.2000122070312,137600
2024-01-02,778.4500122070312,778.4500122070312,790.75,774.2999877929688,788.4500122070312,81100
2024-01-03,788.0,788.0,790.5,773.75,778.4500122070312,102500
2024-01-04,841.2999877929688,841.2999877929688,844.4000244140625,789.9500122070312,791.4000244140625,531100
2024-01-05,844.3499755859375,844.3499755859375,863.0,839.8499755859375,842.75,346300
2024-01-08,845.4500122070312,845.4500122070312,855.75,841.2999877929688,846.3499755859375,281100
2024-01-09,866.75,866.75,869.25,850.5,852.6500244140625,284800
2024-01-10,865.7999877929688,865.7999877929688,868.6500244140625,853.1500244140625,868.6500244140625,136700
2024-01-11,865.4500122070312,865.4500122070312,870.9500122070312,862.0499877929688,867.7999877929688,149400
2024-01-12,881.0499877929688,881.0499877929688,885.25,868.2000122070312,871.4500122070312,198000
2024-01-15,883.2999877929688,883.2999877929688,894.4000244140625,880.0499877929688,886.5499877929688,136500
2024-01-16,868.5999755859375,868.5999755859375,885.0999755859375,860.5499877929688,885.0999755859375,115900
2024-01-17,856.2999877929688,856.2999877929688,861.9500122070312,848.0499877929688,855.4500122070312,129600
2024-01-18,862.5,862.5,863.4500122070312,830.0999755859375,852.0,203400
2024-01-19,868.5,868.5,871.7999877929688,862.8499755859375,869.75,179000
2024-01-23,816.1500244140625,816.1500244140625,867.5999755859375,811.5499877929688,867.3499755859375,350200
2024-01-24,818.0999755859375,818.0999755859375,822.2000122070312,794.5,815.9500122070312,223600
2024-01-25,823.5499877929688,823.5499877929688,831.0999755859375,810.8499755859375,827.0999755859375,209800
2024-01-29,833.9000244140625,833.9000244140625,837.2999877929688,819.4500122070312,825.0499877929688,194600
2024-01-30,837.0999755859375,837.0999755859375,847.5999755859375,831.5999755859375,840.0499877929688,237300
2024-01-31,856.2000122070312,856.2000122070312,858.5499877929688,835.25,838.5499877929688,205900
2024-02-01,848.1500244140625,848.1500244140625,857.3499755859375,841.7999877929688,856.3499755859375,150600
2024-02-02,856.2000122070312,856.2000122070312,868.3499755859375,849.3499755859375,853.0,241600
2024-02-05,862.75,862.75,871.7000122070312,853.9000244140625,854.2000122070312,141100
2024-02-06,866.25,866.25,868.9000244140625,855.2999877929688,867.5499877929688,114300
2024-02-07,882.1500244140625,882.1500244140625,892.7999877929688,874.9500122070312,876.8499755859375,166900
2024-02-08,876.0499877929688,876.0499877929688,883.4500122070312,873.3499755859375,882.0999755859375,113100
2024-02-09,875.9500122070312,875.9500122070312,878.75,855.6500244140625,877.7999877929688,201500
2024-02-12,849.9500122070312,849.9500122070312,878.5499877929688,847.0499877929688,876.4500122070312,128600
2024-02-13,850.4000244140625,850.4000244140625,852.8499755859375,833.8499755859375,850.25,115100
2024-02-14,861.0,861.0,865.9000244140625,836.2999877929688,838.2000122070312,105400
2024-02-15,869.4000244140625,869.4000244140625,877.75,863.4500122070312,866.75,132800
2024-02-16,882.7000122070312,882.7000122070312,885.3499755859375,867.0,875.6500244140625,127700
2024-02-20,887.0,887.0,894.4500122070312,879.9000244140625,879.9000244140625,112100
2024-02-21,904.75,904.75,913.4000244140625,888.75,889.6500244140625,228700
2024-02-22,909.6500244140625,909.6500244140625,911.5,898.5499877929688,910.0499877929688,122300
2024-02-23,918.75,918.75,925.25,912.8499755859375,916.5499877929688,119900
2024-02-26,919.3499755859375,919.3499755859375,925.1500244140625,907.25,919.7000122070312,107400
2024-02-27,929.1500244140625,929.1500244140625,931.5499877929688,917.9500122070312,920.1500244140625,187100
2024-02-28,909.5,909.5,932.0999755859375,899.5,929.4000244140625,105200
2024-02-29,910.5499877929688,910.5499877929688,915.4500122070312,894.4500122070312,909.2000122070312,420400
2024-03-01,917.0999755859375,917.0999755859375,919.6500244140625,907.25,913.2000122070312,124100
2024-03-04,927.4500122070312,927.4500122070312,936.0,923.75,929.8499755859375,177700
2024-03-05,930.3499755859375,930.3499755859375,936.2999877929688,925.2000122070312,927.8499755859375,95600
2024-03-06,917.8499755859375,917.8499755859375,930.2000122070312,901.75,929.7000122070312,129300
2024-03-07,916.5,916.5,925.25,912.5999755859375,920.5499877929688,75300
2024-03-11,906.5499877929688,906.5499877929688,935.1500244140625,903.5999755859375,921.9000244140625,126700
2024-03-12,872.9000244140625,872.9000244140625,913.3499755859375,870.2000122070312,911.9000244140625,345700
2024-03-13,826.5,826.5,882.7999877929688,814.7000122070312,871.0999755859375,446100
2024-03-14,831.5499877929688,831.5499877929688,836.5,808.4500122070312,815.8499755859375,192500
2024-03-15,830.1500244140625,830.1500244140625,846.6500244140625,818.6500244140625,833.4500122070312,284500
2024-03-18,834.0499877929688,834.0499877929688,842.4000244140625,821.0,829.7999877929688,135400
2024-03-19,829.2000122070312,829.2000122070312,839.7000122070312,821.1500244140625,838.75,136000
2024-03-20,834.3499755859375,834.3499755859375,840.6500244140625,819.75,833.0,103400
2024-03-21,859.4000244140625,859.4000244140625,861.0499877929688,840.3499755859375,845.3499755859375,123800
2024-03-22,874.5,874.5,876.7999877929688,860.4000244140625,863.5,125600
2024-03-26,888.2000122070312,888.2000122070312,890.7000122070312,868.6500244140625,871.9000244140625,107000
2024-03-27,895.75,895.75,900.5,892.4000244140625,893.9000244140625,102400
2024-03-28,900.6500244140625,900.6500244140625,905.4000244140625,889.1500244140625,900.5999755859375,124900
2024-04-01,939.9000244140625,939.9000244140625,943.2999877929688,903.1500244140625,904.4000244140625,148900
2024-04-02,949.3499755859375,949.3499755859375,959.0999755859375,940.0499877929688,942.75,94400
2024-04-03,924.8499755859375,924.8499755859375,946.25,923.0,946.2000122070312,126200
2024-04-04,924.5,924.5,931.4500122070312,919.0499877929688,930.5999755859375,96700
2024-04-05,937.75,937.75,941.2999877929688,926.2000122070312,928.0499877929688,133000
2024-04-08,950.25,950.25,963.7999877929688,947.0499877929688,948.2000122070312,142900
2024-04-09,955.2999877929688,955.2999877929688,970.2000122070312,951.3499755859375,959.2000122070312,120400
2024-04-10,960.9000244140625,960.9000244140625,968.9500122070312,958.8499755859375,959.7999877929688,62000
2024-04-12,952.4000244140625,952.4000244140625,970.8499755859375,950.8499755859375,962.5499877929688,85200
2024-04-15,942.0499877929688,942.0499877929688,950.9500122070312,925.0,930.0,75700
2024-04-16,937.75,937.75,942.0,930.1500244140625,935.2000122070312,72500
2024-04-18,932.75,932.75,952.0499877929688,928.9000244140625,942.5,104000
2024-04-19,926.25,926.25,928.6500244140625,909.7000122070312,920.2000122070312,86800
2024-04-22,933.0999755859375,933.0999755859375,941.3499755859375,931.1500244140625,935.7999877929688,95300
2024-04-23,957.2000122070312,957.2000122070312,962.25,939.4000244140625,941.4000244140625,124700
2024-04-24,965.75,965.75,970.4000244140625,961.5999755859375,963.8499755859375,71200
2024-04-25,963.3499755859375,963.3499755859375,972.2000122070312,950.7999877929688,970.7999877929688,61400
2024-04-26,969.0499877929688,969.0499877929688,971.5499877929688,956.9500122070312,966.5,78800
2024-04-29,959.3499755859375,959.3499755859375,973.4500122070312,952.0499877929688,969.5999755859375,66100
2024-04-30,973.25,973.25,983.0999755859375,962.3499755859375,962.6500244140625,83600
2024-05-02,972.6500244140625,972.6500244140625,973.9500122070312,956.9000244140625,972.5999755859375,85800
2024-05-03,962.6500244140625,962.6500244140625,980.6500244140625,957.0999755859375,979.9000244140625,132700
2024-05-06,989.2000122070312,989.2000122070312,990.75,961.6500244140625,973.4000244140625,181800
2024-05-07,954.7000122070312,954.7000122070312,994.3499755859375,946.0,989.9500122070312,143600
2024-05-08,960.8499755859375,960.8499755859375,964.7999877929688,939.5999755859375,955.2000122070312,110400
2024-05-09,939.4500122070312,939.4500122070312,967.5999755859375,936.25,965.1500244140625,80700
2024-05-10,935.3499755859375,935.3499755859375,949.1500244140625,922.0999755859375,943.5499877929688,101100
2024-05-13,946.9000244140625,946.9000244140625,949.0,914.3499755859375,934.7999877929688,86800
2024-05-14,955.25,955.25,962.7999877929688,946.7000122070312,949.7000122070312,106400
2024-05-15,965.0,965.0,978.75,948.7999877929688,957.1500244140625,154400
2024-05-16,980.75,980.75,984.3499755859375,968.9000244140625,972.4500122070312,171700
2024-05-17,997.0999755859375,997.0999755859375,999.0,980.0499877929688,986.4000244140625,118300
2024-05-21,1004.7000122070312,1004.7000122070312,1007.4500122070312,992.5499877929688,1006.6500244140625,108200
2024-05-22,1018.9000244140625,1018.9000244140625,1023.25,1008.2999877929688,1010.0499877929688,131200
2024-05-23,1030.4000244140625,1030.4000244140625,1033.050048828125,1015.2999877929688,1028.0999755859375,117500
2024-05-24,1023.6500244140625,1023.6500244140625,1032.0,1020.7000122070312,1028.699951171875,85600
2024-05-27,1032.3499755859375,1032.3499755859375,1040.75,1026.949951171875,1029.0,99000
2024-05-28,1010.0,1010.0,1035.25,1005.6500244140625,1034.3499755859375,86100
2024-05-29,1000.9500122070312,1000.9500122070312,1012.9500122070312,998.6500244140625,1007.7999877929688,147600
2024-05-30,996.0499877929688,996.0499877929688,1002.4000244140625,992.2999877929688,998.9500122070312,90400
2024-05-31,1019.4000244140625,1019.4000244140625,1032.8499755859375,1005.25,1011.75,447500
2024-06-03,1080.050048828125,1080.050048828125,1082.449951171875,1049.800048828125,1059.5999755859375,189700
2024-06-04,976.0999755859375,976.0999755859375,1085.5999755859375,930.9000244140625,1085.5999755859375,213200
2024-06-05,1000.7999877929688,1000.7999877929688,1008.2000122070312,936.9500122070312,986.2999877929688,150900
2024-06-06,1047.75,1047.75,1053.800048828125,1011.3499755859375,1011.3499755859375,123600
2024-06-07,1069.5,1069.5,1072.449951171875,1050.5,1054.75,128800
2024-06-10,1083.6500244140625,1083.6500244140625,1089.8499755859375,1075.6500244140625,1077.050048828125,120900
2024-06-11,1095.8499755859375,1095.8499755859375,1104.199951171875,1090.800048828125,1093.3499755859375,94100
2024-06-12,1095.4000244140625,1095.4000244140625,1099.449951171875,1087.4000244140625,1095.0999755859375,143700
2024-06-13,1119.9000244140625,1119.9000244140625,1122.1500244140625,1102.3499755859375,1107.050048828125,127600
2024-06-14,1129.0999755859375,1129.0999755859375,1134.9000244140625,1121.550048828125,1126.75,95600
2024-06-18,1150.300048828125,1150.300048828125,1157.3499755859375,1128.1500244140625,1130.3499755859375,103800
2024-06-19,1117.699951171875,1117.699951171875,1149.9000244140625,1111.0,1149.25,146200
2024-06-20,1140.300048828125,1140.300048828125,1145.5999755859375,1119.449951171875,1124.6500244140625,90300
2024-06-21,1131.9000244140625,1131.9000244140625,1148.0999755859375,1126.800048828125,1140.5,109700
2024-06-24,1135.3499755859375,1135.3499755859375,1138.0,1115.699951171875,1129.0999755859375,115900
2024-06-25,1115.5,1115.5,1141.3499755859375,1105.5999755859375,1140.1500244140625,122700
2024-06-26,1099.5,1099.5,1118.8499755859375,1097.1500244140625,1116.75,98600
2024-06-27,1098.949951171875,1098.949951171875,1107.949951171875,1088.3499755859375,1097.4000244140625,149500
2024-06-28,1104.75,1104.75,1113.5999755859375,1090.6500244140625,1099.25,96300
2024-07-01,1101.050048828125,1101.050048828125,1113.6500244140625,1097.0999755859375,1112.5,0
2024-07-02,1110.1500244140625,1110.1500244140625,1121.699951171875,1101.449951171875,1106.4000244140625,0
2024-07-03,1113.8499755859375,1113.8499755859375,1117.4000244140625,1105.9000244140625,1116.949951171875,0
2024-07-04,1119.5,1119.5,1123.550048828125,1112.050048828125,1120.199951171875,57900
2024-07-05,1119.1500244140625,1119.1500244140625,1123.5,1112.4000244140625,1122.199951171875,84600
2024-07-08,1114.300048828125,1114.300048828125,1125.699951171875,1110.199951171875,1122.4000244140625,63700
2024-07-09,1127.050048828125,1127.050048828125,1129.949951171875,1112.550048828125,1116.1500244140625,54400
2024-07-10,1126.6500244140625,1126.6500244140625,1140.5,1104.300048828125,1134.300048828125,103400
2024-07-11,1109.9000244140625,1109.9000244140625,1132.25,1105.5999755859375,1128.699951171875,56000
2024-07-12,1093.199951171875,1093.199951171875,1115.449951171875,1090.25,1114.8499755859375,90300
2024-07-15,1107.9000244140625,1107.9000244140625,1118.4000244140625,1079.3499755859375,1099.4000244140625,104000
2024-07-16,1126.25,1126.25,1132.699951171875,1110.1500244140625,1112.25,186700
2024-07-18,1122.699951171875,1122.699951171875,1129.3499755859375,1105.1500244140625,1125.5999755859375,97600
2024-07-19,1096.199951171875,1096.199951171875,1125.0999755859375,1084.550048828125,1124.4000244140625,93200
2024-07-22,1090.9000244140625,1090.9000244140625,1097.3499755859375,1076.75,1085.9000244140625,98500
2024-07-23,1065.949951171875,1065.949951171875,1105.699951171875,1043.8499755859375,1096.550048828125,224400
2024-07-24,1074.25,1074.25,1084.949951171875,1059.300048828125,1063.550048828125,147700
2024-07-25,1065.3499755859375,1065.3499755859375,1073.4000244140625,1059.0,1068.949951171875,96700
2024-07-26,1077.6500244140625,1077.6500244140625,1090.9000244140625,1068.25,1070.9000244140625,113500
2024-07-29,1093.050048828125,1093.050048828125,1104.449951171875,1080.0,1088.25,142900
2024-07-30,1097.800048828125,1097.800048828125,1110.5,1093.5,1096.8499755859375,101600
2024-07-31,1093.75,1093.75,1109.75,1086.050048828125,1106.449951171875,133100
2024-08-01,1075.1500244140625,1075.1500244140625,1099.050048828125,1069.25,1097.5,123900
2024-08-02,1037.1500244140625,1037.1500244140625,1067.300048828125,1034.449951171875,1063.550048828125,103100
2024-08-05,992.2999877929688,992.2999877929688,1013.75,981.9500122070312,1010.7999877929688,161800
2024-08-06,1000.5999755859375,1000.5999755859375,1025.300048828125,997.5499877929688,1010.1500244140625,153300
2024-08-07,1018.9500122070312,1018.9500122070312,1034.199951171875,1010.2999877929688,1033.949951171875,70400
2024-08-08,1006.6500244140625,1006.6500244140625,1025.949951171875,1003.8499755859375,1018.7000122070312,63900
2024-08-09,1022.25,1022.25,1029.050048828125,1014.0,1020.5,64600
2024-08-12,1035.699951171875,1035.699951171875,1038.9000244140625,1015.8499755859375,1019.25,92800
2024-08-13,1028.0999755859375,1028.0999755859375,1043.75,1024.6500244140625,1039.4000244140625,63700
2024-08-14,1023.1500244140625,1023.1500244140625,1033.3499755859375,1016.7000122070312,1033.300048828125,75700
2024-08-16,1048.6500244140625,1048.6500244140625,1051.949951171875,1031.0999755859375,1033.550048828125,139200
2024-08-19,1050.199951171875,1050.199951171875,1062.199951171875,1045.0,1054.449951171875,44000
2024-08-20,1052.3499755859375,1052.3499755859375,1054.5,1045.050048828125,1052.6500244140625,69100
2024-08-21,1038.550048828125,1038.550048828125,1051.9000244140625,1035.0,1050.449951171875,58700
2024-08-22,1043.449951171875,1043.449951171875,1045.800048828125,1032.449951171875,1042.6500244140625,48000
2024-08-23,1018.0999755859375,1018.0999755859375,1046.050048828125,1016.7999877929688,1042.5999755859375,80800
2024-08-26,1036.0,1036.0,1038.050048828125,1011.75,1023.0999755859375,86000
2024-08-27,1038.0999755859375,1038.0999755859375,1049.0,1033.699951171875,1036.6500244140625,94900
2024-08-28,1036.199951171875,1036.199951171875,1044.699951171875,1027.449951171875,1040.300048828125,57400
2024-08-29,1034.5,1034.5,1039.25,1028.9000244140625,1036.3499755859375,103500
2024-08-30,1053.4000244140625,1053.4000244140625,1058.4000244140625,1039.0999755859375,1039.0999755859375,341800
2024-09-02,1050.9000244140625,1050.9000244140625,1059.199951171875,1046.9000244140625,1057.1500244140625,64800
2024-09-03,1045.4000244140625,1045.4000244140625,1064.75,1043.5,1053.050048828125,74100
2024-09-04,1052.199951171875,1052.199951171875,1054.5,1034.550048828125,1039.9000244140625,64000
2024-09-05,1041.949951171875,1041.949951171875,1055.550048828125,1039.6500244140625,1054.3499755859375,83300
2024-09-06,1032.0999755859375,1032.0999755859375,1049.699951171875,1028.8499755859375,1046.050048828125,90500
2024-09-09,1029.6500244140625,1029.6500244140625,1038.0,1022.25,1030.949951171875,75200
2024-09-10,1038.75,1038.75,1041.75,1030.5999755859375,1034.4000244140625,60300
2024-09-11,1026.6500244140625,1026.6500244140625,1039.949951171875,1024.300048828125,1038.75,55200
2024-09-12,1035.699951171875,1035.699951171875,1038.050048828125,1024.6500244140625,1032.050048828125,53700
2024-09-13,1053.6500244140625,1053.6500244140625,1056.300048828125,1039.0,1040.6500244140625,108600
2024-09-16,1059.699951171875,1059.699951171875,1070.3499755859375,1052.800048828125,1063.9000244140625,89800
2024-09-17,1066.199951171875,1066.199951171875,1070.1500244140625,1050.3499755859375,1062.1500244140625,76200
2024-09-18,1063.75,1063.75,1071.550048828125,1055.300048828125,1069.0999755859375,54100
2024-09-19,1069.0,1069.0,1081.3499755859375,1042.949951171875,1072.5999755859375,167500
2024-09-20,1101.5999755859375,1101.5999755859375,1114.300048828125,1076.25,1078.449951171875,143100
2024-09-23,1126.1500244140625,1126.1500244140625,1130.4000244140625,1104.800048828125,1112.449951171875,144900
2024-09-24,1122.75,1122.75,1133.9000244140625,1116.6500244140625,1127.949951171875,114200
2024-09-25,1130.1500244140625,1130.1500244140625,1132.4000244140625,1103.949951171875,1112.5999755859375,109500
2024-09-26,1131.300048828125,1131.300048828125,1140.4000244140625,1118.699951171875,1131.9000244140625,118000
2024-09-27,1117.800048828125,1117.800048828125,1128.5,1101.6500244140625,1123.6500244140625,140100
2024-09-30,1099.0,1099.0,1108.550048828125,1088.050048828125,1105.9000244140625,116900
2024-10-01,1096.8499755859375,1096.8499755859375,1104.199951171875,1087.949951171875,1102.050048828125,70500
2024-10-03,1049.0,1049.0,1083.8499755859375,1045.050048828125,1073.4000244140625,119100
2024-10-04,1031.800048828125,1031.800048828125,1048.3499755859375,1011.7999877929688,1047.1500244140625,157900
2024-10-07,1020.1500244140625,1020.1500244140625,1043.6500244140625,1014.3499755859375,1038.0,151400
2024-10-08,1029.949951171875,1029.949951171875,1032.300048828125,1012.75,1014.0,88000
2024-10-09,1052.050048828125,1052.050048828125,1058.25,1028.4000244140625,1035.550048828125,89100
2024-10-10,1047.8499755859375,1047.8499755859375,1066.5999755859375,1046.199951171875,1058.050048828125,87000
2024-10-11,1040.5999755859375,1040.5999755859375,1050.25,1036.0999755859375,1050.0,52900
2024-10-14,1057.3499755859375,1057.3499755859375,1059.8499755859375,1040.1500244140625,1044.449951171875,96400
2024-10-15,1079.050048828125,1079.050048828125,1082.0999755859375,1050.0,1061.5999755859375,75700
2024-10-16,1084.949951171875,1084.949951171875,1086.550048828125,1068.449951171875,1081.1500244140625,87900
2024-10-17,1044.1500244140625,1044.1500244140625,1086.300048828125,1042.4000244140625,1084.5999755859375,99600
2024-10-18,1047.300048828125,1047.300048828125,1051.050048828125,1023.3499755859375,1038.949951171875,70700
2024-10-21,1032.6500244140625,1032.6500244140625,1059.3499755859375,1029.0999755859375,1051.5999755859375,71700
2024-10-22,997.75,997.75,1031.449951171875,993.9000244140625,1030.9000244140625,113200
2024-10-23,997.1500244140625,997.1500244140625,1003.5,973.6500244140625,991.0499877929688,117100
2024-10-24,985.8499755859375,985.8499755859375,1011.0,984.4000244140625,1000.9000244140625,82100
2024-10-25,974.3499755859375,974.3499755859375,993.0,957.0,989.0999755859375,76500
2024-10-28,987.75,987.75,996.0999755859375,961.2000122070312,975.9000244140625,198800
2024-10-29,1001.8499755859375,1001.8499755859375,1002.9500122070312,978.0499877929688,990.2999877929688,112200
2024-10-30,1001.0499877929688,1001.0499877929688,1013.9000244140625,992.25,995.0999755859375,74800
2024-10-31,999.5499877929688,999.5499877929688,1007.2000122070312,990.9000244140625,1001.0,81100
2024-11-01,1009.0999755859375,1009.0999755859375,1014.7000122070312,1004.2000122070312,1009.5999755859375,13100
2024-11-04,979.5,979.5,1010.2999877929688,976.4000244140625,1003.9500122070312,89700
2024-11-05,985.5999755859375,985.5999755859375,988.6500244140625,966.6500244140625,978.75,90800
2024-11-06,1011.0499877929688,1011.0499877929688,1018.5,992.4500122070312,993.5,87300
2024-11-07,996.5499877929688,996.5499877929688,1025.5,994.9500122070312,1013.9000244140625,86300
2024-11-08,967.6500244140625,967.6500244140625,1001.6500244140625,965.7999877929688,1000.4500122070312,65100
2024-11-11,966.2000122070312,966.2000122070312,979.1500244140625,952.6500244140625,965.7999877929688,64300
2024-11-12,967.9500122070312,967.9500122070312,987.7999877929688,961.6500244140625,968.7999877929688,103800
2024-11-13,937.25,937.25,965.8499755859375,929.75,962.3499755859375,94300
2024-11-14,946.9500122070312,946.9500122070312,954.25,937.5999755859375,938.7999877929688,69700
2024-11-18,952.25,952.25,962.7000122070312,946.5999755859375,961.0499877929688,94200
2024-11-19,966.2999877929688,966.2999877929688,977.4000244140625,953.4000244140625,954.7000122070312,73100
2024-11-21,975.2999877929688,975.2999877929688,982.5999755859375,953.9500122070312,968.5,109000
2024-11-22,1006.25,1006.25,1008.9500122070312,963.9500122070312,972.0999755859375,146700
2024-11-25,1028.5,1028.5,1044.199951171875,1023.7999877929688,1034.4000244140625,377500
2024-11-26,1029.1500244140625,1029.1500244140625,1043.0,1027.699951171875,1034.6500244140625,82300
2024-11-27,1024.9000244140625,1024.9000244140625,1031.449951171875,1019.9000244140625,1028.8499755859375,79300
2024-11-28,1025.3499755859375,1025.3499755859375,1041.199951171875,1022.0999755859375,1028.4000244140625,99800
2024-11-29,1020.1500244140625,1020.1500244140625,1028.5,1016.3499755859375,1027.699951171875,81200
2024-12-02,1051.199951171875,1051.199951171875,1054.300048828125,1016.1500244140625,1022.3499755859375,122500
2024-12-03,1054.5999755859375,1054.5999755859375,1062.25,1046.3499755859375,1060.949951171875,90400
2024-12-04,1077.1500244140625,1077.1500244140625,1079.4000244140625,1055.199951171875,1058.4000244140625,118100
2024-12-05,1074.449951171875,1074.449951171875,1083.5,1067.0,1083.4000244140625,66900
2024-12-06,1073.9000244140625,1073.9000244140625,1077.25,1061.949951171875,1076.75,68600
2024-12-09,1076.9000244140625,1076.9000244140625,1084.4000244140625,1070.9000244140625,1071.4000244140625,91700
2024-12-10,1092.3499755859375,1092.3499755859375,1093.6500244140625,1080.0999755859375,1080.550048828125,199900
2024-12-11,1094.3499755859375,1094.3499755859375,1098.5,1089.050048828125,1090.300048828125,144400
2024-12-12,1089.8499755859375,1089.8499755859375,1097.550048828125,1085.9000244140625,1093.050048828125,77400
2024-12-13,1085.050048828125,1085.050048828125,1092.449951171875,1061.050048828125,1085.199951171875,92300
2024-12-16,1118.6500244140625,1118.6500244140625,1123.199951171875,1088.1500244140625,1088.699951171875,179000
2024-12-17,1117.5999755859375,1117.5999755859375,1137.5,1114.5999755859375,1116.5,148700
2024-12-18,1112.4000244140625,1112.4000244140625,1123.4000244140625,1105.699951171875,1122.9000244140625,90400
2024-12-19,1103.25,1103.25,1108.75,1088.0999755859375,1090.1500244140625,81700
2024-12-20,1060.0999755859375,1060.0999755859375,1109.949951171875,1056.25,1106.75,107600
2024-12-23,1075.6500244140625,1075.6500244140625,1086.699951171875,1062.800048828125,1064.550048828125,98400
2024-12-24,1074.75,1074.75,1086.9000244140625,1065.449951171875,1078.75,77200
2024-12-26,1077.25,1077.25,1080.0,1060.0,1073.25,40700
2024-12-27,1071.3499755859375,1071.3499755859375,1081.949951171875,1069.550048828125,1076.949951171875,32700
2024-12-30,1054.8499755859375,1054.8499755859375,1078.9000244140625,1046.25,1068.6500244140625,135800
2024-12-31,1052.3499755859375,1052.3499755859375,1054.550048828125,1040.75,1048.300048828125,51800
2025-01-02,1051.6500244140625,1051.6500244140625,1054.4000244140625,1032.1500244140625,1044.8499755859375,73400
2025-01-03,1045.0999755859375,1045.0999755859375,1057.6500244140625,1041.25,1052.0999755859375,56400
2025-01-06,1012.0499877929688,1012.0499877929688,1056.1500244140625,1008.0999755859375,1051.4000244140625,74700
2025-01-07,1020.0999755859375,1020.0999755859375,1024.0,1008.9500122070312,1014.9500122070312,60300
2025-01-08,1018.5,1018.5,1028.4000244140625,998.9000244140625,1025.699951171875,107100
2025-01-09,990.7000122070312,990.7000122070312,1016.8499755859375,987.7000122070312,1016.0999755859375,73600
2025-01-10,963.2999877929688,963.2999877929688,997.0,961.4500122070312,993.4500122070312,99000
2025-01-13,901.0,901.0,952.0,897.5,949.25,147700
2025-01-14,908.2000122070312,908.2000122070312,917.2000122070312,899.4500122070312,904.0499877929688,114000
2025-01-15,920.8499755859375,920.8499755859375,930.25,903.0499877929688,914.9500122070312,160900
2025-01-16,927.0499877929688,927.0499877929688,952.6500244140625,925.7999877929688,932.25,65500
2025-01-17,939.25,939.25,943.8499755859375,921.5999755859375,924.9000244140625,95200
2025-01-20,945.3499755859375,945.3499755859375,950.0499877929688,934.5499877929688,943.75,54900
2025-01-21,906.4000244140625,906.4000244140625,948.4000244140625,904.5499877929688,946.2999877929688,105900
2025-01-22,865.0499877929688,865.0499877929688,909.0499877929688,854.5499877929688,908.5,176600
2025-01-23,873.7000122070312,873.7000122070312,882.9500122070312,858.0999755859375,862.5499877929688,107100
2025-01-24,853.5499877929688,853.5499877929688,880.8499755859375,851.0499877929688,875.9500122070312,144000
2025-01-27,844.5999755859375,844.5999755859375,865.5499877929688,839.75,849.0499877929688,338600
2025-01-28,862.9000244140625,862.9000244140625,874.3499755859375,842.5499877929688,855.0999755859375,193000
2025-01-29,888.0,888.0,889.4000244140625,860.9000244140625,861.6500244140625,105600
2025-01-30,903.7999877929688,903.7999877929688,914.8499755859375,893.25,894.5,125900
2025-01-31,921.3499755859375,921.3499755859375,927.2000122070312,894.3499755859375,899.9500122070312,123500
2025-02-03,949.7000122070312,949.7000122070312,954.7999877929688,929.5499877929688,943.4000244140625,103800
2025-02-04,954.9500122070312,954.9500122070312,962.5499877929688,947.5999755859375,952.5,84700
2025-02-05,937.2999877929688,937.2999877929688,968.25,934.5,960.1500244140625,83000
2025-02-06,916.7999877929688,916.7999877929688,945.8499755859375,914.4000244140625,942.3499755859375,108900
2025-02-07,917.7000122070312,917.7000122070312,933.0,909.4500122070312,918.2999877929688,105500
2025-02-10,890.2999877929688,890.2999877929688,918.4000244140625,883.9000244140625,915.9000244140625,66200
2025-02-11,863.0,863.0,890.9500122070312,853.5999755859375,890.0499877929688,85500
2025-02-12,839.3499755859375,839.3499755859375,862.6500244140625,835.3499755859375,862.4500122070312,182400
2025-02-13,846.1500244140625,846.1500244140625,855.7999877929688,831.25,839.4500122070312,140900
2025-02-14,831.4500122070312,831.4500122070312,850.9000244140625,818.75,847.7000122070312,99600
2025-02-17,831.5499877929688,831.5499877929688,838.0999755859375,806.0499877929688,823.6500244140625,82000
2025-02-18,832.0499877929688,832.0499877929688,835.4500122070312,820.2999877929688,832.5499877929688,79000
2025-02-19,845.9500122070312,845.9500122070312,857.5,821.9000244140625,827.4500122070312,86700
2025-02-20,855.4000244140625,855.4000244140625,859.0,836.7999877929688,843.3499755859375,60100
2025-02-21,844.5,844.5,866.4500122070312,839.6500244140625,853.5999755859375,87300
2025-02-24,837.6500244140625,837.6500244140625,844.2000122070312,824.2000122070312,837.5499877929688,83200
2025-02-25,826.6500244140625,826.6500244140625,839.0499877929688,823.0999755859375,836.25,92300
2025-02-27,809.3499755859375,809.3499755859375,829.5999755859375,804.9500122070312,825.3499755859375,111900
2025-02-28,797.9000244140625,797.9000244140625,808.0499877929688,787.2000122070312,800.7000122070312,192700
2025-03-03,807.9500122070312,807.9500122070312,810.75,783.0,798.25,93000
2025-03-04,808.75,808.75,815.4000244140625,785.9000244140625,798.0999755859375,72500
2025-03-05,827.5499877929688,827.5499877929688,830.0,806.2999877929688,806.2999877929688,67600
2025-03-06,826.1500244140625,826.1500244140625,840.25,824.2999877929688,835.6500244140625,62200
2025-03-07,816.3499755859375,816.3499755859375,835.5,813.75,828.8499755859375,111600
2025-03-10,799.7000122070312,799.7000122070312,823.9500122070312,795.8499755859375,816.6500244140625,71300
2025-03-11,828.7000122070312,828.7000122070312,832.25,790.5,794.0,111800
2025-03-12,815.0499877929688,815.0499877929688,834.7999877929688,808.4000244140625,829.2999877929688,86500
2025-03-13,800.1500244140625,800.1500244140625,818.5999755859375,798.0999755859375,817.4500122070312,74500
2025-03-17,797.0999755859375,797.0999755859375,806.25,792.0,801.8499755859375,63800
2025-03-18,822.2999877929688,822.2999877929688,824.4000244140625,801.3499755859375,801.5,140200
2025-03-19,845.3499755859375,845.3499755859375,847.4000244140625,824.3499755859375,825.2000122070312,211900
2025-03-20,854.4000244140625,854.4000244140625,860.4500122070312,844.0999755859375,850.7999877929688,125400
2025-03-21,862.75,862.75,882.1500244140625,853.2000122070312,854.0999755859375,228200
2025-03-24,875.9500122070312,875.9500122070312,882.9500122070312,867.0499877929688,873.8499755859375,136200
2025-03-25,863.2000122070312,863.2000122070312,888.2999877929688,859.5499877929688,882.9000244140625,88000
2025-03-26,852.0499877929688,852.0499877929688,879.0999755859375,848.9500122070312,863.4000244140625,110200
2025-03-27,863.5499877929688,863.5499877929688,868.3499755859375,845.2999877929688,848.25,92100
2025-03-28,851.2999877929688,851.2999877929688,868.75,848.5499877929688,866.2999877929688,77100
2025-04-01,824.8499755859375,824.8499755859375,853.25,819.9500122070312,852.2000122070312,82700
2025-04-02,854.6500244140625,854.6500244140625,855.7999877929688,825.75,825.8499755859375,119700
2025-04-03,853.7999877929688,853.7999877929688,858.5499877929688,840.5999755859375,842.0999755859375,80900
2025-04-04,823.0499877929688,823.0499877929688,853.25,814.5499877929688,851.2999877929688,84000
2025-04-07,776.2000122070312,776.2000122070312,790.5999755859375,765.7999877929688,771.7999877929688,135200
2025-04-08,795.4000244140625,795.4000244140625,804.4000244140625,783.0499877929688,795.0,119800
2025-04-09,780.2999877929688,780.2999877929688,797.2000122070312,772.7000122070312,797.0999755859375,93400
2025-04-11,790.1500244140625,790.1500244140625,800.4500122070312,785.7999877929688,792.7000122070312,115700
2025-04-15,834.75,834.75,836.3499755859375,803.5999755859375,808.0,206500
2025-04-16,840.7999877929688,840.7999877929688,843.4000244140625,833.1500244140625,839.2999877929688,94200
2025-04-17,845.0999755859375,845.0999755859375,848.2999877929688,837.0999755859375,841.1500244140625,91800
2025-04-21,864.0999755859375,864.0999755859375,867.25,839.6500244140625,852.75,152400
2025-04-22,885.0,885.0,890.75,859.6500244140625,868.8499755859375,221200
2025-04-23,896.75,896.75,904.6500244140625,885.5999755859375,892.2000122070312,136600
2025-04-24,884.1500244140625,884.1500244140625,900.75,880.2999877929688,898.5,98600
2025-04-25,859.3499755859375,859.3499755859375,895.7000122070312,853.7999877929688,890.0499877929688,167800
2025-04-28,871.5,871.5,872.6500244140625,857.7999877929688,860.25,86200
2025-04-29,869.25,869.25,880.3499755859375,865.9000244140625,871.2999877929688,113300
2025-04-30,885.8499755859375,885.8499755859375,901.0999755859375,870.7999877929688,874.1500244140625,232500
2025-05-02,881.5499877929688,881.5499877929688,895.0499877929688,873.3499755859375,879.25,148800
2025-05-05,887.3499755859375,887.3499755859375,890.9000244140625,873.6500244140625,887.25,79100
2025-05-06,855.5999755859375,855.5999755859375,890.0999755859375,852.9500122070312,886.4000244140625,84800
2025-05-07,865.1500244140625,865.1500244140625,866.8499755859375,842.0999755859375,846.5,88000
2025-05-08,843.7999877929688,843.7999877929688,871.7000122070312,834.9500122070312,866.0499877929688,91300
2025-05-09,823.75,823.75,835.25,808.4000244140625,824.5,176800
2025-05-12,872.5999755859375,872.5999755859375,874.3499755859375,852.7000122070312,857.5,129300
2025-05-13,866.2999877929688,866.2999877929688,877.4000244140625,860.6500244140625,872.5999755859375,104400
2025-05-14,881.0,881.0,885.3499755859375,865.6500244140625,866.0999755859375,104100
2025-05-15,897.9500122070312,897.9500122070312,901.2999877929688,873.5,883.25,118600
2025-05-16,912.5499877929688,912.5499877929688,917.2999877929688,892.1500244140625,901.5999755859375,174200
2025-05-19,933.2000122070312,933.2000122070312,935.2999877929688,908.5,914.8499755859375,140400
2025-05-20,922.7999877929688,922.7999877929688,947.2999877929688,920.1500244140625,946.5499877929688,311400
2025-05-21,938.7000122070312,938.7000122070312,945.0499877929688,926.5,927.7000122070312,146500
2025-05-22,934.4000244140625,934.4000244140625,943.0,927.0499877929688,937.2000122070312,87000
2025-05-23,936.8499755859375,936.8499755859375,943.9500122070312,932.0999755859375,934.6500244140625,60300
2025-05-26,944.0,944.0,953.7000122070312,935.5499877929688,939.5999755859375,102200
2025-05-27,946.2999877929688,946.2999877929688,950.2000122070312,937.8499755859375,944.7999877929688,103900
2025-05-28,944.9000244140625,944.9000244140625,955.0999755859375,942.5,948.25,86800
2025-05-29,955.7000122070312,955.7000122070312,957.7999877929688,938.75,950.2999877929688,192800
2025-05-30,949.3499755859375,949.3499755859375,962.0,942.8499755859375,958.5,245700
2025-06-02,971.25,971.25,972.7999877929688,943.0,951.5,183200
2025-06-03,982.9000244140625,982.9000244140625,991.3499755859375,971.5,978.5999755859375,178200
2025-06-04,976.0,976.0,988.5499877929688,969.6500244140625,988.0499877929688,102500
2025-06-05,993.0999755859375,993.0999755859375,1000.1500244140625,976.5999755859375,980.7000122070312,176200
2025-06-06,1039.5999755859375,1039.5999755859375,1042.5999755859375,994.5499877929688,996.3499755859375,316700
2025-06-09,1038.1500244140625,1038.1500244140625,1049.699951171875,1034.050048828125,1049.6500244140625,157700
2025-06-10,1026.300048828125,1026.300048828125,1045.199951171875,1024.4000244140625,1041.75,104500
2025-06-11,1027.25,1027.25,1036.5999755859375,1019.3499755859375,1027.8499755859375,96700
2025-06-12,1006.4500122070312,1006.4500122070312,1028.300048828125,1004.0,1027.6500244140625,82900
2025-06-13,1007.0499877929688,1007.0499877929688,1010.2000122070312,981.9000244140625,982.3499755859375,109200
2025-06-16,1020.2999877929688,1020.2999877929688,1021.8499755859375,996.4500122070312,1007.0,79900
2025-06-17,1013.7000122070312,1013.7000122070312,1038.699951171875,1012.4500122070312,1023.9500122070312,129700
2025-06-18,1008.9000244140625,1008.9000244140625,1028.5999755859375,1004.7999877929688,1016.5499877929688,96500
2025-06-19,992.75,992.75,1015.5,989.5,1009.4500122070312,104000
2025-06-20,1013.6500244140625,1013.6500244140625,1017.9500122070312,993.8499755859375,994.25,163600
2025-06-23,1012.6500244140625,1012.6500244140625,1018.1500244140625,1003.6500244140625,1006.8499755859375,93400
2025-06-24,1014.25,1014.25,1029.5999755859375,1012.7999877929688,1024.550048828125,120000
2025-06-25,1019.7000122070312,1019.7000122070312,1021.25,1009.7000122070312,1019.9000244140625,105200
2025-06-26,1009.5499877929688,1009.5499877929688,1022.4500122070312,999.3499755859375,1021.25,120600
2025-06-27,993.9500122070312,993.9500122070312,1017.3499755859375,991.5,1013.0,120400
2025-06-30,986.5499877929688,986.5499877929688,1001.25,985.25,999.4500122070312,272400
2025-07-01,984.2000122070312,984.2000122070312,994.8499755859375,977.3499755859375,992.9000244140625,344200
2025-07-02,970.0499877929688,970.0499877929688,988.2000122070312,964.0,985.5,220000
2025-07-03,963.1500244140625,963.1500244140625,974.1500244140625,962.25,971.1500244140625,103900
2025-07-04,971.9500122070312,971.9500122070312,973.75,960.2999877929688,965.1500244140625,64600
2025-07-07,972.75,972.75,976.7999877929688,965.8499755859375,972.1500244140625,44800
2025-07-08,982.3499755859375,982.3499755859375,983.0499877929688,964.7000122070312,974.9000244140625,97700
2025-07-09,967.75,967.75,979.9000244140625,964.4000244140625,979.7999877929688,89500
2025-07-10,974.7000122070312,974.7000122070312,977.8499755859375,966.5,969.8499755859375,96300
2025-07-11,962.9000244140625,962.9000244140625,975.6500244140625,961.5,974.25,98600
2025-07-14,976.25,976.25,977.6500244140625,961.6500244140625,964.9500122070312,111900
2025-07-15,983.9500122070312,983.9500122070312,990.75,975.5,979.7000122070312,238900
2025-07-16,988.8499755859375,988.8499755859375,992.9000244140625,982.9000244140625,986.0499877929688,138400
2025-07-17,1001.0999755859375,1001.0999755859375,1005.0,990.5999755859375,994.1500244140625,137500
2025-07-18,999.9000244140625,999.9000244140625,1007.6500244140625,995.25,1005.4500122070312,93100
2025-07-21,1006.25,1006.25,1007.25,996.0499877929688,1000.9000244140625,102600
2025-07-22,996.0499877929688,996.0499877929688,1009.2999877929688,993.8499755859375,1007.9000244140625,90500
2025-07-23,970.2000122070312,970.2000122070312,987.4000244140625,965.9000244140625,986.9000244140625,322700
2025-07-24,960.0999755859375,960.0999755859375,971.9500122070312,954.2999877929688,970.75,79900
2025-07-25,950.5999755859375,950.5999755859375,966.7000122070312,947.9000244140625,957.0,289900
2025-07-28,911.9000244140625,911.9000244140625,946.0499877929688,909.0,945.0999755859375,199000
2025-07-29,926.5,926.5,929.3499755859375,910.4000244140625,910.8499755859375,130200
2025-07-30,917.6500244140625,917.6500244140625,928.9000244140625,915.9000244140625,926.25,71200
2025-07-31,912.3499755859375,912.3499755859375,915.25,902.9500122070312,905.75,94600
2025-08-01,896.1500244140625,896.1500244140625,918.0,893.4500122070312,912.25,78100
2025-08-04,912.0499877929688,912.0499877929688,914.5,893.5999755859375,897.4000244140625,60600
2025-08-05,907.8499755859375,907.8499755859375,915.75,898.3499755859375,913.75,87500
2025-08-06,894.1500244140625,894.1500244140625,909.7999877929688,883.7999877929688,908.75,121700
2025-08-07,893.0,893.0,896.4500122070312,879.2000122070312,887.0,96700
2025-08-08,874.1500244140625,874.1500244140625,896.5999755859375,871.4000244140625,892.25,74400
2025-08-11,890.4000244140625,890.4000244140625,892.0,871.5,875.25,83900
2025-08-12,883.9000244140625,883.9000244140625,891.5,880.7999877929688,891.4000244140625,66200
2025-08-13,886.0499877929688,886.0499877929688,893.2000122070312,884.0499877929688,885.4000244140625,60500
2025-08-14,879.3499755859375,879.3499755859375,893.1500244140625,877.25,888.9000244140625,83600
2025-08-18,898.4500122070312,898.4500122070312,906.9500122070312,887.5999755859375,890.25,104700
2025-08-19,904.2999877929688,904.2999877929688,905.25,889.6500244140625,900.25,81300
2025-08-20,913.8499755859375,913.8499755859375,916.9000244140625,902.4000244140625,905.4500122070312,82900
2025-08-21,917.3499755859375,917.3499755859375,930.5,915.2999877929688,917.75,99100
2025-08-22,909.6500244140625,909.6500244140625,919.25,908.5,918.5,57300
2025-08-25,916.4500122070312,916.4500122070312,923.6500244140625,912.25,913.5499877929688,55400
2025-08-26,895.9500122070312,895.9500122070312,915.9000244140625,893.3499755859375,915.0,70500
2025-08-28,882.5,882.5,896.7999877929688,879.4500122070312,896.25,78500
2025-08-29,870.75,870.75,886.0999755859375,867.9500122070312,878.7999877929688,88800
2025-09-01,879.7999877929688,879.7999877929688,881.2999877929688,866.9500122070312,867.2000122070312,50500
2025-09-02,886.1500244140625,886.1500244140625,895.75,881.0499877929688,884.0999755859375,75500
2025-09-03,889.6500244140625,889.6500244140625,891.25,881.2000122070312,888.6500244140625,64800
2025-09-04,882.75,882.75,904.3499755859375,880.75,899.7999877929688,84200
2025-09-05,872.5,872.5,889.1500244140625,864.9500122070312,886.5499877929688,74200
2025-09-08,876.5499877929688,876.5499877929688,883.0,875.1500244140625,878.9000244140625,48800
2025-09-09,873.9500122070312,873.9500122070312,878.9500122070312,868.9000244140625,877.8499755859375,55400
2025-09-10,883.7999877929688,883.7999877929688,889.5,875.7000122070312,877.7000122070312,85300
2025-09-11,883.7999877929688,883.7999877929688,888.9000244140625,879.3499755859375,884.9000244140625,44300
2025-09-12,884.3499755859375,884.3499755859375,891.7000122070312,878.75,890.4000244140625,84400
2025-09-15,905.6500244140625,905.6500244140625,912.6500244140625,885.7999877929688,887.7999877929688,431300
2025-09-16,915.3499755859375,915.3499755859375,918.0499877929688,905.4000244140625,908.2999877929688,230700
2025-09-17,919.0999755859375,919.0999755859375,922.2999877929688,913.3499755859375,921.2000122070312,85300
2025-09-18,918.4500122070312,918.4500122070312,928.3499755859375,915.6500244140625,920.8499755859375,90300
2025-09-19,923.5,923.5,927.6500244140625,913.7999877929688,919.9500122070312,323400
2025-09-22,921.5499877929688,921.5499877929688,933.8499755859375,918.7000122070312,924.75,318300
2025-09-23,913.3499755859375,913.3499755859375,924.9000244140625,909.9500122070312,922.3499755859375,118900
2025-09-24,890.5999755859375,890.5999755859375,915.0999755859375,888.25,912.4500122070312,323200
2025-09-25,875.9000244140625,875.9000244140625,893.4500122070312,872.6500244140625,890.7999877929688,142400
2025-09-26,867.1500244140625,867.1500244140625,879.7000122070312,866.1500244140625,875.9500122070312,207000
2025-09-29,874.75,874.75,880.0999755859375,869.4500122070312,872.9000244140625,241500
2025-09-30,867.5999755859375,867.5999755859375,877.25,862.7000122070312,877.1500244140625,140900
2025-10-01,877.1500244140625,877.1500244140625,881.0999755859375,867.2999877929688,869.0,109000
2025-10-03,876.0999755859375,876.0999755859375,880.8499755859375,870.5999755859375,879.4500122070312,188000
2025-10-06,882.0999755859375,882.0999755859375,883.25,871.5999755859375,880.0,108600
2025-10-07,891.7000122070312,891.7000122070312,892.9000244140625,876.1500244140625,883.4000244140625,208500
2025-10-08,875.4000244140625,875.4000244140625,891.4000244140625,872.9500122070312,889.4500122070312,144800
2025-10-09,881.9000244140625,881.9000244140625,889.5999755859375,874.5499877929688,881.5499877929688,139700
2025-10-10,896.6500244140625,896.6500244140625,900.5,879.0499877929688,883.0499877929688,115600
2025-10-13,896.7999877929688,896.7999877929688,899.4000244140625,884.5499877929688,895.2999877929688,82700
2025-10-14,888.3499755859375,888.3499755859375,901.75,886.3499755859375,901.75,94000
2025-10-15,915.4000244140625,915.4000244140625,920.75,889.5999755859375,890.5499877929688,181000
2025-10-16,932.7999877929688,932.7999877929688,935.0,919.25,920.8499755859375,201000
2025-10-17,933.75,933.75,939.9000244140625,925.8499755859375,930.5999755859375,163400
2025-10-20,938.2000122070312,938.2000122070312,941.2999877929688,929.0999755859375,938.6500244140625,91900
2025-10-21,937.4000244140625,937.4000244140625,942.5999755859375,935.0,941.2999877929688,18200
2025-10-23,939.2000122070312,939.2000122070312,946.75,935.9000244140625,940.5999755859375,115400
2025-10-24,940.9000244140625,940.9000244140625,948.25,938.0499877929688,940.5499877929688,82600
2025-10-27,954.6500244140625,954.6500244140625,958.4000244140625,944.75,945.9500122070312,100500
2025-10-28,944.5999755859375,944.5999755859375,956.1500244140625,940.4000244140625,955.4500122070312,72300
2025-10-29,950.5,950.5,953.8499755859375,942.2000122070312,946.75,82700
2025-10-30,950.9000244140625,950.9000244140625,956.8499755859375,945.4000244140625,953.9000244140625,98300
2025-10-31,947.5499877929688,947.5499877929688,964.0,945.7000122070312,950.0,159700
2025-11-03,968.6500244140625,968.6500244140625,974.5,945.3499755859375,948.1500244140625,8400
2025-11-04,961.0999755859375,961.0999755859375,972.5999755859375,959.6500244140625,969.1500244140625,88800
2025-11-06,946.5999755859375,946.5999755859375,963.7999877929688,944.7000122070312,961.0999755859375,94800
2025-11-07,946.4000244140625,946.4000244140625,948.4000244140625,930.5999755859375,943.1500244140625,85300
2025-11-10,944.1500244140625,944.1500244140625,952.8499755859375,942.6500244140625,947.9500122070312,79500
2025-11-11,942.5999755859375,942.5999755859375,947.0999755859375,934.0499877929688,946.4500122070312,72700
2025-11-12,937.9500122070312,937.9500122070312,950.75,935.7000122070312,945.1500244140625,85700
2025-11-13,941.9000244140625,941.9000244140625,952.1500244140625,940.25,940.25,85600
2025-11-14,941.1500244140625,941.1500244140625,943.75,932.75,940.7999877929688,56000
2025-11-17,945.3499755859375,945.3499755859375,949.5,941.5999755859375,945.7999877929688,85200
2025-11-18,927.2999877929688,927.2999877929688,948.1500244140625,926.1500244140625,947.0999755859375,54700
2025-11-19,924.0499877929688,924.0499877929688,928.4000244140625,917.25,925.7999877929688,70600
2025-11-20,922.7999877929688,922.7999877929688,927.9500122070312,918.5999755859375,926.9000244140625,52000
2025-11-21,905.5999755859375,905.5999755859375,924.5999755859375,903.2999877929688,923.0999755859375,84500
2025-11-24,887.0,887.0,907.5999755859375,884.5999755859375,905.7999877929688,137500
2025-11-25,901.3499755859375,901.3499755859375,903.7999877929688,887.2000122070312,888.5,108700
2025-11-26,911.4500122070312,911.4500122070312,913.0,899.9500122070312,901.5,119600
2025-11-27,904.9000244140625,904.9000244140625,916.25,902.9000244140625,914.3499755859375,53400
2025-11-28,903.1500244140625,903.1500244140625,908.7999877929688,899.5,906.6500244140625,63600
2025-12-01,893.9000244140625,893.9000244140625,908.5999755859375,890.3499755859375,906.7999877929688,63000
2025-12-02,892.0499877929688,892.0499877929688,897.1500244140625,888.7999877929688,893.5999755859375,80900
2025-12-03,885.3499755859375,885.3499755859375,894.0999755859375,882.0499877929688,892.5999755859375,53900
2025-12-04,890.0999755859375,890.0999755859375,895.0999755859375,881.75,885.5499877929688,66100
2025-12-05,893.1500244140625,893.1500244140625,903.0499877929688,887.2999877929688,889.25,75200
2025-12-08,861.6500244140625,861.6500244140625,898.3499755859375,857.3499755859375,893.7000122070312,118600
2025-12-09,869.8499755859375,869.8499755859375,874.8499755859375,851.5999755859375,858.1500244140625,139600
2025-12-10,866.7000122070312,866.7000122070312,879.0499877929688,864.2000122070312,871.4500122070312,105700
2025-12-11,873.2000122070312,873.2000122070312,876.5499877929688,862.4500122070312,865.0999755859375,67900
2025-12-12,886.5499877929688,886.5499877929688,888.5,873.75,876.6500244140625,243400
2025-12-15,886.1500244140625,886.1500244140625,886.9500122070312,874.7999877929688,884.7000122070312,111400
2025-12-16,874.75,874.75,885.5,872.1500244140625,885.5,50100
2025-12-17,867.4000244140625,867.4000244140625,881.6500244140625,863.8499755859375,880.7000122070312,63900
2025-12-18,870.3499755859375,870.3499755859375,874.7999877929688,856.0499877929688,866.4500122070312,59100
2025-12-19,884.9000244140625,884.9000244140625,887.0,870.0,872.25,82000
2025-12-22,885.1500244140625,885.1500244140625,891.25,883.75,888.9500122070312,50500
2025-12-23,883.6500244140625,883.6500244140625,887.75,880.2000122070312,886.9000244140625,52500
2025-12-24,885.1500244140625,885.1500244140625,892.4500122070312,881.0,884.7000122070312,70400
2025-12-26,883.1500244140625,883.1500244140625,889.2999877929688,880.0499877929688,883.4500122070312,57700
2025-12-29,877.2000122070312,877.2000122070312,886.2000122070312,875.0,883.9000244140625,50100
2025-12-30,869.7999877929688,869.7999877929688,876.1500244140625,865.7000122070312,876.0499877929688,64300
2025-12-31,877.9500122070312,877.9500122070312,881.5,869.25,871.4000244140625,57300
2026-01-02,898.7999877929688,898.7999877929688,899.7999877929688,884.9000244140625,886.5499877929688,127400
2026-01-05,917.4000244140625,917.4000244140625,919.7000122070312,898.0,902.6500244140625,152500
2026-01-06,914.3499755859375,914.3499755859375,920.3499755859375,910.0499877929688,920.1500244140625,82900
2026-01-07,909.7999877929688,909.7999877929688,917.5499877929688,903.4500122070312,914.0499877929688,95500
2026-01-08,894.25,894.25,920.0,891.9000244140625,908.7999877929688,162000
2026-01-09,874.0,874.0,893.1500244140625,868.9500122070312,891.75,141300
2026-01-12,863.2999877929688,863.2999877929688,878.3499755859375,852.1500244140625,874.25,164000
2026-01-13,857.9500122070312,857.9500122070312,871.0999755859375,848.25,865.1500244140625,152100
2026-01-14,850.0499877929688,850.0499877929688,855.75,843.5999755859375,854.5999755859375,126700
2026-01-16,853.0,853.0,867.6500244140625,847.7000122070312,853.0,127400
2026-01-19,836.0,836.0,849.9500122070312,832.5999755859375,849.0999755859375,96900
2026-01-20,793.9000244140625,793.9000244140625,834.25,789.7000122070312,834.25,212100
2026-01-21,788.2999877929688,788.2999877929688,797.6500244140625,778.4000244140625,791.8499755859375,177900
2026-01-22,782.5,782.5,797.1500244140625,777.9000244140625,794.7999877929688,182700
2026-01-23,756.3499755859375,756.3499755859375,785.9500122070312,754.5499877929688,785.8499755859375,245500
2026-01-27,759.4000244140625,759.4000244140625,763.8499755859375,742.2000122070312,759.8499755859375,283800
2026-01-28,771.2999877929688,771.2999877929688,776.0999755859375,759.25,761.7000122070312,165600
2026-01-29,776.5,776.5,779.75,764.6500244140625,772.7999877929688,179100
2026-01-30,783.0,783.0,784.5,766.5999755859375,773.25,205100
2026-02-02,778.0,778.0,780.7000122070312,760.5499877929688,764.1500244140625,362100
2026-02-03,815.2999877929688,815.2999877929688,824.5,806.0499877929688,808.1500244140625,252600
2026-02-04,824.4500122070312,824.4500122070312,826.0,802.0,815.4500122070312,121200
2026-02-05,819.7000122070312,819.7000122070312,823.5,809.6500244140625,823.2000122070312,105300
2026-02-06,824.8499755859375,824.8499755859375,826.0999755859375,807.4500122070312,819.0999755859375,99900
2026-02-09,846.3499755859375,846.3499755859375,848.4500122070312,830.2000122070312,832.25,127900
2026-02-10,849.4000244140625,849.4000244140625,854.5999755859375,844.75,851.0,119900
2026-02-11,854.75,854.75,855.5,841.4000244140625,850.0499877929688,73200
2026-02-12,842.3499755859375,842.3499755859375,853.2000122070312,839.4500122070312,852.8499755859375,94500
2026-02-13,823.5999755859375,823.5999755859375,831.2999877929688,811.2000122070312,831.2999877929688,156100
2026-02-16,836.7000122070312,836.7000122070312,838.2000122070312,817.2000122070312,819.2999877929688,89800
2026-02-17,834.1500244140625,834.1500244140625,838.5,829.6500244140625,834.4500122070312,55500
2026-02-18,839.2999877929688,839.2999877929688,842.4500122070312,826.7999877929688,834.5,103100
2026-02-19,817.8499755859375,817.8499755859375,839.6500244140625,814.5999755859375,838.0999755859375,125000
2026-02-20,820.7000122070312,820.7000122070312,824.0999755859375,812.0,814.1500244140625,91400
2026-02-23,819.1500244140625,819.1500244140625,828.6500244140625,814.0,824.4500122070312,65900
2026-02-24,798.3499755859375,798.3499755859375,818.7999877929688,791.25,815.1500244140625,92400
2026-02-25,796.8499755859375,796.8499755859375,811.2999877929688,792.1500244140625,801.9500122070312,95000
2026-02-26,798.6500244140625,798.6500244140625,803.0999755859375,791.8499755859375,799.0,72100
2026-02-27,780.5999755859375,780.5999755859375,798.7999877929688,778.2000122070312,797.75,133200
2026-03-02,768.0499877929688,768.0499877929688,770.6500244140625,751.75,751.75,135700
2026-03-04,744.1500244140625,744.1500244140625,756.0999755859375,734.0,754.6500244140625,256900
2026-03-05,757.7999877929688,757.7999877929688,760.0,745.8499755859375,749.75,166700
2026-03-06,742.0,742.0,757.3499755859375,740.5999755859375,756.4000244140625,121900
2026-03-09,732.7999877929688,732.7999877929688,734.2999877929688,714.9500122070312,726.0999755859375,134800
2026-03-10,744.1500244140625,744.1500244140625,747.0,734.5499877929688,742.4500122070312,101700
2026-03-11,731.4000244140625,731.4000244140625,754.2999877929688,729.5999755859375,746.9000244140625,96300
2026-03-12,719.5,719.5,731.25,714.2000122070312,727.2000122070312,88200
2026-03-13,709.7999877929688,709.7999877929688,717.0499877929688,704.7999877929688,715.25,109400
2026-03-16,698.6500244140625,698.6500244140625,711.25,685.0,710.4000244140625,169300
2026-03-17,711.25,711.25,714.0,695.0,701.0999755859375,118200
2026-03-18,730.7999877929688,730.7999877929688,735.5999755859375,708.9000244140625,711.2999877929688,160800
2026-03-19,702.9500122070312,702.9500122070312,717.5999755859375,698.9500122070312,717.5999755859375,95100
2026-03-20,696.4000244140625,696.4000244140625,717.0999755859375,694.9000244140625,707.6500244140625,127400
2026-03-23,663.4000244140625,663.4000244140625,688.5,661.3499755859375,686.3499755859375,151400
2026-03-24,673.9500122070312,673.9500122070312,681.5,665.7000122070312,675.6500244140625,219000
2026-03-25,692.0999755859375,692.0999755859375,700.6500244140625,682.7000122070312,683.2999877929688,266000
2026-03-27,670.1500244140625,670.1500244140625,686.9500122070312,667.6500244140625,684.2000122070312,454900
2026-03-30,651.1500244140625,651.1500244140625,667.9000244140625,648.5999755859375,661.7999877929688,231700
2026-04-01,665.0,665.0,672.0,660.3499755859375,666.4500122070312,219000
2026-04-02,672.0999755859375,672.0999755859375,675.1500244140625,638.6500244140625,656.0,207000
2026-04-06,687.0999755859375,687.0999755859375,689.0999755859375,663.4000244140625,672.0499877929688,207200
2026-04-07,698.5999755859375,698.5999755859375,700.0,674.4500122070312,682.0,153000
2026-04-08,745.75,745.75,749.75,731.0499877929688,732.6500244140625,325000
2026-04-09,743.75,743.75,750.0999755859375,731.5,744.75,137500
2026-04-10,759.25,759.25,767.0999755859375,748.4500122070312,750.25,245500
2026-04-13,757.2000122070312,757.2000122070312,761.75,729.0999755859375,739.4000244140625,127000
2026-04-15,776.5499877929688,776.5499877929688,778.4000244140625,766.8499755859375,770.5,191400
2026-04-16,779.5499877929688,779.5499877929688,791.9000244140625,770.9500122070312,784.0,152300
2026-04-17,786.9000244140625,786.9000244140625,789.4500122070312,777.0999755859375,782.3499755859375,111100
2026-04-20,782.0499877929688,782.0499877929688,789.4000244140625,773.3499755859375,785.5999755859375,102200
2026-04-21,798.75,798.75,806.4500122070312,785.2000122070312,785.2000122070312,151100
2026-04-22,803.3499755859375,803.3499755859375,807.6500244140625,797.2000122070312,800.0,109000
2026-04-23,788.6500244140625,788.6500244140625,801.5999755859375,786.4500122070312,800.2999877929688,95000
2026-04-24,778.0,778.0,796.5999755859375,774.5999755859375,788.9500122070312,135800
2026-04-27,797.1500244140625,797.1500244140625,800.1500244140625,783.2999877929688,784.5999755859375,224600
2026-04-28,793.8499755859375,793.8499755859375,802.2999877929688,791.75,799.0499877929688,115300
2026-04-29,805.5999755859375,805.5999755859375,817.2999877929688,796.0,797.5499877929688,116700
2026-04-30,793.5499877929688,793.5499877929688,804.1500244140625,785.9500122070312,802.9000244140625,109000
2026-05-04,812.7000122070312,812.7000122070312,819.9500122070312,800.4500122070312,800.4500122070312,144700
2026-05-05,801.25,801.25,815.9000244140625,798.4000244140625,813.0499877929688,154100
2026-05-06,822.2999877929688,822.2999877929688,823.4000244140625,802.0499877929688,806.1500244140625,148300
2026-05-07,827.5,827.5,828.9500122070312,813.7999877929688,824.5999755859375,136500
2026-05-08,823.5999755859375,823.5999755859375,829.2999877929688,820.2000122070312,827.3499755859375,104700
2026-05-11,798.5,798.5,819.0499877929688,796.75,819.0499877929688,119600
2026-05-12,765.7000122070312,765.7000122070312,801.9000244140625,764.6500244140625,799.2000122070312,169400
2026-05-13,764.25,764.25,773.7999877929688,758.5999755859375,764.1500244140625,99700
2026-05-14,770.0999755859375,770.0999755859375,773.5499877929688,747.2999877929688,767.0,118800
2026-05-15,756.2999877929688,756.2999877929688,773.5,753.75,772.0499877929688,65700
2026-05-18,751.9500122070312,751.9500122070312,754.0499877929688,734.9000244140625,746.4000244140625,109600
2026-05-19,762.7000122070312,762.7000122070312,771.4500122070312,748.8499755859375,750.4000244140625,111900
2026-05-20,767.0499877929688,767.0499877929688,769.2000122070312,747.3499755859375,754.4500122070312,95800
2026-05-21,775.0999755859375,775.0999755859375,779.9000244140625,770.2000122070312,772.8499755859375,94500
2026-05-22,774.4000244140625,774.4000244140625,780.3499755859375,765.7999877929688,778.4500122070312,73000
2026-05-25,786.0499877929688,786.0499877929688,787.4000244140625,780.7999877929688,783.0999755859375,69400
2026-05-26,782.0,782.0,789.9500122070312,779.7000122070312,787.3499755859375,79200
2026-05-27,784.5499877929688,784.5499877929688,793.75,780.7000122070312,783.25,77900
2026-05-29,782.5499877929688,782.5499877929688,800.0999755859375,778.6500244140625,785.3499755859375,357800
2026-06-01,768.2000122070312,768.2000122070312,788.75,766.0499877929688,786.6500244140625,163900
2026-06-02,773.3499755859375,773.3499755859375,777.4500122070312,756.2999877929688,763.75,192600
2026-06-03,762.5999755859375,762.5999755859375,773.7000122070312,753.7999877929688,773.2000122070312,106400
2026-06-04,764.5999755859375,764.5999755859375,769.9000244140625,753.7000122070312,758.0499877929688,219400
2026-06-05,768.9000244140625,768.9000244140625,779.0499877929688,766.2999877929688,767.5999755859375,119000
2026-06-08,749.2000122070312,749.2000122070312,763.8499755859375,744.7000122070312,760.75,101300
2026-06-09,761.4000244140625,761.4000244140625,763.5,750.8499755859375,750.9500122070312,79600
2026-06-10,748.1500244140625,748.1500244140625,763.5499877929688,745.4000244140625,760.7000122070312,56000
2026-06-11,743.3499755859375,743.3499755859375,748.5,738.4500122070312,744.3499755859375,59800
2026-06-12,769.5999755859375,769.5999755859375,770.9500122070312,749.0499877929688,756.0,105500
2026-06-15,800.0499877929688,800.0499877929688,804.5999755859375,785.4000244140625,786.2999877929688,180300
2026-06-16,818.0999755859375,818.0999755859375,819.5,801.0,805.5,132700
2026-06-17,814.5999755859375,814.5999755859375,817.75,809.3499755859375,814.25,197800
2026-06-18,820.2000122070312,820.2000122070312,824.5999755859375,811.0499877929688,815.0,168500
2026-06-19,811.9000244140625,811.9000244140625,817.0,805.7000122070312,817.0,106100
2026-06-22,815.1500244140625,815.1500244140625,817.9500122070312,811.9500122070312,815.6500244140625,79100
2026-06-23,806.0499877929688,806.0499877929688,832.2999877929688,803.75,814.75,146800
2026-06-24,823.5499877929688,823.5499877929688,824.7999877929688,801.2999877929688,804.9500122070312,111900
2026-06-25,826.25,826.25,839.0499877929688,824.1500244140625,829.4000244140625,145200
2026-06-29,818.8499755859375,818.8499755859375,830.0,816.4500122070312,826.4500122070312,113900
2026-06-30,829.5499877929688,829.5499877929688,835.2999877929688,818.5499877929688,823.25,120600
2026-07-01,859.25,859.25,860.6500244140625,832.1500244140625,834.5999755859375,138000
2026-07-02,871.7000122070312,871.7000122070312,872.8499755859375,860.5499877929688,861.9000244140625,177100
2026-07-03,890.7999877929688,890.7999877929688,892.2999877929688,873.0999755859375,878.0499877929688,242100
2026-07-06,906.9500122070312,906.9500122070312,909.9000244140625,891.0499877929688,898.4500122070312,248900
2026-07-07,892.5999755859375,892.5999755859375,911.0999755859375,890.7000122070312,910.4500122070312,172100
2026-07-08,875.9500122070312,875.9500122070312,905.5999755859375,871.0,885.3499755859375,300200
2026-07-09,906.9500122070312,906.9500122070312,910.2000122070312,878.0,878.8499755859375,237100
2026-07-10,938.5999755859375,938.5999755859375,939.5999755859375,896.7000122070312,915.1500244140625,293400
2026-07-13,937.1500244140625,937.1500244140625,938.8499755859375,923.2999877929688,931.2000122070312,169400
2026-07-14,918.6500244140625,918.6500244140625,935.25,917.0999755859375,931.0499877929688,104700
2026-07-15,915.1500244140625,915.1500244140625,931.5499877929688,913.9000244140625,918.7000122070312,106200
2026-07-16,906.1500244140625,906.1500244140625,918.7999877929688,904.7999877929688,918.25,132600
2026-07-17,918.7000122070312,918.7000122070312,922.2000122070312,901.6500244140625,906.0499877929688,189700
2026-07-23,887.25,887.25,906.4000244140625,885.5999755859375,899.9500122070312,0
