Date,Adj Close,Close,High,Low,Open,Volume
2021-07-23,1316.3529052734375,1320.1199951171875,1324.39501953125,1294.5050048828125,1304.4000244140625,2898700
2021-07-26,1348.6455078125,1352.5050048828125,1357.5450439453125,1315.489990234375,1319.9000244140625,4211700
2021-07-27,1376.8447265625,1380.7850341796875,1384.4949951171875,1350.31494140625,1353.114990234375,4134150
2021-07-28,1393.068359375,1397.0550537109375,1400.0999755859375,1375.5,1384.7850341796875,3194930
2021-07-29,1455.7388916015625,1459.905029296875,1492.5,1394.010009765625,1396.0,7105140
2021-07-30,1418.161376953125,1422.219970703125,1461.385009765625,1416.0999755859375,1460.5,3545430
2021-08-02,1408.484130859375,1412.5150146484375,1439.9949951171875,1408.2550048828125,1437.5,2647090
2021-08-03,1425.420654296875,1429.5,1431.8349609375,1416.0,1425.0,2024300
2021-08-04,1414.67138671875,1418.719970703125,1448.5,1415.6099853515625,1428.9949951171875,2831940
2021-08-05,1395.496337890625,1399.489990234375,1424.8900146484375,1396.1600341796875,1420.780029296875,2915270
2021-08-06,1396.5682373046875,1400.56494140625,1410.8699951171875,1397.5,1407.0,1374730
2021-08-09,1420.2255859375,1424.2900390625,1446.0,1400.760009765625,1400.760009765625,3188650
2021-08-10,1399.6444091796875,1403.6500244140625,1433.375,1400.4000244140625,1427.0,2063630
2021-08-11,1416.5660400390625,1420.6199951171875,1423.344970703125,1385.2750244140625,1409.9000244140625,2118500
2021-08-12,1429.9775390625,1434.0699462890625,1438.0,1413.0,1421.0,1609340
2021-08-13,1427.6641845703125,1431.75,1443.0899658203125,1426.5,1434.0,1538430
2021-08-16,1450.778076171875,1454.9300537109375,1460.699951171875,1430.9000244140625,1431.6400146484375,2432620
2021-08-17,1469.5194091796875,1473.7249755859375,1480.0,1436.0050048828125,1452.5,2420690
2021-08-18,1496.3526611328125,1500.635009765625,1523.800048828125,1473.6700439453125,1473.7249755859375,3917340
2021-08-20,1493.5806884765625,1497.85498046875,1514.9000244140625,1480.0050048828125,1485.635009765625,2750520
2021-08-23,1522.8319091796875,1527.18994140625,1542.0,1506.5,1514.800048828125,3266880
2021-08-24,1641.4722900390625,1646.1700439453125,1658.47998046875,1526.0,1536.7550048828125,12743930
2021-08-25,1585.9014892578125,1590.43994140625,1679.9000244140625,1585.0,1654.5,9745980
2021-08-26,1591.3260498046875,1595.8800048828125,1612.4200439453125,1567.8299560546875,1600.050048828125,6068820
2021-08-27,1614.9384765625,1619.56005859375,1625.1949462890625,1578.0050048828125,1608.0,4414750
2021-08-30,1651.314208984375,1656.0400390625,1659.5,1626.0,1647.5,3360380
2021-08-31,1709.9813232421875,1714.875,1720.0,1642.824951171875,1650.0,6521270
2021-09-01,1673.83984375,1678.6300048828125,1726.3499755859375,1674.0150146484375,1716.64501953125,4618430
2021-09-02,1665.5584716796875,1670.324951171875,1690.0,1661.0,1686.5,2768790
2021-09-03,1668.65966796875,1673.43505859375,1685.9849853515625,1656.0,1677.6800537109375,2485550
2021-09-06,1669.9208984375,1674.699951171875,1696.89501953125,1667.5,1683.5,1769580
2021-09-07,1673.3311767578125,1678.1199951171875,1694.469970703125,1663.094970703125,1674.9000244140625,1881930
2021-09-08,1651.3489990234375,1656.074951171875,1688.89501953125,1652.9000244140625,1676.0,1909320
2021-09-09,1670.27001953125,1675.050048828125,1682.6949462890625,1648.405029296875,1659.4000244140625,1808160
2021-09-13,1688.986328125,1693.8199462890625,1699.4000244140625,1658.0,1674.0,2166140
2021-09-14,1678.322021484375,1683.125,1704.0,1679.5799560546875,1700.0,1592270
2021-09-15,1678.087646484375,1682.8900146484375,1698.199951171875,1680.199951171875,1685.125,1231990
2021-09-16,1668.5250244140625,1673.300048828125,1695.0400390625,1662.5,1689.0,1542090
2021-09-17,1679.21435546875,1684.02001953125,1749.9000244140625,1675.0050048828125,1684.0,6549510
2021-09-20,1697.0384521484375,1701.89501953125,1733.4000244140625,1670.010009765625,1677.5050048828125,3252040
2021-09-21,1753.7061767578125,1758.7249755859375,1765.5,1681.405029296875,1710.0,3846940
2021-09-22,1756.4483642578125,1761.4749755859375,1778.0,1750.5,1758.905029296875,2569820
2021-09-23,1845.1046142578125,1850.385009765625,1875.0,1768.2049560546875,1778.75,7125510
2021-09-24,1847.3133544921875,1852.5999755859375,1881.300048828125,1831.739990234375,1859.9949951171875,3731750
2021-09-27,1797.964599609375,1803.1099853515625,1874.760009765625,1793.0050048828125,1857.0,4071680
2021-09-28,1750.0267333984375,1755.0350341796875,1818.5999755859375,1743.010009765625,1818.5,3220580
2021-09-29,1738.4000244140625,1743.375,1764.7900390625,1730.780029296875,1749.8800048828125,3097120
2021-09-30,1773.599365234375,1778.675048828125,1785.9949951171875,1741.219970703125,1750.0,3430000
2021-10-01,1712.8780517578125,1717.780029296875,1773.60498046875,1705.0,1773.60498046875,4326770
2021-10-04,1775.5386962890625,1780.6199951171875,1793.5999755859375,1730.0999755859375,1735.9949951171875,4013250
2021-10-05,1779.656982421875,1784.75,1795.0,1752.5,1775.4000244140625,2681630
2021-10-06,1756.6329345703125,1761.6600341796875,1814.5550537109375,1755.7950439453125,1797.4000244140625,3004210
2021-10-07,1742.0396728515625,1747.0250244140625,1788.0,1742.5,1780.0,2241000
2021-10-08,1749.93701171875,1754.9449462890625,1774.050048828125,1746.0,1762.0,1522380
2021-10-11,1766.340087890625,1771.39501953125,1804.5,1760.699951171875,1766.56494140625,2340900
2021-10-12,1817.06494140625,1822.2650146484375,1847.5,1763.0999755859375,1771.39501953125,4545920
2021-10-13,1813.634765625,1818.824951171875,1857.489990234375,1814.8599853515625,1835.5,3183880
2021-10-14,1843.6138916015625,1848.8900146484375,1854.0,1821.510009765625,1835.0,1968050
2021-10-18,1862.465087890625,1867.7950439453125,1910.0,1855.280029296875,1885.0,2939480
2021-10-19,1902.21142578125,1907.655029296875,1932.5,1860.050048828125,1900.0,3878460
2021-10-20,1855.0113525390625,1860.3199462890625,1906.300048828125,1840.425048828125,1906.300048828125,2247980
2021-10-21,1852.6580810546875,1857.9599609375,1878.9300537109375,1834.6700439453125,1878.800048828125,1925330
2021-10-22,1860.4903564453125,1865.81494140625,1925.0550537109375,1855.0,1860.0,5053300
2021-10-25,1803.5535888671875,1808.7149658203125,1894.699951171875,1800.0,1870.0,3018040
2021-10-26,1830.0975341796875,1835.3349609375,1845.0,1797.5050048828125,1820.0,2967490
2021-10-27,1796.0599365234375,1801.199951171875,1859.9000244140625,1777.0,1859.9000244140625,3253010
2021-10-28,1793.636962890625,1798.77001953125,1837.2049560546875,1780.199951171875,1801.199951171875,3425500
2021-10-29,1777.0294189453125,1782.114990234375,1817.4000244140625,1713.9549560546875,1798.77001953125,3205360
2021-11-01,1751.5572509765625,1756.5699462890625,1798.0,1717.0999755859375,1790.0,3849290
2021-11-02,1749.2537841796875,1754.260009765625,1789.489990234375,1739.2550048828125,1765.0,2719290
2021-11-03,1745.9483642578125,1750.9449462890625,1775.4749755859375,1744.9100341796875,1757.969970703125,1838020
2021-11-04,1754.37939453125,1759.4000244140625,1775.0,1750.0,1765.0,315060
2021-11-08,1826.7470703125,1831.9749755859375,1839.2950439453125,1751.5,1765.0899658203125,3161990
2021-11-09,1812.064208984375,1817.25,1847.5,1808.0,1832.0,1980870
2021-11-10,1827.3853759765625,1832.614990234375,1837.5,1800.25,1814.25,1784330
2021-11-11,1782.0350341796875,1787.135009765625,1835.0,1781.0,1825.0,2155580
2021-11-12,1822.1654052734375,1827.3800048828125,1834.9000244140625,1792.5050048828125,1813.5,2078020
2021-11-15,1807.8760986328125,1813.050048828125,1834.5,1800.0,1827.5,1704610
2021-11-16,1815.778564453125,1820.9749755859375,1851.0999755859375,1811.875,1823.0,2189550
2021-11-17,1820.33056640625,1825.5400390625,1842.0,1811.18994140625,1818.5,1461000
2021-11-18,1787.0108642578125,1792.125,1847.199951171875,1781.1199951171875,1825.5999755859375,2745560
2021-11-22,1702.502685546875,1707.375,1814.0,1683.0050048828125,1814.0,3707000
2021-11-23,1731.853759765625,1736.81005859375,1743.7850341796875,1675.7249755859375,1688.0,2513150
2021-11-24,1735.9022216796875,1740.8699951171875,1764.699951171875,1714.0400390625,1743.199951171875,2740240
2021-11-25,1731.9287109375,1736.885009765625,1752.199951171875,1722.5250244140625,1734.9000244140625,1616200
2021-11-26,1663.494384765625,1668.2550048828125,1723.719970703125,1661.0,1720.0,3424860
2021-11-29,1684.219970703125,1689.0400390625,1709.800048828125,1627.364990234375,1667.0,3042180
2021-11-30,1718.81591796875,1723.7349853515625,1750.0,1688.0,1688.0,4586420
2021-12-01,1733.334716796875,1738.2950439453125,1754.6700439453125,1720.0999755859375,1744.4000244140625,2383490
2021-12-02,1770.747314453125,1775.81494140625,1789.0,1727.344970703125,1740.0,2138810
2021-12-03,1743.8792724609375,1748.8699951171875,1788.9749755859375,1745.0,1775.0,2034590
2021-12-06,1684.524169921875,1689.344970703125,1759.89501953125,1685.0999755859375,1748.699951171875,2036900
2021-12-07,1706.0177001953125,1710.9000244140625,1725.0,1693.1700439453125,1714.0,2300780
2021-12-08,1757.136474609375,1762.1650390625,1767.425048828125,1716.5999755859375,1716.5999755859375,2842990
2021-12-09,1754.6387939453125,1759.6600341796875,1777.18994140625,1748.699951171875,1762.5350341796875,2103820
2021-12-10,1766.0557861328125,1771.1099853515625,1776.35498046875,1730.06494140625,1758.0,2333140
2021-12-13,1727.456298828125,1732.4000244140625,1783.594970703125,1725.0,1775.0,2199130
2021-12-14,1707.4635009765625,1712.3499755859375,1726.0,1686.5,1720.0,2420260
2021-12-15,1661.315673828125,1666.0699462890625,1721.4949951171875,1662.0,1716.9000244140625,2532210
2021-12-16,1665.5684814453125,1670.3349609375,1695.0,1657.5,1687.0,3253500
2021-12-17,1615.7958984375,1620.4200439453125,1685.0,1613.300048828125,1665.0,3054350
2021-12-20,1578.1038818359375,1582.6199951171875,1594.0,1545.0,1594.0,3371600
2021-12-21,1578.6771240234375,1583.1949462890625,1615.0,1567.699951171875,1615.0,3368050
2021-12-22,1590.0394287109375,1594.5899658203125,1618.4949951171875,1583.0,1593.0999755859375,2612920
2021-12-23,1612.375732421875,1616.989990234375,1621.9549560546875,1602.6500244140625,1610.0,1811180
2021-12-24,1587.5118408203125,1592.0550537109375,1625.0,1580.0,1625.0,2087360
2021-12-27,1596.740478515625,1601.31005859375,1613.9949951171875,1556.10498046875,1561.0350341796875,2351140
2021-12-28,1605.490234375,1610.0849609375,1624.9000244140625,1602.1650390625,1617.2349853515625,1457220
2021-12-29,1620.2681884765625,1624.905029296875,1633.0,1596.5999755859375,1610.030029296875,1724280
2021-12-30,1612.141357421875,1616.7550048828125,1628.1800537109375,1597.449951171875,1620.0,2831460
2021-12-31,1635.9383544921875,1640.6199951171875,1650.0,1617.0,1619.7550048828125,2300860
2022-01-03,1693.2841796875,1698.1300048828125,1704.0,1640.6500244140625,1640.6500244140625,2710610
2022-01-04,1708.6551513671875,1713.5450439453125,1719.0,1685.2099609375,1709.9000244140625,2300430
2022-01-05,1793.706787109375,1798.8399658203125,1805.0,1710.0,1710.0,6082100
2022-01-06,1793.5174560546875,1798.6500244140625,1808.0,1770.0999755859375,1770.0999755859375,3511360
2022-01-07,1770.6226806640625,1775.68994140625,1814.2950439453125,1758.0,1807.5,3229140
2022-01-10,1774.80078125,1779.8800048828125,1800.0,1773.06494140625,1780.0,1697970
2022-01-11,1774.87060546875,1779.949951171875,1793.5050048828125,1762.1099853515625,1770.0,1648180
2022-01-12,1788.412109375,1793.530029296875,1819.0,1775.0,1790.0,2233940
2022-01-13,1817.2991943359375,1822.5,1827.489990234375,1790.0,1799.77001953125,2480130
2022-01-14,1815.7735595703125,1820.969970703125,1833.344970703125,1800.0,1804.4000244140625,1553280
2022-01-17,1831.8177490234375,1837.06005859375,1843.5,1822.0999755859375,1829.0,1352730
2022-01-18,1810.1744384765625,1815.35498046875,1855.875,1810.0050048828125,1837.68505859375,2056670
2022-01-19,1802.5712890625,1807.72998046875,1862.0999755859375,1787.5350341796875,1824.0,3481740
2022-01-20,1720.9698486328125,1725.89501953125,1826.199951171875,1708.0,1807.5,5444730
2022-01-21,1628.858642578125,1633.52001953125,1709.5,1622.0,1700.0,5582910
2022-01-24,1566.232666015625,1570.7149658203125,1643.39501953125,1544.4000244140625,1638.8499755859375,4736430
2022-01-25,1548.4635009765625,1552.89501953125,1568.2449951171875,1525.030029296875,1555.050048828125,4090640
2022-01-27,1531.601806640625,1535.9849853515625,1557.0400390625,1501.199951171875,1538.5999755859375,3497270
2022-01-28,1515.5377197265625,1519.875,1578.7650146484375,1515.0,1560.0999755859375,3509310
2022-01-31,1564.4776611328125,1568.9549560546875,1574.0999755859375,1532.969970703125,1559.0,3129920
2022-02-01,1585.8465576171875,1590.385009765625,1601.4949951171875,1550.0,1582.89501953125,3571870
2022-02-02,1665.8326416015625,1670.5999755859375,1675.0,1592.5,1603.010009765625,5257450
2022-02-03,1630.14501953125,1634.81005859375,1671.699951171875,1626.3699951171875,1670.5999755859375,2891370
2022-02-04,1615.9503173828125,1620.574951171875,1646.93505859375,1614.5,1634.800048828125,2945050
2022-02-07,1566.651611328125,1571.135009765625,1636.405029296875,1565.0,1616.0,3566640
2022-02-08,1594.3524169921875,1598.9150390625,1611.97998046875,1572.0,1581.0,4103730
2022-02-09,1621.140625,1625.780029296875,1641.489990234375,1612.0,1618.0,2510230
2022-02-10,1634.6817626953125,1639.3599853515625,1655.0,1603.300048828125,1634.489990234375,2997700
2022-02-11,1606.7117919921875,1611.31005859375,1620.0,1591.0,1600.0,2446960
2022-02-14,1562.942138671875,1567.4150390625,1588.7950439453125,1545.0999755859375,1580.5,2961150
2022-02-15,1632.8521728515625,1637.5250244140625,1642.75,1564.9000244140625,1589.0,3592130
2022-02-16,1622.601318359375,1627.2449951171875,1658.989990234375,1619.010009765625,1642.800048828125,2738740
2022-02-17,1613.50244140625,1618.1199951171875,1641.8299560546875,1608.0999755859375,1636.5999755859375,2144330
2022-02-18,1605.0616455078125,1609.655029296875,1628.9000244140625,1602.5849609375,1606.0999755859375,1743270
2022-02-21,1596.65576171875,1601.2249755859375,1623.81494140625,1578.0,1603.800048828125,2275920
2022-02-22,1614.3250732421875,1618.9449462890625,1627.0,1527.5,1530.0,3223740
2022-02-23,1608.755859375,1613.3599853515625,1639.0,1603.5050048828125,1639.0,2418300
2022-02-24,1520.16943359375,1524.52001953125,1589.5899658203125,1520.0,1560.0,3615630
2022-02-25,1572.714111328125,1577.2149658203125,1606.5,1557.0,1578.800048828125,3203370
2022-02-28,1596.6856689453125,1601.2550048828125,1608.4849853515625,1536.5,1570.0,3732570
2022-03-02,1600.718994140625,1605.300048828125,1615.7149658203125,1563.199951171875,1570.5,2817150
2022-03-03,1565.9287109375,1570.4100341796875,1634.7950439453125,1564.6800537109375,1630.0,3400140
2022-03-04,1528.9442138671875,1533.3199462890625,1567.22998046875,1521.199951171875,1559.0,3380590
2022-03-07,1433.21826171875,1437.3199462890625,1499.4000244140625,1379.989990234375,1499.4000244140625,3715210
2022-03-08,1440.9461669921875,1445.0699462890625,1452.5,1395.10498046875,1440.0,4625690
2022-03-09,1497.2352294921875,1501.52001953125,1519.9549560546875,1440.0,1450.1099853515625,3913410
2022-03-10,1542.331298828125,1546.7449951171875,1585.0,1530.5050048828125,1564.9000244140625,4764050
2022-03-11,1552.4571533203125,1556.9000244140625,1575.0,1528.0,1540.0,3296320
2022-03-14,1563.3759765625,1567.8499755859375,1573.5,1541.1500244140625,1547.56005859375,2852010
2022-03-15,1566.4071044921875,1570.8900146484375,1595.0,1553.405029296875,1574.9000244140625,2965110
2022-03-16,1607.883544921875,1612.4849853515625,1624.0,1585.10498046875,1590.06005859375,2983170
2022-03-17,1632.4083251953125,1637.0799560546875,1658.9000244140625,1625.5,1639.9000244140625,4020680
2022-03-21,1613.46240234375,1618.0799560546875,1644.39501953125,1615.0,1639.9949951171875,2016350
2022-03-22,1644.7529296875,1649.4599609375,1659.0,1595.0999755859375,1625.0,2652790
2022-03-23,1636.052734375,1640.7349853515625,1672.875,1634.4200439453125,1660.0,2290790
2022-03-24,1633.196044921875,1637.8699951171875,1651.199951171875,1627.0,1635.0,1839240
2022-03-25,1628.6690673828125,1633.3299560546875,1650.0,1624.0150146484375,1650.0,1477480
2022-03-28,1647.1810302734375,1651.89501953125,1656.0,1610.10498046875,1640.0,1751870
2022-03-29,1645.4609375,1650.1700439453125,1662.0,1642.31494140625,1653.5999755859375,1981380
2022-03-30,1708.001953125,1712.8900146484375,1724.9849853515625,1653.0999755859375,1660.0,4547640
2022-03-31,1701.1767578125,1706.0450439453125,1730.0,1698.199951171875,1710.0,2986920
2022-04-01,1709.029052734375,1713.9200439453125,1720.0,1701.1199951171875,1703.0,2101410
2022-04-04,1714.727783203125,1719.635009765625,1748.0,1695.5250244140625,1719.9000244140625,3243940
2022-04-05,1677.08544921875,1681.885009765625,1730.0,1675.85498046875,1722.0,3855370
2022-04-06,1667.2286376953125,1672.0,1689.9100341796875,1665.0999755859375,1681.885009765625,2465520
2022-04-07,1650.6661376953125,1655.3900146484375,1670.0,1648.0,1665.0,2167900
2022-04-08,1670.1204833984375,1674.9000244140625,1684.0,1651.72998046875,1670.0,2133830
2022-04-11,1653.0543212890625,1657.7850341796875,1684.5450439453125,1655.0050048828125,1667.5,1696860
2022-04-12,1627.1485595703125,1631.8050537109375,1650.199951171875,1622.2099609375,1650.199951171875,2476470
2022-04-13,1604.41357421875,1609.0050048828125,1650.0,1605.0,1640.4000244140625,2483900
2022-04-18,1578.208251953125,1582.7249755859375,1604.0,1565.43505859375,1604.0,2818890
2022-04-19,1567.56884765625,1572.0550537109375,1608.0,1559.1500244140625,1599.9000244140625,2596960
2022-04-20,1546.504150390625,1550.9300537109375,1579.9949951171875,1532.3299560546875,1572.0999755859375,2517070
2022-04-21,1579.0560302734375,1583.574951171875,1602.0999755859375,1559.2650146484375,1560.0999755859375,2364890
2022-04-22,1541.0098876953125,1545.4200439453125,1574.8499755859375,1543.0,1570.0050048828125,2148760
2022-04-25,1522.158935546875,1526.5150146484375,1540.0,1520.0,1535.0,1642190
2022-04-26,1539.0306396484375,1543.43505859375,1563.324951171875,1530.0050048828125,1555.0,2206380
2022-04-27,1478.4090576171875,1482.6400146484375,1534.1099853515625,1475.135009765625,1534.1099853515625,3411920
2022-04-28,1496.9013671875,1501.18505859375,1525.0,1466.06494140625,1500.0,3475000
2022-04-29,1486.85986328125,1491.114990234375,1528.0,1485.0,1528.0,2211070
2022-05-02,1491.4766845703125,1495.7449951171875,1502.2750244140625,1460.0050048828125,1461.2850341796875,1907980
2022-05-04,1428.15771484375,1432.2449951171875,1505.875,1427.0,1495.7349853515625,3164040
2022-05-05,1409.89013671875,1413.925048828125,1471.0999755859375,1405.0,1449.9000244140625,2969280
2022-05-06,1360.1573486328125,1364.050048828125,1389.530029296875,1351.0,1380.0,3516160
2022-05-09,1374.451416015625,1378.385009765625,1401.1650390625,1336.2850341796875,1354.0,4034090
2022-05-10,1359.12060546875,1363.010009765625,1397.9200439453125,1356.199951171875,1382.0,2563120
2022-05-11,1329.176025390625,1332.97998046875,1383.06494140625,1315.2049560546875,1372.5,2918480
2022-05-12,1281.4027099609375,1285.0699462890625,1326.9000244140625,1275.0,1326.9000244140625,3256960
2022-05-13,1257.23193359375,1260.8299560546875,1323.4749755859375,1257.5,1312.9000244140625,3487640
2022-05-16,1261.91357421875,1265.5250244140625,1277.8699951171875,1245.0,1270.0,4340040
2022-05-17,1293.5081787109375,1297.2099609375,1302.0699462890625,1263.0,1270.47998046875,4286060
2022-05-18,1272.5732421875,1276.2149658203125,1314.9649658203125,1261.0050048828125,1308.0,3740540
2022-05-19,1237.842529296875,1241.385009765625,1255.1949462890625,1217.3800048828125,1248.18994140625,2864010
2022-05-20,1252.5853271484375,1256.1700439453125,1269.9000244140625,1243.1650390625,1263.9000244140625,3233300
2022-05-23,1253.7020263671875,1257.2900390625,1279.4000244140625,1250.0,1265.0,2788860
2022-05-24,1232.20361328125,1235.72998046875,1262.1800537109375,1228.7750244140625,1259.0,2554750
2022-05-25,1237.064697265625,1240.60498046875,1258.81005859375,1233.300048828125,1244.5,2175990
2022-05-26,1244.2142333984375,1247.7750244140625,1258.5,1206.2249755859375,1245.0,3792040
2022-05-27,1272.1990966796875,1275.8399658203125,1289.0,1260.4549560546875,1265.0,3295340
2022-05-30,1288.717041015625,1292.405029296875,1299.0,1283.699951171875,1292.4000244140625,2803920
2022-05-31,1289.7091064453125,1293.4000244140625,1311.1949462890625,1277.3599853515625,1292.405029296875,4199190
2022-06-01,1256.0653076171875,1259.6600341796875,1302.4949951171875,1253.199951171875,1295.9000244140625,2812330
2022-06-02,1289.9083251953125,1293.5999755859375,1303.0,1245.0050048828125,1254.4000244140625,3661460
2022-06-03,1265.5382080078125,1269.1600341796875,1322.0,1265.2049560546875,1310.0,3171800
2022-06-06,1248.068359375,1251.6400146484375,1268.9000244140625,1228.2049560546875,1268.9000244140625,3097470
2022-06-07,1230.348876953125,1233.8699951171875,1244.9949951171875,1223.2349853515625,1244.0,1765480
2022-06-08,1242.94287109375,1246.5,1264.5,1225.0,1241.0999755859375,2368430
2022-06-09,1243.5411376953125,1247.0999755859375,1251.7950439453125,1225.5,1232.550048828125,1742390
2022-06-10,1221.853271484375,1225.3499755859375,1238.094970703125,1217.56494140625,1230.0,2906700
2022-06-13,1135.3555908203125,1138.60498046875,1200.0,1135.0,1200.0,4877320
2022-06-14,1130.4150390625,1133.6500244140625,1157.7650146484375,1126.5050048828125,1138.5,3669480
2022-06-15,1177.599853515625,1180.969970703125,1187.0,1140.0,1140.0,4962890
2022-06-16,1143.916259765625,1147.18994140625,1206.97998046875,1141.10498046875,1202.5,3940410
2022-06-17,1172.1304931640625,1175.4849853515625,1186.43994140625,1135.0,1136.0050048828125,4193620
2022-06-20,1167.6234130859375,1170.9649658203125,1185.0,1153.2049560546875,1185.0,2428580
2022-06-21,1171.636962890625,1174.989990234375,1192.739990234375,1167.989990234375,1184.3800048828125,3079180
2022-06-22,1140.2918701171875,1143.5550537109375,1170.0,1135.0,1170.0,2848330
2022-06-23,1151.9881591796875,1155.2850341796875,1158.9000244140625,1131.4849853515625,1153.75,2535530
2022-06-24,1154.9896240234375,1158.2950439453125,1168.594970703125,1143.0,1166.0,3662910
2022-06-27,1156.2061767578125,1159.5150146484375,1178.0,1155.0,1178.0,2463700
2022-06-28,1133.201904296875,1136.4449462890625,1155.0,1129.0,1154.7550048828125,3490570
2022-06-29,1107.8046875,1110.9749755859375,1124.89501953125,1104.050048828125,1120.0,3902730
2022-06-30,1090.4481201171875,1093.175048828125,1119.5999755859375,1090.9000244140625,1114.9000244140625,3481840
2022-07-01,1129.4306640625,1132.2550048828125,1134.300048828125,1072.719970703125,1092.0,4089830
2022-07-04,1135.9891357421875,1138.8299560546875,1144.300048828125,1121.52001953125,1131.0,3004250
2022-07-05,1149.5953369140625,1152.469970703125,1174.800048828125,1140.9749755859375,1147.9749755859375,4223480
2022-07-06,1199.8494873046875,1202.8499755859375,1207.0,1153.0,1153.5,4782940
2022-07-07,1193.749755859375,1196.7349853515625,1220.0,1185.0,1216.800048828125,2729250
2022-07-08,1197.31591796875,1200.31005859375,1212.72998046875,1188.0,1205.0,1690110
2022-07-11,1190.8369140625,1193.81494140625,1204.655029296875,1183.9549560546875,1189.5,1613680
2022-07-12,1183.515380859375,1186.4749755859375,1199.0,1174.0999755859375,1188.0,2272440
2022-07-13,1174.0841064453125,1177.02001953125,1212.0,1172.0,1189.0999755859375,2672490
2022-07-14,1169.699951171875,1172.625,1195.6800537109375,1163.27001953125,1186.31494140625,2405440
2022-07-15,1181.071533203125,1184.0250244140625,1187.0799560546875,1168.0,1179.699951171875,1711040
2022-07-18,1221.9443359375,1225.0,1228.6600341796875,1192.0050048828125,1194.0,2834830
2022-07-19,1241.3756103515625,1244.47998046875,1247.0,1209.3050537109375,1220.0,4230630
2022-07-20,1238.9766845703125,1242.074951171875,1263.800048828125,1237.199951171875,1263.800048828125,2721470
2022-07-21,1268.472900390625,1271.64501953125,1275.7349853515625,1238.10498046875,1240.0,2713300
2022-07-22,1272.2435302734375,1275.425048828125,1286.5,1265.77001953125,1282.56494140625,3024220
2022-07-25,1258.8070068359375,1261.9549560546875,1279.4949951171875,1257.0,1270.0,1747020
2022-07-26,1327.9791259765625,1331.300048828125,1354.885009765625,1279.0,1300.0,13270240
2022-07-27,1327.385498046875,1330.7049560546875,1338.89501953125,1300.9549560546875,1334.9949951171875,5339660
2022-07-28,1460.552490234375,1464.2049560546875,1522.324951171875,1350.699951171875,1350.699951171875,16276260
2022-07-29,1501.00634765625,1504.760009765625,1520.0999755859375,1481.2149658203125,1500.0,10442350
2022-08-01,1503.550048828125,1507.31005859375,1525.0,1493.0999755859375,1519.9949951171875,4320160
2022-08-02,1518.617431640625,1522.4150390625,1529.0,1486.135009765625,1500.0,4248930
2022-08-03,1520.5875244140625,1524.3900146484375,1533.800048828125,1511.5350341796875,1521.0,3096500
2022-08-04,1514.7420654296875,1518.530029296875,1540.6949462890625,1505.5,1534.9000244140625,3113610
2022-08-05,1504.8218994140625,1508.5849609375,1525.0999755859375,1502.3399658203125,1517.5999755859375,2078470
2022-08-08,1549.1907958984375,1553.06494140625,1558.9000244140625,1504.074951171875,1506.5,4870730
2022-08-10,1560.417724609375,1564.3199462890625,1567.4000244140625,1542.5999755859375,1553.0,4425480
2022-08-11,1569.7694091796875,1573.6949462890625,1593.0,1570.1199951171875,1593.0,2536510
2022-08-12,1572.6124267578125,1576.5450439453125,1588.8399658203125,1568.0,1577.0,2052510
2022-08-16,1587.6048583984375,1591.574951171875,1597.0,1581.0,1581.5,1522190
2022-08-17,1679.8292236328125,1684.030029296875,1714.1500244140625,1593.0,1597.699951171875,9435810
2022-08-18,1676.3978271484375,1680.5899658203125,1698.9000244140625,1662.06494140625,1688.0,3616590
2022-08-19,1624.697021484375,1628.760009765625,1694.699951171875,1612.5,1688.0,5126830
2022-08-22,1583.2108154296875,1587.1700439453125,1629.875,1581.5849609375,1628.800048828125,3722010
2022-08-23,1626.322998046875,1630.3900146484375,1652.050048828125,1567.1700439453125,1579.989990234375,7064070
2022-08-24,1629.3104248046875,1633.385009765625,1642.6400146484375,1618.0250244140625,1629.5,2649190
2022-08-25,1620.5772705078125,1624.6300048828125,1659.5,1620.0,1641.5550537109375,3693150
2022-08-26,1624.5374755859375,1628.5999755859375,1650.655029296875,1625.635009765625,1642.300048828125,2071780
2022-08-29,1604.6273193359375,1608.6400146484375,1619.0,1571.0999755859375,1572.5999755859375,3079400
2022-08-30,1691.983642578125,1696.2149658203125,1700.0,1637.0,1639.0,7661440
2022-09-01,1736.2979736328125,1740.6400146484375,1768.6949462890625,1680.449951171875,1681.0,10171920
2022-09-02,1728.602294921875,1732.925048828125,1784.5,1725.0,1769.5,6944080
2022-09-05,1733.2755126953125,1737.6099853515625,1752.8900146484375,1720.5050048828125,1742.0,3700530
2022-09-06,1692.6622314453125,1696.89501953125,1748.5999755859375,1693.1300048828125,1742.5,5077980
2022-09-07,1701.3055419921875,1705.56005859375,1714.4000244140625,1681.030029296875,1695.0,3207730
2022-09-08,1733.9488525390625,1738.2850341796875,1749.0,1704.199951171875,1728.0,4301170
2022-09-09,1716.27294921875,1720.56494140625,1758.5,1715.405029296875,1755.0,3957300
2022-09-12,1709.530029296875,1713.8050537109375,1742.0,1705.219970703125,1738.0,4250820
2022-09-13,1780.2979736328125,1784.75,1844.0,1750.0,1755.0,10413183
2022-09-14,1800.8466796875,1805.3499755859375,1813.449951171875,1752.0,1769.0,3784309
2022-09-15,1767.779296875,1772.199951171875,1823.949951171875,1770.0,1815.0,3051984
2022-09-16,1730.5723876953125,1734.9000244140625,1785.5,1712.0,1772.199951171875,3277213
2022-09-19,1761.5447998046875,1765.949951171875,1779.300048828125,1737.0,1738.550048828125,2309647
2022-09-20,1795.1109619140625,1799.5999755859375,1812.949951171875,1780.0,1785.0,2832208
2022-09-21,1797.5048828125,1802.0,1820.0,1778.050048828125,1800.0,2080898
2022-09-22,1767.928955078125,1772.3499755859375,1788.0,1733.0,1786.800048828125,4480817
2022-09-23,1717.6048583984375,1721.9000244140625,1778.199951171875,1714.4000244140625,1772.0,2759913
2022-09-26,1672.6171875,1676.800048828125,1745.0999755859375,1661.5,1700.0,4915173
2022-09-27,1675.3603515625,1679.550048828125,1715.75,1665.0,1688.5,2624336
2022-09-28,1648.0784912109375,1652.199951171875,1678.9000244140625,1645.25,1670.0,2114266
2022-09-29,1631.8193359375,1635.9000244140625,1685.0,1628.0,1671.949951171875,2418856
2022-09-30,1674.1634521484375,1678.3499755859375,1699.0,1621.0,1625.75,2788387
2022-10-03,1642.492431640625,1646.5999755859375,1686.0,1638.0,1686.0,1464138
2022-10-04,1696.9066162109375,1701.1500244140625,1705.0,1670.050048828125,1682.0,1806381
2022-10-06,1706.2830810546875,1710.550048828125,1724.1500244140625,1694.9000244140625,1718.0,1661891
2022-10-07,1694.7618408203125,1699.0,1709.8499755859375,1684.5,1708.0,1150275
2022-10-10,1680.1981201171875,1684.4000244140625,1693.949951171875,1657.0,1675.300048828125,1229639
2022-10-11,1668.4775390625,1672.6500244140625,1707.050048828125,1665.0,1684.4000244140625,1402150
2022-10-12,1690.4227294921875,1694.6500244140625,1701.5999755859375,1667.4000244140625,1681.050048828125,1538819
2022-10-13,1677.554931640625,1681.75,1694.550048828125,1666.449951171875,1692.949951171875,1065166
2022-10-14,1684.088623046875,1688.300048828125,1709.0,1685.0999755859375,1709.0,1239168
2022-10-17,1714.9613037109375,1719.25,1725.0,1674.0,1684.0,1551410
2022-10-18,1721.94384765625,1726.25,1736.25,1712.0,1730.0,1661431
2022-10-19,1694.5623779296875,1698.800048828125,1731.0,1692.4000244140625,1725.0,1804532
2022-10-20,1721.3951416015625,1725.699951171875,1730.0,1676.5,1687.0,1438398
2022-10-21,1680.248046875,1684.449951171875,1740.4000244140625,1675.0999755859375,1731.5,2734130
2022-10-24,1697.554931640625,1701.800048828125,1724.199951171875,1693.0,1712.8499755859375,499690
2022-10-25,1654.4129638671875,1658.550048828125,1700.9000244140625,1655.0,1700.0,1870289
2022-10-27,1626.881591796875,1630.949951171875,1676.550048828125,1621.0,1671.6500244140625,2177395
2022-10-28,1649.275634765625,1653.4000244140625,1660.5,1635.0,1639.1500244140625,2115388
2022-10-31,1683.29052734375,1687.5,1689.8499755859375,1662.1500244140625,1665.0,2217631
2022-11-01,1704.7867431640625,1709.050048828125,1714.699951171875,1691.0,1692.0,2002317
2022-11-02,1706.1334228515625,1710.4000244140625,1722.5,1699.25,1705.0,2036615
2022-11-03,1719.200927734375,1723.5,1732.5,1694.0,1697.9000244140625,2205874
2022-11-04,1796.208251953125,1800.699951171875,1805.0,1721.050048828125,1722.9000244140625,6981242
2022-11-07,1773.61474609375,1778.050048828125,1817.9000244140625,1765.550048828125,1813.199951171875,2464569
2022-11-09,1748.327880859375,1752.699951171875,1798.0,1745.550048828125,1797.699951171875,1762741
2022-11-10,1696.1085205078125,1700.3499755859375,1756.9000244140625,1694.0,1745.0,2030748
2022-11-11,1714.9613037109375,1719.25,1748.0,1707.3499755859375,1740.0,1671510
2022-11-14,1714.0635986328125,1718.3499755859375,1735.0,1708.1500244140625,1724.0,1459293
2022-11-15,1704.2381591796875,1708.5,1729.800048828125,1696.300048828125,1723.4000244140625,1401141
2022-11-16,1681.4453125,1685.6500244140625,1714.5,1675.0,1713.699951171875,2040699
2022-11-17,1660.4476318359375,1664.5999755859375,1699.949951171875,1660.199951171875,1685.5999755859375,1875515
2022-11-18,1650.273193359375,1654.4000244140625,1674.6500244140625,1641.199951171875,1668.0,1581747
2022-11-21,1631.7694091796875,1635.8499755859375,1657.699951171875,1625.0,1654.4000244140625,1943750
2022-11-22,1639.2506103515625,1643.3499755859375,1659.9000244140625,1632.0,1635.050048828125,1508906
2022-11-23,1632.1185302734375,1636.199951171875,1656.0,1630.050048828125,1651.5999755859375,1837952
2022-11-24,1629.924072265625,1634.0,1647.449951171875,1620.0,1639.0,1660403
2022-11-25,1629.624755859375,1633.699951171875,1646.949951171875,1624.5,1634.0,1140578
2022-11-28,1648.72705078125,1652.8499755859375,1661.9000244140625,1628.8499755859375,1630.0,2005182
2022-11-29,1627.928955078125,1632.0,1652.8499755859375,1630.050048828125,1649.0,1346735
2022-11-30,1622.442626953125,1626.5,1644.6500244140625,1623.300048828125,1634.199951171875,2900845
2022-12-01,1634.7120361328125,1638.800048828125,1642.5,1624.199951171875,1634.800048828125,2111362
2022-12-02,1638.552490234375,1642.6500244140625,1653.0,1625.25,1632.199951171875,1682841
2022-12-05,1630.12353515625,1634.199951171875,1655.0,1631.4000244140625,1650.0,1383542
2022-12-06,1631.1708984375,1635.25,1646.9000244140625,1628.0,1630.0,1177485
2022-12-07,1602.692138671875,1606.699951171875,1642.0,1593.0,1635.4000244140625,2376490
2022-12-08,1614.5623779296875,1618.5999755859375,1621.800048828125,1600.199951171875,1610.0,1161239
2022-12-09,1594.6123046875,1598.5999755859375,1626.949951171875,1582.0,1622.0,1766412
2022-12-12,1588.1285400390625,1592.0999755859375,1603.949951171875,1570.0999755859375,1586.1500244140625,1365732
2022-12-13,1607.43017578125,1611.449951171875,1616.9000244140625,1591.25,1600.0999755859375,1279634
2022-12-14,1619.0013427734375,1623.050048828125,1627.9000244140625,1613.300048828125,1619.75,1137059
2022-12-15,1600.8966064453125,1604.9000244140625,1631.699951171875,1600.0,1620.0,1041690
2022-12-16,1583.1409912109375,1587.0999755859375,1610.0,1581.1500244140625,1599.0,1533418
2022-12-19,1615.01123046875,1619.050048828125,1627.0,1590.1500244140625,1595.050048828125,1508476
2022-12-20,1611.619873046875,1615.6500244140625,1618.5,1593.050048828125,1614.949951171875,866377
2022-12-21,1577.854248046875,1581.800048828125,1629.25,1575.5,1618.5,1397725
2022-12-22,1540.4478759765625,1544.300048828125,1594.199951171875,1530.0,1586.0999755859375,2100618
2022-12-23,1493.315673828125,1497.050048828125,1543.300048828125,1492.0,1524.300048828125,1673592
2022-12-26,1531.1708984375,1535.0,1544.949951171875,1483.1500244140625,1496.9000244140625,1329547
2022-12-27,1533.8642578125,1537.699951171875,1551.4000244140625,1518.0,1545.0,1102198
2022-12-28,1518.9017333984375,1522.699951171875,1534.699951171875,1513.0,1534.699951171875,1411078
2022-12-29,1507.928955078125,1511.699951171875,1522.0,1503.050048828125,1515.0,3417120
2022-12-30,1543.98876953125,1547.8499755859375,1573.0,1525.8499755859375,1528.0,2638505
2023-01-02,1548.6273193359375,1552.5,1560.0,1528.550048828125,1550.0,1061404
2023-01-03,1559.10107421875,1563.0,1570.0,1544.050048828125,1549.0,1306648
2023-01-04,1543.98876953125,1547.8499755859375,1567.3499755859375,1540.4000244140625,1562.0,1036103
2023-01-05,1465.185791015625,1468.8499755859375,1548.0,1454.699951171875,1548.0,5979381
2023-01-06,1426.781982421875,1430.3499755859375,1473.550048828125,1423.0,1473.550048828125,5207616
2023-01-09,1410.4727783203125,1414.0,1450.9000244140625,1408.6500244140625,1447.0,4513767
2023-01-10,1409.774658203125,1413.300048828125,1429.0,1391.0,1429.0,2903001
2023-01-11,1396.2083740234375,1399.699951171875,1422.8499755859375,1397.050048828125,1418.0,2327598
2023-01-12,1384.3382568359375,1387.800048828125,1414.949951171875,1379.0,1405.0,3168742
2023-01-13,1387.6798095703125,1391.1500244140625,1399.8499755859375,1374.3499755859375,1394.75,3754686
2023-01-16,1380.44775390625,1383.9000244140625,1418.449951171875,1379.199951171875,1398.1500244140625,3480545
2023-01-17,1369.475341796875,1372.9000244140625,1391.5999755859375,1353.949951171875,1389.0,3681802
2023-01-18,1363.8892822265625,1367.300048828125,1380.0,1365.0,1379.800048828125,2589016
2023-01-19,1351.7696533203125,1355.1500244140625,1365.949951171875,1348.0999755859375,1365.0,1910318
2023-01-20,1329.8743896484375,1333.199951171875,1361.6500244140625,1326.550048828125,1360.0,2091612
2023-01-23,1329.4254150390625,1332.75,1345.0,1319.550048828125,1330.0,1832743
2023-01-24,1329.37548828125,1332.699951171875,1349.0,1329.550048828125,1336.25,1311451
2023-01-25,1311.0712890625,1314.3499755859375,1334.9000244140625,1310.0,1334.9000244140625,1549899
2023-01-27,1310.921630859375,1314.199951171875,1336.1500244140625,1302.050048828125,1315.0999755859375,1829556
2023-01-30,1340.497802734375,1343.8499755859375,1360.0,1317.8499755859375,1320.800048828125,4411750
2023-01-31,1339.1011962890625,1342.449951171875,1357.1500244140625,1323.800048828125,1354.4000244140625,2213909
2023-02-01,1265.13623046875,1268.300048828125,1360.0,1246.8499755859375,1348.0,4761664
2023-02-02,1268.727294921875,1271.9000244140625,1288.6500244140625,1252.0999755859375,1269.0,2419664
2023-02-03,1334.11376953125,1337.449951171875,1340.800048828125,1281.300048828125,1305.0,3271913
2023-02-06,1339.6998291015625,1343.050048828125,1349.0,1322.0999755859375,1337.449951171875,1546926
2023-02-07,1347.031494140625,1350.4000244140625,1362.3499755859375,1337.0999755859375,1345.1500244140625,1604424
2023-02-08,1365.4853515625,1368.9000244140625,1377.0,1345.199951171875,1356.949951171875,1516979
2023-02-09,1396.757080078125,1400.25,1409.9000244140625,1356.6500244140625,1370.0,2593600
2023-02-10,1398.2532958984375,1401.75,1418.6500244140625,1394.0,1406.0,2069492
2023-02-13,1385.0863037109375,1388.550048828125,1415.0,1381.75,1404.0,1467695
2023-02-14,1395.111328125,1398.5999755859375,1405.0,1373.6500244140625,1390.0,1390992
2023-02-15,1417.255859375,1420.800048828125,1423.949951171875,1388.050048828125,1398.0,1518171
2023-02-16,1424.6373291015625,1428.199951171875,1435.0,1413.050048828125,1429.0,2153424
2023-02-17,1410.522705078125,1414.050048828125,1427.199951171875,1410.0,1420.050048828125,994199
2023-02-20,1401.0963134765625,1404.5999755859375,1425.800048828125,1400.800048828125,1418.0,993735
2023-02-21,1390.8221435546875,1394.300048828125,1409.4000244140625,1390.0,1409.4000244140625,1117177
2023-02-22,1357.5550537109375,1360.949951171875,1392.0,1356.0,1389.9000244140625,1402505
2023-02-23,1343.590087890625,1346.949951171875,1365.949951171875,1341.0,1362.0,1095460
2023-02-24,1355.610107421875,1359.0,1386.0,1350.3499755859375,1353.699951171875,1342454
2023-02-27,1354.0140380859375,1357.4000244140625,1367.25,1345.0,1357.949951171875,972575
2023-02-28,1331.5701904296875,1334.9000244140625,1371.9000244140625,1330.0,1364.199951171875,1597380
2023-03-01,1340.5477294921875,1343.9000244140625,1360.0,1334.9000244140625,1335.699951171875,1134472
2023-03-02,1340.198486328125,1343.550048828125,1385.949951171875,1337.199951171875,1375.0,3267851
2023-03-03,1351.9691162109375,1355.3499755859375,1364.449951171875,1346.0999755859375,1357.0,1199487
2023-03-06,1377.355712890625,1380.800048828125,1399.449951171875,1357.25,1357.25,2466703
2023-03-08,1377.355712890625,1380.800048828125,1383.800048828125,1357.9000244140625,1375.0,1557533
2023-03-09,1349.1761474609375,1352.550048828125,1378.949951171875,1350.0,1378.0,1545024
2023-03-10,1325.53515625,1328.8499755859375,1342.0,1321.050048828125,1340.0,1389890
2023-03-13,1292.4678955078125,1295.699951171875,1341.199951171875,1291.9000244140625,1326.0,1668502
2023-03-14,1277.355712890625,1280.550048828125,1302.300048828125,1269.0,1300.0,2060607
2023-03-15,1279.4005126953125,1282.5999755859375,1309.699951171875,1278.0,1290.0,1376141
2023-03-16,1290.373046875,1293.5999755859375,1304.0,1270.550048828125,1285.5,1539281
2023-03-17,1298.5028076171875,1301.75,1316.300048828125,1293.0,1304.949951171875,1332869
2023-03-20,1242.2933349609375,1245.4000244140625,1307.949951171875,1231.0,1305.0,3970911
2023-03-21,1264.9366455078125,1268.0999755859375,1271.5,1248.5999755859375,1259.0,2333183
2023-03-22,1291.3209228515625,1294.550048828125,1314.949951171875,1270.550048828125,1271.0,2884348
2023-03-23,1286.7821044921875,1290.0,1310.5,1278.300048828125,1291.949951171875,1947186
2023-03-24,1237.5552978515625,1240.6500244140625,1290.0,1236.199951171875,1281.300048828125,2676573
2023-03-27,1236.009033203125,1239.0999755859375,1251.5999755859375,1226.6500244140625,1245.0,1553877
2023-03-28,1220.0989990234375,1223.1500244140625,1247.8499755859375,1215.0,1245.300048828125,1510246
2023-03-29,1242.9417724609375,1246.050048828125,1252.0,1225.449951171875,1229.300048828125,1657420
2023-03-31,1263.3408203125,1266.5,1270.0,1250.0,1252.300048828125,1830686
2023-04-03,1279.7496337890625,1282.949951171875,1286.550048828125,1265.5,1273.0,1381342
2023-04-05,1276.1090087890625,1279.300048828125,1324.0,1275.5,1296.0,3366621
2023-04-06,1300.697265625,1303.949951171875,1311.449951171875,1271.3499755859375,1279.300048828125,1819711
2023-04-10,1301.794677734375,1305.050048828125,1317.25,1295.6500244140625,1311.0,1297282
2023-04-11,1319.899169921875,1323.199951171875,1325.0,1307.199951171875,1312.949951171875,1281834
2023-04-12,1318.25341796875,1321.550048828125,1329.0,1315.550048828125,1321.0,1105734
2023-04-13,1337.9541015625,1341.300048828125,1346.0,1318.0,1320.9000244140625,1330391
2023-04-17,1337.8045654296875,1341.1500244140625,1352.949951171875,1330.550048828125,1345.0,1073923
2023-04-18,1331.869384765625,1335.199951171875,1348.699951171875,1329.0,1340.0,1236391
2023-04-19,1328.0289306640625,1331.3499755859375,1338.949951171875,1322.050048828125,1335.0,590360
2023-04-20,1328.777099609375,1332.0999755859375,1341.3499755859375,1325.050048828125,1333.949951171875,467602
2023-04-21,1314.6126708984375,1317.9000244140625,1338.0,1306.550048828125,1336.5,825513
2023-04-24,1316.4578857421875,1319.75,1322.9000244140625,1307.8499755859375,1315.0999755859375,1051329
2023-04-25,1342.4429931640625,1345.800048828125,1352.0,1322.0999755859375,1325.0,2725305
2023-04-26,1331.37060546875,1334.699951171875,1349.5,1328.6500244140625,1345.800048828125,889092
2023-04-27,1356.607666015625,1360.0,1374.0,1340.1500244140625,1352.5,3982526
2023-04-28,1351.2708740234375,1354.6500244140625,1368.949951171875,1318.800048828125,1368.949951171875,3376186
2023-05-02,1345.684814453125,1349.050048828125,1370.9000244140625,1345.9000244140625,1360.0,1387425
2023-05-03,1343.6400146484375,1347.0,1350.949951171875,1330.0,1345.0,903123
2023-05-04,1371.0213623046875,1374.449951171875,1378.300048828125,1340.0,1342.300048828125,2213569
2023-05-05,1355.8594970703125,1359.25,1394.0,1355.4000244140625,1371.5,2572062
2023-05-08,1401.2957763671875,1404.800048828125,1410.800048828125,1363.0999755859375,1367.800048828125,2912772
2023-05-09,1405.18603515625,1408.699951171875,1446.699951171875,1402.5,1410.949951171875,3772745
2023-05-10,1410.921630859375,1414.449951171875,1420.8499755859375,1395.0,1419.0,1297980
2023-05-11,1416.8568115234375,1420.4000244140625,1427.75,1413.050048828125,1421.0,915163
2023-05-12,1419.899169921875,1423.449951171875,1428.0,1407.0,1420.0,1300969
2023-05-15,1417.804443359375,1421.3499755859375,1430.0,1416.0,1424.0,1003664
2023-05-16,1424.7869873046875,1428.3499755859375,1438.0,1421.0,1429.9000244140625,1678746
2023-05-17,1411.869384765625,1415.4000244140625,1430.4000244140625,1405.0,1430.4000244140625,804968
2023-05-18,1411.9190673828125,1415.449951171875,1430.0,1412.050048828125,1422.3499755859375,739262
2023-05-19,1411.570068359375,1415.0999755859375,1422.699951171875,1397.050048828125,1422.0999755859375,754504
2023-05-22,1409.4752197265625,1413.0,1418.699951171875,1405.0,1411.0,591903
2023-05-23,1433.6646728515625,1437.25,1447.800048828125,1415.5,1415.5999755859375,1991556
2023-05-24,1422.8917236328125,1426.449951171875,1447.0,1421.1500244140625,1437.25,1047736
2023-05-25,1423.7894287109375,1427.3499755859375,1429.6500244140625,1416.0,1421.0999755859375,688673
2023-05-26,1435.5601806640625,1439.1500244140625,1446.300048828125,1431.0,1431.0,1023550
2023-05-29,1445.93408203125,1449.550048828125,1468.5,1444.5,1448.949951171875,1659680
2023-05-30,1462.193359375,1465.8499755859375,1467.199951171875,1439.5,1453.449951171875,1506999
2023-05-31,1447.430419921875,1451.050048828125,1465.0,1447.25,1465.0,1704213
2023-06-01,1446.53271484375,1450.1500244140625,1459.0,1444.0,1455.5,939379
2023-06-02,1453.6148681640625,1457.25,1466.9000244140625,1448.4000244140625,1460.0,1129346
2023-06-05,1455.2608642578125,1458.9000244140625,1469.5,1456.199951171875,1469.0,829929
2023-06-06,1471.4202880859375,1475.0999755859375,1478.9000244140625,1463.0999755859375,1466.5,1472972
2023-06-07,1477.205810546875,1480.9000244140625,1483.199951171875,1472.0,1483.0,837622
2023-06-08,1463.7396240234375,1467.4000244140625,1485.0,1463.0,1483.0,722068
2023-06-09,1462.8419189453125,1466.5,1476.0,1461.550048828125,1471.0,499104
2023-06-12,1462.343017578125,1466.0,1473.0,1461.949951171875,1473.0,465964
2023-06-13,1482.4925537109375,1486.199951171875,1492.0,1470.0,1470.0,1205104
2023-06-14,1476.7071533203125,1480.4000244140625,1491.9000244140625,1469.0,1490.0,763762
2023-06-15,1471.0213623046875,1474.699951171875,1482.0,1469.5999755859375,1479.949951171875,853566
2023-06-16,1504.8369140625,1508.5999755859375,1515.0,1474.699951171875,1479.0,2090874
2023-06-19,1538.1036376953125,1541.949951171875,1553.300048828125,1516.6500244140625,1522.949951171875,3446484
2023-06-20,1517.2557373046875,1521.050048828125,1543.199951171875,1502.1500244140625,1543.199951171875,1943763
2023-06-21,1515.4603271484375,1519.25,1535.0,1513.25,1525.9000244140625,799052
2023-06-22,1503.8892822265625,1507.6500244140625,1527.199951171875,1504.8499755859375,1523.0,966522
2023-06-23,1498.2032470703125,1501.949951171875,1519.699951171875,1483.949951171875,1507.5,1237464
2023-06-26,1503.7894287109375,1507.550048828125,1510.8499755859375,1487.199951171875,1504.449951171875,647496
2023-06-27,1519.151123046875,1522.949951171875,1527.3499755859375,1503.0,1512.0,763062
2023-06-28,1515.061279296875,1518.8499755859375,1535.0,1515.800048828125,1530.0,1158136
2023-06-30,1524.9915771484375,1528.0,1536.5999755859375,1519.0,1521.0,934639
2023-07-03,1537.06787109375,1540.0999755859375,1544.5,1526.5999755859375,1528.0,1068533
2023-07-04,1626.2919921875,1629.5,1634.949951171875,1565.0999755859375,1565.0999755859375,7337423
2023-07-05,1610.52294921875,1613.699951171875,1642.0,1607.550048828125,1631.0,2006206
2023-07-06,1616.7108154296875,1619.9000244140625,1624.0,1607.0,1615.050048828125,937466
2023-07-07,1611.7205810546875,1614.9000244140625,1626.6500244140625,1605.4000244140625,1611.8499755859375,1456642
2023-07-10,1594.654296875,1597.800048828125,1622.0,1579.75,1611.949951171875,1731894
2023-07-11,1589.264892578125,1592.4000244140625,1632.0,1587.9000244140625,1598.0,1500679
2023-07-12,1590.063232421875,1593.199951171875,1605.0999755859375,1581.25,1595.6500244140625,1281286
2023-07-13,1611.920166015625,1615.0999755859375,1625.0,1595.0,1595.0,1136620
2023-07-14,1611.02197265625,1614.199951171875,1635.0,1604.25,1623.1500244140625,1088010
2023-07-17,1607.0797119140625,1610.25,1621.949951171875,1603.0,1620.0,823296
2023-07-18,1615.114013671875,1618.300048828125,1625.0,1602.0,1618.3499755859375,2077115
2023-07-19,1640.8631591796875,1644.0999755859375,1649.800048828125,1614.0,1618.300048828125,1920501
2023-07-20,1632.5794677734375,1635.800048828125,1658.25,1625.0,1650.9000244140625,1159938
2023-07-21,1629.63525390625,1632.8499755859375,1645.0,1620.300048828125,1633.0,1149031
2023-07-24,1654.2366943359375,1657.5,1660.0,1622.0,1630.0,1455663
2023-07-25,1645.6036376953125,1648.8499755859375,1664.9000244140625,1635.050048828125,1664.9000244140625,1378736
2023-07-26,1623.2479248046875,1626.449951171875,1664.9000244140625,1618.050048828125,1649.4000244140625,2225230
2023-07-27,1611.371337890625,1614.550048828125,1662.699951171875,1602.0,1641.5,3402069
2023-07-28,1581.729736328125,1584.8499755859375,1630.0,1568.4000244140625,1625.0,3285744
2023-07-31,1595.1533203125,1598.300048828125,1602.800048828125,1565.800048828125,1565.800048828125,1323373
2023-08-01,1569.2542724609375,1572.3499755859375,1599.949951171875,1569.6500244140625,1598.300048828125,1641917
2023-08-02,1523.99365234375,1527.0,1572.3499755859375,1524.0,1572.0,2170178
2023-08-03,1490.7093505859375,1493.6500244140625,1522.9000244140625,1477.800048828125,1522.9000244140625,2785017
2023-08-04,1483.373779296875,1486.300048828125,1507.3499755859375,1470.75,1501.949951171875,2703607
2023-08-07,1505.4302978515625,1508.4000244140625,1512.25,1485.0,1498.0,1228780
2023-08-08,1512.765869140625,1515.75,1520.300048828125,1492.9000244140625,1509.5,1409271
2023-08-09,1513.6141357421875,1516.5999755859375,1529.75,1505.0,1525.0,1065831
2023-08-10,1516.40869140625,1519.4000244140625,1529.75,1505.0999755859375,1512.550048828125,900666
2023-08-11,1501.0389404296875,1504.0,1521.800048828125,1497.6500244140625,1518.949951171875,792201
2023-08-14,1479.1322021484375,1482.050048828125,1497.949951171875,1467.050048828125,1496.0,1549409
2023-08-16,1466.9560546875,1469.8499755859375,1482.0,1463.0,1482.0,834135
2023-08-17,1473.9422607421875,1476.8499755859375,1480.0,1465.4000244140625,1473.0,1048714
2023-08-18,1457.2752685546875,1460.1500244140625,1478.300048828125,1456.0,1470.0,1053734
2023-08-21,1475.3896484375,1478.300048828125,1484.5,1451.0,1455.0,1498685
2023-08-22,1464.9102783203125,1467.800048828125,1494.0,1464.3499755859375,1485.0,1557523
2023-08-23,1467.20556640625,1470.0999755859375,1474.0,1458.050048828125,1474.0,961649
2023-08-24,1465.7086181640625,1468.5999755859375,1492.0,1465.0,1480.0,847606
2023-08-25,1500.939208984375,1503.9000244140625,1509.5,1465.6500244140625,1468.5999755859375,3624097
2023-08-28,1496.947021484375,1499.9000244140625,1514.0,1487.0,1513.5,1066459
2023-08-29,1500.4898681640625,1503.449951171875,1514.0,1497.25,1509.8499755859375,1377001
2023-08-30,1498.5438232421875,1501.5,1518.8499755859375,1499.0,1510.0,700372
2023-08-31,1485.9686279296875,1488.9000244140625,1507.800048828125,1480.199951171875,1501.050048828125,1542837
2023-09-01,1511.5181884765625,1514.5,1518.699951171875,1487.3499755859375,1494.0,904596
2023-09-04,1507.126953125,1510.0999755859375,1525.949951171875,1506.050048828125,1521.0,685689
2023-09-05,1507.4761962890625,1510.449951171875,1519.800048828125,1506.0,1512.0,1298151
2023-09-06,1515.2109375,1518.199951171875,1522.449951171875,1504.199951171875,1510.949951171875,712220
2023-09-07,1516.558349609375,1519.550048828125,1524.800048828125,1510.0999755859375,1524.800048828125,647590
2023-09-08,1537.966064453125,1541.0,1558.800048828125,1525.050048828125,1530.0,2168354
2023-09-11,1546.64892578125,1549.699951171875,1552.0,1540.0,1549.5,841557
2023-09-12,1539.4132080078125,1542.449951171875,1558.9000244140625,1527.6500244140625,1558.9000244140625,1444688
2023-09-13,1549.7427978515625,1552.800048828125,1565.050048828125,1521.0,1542.0,1193072
2023-09-14,1547.8465576171875,1550.9000244140625,1563.5999755859375,1541.199951171875,1556.949951171875,920905
2023-09-15,1535.07177734375,1538.0999755859375,1567.5999755859375,1531.300048828125,1548.050048828125,3116428
2023-09-18,1556.8787841796875,1559.949951171875,1565.3499755859375,1532.9000244140625,1538.0999755859375,1403635
2023-09-20,1550.291748046875,1553.3499755859375,1568.199951171875,1545.0999755859375,1554.9000244140625,1076887
2023-09-21,1523.1953125,1526.199951171875,1552.25,1514.0,1530.5,1772341
2023-09-22,1540.66064453125,1543.699951171875,1551.0,1524.9000244140625,1528.0,1321743
2023-09-25,1574.29443359375,1577.4000244140625,1591.0,1546.699951171875,1549.699951171875,2962182
2023-09-26,1564.613525390625,1567.699951171875,1583.0,1551.0,1583.0,2472382
2023-09-27,1562.66748046875,1565.75,1570.0,1554.199951171875,1567.699951171875,964400
2023-09-28,1536.6685791015625,1539.699951171875,1574.949951171875,1535.050048828125,1565.0,831496
2023-09-29,1537.2176513671875,1540.25,1552.949951171875,1532.050048828125,1548.0,1109857
2023-10-03,1557.9766845703125,1561.050048828125,1564.199951171875,1527.0,1530.25,1083086
2023-10-04,1529.53271484375,1532.550048828125,1555.8499755859375,1521.1500244140625,1555.0,1614123
2023-10-05,1539.512939453125,1542.550048828125,1556.0,1532.300048828125,1540.0,1153064
2023-10-06,1631.4317626953125,1634.6500244140625,1640.699951171875,1551.050048828125,1559.3499755859375,7384628
2023-10-09,1618.3575439453125,1621.550048828125,1628.0,1606.5999755859375,1617.1500244140625,1712235
2023-10-10,1629.8846435546875,1633.0999755859375,1643.949951171875,1617.0,1630.0,1453653
2023-10-11,1633.327880859375,1636.550048828125,1650.949951171875,1633.5,1641.4000244140625,952433
2023-10-12,1631.58154296875,1634.800048828125,1642.949951171875,1622.8499755859375,1637.0,1052767
2023-10-13,1643.3082275390625,1646.550048828125,1649.0,1620.0,1631.0,1212989
2023-10-16,1639.1165771484375,1642.3499755859375,1649.4000244140625,1630.4000244140625,1644.0,859548
2023-10-17,1654.386474609375,1657.6500244140625,1676.75,1645.550048828125,1649.9000244140625,1689224
2023-10-18,1624.9945068359375,1628.199951171875,1665.0,1622.050048828125,1665.0,1230439
2023-10-19,1631.5316162109375,1634.75,1642.949951171875,1597.4000244140625,1625.0,1429935
2023-10-20,1631.8309326171875,1635.050048828125,1639.75,1615.0,1627.800048828125,1191783
2023-10-23,1609.97412109375,1613.1500244140625,1651.699951171875,1605.5,1627.0,1093182
2023-10-25,1608.2774658203125,1611.449951171875,1630.0,1598.8499755859375,1612.9000244140625,1490405
2023-10-26,1556.9287109375,1560.0,1608.4000244140625,1552.0,1590.0,1780025
2023-10-27,1563.3160400390625,1566.4000244140625,1593.25,1551.3499755859375,1575.5999755859375,2003579
2023-10-30,1558.0264892578125,1561.0999755859375,1571.0999755859375,1528.0,1568.9000244140625,850025
2023-10-31,1566.4599609375,1569.550048828125,1581.449951171875,1552.4000244140625,1552.4000244140625,1592788
2023-11-01,1569.7532958984375,1572.8499755859375,1580.0,1565.0,1574.9000244140625,770557
2023-11-02,1572.498046875,1575.5999755859375,1592.5999755859375,1566.0999755859375,1587.699951171875,1020303
2023-11-03,1533.1256103515625,1536.1500244140625,1593.6500244140625,1527.9000244140625,1584.25,2519096
2023-11-06,1561.320068359375,1564.4000244140625,1566.0,1540.0,1547.0,917415
2023-11-07,1566.70947265625,1569.800048828125,1607.800048828125,1550.0,1602.0,2532282
2023-11-08,1572.3980712890625,1575.5,1579.949951171875,1559.199951171875,1576.0,831310
2023-11-09,1579.1348876953125,1582.25,1589.0,1569.0,1575.0,1108425
2023-11-10,1592.8577880859375,1596.0,1598.800048828125,1572.6500244140625,1581.0,672720
2023-11-13,1582.0789794921875,1585.199951171875,1597.949951171875,1568.699951171875,1594.5999755859375,853825
2023-11-15,1583.925537109375,1587.050048828125,1615.0,1579.949951171875,1600.0,1684967
2023-11-16,1617.459228515625,1620.6500244140625,1628.0,1539.050048828125,1561.050048828125,3213352
2023-11-17,1612.7186279296875,1615.9000244140625,1620.6500244140625,1581.5999755859375,1593.050048828125,1783393
2023-11-20,1590.6622314453125,1593.800048828125,1616.550048828125,1586.1500244140625,1611.9000244140625,1256179
2023-11-21,1607.2294921875,1610.4000244140625,1616.449951171875,1593.5999755859375,1593.800048828125,1714833
2023-11-22,1620.7030029296875,1623.9000244140625,1626.0,1602.5,1610.0,807316
2023-11-23,1620.752685546875,1623.949951171875,1636.8499755859375,1620.199951171875,1623.9000244140625,695592
2023-11-24,1614.06591796875,1617.25,1628.949951171875,1612.0,1624.449951171875,625345
2023-11-28,1651.142822265625,1654.4000244140625,1657.0,1617.5,1617.5,1564478
2023-11-29,1650.24462890625,1653.5,1665.0,1649.0,1660.0,746796
2023-11-30,1670.2052001953125,1673.5,1679.9000244140625,1644.550048828125,1653.0,1577522
2023-12-01,1682.630615234375,1685.949951171875,1688.699951171875,1669.949951171875,1680.0,1101136
2023-12-04,1692.9105224609375,1696.25,1714.699951171875,1685.9000244140625,1700.0,1419178
2023-12-05,1689.3673095703125,1692.699951171875,1713.4000244140625,1673.25,1696.300048828125,1778602
2023-12-06,1697.0023193359375,1700.3499755859375,1710.0,1692.9000244140625,1701.0,737176
2023-12-07,1700.695068359375,1704.050048828125,1724.0,1690.0,1700.3499755859375,941890
2023-12-08,1706.7830810546875,1710.1500244140625,1714.550048828125,1692.5,1705.0,1376050
2023-12-11,1699.4476318359375,1702.800048828125,1717.0,1698.25,1700.1500244140625,1003371
2023-12-12,1703.3896484375,1706.75,1719.75,1700.5,1704.800048828125,1390539
2023-12-13,1681.2335205078125,1684.550048828125,1709.5,1668.199951171875,1708.0,1168629
2023-12-14,1727.5421142578125,1730.949951171875,1733.9000244140625,1698.0,1700.0,2130836
2023-12-15,1729.73779296875,1733.1500244140625,1741.0,1718.75,1738.949951171875,1486079
2023-12-18,1721.20458984375,1724.5999755859375,1738.550048828125,1718.550048828125,1732.6500244140625,696124
2023-12-19,1706.3837890625,1709.75,1726.550048828125,1696.800048828125,1725.0,1214352
2023-12-20,1677.5906982421875,1680.9000244140625,1741.0,1672.0,1715.699951171875,1540009
2023-12-21,1663.568359375,1666.8499755859375,1681.800048828125,1660.25,1663.0,988034
2023-12-22,1668.758056640625,1672.050048828125,1690.0,1663.5999755859375,1669.0,1279614
2023-12-26,1642.0606689453125,1645.300048828125,1684.0,1637.050048828125,1675.0,1296291
2023-12-27,1666.1632080078125,1669.449951171875,1674.050048828125,1653.800048828125,1657.0,1181177
2023-12-28,1677.8900146484375,1681.199951171875,1698.800048828125,1667.199951171875,1674.050048828125,1360425
2023-12-29,1682.48095703125,1685.800048828125,1692.699951171875,1674.5999755859375,1682.449951171875,738203
2024-01-01,1673.0994873046875,1676.4000244140625,1691.699951171875,1671.0,1685.800048828125,692280
2024-01-02,1682.880126953125,1686.199951171875,1689.8499755859375,1663.449951171875,1675.9000244140625,1099965
2024-01-03,1674.346923828125,1677.6500244140625,1708.0,1676.0,1680.0,804258
2024-01-04,1698.59912109375,1701.949951171875,1723.949951171875,1690.0,1694.3499755859375,2268009
2024-01-05,1706.13427734375,1709.5,1717.0999755859375,1697.6500244140625,1702.949951171875,835592
2024-01-08,1693.01025390625,1696.3499755859375,1723.6500244140625,1690.199951171875,1715.949951171875,684254
2024-01-09,1679.1375732421875,1682.449951171875,1715.0,1674.300048828125,1710.449951171875,1235008
2024-01-10,1668.5584716796875,1671.8499755859375,1685.0,1658.6500244140625,1685.0,607010
2024-01-11,1665.963623046875,1669.25,1702.6500244140625,1660.1500244140625,1679.0,861924
2024-01-12,1648.647705078125,1651.9000244140625,1674.949951171875,1642.0,1670.25,1314964
2024-01-15,1629.1861572265625,1632.4000244140625,1664.1500244140625,1630.050048828125,1655.0,1089891
2024-01-16,1620.3035888671875,1623.5,1646.300048828125,1620.0,1634.0,1063676
2024-01-17,1583.027099609375,1586.1500244140625,1622.0,1578.050048828125,1614.949951171875,1488186
2024-01-18,1578.0369873046875,1581.1500244140625,1605.3499755859375,1559.0,1586.0,1133236
2024-01-19,1597.348876953125,1600.5,1606.3499755859375,1581.0,1590.949951171875,1139473
2024-01-23,1579.3843994140625,1582.5,1615.25,1575.0,1597.449951171875,3028946
2024-01-24,1617.6588134765625,1620.8499755859375,1622.8499755859375,1578.3499755859375,1594.699951171875,1393463
2024-01-25,1626.9405517578125,1630.1500244140625,1635.0,1613.699951171875,1621.75,1744604
2024-01-29,1633.72705078125,1636.949951171875,1641.5999755859375,1618.5,1630.0,940220
2024-01-30,1587.4185791015625,1590.550048828125,1629.0,1585.0,1629.0,4851835
2024-01-31,1624.09619140625,1627.300048828125,1632.0,1585.0,1594.0,1486444
2024-02-01,1619.0560302734375,1622.25,1632.0,1613.0,1632.0,1352416
2024-02-02,1648.24853515625,1651.5,1664.0,1626.699951171875,1635.0,1514648
2024-02-05,1611.7205810546875,1614.9000244140625,1659.9000244140625,1608.550048828125,1650.0,2578535
2024-02-06,1593.90576171875,1597.050048828125,1626.800048828125,1578.5999755859375,1626.800048828125,2376798
2024-02-07,1593.057373046875,1596.199951171875,1623.75,1589.4000244140625,1609.0,1477982
2024-02-08,1567.4580078125,1570.550048828125,1607.949951171875,1565.0,1607.949951171875,1486674
2024-02-09,1567.8570556640625,1570.949951171875,1587.300048828125,1562.699951171875,1586.25,1049368
2024-02-12,1554.1842041015625,1557.25,1579.300048828125,1551.5,1578.75,803753
2024-02-13,1564.9129638671875,1568.0,1586.449951171875,1552.199951171875,1560.0,1833289
2024-02-14,1576.58984375,1579.699951171875,1583.0,1555.0,1560.0,763689
2024-02-15,1566.3101806640625,1569.4000244140625,1590.0,1564.550048828125,1589.949951171875,803588
2024-02-16,1572.79736328125,1575.9000244140625,1585.0,1567.050048828125,1583.0999755859375,850341
2024-02-19,1616.9603271484375,1620.1500244140625,1625.0,1572.0,1576.0,1162373
2024-02-20,1599.6943359375,1602.8499755859375,1619.0,1597.5,1617.949951171875,1232581
2024-02-21,1583.8255615234375,1586.949951171875,1618.5999755859375,1580.5999755859375,1604.0,674394
2024-02-22,1589.41455078125,1592.550048828125,1599.0,1565.8499755859375,1599.0,1149519
2024-02-23,1613.367431640625,1616.550048828125,1620.9000244140625,1596.0,1596.0,1199419
2024-02-26,1611.121826171875,1614.300048828125,1629.4000244140625,1610.0,1616.0,742382
2024-02-27,1597.44873046875,1600.5999755859375,1623.449951171875,1595.0,1614.300048828125,931236
2024-02-28,1581.3804931640625,1584.5,1609.699951171875,1580.0,1603.0,790763
2024-02-29,1590.6622314453125,1593.800048828125,1603.5999755859375,1568.3499755859375,1584.949951171875,1352363
2024-03-01,1610.2236328125,1613.4000244140625,1620.300048828125,1595.199951171875,1597.949951171875,740120
2024-03-04,1616.1119384765625,1619.300048828125,1625.0,1603.300048828125,1616.0,589948
2024-03-05,1547.4473876953125,1550.5,1636.5999755859375,1541.1500244140625,1630.0,2343463
2024-03-06,1551.5391845703125,1554.5999755859375,1558.0,1530.800048828125,1558.0,1239370
2024-03-07,1579.6839599609375,1582.800048828125,1589.6500244140625,1557.1500244140625,1557.1500244140625,1380840
2024-03-11,1595.65234375,1598.800048828125,1616.1500244140625,1583.0,1597.5,1285565
2024-03-12,1590.41259765625,1593.550048828125,1612.0,1565.1500244140625,1590.0999755859375,1587096
2024-03-13,1570.052734375,1573.1500244140625,1598.949951171875,1562.0,1592.300048828125,1279653
2024-03-14,1560.621337890625,1563.699951171875,1580.0,1550.0999755859375,1565.5999755859375,1289823
2024-03-15,1568.3560791015625,1571.449951171875,1589.5999755859375,1547.5,1547.5,1929597
2024-03-18,1573.9451904296875,1577.050048828125,1579.1500244140625,1561.0,1570.949951171875,645594
2024-03-19,1578.3863525390625,1581.5,1590.0,1551.0999755859375,1574.050048828125,1385006
2024-03-20,1581.5799560546875,1584.699951171875,1593.5,1566.0999755859375,1582.5,723724
2024-03-21,1599.44482421875,1602.5999755859375,1609.449951171875,1592.0,1596.0,1166497
2024-03-22,1584.4244384765625,1587.550048828125,1610.0,1583.4000244140625,1593.0,1570412
2024-03-26,1590.761962890625,1593.9000244140625,1619.0,1589.0,1589.0,1616192
2024-03-27,1579.5340576171875,1582.6500244140625,1609.9000244140625,1578.199951171875,1590.0,1205575
2024-03-28,1640.613525390625,1643.8499755859375,1669.0,1588.0,1588.0,5210310
2024-04-01,1642.7593994140625,1646.0,1674.0,1640.3499755859375,1659.050048828125,767676
2024-04-02,1653.2886962890625,1656.550048828125,1662.9000244140625,1625.699951171875,1650.9000244140625,1605925
2024-04-03,1637.1204833984375,1640.3499755859375,1654.8499755859375,1635.0,1654.0,1055536
2024-04-04,1652.5401611328125,1655.800048828125,1662.5,1630.0,1650.0,1328509
2024-04-05,1674.6463623046875,1677.949951171875,1681.5,1651.949951171875,1658.5,2364243
2024-04-08,1685.824462890625,1689.1500244140625,1702.0,1684.8499755859375,1690.0,1345380
2024-04-09,1707.03271484375,1710.4000244140625,1715.0,1687.25,1694.949951171875,1284145
2024-04-10,1700.7449951171875,1704.0999755859375,1722.0,1696.0,1717.0,1031729
2024-04-12,1695.3057861328125,1698.6500244140625,1706.199951171875,1689.550048828125,1700.0,1312132
2024-04-15,1653.5880126953125,1656.8499755859375,1692.0,1654.199951171875,1672.0,828843
2024-04-16,1615.3134765625,1618.5,1648.699951171875,1611.3499755859375,1640.0,1528544
2024-04-18,1590.761962890625,1593.9000244140625,1630.0999755859375,1589.300048828125,1625.0,1325537
2024-04-19,1615.8125,1619.0,1628.75,1568.699951171875,1587.0,1242066
2024-04-22,1626.241943359375,1629.449951171875,1648.0,1617.5,1627.0,703167
2024-04-23,1617.9083251953125,1621.0999755859375,1652.0,1616.0,1628.5999755859375,1297705
2024-04-24,1627.14013671875,1630.3499755859375,1648.8499755859375,1618.050048828125,1625.0,578310
2024-04-25,1652.2906494140625,1655.550048828125,1672.0,1615.6500244140625,1630.0,1569437
2024-04-26,1594.2052001953125,1597.3499755859375,1649.050048828125,1578.449951171875,1649.050048828125,5325417
2024-04-29,1592.508544921875,1595.6500244140625,1603.0,1587.3499755859375,1603.0,1132800
2024-04-30,1611.8204345703125,1615.0,1633.949951171875,1591.300048828125,1596.0,1748360
2024-05-02,1612.26953125,1615.449951171875,1635.0,1611.0,1615.0,1304846
2024-05-03,1624.09619140625,1627.300048828125,1725.0,1618.0,1650.199951171875,5227529
2024-05-06,1608.177490234375,1611.3499755859375,1637.9000244140625,1607.050048828125,1637.9000244140625,725360
2024-05-07,1611.97021484375,1615.1500244140625,1625.0,1593.0,1621.0,1348125
2024-05-08,1599.8939208984375,1603.050048828125,1620.0,1598.75,1601.0,802342
2024-05-09,1561.5196533203125,1564.5999755859375,1613.0999755859375,1559.5999755859375,1606.699951171875,1364729
2024-05-10,1569.6036376953125,1572.699951171875,1584.1500244140625,1556.0,1560.0,768117
2024-05-13,1577.438232421875,1580.550048828125,1587.0,1556.300048828125,1574.0,466042
2024-05-14,1573.34619140625,1576.449951171875,1589.9000244140625,1569.050048828125,1575.3499755859375,652248
2024-05-15,1565.9610595703125,1569.050048828125,1589.6500244140625,1566.5999755859375,1580.0,581805
2024-05-16,1592.8577880859375,1596.0,1601.0,1560.449951171875,1575.050048828125,1212568
2024-05-17,1581.6300048828125,1584.75,1598.0,1580.050048828125,1595.0,699522
2024-05-21,1579.434326171875,1582.550048828125,1595.300048828125,1572.0,1587.5,903561
2024-05-22,1580.8314208984375,1583.949951171875,1590.0,1575.0,1582.550048828125,578669
2024-05-23,1605.2830810546875,1608.449951171875,1613.25,1581.25,1587.0999755859375,1547483
2024-05-24,1598.5465087890625,1601.699951171875,1620.0,1597.050048828125,1609.0,566278
2024-05-27,1592.6583251953125,1595.800048828125,1612.8499755859375,1590.300048828125,1605.0,1365230
2024-05-28,1596.500732421875,1599.6500244140625,1605.0,1589.449951171875,1602.949951171875,1306333
2024-05-29,1566.8092041015625,1569.9000244140625,1602.3499755859375,1565.0999755859375,1594.1500244140625,1665575
2024-05-30,1521.099365234375,1524.0999755859375,1575.199951171875,1517.0,1566.75,2285079
2024-05-31,1525.5904541015625,1528.5999755859375,1552.050048828125,1518.9000244140625,1530.0,2794001
2024-06-03,1572.6976318359375,1575.800048828125,1583.0,1556.449951171875,1580.0,1826290
2024-06-04,1474.3916015625,1477.300048828125,1569.199951171875,1419.050048828125,1556.0,4388491
2024-06-05,1514.7120361328125,1517.699951171875,1528.0,1472.9000244140625,1490.0,1456768
2024-06-06,1523.4447021484375,1526.449951171875,1541.5,1510.800048828125,1521.5,2891789
2024-06-07,1564.613525390625,1567.699951171875,1580.0,1530.550048828125,1538.949951171875,2787254
2024-06-10,1562.71728515625,1565.800048828125,1589.0,1559.3499755859375,1586.050048828125,1154334
2024-06-11,1565.1624755859375,1568.25,1577.4000244140625,1558.0,1573.0,1184425
2024-06-12,1575.9910888671875,1579.0999755859375,1593.75,1562.0,1568.0,1799090
2024-06-13,1586.969482421875,1590.0999755859375,1595.550048828125,1581.0,1586.949951171875,1095701
2024-06-14,1588.6162109375,1591.75,1596.0,1575.3499755859375,1590.0999755859375,681385
2024-06-18,1594.803955078125,1597.949951171875,1604.9000244140625,1585.0,1599.0,1282756
2024-06-19,1591.760009765625,1594.9000244140625,1600.0,1582.5,1600.0,1269273
2024-06-20,1582.87744140625,1586.0,1595.0,1573.0999755859375,1592.5,1649421
2024-06-21,1576.78564453125,1578.9000244140625,1610.8499755859375,1570.5,1586.0,3345305
2024-06-24,1585.52392578125,1587.6500244140625,1589.8499755859375,1561.0,1570.050048828125,822750
2024-06-25,1601.202880859375,1603.3499755859375,1610.75,1571.0,1587.6500244140625,3093861
2024-06-26,1598.1070556640625,1600.25,1616.5,1593.75,1607.0,1310438
2024-06-27,1600.9532470703125,1603.0999755859375,1614.699951171875,1595.050048828125,1600.25,2620064
2024-06-28,1586.023193359375,1588.1500244140625,1622.0,1583.0999755859375,1603.0999755859375,2058302
2024-07-01,1578.0838623046875,1580.199951171875,1590.949951171875,1578.0,1588.199951171875,2444681
2024-07-02,1577.634521484375,1579.75,1585.0,1561.0999755859375,1580.199951171875,2572175
2024-07-03,1592.0152587890625,1594.1500244140625,1597.5,1573.5999755859375,1583.0,892102
2024-07-04,1583.576416015625,1585.699951171875,1610.0,1580.800048828125,1610.0,1450706
2024-07-05,1577.4847412109375,1579.5999755859375,1590.699951171875,1570.0999755859375,1587.0,1070592
2024-07-08,1567.997314453125,1570.0999755859375,1579.5999755859375,1562.0,1579.5999755859375,1000005
2024-07-09,1579.4820556640625,1581.5999755859375,1583.9000244140625,1567.0,1577.699951171875,1233946
2024-07-10,1580.4307861328125,1582.550048828125,1589.0,1570.75,1583.9000244140625,1355610
2024-07-11,1585.7236328125,1587.8499755859375,1596.0,1576.0,1584.0,1848978
2024-07-12,1595.111083984375,1597.25,1604.8499755859375,1585.1500244140625,1604.8499755859375,1003699
2024-07-15,1600.0543212890625,1602.199951171875,1605.0,1588.0,1597.0,1753186
2024-07-16,1607.3946533203125,1609.550048828125,1615.0,1598.4000244140625,1605.0,980434
2024-07-18,1649.038818359375,1651.25,1654.0,1593.050048828125,1606.0,2999670
2024-07-19,1638.053466796875,1640.25,1660.0,1635.0,1652.0,1865129
2024-07-22,1628.9656982421875,1631.1500244140625,1651.800048828125,1623.050048828125,1625.0,784867
2024-07-23,1616.68212890625,1618.8499755859375,1647.949951171875,1599.449951171875,1635.0,2718846
2024-07-24,1577.1351318359375,1579.25,1611.9000244140625,1562.0,1600.5999755859375,3675430
2024-07-25,1569.8448486328125,1571.949951171875,1582.6500244140625,1558.0,1565.5999755859375,1694503
2024-07-26,1584.325439453125,1586.449951171875,1592.75,1569.050048828125,1578.0,2768936
2024-07-29,1614.9844970703125,1617.1500244140625,1625.0,1582.5,1588.1500244140625,2217892
2024-07-30,1640.4503173828125,1642.6500244140625,1669.9000244140625,1595.199951171875,1614.0,3703774
2024-07-31,1649.438232421875,1651.6500244140625,1656.25,1637.6500244140625,1650.9000244140625,1324150
2024-08-01,1632.61083984375,1634.800048828125,1659.0,1630.0,1655.0,747329
2024-08-02,1621.2760009765625,1623.449951171875,1629.0,1603.0,1620.0,1105569
2024-08-05,1565.6005859375,1567.699951171875,1605.0,1562.0,1590.0,2058076
2024-08-06,1562.00537109375,1564.0999755859375,1598.0,1557.0999755859375,1575.1500244140625,1897942
2024-08-07,1569.295654296875,1571.4000244140625,1584.800048828125,1563.6500244140625,1584.0999755859375,1443063
2024-08-08,1537.9876708984375,1540.050048828125,1576.449951171875,1532.550048828125,1562.449951171875,1683534
2024-08-09,1558.110595703125,1560.199951171875,1562.550048828125,1545.5,1559.9000244140625,1014828
2024-08-12,1556.912353515625,1559.0,1570.8499755859375,1548.0999755859375,1557.0,1125254
2024-08-13,1541.283203125,1543.3499755859375,1569.0,1537.050048828125,1554.0,1817066
2024-08-14,1527.102294921875,1529.1500244140625,1546.449951171875,1526.800048828125,1545.0,1173504
2024-08-16,1547.824462890625,1549.9000244140625,1552.449951171875,1523.25,1539.0,1841887
2024-08-19,1549.0228271484375,1551.0999755859375,1563.9000244140625,1545.050048828125,1563.9000244140625,940893
2024-08-20,1599.95458984375,1602.0999755859375,1624.9000244140625,1551.5,1554.949951171875,3149863
2024-08-21,1618.779296875,1620.949951171875,1628.800048828125,1599.949951171875,1600.0,1966030
2024-08-22,1623.52294921875,1625.699951171875,1630.0,1614.050048828125,1624.800048828125,1325535
2024-08-23,1637.7039794921875,1639.9000244140625,1644.949951171875,1623.199951171875,1627.9000244140625,1114056
2024-08-26,1683.94189453125,1686.199951171875,1688.0,1638.75,1649.0,2446507
2024-08-27,1716.697998046875,1719.0,1729.0,1652.0,1686.199951171875,4205533
2024-08-28,1711.205322265625,1713.5,1735.0,1700.050048828125,1728.0,1444329
2024-08-29,1753.2989501953125,1755.6500244140625,1772.0,1711.550048828125,1716.0,5508206
2024-08-30,1780.662353515625,1783.050048828125,1793.5,1750.050048828125,1769.949951171875,3865499
2024-09-02,1838.0853271484375,1840.550048828125,1862.0,1787.800048828125,1796.4000244140625,5442576
2024-09-03,1863.1016845703125,1865.5999755859375,1870.949951171875,1811.949951171875,1850.0,4429269
2024-09-04,1869.393310546875,1871.9000244140625,1879.699951171875,1833.050048828125,1840.199951171875,2634954
2024-09-05,1862.4525146484375,1864.949951171875,1874.699951171875,1850.0,1868.0,1441842
2024-09-06,1854.6629638671875,1857.1500244140625,1898.0,1836.0,1864.0,2970645
2024-09-09,1857.95849609375,1860.449951171875,1873.75,1839.050048828125,1860.0,1576721
2024-09-10,1822.0567626953125,1824.5,1874.800048828125,1815.25,1874.800048828125,2155688
2024-09-11,1830.6951904296875,1833.1500244140625,1853.800048828125,1814.25,1829.0,1492450
2024-09-12,1852.3660888671875,1854.8499755859375,1860.0,1816.800048828125,1850.699951171875,2040386
2024-09-13,1891.9130859375,1894.449951171875,1906.9000244140625,1846.5,1874.800048828125,3078216
2024-09-16,1855.1124267578125,1857.5999755859375,1921.0,1838.050048828125,1902.0,3180768
2024-09-17,1846.2242431640625,1848.699951171875,1876.8499755859375,1838.550048828125,1859.0,1920113
2024-09-18,1885.67138671875,1888.199951171875,1897.0,1843.199951171875,1848.699951171875,2960854
2024-09-19,1887.8685302734375,1890.4000244140625,1902.0,1876.0,1890.0,1821882
2024-09-20,1914.233154296875,1916.800048828125,1924.5,1884.3499755859375,1892.0999755859375,4225587
2024-09-23,1917.37890625,1919.949951171875,1934.0,1914.5999755859375,1929.8499755859375,1118846
2024-09-24,1902.0994873046875,1904.6500244140625,1923.5999755859375,1898.3499755859375,1920.0,1461016
2024-09-25,1925.91748046875,1928.5,1938.800048828125,1896.050048828125,1905.0,901659
2024-09-26,1980.144775390625,1982.800048828125,1988.25,1930.1500244140625,1940.0,2541200
2024-09-27,2008.00732421875,2010.699951171875,2029.9000244140625,1966.300048828125,1976.8499755859375,3718693
2024-09-30,1970.7574462890625,1973.4000244140625,2018.949951171875,1968.300048828125,2010.699951171875,1859917
2024-10-01,1972.6048583984375,1975.25,2007.0999755859375,1969.050048828125,1973.0,1326900
2024-10-03,1910.8377685546875,1913.4000244140625,1970.050048828125,1896.5,1961.0,1702709
2024-10-04,1882.0263671875,1884.550048828125,1935.0,1865.25,1913.300048828125,2423416
2024-10-07,1876.783447265625,1879.300048828125,1901.5999755859375,1868.800048828125,1884.550048828125,1423722
2024-10-08,1835.6884765625,1838.1500244140625,1893.949951171875,1833.0999755859375,1873.199951171875,1423384
2024-10-09,1864.4498291015625,1866.949951171875,1881.199951171875,1835.550048828125,1849.0,1411255
2024-10-10,1873.1881103515625,1875.699951171875,1887.8499755859375,1860.0,1874.800048828125,1209065
2024-10-11,1873.8873291015625,1876.4000244140625,1883.800048828125,1855.0999755859375,1875.949951171875,516757
2024-10-14,1864.699462890625,1867.199951171875,1885.0999755859375,1862.550048828125,1885.0999755859375,809881
2024-10-15,1851.46728515625,1853.949951171875,1895.75,1842.0,1873.5999755859375,2072690
2024-10-16,1859.5565185546875,1862.050048828125,1871.0,1847.25,1855.0,850008
2024-10-17,1813.368408203125,1815.800048828125,1869.449951171875,1809.0999755859375,1868.0,1115879
2024-10-18,1817.462890625,1819.9000244140625,1833.300048828125,1793.0,1815.0,990257
2024-10-21,1756.0452880859375,1758.4000244140625,1823.9000244140625,1753.949951171875,1822.0,1663903
2024-10-22,1720.293212890625,1722.5999755859375,1770.949951171875,1716.1500244140625,1758.550048828125,3142294
2024-10-23,1737.3702392578125,1739.699951171875,1779.5,1727.550048828125,1727.550048828125,2585058
2024-10-24,1739.7669677734375,1742.0999755859375,1764.0,1718.6500244140625,1740.050048828125,1502718
2024-10-25,1705.1136474609375,1707.4000244140625,1751.9000244140625,1698.0999755859375,1742.0999755859375,875973
2024-10-28,1728.1326904296875,1730.449951171875,1737.8499755859375,1701.949951171875,1710.75,653158
2024-10-29,1764.3341064453125,1766.699951171875,1775.5,1703.0,1725.1500244140625,1561586
2024-10-30,1750.1031494140625,1752.449951171875,1777.449951171875,1740.199951171875,1766.699951171875,826677
2024-10-31,1748.405517578125,1750.75,1755.0,1725.050048828125,1745.199951171875,869480
2024-11-01,1752.35009765625,1754.699951171875,1772.1500244140625,1746.300048828125,1762.0,134827
2024-11-04,1710.2066650390625,1712.5,1758.0,1694.050048828125,1754.699951171875,1294236
2024-11-05,1733.32568359375,1735.6500244140625,1744.300048828125,1686.0,1714.0999755859375,1646381
2024-11-06,1746.358154296875,1748.699951171875,1759.699951171875,1732.0999755859375,1732.0999755859375,926170
2024-11-07,1727.3836669921875,1729.699951171875,1757.0,1705.050048828125,1745.0,855044
2024-11-08,1737.4202880859375,1739.75,1743.5,1717.0,1739.0,869560
2024-11-11,1715.150146484375,1717.449951171875,1751.949951171875,1713.050048828125,1727.550048828125,696798
2024-11-12,1689.4844970703125,1691.75,1732.949951171875,1688.75,1725.0,903492
2024-11-13,1662.2210693359375,1664.449951171875,1695.949951171875,1657.449951171875,1690.0,668302
2024-11-14,1637.6041259765625,1639.800048828125,1673.550048828125,1633.550048828125,1665.0,744472
2024-11-18,1613.8359375,1616.0,1641.949951171875,1610.0,1634.0,1618700
2024-11-19,1594.2122802734375,1596.3499755859375,1625.949951171875,1580.550048828125,1622.949951171875,2569730
2024-11-21,1567.1485595703125,1569.25,1596.0,1565.25,1596.0,984265
2024-11-22,1598.706298828125,1600.8499755859375,1606.0,1562.050048828125,1569.949951171875,2082813
2024-11-25,1602.7508544921875,1604.9000244140625,1638.800048828125,1600.0,1618.0,2191916
2024-11-26,1592.2650146484375,1594.4000244140625,1614.9000244140625,1582.0,1614.9000244140625,2483861
2024-11-27,1597.9073486328125,1600.050048828125,1608.5999755859375,1589.0,1595.949951171875,1335825
2024-11-28,1572.94091796875,1575.050048828125,1610.050048828125,1567.6500244140625,1605.0,3458405
2024-11-29,1577.8341064453125,1579.949951171875,1587.949951171875,1574.949951171875,1581.9000244140625,1998058
2024-12-02,1594.511962890625,1596.6500244140625,1603.800048828125,1567.0,1588.0,1423549
2024-12-03,1604.9478759765625,1607.0999755859375,1609.9000244140625,1595.050048828125,1597.0999755859375,1045367
2024-12-04,1625.919677734375,1628.0999755859375,1632.25,1606.0999755859375,1619.0,2271608
2024-12-05,1641.8983154296875,1644.0999755859375,1654.0999755859375,1605.449951171875,1636.75,1706032
2024-12-06,1633.01025390625,1635.199951171875,1649.949951171875,1625.050048828125,1640.0,1049225
2024-12-09,1634.8577880859375,1637.050048828125,1647.550048828125,1619.199951171875,1642.0,859106
2024-12-10,1661.1724853515625,1663.4000244140625,1673.0,1637.0999755859375,1644.75,1673974
2024-12-11,1684.2415771484375,1686.5,1690.3499755859375,1649.0,1667.0999755859375,2131913
2024-12-12,1677.05126953125,1679.300048828125,1690.5,1674.5999755859375,1685.0,1137744
2024-12-13,1677.4505615234375,1679.699951171875,1683.5999755859375,1635.0,1667.0999755859375,1389802
2024-12-16,1671.40869140625,1673.6500244140625,1683.949951171875,1660.4000244140625,1675.0,797240
2024-12-17,1640.9495849609375,1643.1500244140625,1673.6500244140625,1633.050048828125,1673.0,1045630
2024-12-18,1628.5662841796875,1630.75,1647.4000244140625,1622.5999755859375,1642.0,952592
2024-12-19,1587.42138671875,1589.550048828125,1624.1500244140625,1583.050048828125,1616.800048828125,1681562
2024-12-20,1567.5479736328125,1569.6500244140625,1603.5999755859375,1565.0,1589.550048828125,1806341
2024-12-23,1561.306396484375,1563.4000244140625,1594.75,1560.550048828125,1583.0,1017438
2024-12-24,1562.4549560546875,1564.550048828125,1572.8499755859375,1551.6500244140625,1563.0999755859375,810638
2024-12-26,1557.2120361328125,1559.300048828125,1574.9000244140625,1554.449951171875,1554.449951171875,760870
2024-12-27,1577.1851806640625,1579.300048828125,1586.0,1561.0999755859375,1567.949951171875,1174865
2024-12-30,1574.5885009765625,1576.699951171875,1587.8499755859375,1560.449951171875,1580.0,1307371
2024-12-31,1566.0,1568.0999755859375,1575.949951171875,1560.0,1569.949951171875,1041557
2025-01-01,1574.2889404296875,1576.4000244140625,1584.050048828125,1565.0,1565.0,464064
2025-01-02,1698.3726806640625,1700.6500244140625,1717.9000244140625,1576.4000244140625,1581.300048828125,8022190
2025-01-03,1698.822021484375,1701.0999755859375,1720.0,1692.0,1700.0,1563600
2025-01-06,1682.3441162109375,1684.5999755859375,1732.949951171875,1675.0,1715.0,1837772
2025-01-07,1680.49658203125,1682.75,1703.6500244140625,1674.199951171875,1692.0,1242573
2025-01-08,1694.7274169921875,1697.0,1709.0,1668.550048828125,1681.0,1437122
2025-01-09,1688.0364990234375,1690.300048828125,1700.5,1675.0,1697.0,1036731
2025-01-10,1698.9718017578125,1701.25,1718.199951171875,1680.0,1682.0,1467079
2025-01-13,1671.9080810546875,1674.1500244140625,1700.0,1666.5999755859375,1689.5999755859375,1177882
2025-01-14,1711.205322265625,1713.5,1730.0,1684.0,1689.0,2084348
2025-01-15,1669.411376953125,1671.6500244140625,1730.449951171875,1650.0,1721.0999755859375,2098490
2025-01-16,1695.0770263671875,1697.3499755859375,1705.949951171875,1679.199951171875,1680.0,1105433
2025-01-17,1678.3992919921875,1680.6500244140625,1698.4000244140625,1670.949951171875,1686.0999755859375,905680
2025-01-20,1732.8763427734375,1735.199951171875,1738.0,1674.4000244140625,1686.300048828125,1674215
2025-01-21,1714.70068359375,1717.0,1751.0,1711.0,1745.0,2008953
2025-01-22,1740.965576171875,1743.300048828125,1746.8499755859375,1710.5,1720.0,1369310
2025-01-23,1743.8116455078125,1746.1500244140625,1766.0,1730.449951171875,1742.550048828125,1888122
2025-01-24,1726.385009765625,1728.699951171875,1754.9000244140625,1725.0,1751.0,747930
2025-01-27,1709.307861328125,1711.5999755859375,1732.6500244140625,1702.0,1714.8499755859375,1017680
2025-01-28,1766.5810546875,1768.949951171875,1788.050048828125,1715.0,1732.949951171875,2439528
2025-01-29,1788.00244140625,1790.4000244140625,1804.949951171875,1767.25,1776.949951171875,1880079
2025-01-30,1742.8629150390625,1745.199951171875,1856.0,1741.0,1825.0,5190089
2025-01-31,1733.7750244140625,1736.0999755859375,1753.699951171875,1698.199951171875,1713.5999755859375,1917476
2025-02-01,1751.651123046875,1754.0,1780.0,1617.0,1747.0,2887325
2025-02-03,1792.4464111328125,1794.8499755859375,1805.0,1733.3499755859375,1735.0,2918355
2025-02-04,1810.82177734375,1813.25,1818.9000244140625,1772.800048828125,1800.0,2285643
2025-02-05,1794.3438720703125,1796.75,1826.550048828125,1780.0,1811.0,1286850
2025-02-06,1785.6055908203125,1788.0,1812.949951171875,1779.449951171875,1808.0,1119866
2025-02-07,1795.9417724609375,1798.3499755859375,1822.0,1784.3499755859375,1801.0,1748940
2025-02-10,1789.999755859375,1792.4000244140625,1806.949951171875,1774.800048828125,1804.9000244140625,908769
2025-02-11,1742.5133056640625,1744.8499755859375,1795.300048828125,1742.0,1792.4000244140625,1944713
2025-02-12,1786.3045654296875,1788.699951171875,1800.8499755859375,1727.25,1749.0,1888823
2025-02-13,1846.7735595703125,1849.25,1853.5,1796.6500244140625,1803.949951171875,4070038
2025-02-14,1838.8343505859375,1841.300048828125,1867.5999755859375,1825.0,1853.5,1823774
2025-02-17,1892.3125,1894.8499755859375,1898.75,1830.449951171875,1841.300048828125,3022597
2025-02-18,1891.1640625,1893.699951171875,1913.800048828125,1880.800048828125,1892.0,2116513
2025-02-19,1872.838623046875,1875.3499755859375,1899.199951171875,1868.050048828125,1891.050048828125,768994
2025-02-20,1878.730712890625,1881.25,1887.5,1861.050048828125,1867.8499755859375,1012144
2025-02-21,1876.833251953125,1879.3499755859375,1893.300048828125,1866.4000244140625,1872.199951171875,852037
2025-02-24,1855.312255859375,1857.800048828125,1889.9000244140625,1853.0,1868.0,1076484
2025-02-25,1872.5889892578125,1875.0999755859375,1896.0,1857.800048828125,1857.800048828125,1761019
2025-02-27,1922.971435546875,1925.550048828125,1938.800048828125,1881.0,1882.1500244140625,2878330
2025-02-28,1869.7928466796875,1872.300048828125,1920.0,1862.550048828125,1911.050048828125,1797567
2025-03-03,1836.0880126953125,1838.550048828125,1884.699951171875,1818.699951171875,1884.699951171875,1046987
2025-03-04,1787.902587890625,1790.300048828125,1833.5,1785.25,1829.75,1443339
2025-03-05,1799.38720703125,1801.800048828125,1808.800048828125,1733.0,1787.0,2143253
2025-03-06,1842.9786376953125,1845.449951171875,1853.0,1784.0999755859375,1818.800048828125,2176883
2025-03-07,1842.8289794921875,1845.300048828125,1865.550048828125,1836.5,1845.1500244140625,1332323
2025-03-10,1837.885498046875,1840.3499755859375,1888.75,1835.0,1844.75,1703046
2025-03-11,1802.982421875,1805.4000244140625,1836.8499755859375,1788.25,1830.0,2298735
2025-03-12,1817.013427734375,1819.449951171875,1824.3499755859375,1800.0,1814.0,1196955
2025-03-13,1805.029541015625,1807.449951171875,1840.0,1803.1500244140625,1828.0,1333932
2025-03-17,1869.0936279296875,1871.5999755859375,1880.9000244140625,1797.1500244140625,1820.0,6994837
2025-03-18,1869.0936279296875,1871.5999755859375,1871.5999755859375,1871.5999755859375,1871.5999755859375,0
2025-03-19,1839.782958984375,1842.25,1864.4000244140625,1840.0,1855.0,2411880
2025-03-20,1849.3699951171875,1851.8499755859375,1855.0,1814.0999755859375,1842.25,2306910
2025-03-21,1844.7762451171875,1847.25,1880.0,1825.0,1878.0,3537391
2025-03-24,1891.613525390625,1894.1500244140625,1898.699951171875,1845.5,1855.3499755859375,1864839
2025-03-25,1942.4454345703125,1945.050048828125,1954.4000244140625,1894.9000244140625,1905.0,3512725
2025-03-26,1940.7974853515625,1943.4000244140625,1978.0,1935.0,1951.0,2779682
2025-03-27,2003.0640869140625,2005.75,2011.5,1932.5999755859375,1940.0,4506778
2025-03-28,2004.661865234375,2007.3499755859375,2022.0,1994.199951171875,1995.75,1907116
2025-04-01,1934.505859375,1937.0999755859375,2002.0,1932.5,1998.0,2125921
2025-04-02,1928.3641357421875,1930.949951171875,1963.5,1920.949951171875,1946.300048828125,1057344
2025-04-03,1917.878173828125,1920.449951171875,1950.0,1904.949951171875,1915.0,1598430
2025-04-04,1909.7391357421875,1912.300048828125,1929.949951171875,1897.0,1912.0,2120708
2025-04-07,1850.1690673828125,1852.6500244140625,1894.0,1823.5,1835.0,2594074
2025-04-08,1900.6513671875,1903.199951171875,1934.0,1873.699951171875,1890.0,3182018
2025-04-09,1893.161376953125,1895.699951171875,1918.300048828125,1878.0,1899.0,1394829
2025-04-11,1943.6937255859375,1946.300048828125,1966.0,1906.550048828125,1909.449951171875,1880510
2025-04-15,1965.364501953125,1968.0,1984.0,1960.800048828125,1984.0,1250872
2025-04-16,1966.5628662109375,1969.199951171875,1975.699951171875,1949.5999755859375,1961.0,1033717
2025-04-17,2032.5745849609375,2035.300048828125,2039.699951171875,1955.0,1961.5,2104540
2025-04-21,2100.68310546875,2103.5,2118.699951171875,2035.699951171875,2037.0999755859375,2642028
2025-04-22,2074.218505859375,2077.0,2110.0,2070.0,2104.0,1447675
2025-04-23,2097.98681640625,2100.800048828125,2117.800048828125,2057.39990234375,2094.0,1483177
2025-04-24,2102.18115234375,2105.0,2135.0,2085.39990234375,2121.800048828125,1465968
2025-04-25,2042.7607421875,2045.5,2125.0,2023.0999755859375,2105.0,1960343
2025-04-28,2046.9552001953125,2049.699951171875,2094.800048828125,2040.0,2040.0,6311008
2025-04-29,2064.132080078125,2066.89990234375,2082.0,2028.800048828125,2061.0,2119823
2025-04-30,1948.986572265625,1951.5999755859375,2020.0,1926.5,2018.199951171875,4684518
2025-05-02,1964.0662841796875,1966.699951171875,1986.5999755859375,1917.199951171875,1955.0,1949238
2025-05-05,2023.486572265625,2026.199951171875,2036.5999755859375,1959.0999755859375,1964.9000244140625,2072898
2025-05-06,2033.0738525390625,2035.800048828125,2045.0,2008.0999755859375,2028.9000244140625,1698230
2025-05-07,2027.581298828125,2030.300048828125,2045.5,2009.699951171875,2011.300048828125,1078158
2025-05-08,2003.313720703125,2006.0,2050.0,1992.9000244140625,2032.0,1697652
2025-05-09,1967.36181640625,1970.0,1999.0,1963.0,1970.0,1207361
2025-05-12,2047.654052734375,2050.39990234375,2057.60009765625,2011.800048828125,2024.9000244140625,1057561
2025-05-13,2015.497314453125,2018.199951171875,2061.39990234375,2010.5999755859375,2046.9000244140625,2217985
2025-05-14,2017.6944580078125,2020.4000244140625,2042.0,2010.0,2028.9000244140625,1670853
2025-05-15,2039.1656494140625,2041.9000244140625,2050.39990234375,1996.699951171875,2015.0999755859375,2640223
2025-05-16,2030.8765869140625,2033.5999755859375,2071.0,2022.0,2054.0,1568556
2025-05-19,2035.570556640625,2038.300048828125,2053.0,2035.0,2038.9000244140625,1379603
2025-05-20,2002.414794921875,2005.0999755859375,2047.0,1995.0,2047.0,2170575
2025-05-21,2034.5718994140625,2037.300048828125,2047.0,1998.199951171875,2011.5,1291354
2025-05-22,1998.3203125,2001.0,2041.800048828125,1992.0,2037.300048828125,1178160
2025-05-23,2033.7728271484375,2036.5,2048.699951171875,2003.199951171875,2005.9000244140625,1085026
2025-05-26,2049.851318359375,2052.60009765625,2070.0,2040.199951171875,2044.0,714431
2025-05-27,2027.181640625,2029.9000244140625,2058.0,2014.5,2050.0,1175928
2025-05-28,2019.6917724609375,2022.4000244140625,2044.9000244140625,2018.0,2044.9000244140625,415312
2025-05-29,2008.2071533203125,2010.9000244140625,2032.9000244140625,2000.0999755859375,2031.4000244140625,874950
2025-05-30,2014.698486328125,2017.4000244140625,2031.699951171875,2010.9000244140625,2010.9000244140625,2144136
2025-06-02,2026.282958984375,2029.0,2035.699951171875,1995.0999755859375,2017.4000244140625,1339043
2025-06-03,1989.232666015625,1991.9000244140625,2044.800048828125,1980.0,2039.0999755859375,1522876
2025-06-04,1953.4805908203125,1956.0999755859375,2007.800048828125,1944.0999755859375,2000.0,1169875
2025-06-05,1941.396728515625,1944.0,1965.9000244140625,1929.0999755859375,1961.0,1808602
2025-06-06,1987.3350830078125,1990.0,2018.699951171875,1921.0,1968.0,6970191
2025-06-09,2014.698486328125,2017.4000244140625,2057.699951171875,1991.0,2001.0,4221378
2025-06-10,1995.4241943359375,1998.0999755859375,2028.300048828125,1988.0999755859375,2022.0999755859375,3306765
2025-06-11,2010.2044677734375,2012.9000244140625,2029.0,1982.9000244140625,2004.0,2245988
2025-06-12,2026.083251953125,2028.800048828125,2059.699951171875,2012.199951171875,2016.0,3783347
2025-06-13,2008.3070068359375,2011.0,2016.9000244140625,1980.0,2000.0,1418715
2025-06-16,2025.48388671875,2028.199951171875,2040.0,1998.0,2005.0,1645983
2025-06-17,2000.6173095703125,2003.300048828125,2033.9000244140625,1996.199951171875,2030.0,1220096
2025-06-18,1978.7467041015625,1981.4000244140625,2018.0,1975.800048828125,2002.0,1401356
2025-06-19,1964.965087890625,1967.5999755859375,1996.199951171875,1957.4000244140625,1982.0,745887
2025-06-20,1983.5401611328125,1986.199951171875,1998.9000244140625,1965.0,1974.800048828125,1931248
2025-06-23,1994.9249267578125,1997.5999755859375,2008.4000244140625,1950.699951171875,1976.300048828125,1125629
2025-06-24,2006.5093994140625,2009.199951171875,2032.4000244140625,1999.199951171875,2019.0,1717823
2025-06-25,2009.10595703125,2011.800048828125,2028.0,2004.0,2028.0,998245
2025-06-26,2050.85009765625,2053.60009765625,2058.0,2011.800048828125,2018.0,1828277
2025-06-27,2042.25732421875,2044.0,2065.0,2005.0,2060.0,6315182
2025-06-30,2054.2470703125,2056.0,2064.0,2028.0,2040.0,1363779
2025-07-01,2052.049072265625,2053.800048828125,2068.5,2042.5999755859375,2055.10009765625,1002015
2025-07-02,2006.1881103515625,2007.9000244140625,2057.5,1996.5999755859375,2054.0,1204931
2025-07-03,1979.01123046875,1980.699951171875,2014.4000244140625,1977.5999755859375,2008.0,1133593
2025-07-04,1992.6995849609375,1994.4000244140625,2032.9000244140625,1985.0,1993.0,1509178
2025-07-07,2004.689453125,2006.4000244140625,2016.9000244140625,1993.0,1996.800048828125,861699
2025-07-08,2016.5792236328125,2018.300048828125,2020.5999755859375,1998.699951171875,2000.0,986803
2025-07-09,2024.67236328125,2026.4000244140625,2037.5999755859375,2012.0,2013.0,1161769
2025-07-10,2037.6612548828125,2039.4000244140625,2049.0,2021.800048828125,2034.0,1230564
2025-07-11,2015.4801025390625,2017.199951171875,2040.699951171875,2000.199951171875,2037.0,1145529
2025-07-14,2001.8917236328125,2003.5999755859375,2015.0,1989.0,2010.0,605261
2025-07-15,2034.763671875,2036.5,2046.0,2004.0999755859375,2010.0,888117
2025-07-16,2034.26416015625,2036.0,2043.699951171875,2018.0999755859375,2040.0999755859375,633132
2025-07-17,2024.772216796875,2026.5,2047.5,2020.300048828125,2037.5999755859375,458912
2025-07-18,2027.86962890625,2029.5999755859375,2038.9000244140625,2007.300048828125,2029.9000244140625,995783
2025-07-21,2052.148681640625,2053.89990234375,2056.0,2017.5999755859375,2026.9000244140625,999643
2025-07-22,2037.861083984375,2039.5999755859375,2049.0,2015.199951171875,2047.9000244140625,1214275
2025-07-23,2058.7431640625,2060.5,2063.199951171875,2033.699951171875,2047.699951171875,878101
2025-07-24,2030.5673828125,2032.300048828125,2060.60009765625,2025.0,2060.5,658995
2025-07-25,1984.10693359375,1985.800048828125,2000.0,1932.9000244140625,1999.0,4102292
2025-07-28,1976.11376953125,1977.800048828125,2023.0,1971.0999755859375,1990.0,1469727
2025-07-29,1970.918212890625,1972.5999755859375,1984.5,1943.800048828125,1977.800048828125,847965
2025-07-30,1958.129150390625,1959.800048828125,1989.0999755859375,1945.0999755859375,1972.699951171875,932988
2025-07-31,1946.339111328125,1948.0,1968.300048828125,1941.0999755859375,1953.0999755859375,985553
2025-08-01,1914.666259765625,1916.300048828125,1977.9000244140625,1911.199951171875,1945.0,836974
2025-08-04,1931.951416015625,1933.5999755859375,1944.4000244140625,1923.0,1923.0,982532
2025-08-05,1937.74658203125,1939.4000244140625,1942.699951171875,1916.0,1930.0999755859375,1101680
2025-08-06,1922.359619140625,1924.0,1946.699951171875,1912.199951171875,1939.4000244140625,875588
2025-08-07,1912.3681640625,1914.0,1932.9000244140625,1890.5999755859375,1919.699951171875,905353
2025-08-08,1917.563720703125,1919.199951171875,1929.699951171875,1906.4000244140625,1915.0,507893
2025-08-11,1921.16064453125,1922.800048828125,1939.800048828125,1903.0999755859375,1918.0,1489228
2025-08-12,1906.373291015625,1908.0,1934.300048828125,1904.0,1925.0,899579
2025-08-13,1912.767822265625,1914.4000244140625,1920.0,1892.9000244140625,1914.0,710014
2025-08-14,1923.4586181640625,1925.0999755859375,1939.0999755859375,1912.5,1914.4000244140625,765742
2025-08-18,1991.8004150390625,1993.5,2017.0,1950.0,1950.0,1473915
2025-08-19,1970.5184326171875,1972.199951171875,1997.5999755859375,1964.800048828125,1994.0,1389770
2025-08-20,1956.8302001953125,1958.5,1976.5,1949.199951171875,1972.800048828125,1461680
2025-08-21,1978.3118896484375,1980.0,1998.0,1974.5,1984.0,2346236
2025-08-22,1964.223876953125,1965.9000244140625,1977.300048828125,1963.5,1975.0,709444
2025-08-25,1962.125732421875,1963.800048828125,1967.800048828125,1953.0,1959.0999755859375,869509
2025-08-26,1922.5594482421875,1924.199951171875,1963.4000244140625,1917.5999755859375,1960.0,1179819
2025-08-28,1915.965087890625,1917.5999755859375,1939.699951171875,1910.5999755859375,1920.0,985012
2025-08-29,1911.8685302734375,1913.5,1931.0999755859375,1910.0,1923.0999755859375,735268
2025-09-01,1941.843017578125,1943.5,1946.0,1913.0,1918.9000244140625,590079
2025-09-02,1954.232421875,1955.9000244140625,1958.699951171875,1938.5999755859375,1945.0,907972
2025-09-03,1964.4237060546875,1966.0999755859375,1972.0,1950.0,1950.0,934230
2025-09-04,2000.492919921875,2002.199951171875,2033.800048828125,1971.0,1985.0,2459026
2025-09-05,2012.6826171875,2014.4000244140625,2023.800048828125,2002.0999755859375,2013.9000244140625,1077230
2025-09-08,2006.687744140625,2008.4000244140625,2026.4000244140625,2006.0999755859375,2014.4000244140625,338055
2025-09-09,2023.5733642578125,2025.300048828125,2039.0,2012.0,2012.0,1240640
2025-09-10,2036.462158203125,2038.199951171875,2047.0,2026.5999755859375,2035.0999755859375,927634
2025-09-11,2036.0626220703125,2037.800048828125,2048.800048828125,2028.4000244140625,2038.0,720797
2025-09-12,2079.725341796875,2081.5,2089.0,2034.300048828125,2036.0999755859375,1546838
2025-09-15,2078.2265625,2080.0,2097.0,2068.0,2078.0,1014957
2025-09-16,2078.5263671875,2080.300048828125,2104.89990234375,2077.60009765625,2085.0,928203
2025-09-17,2055.246337890625,2057.0,2090.0,2054.89990234375,2088.0,1199866
2025-09-18,2067.435791015625,2069.199951171875,2075.0,2045.0,2066.0,904666
2025-09-19,2065.53759765625,2067.300048828125,2077.199951171875,2053.699951171875,2069.0,1973991
2025-09-22,2067.735595703125,2069.5,2082.0,2062.300048828125,2067.300048828125,633360
2025-09-23,2082.622802734375,2084.39990234375,2092.0,2068.0,2068.0,1177350
2025-09-24,2067.435791015625,2069.199951171875,2088.800048828125,2062.89990234375,2084.10009765625,602541
2025-09-25,2033.864501953125,2035.5999755859375,2074.0,2032.4000244140625,2069.199951171875,952122
2025-09-26,2001.4920654296875,2003.199951171875,2047.5,1996.0999755859375,2040.0,754739
2025-09-29,2022.9737548828125,2024.699951171875,2031.0,1994.9000244140625,2007.9000244140625,2005041
2025-09-30,2004.689453125,2006.4000244140625,2036.4000244140625,2001.0,2025.0,924425
2025-10-01,2005.288818359375,2007.0,2014.0,1979.5,2008.9000244140625,683568
2025-10-03,1999.194091796875,2000.9000244140625,2017.0,1968.0,2016.5,789048
2025-10-06,2031.4664306640625,2033.199951171875,2042.199951171875,1995.0999755859375,1996.0999755859375,821515
2025-10-07,2030.8670654296875,2032.5999755859375,2056.39990234375,2029.0,2038.699951171875,641471
2025-10-08,2011.8831787109375,2013.5999755859375,2038.199951171875,2005.0,2031.5,369526
2025-10-09,2012.88232421875,2014.5999755859375,2025.9000244140625,2005.0,2013.5999755859375,437357
2025-10-10,2002.5911865234375,2004.300048828125,2026.0,2001.199951171875,2014.5999755859375,772401
2025-10-13,2018.677490234375,2020.4000244140625,2025.0,1996.5999755859375,2004.0999755859375,1013809
2025-10-14,2017.6783447265625,2019.4000244140625,2036.800048828125,2006.5999755859375,2024.9000244140625,668246
2025-10-15,2082.3232421875,2084.10009765625,2088.800048828125,2020.0999755859375,2024.5,1497249
2025-10-16,2088.41796875,2090.199951171875,2100.0,2078.0,2078.5,1424932
2025-10-17,2081.92333984375,2083.699951171875,2104.0,2077.0,2090.0,609393
2025-10-20,2137.9755859375,2139.800048828125,2149.5,2088.0,2088.0,1844869
2025-10-21,2167.250732421875,2169.10009765625,2184.0,2134.0,2150.0,367784
2025-10-23,2174.744384765625,2176.60009765625,2195.0,2159.10009765625,2170.0,1291839
2025-10-24,2157.658935546875,2159.5,2184.0,2144.60009765625,2176.60009765625,517200
2025-10-27,2168.349609375,2170.199951171875,2178.5,2149.89990234375,2159.5,433573
2025-10-28,2138.375244140625,2140.199951171875,2188.699951171875,2123.10009765625,2172.0,1200996
2025-10-29,2135.177978515625,2137.0,2150.0,2124.199951171875,2150.0,343434
2025-10-30,2112.797119140625,2114.60009765625,2146.0,2101.300048828125,2140.0,488305
2025-10-31,2086.51953125,2088.300048828125,2128.89990234375,2085.39990234375,2115.0,586237
2025-11-03,2079.825439453125,2081.60009765625,2100.0,2070.0,2086.0,546962
2025-11-04,2071.432373046875,2073.199951171875,2098.800048828125,2061.5,2087.0,610128
2025-11-06,2061.44091796875,2063.199951171875,2080.39990234375,2057.199951171875,2079.0,1175380
2025-11-07,2100.307861328125,2102.10009765625,2112.0,2042.800048828125,2060.0,839091
2025-11-10,2116.493896484375,2118.300048828125,2126.800048828125,2096.300048828125,2114.699951171875,985115
2025-11-11,1987.703857421875,1989.4000244140625,2099.0,1952.4000244140625,2085.0,4943745
2025-11-12,2033.7645263671875,2035.5,2039.0,1995.0,2009.5,2396251
2025-11-13,2054.44677734375,2056.199951171875,2072.39990234375,2032.300048828125,2045.0,1839900
2025-11-14,2064.038818359375,2065.800048828125,2072.0,2044.199951171875,2050.0,1433249
2025-11-17,2077.8271484375,2079.60009765625,2081.10009765625,2055.0,2065.800048828125,817576
2025-11-18,2048.451904296875,2050.199951171875,2075.5,2047.0,2073.0,734236
2025-11-19,2048.451904296875,2050.199951171875,2059.39990234375,2035.0,2059.39990234375,704802
2025-11-20,2093.8134765625,2095.60009765625,2105.0,2042.9000244140625,2064.699951171875,1576354
2025-11-21,2050.650146484375,2052.39990234375,2100.0,2045.0999755859375,2100.0,1019782
2025-11-24,2029.068603515625,2030.800048828125,2064.0,2025.800048828125,2064.0,1422874
2025-11-25,2028.468994140625,2030.199951171875,2051.5,2026.4000244140625,2039.0,688300
2025-11-26,2083.322265625,2085.10009765625,2088.5,2030.9000244140625,2035.0,928388
2025-11-27,2101.40673828125,2103.199951171875,2118.0,2075.60009765625,2085.10009765625,1125896
2025-11-28,2092.214599609375,2094.0,2113.0,2086.5,2110.0,590610
2025-12-01,2080.025146484375,2081.800048828125,2105.89990234375,2075.0,2102.5,533604
2025-12-02,2064.138427734375,2065.89990234375,2081.5,2059.5,2070.10009765625,682583
2025-12-03,2044.255615234375,2046.0,2072.39990234375,2035.0,2065.89990234375,785536
2025-12-04,2047.452880859375,2049.199951171875,2061.89990234375,2034.0,2046.0,758590
2025-12-05,2094.712646484375,2096.5,2110.0,2045.800048828125,2050.0,1742156
2025-12-08,2057.4443359375,2059.199951171875,2104.89990234375,2038.5,2100.0,904146
2025-12-09,2067.735595703125,2069.5,2081.800048828125,2039.0,2050.0,1176704
2025-12-10,2064.038818359375,2065.800048828125,2098.199951171875,2060.0,2070.0,937777
2025-12-11,2064.038818359375,2065.800048828125,2082.699951171875,2050.0,2080.0,624077
2025-12-12,2081.323974609375,2083.10009765625,2093.0,2069.199951171875,2075.800048828125,554885
2025-12-15,2068.734619140625,2070.5,2080.800048828125,2061.0,2079.89990234375,483403
2025-12-16,2033.4647216796875,2035.199951171875,2067.800048828125,2029.0,2066.10009765625,506106
2025-12-17,2019.4766845703125,2021.199951171875,2044.0,2011.5999755859375,2035.199951171875,398342
2025-12-18,2024.572509765625,2026.300048828125,2038.0,2012.5999755859375,2020.0,438810
2025-12-19,2042.0574951171875,2043.800048828125,2055.0,2017.9000244140625,2019.0,1104767
2025-12-22,2048.052490234375,2049.800048828125,2053.89990234375,2037.199951171875,2044.0999755859375,1038998
2025-12-23,2045.854248046875,2047.5999755859375,2057.5,2042.0,2049.0,677615
2025-12-24,2033.96435546875,2035.699951171875,2064.5,2024.300048828125,2048.5,1344198
2025-12-26,2015.8797607421875,2017.5999755859375,2035.699951171875,2005.4000244140625,2035.699951171875,1755050
2025-12-29,2010.384521484375,2012.0999755859375,2026.4000244140625,1997.199951171875,2020.0,1415166
2025-12-30,2024.67236328125,2026.4000244140625,2047.800048828125,1980.4000244140625,2012.0,5450560
2025-12-31,2038.160888671875,2039.9000244140625,2046.300048828125,2010.4000244140625,2030.199951171875,1377422
2026-01-01,2035.2633056640625,2037.0,2048.800048828125,2027.800048828125,2045.0,270917
2026-01-02,2036.662109375,2038.4000244140625,2050.0,2026.5999755859375,2030.0999755859375,893818
2026-01-05,2037.4613037109375,2039.199951171875,2045.9000244140625,2030.0,2040.0,656058
2026-01-06,2042.8568115234375,2044.5999755859375,2082.0,2040.800048828125,2044.9000244140625,1236924
2026-01-07,2030.1676025390625,2031.9000244140625,2042.0,2021.0,2040.0,653557
2026-01-08,2007.187255859375,2008.9000244140625,2029.0999755859375,1989.199951171875,2021.0,756940
2026-01-09,1990.7012939453125,1992.4000244140625,2014.199951171875,1981.199951171875,2008.9000244140625,1143760
2026-01-12,1997.19580078125,1998.9000244140625,2006.4000244140625,1972.5999755859375,1992.0,996702
2026-01-13,2009.4852294921875,2011.199951171875,2016.0,1991.0,1998.9000244140625,1216677
2026-01-14,1999.194091796875,2000.9000244140625,2015.800048828125,1993.5999755859375,2003.5,1062849
2026-01-15,1999.194091796875,2000.9000244140625,2000.9000244140625,2000.9000244140625,2000.9000244140625,0
2026-01-16,2000.792724609375,2002.5,2033.0,2000.5999755859375,2012.800048828125,1177279
2026-01-19,2016.0797119140625,2017.800048828125,2025.9000244140625,1992.0,1995.0,587791
2026-01-20,1957.030029296875,1958.699951171875,2018.300048828125,1950.199951171875,2017.0,1572563
2026-01-21,1958.22900390625,1959.9000244140625,1973.5999755859375,1936.5999755859375,1964.9000244140625,894555
2026-01-22,1991.400634765625,1993.0999755859375,1996.9000244140625,1965.0,1969.800048828125,1067186
2026-01-23,1947.3382568359375,1949.0,1994.9000244140625,1943.0999755859375,1993.0999755859375,1046873
2026-01-27,1916.06494140625,1917.699951171875,1971.5,1903.4000244140625,1950.199951171875,4700126
2026-01-28,1938.645751953125,1940.300048828125,1944.0999755859375,1920.0999755859375,1924.0,1605973
2026-01-29,1946.4390869140625,1948.0999755859375,1956.800048828125,1921.0999755859375,1927.0,884350
2026-01-30,1950.9351806640625,1952.5999755859375,1956.5999755859375,1927.0,1928.5,1342205
2026-02-02,1928.454345703125,1930.0999755859375,1937.0999755859375,1876.5999755859375,1908.0,1183196
2026-02-03,2010.9840087890625,2012.699951171875,2045.5,1986.300048828125,2019.699951171875,1358926
2026-02-04,2017.8780517578125,2019.5999755859375,2032.699951171875,1985.0999755859375,1993.0,1078917
2026-02-05,1998.394775390625,2000.0999755859375,2021.800048828125,1992.4000244140625,2008.0999755859375,857399
2026-02-06,2022.47412109375,2024.199951171875,2027.4000244140625,1983.0,2000.0999755859375,1257237
2026-02-09,2022.873779296875,2024.5999755859375,2032.0,2018.800048828125,2026.9000244140625,431032
2026-02-10,2026.1710205078125,2027.9000244140625,2033.9000244140625,2019.9000244140625,2027.0,717899
2026-02-11,2025.2718505859375,2027.0,2050.0,2022.0,2032.0,538669
2026-02-12,2035.3631591796875,2037.0999755859375,2041.9000244140625,2012.0999755859375,2025.0,637754
2026-02-13,2021.4749755859375,2023.199951171875,2035.0,2012.699951171875,2035.0,756233
2026-02-16,2049.1513671875,2050.89990234375,2055.0,2022.199951171875,2023.199951171875,812257
2026-02-17,2042.656982421875,2044.4000244140625,2052.60009765625,2035.0,2045.0,252282
2026-02-18,2058.84326171875,2060.60009765625,2065.89990234375,2040.0,2040.0,611189
2026-02-19,2031.4664306640625,2033.199951171875,2068.0,2025.0,2068.0,659450
2026-02-20,2056.744873046875,2058.5,2063.89990234375,2021.0999755859375,2033.199951171875,459679
2026-02-23,2049.850830078125,2051.60009765625,2069.0,2039.800048828125,2050.0,1070139
2026-02-24,2041.5579833984375,2043.300048828125,2050.0,2032.0999755859375,2040.0,1054129
2026-02-25,2047.5528564453125,2049.300048828125,2074.89990234375,2043.0,2050.0,508162
2026-02-26,2039.5596923828125,2041.300048828125,2063.800048828125,2028.0,2057.0,493126
2026-02-27,1991.700439453125,1993.4000244140625,2039.5999755859375,1986.5999755859375,2022.699951171875,1323479
2026-03-02,1940.244384765625,1941.9000244140625,1990.0,1927.0,1950.0,1595247
2026-03-04,1887.689208984375,1889.300048828125,1909.4000244140625,1860.199951171875,1909.4000244140625,2209959
2026-03-05,1910.1700439453125,1911.800048828125,1917.9000244140625,1878.9000244140625,1897.800048828125,1515601
2026-03-06,1867.306640625,1868.9000244140625,1908.9000244140625,1865.0,1908.9000244140625,2267317
2026-03-09,1839.929931640625,1841.5,1844.5999755859375,1802.0,1839.0999755859375,1009617
2026-03-10,1866.2076416015625,1867.800048828125,1873.800048828125,1840.4000244140625,1845.0999755859375,885047
2026-03-11,1793.7694091796875,1795.300048828125,1874.800048828125,1791.0,1861.0,1298364
2026-03-12,1769.290283203125,1770.800048828125,1794.4000244140625,1763.0999755859375,1786.9000244140625,1095963
2026-03-13,1736.5181884765625,1738.0,1779.199951171875,1726.0999755859375,1760.0999755859375,1390698
2026-03-16,1772.3875732421875,1773.9000244140625,1784.0,1729.0,1738.0,2085547
2026-03-17,1773.1868896484375,1774.699951171875,1782.5999755859375,1757.0,1775.5999755859375,1259526
2026-03-18,1790.2723388671875,1791.800048828125,1803.0,1770.0,1773.800048828125,1467841
2026-03-19,1713.4378662109375,1714.9000244140625,1778.0,1702.0999755859375,1776.0,1354973
2026-03-20,1708.8419189453125,1710.300048828125,1734.0,1702.800048828125,1724.0,2626283
2026-03-23,1674.071533203125,1675.5,1700.0,1662.699951171875,1699.800048828125,2207925
2026-03-24,1702.9468994140625,1704.4000244140625,1714.0,1671.4000244140625,1710.0,1775627
2026-03-25,1744.711181640625,1746.199951171875,1765.0,1717.5999755859375,1720.800048828125,1865278
2026-03-27,1693.255126953125,1694.699951171875,1738.5999755859375,1680.0999755859375,1738.5999755859375,2522237
2026-03-30,1630.4088134765625,1631.800048828125,1686.0999755859375,1627.0,1675.0,3272392
2026-04-01,1645.5958251953125,1647.0,1683.0999755859375,1642.0,1679.0,1796540
2026-04-02,1639.3011474609375,1640.699951171875,1646.5,1597.0,1635.0,2284337
2026-04-06,1670.874267578125,1672.300048828125,1678.9000244140625,1623.5999755859375,1635.0,1215027
2026-04-07,1682.9639892578125,1684.4000244140625,1692.199951171875,1625.0,1660.0999755859375,2860538
2026-04-08,1783.0784912109375,1784.5999755859375,1809.0,1751.5,1751.5,2059323
2026-04-09,1766.19287109375,1767.699951171875,1792.5,1757.0,1784.5999755859375,1510841
2026-04-10,1807.657470703125,1809.199951171875,1814.9000244140625,1776.0999755859375,1777.800048828125,983497
2026-04-13,1786.775390625,1788.300048828125,1792.0999755859375,1748.300048828125,1774.5,1243242
2026-04-15,1824.243408203125,1825.800048828125,1839.199951171875,1814.199951171875,1815.0,1066065
2026-04-16,1828.33984375,1829.9000244140625,1854.9000244140625,1823.0,1835.800048828125,1035217
2026-04-17,1837.3321533203125,1838.9000244140625,1845.5,1811.699951171875,1828.800048828125,487836
2026-04-20,1829.0391845703125,1830.5999755859375,1850.5999755859375,1820.4000244140625,1839.9000244140625,903716
2026-04-21,1849.821533203125,1851.4000244140625,1855.0,1825.0,1827.300048828125,952364
2026-04-22,1841.3287353515625,1842.9000244140625,1860.0,1835.0,1847.0,739941
2026-04-23,1791.0716552734375,1792.5999755859375,1830.0,1786.0,1821.5,910293
2026-04-24,1769.1903076171875,1770.699951171875,1799.9000244140625,1757.300048828125,1792.699951171875,920624
2026-04-27,1770.68896484375,1772.199951171875,1798.0,1765.0,1781.0,1267827
2026-04-28,1777.4832763671875,1779.0,1790.800048828125,1757.699951171875,1772.0999755859375,1414112
2026-04-29,1762.69580078125,1764.199951171875,1793.9000244140625,1760.800048828125,1778.0,699788
2026-04-30,1745.7103271484375,1747.199951171875,1794.5,1718.699951171875,1777.199951171875,2574629
2026-05-01,1745.7103271484375,1747.199951171875,1747.199951171875,1747.199951171875,1747.199951171875,0
2026-05-04,1768.890625,1770.4000244140625,1787.0,1747.0999755859375,1749.199951171875,1720030
2026-05-05,1793.0699462890625,1794.5999755859375,1799.0,1742.0999755859375,1760.0,1270233
2026-05-06,1834.5345458984375,1836.0999755859375,1838.800048828125,1798.0999755859375,1810.0,1059177
2026-05-07,1822.9444580078125,1824.5,1849.5999755859375,1816.5999755859375,1849.5999755859375,945912
2026-05-08,1816.749755859375,1818.300048828125,1827.199951171875,1802.5,1824.5,719570
2026-05-11,1792.6702880859375,1794.199951171875,1814.0,1786.0,1804.199951171875,541986
2026-05-12,1743.3125,1744.800048828125,1791.0,1741.5,1783.800048828125,1041932
2026-05-13,1727.426025390625,1728.9000244140625,1758.0,1726.0,1748.9000244140625,666278
2026-05-14,1738.71630859375,1740.199951171875,1743.0,1713.300048828125,1735.0999755859375,2086133
2026-05-15,1726.6265869140625,1728.0999755859375,1755.800048828125,1721.9000244140625,1735.0999755859375,2347840
2026-05-18,1751.6053466796875,1753.0999755859375,1759.0,1693.800048828125,1715.0,1199186
2026-05-19,1748.3082275390625,1749.800048828125,1765.0,1743.0,1745.199951171875,640335
2026-05-20,1770.4892578125,1772.0,1780.0,1726.0,1732.5,779574
2026-05-21,1750.7060546875,1752.199951171875,1784.4000244140625,1746.0,1781.0,479195
2026-05-22,1764.494384765625,1766.0,1779.0,1757.0,1760.0,392442
2026-05-25,1805.8590087890625,1807.4000244140625,1811.800048828125,1783.0,1785.0,456676
2026-05-26,1799.1646728515625,1800.699951171875,1812.800048828125,1796.199951171875,1807.4000244140625,811184
2026-05-27,1807.5576171875,1809.0999755859375,1815.5,1794.5,1806.0,339636
2026-05-28,1807.5576171875,1809.0999755859375,1809.0999755859375,1809.0999755859375,1809.0999755859375,0
2026-05-29,1782.079345703125,1783.5999755859375,1817.5999755859375,1776.9000244140625,1801.0,1445842
2026-06-01,1757.400390625,1758.9000244140625,1805.699951171875,1756.0,1794.9000244140625,399937
2026-06-02,1739.915283203125,1741.4000244140625,1755.0,1714.0999755859375,1748.0999755859375,1004282
2026-06-03,1732.9212646484375,1734.4000244140625,1741.9000244140625,1708.0999755859375,1739.0,561611
2026-06-04,1708.34228515625,1709.800048828125,1734.199951171875,1705.5,1733.0,767631
2026-06-05,1701.747802734375,1703.199951171875,1740.5,1698.0,1720.0,1414054
2026-06-08,1673.1722412109375,1674.5999755859375,1696.0,1662.0,1684.0,757180
2026-06-09,1691.656494140625,1693.0999755859375,1696.800048828125,1673.0999755859375,1682.699951171875,567616
2026-06-10,1662.7811279296875,1664.199951171875,1699.9000244140625,1660.4000244140625,1689.199951171875,525263
2026-06-11,1643.6973876953125,1645.0999755859375,1658.5999755859375,1640.5,1656.0999755859375,589370
2026-06-12,1687.659912109375,1689.0999755859375,1692.0,1649.199951171875,1669.0,1486234
2026-06-15,1748.707763671875,1750.199951171875,1761.0999755859375,1710.0,1714.0,2002931
2026-06-16,1785.7762451171875,1787.300048828125,1801.800048828125,1751.0999755859375,1755.0,2043227
2026-06-17,1763.095458984375,1764.5999755859375,1794.0,1751.5999755859375,1792.0,903580
2026-06-18,1770.189453125,1771.699951171875,1775.0,1750.0,1769.800048828125,1011360
2026-06-19,1767.8914794921875,1769.4000244140625,1774.0,1752.0,1770.800048828125,837089
2026-06-22,1780.680419921875,1782.199951171875,1786.699951171875,1761.4000244140625,1768.0999755859375,1828102
2026-06-23,1763.4952392578125,1765.0,1798.9000244140625,1759.9000244140625,1794.0,885946
2026-06-24,1778.98193359375,1780.5,1792.199951171875,1753.0999755859375,1757.0999755859375,891924
2026-06-25,1763.095458984375,1764.5999755859375,1793.0,1760.800048828125,1790.0,1108117
2026-06-26,1763.095458984375,1764.5999755859375,1764.5999755859375,1764.5999755859375,1764.5999755859375,0
2026-06-29,1757.800048828125,1759.300048828125,1787.0,1755.0999755859375,1764.5999755859375,1565424
2026-06-30,1780.199951171875,1780.199951171875,1799.0,1754.199951171875,1760.0,1234164
2026-07-01,1797.5999755859375,1797.5999755859375,1809.4000244140625,1741.5,1760.0,1768906
2026-07-02,1855.699951171875,1855.699951171875,1862.0,1801.5,1804.0,1786876
2026-07-03,1895.5999755859375,1895.5999755859375,1916.0,1870.5999755859375,1885.0,2036834
2026-07-06,1870.699951171875,1870.699951171875,1904.5999755859375,1863.0999755859375,1885.0999755859375,1228228
2026-07-07,1885.300048828125,1885.300048828125,1899.0,1871.800048828125,1871.800048828125,877577
2026-07-08,1854.9000244140625,1854.9000244140625,1890.800048828125,1841.5,1867.0,1439841
2026-07-09,1895.0,1895.0,1911.9000244140625,1850.0,1856.0,2049967
2026-07-10,1916.0,1916.0,1920.5,1893.4000244140625,1905.300048828125,822344
2026-07-13,1908.0999755859375,1908.0999755859375,1912.0,1884.4000244140625,1900.0,1002460
2026-07-14,1869.199951171875,1869.199951171875,1899.0,1861.0,1884.4000244140625,1811978
2026-07-15,1849.5999755859375,1849.5999755859375,1892.5999755859375,1843.4000244140625,1875.0,595343
2026-07-16,1838.5999755859375,1838.5999755859375,1856.5999755859375,1827.699951171875,1843.5999755859375,1669077
2026-07-17,1854.0,1854.0,1871.699951171875,1822.0,1836.0,705632
2026-07-20,1861.5,1861.5,1871.5999755859375,1838.800048828125,1852.0999755859375,1397352
2026-07-21,1900.5999755859375,1900.5999755859375,1904.800048828125,1850.4000244140625,1855.0,1668696
2026-07-22,1876.4000244140625,1876.4000244140625,1901.0,1868.0,1895.0999755859375,1023902
2026-07-23,1887.5,1887.5,1899.800048828125,1862.300048828125,1870.0,1034138
