Date,Adj Close,Close,High,Low,Open,Volume
2021-07-23,332.1317138671875,343.1499938964844,345.70001220703125,336.6000061035156,341.79998779296875,538533
2021-07-26,329.1312561035156,340.04998779296875,348.8999938964844,338.79998779296875,344.29998779296875,647183
2021-07-27,338.6650390625,349.8999938964844,357.95001220703125,343.04998779296875,343.70001220703125,2101545
2021-07-28,336.4388732910156,347.6000061035156,352.8999938964844,341.29998779296875,349.0,896445
2021-07-29,362.7655029296875,374.79998779296875,386.79998779296875,350.8500061035156,352.0,6535807
2021-07-30,369.0083923339844,381.25,384.79998779296875,370.54998779296875,376.0,1481045
2021-08-02,355.5546875,367.3500061035156,384.5,365.0,384.5,1605435
2021-08-03,353.8124694824219,365.54998779296875,369.8999938964844,360.0,367.79998779296875,983211
2021-08-04,334.0191345214844,345.1000061035156,365.8999938964844,337.45001220703125,365.0,1996361
2021-08-05,342.4397888183594,353.79998779296875,359.0,335.25,347.8999938964844,1427042
2021-08-06,344.3271789550781,355.75,359.45001220703125,348.1000061035156,359.0,845655
2021-08-09,343.60125732421875,355.0,361.3999938964844,341.04998779296875,358.0,4436521
2021-08-10,330.34112548828125,341.29998779296875,351.54998779296875,337.1000061035156,345.1000061035156,1805157
2021-08-11,335.37420654296875,346.5,352.0,338.29998779296875,345.29998779296875,2248055
2021-08-12,342.39141845703125,353.75,356.20001220703125,346.70001220703125,349.0,1368294
2021-08-13,337.2615661621094,348.45001220703125,355.0,345.75,354.8999938964844,548162
2021-08-16,332.0833740234375,343.1000061035156,350.5,340.1000061035156,350.0,988760
2021-08-17,348.7310485839844,360.29998779296875,362.54998779296875,350.0,351.0,3464574
2021-08-18,348.7310485839844,360.29998779296875,368.3999938964844,350.1499938964844,359.0,1732994
2021-08-20,345.6822204589844,357.1499938964844,364.0,353.29998779296875,357.54998779296875,1177227
2021-08-23,345.6338195800781,357.1000061035156,361.0,350.0,355.8999938964844,1168392
2021-08-24,347.4244689941406,358.95001220703125,365.29998779296875,350.0,356.75,1071662
2021-08-25,358.0711975097656,369.95001220703125,373.95001220703125,356.95001220703125,358.0,2844456
2021-08-26,356.0870361328125,367.8999938964844,378.95001220703125,363.75,372.5,2161183
2021-08-27,358.1195983886719,370.0,372.3500061035156,363.0,366.8999938964844,853862
2021-08-30,357.10333251953125,368.95001220703125,377.0,367.79998779296875,371.8999938964844,824322
2021-08-31,357.2001037597656,369.04998779296875,374.3999938964844,367.0,374.3999938964844,708813
2021-09-01,358.50677490234375,370.3999938964844,378.3999938964844,368.6000061035156,372.0,1013694
2021-09-02,357.7808532714844,369.6499938964844,373.70001220703125,366.5,370.79998779296875,843359
2021-09-03,358.1195983886719,370.0,372.6499938964844,366.3500061035156,371.5,482089
2021-09-06,353.0865478515625,364.79998779296875,374.54998779296875,364.0,371.70001220703125,2139141
2021-09-07,346.262939453125,357.75,377.5,355.1000061035156,369.29998779296875,1905277
2021-09-08,343.64959716796875,355.04998779296875,362.0,353.54998779296875,359.6000061035156,513848
2021-09-09,353.183349609375,364.8999938964844,366.0,355.25,356.6499938964844,648404
2021-09-13,353.9092712402344,365.6499938964844,370.0,357.75,364.8999938964844,875083
2021-09-14,348.5375061035156,360.1000061035156,368.54998779296875,359.0,367.29998779296875,795240
2021-09-15,346.7952880859375,358.29998779296875,363.29998779296875,356.3999938964844,361.3999938964844,1012706
2021-09-16,347.37603759765625,358.8999938964844,366.0,357.1499938964844,361.0,721373
2021-09-17,346.45654296875,357.95001220703125,363.0,352.45001220703125,360.0,1241100
2021-09-20,338.1810302734375,349.3999938964844,355.3999938964844,347.0,353.0,1161991
2021-09-21,332.4704895019531,343.5,348.5,339.5,345.20001220703125,1019606
2021-09-22,334.64825439453125,345.75,349.45001220703125,343.45001220703125,346.5,501876
2021-09-23,336.5840148925781,347.75,349.8999938964844,343.1499938964844,348.0,988085
2021-09-24,348.3439025878906,359.8999938964844,369.6000061035156,355.45001220703125,358.0,2659116
2021-09-27,343.214111328125,354.6000061035156,359.0,350.0,359.0,1263010
2021-09-28,341.3751220703125,352.70001220703125,357.8999938964844,350.6000061035156,356.95001220703125,542763
2021-09-29,345.0530700683594,356.5,359.70001220703125,349.1000061035156,350.1000061035156,578639
2021-09-30,354.73199462890625,366.5,368.1499938964844,357.79998779296875,358.0,1428587
2021-10-01,354.4900207519531,366.25,368.0,361.70001220703125,363.8500061035156,1083594
2021-10-04,380.13909912109375,392.75,395.0,370.0,370.0,5833642
2021-10-05,372.15399169921875,384.5,394.5,381.0,394.5,1514770
2021-10-06,366.5886535644531,378.75,388.29998779296875,374.0,386.0,877554
2021-10-07,363.2978515625,375.3500061035156,382.5,373.1499938964844,381.95001220703125,628383
2021-10-08,360.58770751953125,372.54998779296875,388.75,366.3999938964844,377.0,1738507
2021-10-11,360.87811279296875,372.8500061035156,381.6499938964844,368.0,374.0,890535
2021-10-12,365.7175598144531,377.8500061035156,383.0,371.25,375.95001220703125,1769682
2021-10-13,373.3638916015625,385.75,389.70001220703125,374.0,377.8500061035156,1829374
2021-10-14,365.95953369140625,378.1000061035156,387.70001220703125,376.8500061035156,386.0,737933
2021-10-18,377.5258483886719,390.04998779296875,398.0,374.25,378.6000061035156,2734065
2021-10-19,358.16796875,370.04998779296875,392.70001220703125,362.75,392.5,864947
2021-10-20,333.2447814941406,344.29998779296875,370.25,330.04998779296875,369.8999938964844,4175089
2021-10-21,314.5161437988281,324.95001220703125,350.0,322.79998779296875,347.0,1857911
2021-10-22,299.0298767089844,308.95001220703125,330.0,307.70001220703125,324.95001220703125,2097249
2021-10-25,291.1415710449219,300.79998779296875,316.0,297.6000061035156,312.3999938964844,2116229
2021-10-26,321.48492431640625,332.1499938964844,334.8999938964844,303.1000061035156,303.8999938964844,2617730
2021-10-27,316.5002746582031,327.0,334.20001220703125,324.3500061035156,334.0,982635
2021-10-28,314.8548889160156,325.29998779296875,330.54998779296875,313.0,329.8500061035156,931925
2021-10-29,316.451904296875,326.95001220703125,330.5,318.04998779296875,321.79998779296875,872777
2021-11-01,316.83905029296875,327.3500061035156,331.75,322.25,325.0,507305
2021-11-02,323.51751708984375,334.25,338.0,329.3999938964844,329.3999938964844,823087
2021-11-03,325.6468811035156,336.45001220703125,338.29998779296875,331.8999938964844,333.8999938964844,428182
2021-11-04,326.0823974609375,336.8999938964844,340.0,335.8999938964844,338.3999938964844,100138
2021-11-08,322.21087646484375,332.8999938964844,340.0,330.54998779296875,338.1000061035156,1334467
2021-11-09,316.451904296875,326.95001220703125,334.8500061035156,325.5,331.0,889514
2021-11-10,324.67901611328125,335.45001220703125,337.8999938964844,326.1000061035156,327.29998779296875,1841978
2021-11-11,329.1796875,340.1000061035156,346.45001220703125,328.54998779296875,337.95001220703125,2741995
2021-11-12,328.7441101074219,339.6499938964844,343.3500061035156,336.70001220703125,342.0,723611
2021-11-15,320.2266845703125,330.8500061035156,340.0,329.0,340.0,546943
2021-11-16,320.37188720703125,331.0,337.6499938964844,330.0,335.0,428354
2021-11-17,316.451904296875,326.95001220703125,337.5,324.3999938964844,332.70001220703125,453471
2021-11-18,305.4663391113281,315.6000061035156,330.0,314.1499938964844,329.0,843702
2021-11-22,308.9991149902344,319.25,323.29998779296875,302.5,315.8999938964844,908694
2021-11-23,307.9344482421875,318.1499938964844,323.0,313.54998779296875,318.95001220703125,375310
2021-11-24,311.4672546386719,321.79998779296875,334.3500061035156,318.1499938964844,321.70001220703125,1531964
2021-11-25,309.8702392578125,320.1499938964844,326.75,318.75,323.3500061035156,426974
2021-11-26,309.5314636230469,319.79998779296875,330.54998779296875,315.0,317.79998779296875,1080915
2021-11-29,303.19183349609375,313.25,321.70001220703125,301.6000061035156,312.04998779296875,617783
2021-11-30,301.6431884765625,311.6499938964844,320.95001220703125,308.1499938964844,312.0,469057
2021-12-01,319.887939453125,330.5,334.0,316.25,326.0,1418593
2021-12-02,320.323486328125,330.95001220703125,334.8999938964844,326.3999938964844,334.79998779296875,926318
2021-12-03,312.8707275390625,323.25,334.70001220703125,322.04998779296875,329.8999938964844,604267
2021-12-06,306.67620849609375,316.8500061035156,324.45001220703125,315.0,323.0,252082
2021-12-07,313.1127014160156,323.5,326.0,318.5,319.5,334718
2021-12-08,311.1285400390625,321.45001220703125,326.95001220703125,320.0,325.0,375385
2021-12-09,323.95306396484375,334.70001220703125,345.79998779296875,322.5,324.45001220703125,2347246
2021-12-10,323.8562927246094,334.6000061035156,339.5,332.1000061035156,334.95001220703125,501814
2021-12-13,314.32257080078125,324.75,343.79998779296875,324.0,335.5,2187246
2021-12-14,322.6947937011719,333.3999938964844,335.1499938964844,323.0,323.20001220703125,773029
2021-12-15,315.00006103515625,325.45001220703125,331.75,324.5,329.79998779296875,773624
2021-12-16,312.8707275390625,323.25,329.70001220703125,319.1000061035156,329.70001220703125,440190
2021-12-17,305.4663391113281,315.6000061035156,325.79998779296875,315.0,324.0,517376
2021-12-20,299.8525390625,309.79998779296875,313.6499938964844,299.0,313.6499938964844,957246
2021-12-21,297.6264343261719,307.5,317.8999938964844,304.54998779296875,311.0,531474
2021-12-22,308.03125,318.25,319.5,307.54998779296875,310.0,630224
2021-12-23,321.8721008300781,332.54998779296875,334.29998779296875,319.25,319.25,1634249
2021-12-24,314.6128845214844,325.04998779296875,334.1499938964844,323.0,333.5,486063
2021-12-27,320.7590026855469,331.3999938964844,332.20001220703125,316.6499938964844,321.0,608927
2021-12-28,331.9865417480469,343.0,344.95001220703125,330.1499938964844,333.20001220703125,1677868
2021-12-29,349.84417724609375,361.45001220703125,363.25,344.1499938964844,344.70001220703125,5481870
2021-12-30,350.1344909667969,361.75,367.0,346.0,360.3500061035156,2499238
2021-12-31,355.6998291015625,367.5,369.6499938964844,357.6499938964844,359.70001220703125,2482741
2022-01-03,362.2815246582031,374.29998779296875,375.5,362.20001220703125,364.25,2118488
2022-01-04,413.5797424316406,427.29998779296875,429.8500061035156,370.0,373.1000061035156,18950113
2022-01-05,404.09442138671875,417.5,431.1000061035156,413.8500061035156,424.3999938964844,8410788
2022-01-06,410.192138671875,423.79998779296875,437.5,409.75,413.0,9259905
2022-01-07,405.0139465332031,418.45001220703125,429.3999938964844,411.1499938964844,425.79998779296875,3049263
2022-01-10,406.4173278808594,419.8999938964844,429.5,417.45001220703125,418.5,2675034
2022-01-11,405.9818420410156,419.45001220703125,425.8999938964844,416.29998779296875,419.8999938964844,1896909
2022-01-12,410.192138671875,423.79998779296875,436.8999938964844,419.1000061035156,421.6499938964844,3170345
2022-01-13,430.3726501464844,444.6499938964844,448.75,421.5,425.79998779296875,8579662
2022-01-14,427.4689636230469,441.6499938964844,451.6000061035156,439.25,445.95001220703125,5042418
2022-01-17,428.8240051269531,443.04998779296875,451.79998779296875,431.0,443.0,3814063
2022-01-18,425.7751770019531,439.8999938964844,459.0,437.5,447.25,6469734
2022-01-19,432.79241943359375,447.1499938964844,448.20001220703125,432.0,441.0,3646394
2022-01-20,438.8417053222656,453.3999938964844,459.8500061035156,446.45001220703125,448.45001220703125,3993657
2022-01-21,408.9338684082031,422.5,455.70001220703125,416.8500061035156,451.8500061035156,3825035
2022-01-24,385.75286865234375,398.54998779296875,426.45001220703125,392.25,423.20001220703125,3835555
2022-01-25,399.7388916015625,413.0,414.5,382.1000061035156,392.6000061035156,2967385
2022-01-27,401.4810791015625,414.79998779296875,418.0,402.6000061035156,409.45001220703125,2825273
2022-01-28,408.83709716796875,422.3999938964844,434.54998779296875,418.3999938964844,420.0,1819160
2022-01-31,410.5793151855469,424.20001220703125,434.0,415.0,426.8999938964844,2065900
2022-02-01,411.5472106933594,425.20001220703125,436.3500061035156,417.54998779296875,426.3500061035156,2952149
2022-02-02,401.965087890625,415.29998779296875,430.79998779296875,405.54998779296875,426.0,4314721
2022-02-03,430.953369140625,445.25,448.8999938964844,415.1499938964844,415.79998779296875,7856569
2022-02-04,424.662109375,438.75,452.25,435.8999938964844,448.0,4927131
2022-02-07,429.8403015136719,444.1000061035156,456.8999938964844,439.29998779296875,439.75,5402993
2022-02-08,413.7733459472656,427.5,448.3500061035156,418.6499938964844,444.95001220703125,3340368
2022-02-09,429.35638427734375,443.6000061035156,447.6000061035156,428.04998779296875,430.0,2479301
2022-02-10,426.6462707519531,440.79998779296875,448.70001220703125,439.0,445.0,1763533
2022-02-11,415.69537353515625,427.04998779296875,438.54998779296875,425.20001220703125,432.95001220703125,2269342
2022-02-14,387.51513671875,398.1000061035156,421.29998779296875,394.5,421.29998779296875,2200602
2022-02-15,407.37274169921875,418.5,420.8500061035156,395.6000061035156,404.0,2232036
2022-02-16,400.8508605957031,411.79998779296875,423.25,409.20001220703125,420.5,2258471
2022-02-17,395.740478515625,406.54998779296875,417.29998779296875,404.3999938964844,414.95001220703125,1238372
2022-02-18,390.43536376953125,401.1000061035156,414.5,399.6000061035156,406.54998779296875,1246423
2022-02-21,382.55072021484375,393.0,403.6499938964844,390.3999938964844,399.0,1642815
2022-02-22,386.687744140625,397.25,405.1499938964844,365.54998779296875,381.29998779296875,5387492
2022-02-23,396.9085693359375,407.75,411.8999938964844,396.0,400.0,3741866
2022-02-24,367.12213134765625,377.1499938964844,406.1499938964844,374.04998779296875,388.0,5023057
2022-02-25,381.4799499511719,391.8999938964844,398.70001220703125,386.8999938964844,387.45001220703125,2053829
2022-02-28,386.4443664550781,397.0,399.6499938964844,381.0,385.1499938964844,2427000
2022-03-02,399.5367736816406,410.45001220703125,413.5,393.70001220703125,397.0,2476038
2022-03-03,413.6025695800781,424.8999938964844,439.75,415.0,415.0,7242193
2022-03-04,409.4655456542969,420.6499938964844,433.8999938964844,416.0,430.0,4125091
2022-03-07,432.00006103515625,443.79998779296875,448.8999938964844,409.20001220703125,419.6499938964844,4587312
2022-03-08,421.6819152832031,433.20001220703125,455.75,422.3999938964844,448.0,6716028
2022-03-09,433.94683837890625,445.79998779296875,456.75,431.6499938964844,439.0,6731888
2022-03-10,437.353759765625,449.29998779296875,462.0,444.0,451.0,6321734
2022-03-11,474.39208984375,487.3500061035156,491.29998779296875,447.75,451.3999938964844,13441617
2022-03-14,488.70123291015625,502.04998779296875,515.0,477.6000061035156,490.0,19010121
2022-03-15,454.29119873046875,466.70001220703125,506.70001220703125,460.1000061035156,505.0,10917242
2022-03-16,472.59130859375,485.5,489.45001220703125,471.25,474.0,6348479
2022-03-17,466.6048278808594,479.3500061035156,489.79998779296875,475.25,488.1000061035156,3851226
2022-03-21,486.2677307128906,499.54998779296875,521.4000244140625,485.8500061035156,487.1000061035156,15651929
2022-03-22,478.3344421386719,491.3999938964844,499.8999938964844,486.29998779296875,499.70001220703125,3849048
2022-03-23,481.3033142089844,494.45001220703125,504.0,489.1000061035156,494.0,3258594
2022-03-24,476.9716491699219,490.0,502.5,488.0,493.75,2987434
2022-03-25,465.8260803222656,478.54998779296875,496.79998779296875,466.95001220703125,493.6000061035156,4364420
2022-03-28,466.4101257324219,479.1499938964844,490.45001220703125,473.0,484.0,4083014
2022-03-29,459.158203125,471.70001220703125,484.70001220703125,469.3500061035156,481.3999938964844,1646879
2022-03-30,468.4056396484375,481.20001220703125,486.95001220703125,470.1499938964844,475.3500061035156,3315733
2022-03-31,476.3876037597656,489.3999938964844,493.8500061035156,470.6000061035156,481.5,3314707
2022-04-01,470.0117492675781,482.8500061035156,494.3999938964844,480.6499938964844,488.0,2182919
2022-04-04,491.670166015625,505.1000061035156,511.6000061035156,483.6000061035156,483.70001220703125,5129417
2022-04-05,489.5773620605469,502.95001220703125,515.0,498.5,508.8999938964844,4082214
2022-04-06,497.8999938964844,511.5,524.9000244140625,498.54998779296875,502.0,6480527
2022-04-07,502.0369873046875,515.75,523.9500122070312,506.1000061035156,516.5999755859375,4620578
2022-04-08,497.46197509765625,511.04998779296875,525.9000244140625,504.0,520.0,2545617
2022-04-11,503.2051086425781,516.9500122070312,520.9000244140625,511.20001220703125,513.0,2556904
2022-04-12,487.04644775390625,500.3500061035156,518.5,489.8500061035156,517.0,3732197
2022-04-13,470.1091003417969,482.95001220703125,503.5,480.8500061035156,502.79998779296875,4029393
2022-04-18,478.1884460449219,491.25,494.70001220703125,473.20001220703125,477.8500061035156,4480960
2022-04-19,471.9098815917969,484.79998779296875,511.75,473.79998779296875,495.5,5187571
2022-04-20,470.5471496582031,483.3999938964844,497.8999938964844,476.70001220703125,488.0,2386020
2022-04-21,483.4935302734375,496.70001220703125,506.29998779296875,487.0,489.95001220703125,3253063
2022-04-22,481.4980163574219,494.6499938964844,508.70001220703125,491.0,493.79998779296875,4209457
2022-04-25,448.6453552246094,460.8999938964844,493.75,448.6000061035156,492.0,6306292
2022-04-26,460.8616943359375,473.45001220703125,479.8999938964844,466.1000061035156,468.0,3880362
2022-04-27,448.5967102050781,460.8500061035156,473.25,452.6000061035156,466.5,3108755
2022-04-28,447.6719665527344,459.8999938964844,466.75,450.1499938964844,464.0,2818150
2022-04-29,431.31866455078125,443.1000061035156,465.0,440.1499938964844,463.0,2522873
2022-05-02,434.33624267578125,446.20001220703125,451.5,435.20001220703125,435.20001220703125,2189890
2022-05-04,426.500244140625,438.1499938964844,457.3500061035156,433.79998779296875,448.8999938964844,2642266
2022-05-05,425.9162292480469,437.54998779296875,450.79998779296875,436.04998779296875,444.8999938964844,1927435
2022-05-06,402.7490234375,413.75,433.79998779296875,409.1000061035156,431.0,3300319
2022-05-09,395.2051086425781,406.0,416.0,397.25,412.5,2844091
2022-05-10,386.9797668457031,397.54998779296875,420.8500061035156,395.70001220703125,405.79998779296875,3356392
2022-05-11,387.2231140136719,397.79998779296875,408.5,380.8999938964844,401.0,3321971
2022-05-12,371.4538269042969,381.6000061035156,396.95001220703125,377.5,393.3999938964844,2594378
2022-05-13,382.35601806640625,392.79998779296875,401.8999938964844,386.54998779296875,386.54998779296875,3634636
2022-05-16,400.16949462890625,411.1000061035156,414.04998779296875,392.29998779296875,398.0,3743576
2022-05-17,409.5142517089844,420.70001220703125,422.8999938964844,410.3999938964844,414.75,2156315
2022-05-18,417.25286865234375,428.6499938964844,432.20001220703125,412.8999938964844,423.95001220703125,4041993
2022-05-19,396.2271423339844,407.04998779296875,422.1499938964844,404.04998779296875,418.6499938964844,2583732
2022-05-20,411.94775390625,423.20001220703125,424.54998779296875,412.1499938964844,413.0,1755558
2022-05-23,401.921630859375,412.8999938964844,426.0,411.20001220703125,426.0,1204148
2022-05-24,378.8030700683594,389.1499938964844,417.0,371.6499938964844,413.20001220703125,10459210
2022-05-25,345.2690734863281,354.70001220703125,387.5,351.3999938964844,385.0,13489845
2022-05-26,365.4674072265625,375.45001220703125,377.70001220703125,347.1000061035156,358.0,8873659
2022-05-27,388.8778991699219,399.5,403.0,377.6000061035156,381.0,6712140
2022-05-30,390.1920166015625,400.8500061035156,406.3500061035156,394.0,403.5,4793454
2022-05-31,393.59893798828125,404.3500061035156,415.20001220703125,397.20001220703125,398.1499938964844,3890007
2022-06-01,398.5633544921875,409.45001220703125,413.25,396.04998779296875,404.8999938964844,2823291
2022-06-02,393.7449951171875,404.5,412.5,401.1000061035156,408.75,2959565
2022-06-03,390.8247375488281,401.5,409.20001220703125,399.04998779296875,408.25,1954999
2022-06-06,399.58544921875,410.5,414.0,397.8999938964844,403.29998779296875,3690762
2022-06-07,402.4083251953125,413.3999938964844,418.0,408.1000061035156,410.79998779296875,3501077
2022-06-08,388.196533203125,398.79998779296875,414.0,392.29998779296875,409.8999938964844,2815277
2022-06-09,392.62554931640625,403.3500061035156,405.1499938964844,388.54998779296875,388.8500061035156,2410642
2022-06-10,393.3556213378906,404.1000061035156,410.54998779296875,395.20001220703125,397.0,2557111
2022-06-13,375.2015075683594,385.45001220703125,399.70001220703125,383.20001220703125,399.70001220703125,2264745
2022-06-14,385.2762756347656,395.79998779296875,400.5,384.20001220703125,385.0,4975410
2022-06-15,387.51513671875,398.1000061035156,406.79998779296875,395.0,395.8999938964844,2596139
2022-06-16,369.0689697265625,379.1499938964844,408.1000061035156,376.3999938964844,404.95001220703125,3487209
2022-06-17,355.1978759765625,364.8999938964844,383.6499938964844,356.70001220703125,378.0,3699988
2022-06-20,337.3357238769531,346.54998779296875,373.0,337.1000061035156,373.0,3554581
2022-06-21,353.5430603027344,363.20001220703125,366.0,347.45001220703125,348.54998779296875,3481192
2022-06-22,349.4547424316406,359.0,364.3999938964844,357.0,360.0,1920849
2022-06-23,351.25555419921875,360.8500061035156,366.29998779296875,353.0,359.29998779296875,1685474
2022-06-24,361.9143981933594,371.79998779296875,373.3500061035156,359.0,362.70001220703125,1758864
2022-06-27,357.7287292480469,367.5,376.75,363.1000061035156,375.0,2334571
2022-06-28,358.0207824707031,367.79998779296875,371.25,361.5,364.04998779296875,1708716
2022-06-29,357.3880615234375,367.1499938964844,371.54998779296875,361.79998779296875,364.0,1266813
2022-06-30,349.892822265625,359.45001220703125,369.25,356.70001220703125,367.1000061035156,1403296
2022-07-01,352.08294677734375,361.70001220703125,362.5,354.6499938964844,360.0,1214196
2022-07-04,350.7201843261719,360.29998779296875,366.79998779296875,356.04998779296875,361.70001220703125,1240649
2022-07-05,352.131591796875,361.75,373.0,360.0,362.0,1928487
2022-07-06,338.21185302734375,347.45001220703125,363.54998779296875,345.20001220703125,361.0,3241822
2022-07-07,336.50836181640625,345.70001220703125,351.8999938964844,331.0,350.0,4846496
2022-07-08,343.7116394042969,353.1000061035156,356.45001220703125,347.1499938964844,349.8999938964844,3471298
2022-07-11,350.2334899902344,359.79998779296875,363.3999938964844,351.04998779296875,353.8999938964844,2488257
2022-07-12,349.8441162109375,359.3999938964844,365.95001220703125,355.70001220703125,358.8500061035156,1882878
2022-07-13,351.6935729980469,361.29998779296875,365.25,358.54998779296875,365.25,1134273
2022-07-14,350.7201843261719,360.29998779296875,364.5,354.70001220703125,361.0,1147947
2022-07-15,358.4101257324219,368.20001220703125,370.0,358.1000061035156,360.0,1788356
2022-07-18,357.2907409667969,367.04998779296875,371.45001220703125,365.1000061035156,370.95001220703125,1223475
2022-07-19,359.9189147949219,369.75,372.70001220703125,365.0,365.0,1142140
2022-07-20,366.10009765625,376.1000061035156,381.54998779296875,370.6499938964844,371.95001220703125,2684544
2022-07-21,375.68817138671875,385.95001220703125,389.5,379.1000061035156,379.3999938964844,4432759
2022-07-22,371.01580810546875,381.1499938964844,388.75,376.6000061035156,387.3500061035156,2032709
2022-07-25,371.8918762207031,382.04998779296875,383.3999938964844,376.0,381.0,1102425
2022-07-26,363.8612060546875,373.79998779296875,381.8999938964844,370.25,380.0,1292790
2022-07-27,365.51605224609375,375.5,376.20001220703125,367.6000061035156,373.0,793574
2022-07-28,373.5953063964844,383.79998779296875,388.3999938964844,374.25,376.04998779296875,3129152
2022-07-29,384.59490966796875,395.1000061035156,399.3999938964844,385.1000061035156,387.0,2907810
2022-08-01,382.25872802734375,392.70001220703125,397.1000061035156,387.54998779296875,397.1000061035156,1687886
2022-08-02,390.1433410644531,400.79998779296875,404.5,389.1000061035156,391.75,3797247
2022-08-03,369.7990417480469,379.8999938964844,403.1000061035156,377.29998779296875,402.8999938964844,5075893
2022-08-04,354.80853271484375,364.5,386.3500061035156,358.1000061035156,381.8999938964844,7989588
2022-08-05,341.3267822265625,350.6499938964844,367.20001220703125,347.1000061035156,360.0,8759336
2022-08-08,343.1275939941406,352.5,357.3999938964844,350.29998779296875,352.95001220703125,2473231
2022-08-10,322.15057373046875,330.95001220703125,354.29998779296875,329.0,353.3500061035156,6261113
2022-08-11,329.9378356933594,338.95001220703125,342.0,332.0,334.0,3893413
2022-08-12,330.27850341796875,339.29998779296875,341.54998779296875,335.20001220703125,339.0,1595575
2022-08-16,332.0306701660156,341.1000061035156,345.0,336.20001220703125,341.29998779296875,1811377
2022-08-17,330.61920166015625,339.6499938964844,343.0,338.54998779296875,342.0,1250597
2022-08-18,330.0838317871094,339.1000061035156,344.0,337.79998779296875,338.54998779296875,1411668
2022-08-19,330.3758544921875,339.3999938964844,346.0,338.5,339.0,2061018
2022-08-22,332.90673828125,342.0,344.20001220703125,331.1000061035156,338.0,2347434
2022-08-23,342.88421630859375,352.25,353.8999938964844,335.25,339.0,5215840
2022-08-24,334.99957275390625,344.1499938964844,354.79998779296875,343.0,354.0,2049895
2022-08-25,342.1541748046875,351.5,361.3999938964844,345.25,346.1000061035156,4216533
2022-08-26,341.5700988769531,350.8999938964844,356.45001220703125,349.5,353.6499938964844,1426280
2022-08-29,332.66339111328125,341.75,346.0,340.29998779296875,343.0,1338095
2022-08-30,341.18072509765625,350.5,354.5,344.0,345.0,2106112
2022-09-01,348.0433044433594,357.54998779296875,362.0,347.6499938964844,348.8999938964844,3221263
2022-09-02,351.4501953125,361.04998779296875,366.1499938964844,355.54998779296875,361.1499938964844,2893144
2022-09-05,352.4723205566406,362.1000061035156,366.6499938964844,359.1000061035156,362.04998779296875,1846851
2022-09-06,364.00726318359375,373.95001220703125,376.3500061035156,363.5,363.95001220703125,5176862
2022-09-07,366.1487121582031,376.1499938964844,381.6000061035156,372.3999938964844,374.0,3101903
2022-09-08,372.0865478515625,382.25,385.29998779296875,376.3999938964844,379.1000061035156,2687300
2022-09-09,362.7904968261719,372.70001220703125,384.95001220703125,370.0,384.95001220703125,1873036
2022-09-12,366.7327880859375,376.75,380.3999938964844,372.8999938964844,372.8999938964844,1300865
2022-09-13,366.0513916015625,376.04998779296875,381.5,375.0,379.70001220703125,1056599
2022-09-14,360.1622619628906,370.0,375.5,368.79998779296875,371.25,1803778
2022-09-15,364.3966064453125,374.3500061035156,379.0,371.6499938964844,373.0,1601621
2022-09-16,348.23797607421875,357.75,374.95001220703125,353.20001220703125,374.75,2009342
2022-09-19,353.6404113769531,363.29998779296875,370.0,350.6000061035156,358.79998779296875,1986055
2022-09-20,367.8035583496094,377.8500061035156,380.0,366.0,366.0,2827122
2022-09-21,363.66656494140625,373.6000061035156,385.8999938964844,368.20001220703125,380.0,4905191
2022-09-22,362.2064208984375,372.1000061035156,376.1499938964844,363.0,372.95001220703125,2075709
2022-09-23,351.158203125,360.75,374.0,358.45001220703125,374.0,1329234
2022-09-26,333.2961120605469,342.3999938964844,357.0,337.3500061035156,354.0,1691228
2022-09-27,332.0306701660156,341.1000061035156,346.45001220703125,335.1499938964844,345.79998779296875,1397682
2022-09-28,334.804931640625,343.95001220703125,347.5,337.0,340.6499938964844,1593517
2022-09-29,332.66339111328125,341.75,351.0,339.0,345.8999938964844,1124765
2022-09-30,338.4552001953125,347.70001220703125,349.3500061035156,340.1000061035156,342.5,904575
2022-10-03,335.53497314453125,344.70001220703125,350.04998779296875,343.04998779296875,345.5,1152029
2022-10-04,339.4286193847656,348.70001220703125,350.95001220703125,347.04998779296875,350.0,899116
2022-10-06,350.8175354003906,360.3999938964844,364.8999938964844,350.0,350.45001220703125,1667005
2022-10-07,353.2997131347656,362.95001220703125,367.0,358.1000061035156,362.04998779296875,1534461
2022-10-10,348.3840026855469,357.8999938964844,361.79998779296875,353.29998779296875,358.8999938964844,1154723
2022-10-11,342.25152587890625,351.6000061035156,364.70001220703125,349.6000061035156,358.8999938964844,1711953
2022-10-12,349.30877685546875,358.8500061035156,359.8999938964844,348.6499938964844,353.3999938964844,1286746
2022-10-13,344.4903259277344,353.8999938964844,359.79998779296875,352.0,355.6499938964844,852852
2022-10-14,340.20733642578125,349.5,360.70001220703125,348.25,358.0,986016
2022-10-17,340.7427062988281,350.04998779296875,353.95001220703125,344.3500061035156,348.0,1056757
2022-10-18,338.3091735839844,347.54998779296875,353.8500061035156,345.0,352.29998779296875,1121766
2022-10-19,332.17669677734375,341.25,349.04998779296875,339.5,349.04998779296875,1238586
2022-10-20,331.30059814453125,340.3500061035156,342.6000061035156,337.25,340.0,765409
2022-10-21,324.29205322265625,333.1499938964844,343.8999938964844,329.54998779296875,342.75,1150767
2022-10-24,326.9202880859375,335.8500061035156,337.6499938964844,334.25,337.6499938964844,174806
2022-10-25,323.172607421875,332.0,337.45001220703125,330.20001220703125,337.45001220703125,733176
2022-10-27,323.3186340332031,332.1499938964844,337.45001220703125,329.54998779296875,333.3999938964844,1312517
2022-10-28,301.8062438964844,310.04998779296875,334.95001220703125,309.5,333.0,4049482
2022-10-31,307.54937744140625,315.95001220703125,320.29998779296875,307.29998779296875,313.8999938964844,2917659
2022-11-01,321.8584899902344,330.6499938964844,332.45001220703125,313.04998779296875,317.54998779296875,4314600
2022-11-02,327.260986328125,336.20001220703125,337.5,328.3999938964844,331.95001220703125,3444341
2022-11-03,328.8670959472656,337.8500061035156,339.1499938964844,333.25,335.95001220703125,1547089
2022-11-04,328.6723937988281,337.6499938964844,340.45001220703125,336.70001220703125,339.0,809266
2022-11-07,323.5619812011719,332.3999938964844,343.1499938964844,330.1000061035156,339.1499938964844,3186213
2022-11-09,320.3497619628906,329.1000061035156,335.0,326.0,335.0,1733866
2022-11-10,320.49578857421875,329.25,340.3999938964844,320.8500061035156,324.0,4161516
2022-11-11,320.2037353515625,328.95001220703125,336.3999938964844,327.70001220703125,332.1499938964844,1871021
2022-11-14,332.3713684082031,341.45001220703125,344.3500061035156,326.1499938964844,330.70001220703125,3455530
2022-11-15,338.3091735839844,347.54998779296875,348.20001220703125,337.0,341.5,2753136
2022-11-16,343.4195556640625,352.79998779296875,362.0,346.6000061035156,349.29998779296875,6049786
2022-11-17,337.7738037109375,347.0,354.6499938964844,346.04998779296875,353.45001220703125,1364765
2022-11-18,341.7160949707031,351.04998779296875,353.04998779296875,341.6000061035156,346.8999938964844,1759240
2022-11-21,344.7336730957031,354.1499938964844,355.95001220703125,350.1000061035156,351.25,1626121
2022-11-22,348.8706970214844,358.3999938964844,360.70001220703125,350.75,354.0,1875912
2022-11-23,345.22039794921875,354.6499938964844,359.8999938964844,352.5,359.8999938964844,1384177
2022-11-24,359.4808654785156,369.29998779296875,370.45001220703125,356.95001220703125,357.0,4841640
2022-11-25,365.66204833984375,375.6499938964844,378.45001220703125,361.1000061035156,370.5,4356799
2022-11-28,369.45831298828125,379.54998779296875,382.29998779296875,372.8999938964844,374.0,2684183
2022-11-29,371.2591552734375,381.3999938964844,385.3500061035156,379.3999938964844,380.45001220703125,2058007
2022-11-30,374.08203125,384.29998779296875,384.8999938964844,377.3500061035156,383.45001220703125,1831937
2022-12-01,370.1397399902344,380.25,387.0,378.20001220703125,384.5,1606439
2022-12-02,376.4669189453125,386.75,390.54998779296875,375.6499938964844,375.6499938964844,2457844
2022-12-05,372.9139709472656,383.1000061035156,388.70001220703125,380.8500061035156,387.0,1316769
2022-12-06,370.7237854003906,380.8500061035156,385.79998779296875,379.25,383.0,1272434
2022-12-07,366.4894104003906,376.5,382.75,373.75,379.1000061035156,767654
2022-12-08,368.0469055175781,378.1000061035156,379.5,373.1000061035156,373.1000061035156,584448
2022-12-09,367.9495544433594,378.0,382.25,374.0,381.29998779296875,1130202
2022-12-12,363.7152404785156,373.6499938964844,378.0,370.95001220703125,377.3999938964844,1178712
2022-12-13,358.7508239746094,368.54998779296875,374.3500061035156,367.1000061035156,373.3999938964844,1195774
2022-12-14,372.23260498046875,382.3999938964844,385.0,363.3999938964844,370.1499938964844,1759178
2022-12-15,375.34747314453125,385.6000061035156,387.0,381.1000061035156,383.95001220703125,2316144
2022-12-16,383.42681884765625,393.8999938964844,403.20001220703125,382.0,383.95001220703125,9016437
2022-12-19,381.4313049316406,391.8500061035156,408.8999938964844,388.8500061035156,400.1000061035156,10147090
2022-12-20,395.5457763671875,406.3500061035156,407.5,387.0,392.5,6479504
2022-12-21,392.13885498046875,402.8500061035156,414.8999938964844,389.75,408.1499938964844,5875762
2022-12-22,390.09466552734375,400.75,406.25,392.1000061035156,404.79998779296875,2979268
2022-12-23,374.03338623046875,384.25,400.04998779296875,381.0,396.0,3167338
2022-12-26,378.2190246582031,388.54998779296875,393.6000061035156,379.29998779296875,383.25,1261079
2022-12-27,385.8603210449219,396.3999938964844,411.3500061035156,392.29998779296875,395.0,5642702
2022-12-28,386.2496643066406,396.79998779296875,402.3500061035156,385.5,395.75,2788834
2022-12-29,384.05950927734375,394.54998779296875,400.95001220703125,391.20001220703125,393.1000061035156,4344749
2022-12-30,386.2010192871094,396.75,410.0,395.0,399.0,3515994
2023-01-02,388.5372009277344,399.1499938964844,404.1499938964844,394.0,398.0,1626810
2023-01-03,391.60345458984375,402.29998779296875,407.0,395.0,401.3999938964844,2225948
2023-01-04,376.4669189453125,386.75,402.1499938964844,379.25,401.8999938964844,3836775
2023-01-05,378.8030700683594,389.1499938964844,390.8999938964844,381.1499938964844,388.70001220703125,1445991
2023-01-06,374.4226989746094,384.6499938964844,391.3500061035156,380.3999938964844,389.1499938964844,1139529
2023-01-09,375.8341979980469,386.1000061035156,390.95001220703125,383.54998779296875,385.5,694132
2023-01-10,376.6129150390625,386.8999938964844,390.75,383.6000061035156,387.8999938964844,768418
2023-01-11,380.1658935546875,390.54998779296875,398.0,387.0,387.0,2381273
2023-01-12,376.66162109375,386.95001220703125,392.95001220703125,385.0,391.0,711148
2023-01-13,383.6701354980469,394.1499938964844,396.3999938964844,384.6000061035156,388.0,1089441
2023-01-16,384.2055358886719,394.70001220703125,398.70001220703125,390.25,395.95001220703125,742877
2023-01-17,387.2231140136719,397.79998779296875,399.6000061035156,390.1000061035156,394.45001220703125,1280423
2023-01-18,390.38665771484375,401.04998779296875,406.75,398.0,398.20001220703125,3352858
2023-01-19,381.9179992675781,392.3500061035156,400.45001220703125,389.6000061035156,399.29998779296875,913912
2023-01-20,379.24114990234375,389.6000061035156,396.3999938964844,388.04998779296875,395.70001220703125,858972
2023-01-23,376.36956787109375,386.6499938964844,392.1000061035156,385.1000061035156,390.1000061035156,860128
2023-01-24,363.66656494140625,373.6000061035156,388.25,371.95001220703125,387.20001220703125,1339058
2023-01-25,353.9811096191406,363.6499938964844,374.70001220703125,362.0,373.5,924903
2023-01-27,354.3704528808594,364.04998779296875,368.0,358.75,365.0,1344236
2023-01-30,353.7864074707031,363.45001220703125,369.79998779296875,360.0,363.95001220703125,1120824
2023-01-31,368.0469055175781,378.1000061035156,380.0,362.1000061035156,366.0,1363414
2023-02-01,358.4587707519531,368.25,382.95001220703125,363.3999938964844,382.95001220703125,1393825
2023-02-02,359.43218994140625,369.25,373.20001220703125,364.5,367.8500061035156,644511
2023-02-03,355.92791748046875,365.6499938964844,371.6499938964844,360.5,370.1499938964844,579653
2023-02-06,349.30877685546875,358.8500061035156,367.1000061035156,356.0,365.6499938964844,1568054
2023-02-07,353.4943542480469,363.1499938964844,365.75,357.79998779296875,359.79998779296875,1580290
2023-02-08,353.2023620605469,362.8500061035156,365.79998779296875,359.29998779296875,363.20001220703125,492870
2023-02-09,353.2023620605469,362.8500061035156,364.6499938964844,358.79998779296875,361.0,563491
2023-02-10,353.8837585449219,363.54998779296875,367.5,360.04998779296875,362.8500061035156,621001
2023-02-13,351.7909240722656,361.3999938964844,372.8999938964844,356.45001220703125,359.0,2005184
2023-02-14,350.184814453125,359.75,365.45001220703125,354.0,362.5,1610879
2023-02-15,359.8215637207031,369.6499938964844,370.3999938964844,357.3500061035156,358.0,1040033
2023-02-16,365.37005615234375,375.3500061035156,377.5,368.25,370.1000061035156,1074288
2023-02-17,363.4718933105469,373.3999938964844,379.5,371.0,374.0,1012616
2023-02-20,367.65753173828125,377.70001220703125,381.70001220703125,370.3999938964844,374.8999938964844,1209200
2023-02-21,365.0780029296875,375.04998779296875,381.45001220703125,372.5,378.70001220703125,943028
2023-02-22,352.68170166015625,359.8999938964844,373.79998779296875,356.0,372.1000061035156,2134270
2023-02-23,355.2785339355469,362.54998779296875,364.6000061035156,353.6000061035156,361.79998779296875,2077815
2023-02-24,352.9756774902344,360.20001220703125,368.20001220703125,357.04998779296875,364.5,1380087
2023-02-27,351.7507629394531,358.95001220703125,363.3999938964844,349.29998779296875,361.0,2124251
2023-02-28,349.8888854980469,357.04998779296875,362.29998779296875,352.3500061035156,361.0,822945
2023-03-01,354.98455810546875,362.25,362.8500061035156,357.04998779296875,358.0,415654
2023-03-02,354.7395935058594,362.0,365.29998779296875,359.5,361.1000061035156,413179
2023-03-03,358.0713806152344,365.3999938964844,368.8500061035156,361.20001220703125,361.20001220703125,571979
2023-03-06,368.017822265625,375.54998779296875,376.29998779296875,366.20001220703125,367.25,1198635
2023-03-08,392.3204345703125,400.3500061035156,408.95001220703125,372.1000061035156,372.1000061035156,10274055
2023-03-09,388.7926330566406,396.75,403.6000061035156,394.25,400.3500061035156,2627258
2023-03-10,391.34051513671875,399.3500061035156,405.3999938964844,390.6499938964844,393.0,2848539
2023-03-13,393.0553894042969,401.1000061035156,406.8999938964844,397.3999938964844,399.3500061035156,2260291
2023-03-14,382.9619445800781,390.79998779296875,403.45001220703125,385.79998779296875,402.0,1735241
2023-03-15,380.80609130859375,388.6000061035156,394.3999938964844,383.70001220703125,392.79998779296875,940795
2023-03-16,381.3450622558594,389.1499938964844,392.1499938964844,381.8500061035156,388.1000061035156,1285756
2023-03-17,379.3361511230469,387.1000061035156,393.3999938964844,384.04998779296875,392.0,1143593
2023-03-20,354.44561767578125,361.70001220703125,389.3999938964844,356.29998779296875,383.0,5400852
2023-03-21,357.973388671875,365.29998779296875,366.8999938964844,360.25,365.75,1198843
2023-03-22,357.04248046875,364.3500061035156,370.5,363.20001220703125,367.20001220703125,704555
2023-03-23,367.3318786621094,374.8500061035156,377.29998779296875,364.04998779296875,365.0,2596508
2023-03-24,361.2072448730469,368.6000061035156,376.04998779296875,366.3999938964844,375.0,1185800
2023-03-27,356.8954772949219,364.20001220703125,372.95001220703125,362.29998779296875,365.6000061035156,750941
2023-03-28,351.94671630859375,359.1499938964844,366.25,356.6499938964844,364.04998779296875,865770
2023-03-29,368.017822265625,375.54998779296875,378.5,360.29998779296875,360.45001220703125,2232599
2023-03-31,387.8126525878906,395.75,398.20001220703125,380.0,380.54998779296875,3755613
2023-04-03,398.49407958984375,406.6499938964844,409.95001220703125,393.29998779296875,395.75,2606563
2023-04-05,400.94390869140625,409.1499938964844,414.8999938964844,406.25,410.0,2693267
2023-04-06,403.34478759765625,411.6000061035156,423.04998779296875,405.6499938964844,414.0,4926698
2023-04-10,404.61871337890625,412.8999938964844,422.0,411.95001220703125,420.0,1197234
2023-04-11,406.9705810546875,415.29998779296875,418.0,408.8500061035156,416.1000061035156,2138746
2023-04-12,404.52069091796875,412.79998779296875,427.70001220703125,410.25,420.45001220703125,5410055
2023-04-13,395.8482360839844,403.95001220703125,412.8500061035156,398.54998779296875,412.79998779296875,2713042
2023-04-17,395.6032409667969,403.70001220703125,406.8999938964844,395.6000061035156,401.75,1662969
2023-04-18,400.79693603515625,409.0,410.79998779296875,404.0,406.20001220703125,1043469
2023-04-19,412.0173034667969,420.45001220703125,422.0,409.75,410.0,2189247
2023-04-20,408.2445068359375,416.6000061035156,427.0,415.5,423.79998779296875,2679394
2023-04-21,407.31353759765625,415.6499938964844,422.8999938964844,409.04998779296875,422.29998779296875,2168725
2023-04-24,412.11529541015625,420.54998779296875,421.95001220703125,410.3999938964844,415.0,1495104
2023-04-25,412.8502197265625,421.29998779296875,430.8999938964844,420.0,424.3999938964844,2697555
2023-04-26,416.91705322265625,425.45001220703125,427.8500061035156,417.79998779296875,424.0,1480734
2023-04-27,412.2132568359375,420.6499938964844,425.95001220703125,419.45001220703125,424.95001220703125,1104697
2023-04-28,407.1665954589844,415.5,423.45001220703125,412.6000061035156,422.0,1270067
2023-05-02,408.2934875488281,416.6499938964844,419.79998779296875,413.5,415.0,2528110
2023-05-03,409.95941162109375,418.3500061035156,421.20001220703125,402.79998779296875,416.1000061035156,1760689
2023-05-04,411.2333068847656,419.6499938964844,422.75,415.6499938964844,417.8999938964844,1653472
2023-05-05,406.92156982421875,415.25,423.20001220703125,412.0,419.20001220703125,729133
2023-05-08,413.1932067871094,421.6499938964844,425.5,417.54998779296875,418.45001220703125,1271478
2023-05-09,405.5496520996094,413.8500061035156,425.75,412.79998779296875,421.6499938964844,799858
2023-05-10,397.8081359863281,405.95001220703125,416.70001220703125,404.0,416.70001220703125,912373
2023-05-11,400.40496826171875,408.6000061035156,415.5,405.0,409.0,2542854
2023-05-12,378.8462219238281,386.6000061035156,415.54998779296875,383.5,408.6000061035156,4142024
2023-05-15,376.8863220214844,384.6000061035156,389.79998779296875,371.5,388.6000061035156,2982145
2023-05-16,371.3006286621094,378.8999938964844,389.79998779296875,378.0,385.45001220703125,1502306
2023-05-17,372.7215576171875,380.3500061035156,382.70001220703125,375.54998779296875,380.0,1002882
2023-05-18,376.8863220214844,384.6000061035156,386.0,379.75,383.45001220703125,973323
2023-05-19,380.41412353515625,388.20001220703125,389.6000061035156,384.0,386.04998779296875,988387
2023-05-22,385.75482177734375,393.6499938964844,394.25,385.29998779296875,388.8999938964844,1047637
2023-05-23,379.2381896972656,387.0,394.45001220703125,386.0,394.25,744772
2023-05-24,383.2069396972656,391.04998779296875,397.95001220703125,384.45001220703125,387.0,932042
2023-05-25,383.794921875,391.6499938964844,393.70001220703125,383.70001220703125,389.70001220703125,829212
2023-05-26,382.1290283203125,389.95001220703125,394.5,387.1499938964844,392.0,508200
2023-05-29,385.65679931640625,393.54998779296875,397.20001220703125,389.0,390.6499938964844,916799
2023-05-30,383.6479187011719,391.5,395.04998779296875,390.1000061035156,394.0,429120
2023-05-31,384.8238525390625,392.70001220703125,394.6000061035156,390.1000061035156,390.75,384052
2023-06-01,382.66796875,390.5,396.45001220703125,389.1000061035156,391.45001220703125,498032
2023-06-02,384.1868896484375,392.04998779296875,394.6000061035156,390.25,391.5,372534
2023-06-05,383.0109558105469,390.8500061035156,395.70001220703125,389.45001220703125,394.45001220703125,551728
2023-06-06,384.2848815917969,392.1499938964844,393.3999938964844,386.1499938964844,390.8500061035156,512944
2023-06-07,394.81927490234375,402.8999938964844,406.0,391.1000061035156,392.8999938964844,1994709
2023-06-08,387.6166687011719,395.54998779296875,407.6000061035156,394.6499938964844,405.6000061035156,1064836
2023-06-09,396.58319091796875,404.70001220703125,412.3999938964844,400.0,400.29998779296875,4801088
2023-06-12,395.45623779296875,403.54998779296875,410.0,398.75,406.79998779296875,3234336
2023-06-13,393.3003845214844,401.3500061035156,409.79998779296875,400.04998779296875,407.6000061035156,1610544
2023-06-14,382.4230041503906,390.25,403.8999938964844,389.20001220703125,401.5,1974161
2023-06-15,383.157958984375,391.0,393.5,386.25,391.3999938964844,1439373
2023-06-16,387.9596862792969,395.8999938964844,400.5,392.0,392.1000061035156,1574199
2023-06-19,387.126708984375,395.04998779296875,403.6499938964844,393.79998779296875,399.0,1444367
2023-06-20,389.8705749511719,397.8500061035156,400.70001220703125,387.6499938964844,395.29998779296875,1131888
2023-06-21,391.78143310546875,399.79998779296875,402.79998779296875,395.3999938964844,399.0,1269014
2023-06-22,398.8370361328125,407.0,416.0,398.5,399.75,6433524
2023-06-23,382.81500244140625,390.6499938964844,411.70001220703125,388.6499938964844,407.6000061035156,2909392
2023-06-26,380.16912841796875,387.95001220703125,394.45001220703125,385.45001220703125,390.8500061035156,997875
2023-06-27,374.33843994140625,382.0,388.5,381.1499938964844,388.0,1916396
2023-06-28,373.79949951171875,381.45001220703125,385.3500061035156,380.0,383.3500061035156,1415945
2023-06-30,376.935302734375,384.6499938964844,388.29998779296875,382.45001220703125,383.0,1216797
2023-07-03,376.3963317871094,384.1000061035156,387.79998779296875,383.1000061035156,387.20001220703125,556677
2023-07-04,374.68145751953125,382.3500061035156,387.0,381.04998779296875,385.04998779296875,808845
2023-07-05,374.58343505859375,382.25,387.6000061035156,381.5,382.8500061035156,888200
2023-07-06,376.10235595703125,383.79998779296875,385.75,381.1499938964844,383.0,1015600
2023-07-07,374.4854431152344,382.1499938964844,387.29998779296875,379.6499938964844,383.70001220703125,960121
2023-07-10,374.7304382324219,382.3999938964844,386.20001220703125,379.6000061035156,383.25,635604
2023-07-11,374.7794494628906,382.45001220703125,384.5,380.3999938964844,383.75,794566
2023-07-12,376.49432373046875,384.20001220703125,391.75,382.0,382.45001220703125,2158028
2023-07-13,367.0868835449219,374.6000061035156,386.0,372.8500061035156,386.0,1763615
2023-07-14,372.8685607910156,380.5,381.45001220703125,374.25,375.29998779296875,1247391
2023-07-17,378.65020751953125,386.3999938964844,388.0,379.5,380.0,1309982
2023-07-18,371.93756103515625,379.54998779296875,386.95001220703125,378.20001220703125,386.5,1203139
2023-07-19,372.5745544433594,380.20001220703125,384.29998779296875,378.75,380.5,725643
2023-07-20,382.1290283203125,389.95001220703125,395.29998779296875,382.0,382.1499938964844,4188451
2023-07-21,383.8439025878906,391.70001220703125,394.54998779296875,383.25,388.5,2237654
2023-07-24,388.35162353515625,396.29998779296875,399.8999938964844,393.04998779296875,394.04998779296875,3135949
2023-07-25,391.4384765625,399.45001220703125,403.3500061035156,396.3500061035156,399.0,2627369
2023-07-26,395.8482360839844,403.95001220703125,405.3500061035156,395.79998779296875,399.20001220703125,2053872
2023-07-27,387.6166687011719,395.54998779296875,405.79998779296875,395.0,405.79998779296875,881490
2023-07-28,387.0777282714844,395.0,397.45001220703125,388.0,395.3999938964844,1071732
2023-07-31,394.91729736328125,403.0,409.3999938964844,396.1000061035156,396.8999938964844,2400418
2023-08-01,399.5719909667969,407.75,409.6000061035156,401.25,405.79998779296875,1309511
2023-08-02,392.4184265136719,400.45001220703125,410.5,393.04998779296875,407.5,1479124
2023-08-03,401.6299133300781,409.8500061035156,411.0,398.45001220703125,398.45001220703125,1547360
2023-08-04,404.4227600097656,412.70001220703125,415.0,406.6499938964844,411.3500061035156,2048706
2023-08-07,395.26025390625,403.3500061035156,423.0,401.29998779296875,423.0,4213174
2023-08-08,386.1467590332031,394.04998779296875,405.3999938964844,390.20001220703125,403.0,3774709
2023-08-09,386.78375244140625,394.70001220703125,397.3500061035156,390.29998779296875,394.8999938964844,884580
2023-08-10,387.2737121582031,395.20001220703125,399.0,393.1499938964844,394.75,1143866
2023-08-11,382.9619445800781,390.79998779296875,396.8500061035156,390.0,395.0,727082
2023-08-14,384.9218444824219,392.79998779296875,395.04998779296875,385.6000061035156,391.3500061035156,483561
2023-08-16,385.6078186035156,393.5,395.3999938964844,389.29998779296875,393.04998779296875,618734
2023-08-17,386.6857604980469,394.6000061035156,396.0,391.54998779296875,395.1000061035156,858432
2023-08-18,377.2783203125,385.0,396.1000061035156,383.3999938964844,394.0,1420291
2023-08-21,381.5900573730469,389.3999938964844,390.5,382.04998779296875,385.29998779296875,877325
2023-08-22,385.1668395996094,393.04998779296875,398.0,388.04998779296875,388.5,1149034
2023-08-23,382.81500244140625,390.6499938964844,394.75,385.20001220703125,393.04998779296875,919602
2023-08-24,385.2158508300781,393.1000061035156,400.0,388.6499938964844,391.0,1881256
2023-08-25,376.2003479003906,383.8999938964844,394.0,382.20001220703125,394.0,1301217
2023-08-28,381.7860412597656,389.6000061035156,393.1000061035156,386.8999938964844,387.1499938964844,1182533
2023-08-29,380.610107421875,388.3999938964844,396.45001220703125,386.8999938964844,392.45001220703125,1367603
2023-08-30,387.42071533203125,395.3500061035156,399.8999938964844,389.70001220703125,390.6000061035156,2443415
2023-08-31,382.2270202636719,390.04998779296875,399.0,387.45001220703125,399.0,1711661
2023-09-01,387.5677185058594,395.5,399.8999938964844,390.29998779296875,390.45001220703125,1596821
2023-09-04,398.9350280761719,407.1000061035156,409.1000061035156,395.5,397.6000061035156,5977616
2023-09-05,396.2891845703125,404.3999938964844,411.79998779296875,400.04998779296875,411.0,2777061
2023-09-06,404.3247375488281,412.6000061035156,415.75,406.5,407.0,4651567
2023-09-07,405.6966552734375,414.0,418.95001220703125,411.3500061035156,415.0,1240502
2023-09-08,398.739013671875,406.8999938964844,417.70001220703125,405.3999938964844,417.70001220703125,2196079
2023-09-11,411.7723388671875,420.20001220703125,425.0,412.6499938964844,414.0,5471143
2023-09-12,393.0553894042969,401.1000061035156,421.54998779296875,398.45001220703125,420.25,2784363
2023-09-13,407.31353759765625,415.6499938964844,416.5,400.20001220703125,401.54998779296875,2735442
2023-09-14,426.37347412109375,435.1000061035156,449.5,420.20001220703125,421.1499938964844,16359275
2023-09-15,432.8410949707031,441.70001220703125,445.1499938964844,425.75,439.5,4859126
2023-09-18,430.2442321777344,439.04998779296875,447.1499938964844,436.0,444.45001220703125,1751300
2023-09-20,431.91015625,440.75,443.95001220703125,428.5,437.0,1906867
2023-09-21,411.87030029296875,420.29998779296875,440.1499938964844,417.0,440.1499938964844,2108246
2023-09-22,405.9906311035156,414.29998779296875,423.04998779296875,405.54998779296875,419.75,2658241
2023-09-25,431.4201965332031,440.25,447.0,415.1000061035156,416.20001220703125,11630299
2023-09-26,423.43365478515625,432.1000061035156,438.8999938964844,426.3999938964844,438.8999938964844,2679790
2023-09-27,436.5158996582031,445.45001220703125,448.54998779296875,425.04998779296875,430.45001220703125,3197501
2023-09-28,434.9969482421875,443.8999938964844,462.0,438.8999938964844,447.79998779296875,7742394
2023-09-29,428.03936767578125,436.79998779296875,448.45001220703125,435.25,446.04998779296875,2889994
2023-10-03,422.3556823730469,431.0,439.6000061035156,428.45001220703125,437.0,1650471
2023-10-04,417.1619873046875,425.70001220703125,437.3500061035156,421.0,430.0,1926887
2023-10-05,416.133056640625,424.6499938964844,432.8999938964844,422.5,427.6499938964844,943629
2023-10-06,421.6207275390625,430.25,433.75,425.04998779296875,428.8999938964844,1230479
2023-10-09,417.2109680175781,425.75,437.3999938964844,423.0,430.8500061035156,1758549
2023-10-10,416.3290710449219,424.8500061035156,429.75,424.1000061035156,429.75,1363818
2023-10-11,412.4092712402344,420.8500061035156,429.1000061035156,416.5,426.79998779296875,1676254
2023-10-12,408.3915100097656,416.75,424.20001220703125,415.75,422.6000061035156,863876
2023-10-13,408.44049072265625,416.79998779296875,421.79998779296875,415.0,415.75,545922
2023-10-16,414.712158203125,423.20001220703125,430.5,417.0,417.1000061035156,1581554
2023-10-17,413.09521484375,421.54998779296875,426.79998779296875,420.1000061035156,423.0,471194
2023-10-18,415.2510986328125,423.75,428.8500061035156,420.25,422.3500061035156,1456723
2023-10-19,413.2912292480469,421.75,423.75,418.3500061035156,422.0,621389
2023-10-20,414.2711486816406,422.75,426.04998779296875,418.1000061035156,421.45001220703125,1174356
2023-10-23,394.67230224609375,402.75,424.79998779296875,401.3999938964844,422.8999938964844,1653104
2023-10-25,398.5920715332031,406.75,420.6000061035156,403.54998779296875,406.8999938964844,1937677
2023-10-26,395.6522521972656,403.75,407.5,394.3999938964844,407.5,1738903
2023-10-27,405.2066955566406,413.5,416.20001220703125,402.29998779296875,406.95001220703125,1312589
2023-10-30,403.05078125,411.29998779296875,416.8500061035156,408.0,414.5,914588
2023-10-31,404.8636779785156,413.1499938964844,416.5,411.6499938964844,414.1000061035156,586337
2023-11-01,406.4805908203125,414.79998779296875,416.3999938964844,406.0,415.0,2373289
2023-11-02,416.6230163574219,425.1499938964844,427.0,413.70001220703125,416.0,1124029
2023-11-03,413.09521484375,421.54998779296875,429.8500061035156,420.45001220703125,429.0,815934
2023-11-06,421.42474365234375,430.04998779296875,435.0,423.70001220703125,424.0,1661508
2023-11-07,423.5316467285156,432.20001220703125,433.8999938964844,427.1000061035156,431.79998779296875,1260686
2023-11-08,421.42474365234375,430.04998779296875,439.8999938964844,426.8999938964844,439.3999938964844,2019019
2023-11-09,423.923583984375,432.6000061035156,437.3999938964844,431.04998779296875,433.54998779296875,1531769
2023-11-10,428.7253112792969,437.5,439.8999938964844,430.25,430.25,1373853
2023-11-13,417.7989501953125,426.3500061035156,437.25,424.8999938964844,437.0,843523
2023-11-15,427.9903564453125,436.75,437.54998779296875,428.1000061035156,430.3500061035156,907954
2023-11-16,426.27545166015625,435.0,438.1000061035156,431.5,436.75,665364
2023-11-17,428.92132568359375,437.70001220703125,439.70001220703125,432.5,434.54998779296875,961840
2023-11-20,439.2323913574219,445.1499938964844,446.54998779296875,435.20001220703125,436.0,2355953
2023-11-21,442.3898620605469,448.3500061035156,452.25,443.95001220703125,446.8999938964844,2091525
2023-11-22,455.4637145996094,461.6000061035156,464.6000061035156,448.54998779296875,449.70001220703125,2639918
2023-11-23,464.0480651855469,470.29998779296875,473.79998779296875,458.0,464.20001220703125,4024104
2023-11-24,454.72369384765625,460.8500061035156,471.0,455.0,471.0,3092616
2023-11-28,462.0252990722656,468.25,473.0,459.75,463.1000061035156,2518948
2023-11-29,467.6001892089844,473.8999938964844,476.0,467.54998779296875,470.0,1266884
2023-11-30,466.761474609375,473.04998779296875,485.8999938964844,468.5,474.0,3228951
2023-12-01,465.23211669921875,471.5,476.70001220703125,469.25,474.0,979612
2023-12-04,462.3213195800781,468.54998779296875,479.5,467.70001220703125,476.45001220703125,946254
2023-12-05,459.70654296875,465.8999938964844,472.1499938964844,461.20001220703125,470.04998779296875,1529898
2023-12-06,426.0598449707031,431.79998779296875,465.0,427.29998779296875,465.0,7407549
2023-12-07,403.16827392578125,408.6000061035156,434.0,398.8500061035156,423.79998779296875,24929219
2023-12-08,387.4796447753906,392.70001220703125,410.0,384.0,400.0,13907310
2023-12-11,391.72247314453125,397.0,400.0,394.04998779296875,394.04998779296875,4511222
2023-12-12,384.51953125,389.70001220703125,401.20001220703125,388.0,399.1000061035156,3030175
2023-12-13,373.91241455078125,378.95001220703125,390.95001220703125,376.20001220703125,389.79998779296875,4471583
2023-12-14,381.362060546875,386.5,390.6000061035156,379.0,381.79998779296875,4975938
2023-12-15,379.5366516113281,384.6499938964844,391.1499938964844,384.0,389.1499938964844,1891107
2023-12-18,395.17596435546875,400.5,415.0,395.0,410.0,12184794
2023-12-19,391.5744934082031,396.8500061035156,402.95001220703125,395.95001220703125,402.3500061035156,2219832
2023-12-20,380.0793762207031,385.20001220703125,399.1000061035156,382.0,398.95001220703125,2724540
2023-12-21,380.77001953125,385.8999938964844,387.0,379.1000061035156,383.95001220703125,2117766
2023-12-22,383.7301330566406,388.8999938964844,392.75,386.5,388.6000061035156,2006942
2023-12-26,383.0887756347656,388.25,392.0,387.25,391.3500061035156,1378562
2023-12-27,390.9824523925781,396.25,397.70001220703125,389.04998779296875,390.5,3573108
2023-12-28,396.0146789550781,401.3500061035156,403.1000061035156,395.0,397.70001220703125,5203006
2023-12-29,404.99371337890625,410.45001220703125,418.6499938964844,400.25,402.04998779296875,9668625
2024-01-01,408.9898376464844,414.5,420.3999938964844,409.1499938964844,412.95001220703125,3344980
2024-01-02,399.7148132324219,405.1000061035156,413.8999938964844,402.0,413.8999938964844,2716627
2024-01-03,400.9975280761719,406.3999938964844,408.54998779296875,403.04998779296875,405.0,968215
2024-01-04,401.8855285644531,407.29998779296875,410.3999938964844,406.45001220703125,408.5,795678
2024-01-05,398.1360778808594,403.5,409.8500061035156,401.29998779296875,409.8500061035156,1215990
2024-01-08,390.6864318847656,395.95001220703125,406.29998779296875,395.0,406.29998779296875,1253965
2024-01-09,392.0678405761719,397.3500061035156,405.0,394.0,399.0,2106427
2024-01-10,384.6181945800781,389.79998779296875,400.8999938964844,388.29998779296875,400.0,2613391
2024-01-11,389.15704345703125,394.3999938964844,395.8999938964844,386.20001220703125,391.0,1889098
2024-01-12,385.9009094238281,391.1000061035156,399.0,389.6499938964844,395.8999938964844,1715016
2024-01-15,386.0982360839844,391.29998779296875,394.0,389.29998779296875,392.95001220703125,1244306
2024-01-16,387.3809814453125,392.6000061035156,395.8999938964844,386.3500061035156,390.95001220703125,1434409
2024-01-17,380.1780090332031,385.29998779296875,391.95001220703125,384.5,389.75,1132828
2024-01-18,379.6353454589844,384.75,391.0,372.6000061035156,386.45001220703125,3818565
2024-01-19,377.66192626953125,382.75,390.45001220703125,380.5,388.5,1502447
2024-01-23,373.56707763671875,378.6000061035156,385.95001220703125,373.75,384.3999938964844,1515251
2024-01-24,379.28997802734375,384.3999938964844,386.5,377.70001220703125,378.1000061035156,1497692
2024-01-25,382.595458984375,387.75,394.6000061035156,382.20001220703125,387.0,3079694
2024-01-29,386.6409606933594,391.8500061035156,396.25,385.25,390.8999938964844,2546860
2024-01-30,388.1703186035156,393.3999938964844,399.0,390.1000061035156,394.29998779296875,2190233
2024-01-31,390.1930847167969,395.45001220703125,396.8999938964844,392.1499938964844,395.0,1020240
2024-02-01,383.7301330566406,388.8999938964844,396.8999938964844,388.3999938964844,396.5,1053385
2024-02-02,387.87432861328125,393.1000061035156,398.3500061035156,390.20001220703125,390.95001220703125,1577754
2024-02-05,392.36383056640625,397.6499938964844,404.8500061035156,392.25,393.0,2718537
2024-02-06,391.6238098144531,396.8999938964844,400.79998779296875,394.70001220703125,398.0,1222864
2024-02-07,395.86663818359375,401.20001220703125,407.5,396.0,398.0,3310985
2024-02-08,386.5422668457031,391.75,404.8999938964844,390.0,403.45001220703125,4928647
2024-02-09,378.00726318359375,383.1000061035156,393.6499938964844,381.8999938964844,392.0,1761935
2024-02-12,367.7948303222656,372.75,384.95001220703125,371.6000061035156,382.75,1223011
2024-02-13,366.9068298339844,371.8500061035156,377.45001220703125,364.29998779296875,373.75,1162682
2024-02-14,365.47607421875,370.3999938964844,376.0,368.04998779296875,369.8500061035156,849253
2024-02-15,368.14019775390625,373.1000061035156,379.79998779296875,372.04998779296875,372.6000061035156,915192
2024-02-16,366.85748291015625,371.79998779296875,376.5,371.0,375.0,677114
2024-02-19,379.24066162109375,384.3500061035156,390.0,380.54998779296875,382.5,3938820
2024-02-20,378.5006103515625,383.6000061035156,396.29998779296875,377.29998779296875,387.5,7516960
2024-02-21,375.8858642578125,380.95001220703125,385.8999938964844,378.95001220703125,385.29998779296875,1592239
2024-02-22,376.37921142578125,381.45001220703125,382.8999938964844,372.0,375.0,1803594
2024-02-23,374.6524658203125,379.70001220703125,385.0,378.0,385.0,965827
2024-02-26,370.11358642578125,375.1000061035156,381.8999938964844,373.0,379.5,1479642
2024-02-27,377.8099060058594,382.8999938964844,384.0,376.1000061035156,376.3999938964844,1909167
2024-02-28,366.2654724121094,371.20001220703125,385.3999938964844,369.0,384.0,2767865
2024-02-29,367.9921875,372.95001220703125,374.79998779296875,369.0,374.0,1200332
2024-03-01,367.5975036621094,372.54998779296875,377.6000061035156,371.54998779296875,373.79998779296875,1317165
2024-03-04,375.2938232421875,380.3500061035156,386.1000061035156,374.29998779296875,375.70001220703125,2258905
2024-03-05,375.7378234863281,380.79998779296875,383.0,377.3999938964844,382.0,951385
2024-03-06,368.0908508300781,373.04998779296875,380.79998779296875,370.0,378.5,1637563
2024-03-07,373.4190979003906,378.45001220703125,380.8999938964844,374.0,374.3999938964844,992857
2024-03-11,369.8175964355469,374.79998779296875,379.45001220703125,372.25,378.8999938964844,1001363
2024-03-12,359.0131530761719,363.8500061035156,375.79998779296875,360.3500061035156,375.0,2188899
2024-03-13,342.97918701171875,347.6000061035156,367.45001220703125,345.29998779296875,364.54998779296875,1989299
2024-03-14,351.31683349609375,356.04998779296875,357.8999938964844,343.5,349.3500061035156,1267523
2024-03-15,354.47430419921875,359.25,361.95001220703125,350.0,357.0,1918527
2024-03-18,356.05303955078125,360.8500061035156,368.8999938964844,358.1000061035156,366.04998779296875,2951142
2024-03-19,358.421142578125,363.25,365.3999938964844,356.0,357.25,1503434
2024-03-20,352.5995788574219,357.3500061035156,365.0,356.04998779296875,364.0,655220
2024-03-21,361.4799499511719,366.3500061035156,367.95001220703125,360.1499938964844,360.20001220703125,1193526
2024-03-22,361.2825927734375,366.1499938964844,372.6000061035156,363.29998779296875,366.5,1232410
2024-03-26,361.2332458496094,366.1000061035156,372.95001220703125,363.6499938964844,363.79998779296875,1687433
2024-03-27,357.3357238769531,362.1499938964844,369.1000061035156,360.0,368.70001220703125,2056254
2024-03-28,357.138427734375,361.95001220703125,364.25,359.0,363.0,1485300
2024-04-01,372.3830261230469,377.3999938964844,378.3999938964844,363.5,363.5,1335193
2024-04-02,378.8459777832031,383.95001220703125,384.5,374.75,377.3500061035156,1143329
2024-04-03,380.22735595703125,385.3500061035156,391.3500061035156,380.5,380.8999938964844,1445600
2024-04-04,378.20458984375,383.29998779296875,388.75,380.95001220703125,387.20001220703125,666354
2024-04-05,383.7301330566406,388.8999938964844,391.0,381.5,383.95001220703125,1808597
2024-04-08,381.1153869628906,386.25,392.75,385.29998779296875,390.8999938964844,855314
2024-04-09,387.726318359375,392.95001220703125,396.0,382.6499938964844,388.0,2431669
2024-04-10,383.48345947265625,388.6499938964844,395.79998779296875,386.45001220703125,395.79998779296875,2452228
2024-04-12,372.7777099609375,377.79998779296875,389.79998779296875,377.04998779296875,388.0,1484296
2024-04-15,362.41729736328125,367.29998779296875,376.70001220703125,365.20001220703125,374.1000061035156,1629914
2024-04-16,368.3868713378906,373.3500061035156,374.3999938964844,364.54998779296875,366.0,800696
2024-04-18,363.74932861328125,368.6499938964844,378.29998779296875,366.75,373.8999938964844,1078069
2024-04-19,360.7892150878906,365.6499938964844,367.0,363.0,366.0,837182
2024-04-22,369.5215759277344,374.5,380.5,368.0,369.54998779296875,2260096
2024-04-23,374.0110778808594,379.04998779296875,383.25,372.20001220703125,377.5,1566160
2024-04-24,382.89141845703125,388.04998779296875,390.95001220703125,378.0,379.95001220703125,2055296
2024-04-25,382.89141845703125,388.04998779296875,392.5,386.0,389.3999938964844,1672782
2024-04-26,385.6048889160156,390.79998779296875,395.6000061035156,385.0,387.5,1891408
2024-04-29,396.3600158691406,401.70001220703125,409.5,392.0,392.5,7475591
2024-04-30,390.2917175292969,395.54998779296875,405.5,394.5,404.8500061035156,1780188
2024-05-02,390.48907470703125,395.75,399.3999938964844,393.1000061035156,397.3999938964844,694932
2024-05-03,386.3942565917969,391.6000061035156,402.0,387.1000061035156,397.0,1377181
2024-05-06,380.5233459472656,385.6499938964844,393.8999938964844,382.70001220703125,393.0,826271
2024-05-07,371.98834228515625,377.0,387.54998779296875,375.3500061035156,386.3999938964844,833608
2024-05-08,375.8858642578125,380.95001220703125,383.0,374.0,377.0,420317
2024-05-09,366.7588195800781,371.70001220703125,382.3500061035156,370.25,381.54998779296875,703063
2024-05-10,369.3735656738281,374.3500061035156,376.25,368.6000061035156,373.0,427239
2024-05-13,367.54815673828125,372.5,374.79998779296875,367.0,374.45001220703125,453068
2024-05-14,373.56707763671875,378.6000061035156,380.0,372.6499938964844,373.5,574513
2024-05-15,372.2350158691406,377.25,381.5,376.25,376.8999938964844,291824
2024-05-16,373.6164245605469,378.6499938964844,381.79998779296875,377.04998779296875,379.8999938964844,474872
2024-05-17,379.0926208496094,384.20001220703125,385.3999938964844,379.0,380.0,589139
2024-05-21,372.6790771484375,377.70001220703125,382.0,375.6000061035156,381.20001220703125,500762
2024-05-22,371.4949951171875,376.5,381.29998779296875,374.29998779296875,380.0,504163
2024-05-23,372.0870361328125,377.1000061035156,379.75,375.0,377.0,621609
2024-05-24,383.2861328125,388.45001220703125,392.0,377.1000061035156,377.1000061035156,1547922
2024-05-27,375.14581298828125,380.20001220703125,392.6000061035156,379.25,392.04998779296875,1893228
2024-05-28,375.8858642578125,380.95001220703125,384.8500061035156,377.3500061035156,381.79998779296875,577218
2024-05-29,378.5499267578125,383.6499938964844,385.0,377.20001220703125,380.8500061035156,908231
2024-05-30,372.58038330078125,377.6000061035156,383.79998779296875,375.25,382.95001220703125,1429978
2024-05-31,373.22174072265625,378.25,383.79998779296875,375.95001220703125,378.45001220703125,1436154
2024-06-03,385.9009094238281,391.1000061035156,394.95001220703125,382.25,387.0,2137006
2024-06-04,359.2598571777344,364.1000061035156,389.95001220703125,352.0,388.04998779296875,2372167
2024-06-05,385.65423583984375,390.8500061035156,392.0,362.0,365.5,2163762
2024-06-06,381.21405029296875,386.3500061035156,394.0,385.25,390.8999938964844,1003097
2024-06-07,395.0772705078125,400.3999938964844,407.3999938964844,386.75,390.8999938964844,4873537
2024-06-10,391.5251159667969,396.79998779296875,400.8999938964844,393.3500061035156,400.0,1660100
2024-06-11,400.01080322265625,405.3999938964844,407.0,396.25,398.0,3035231
2024-06-12,413.97271728515625,419.54998779296875,421.25,408.0,409.1000061035156,7960740
2024-06-13,433.3121643066406,439.1499938964844,441.3999938964844,420.0,426.0,10570550
2024-06-14,424.48114013671875,430.20001220703125,445.8999938964844,427.0,443.5,7418060
2024-06-18,423.3464050292969,429.04998779296875,432.54998779296875,424.0,431.0,2046007
2024-06-19,434.98956298828125,440.8500061035156,444.3999938964844,422.20001220703125,431.25,6371818
2024-06-20,435.8775939941406,441.75,447.3500061035156,437.0,442.0,2805846
2024-06-21,437.5056457519531,443.3999938964844,455.8500061035156,436.25,442.0,4808428
2024-06-24,436.8149719238281,442.70001220703125,448.0,440.0,445.0,2080011
2024-06-25,434.841552734375,440.70001220703125,448.3500061035156,440.04998779296875,445.45001220703125,2330181
2024-06-26,424.2344665527344,429.95001220703125,440.6000061035156,427.0,440.6000061035156,3781687
2024-06-27,423.19842529296875,428.8999938964844,433.20001220703125,423.45001220703125,430.8999938964844,1292205
2024-06-28,423.98779296875,429.70001220703125,437.3500061035156,427.04998779296875,427.04998779296875,1531934
2024-07-01,428.4279479980469,434.20001220703125,438.29998779296875,432.1499938964844,435.0,940144
2024-07-02,429.8586730957031,435.6499938964844,443.8999938964844,427.0,435.0,1586222
2024-07-03,423.24774169921875,428.95001220703125,440.04998779296875,426.6499938964844,440.0,1130106
2024-07-04,421.91571044921875,427.6000061035156,435.0,426.8500061035156,430.04998779296875,1002901
2024-07-05,420.9289855957031,426.6000061035156,433.04998779296875,423.45001220703125,428.04998779296875,964581
2024-07-08,418.11688232421875,423.75,431.70001220703125,422.0,426.25,1102223
2024-07-09,425.5171813964844,431.25,441.6000061035156,424.0,424.70001220703125,3646938
2024-07-10,430.7467041015625,436.54998779296875,437.3999938964844,424.3999938964844,431.0,2652951
2024-07-11,439.13372802734375,445.04998779296875,447.79998779296875,436.29998779296875,436.29998779296875,3848797
2024-07-12,434.4962158203125,440.3500061035156,451.8999938964844,439.04998779296875,449.0,2588771
2024-07-15,438.591064453125,444.5,447.29998779296875,440.0,441.0,1362173
2024-07-16,444.21527099609375,450.20001220703125,460.0,445.5,445.8500061035156,5234024
2024-07-18,443.721923828125,449.70001220703125,453.95001220703125,446.79998779296875,449.5,1469762
2024-07-19,435.68023681640625,441.54998779296875,451.3500061035156,438.0,450.3999938964844,1458707
2024-07-22,438.591064453125,444.5,449.25,434.3999938964844,437.0,1709359
2024-07-23,438.0976867675781,444.0,449.29998779296875,426.1000061035156,446.6499938964844,1730145
2024-07-24,446.5340270996094,452.54998779296875,456.95001220703125,441.95001220703125,442.0,1902600
2024-07-25,441.35382080078125,447.29998779296875,461.3500061035156,444.75,447.0,2354865
2024-07-26,455.1676940917969,461.29998779296875,465.0,445.5,445.5,2054033
2024-07-29,463.9494323730469,470.20001220703125,474.79998779296875,463.0,465.1000061035156,2880173
2024-07-30,474.0137939453125,480.3999938964844,485.95001220703125,468.20001220703125,470.0,2619945
2024-07-31,474.45782470703125,480.8500061035156,493.8999938964844,473.5,480.8999938964844,4076105
2024-08-01,477.91131591796875,484.3500061035156,489.8500061035156,474.29998779296875,484.0,2385649
2024-08-02,475.2965393066406,481.70001220703125,491.6499938964844,475.3500061035156,482.95001220703125,2985921
2024-08-05,467.4028625488281,473.70001220703125,481.04998779296875,468.04998779296875,478.0,2859168
2024-08-06,462.22265625,468.45001220703125,485.1499938964844,467.0,475.0,2988487
2024-08-07,485.60760498046875,492.1499938964844,493.79998779296875,471.8999938964844,474.8999938964844,2510690
2024-08-08,482.3514709472656,488.8500061035156,499.75,486.79998779296875,494.75,1713901
2024-08-09,484.472900390625,491.0,498.0,488.25,491.0,1085532
2024-08-12,488.5677185058594,495.1499938964844,505.8999938964844,485.0,490.0,3884937
2024-08-13,504.6016845703125,511.3999938964844,523.0,495.5,505.0,9403901
2024-08-14,495.82000732421875,502.5,522.0,501.45001220703125,514.9000244140625,3023146
2024-08-16,515.6034545898438,522.5499877929688,525.9000244140625,502.1000061035156,511.0,3515856
2024-08-19,524.9278564453125,532.0,544.5499877929688,525.9000244140625,527.5,3876323
2024-08-20,563.2614135742188,570.8499755859375,578.2000122070312,535.0,535.0,8331451
2024-08-21,552.6049194335938,560.0499877929688,570.9500122070312,555.0999755859375,570.9500122070312,2837632
2024-08-22,571.4511108398438,579.1500244140625,585.4000244140625,557.0,563.0,3314048
2024-08-23,556.897216796875,564.4000244140625,582.0,558.5,582.0,3003771
2024-08-26,556.60107421875,564.0999755859375,577.0,559.5,564.4000244140625,1370915
2024-08-27,561.9786987304688,569.5499877929688,574.5,555.1500244140625,561.0,2337943
2024-08-28,579.5914306640625,587.4000244140625,590.9500122070312,569.4000244140625,570.0,4874097
2024-08-29,571.105712890625,578.7999877929688,588.6500244140625,566.4500122070312,582.2000122070312,3749834
2024-08-30,590.69189453125,598.6500244140625,625.0,595.0499877929688,597.1500244140625,15537762
2024-09-02,583.9822387695312,591.8499755859375,600.0,587.2999877929688,598.0,1903408
2024-09-03,579.8380737304688,587.6500244140625,594.0499877929688,584.5,591.8499755859375,771606
2024-09-04,579.2953491210938,587.0999755859375,605.3499755859375,579.25,583.2999877929688,2474848
2024-09-05,579.0487060546875,586.8499755859375,597.9500122070312,584.5999755859375,589.8499755859375,737719
2024-09-06,560.4985961914062,568.0499877929688,589.0,565.0,586.5,1679958
2024-09-09,548.1647338867188,555.5499877929688,578.4000244140625,552.7999877929688,565.0,1466566
2024-09-10,554.9237060546875,562.4000244140625,567.0,557.3499755859375,559.2000122070312,792290
2024-09-11,544.2179565429688,551.5499877929688,564.2000122070312,546.0999755859375,562.2999877929688,709680
2024-09-12,565.1361694335938,572.75,576.0,555.0,557.0,2197509
2024-09-13,549.8915405273438,557.2999877929688,574.0,556.0,572.4500122070312,947306
2024-09-16,561.1893310546875,568.75,575.4000244140625,562.5,565.3499755859375,1537588
2024-09-17,562.5213012695312,570.0999755859375,571.7999877929688,562.5499877929688,566.0,668955
2024-09-18,565.6295166015625,573.25,581.0,568.0,570.75,1732747
2024-09-19,575.7432250976562,583.5,592.7999877929688,568.7999877929688,580.7000122070312,3323595
2024-09-20,586.301025390625,594.2000122070312,606.7999877929688,583.1500244140625,593.0,4735432
2024-09-23,587.4850463867188,595.4000244140625,602.0,586.25,594.0,2188697
2024-09-24,601.6442260742188,609.75,612.5,595.0999755859375,598.9500122070312,1989664
2024-09-25,599.8682250976562,607.9500122070312,616.5999755859375,601.7000122070312,611.75,1630339
2024-09-26,604.6043701171875,612.75,614.75,602.6500244140625,613.0,1929927
2024-09-27,646.0953979492188,654.7999877929688,664.8499755859375,620.0,630.0499877929688,12964554
2024-09-30,640.2738647460938,648.9000244140625,659.7000122070312,641.0,648.0,2647979
2024-10-01,671.5031127929688,680.5499877929688,688.5499877929688,642.0,645.0,5927802
2024-10-03,659.8599853515625,668.75,691.7999877929688,665.7000122070312,676.9500122070312,4083979
2024-10-04,651.9169921875,660.7000122070312,675.9500122070312,653.2000122070312,668.4000244140625,2726975
2024-10-07,619.503662109375,627.8499755859375,668.4500122070312,625.3499755859375,662.0,2432098
2024-10-08,644.6646728515625,653.3499755859375,657.5499877929688,623.0999755859375,627.7999877929688,1408010
2024-10-09,644.4673461914062,653.1500244140625,661.5999755859375,650.5999755859375,657.4000244140625,842805
2024-10-10,646.2434692382812,654.9500122070312,660.75,648.9000244140625,657.7000122070312,638371
2024-10-11,640.0271606445312,648.6500244140625,656.7000122070312,645.4500122070312,655.0,478884
2024-10-14,644.6646728515625,653.3499755859375,657.75,644.0999755859375,648.0999755859375,453666
2024-10-15,657.5905151367188,666.4500122070312,674.0,648.7999877929688,653.4000244140625,1071463
2024-10-16,640.4218139648438,649.0499877929688,665.0,633.7000122070312,660.8499755859375,1812014
2024-10-17,630.1600952148438,638.6500244140625,654.0499877929688,635.7000122070312,646.0999755859375,3037476
2024-10-18,629.7654418945312,638.25,646.2999877929688,632.0,636.0,1023335
2024-10-21,624.486572265625,632.9000244140625,648.9500122070312,624.5,644.4000244140625,1394687
2024-10-22,594.9346923828125,602.9500122070312,632.9000244140625,601.5,632.9000244140625,1282869
2024-10-23,605.640380859375,613.7999877929688,619.9000244140625,593.0999755859375,598.0,1141929
2024-10-24,605.4430541992188,613.5999755859375,621.5499877929688,608.7999877929688,611.0,606722
2024-10-25,599.1775512695312,607.25,619.4000244140625,598.9000244140625,613.5999755859375,780587
2024-10-28,619.7503051757812,628.0999755859375,631.2000122070312,605.75,607.25,986628
2024-10-29,634.2549438476562,642.7999877929688,646.1500244140625,622.8499755859375,629.5499877929688,1135687
2024-10-30,650.7822265625,659.5499877929688,666.0,638.0499877929688,640.0,1420890
2024-10-31,619.454345703125,627.7999877929688,664.9500122070312,611.5999755859375,661.0,3026129
2024-11-01,620.14501953125,628.5,633.5499877929688,626.0,626.9500122070312,245706
2024-11-04,601.2495727539062,609.3499755859375,625.7999877929688,606.2000122070312,625.5999755859375,591317
2024-11-05,602.2362670898438,610.3499755859375,624.9000244140625,601.5499877929688,604.0,998580
2024-11-06,599.8682250976562,607.9500122070312,616.4500122070312,605.5,610.5,469329
2024-11-07,591.0371704101562,599.0,612.9500122070312,594.3499755859375,607.0,464837
2024-11-08,585.3635864257812,593.25,599.0999755859375,574.5,597.75,1217407
2024-11-11,566.2708740234375,573.9000244140625,593.25,561.0999755859375,587.0999755859375,1820748
2024-11-12,559.4132690429688,566.9500122070312,580.5,563.4000244140625,575.0499877929688,644966
2024-11-13,540.3204345703125,547.5999755859375,564.2000122070312,544.75,560.0,680638
2024-11-14,532.2294921875,539.4000244140625,555.7000122070312,535.5499877929688,551.9500122070312,995557
2024-11-18,518.31689453125,525.2999877929688,542.0,517.0499877929688,539.4000244140625,980309
2024-11-19,519.8462524414062,526.8499755859375,539.8499755859375,524.3499755859375,532.0,530731
2024-11-21,501.9375915527344,508.70001220703125,528.75,507.0,526.0,466169
2024-11-22,508.745849609375,515.5999755859375,522.0,505.95001220703125,506.0,393719
2024-11-25,532.0691528320312,536.0999755859375,543.9500122070312,520.25,522.0999755859375,1226641
2024-11-26,559.1639404296875,563.4000244140625,568.2999877929688,532.8499755859375,536.0999755859375,1044370
2024-11-27,562.7864990234375,567.0499877929688,583.5999755859375,564.5,565.0,1242287
2024-11-28,556.8811645507812,561.0999755859375,571.9500122070312,550.3499755859375,566.0,778827
2024-11-29,580.7007446289062,585.0999755859375,588.0,560.75,561.6500244140625,1219806
2024-12-02,587.3999633789062,591.8499755859375,594.5499877929688,576.0,581.0999755859375,537387
2024-12-03,604.1233520507812,608.7000122070312,613.4000244140625,585.7000122070312,587.7000122070312,1124018
2024-12-04,586.7549438476562,591.2000122070312,603.7999877929688,580.0,603.7999877929688,1973824
2024-12-05,581.4947509765625,585.9000244140625,596.4000244140625,583.0499877929688,587.2000122070312,546794
2024-12-06,579.5594482421875,583.9500122070312,593.7999877929688,578.0,585.9500122070312,689329
2024-12-09,571.520263671875,575.8499755859375,588.4000244140625,568.75,584.0,683540
2024-12-10,580.8496704101562,585.25,587.0,575.8499755859375,577.9500122070312,461196
2024-12-11,582.8842163085938,587.2999877929688,592.6500244140625,582.0499877929688,585.25,395750
2024-12-12,584.670654296875,589.0999755859375,591.5,579.0999755859375,588.9500122070312,361195
2024-12-13,580.99853515625,585.4000244140625,587.5,576.25,583.8499755859375,282179
2024-12-16,584.0255737304688,588.4500122070312,591.5,584.4000244140625,585.0,323218
2024-12-17,583.5293579101562,587.9500122070312,593.9000244140625,585.4000244140625,588.0,356601
2024-12-18,575.7880249023438,580.1500244140625,589.0,570.0999755859375,587.7999877929688,822372
2024-12-19,569.98193359375,574.2999877929688,594.4000244140625,566.0,570.9000244140625,775894
2024-12-20,534.7489013671875,538.7999877929688,575.5499877929688,529.9500122070312,572.0,788813
2024-12-23,520.2586669921875,524.2000122070312,542.7999877929688,521.5,541.9500122070312,504286
2024-12-24,519.2661743164062,523.2000122070312,535.0,521.0999755859375,526.0499877929688,347231
2024-12-26,515.9413452148438,519.8499755859375,528.5999755859375,515.5999755859375,523.4000244140625,298034
2024-12-27,516.189453125,520.0999755859375,524.9500122070312,516.2000122070312,521.0,188875
2024-12-30,513.311279296875,517.2000122070312,529.75,513.0499877929688,520.0999755859375,495641
2024-12-31,525.8165283203125,529.7999877929688,532.0,513.2999877929688,517.0,540380
2025-01-01,541.150390625,545.25,547.1500244140625,526.0,526.0,574613
2025-01-02,523.03759765625,527.0,547.9000244140625,523.2999877929688,545.2999877929688,550465
2025-01-03,517.8270874023438,521.75,531.7000122070312,520.0499877929688,528.9500122070312,271184
2025-01-06,501.6992492675781,505.5,524.5,502.75,524.0,390098
2025-01-07,505.61956787109375,509.45001220703125,511.5,494.04998779296875,508.0,615085
2025-01-08,498.1263122558594,501.8999938964844,524.0,499.54998779296875,507.1000061035156,466825
2025-01-09,492.121826171875,495.8500061035156,506.0,494.1000061035156,499.5,225330
2025-01-10,486.5639343261719,490.25,496.04998779296875,482.0,495.0,490891
2025-01-13,461.1067810058594,464.6000061035156,485.0,457.20001220703125,485.0,761767
2025-01-14,493.26318359375,497.0,503.0,466.70001220703125,467.0,818796
2025-01-15,488.30078125,492.0,503.54998779296875,485.0,497.04998779296875,689579
2025-01-16,486.01806640625,489.70001220703125,516.6500244140625,486.20001220703125,514.0999755859375,1182080
2025-01-17,492.3203125,496.04998779296875,497.95001220703125,484.75,488.95001220703125,379894
2025-01-20,498.2751770019531,502.04998779296875,518.7999877929688,498.0,506.5,1386258
2025-01-21,503.6842346191406,507.5,513.0,501.6000061035156,507.0,939428
2025-01-22,484.92633056640625,488.6000061035156,508.0,481.45001220703125,508.0,416199
2025-01-23,480.9067687988281,484.54998779296875,494.79998779296875,482.5,491.20001220703125,225707
2025-01-24,473.3143005371094,476.8999938964844,488.70001220703125,473.29998779296875,487.0,500026
2025-01-27,472.52032470703125,476.1000061035156,482.6499938964844,464.20001220703125,472.6499938964844,511288
2025-01-28,475.7955017089844,479.3999938964844,483.0,458.0,475.04998779296875,424210
2025-01-29,492.121826171875,495.8500061035156,505.29998779296875,475.25,475.25,1484773
2025-01-30,466.6646728515625,470.20001220703125,498.8999938964844,467.04998779296875,498.8999938964844,1087722
2025-01-31,483.68572998046875,487.3500061035156,488.95001220703125,471.0,472.25,348057
2025-02-01,478.574462890625,482.20001220703125,492.95001220703125,473.79998779296875,492.95001220703125,368913
2025-02-03,461.35491943359375,464.8500061035156,480.0,462.45001220703125,474.0,367417
2025-02-04,465.8210754394531,469.3500061035156,472.6499938964844,462.0,470.0,354540
2025-02-05,465.8210754394531,469.3500061035156,477.1499938964844,465.6499938964844,469.79998779296875,510257
2025-02-06,471.57745361328125,475.1499938964844,476.04998779296875,468.1499938964844,470.5,314944
2025-02-07,450.4376220703125,453.8500061035156,475.3500061035156,447.0,473.1000061035156,1162962
2025-02-10,455.5985107421875,459.04998779296875,463.0,452.29998779296875,463.0,497696
2025-02-11,441.3067626953125,444.6499938964844,461.8500061035156,441.75,459.04998779296875,729502
2025-02-12,436.8902587890625,440.20001220703125,447.8999938964844,425.45001220703125,447.8999938964844,1361365
2025-02-13,433.81353759765625,437.1000061035156,444.75,433.3500061035156,440.20001220703125,574661
2025-02-14,426.0225830078125,429.25,439.3999938964844,424.6000061035156,437.95001220703125,254443
2025-02-17,439.7684326171875,443.1000061035156,444.95001220703125,419.04998779296875,428.0,391426
2025-02-18,427.61053466796875,430.8500061035156,443.04998779296875,424.25,440.70001220703125,418985
2025-02-19,443.44061279296875,446.79998779296875,449.5,429.54998779296875,430.8500061035156,296685
2025-02-20,474.05865478515625,477.6499938964844,485.79998779296875,443.8500061035156,445.0,974363
2025-02-21,476.688720703125,480.29998779296875,484.8999938964844,468.5,472.54998779296875,528337
2025-02-24,465.8706970214844,469.3999938964844,483.0,466.8500061035156,477.0,269567
2025-02-25,448.30377197265625,451.70001220703125,473.0,448.0,468.0,246164
2025-02-27,443.63909912109375,447.0,457.0,430.70001220703125,451.1000061035156,371517
2025-02-28,440.9097900390625,444.25,446.6499938964844,433.70001220703125,440.29998779296875,306639
2025-03-03,441.90228271484375,445.25,454.75,430.20001220703125,450.0,342248
2025-03-04,437.5849609375,440.8999938964844,451.0,435.5,435.5,348242
2025-03-05,445.92181396484375,449.29998779296875,451.70001220703125,436.54998779296875,436.54998779296875,223839
2025-03-06,455.4000244140625,458.8500061035156,467.29998779296875,452.0,452.0,197588
2025-03-07,462.0,465.5,470.0,458.20001220703125,461.0,344572
2025-03-10,449.74285888671875,453.1499938964844,471.3500061035156,450.20001220703125,465.0,278504
2025-03-11,447.2120361328125,450.6000061035156,458.20001220703125,442.75,448.0,258594
2025-03-12,483.28875732421875,486.95001220703125,497.1499938964844,453.0,453.0,2551655
2025-03-13,469.3940124511719,472.95001220703125,479.75,470.6000061035156,478.1000061035156,891102
2025-03-17,473.4135437011719,477.0,479.75,465.25,473.04998779296875,311555
2025-03-18,473.4135437011719,477.0,477.0,477.0,477.0,0
2025-03-19,535.8406372070312,539.9000244140625,560.0,512.9500122070312,513.0,4438308
2025-03-20,536.98193359375,541.0499877929688,547.25,530.2000122070312,537.0999755859375,518385
2025-03-21,530.630126953125,534.6500244140625,544.75,532.0,536.5,403062
2025-03-24,530.7293090820312,534.75,543.0,530.2999877929688,536.0,365996
2025-03-25,534.0541381835938,538.0999755859375,545.7999877929688,522.5499877929688,539.0,418965
2025-03-26,525.7173461914062,529.7000122070312,535.0,513.6500244140625,534.1500244140625,790127
2025-03-27,531.6721801757812,535.7000122070312,542.0,521.8499755859375,522.25,566209
2025-03-28,543.3834838867188,547.5,552.0,532.0,535.7000122070312,670593
2025-04-01,552.762451171875,556.9500122070312,560.0,545.0499877929688,552.0,673541
2025-04-02,551.22412109375,555.4000244140625,570.0,550.0,556.9500122070312,762902
2025-04-03,563.7789306640625,568.0499877929688,571.5,547.5499877929688,548.0,397124
2025-04-04,547.800048828125,551.9500122070312,563.6500244140625,545.5,561.8499755859375,309762
2025-04-07,532.0691528320312,536.0999755859375,543.0,510.8999938964844,529.75,316163
2025-04-08,523.03759765625,527.0,556.0,524.0,551.75,480329
2025-04-09,516.7353515625,520.6500244140625,529.7000122070312,511.54998779296875,525.0,397712
2025-04-11,525.9158325195312,529.9000244140625,538.5,515.4000244140625,531.0999755859375,697592
2025-04-15,547.0556640625,551.2000122070312,555.2000122070312,531.25,538.2999877929688,613031
2025-04-16,560.5534057617188,564.7999877929688,567.7999877929688,555.0,555.0,533554
2025-04-17,550.0330810546875,554.2000122070312,564.5,552.2000122070312,564.1500244140625,189478
2025-04-21,561.7940063476562,566.0499877929688,568.4500122070312,550.0999755859375,555.2000122070312,396801
2025-04-22,587.15185546875,591.5999755859375,595.0999755859375,570.5999755859375,571.5,1312676
2025-04-23,585.3157958984375,589.75,596.4500122070312,573.3499755859375,595.0999755859375,485205
2025-04-24,596.084228515625,600.5999755859375,603.9000244140625,583.0,585.0,668872
2025-04-25,567.649658203125,571.9500122070312,605.25,568.0999755859375,601.0,531078
2025-04-28,571.818115234375,576.1500244140625,578.7999877929688,562.4000244140625,572.0,247972
2025-04-29,561.5458984375,565.7999877929688,581.9500122070312,561.9000244140625,576.1500244140625,371661
2025-04-30,546.7579345703125,550.9000244140625,566.9000244140625,547.0999755859375,565.7999877929688,300780
2025-05-02,542.9864501953125,547.0999755859375,559.9000244140625,542.0999755859375,545.0,189443
2025-05-05,548.1473999023438,552.2999877929688,557.5499877929688,543.2999877929688,547.5999755859375,321099
2025-05-06,549.6857299804688,553.8499755859375,557.5999755859375,544.0999755859375,552.2999877929688,260445
2025-05-07,554.3504028320312,558.5499877929688,570.0,546.4500122070312,549.9500122070312,491932
2025-05-08,535.8902587890625,539.9500122070312,563.0,531.5,563.0,462831
2025-05-09,521.499267578125,525.4500122070312,548.9000244140625,514.0,522.0,707614
2025-05-12,554.1022338867188,558.2999877929688,562.4000244140625,540.3499755859375,543.9500122070312,275138
2025-05-13,549.8345947265625,554.0,561.7000122070312,549.9000244140625,555.5999755859375,206249
2025-05-14,554.7969970703125,559.0,565.25,554.0,554.0,719184
2025-05-15,556.781982421875,561.0,572.0,558.0,563.2000122070312,737926
2025-05-16,554.499267578125,558.7000122070312,564.9000244140625,549.2999877929688,561.0,510331
2025-05-19,554.6978149414062,558.9000244140625,573.25,550.0999755859375,558.7000122070312,875937
2025-05-20,546.0631713867188,550.2000122070312,564.75,548.2000122070312,561.2999877929688,260144
2025-05-21,549.0902709960938,553.25,558.4000244140625,544.9500122070312,548.0,284982
2025-05-22,550.4300537109375,554.5999755859375,556.7000122070312,548.0,553.25,232183
2025-05-23,548.9413452148438,553.0999755859375,558.2999877929688,547.5,558.2999877929688,273948
2025-05-26,562.0421142578125,566.2999877929688,567.9500122070312,553.5,554.0,456738
2025-05-27,553.9534301757812,558.1500244140625,566.2999877929688,551.5,566.2999877929688,351125
2025-05-28,575.0436401367188,579.4000244140625,585.9000244140625,558.2000122070312,558.2000122070312,738992
2025-05-29,580.7504272460938,585.1500244140625,589.0,578.0,583.5,629180
2025-05-30,585.8616333007812,590.2999877929688,595.4500122070312,580.0,586.0,353923
2025-06-02,587.896240234375,592.3499755859375,596.0,581.0999755859375,590.2999877929688,340653
2025-06-03,589.781982421875,594.25,608.3499755859375,585.0999755859375,594.7000122070312,340177
2025-06-04,591.1714477539062,595.6500244140625,597.9500122070312,576.1500244140625,594.0,488569
2025-06-05,599.9548950195312,604.5,611.0,595.6500244140625,595.6500244140625,547683
2025-06-06,607.0511474609375,611.6500244140625,619.0,606.0,610.0,657918
2025-06-09,611.517333984375,616.1500244140625,620.4000244140625,609.0,615.0,310065
2025-06-10,612.0135498046875,616.6500244140625,621.5,613.0499877929688,618.5,253325
2025-06-11,616.5293579101562,621.2000122070312,625.7999877929688,615.1500244140625,619.0,298026
2025-06-12,609.3834838867188,614.0,626.2000122070312,608.5,621.9000244140625,305351
2025-06-13,605.7113037109375,610.2999877929688,611.75,598.25,605.0,246022
2025-06-16,604.470703125,609.0499877929688,612.9000244140625,596.6500244140625,610.0,187643
2025-06-17,602.2872314453125,606.8499755859375,618.4500122070312,604.2000122070312,610.0,205581
2025-06-18,585.01806640625,589.4500122070312,614.0,587.0,608.0,241858
2025-06-19,584.7203369140625,589.1500244140625,598.0,584.6500244140625,589.25,321092
2025-06-20,590.1790161132812,594.6500244140625,597.7999877929688,584.7999877929688,588.0,149309
2025-06-23,586.1098022460938,590.5499877929688,595.2000122070312,586.0999755859375,590.0,116367
2025-06-24,590.724853515625,595.2000122070312,605.0,587.8499755859375,596.0,225049
2025-06-25,592.7593994140625,597.25,609.0,593.2000122070312,599.2999877929688,430259
2025-06-26,584.5714721679688,589.0,601.7000122070312,586.0,599.2999877929688,193350
2025-06-27,585.613525390625,590.0499877929688,596.2000122070312,587.4000244140625,590.0499877929688,191101
2025-06-30,589.3849487304688,593.8499755859375,594.9000244140625,587.7999877929688,592.0499877929688,171088
2025-07-01,581.593994140625,586.0,600.5,585.0,593.8499755859375,247370
2025-07-02,582.4375610351562,586.8499755859375,592.9000244140625,582.5,586.2000122070312,310713
2025-07-03,583.8270874023438,588.25,590.5,584.2000122070312,586.4500122070312,212865
2025-07-04,585.5639038085938,590.0,600.5,584.7000122070312,588.25,283438
2025-07-07,598.2677001953125,602.7999877929688,608.0,587.75,590.0,460337
2025-07-08,592.7593994140625,597.25,611.0,594.7999877929688,603.0,306631
2025-07-09,596.9774780273438,601.5,604.0,590.1500244140625,597.25,238213
2025-07-10,607.894775390625,612.5,618.0,601.5,601.5,1070676
2025-07-11,611.4676513671875,616.0999755859375,623.0,612.0,612.5,508407
2025-07-14,605.9097900390625,610.5,622.0,602.0,616.0999755859375,459115
2025-07-15,618.1173095703125,622.7999877929688,625.0,611.25,611.25,399090
2025-07-16,615.2391357421875,619.9000244140625,627.7999877929688,615.0,622.7999877929688,236801
2025-07-17,610.574462890625,615.2000122070312,621.75,613.0,619.9000244140625,174864
2025-07-18,613.1052856445312,617.75,624.7000122070312,608.0999755859375,617.5999755859375,192741
2025-07-21,608.4406127929688,613.0499877929688,623.0,611.2999877929688,617.2999877929688,109803
2025-07-22,607.6466064453125,612.25,619.7999877929688,610.5999755859375,616.2000122070312,171255
2025-07-23,602.0887451171875,606.6500244140625,615.2000122070312,605.25,614.9500122070312,202663
2025-07-24,590.37744140625,594.8499755859375,619.2000122070312,592.9500122070312,606.7000122070312,386333
2025-07-25,584.7699584960938,589.2000122070312,598.75,584.0,597.7999877929688,253019
2025-07-28,581.6932373046875,586.0999755859375,590.0999755859375,581.0,586.2999877929688,237293
2025-07-29,585.7128295898438,590.1500244140625,594.0,578.5,588.0,250904
2025-07-30,586.9037475585938,591.3499755859375,595.4500122070312,585.7999877929688,590.9000244140625,163235
2025-07-31,582.6361083984375,587.0499877929688,595.0,582.0999755859375,589.9000244140625,266713
2025-08-01,558.9158325195312,563.1500244140625,591.8499755859375,559.0499877929688,589.0,153810
2025-08-04,566.1609497070312,570.4500122070312,572.7999877929688,559.1500244140625,567.9500122070312,124615
2025-08-05,564.7714233398438,569.0499877929688,574.4500122070312,560.4500122070312,571.4500122070312,125109
2025-08-06,544.1278076171875,548.25,571.5999755859375,537.2999877929688,569.0,505103
2025-08-07,546.0135498046875,550.1500244140625,552.4000244140625,538.7999877929688,548.0,472195
2025-08-08,541.1007690429688,545.2000122070312,557.3499755859375,542.5,552.7999877929688,128374
2025-08-11,547.651123046875,551.7999877929688,555.0,540.4000244140625,545.0999755859375,81172
2025-08-12,556.633056640625,560.8499755859375,567.9000244140625,537.5499877929688,555.0,944843
2025-08-13,544.1774291992188,548.2999877929688,550.9500122070312,540.0,540.0,244180
2025-08-14,561.14892578125,565.4000244140625,568.0,544.0499877929688,547.0999755859375,298673
2025-08-18,554.0526733398438,558.25,570.0,551.0499877929688,568.0,348010
2025-08-19,568.443603515625,572.75,578.0,558.0,564.9000244140625,124597
2025-08-20,579.3609008789062,583.75,586.0,571.0499877929688,574.7999877929688,152608
2025-08-21,580.1052856445312,584.5,586.5,580.0,586.0,67687
2025-08-22,580.45263671875,584.8499755859375,597.5499877929688,578.2000122070312,587.3499755859375,260950
2025-08-25,585.8120727539062,590.25,593.9000244140625,581.2000122070312,582.0,189663
2025-08-26,554.499267578125,558.7000122070312,590.75,551.4000244140625,584.0999755859375,396742
2025-08-28,545.8150634765625,549.9500122070312,557.7000122070312,543.6500244140625,549.0,318957
2025-08-29,532.16845703125,536.2000122070312,551.9000244140625,533.0,550.0999755859375,197489
2025-09-01,537.5774536132812,541.6500244140625,550.0,533.9500122070312,534.0,238211
2025-09-02,562.5879516601562,566.8499755859375,584.0,561.5499877929688,568.8499755859375,5179208
2025-09-03,555.3428344726562,559.5499877929688,569.9500122070312,555.0499877929688,569.9500122070312,433405
2025-09-04,549.8345947265625,554.0,564.7999877929688,549.0499877929688,564.0,272047
2025-09-05,545.31884765625,549.4500122070312,558.5999755859375,548.0999755859375,554.0,277036
2025-09-08,532.1188354492188,536.1500244140625,557.0,534.5,549.2000122070312,311708
2025-09-09,515.6932373046875,519.5999755859375,541.8499755859375,517.0,538.5,521377
2025-09-10,521.499267578125,525.4500122070312,528.4000244140625,519.5999755859375,520.0,317462
2025-09-11,511.7729797363281,515.6500244140625,528.9500122070312,513.4000244140625,526.9500122070312,491091
2025-09-12,512.169921875,516.0499877929688,523.9000244140625,514.5999755859375,517.6500244140625,294587
2025-09-15,515.3955078125,519.2999877929688,525.6500244140625,516.2000122070312,517.5,283906
2025-09-16,513.8075561523438,517.7000122070312,522.2000122070312,516.5,520.5,205840
2025-09-17,511.9714050292969,515.8499755859375,520.6500244140625,513.0,519.7999877929688,971749
2025-09-18,512.368408203125,516.25,527.2999877929688,514.0999755859375,517.25,720600
2025-09-19,505.91729736328125,509.75,517.9500122070312,508.0,517.9500122070312,330675
2025-09-22,500.5082702636719,504.29998779296875,507.8999938964844,501.1000061035156,506.0,292766
2025-09-23,492.518798828125,496.25,507.45001220703125,494.0,507.45001220703125,235898
2025-09-24,466.16845703125,469.70001220703125,497.95001220703125,466.6000061035156,496.0,1207853
2025-09-25,470.0887145996094,473.6499938964844,477.5,465.8999938964844,467.0,321860
2025-09-26,448.50225830078125,451.8999938964844,478.8500061035156,447.54998779296875,475.6499938964844,1613814
2025-09-29,448.10528564453125,451.5,461.70001220703125,449.29998779296875,452.0,314080
2025-09-30,452.22406005859375,455.6499938964844,456.54998779296875,449.3500061035156,453.0,146751
2025-10-01,453.5143127441406,456.95001220703125,458.70001220703125,450.6499938964844,458.70001220703125,167679
2025-10-03,461.4045104980469,464.8999938964844,466.79998779296875,456.1000061035156,457.0,256207
2025-10-06,472.0240783691406,475.6000061035156,481.5,466.29998779296875,469.54998779296875,467075
2025-10-07,477.7308349609375,481.3500061035156,483.0,469.04998779296875,471.6000061035156,351763
2025-10-08,475.84515380859375,479.45001220703125,484.70001220703125,475.6000061035156,483.0,487735
2025-10-09,476.09326171875,479.70001220703125,482.0,474.79998779296875,482.0,418424
2025-10-10,474.6045227050781,478.20001220703125,482.3999938964844,475.3999938964844,482.3999938964844,134613
2025-10-13,468.8481140136719,472.3999938964844,478.20001220703125,469.0,478.20001220703125,671870
2025-10-14,459.8165283203125,463.29998779296875,474.95001220703125,458.95001220703125,474.95001220703125,291406
2025-10-15,466.0691833496094,469.6000061035156,472.3500061035156,463.95001220703125,463.95001220703125,210785
2025-10-16,464.1834716796875,467.70001220703125,476.25,464.5,470.0,244701
2025-10-17,461.1067810058594,464.6000061035156,472.0,462.0,471.8999938964844,144732
2025-10-20,456.3428649902344,459.79998779296875,466.75,458.20001220703125,464.6000061035156,247881
2025-10-21,465.17596435546875,468.70001220703125,471.6499938964844,459.79998779296875,459.79998779296875,52756
2025-10-23,465.3248291015625,468.8500061035156,471.8500061035156,466.5,470.0,151184
2025-10-24,460.7098083496094,464.20001220703125,469.45001220703125,459.8999938964844,469.0,155066
2025-10-27,459.6180725097656,463.1000061035156,466.8999938964844,460.8999938964844,464.20001220703125,112990
2025-10-28,465.7218322753906,469.25,470.70001220703125,455.20001220703125,463.1000061035156,1101110
2025-10-29,469.3443603515625,472.8999938964844,481.0,464.79998779296875,471.95001220703125,607717
2025-10-30,466.0195617675781,469.54998779296875,479.45001220703125,468.25,472.8999938964844,298037
2025-10-31,455.499267578125,458.95001220703125,471.95001220703125,458.0,471.95001220703125,237121
2025-11-03,458.2781982421875,461.75,463.20001220703125,456.25,460.0,165587
2025-11-04,446.5173034667969,449.8999938964844,463.1000061035156,448.95001220703125,457.0,249029
2025-11-06,442.0511474609375,445.3999938964844,452.8999938964844,443.6000061035156,450.8999938964844,198840
2025-11-07,429.2977294921875,432.54998779296875,445.3999938964844,429.1000061035156,445.04998779296875,1114378
2025-11-10,457.73236083984375,461.20001220703125,463.75,441.95001220703125,441.95001220703125,1835717
2025-11-11,450.78497314453125,454.20001220703125,460.75,446.6499938964844,459.04998779296875,852081
2025-11-12,445.77294921875,449.1499938964844,458.95001220703125,448.0,455.0,331898
2025-11-13,454.70526123046875,458.1499938964844,459.75,449.70001220703125,450.20001220703125,276667
2025-11-14,462.0,465.5,473.70001220703125,457.3999938964844,458.1499938964844,775514
2025-11-17,471.8999938964844,471.8999938964844,476.1000061035156,460.8500061035156,466.0,466680
2025-11-18,461.8999938964844,461.8999938964844,474.45001220703125,460.0,471.8999938964844,324529
2025-11-19,462.70001220703125,462.70001220703125,465.29998779296875,457.8999938964844,463.79998779296875,233743
2025-11-20,457.45001220703125,457.45001220703125,466.8999938964844,454.20001220703125,466.8999938964844,181461
2025-11-21,449.8500061035156,449.8500061035156,459.79998779296875,448.5,457.79998779296875,175169
2025-11-24,452.3500061035156,452.3500061035156,455.95001220703125,444.3500061035156,451.04998779296875,203499
2025-11-25,449.8500061035156,449.8500061035156,454.6000061035156,447.04998779296875,452.3500061035156,109602
2025-11-26,453.1000061035156,453.1000061035156,455.1000061035156,448.0,448.0,105760
2025-11-27,449.5,449.5,453.0,446.0,453.0,119469
2025-11-28,447.6000061035156,447.6000061035156,451.20001220703125,446.70001220703125,449.8999938964844,78181
2025-12-01,447.0,447.0,449.1000061035156,445.0,448.0,105831
2025-12-02,450.1000061035156,450.1000061035156,451.95001220703125,446.5,447.0,100397
2025-12-03,444.20001220703125,444.20001220703125,452.1000061035156,443.0,452.1000061035156,141843
2025-12-04,441.8999938964844,441.8999938964844,446.6499938964844,440.0,444.0,109264
2025-12-05,444.1499938964844,444.1499938964844,445.5,438.25,442.0,109514
2025-12-08,429.04998779296875,429.04998779296875,445.29998779296875,427.0,444.1499938964844,268504
2025-12-09,416.3500061035156,416.3500061035156,430.79998779296875,407.79998779296875,429.0,1418681
2025-12-10,447.75,447.75,451.79998779296875,416.3500061035156,416.3500061035156,4303308
2025-12-11,445.6000061035156,445.6000061035156,449.25,429.5,443.0,1216873
2025-12-12,438.6000061035156,438.6000061035156,444.95001220703125,436.25,444.0,298308
2025-12-15,447.04998779296875,447.04998779296875,448.95001220703125,436.1499938964844,438.6499938964844,274506
2025-12-16,443.5,443.5,448.8999938964844,440.20001220703125,445.0,217743
2025-12-17,440.29998779296875,440.29998779296875,445.5,439.5,442.1000061035156,128864
2025-12-18,450.79998779296875,450.79998779296875,458.0,435.0,439.0,562688
2025-12-19,437.6499938964844,437.6499938964844,450.79998779296875,435.79998779296875,450.5,986605
2025-12-22,441.04998779296875,441.04998779296875,442.1499938964844,437.29998779296875,437.29998779296875,226440
2025-12-23,442.79998779296875,442.79998779296875,445.3999938964844,441.29998779296875,444.0,117203
2025-12-24,440.29998779296875,440.29998779296875,444.5,438.1000061035156,442.79998779296875,167970
2025-12-26,438.6000061035156,438.6000061035156,441.70001220703125,437.20001220703125,441.0,101179
2025-12-29,432.5,432.5,443.1000061035156,431.0,438.0,148784
2025-12-30,437.25,437.25,438.95001220703125,431.20001220703125,432.95001220703125,258722
2025-12-31,444.3999938964844,444.3999938964844,446.8999938964844,436.0,437.25,269457
2026-01-01,438.29998779296875,438.29998779296875,445.6499938964844,437.0,445.0,111969
2026-01-02,438.54998779296875,438.54998779296875,442.6000061035156,437.45001220703125,438.25,138587
2026-01-05,440.45001220703125,440.45001220703125,442.8999938964844,437.0,439.04998779296875,144495
2026-01-06,435.75,435.75,440.3500061035156,434.1000061035156,438.0,141895
2026-01-07,438.1499938964844,438.1499938964844,439.0,433.29998779296875,435.75,128269
2026-01-08,426.5,426.5,439.6499938964844,425.0,438.0,147600
2026-01-09,429.75,429.75,432.6499938964844,421.20001220703125,430.0,204147
2026-01-12,417.20001220703125,417.20001220703125,430.8999938964844,416.1000061035156,429.75,335193
2026-01-13,425.3999938964844,425.3999938964844,426.6000061035156,417.04998779296875,419.1499938964844,155533
2026-01-14,425.25,425.25,427.5,421.95001220703125,426.5,104242
2026-01-15,425.25,425.25,425.25,425.25,425.25,0
2026-01-16,421.04998779296875,421.04998779296875,426.54998779296875,416.54998779296875,425.25,164824
2026-01-19,415.29998779296875,415.29998779296875,422.20001220703125,409.5,420.0,244247
2026-01-20,410.8999938964844,410.8999938964844,418.95001220703125,407.04998779296875,417.5,187472
2026-01-21,397.79998779296875,397.79998779296875,410.1000061035156,393.54998779296875,407.79998779296875,413753
2026-01-22,403.75,403.75,409.6000061035156,398.8500061035156,398.8500061035156,163531
2026-01-23,413.0,413.0,416.8999938964844,401.04998779296875,404.6000061035156,298144
2026-01-27,404.95001220703125,404.95001220703125,421.8999938964844,400.20001220703125,414.6000061035156,451982
2026-01-28,409.3999938964844,409.3999938964844,414.79998779296875,405.6000061035156,408.45001220703125,194143
2026-01-29,409.70001220703125,409.70001220703125,413.6499938964844,404.0,409.3999938964844,231678
2026-01-30,420.3500061035156,420.3500061035156,422.5,405.0,409.70001220703125,211893
2026-02-02,420.1000061035156,420.1000061035156,425.6000061035156,411.5,425.6000061035156,332951
2026-02-03,437.45001220703125,437.45001220703125,442.8999938964844,427.1000061035156,431.0,281193
2026-02-04,441.6499938964844,441.6499938964844,444.20001220703125,433.29998779296875,437.5,145498
2026-02-05,446.6499938964844,446.6499938964844,448.0,436.79998779296875,441.6499938964844,169383
2026-02-06,445.04998779296875,445.04998779296875,448.45001220703125,439.54998779296875,445.75,150263
2026-02-09,453.45001220703125,453.45001220703125,458.0,443.8500061035156,445.04998779296875,389255
2026-02-10,467.0,467.0,475.0,448.5,457.5,1894550
2026-02-11,461.20001220703125,461.20001220703125,463.29998779296875,453.0,462.70001220703125,632864
2026-02-12,460.45001220703125,460.45001220703125,464.0,456.95001220703125,462.1499938964844,234844
2026-02-13,465.8999938964844,465.8999938964844,470.45001220703125,454.5,459.0,433218
2026-02-16,463.8999938964844,463.8999938964844,474.8500061035156,458.5,470.54998779296875,551839
2026-02-17,470.25,470.25,471.45001220703125,461.0,466.04998779296875,273788
2026-02-18,467.75,467.75,470.5,465.29998779296875,470.25,109250
2026-02-19,456.8999938964844,456.8999938964844,469.95001220703125,455.0,469.95001220703125,154449
2026-02-20,456.3999938964844,456.3999938964844,458.79998779296875,455.0,456.8999938964844,74558
2026-02-23,464.5,464.5,465.95001220703125,453.8500061035156,461.8999938964844,278968
2026-02-24,456.95001220703125,456.95001220703125,465.0,453.04998779296875,465.0,227919
2026-02-25,466.8999938964844,466.8999938964844,468.04998779296875,458.20001220703125,460.8999938964844,234404
2026-02-26,461.29998779296875,461.29998779296875,471.0,458.20001220703125,465.0,341327
2026-02-27,470.6000061035156,470.6000061035156,472.0,460.20001220703125,464.1000061035156,473110
2026-03-02,458.25,458.25,470.45001220703125,450.1000061035156,450.1000061035156,256550
2026-03-04,491.70001220703125,491.70001220703125,500.0,446.04998779296875,450.54998779296875,6834943
2026-03-05,490.6499938964844,490.6499938964844,503.25,476.1000061035156,500.25,1944632
2026-03-06,480.95001220703125,480.95001220703125,493.45001220703125,479.04998779296875,488.04998779296875,636093
2026-03-09,492.6000061035156,492.6000061035156,498.20001220703125,471.1000061035156,479.0,2479649
2026-03-10,506.45001220703125,506.45001220703125,508.5,478.20001220703125,478.20001220703125,1311012
2026-03-11,519.0499877929688,519.0499877929688,527.0,501.8999938964844,506.45001220703125,1177163
2026-03-12,509.29998779296875,509.29998779296875,519.6500244140625,502.1000061035156,517.9000244140625,814720
2026-03-13,486.0,486.0,511.5,482.6499938964844,508.0,516792
2026-03-16,483.20001220703125,483.20001220703125,487.45001220703125,475.0,486.0,703642
2026-03-17,467.25,467.25,494.0,464.20001220703125,487.0,1093402
2026-03-18,475.95001220703125,475.95001220703125,486.3999938964844,468.6499938964844,469.0,431749
2026-03-19,483.6000061035156,483.6000061035156,487.45001220703125,470.0,470.0,809032
2026-03-20,485.8999938964844,485.8999938964844,496.8500061035156,482.0,492.0,1104034
2026-03-23,473.5,473.5,485.8999938964844,463.54998779296875,485.8999938964844,891916
2026-03-24,476.95001220703125,476.95001220703125,482.95001220703125,443.0,480.5,1369097
2026-03-25,508.5,508.5,514.0,482.70001220703125,485.0,1900267
2026-03-27,497.20001220703125,497.20001220703125,513.6500244140625,486.95001220703125,505.0,1349056
2026-03-30,497.1000061035156,497.1000061035156,508.3999938964844,488.5,488.5,1379259
2026-04-01,494.95001220703125,494.95001220703125,509.6000061035156,492.70001220703125,504.0,778708
2026-04-02,489.3500061035156,489.3500061035156,495.0,482.04998779296875,493.0,592314
2026-04-06,485.3999938964844,485.3999938964844,497.3500061035156,482.3999938964844,492.0,591531
2026-04-07,483.3999938964844,483.3999938964844,494.29998779296875,482.0,483.1000061035156,339073
2026-04-08,480.3999938964844,480.3999938964844,491.3500061035156,470.20001220703125,491.3500061035156,914919
2026-04-09,477.70001220703125,477.70001220703125,486.29998779296875,475.6000061035156,481.1499938964844,352385
2026-04-10,473.5,473.5,482.3999938964844,472.5,478.6000061035156,546739
2026-04-13,475.5,475.5,479.20001220703125,463.0,470.0,602208
2026-04-15,485.3500061035156,485.3500061035156,488.1000061035156,477.3500061035156,479.70001220703125,762422
2026-04-16,483.75,483.75,489.5,480.5,489.5,366951
2026-04-17,486.0,486.0,487.04998779296875,481.25,481.54998779296875,341399
2026-04-20,515.7000122070312,515.7000122070312,520.0,483.0,488.0,2493052
2026-04-21,508.8500061035156,508.8500061035156,524.0,505.04998779296875,518.2000122070312,1020090
2026-04-22,541.5499877929688,541.5499877929688,544.4500122070312,509.6000061035156,509.6000061035156,2395989
2026-04-23,540.2999877929688,540.2999877929688,552.7000122070312,530.5499877929688,543.7000122070312,1853307
2026-04-24,516.0999755859375,516.0999755859375,549.0,507.0,540.1500244140625,989345
2026-04-27,520.5,520.5,535.0,516.0999755859375,516.0999755859375,536053
2026-04-28,508.70001220703125,508.70001220703125,521.4500122070312,500.0,519.7000122070312,814973
2026-04-29,510.20001220703125,510.20001220703125,518.4500122070312,500.25,513.0,1067185
2026-04-30,521.0499877929688,521.0499877929688,536.4000244140625,508.70001220703125,511.5,3220832
2026-05-01,521.0499877929688,521.0499877929688,521.0499877929688,521.0499877929688,521.0499877929688,0
2026-05-04,524.8499755859375,524.8499755859375,533.9500122070312,517.2000122070312,524.5,948679
2026-05-05,531.0,531.0,535.9000244140625,520.0,524.75,906376
2026-05-06,524.8499755859375,524.8499755859375,537.0,522.5999755859375,536.75,470663
2026-05-07,525.5,525.5,530.0,521.2000122070312,530.0,368776
2026-05-08,522.75,522.75,525.4000244140625,517.2000122070312,525.4000244140625,304056
2026-05-11,525.4000244140625,525.4000244140625,530.9500122070312,511.95001220703125,520.7000122070312,620838
2026-05-12,534.1500244140625,534.1500244140625,536.4500122070312,521.4500122070312,525.25,965462
2026-05-13,548.9000244140625,548.9000244140625,561.9000244140625,531.5499877929688,534.0,2254004
2026-05-14,540.7000122070312,540.7000122070312,548.0,517.75,543.9500122070312,1494554
2026-05-15,539.5999755859375,539.5999755859375,549.7999877929688,532.6500244140625,537.0,534497
2026-05-18,541.0999755859375,541.0999755859375,544.5499877929688,525.0999755859375,530.0,539069
2026-05-19,550.4500122070312,550.4500122070312,563.4000244140625,534.6500244140625,541.4000244140625,1208825
2026-05-20,530.75,530.75,561.0499877929688,528.5999755859375,550.0,1278283
2026-05-21,537.4500122070312,537.4500122070312,541.7000122070312,532.5,535.5,257585
2026-05-22,535.0999755859375,535.0999755859375,541.7000122070312,527.0499877929688,538.0999755859375,445685
2026-05-25,532.9500122070312,532.9500122070312,539.9500122070312,530.2999877929688,535.0999755859375,213174
2026-05-26,529.6500244140625,529.6500244140625,533.5999755859375,527.9500122070312,531.4000244140625,168536
2026-05-27,530.2000122070312,530.2000122070312,537.0,525.2999877929688,531.7999877929688,545763
2026-05-28,530.2000122070312,530.2000122070312,530.2000122070312,530.2000122070312,530.2000122070312,0
2026-05-29,514.7999877929688,514.7999877929688,534.2000122070312,510.1499938964844,530.2000122070312,814888
2026-06-01,532.9000244140625,532.9000244140625,536.75,513.5,516.2000122070312,599162
2026-06-02,537.4000244140625,537.4000244140625,544.4000244140625,523.25,532.5999755859375,448955
2026-06-03,529.9500122070312,529.9500122070312,537.4000244140625,524.0999755859375,537.0,1087517
2026-06-04,532.2000122070312,532.2000122070312,559.9000244140625,529.2000122070312,534.0,1090479
2026-06-05,531.7999877929688,531.7999877929688,541.0,529.25,537.0,540692
2026-06-08,550.4000244140625,550.4000244140625,556.0999755859375,523.5,530.0,1652219
2026-06-09,536.9500122070312,536.9500122070312,548.25,527.0,547.9000244140625,897785
2026-06-10,536.5499877929688,536.5499877929688,542.4000244140625,533.5999755859375,542.0,253239
2026-06-11,548.5499877929688,548.5499877929688,551.75,538.0,542.0,1060977
2026-06-12,539.9500122070312,539.9500122070312,552.0,536.0,548.9500122070312,383704
2026-06-15,551.5999755859375,551.5999755859375,570.0,548.0,554.9000244140625,1156477
2026-06-16,559.0499877929688,559.0499877929688,560.0,552.4500122070312,552.4500122070312,292397
2026-06-17,546.9000244140625,546.9000244140625,561.1500244140625,543.2000122070312,559.0499877929688,350514
2026-06-18,554.1500244140625,554.1500244140625,555.0,542.2000122070312,549.9500122070312,231364
2026-06-19,531.5999755859375,531.5999755859375,554.9500122070312,527.7000122070312,554.5,653495
2026-06-22,536.5999755859375,536.5999755859375,541.7000122070312,534.0,534.0,298324
2026-06-23,532.9000244140625,532.9000244140625,541.0,528.0,536.0,292968
2026-06-24,536.7999877929688,536.7999877929688,538.4000244140625,531.0499877929688,531.0499877929688,187527
2026-06-25,534.2000122070312,534.2000122070312,540.0,531.0999755859375,535.2000122070312,319548
2026-06-26,534.2000122070312,534.2000122070312,534.2000122070312,534.2000122070312,534.2000122070312,0
2026-06-29,527.0999755859375,527.0999755859375,534.6500244140625,523.0,532.0,256475
2026-06-30,554.9500122070312,554.9500122070312,565.0,527.5,527.5,906822
2026-07-01,545.75,545.75,564.0,541.5499877929688,558.2999877929688,560501
2026-07-02,567.2000122070312,567.2000122070312,569.0,547.6500244140625,548.0,673383
2026-07-03,562.4500122070312,562.4500122070312,571.6500244140625,561.0,567.2000122070312,317543
2026-07-06,571.0,571.0,576.0,558.2000122070312,560.2000122070312,795730
2026-07-07,571.6500244140625,571.6500244140625,573.6500244140625,561.5999755859375,569.8499755859375,317140
2026-07-08,560.8499755859375,560.8499755859375,573.0,555.2000122070312,571.0,358975
2026-07-09,567.4500122070312,567.4500122070312,579.5999755859375,558.7999877929688,558.8499755859375,329696
2026-07-10,566.9000244140625,566.9000244140625,569.8499755859375,562.5999755859375,567.7000122070312,220271
2026-07-13,584.8499755859375,584.8499755859375,604.9000244140625,566.2000122070312,568.0,2714237
2026-07-14,596.2999877929688,596.2999877929688,601.7999877929688,586.0,587.7999877929688,1114421
2026-07-15,589.8499755859375,589.8499755859375,597.0,582.2999877929688,593.3499755859375,420851
2026-07-16,598.0,598.0,600.0,588.0999755859375,594.5999755859375,391574
2026-07-17,604.4500122070312,604.4500122070312,613.0,595.0999755859375,599.0999755859375,1140005
2026-07-20,600.0499877929688,600.0499877929688,606.25,594.0,600.0,295077
2026-07-21,617.8499755859375,617.8499755859375,641.9500122070312,599.7000122070312,604.5,2962682
2026-07-22,624.75,624.75,630.4000244140625,611.0,615.9000244140625,455682
2026-07-23,615.0499877929688,615.0499877929688,630.0,605.5999755859375,620.0,720276
