Date,Adj Close,Close,High,Low,Open,Volume
2026-05-04 03:45:00,1883.300048828125,1883.300048828125,1890.5999755859375,1878.5999755859375,1878.5999755859375,0
2026-05-04 03:50:00,1886.0,1886.0,1888.800048828125,1883.199951171875,1883.4000244140625,188551
2026-05-04 03:55:00,1886.4000244140625,1886.4000244140625,1888.800048828125,1883.0,1885.9000244140625,134947
2026-05-04 04:00:00,1886.199951171875,1886.199951171875,1886.5999755859375,1878.300048828125,1886.5,142538
2026-05-04 04:05:00,1887.9000244140625,1887.9000244140625,1889.4000244140625,1882.5999755859375,1887.0,106515
2026-05-04 04:10:00,1889.9000244140625,1889.9000244140625,1891.199951171875,1888.0,1888.699951171875,80511
2026-05-04 04:15:00,1891.5999755859375,1891.5999755859375,1895.300048828125,1890.0,1890.0,92976
2026-05-04 04:20:00,1883.9000244140625,1883.9000244140625,1892.0,1882.5,1891.5999755859375,87006
2026-05-04 04:25:00,1881.4000244140625,1881.4000244140625,1884.5,1880.300048828125,1883.9000244140625,83543
2026-05-04 04:30:00,1876.0,1876.0,1882.699951171875,1875.5999755859375,1881.4000244140625,97647
2026-05-04 04:35:00,1874.0,1874.0,1877.5,1873.5,1876.300048828125,72003
2026-05-04 04:40:00,1866.0,1866.0,1875.0999755859375,1866.0,1874.5,137083
2026-05-04 04:45:00,1853.699951171875,1853.699951171875,1866.300048828125,1852.300048828125,1866.300048828125,307941
2026-05-04 04:50:00,1852.5,1852.5,1854.5,1848.0,1853.5999755859375,254821
2026-05-04 04:55:00,1855.0,1855.0,1855.4000244140625,1851.0,1852.5,139868
2026-05-04 05:00:00,1855.0,1855.0,1858.0999755859375,1853.5,1855.0,101793
2026-05-04 05:05:00,1860.699951171875,1860.699951171875,1862.0,1854.0,1855.0,90354
2026-05-04 05:10:00,1863.4000244140625,1863.4000244140625,1863.5999755859375,1860.0999755859375,1860.699951171875,76852
2026-05-04 05:15:00,1861.199951171875,1861.199951171875,1863.699951171875,1861.199951171875,1863.4000244140625,95501
2026-05-04 05:20:00,1858.199951171875,1858.199951171875,1861.199951171875,1856.800048828125,1861.199951171875,79590
2026-05-04 05:25:00,1855.199951171875,1855.199951171875,1858.199951171875,1855.0,1858.199951171875,50419
2026-05-04 05:30:00,1853.5,1853.5,1855.199951171875,1853.0,1855.199951171875,63225
2026-05-04 05:35:00,1853.4000244140625,1853.4000244140625,1855.4000244140625,1853.199951171875,1853.9000244140625,63775
2026-05-04 05:40:00,1857.0,1857.0,1858.9000244140625,1851.800048828125,1853.4000244140625,144661
2026-05-04 05:45:00,1860.199951171875,1860.199951171875,1860.5,1856.800048828125,1856.9000244140625,88719
2026-05-04 05:50:00,1861.4000244140625,1861.4000244140625,1861.9000244140625,1858.5,1860.0,66357
2026-05-04 05:55:00,1860.5,1860.5,1862.699951171875,1860.0,1861.9000244140625,147681
2026-05-04 06:00:00,1856.0,1856.0,1860.5999755859375,1855.5,1860.0999755859375,124040
2026-05-04 06:05:00,1858.0,1858.0,1858.5,1855.300048828125,1855.800048828125,87362
2026-05-04 06:10:00,1854.9000244140625,1854.9000244140625,1858.0,1854.5,1858.0,49496
2026-05-04 06:15:00,1854.9000244140625,1854.9000244140625,1856.0,1853.5,1854.9000244140625,71744
2026-05-04 06:20:00,1850.0999755859375,1850.0999755859375,1856.5999755859375,1850.0999755859375,1854.800048828125,134102
2026-05-04 06:25:00,1848.800048828125,1848.800048828125,1851.5999755859375,1848.0999755859375,1850.0999755859375,194764
2026-05-04 06:30:00,1846.800048828125,1846.800048828125,1849.0,1845.4000244140625,1848.5999755859375,133005
2026-05-04 06:35:00,1847.300048828125,1847.300048828125,1849.199951171875,1846.0,1846.800048828125,167994
2026-05-04 06:40:00,1842.699951171875,1842.699951171875,1847.300048828125,1842.0999755859375,1847.300048828125,139742
2026-05-04 06:45:00,1843.300048828125,1843.300048828125,1843.300048828125,1840.800048828125,1842.699951171875,112077
2026-05-04 06:50:00,1843.4000244140625,1843.4000244140625,1844.5999755859375,1841.9000244140625,1843.199951171875,101547
2026-05-04 06:55:00,1842.5,1842.5,1844.199951171875,1842.4000244140625,1843.4000244140625,63707
2026-05-04 07:00:00,1838.5999755859375,1838.5999755859375,1842.0,1838.300048828125,1841.800048828125,141102
2026-05-04 07:05:00,1841.5,1841.5,1843.0,1838.699951171875,1839.0,92035
2026-05-04 07:10:00,1837.800048828125,1837.800048828125,1843.0,1837.0,1841.5,91350
2026-05-04 07:15:00,1837.800048828125,1837.800048828125,1839.0,1836.0999755859375,1837.800048828125,71091
2026-05-04 07:20:00,1838.5999755859375,1838.5999755859375,1840.0999755859375,1837.800048828125,1837.800048828125,64858
2026-05-04 07:25:00,1837.800048828125,1837.800048828125,1839.5999755859375,1836.5,1839.0,87677
2026-05-04 07:30:00,1838.9000244140625,1838.9000244140625,1838.9000244140625,1836.199951171875,1837.800048828125,45704
2026-05-04 07:35:00,1840.199951171875,1840.199951171875,1841.0,1838.4000244140625,1838.4000244140625,163603
2026-05-04 07:40:00,1840.0999755859375,1840.0999755859375,1840.699951171875,1839.5,1840.199951171875,47430
2026-05-04 07:45:00,1839.800048828125,1839.800048828125,1840.5,1837.5,1840.199951171875,93005
2026-05-04 07:50:00,1839.9000244140625,1839.9000244140625,1840.0999755859375,1837.800048828125,1839.800048828125,63005
2026-05-04 07:55:00,1833.5999755859375,1833.5999755859375,1839.699951171875,1833.0999755859375,1839.5,98283
2026-05-04 08:00:00,1833.0,1833.0,1834.5999755859375,1832.0,1833.300048828125,54837
2026-05-04 08:05:00,1834.4000244140625,1834.4000244140625,1834.4000244140625,1831.9000244140625,1832.699951171875,49112
2026-05-04 08:10:00,1835.9000244140625,1835.9000244140625,1837.199951171875,1834.0,1834.199951171875,65757
2026-05-04 08:15:00,1838.5,1838.5,1838.5999755859375,1835.0,1835.5999755859375,81552
2026-05-04 08:20:00,1839.5,1839.5,1840.300048828125,1837.5,1838.5,88359
2026-05-04 08:25:00,1836.0,1836.0,1839.5,1835.199951171875,1839.5,230832
2026-05-04 08:30:00,1830.0,1830.0,1836.800048828125,1828.5999755859375,1836.300048828125,371922
2026-05-04 08:35:00,1830.5999755859375,1830.5999755859375,1830.800048828125,1829.5,1830.0999755859375,64943
2026-05-04 08:40:00,1830.0999755859375,1830.0999755859375,1834.0,1829.5999755859375,1830.5999755859375,497014
2026-05-04 08:45:00,1834.5,1834.5,1835.800048828125,1829.0,1830.0999755859375,109664
2026-05-04 08:50:00,1834.800048828125,1834.800048828125,1835.9000244140625,1833.199951171875,1834.5,82931
2026-05-04 08:55:00,1830.9000244140625,1830.9000244140625,1835.5999755859375,1830.0999755859375,1834.699951171875,125166
2026-05-04 09:00:00,1828.699951171875,1828.699951171875,1831.699951171875,1828.0999755859375,1830.9000244140625,143648
2026-05-04 09:05:00,1829.4000244140625,1829.4000244140625,1829.5,1827.0999755859375,1828.699951171875,114221
2026-05-04 09:10:00,1827.0999755859375,1827.0999755859375,1829.4000244140625,1826.0,1829.4000244140625,154645
2026-05-04 09:15:00,1827.199951171875,1827.199951171875,1828.4000244140625,1824.199951171875,1826.199951171875,179278
2026-05-04 09:20:00,1828.9000244140625,1828.9000244140625,1829.4000244140625,1826.4000244140625,1826.800048828125,167905
2026-05-04 09:25:00,1824.4000244140625,1824.4000244140625,1830.300048828125,1824.0,1828.300048828125,175244
2026-05-04 09:30:00,1825.300048828125,1825.300048828125,1827.5,1822.300048828125,1824.5,242867
2026-05-04 09:35:00,1828.5,1828.5,1829.699951171875,1825.0,1826.0999755859375,272496
2026-05-04 09:40:00,1827.4000244140625,1827.4000244140625,1829.5,1826.5999755859375,1828.5,255526
2026-05-04 09:45:00,1827.5,1827.5,1828.800048828125,1826.4000244140625,1827.5999755859375,258381
2026-05-04 09:50:00,1825.699951171875,1825.699951171875,1828.699951171875,1825.199951171875,1827.199951171875,263900
2026-05-04 09:55:00,1828.0,1828.0,1829.0,1825.0999755859375,1826.0999755859375,179930
2026-05-05 03:45:00,1826.4000244140625,1826.4000244140625,1830.9000244140625,1819.9000244140625,1828.5999755859375,0
2026-05-05 03:50:00,1836.5999755859375,1836.5999755859375,1838.4000244140625,1823.300048828125,1826.9000244140625,155955
2026-05-05 03:55:00,1838.300048828125,1838.300048828125,1839.199951171875,1835.199951171875,1836.5,96686
2026-05-05 04:00:00,1839.699951171875,1839.699951171875,1846.0,1839.199951171875,1839.800048828125,329890
2026-05-05 04:05:00,1837.800048828125,1837.800048828125,1840.800048828125,1836.699951171875,1840.0999755859375,46691
2026-05-05 04:10:00,1837.5,1837.5,1839.199951171875,1834.4000244140625,1836.800048828125,52055
2026-05-05 04:15:00,1841.0,1841.0,1843.5,1836.5999755859375,1837.0,96843
2026-05-05 04:20:00,1838.699951171875,1838.699951171875,1840.4000244140625,1837.0,1840.300048828125,62337
2026-05-05 04:25:00,1832.800048828125,1832.800048828125,1839.699951171875,1832.300048828125,1839.0,91337
2026-05-05 04:30:00,1827.4000244140625,1827.4000244140625,1834.199951171875,1826.5999755859375,1832.9000244140625,177078
2026-05-05 04:35:00,1827.800048828125,1827.800048828125,1828.5,1825.0,1827.0999755859375,56766
2026-05-05 04:40:00,1826.199951171875,1826.199951171875,1829.5,1825.300048828125,1828.9000244140625,53891
2026-05-05 04:45:00,1827.4000244140625,1827.4000244140625,1827.5,1825.199951171875,1826.199951171875,25840
2026-05-05 04:50:00,1823.199951171875,1823.199951171875,1828.300048828125,1822.4000244140625,1827.5999755859375,64302
2026-05-05 04:55:00,1821.699951171875,1821.699951171875,1823.199951171875,1819.0999755859375,1823.199951171875,66423
2026-05-05 05:00:00,1820.5,1820.5,1824.199951171875,1820.0999755859375,1821.4000244140625,66415
2026-05-05 05:05:00,1821.800048828125,1821.800048828125,1822.699951171875,1820.0,1821.0,40400
2026-05-05 05:10:00,1822.4000244140625,1822.4000244140625,1823.699951171875,1820.800048828125,1821.5999755859375,32751
2026-05-05 05:15:00,1823.5,1823.5,1824.4000244140625,1822.0,1822.4000244140625,23498
2026-05-05 05:20:00,1824.0,1824.0,1824.0,1822.5,1823.5,21603
2026-05-05 05:25:00,1824.0,1824.0,1825.199951171875,1823.0,1823.9000244140625,38794
2026-05-05 05:30:00,1825.5999755859375,1825.5999755859375,1825.800048828125,1822.4000244140625,1823.699951171875,71053
2026-05-05 05:35:00,1821.699951171875,1821.699951171875,1826.0,1820.5999755859375,1825.5,107288
2026-05-05 05:40:00,1824.800048828125,1824.800048828125,1825.5999755859375,1821.9000244140625,1822.0999755859375,96605
2026-05-05 05:45:00,1824.5999755859375,1824.5999755859375,1826.9000244140625,1824.0999755859375,1824.699951171875,68228
2026-05-05 05:50:00,1823.0999755859375,1823.0999755859375,1825.4000244140625,1822.300048828125,1824.5,70651
2026-05-05 05:55:00,1828.0,1828.0,1828.800048828125,1823.0,1823.0999755859375,69785
2026-05-05 06:00:00,1829.5999755859375,1829.5999755859375,1830.800048828125,1827.9000244140625,1828.0,85829
2026-05-05 06:05:00,1828.199951171875,1828.199951171875,1831.699951171875,1828.199951171875,1829.9000244140625,82609
2026-05-05 06:10:00,1823.0,1823.0,1828.300048828125,1822.5,1828.0999755859375,42435
2026-05-05 06:15:00,1820.5999755859375,1820.5999755859375,1823.5999755859375,1817.0,1822.699951171875,134034
2026-05-05 06:20:00,1811.5999755859375,1811.5999755859375,1821.199951171875,1811.4000244140625,1820.5999755859375,147776
2026-05-05 06:25:00,1805.0,1805.0,1811.9000244140625,1802.5999755859375,1811.199951171875,211306
2026-05-05 06:30:00,1808.0,1808.0,1809.199951171875,1804.699951171875,1804.699951171875,149555
2026-05-05 06:35:00,1810.9000244140625,1810.9000244140625,1811.699951171875,1807.4000244140625,1807.9000244140625,47356
2026-05-05 06:40:00,1813.0,1813.0,1814.5,1810.800048828125,1810.9000244140625,37153
2026-05-05 06:45:00,1813.0999755859375,1813.0999755859375,1814.5,1811.5999755859375,1812.800048828125,32641
2026-05-05 06:50:00,1810.0999755859375,1810.0999755859375,1813.699951171875,1810.0,1813.199951171875,142017
2026-05-05 06:55:00,1807.300048828125,1807.300048828125,1811.5,1807.0,1810.4000244140625,97061
2026-05-05 07:00:00,1810.300048828125,1810.300048828125,1810.5,1806.199951171875,1807.5999755859375,201776
2026-05-05 07:05:00,1811.9000244140625,1811.9000244140625,1811.9000244140625,1809.699951171875,1810.5,125063
2026-05-05 07:10:00,1812.699951171875,1812.699951171875,1814.0,1811.4000244140625,1811.699951171875,139764
2026-05-05 07:15:00,1814.5,1814.5,1815.5,1811.9000244140625,1813.300048828125,84009
2026-05-05 07:20:00,1815.800048828125,1815.800048828125,1817.0999755859375,1814.300048828125,1814.699951171875,100956
2026-05-05 07:25:00,1820.0999755859375,1820.0999755859375,1820.699951171875,1815.5,1816.300048828125,94771
2026-05-05 07:30:00,1821.0999755859375,1821.0999755859375,1821.9000244140625,1820.0,1820.699951171875,58124
2026-05-05 07:35:00,1820.5999755859375,1820.5999755859375,1822.0999755859375,1817.699951171875,1821.0,152571
2026-05-05 07:40:00,1821.0,1821.0,1823.0999755859375,1819.699951171875,1820.5999755859375,194630
2026-05-05 07:45:00,1819.0999755859375,1819.0999755859375,1821.9000244140625,1818.199951171875,1821.0,149382
2026-05-05 07:50:00,1817.9000244140625,1817.9000244140625,1821.9000244140625,1817.0999755859375,1818.699951171875,311391
2026-05-05 07:55:00,1815.9000244140625,1815.9000244140625,1818.0,1814.5,1817.800048828125,139666
2026-05-05 08:00:00,1815.800048828125,1815.800048828125,1817.300048828125,1813.4000244140625,1816.699951171875,199245
2026-05-05 08:05:00,1821.0999755859375,1821.0999755859375,1821.5,1815.5999755859375,1815.699951171875,107174
2026-05-05 08:10:00,1820.4000244140625,1820.4000244140625,1822.0999755859375,1818.5999755859375,1821.0999755859375,133680
2026-05-05 08:15:00,1816.199951171875,1816.199951171875,1821.699951171875,1816.199951171875,1820.4000244140625,121790
2026-05-05 08:20:00,1810.699951171875,1810.699951171875,1815.699951171875,1809.4000244140625,1815.699951171875,434159
2026-05-05 08:25:00,1809.199951171875,1809.199951171875,1811.5999755859375,1806.699951171875,1811.4000244140625,347901
2026-05-05 08:30:00,1810.800048828125,1810.800048828125,1812.5999755859375,1809.0999755859375,1809.300048828125,126964
2026-05-05 08:35:00,1808.4000244140625,1808.4000244140625,1811.0,1807.5,1810.9000244140625,147612
2026-05-05 08:40:00,1809.5999755859375,1809.5999755859375,1811.0,1807.800048828125,1808.5,313900
2026-05-05 08:45:00,1809.199951171875,1809.199951171875,1814.9000244140625,1808.5999755859375,1809.5,173927
2026-05-05 08:50:00,1810.5,1810.5,1813.300048828125,1809.300048828125,1809.300048828125,126105
2026-05-05 08:55:00,1812.0,1812.0,1812.300048828125,1809.699951171875,1810.4000244140625,127668
2026-05-05 09:00:00,1808.0999755859375,1808.0999755859375,1812.4000244140625,1807.0,1812.0,152423
2026-05-05 09:05:00,1807.0,1807.0,1809.4000244140625,1803.5,1808.0999755859375,295591
2026-05-05 09:10:00,1808.199951171875,1808.199951171875,1808.699951171875,1806.199951171875,1807.5,84564
2026-05-05 09:15:00,1806.5999755859375,1806.5999755859375,1809.0,1806.5999755859375,1808.300048828125,116255
2026-05-05 09:20:00,1808.9000244140625,1808.9000244140625,1808.9000244140625,1806.4000244140625,1807.0999755859375,154195
2026-05-05 09:25:00,1804.800048828125,1804.800048828125,1809.199951171875,1803.699951171875,1808.800048828125,263098
2026-05-05 09:30:00,1803.4000244140625,1803.4000244140625,1807.199951171875,1802.300048828125,1805.300048828125,576225
2026-05-05 09:35:00,1805.5,1805.5,1806.199951171875,1801.0,1804.0,439819
2026-05-05 09:40:00,1804.9000244140625,1804.9000244140625,1806.199951171875,1803.199951171875,1805.800048828125,459435
2026-05-05 09:45:00,1811.4000244140625,1811.4000244140625,1811.699951171875,1804.4000244140625,1805.0,515955
2026-05-05 09:50:00,1810.0999755859375,1810.0999755859375,1812.0,1808.5999755859375,1811.5999755859375,269444
2026-05-05 09:55:00,1816.0,1816.0,1816.0,1809.699951171875,1809.699951171875,223968
2026-05-06 03:45:00,1819.5999755859375,1819.5999755859375,1828.0,1817.0,1817.0,0
2026-05-06 03:50:00,1820.9000244140625,1820.9000244140625,1821.9000244140625,1817.300048828125,1820.4000244140625,54797
2026-05-06 03:55:00,1824.0999755859375,1824.0999755859375,1824.4000244140625,1820.9000244140625,1820.9000244140625,44729
2026-05-06 04:00:00,1823.5,1823.5,1824.0999755859375,1821.5,1823.9000244140625,32351
2026-05-06 04:05:00,1822.5,1822.5,1824.5999755859375,1822.4000244140625,1823.800048828125,33438
2026-05-06 04:10:00,1816.800048828125,1816.800048828125,1823.0,1816.0999755859375,1823.0,113945
2026-05-06 04:15:00,1816.0,1816.0,1818.0,1815.199951171875,1816.5,80177
2026-05-06 04:20:00,1823.300048828125,1823.300048828125,1823.4000244140625,1814.0,1816.0,129707
2026-05-06 04:25:00,1821.699951171875,1821.699951171875,1827.4000244140625,1821.5999755859375,1823.300048828125,91334
2026-05-06 04:30:00,1824.0,1824.0,1824.199951171875,1820.699951171875,1821.699951171875,46768
2026-05-06 04:35:00,1827.0,1827.0,1827.699951171875,1823.800048828125,1824.0999755859375,35809
2026-05-06 04:40:00,1831.5999755859375,1831.5999755859375,1832.0,1826.5,1826.5,66273
2026-05-06 04:45:00,1833.5,1833.5,1835.5,1831.0,1831.9000244140625,654164
2026-05-06 04:50:00,1827.5999755859375,1827.5999755859375,1833.5,1827.5999755859375,1833.300048828125,51741
2026-05-06 04:55:00,1830.9000244140625,1830.9000244140625,1832.9000244140625,1827.0,1827.0,73624
2026-05-06 05:00:00,1831.199951171875,1831.199951171875,1834.0999755859375,1829.5999755859375,1830.5999755859375,37860
2026-05-06 05:05:00,1830.9000244140625,1830.9000244140625,1831.5,1828.800048828125,1831.0999755859375,29499
2026-05-06 05:10:00,1832.0999755859375,1832.0999755859375,1833.300048828125,1830.4000244140625,1830.699951171875,24372
2026-05-06 05:15:00,1830.199951171875,1830.199951171875,1832.0,1830.199951171875,1832.0,21370
2026-05-06 05:20:00,1828.699951171875,1828.699951171875,1830.4000244140625,1827.5,1830.4000244140625,75350
2026-05-06 05:25:00,1829.0,1829.0,1831.0,1828.699951171875,1828.699951171875,29339
2026-05-06 05:30:00,1829.699951171875,1829.699951171875,1830.300048828125,1828.199951171875,1829.300048828125,17729
2026-05-06 05:35:00,1832.699951171875,1832.699951171875,1832.800048828125,1829.0999755859375,1829.699951171875,35289
2026-05-06 05:40:00,1834.0,1834.0,1834.4000244140625,1831.199951171875,1832.699951171875,39054
2026-05-06 05:45:00,1834.5,1834.5,1834.800048828125,1833.0999755859375,1834.0,28896
2026-05-06 05:50:00,1834.0,1834.0,1836.4000244140625,1834.0,1834.5,55045
2026-05-06 05:55:00,1835.699951171875,1835.699951171875,1836.0,1833.300048828125,1834.0,43202
2026-05-06 06:00:00,1834.9000244140625,1834.9000244140625,1836.800048828125,1834.5,1835.699951171875,23486
2026-05-06 06:05:00,1833.300048828125,1833.300048828125,1835.0,1831.199951171875,1835.0,102732
2026-05-06 06:10:00,1834.800048828125,1834.800048828125,1834.9000244140625,1832.5999755859375,1833.0999755859375,28060
2026-05-06 06:15:00,1835.4000244140625,1835.4000244140625,1835.5,1833.199951171875,1834.9000244140625,26112
2026-05-06 06:20:00,1835.300048828125,1835.300048828125,1836.0,1834.0999755859375,1835.4000244140625,34397
2026-05-06 06:25:00,1833.300048828125,1833.300048828125,1835.300048828125,1833.199951171875,1835.199951171875,27933
2026-05-06 06:30:00,1835.699951171875,1835.699951171875,1835.9000244140625,1832.0,1833.300048828125,37681
2026-05-06 06:35:00,1834.5999755859375,1834.5999755859375,1835.5999755859375,1832.0,1835.0,56181
2026-05-06 06:40:00,1834.5,1834.5,1835.5,1832.5,1834.699951171875,27392
2026-05-06 06:45:00,1832.5999755859375,1832.5999755859375,1834.300048828125,1832.300048828125,1834.199951171875,27545
2026-05-06 06:50:00,1830.4000244140625,1830.4000244140625,1833.0,1830.0,1832.5,94217
2026-05-06 06:55:00,1832.199951171875,1832.199951171875,1832.5,1829.800048828125,1830.4000244140625,52379
2026-05-06 07:00:00,1830.699951171875,1830.699951171875,1832.5,1830.5999755859375,1832.199951171875,36654
2026-05-06 07:05:00,1829.5,1829.5,1830.800048828125,1828.300048828125,1830.5999755859375,30003
2026-05-06 07:10:00,1830.800048828125,1830.800048828125,1832.0,1829.5,1829.5999755859375,77471
2026-05-06 07:15:00,1830.800048828125,1830.800048828125,1831.9000244140625,1830.4000244140625,1830.5999755859375,21984
2026-05-06 07:20:00,1829.5,1829.5,1831.800048828125,1827.5999755859375,1830.800048828125,88464
2026-05-06 07:25:00,1832.800048828125,1832.800048828125,1833.0,1829.0999755859375,1829.5,36171
2026-05-06 07:30:00,1831.699951171875,1831.699951171875,1832.800048828125,1831.199951171875,1832.699951171875,32637
2026-05-06 07:35:00,1834.5,1834.5,1835.0,1831.300048828125,1831.699951171875,27239
2026-05-06 07:40:00,1834.699951171875,1834.699951171875,1835.0,1834.199951171875,1834.5,22552
2026-05-06 07:45:00,1835.9000244140625,1835.9000244140625,1835.9000244140625,1834.699951171875,1834.699951171875,31979
2026-05-06 07:50:00,1835.199951171875,1835.199951171875,1837.199951171875,1834.699951171875,1835.699951171875,63109
2026-05-06 07:55:00,1832.800048828125,1832.800048828125,1836.0999755859375,1832.699951171875,1835.9000244140625,81523
2026-05-06 08:00:00,1832.699951171875,1832.699951171875,1834.199951171875,1832.5,1833.300048828125,62462
2026-05-06 08:05:00,1832.5,1832.5,1833.4000244140625,1832.0999755859375,1832.699951171875,48234
2026-05-06 08:10:00,1832.4000244140625,1832.4000244140625,1832.699951171875,1832.300048828125,1832.5,18865
2026-05-06 08:15:00,1832.0,1832.0,1832.4000244140625,1831.300048828125,1832.4000244140625,29020
2026-05-06 08:20:00,1829.9000244140625,1829.9000244140625,1833.800048828125,1829.800048828125,1831.9000244140625,85239
2026-05-06 08:25:00,1831.5999755859375,1831.5999755859375,1832.4000244140625,1830.5,1830.5,32199
2026-05-06 08:30:00,1831.0,1831.0,1832.0,1829.800048828125,1831.5999755859375,64168
2026-05-06 08:35:00,1830.800048828125,1830.800048828125,1831.5999755859375,1830.0,1830.9000244140625,24983
2026-05-06 08:40:00,1833.4000244140625,1833.4000244140625,1833.699951171875,1830.5,1830.800048828125,23982
2026-05-06 08:45:00,1834.300048828125,1834.300048828125,1834.5,1832.800048828125,1833.699951171875,32053
2026-05-06 08:50:00,1838.5,1838.5,1840.9000244140625,1834.199951171875,1834.300048828125,114187
2026-05-06 08:55:00,1837.300048828125,1837.300048828125,1841.0,1837.300048828125,1838.4000244140625,61135
2026-05-06 09:00:00,1834.9000244140625,1834.9000244140625,1839.800048828125,1832.4000244140625,1838.0999755859375,104970
2026-05-06 09:05:00,1836.800048828125,1836.800048828125,1837.199951171875,1833.199951171875,1835.4000244140625,62556
2026-05-06 09:10:00,1836.300048828125,1836.300048828125,1837.199951171875,1835.4000244140625,1836.800048828125,35819
2026-05-06 09:15:00,1838.800048828125,1838.800048828125,1838.800048828125,1834.300048828125,1836.5,66318
2026-05-06 09:20:00,1836.0999755859375,1836.0999755859375,1838.699951171875,1835.5999755859375,1838.699951171875,77882
2026-05-06 09:25:00,1837.300048828125,1837.300048828125,1837.9000244140625,1836.0,1836.199951171875,81527
2026-05-06 09:30:00,1837.0999755859375,1837.0999755859375,1840.0,1835.0,1837.699951171875,226365
2026-05-06 09:35:00,1832.9000244140625,1832.9000244140625,1837.199951171875,1832.800048828125,1837.0999755859375,252339
2026-05-06 09:40:00,1832.0999755859375,1832.0999755859375,1833.199951171875,1832.0,1832.9000244140625,212501
2026-05-06 09:45:00,1831.0999755859375,1831.0999755859375,1832.300048828125,1830.300048828125,1832.0999755859375,174127
2026-05-06 09:50:00,1831.4000244140625,1831.4000244140625,1831.800048828125,1829.800048828125,1830.699951171875,141661
2026-05-06 09:55:00,1833.800048828125,1833.800048828125,1834.0,1830.199951171875,1831.5,125452
2026-05-07 03:45:00,1837.4000244140625,1837.4000244140625,1843.9000244140625,1836.0,1837.0,0
2026-05-07 03:50:00,1836.0999755859375,1836.0999755859375,1837.5999755859375,1832.4000244140625,1836.800048828125,105365
2026-05-07 03:55:00,1830.9000244140625,1830.9000244140625,1836.5999755859375,1830.4000244140625,1836.5999755859375,105121
2026-05-07 04:00:00,1829.0999755859375,1829.0999755859375,1833.0,1827.4000244140625,1830.199951171875,125055
2026-05-07 04:05:00,1828.5999755859375,1828.5999755859375,1830.300048828125,1828.0999755859375,1829.0,73533
2026-05-07 04:10:00,1832.5,1832.5,1833.0,1828.4000244140625,1828.5999755859375,74458
2026-05-07 04:15:00,1828.5,1828.5,1832.5,1828.5,1832.5,46469
2026-05-07 04:20:00,1826.199951171875,1826.199951171875,1828.800048828125,1825.300048828125,1827.699951171875,87773
2026-05-07 04:25:00,1824.300048828125,1824.300048828125,1827.5,1823.699951171875,1826.300048828125,104156
2026-05-07 04:30:00,1825.199951171875,1825.199951171875,1826.699951171875,1823.800048828125,1824.5999755859375,63109
2026-05-07 04:35:00,1825.800048828125,1825.800048828125,1825.800048828125,1822.199951171875,1825.5,63074
2026-05-07 04:40:00,1825.0,1825.0,1826.5999755859375,1823.0,1825.5999755859375,68925
2026-05-07 04:45:00,1828.5999755859375,1828.5999755859375,1828.5999755859375,1825.0999755859375,1825.0999755859375,62196
2026-05-07 04:50:00,1828.300048828125,1828.300048828125,1829.0,1827.300048828125,1828.5999755859375,57863
2026-05-07 04:55:00,1830.800048828125,1830.800048828125,1830.800048828125,1827.4000244140625,1828.5,55741
2026-05-07 05:00:00,1831.0,1831.0,1832.9000244140625,1830.5999755859375,1830.800048828125,59059
2026-05-07 05:05:00,1831.9000244140625,1831.9000244140625,1832.199951171875,1830.300048828125,1831.0999755859375,53052
2026-05-07 05:10:00,1831.699951171875,1831.699951171875,1832.4000244140625,1831.0,1831.199951171875,41987
2026-05-07 05:15:00,1828.800048828125,1828.800048828125,1831.5999755859375,1826.800048828125,1831.5999755859375,125469
2026-05-07 05:20:00,1829.699951171875,1829.699951171875,1829.699951171875,1827.699951171875,1828.800048828125,73055
2026-05-07 05:25:00,1830.300048828125,1830.300048828125,1830.300048828125,1829.199951171875,1829.699951171875,82242
2026-05-07 05:30:00,1830.4000244140625,1830.4000244140625,1831.699951171875,1830.0,1830.5999755859375,67784
2026-05-07 05:35:00,1829.4000244140625,1829.4000244140625,1831.5,1829.4000244140625,1830.5999755859375,66046
2026-05-07 05:40:00,1828.9000244140625,1828.9000244140625,1830.5,1827.9000244140625,1829.300048828125,107105
2026-05-07 05:45:00,1830.0,1830.0,1830.699951171875,1828.4000244140625,1828.9000244140625,66566
2026-05-07 05:50:00,1829.800048828125,1829.800048828125,1830.199951171875,1827.0999755859375,1830.199951171875,113062
2026-05-07 05:55:00,1830.0999755859375,1830.0999755859375,1830.0999755859375,1827.5,1829.800048828125,81432
2026-05-07 06:00:00,1831.0,1831.0,1833.300048828125,1830.300048828125,1830.300048828125,122431
2026-05-07 06:05:00,1830.199951171875,1830.199951171875,1831.699951171875,1829.0,1830.800048828125,42777
2026-05-07 06:10:00,1822.699951171875,1822.699951171875,1830.0,1822.699951171875,1829.800048828125,137863
2026-05-07 06:15:00,1823.4000244140625,1823.4000244140625,1824.5,1822.199951171875,1822.800048828125,67977
2026-05-07 06:20:00,1822.800048828125,1822.800048828125,1824.0,1822.199951171875,1823.4000244140625,52042
2026-05-07 06:25:00,1825.0,1825.0,1825.0,1822.9000244140625,1822.9000244140625,36743
2026-05-07 06:30:00,1827.800048828125,1827.800048828125,1829.699951171875,1824.9000244140625,1824.9000244140625,76698
2026-05-07 06:35:00,1828.5,1828.5,1833.699951171875,1827.300048828125,1833.699951171875,74870
2026-05-07 06:40:00,1830.4000244140625,1830.4000244140625,1830.4000244140625,1827.5,1828.5,45335
2026-05-07 06:45:00,1831.199951171875,1831.199951171875,1832.4000244140625,1829.699951171875,1829.699951171875,77957
2026-05-07 06:50:00,1830.4000244140625,1830.4000244140625,1832.199951171875,1830.0,1830.0,91214
2026-05-07 06:55:00,1830.0,1830.0,1831.5,1830.0,1830.4000244140625,54561
2026-05-07 07:00:00,1830.199951171875,1830.199951171875,1830.9000244140625,1828.0999755859375,1830.0,44864
2026-05-07 07:05:00,1836.699951171875,1836.699951171875,1837.0999755859375,1828.800048828125,1830.4000244140625,131402
2026-05-07 07:10:00,1836.0,1836.0,1838.5999755859375,1835.0,1837.0,144678
2026-05-07 07:15:00,1834.0,1834.0,1836.5,1831.5,1836.0,90654
2026-05-07 07:20:00,1831.9000244140625,1831.9000244140625,1835.0,1830.0,1834.0,88522
2026-05-07 07:25:00,1829.800048828125,1829.800048828125,1832.199951171875,1828.300048828125,1831.9000244140625,136663
2026-05-07 07:30:00,1830.300048828125,1830.300048828125,1831.800048828125,1828.800048828125,1829.800048828125,92700
2026-05-07 07:35:00,1832.4000244140625,1832.4000244140625,1833.4000244140625,1830.199951171875,1830.699951171875,75911
2026-05-07 07:40:00,1832.4000244140625,1832.4000244140625,1833.0,1830.800048828125,1832.5,66815
2026-05-07 07:45:00,1829.300048828125,1829.300048828125,1832.5,1827.300048828125,1832.5,54597
2026-05-07 07:50:00,1827.5999755859375,1827.5999755859375,1830.699951171875,1827.300048828125,1829.0999755859375,99983
2026-05-07 07:55:00,1829.800048828125,1829.800048828125,1829.800048828125,1827.800048828125,1827.9000244140625,20854
2026-05-07 08:00:00,1829.5,1829.5,1830.5,1828.0,1830.0,57289
2026-05-07 08:05:00,1827.5,1827.5,1830.800048828125,1827.0999755859375,1829.699951171875,61936
2026-05-07 08:10:00,1828.5,1828.5,1829.699951171875,1827.0,1827.4000244140625,68176
2026-05-07 08:15:00,1829.0999755859375,1829.0999755859375,1829.4000244140625,1826.5999755859375,1828.5,81414
2026-05-07 08:20:00,1830.5,1830.5,1830.5,1827.300048828125,1829.300048828125,92280
2026-05-07 08:25:00,1831.0999755859375,1831.0999755859375,1832.0999755859375,1829.800048828125,1830.5,42425
2026-05-07 08:30:00,1828.4000244140625,1828.4000244140625,1832.300048828125,1828.0,1831.0999755859375,82889
2026-05-07 08:35:00,1830.5,1830.5,1831.199951171875,1827.300048828125,1828.5,132180
2026-05-07 08:40:00,1831.300048828125,1831.300048828125,1831.9000244140625,1829.699951171875,1831.0,88019
2026-05-07 08:45:00,1828.5999755859375,1828.5999755859375,1831.5,1828.0999755859375,1831.300048828125,74308
2026-05-07 08:50:00,1830.199951171875,1830.199951171875,1830.699951171875,1827.300048828125,1828.800048828125,127127
2026-05-07 08:55:00,1830.9000244140625,1830.9000244140625,1831.300048828125,1829.199951171875,1830.0999755859375,102347
2026-05-07 09:00:00,1829.5,1829.5,1831.5,1829.0,1830.9000244140625,131210
2026-05-07 09:05:00,1828.9000244140625,1828.9000244140625,1829.9000244140625,1827.5999755859375,1829.5,72267
2026-05-07 09:10:00,1828.5999755859375,1828.5999755859375,1829.9000244140625,1827.0999755859375,1829.199951171875,73663
2026-05-07 09:15:00,1828.0,1828.0,1829.5,1827.0,1828.5999755859375,123712
2026-05-07 09:20:00,1829.199951171875,1829.199951171875,1830.0,1827.800048828125,1828.0999755859375,56773
2026-05-07 09:25:00,1829.300048828125,1829.300048828125,1830.5,1828.5,1829.199951171875,62671
2026-05-07 09:30:00,1827.5999755859375,1827.5999755859375,1829.5999755859375,1824.9000244140625,1829.300048828125,420658
2026-05-07 09:35:00,1824.699951171875,1824.699951171875,1830.300048828125,1824.5,1827.5999755859375,423762
2026-05-07 09:40:00,1824.4000244140625,1824.4000244140625,1825.800048828125,1822.0,1824.4000244140625,331932
2026-05-07 09:45:00,1826.800048828125,1826.800048828125,1827.199951171875,1822.699951171875,1824.4000244140625,351912
2026-05-07 09:50:00,1829.4000244140625,1829.4000244140625,1829.800048828125,1826.699951171875,1826.800048828125,243978
2026-05-07 09:55:00,1826.5999755859375,1826.5999755859375,1830.5,1826.300048828125,1829.5,197181
2026-05-08 03:45:00,1828.0,1828.0,1828.0,1815.4000244140625,1815.4000244140625,0
2026-05-08 03:50:00,1823.300048828125,1823.300048828125,1830.800048828125,1822.9000244140625,1828.300048828125,109730
2026-05-08 03:55:00,1821.0999755859375,1821.0999755859375,1824.699951171875,1820.0999755859375,1823.699951171875,59841
2026-05-08 04:00:00,1821.199951171875,1821.199951171875,1821.199951171875,1818.9000244140625,1820.800048828125,64264
2026-05-08 04:05:00,1823.5999755859375,1823.5999755859375,1823.5999755859375,1820.5999755859375,1821.0999755859375,49918
2026-05-08 04:10:00,1822.0,1822.0,1823.9000244140625,1822.0,1823.5999755859375,43551
2026-05-08 04:15:00,1818.5999755859375,1818.5999755859375,1821.5999755859375,1817.0,1821.5999755859375,60119
2026-05-08 04:20:00,1817.800048828125,1817.800048828125,1818.800048828125,1815.4000244140625,1818.5,59911
2026-05-08 04:25:00,1820.800048828125,1820.800048828125,1821.199951171875,1817.5999755859375,1817.5999755859375,37235
2026-05-08 04:30:00,1821.4000244140625,1821.4000244140625,1821.4000244140625,1819.5999755859375,1821.0,29589
2026-05-08 04:35:00,1820.5,1820.5,1823.5999755859375,1820.199951171875,1821.699951171875,31296
2026-05-08 04:40:00,1820.0,1820.0,1820.5,1818.0,1820.5,29518
2026-05-08 04:45:00,1818.199951171875,1818.199951171875,1819.9000244140625,1818.0,1819.699951171875,34722
2026-05-08 04:50:00,1821.199951171875,1821.199951171875,1821.5,1818.0999755859375,1818.0999755859375,43745
2026-05-08 04:55:00,1822.699951171875,1822.699951171875,1824.0,1820.5,1821.199951171875,37802
2026-05-08 05:00:00,1823.4000244140625,1823.4000244140625,1823.5999755859375,1822.300048828125,1822.800048828125,32341
2026-05-08 05:05:00,1824.199951171875,1824.199951171875,1824.4000244140625,1822.699951171875,1823.4000244140625,34342
2026-05-08 05:10:00,1824.800048828125,1824.800048828125,1824.800048828125,1823.5,1824.199951171875,30632
2026-05-08 05:15:00,1827.0,1827.0,1827.300048828125,1824.0,1824.800048828125,48247
2026-05-08 05:20:00,1827.9000244140625,1827.9000244140625,1828.5,1826.300048828125,1827.0,45662
2026-05-08 05:25:00,1825.800048828125,1825.800048828125,1829.0,1825.800048828125,1827.800048828125,42821
2026-05-08 05:30:00,1829.5,1829.5,1830.0,1825.800048828125,1826.300048828125,64746
2026-05-08 05:35:00,1828.699951171875,1828.699951171875,1830.300048828125,1828.5999755859375,1829.0,102085
2026-05-08 05:40:00,1827.300048828125,1827.300048828125,1829.199951171875,1826.5,1829.199951171875,23250
2026-05-08 05:45:00,1826.0999755859375,1826.0999755859375,1827.5999755859375,1825.699951171875,1827.5999755859375,19026
2026-05-08 05:50:00,1823.0,1823.0,1826.0999755859375,1822.9000244140625,1826.0999755859375,24657
2026-05-08 05:55:00,1823.0999755859375,1823.0999755859375,1824.0999755859375,1822.199951171875,1823.300048828125,88223
2026-05-08 06:00:00,1825.199951171875,1825.199951171875,1825.5,1822.699951171875,1823.4000244140625,76159
2026-05-08 06:05:00,1825.0,1825.0,1825.199951171875,1824.5,1825.199951171875,43222
2026-05-08 06:10:00,1823.5,1823.5,1825.5,1823.0999755859375,1825.199951171875,56752
2026-05-08 06:15:00,1824.199951171875,1824.199951171875,1824.699951171875,1823.0,1823.4000244140625,45896
2026-05-08 06:20:00,1825.699951171875,1825.699951171875,1826.0999755859375,1823.0,1824.0999755859375,70510
2026-05-08 06:25:00,1826.4000244140625,1826.4000244140625,1827.199951171875,1825.5,1825.699951171875,42394
2026-05-08 06:30:00,1831.4000244140625,1831.4000244140625,1832.0,1826.4000244140625,1826.5,58937
2026-05-08 06:35:00,1832.0999755859375,1832.0999755859375,1832.9000244140625,1831.0,1831.5,51244
2026-05-08 06:40:00,1834.699951171875,1834.699951171875,1835.0,1831.699951171875,1832.0999755859375,60537
2026-05-08 06:45:00,1838.5,1838.5,1838.5,1834.0,1834.699951171875,77768
2026-05-08 06:50:00,1835.5,1835.5,1839.800048828125,1835.5,1838.4000244140625,65923
2026-05-08 06:55:00,1836.300048828125,1836.300048828125,1837.9000244140625,1835.5,1835.5,27810
2026-05-08 07:00:00,1837.5,1837.5,1838.0,1835.4000244140625,1836.4000244140625,68982
2026-05-08 07:05:00,1836.5,1836.5,1837.5999755859375,1835.5,1836.699951171875,59583
2026-05-08 07:10:00,1835.4000244140625,1835.4000244140625,1837.0,1835.4000244140625,1836.5999755859375,29735
2026-05-08 07:15:00,1835.0999755859375,1835.0999755859375,1836.0,1835.0,1835.699951171875,32108
2026-05-08 07:20:00,1835.199951171875,1835.199951171875,1835.199951171875,1834.0,1835.0,43923
2026-05-08 07:25:00,1835.0999755859375,1835.0999755859375,1835.699951171875,1834.4000244140625,1835.199951171875,29617
2026-05-08 07:30:00,1837.800048828125,1837.800048828125,1839.0,1835.0999755859375,1835.0999755859375,47468
2026-05-08 07:35:00,1838.4000244140625,1838.4000244140625,1839.0,1837.0,1838.199951171875,33120
2026-05-08 07:40:00,1838.4000244140625,1838.4000244140625,1839.4000244140625,1837.300048828125,1838.4000244140625,42165
2026-05-08 07:45:00,1838.699951171875,1838.699951171875,1839.5,1837.9000244140625,1838.4000244140625,51705
2026-05-08 07:50:00,1838.0999755859375,1838.0999755859375,1839.5999755859375,1837.300048828125,1838.699951171875,64777
2026-05-08 07:55:00,1839.300048828125,1839.300048828125,1839.5,1837.9000244140625,1838.0999755859375,29820
2026-05-08 08:00:00,1840.199951171875,1840.199951171875,1840.800048828125,1837.9000244140625,1839.300048828125,52434
2026-05-08 08:05:00,1838.9000244140625,1838.9000244140625,1840.199951171875,1838.5999755859375,1840.199951171875,37417
2026-05-08 08:10:00,1834.800048828125,1834.800048828125,1839.300048828125,1834.5999755859375,1838.9000244140625,56243
2026-05-08 08:15:00,1834.5999755859375,1834.5999755859375,1835.300048828125,1833.9000244140625,1834.699951171875,49142
2026-05-08 08:20:00,1834.300048828125,1834.300048828125,1835.300048828125,1832.0999755859375,1834.4000244140625,59964
2026-05-08 08:25:00,1832.5999755859375,1832.5999755859375,1835.4000244140625,1832.0999755859375,1834.300048828125,73564
2026-05-08 08:30:00,1833.800048828125,1833.800048828125,1834.699951171875,1832.199951171875,1832.699951171875,46734
2026-05-08 08:35:00,1835.300048828125,1835.300048828125,1836.0,1833.199951171875,1833.9000244140625,55178
2026-05-08 08:40:00,1834.0,1834.0,1836.4000244140625,1834.0,1835.199951171875,54343
2026-05-08 08:45:00,1834.4000244140625,1834.4000244140625,1835.300048828125,1833.4000244140625,1834.300048828125,47848
2026-05-08 08:50:00,1834.0,1834.0,1835.199951171875,1832.800048828125,1834.800048828125,74480
2026-05-08 08:55:00,1836.199951171875,1836.199951171875,1836.199951171875,1832.9000244140625,1833.9000244140625,61598
2026-05-08 09:00:00,1836.800048828125,1836.800048828125,1838.300048828125,1835.699951171875,1836.0999755859375,65892
2026-05-08 09:05:00,1838.0,1838.0,1839.5,1836.0,1836.4000244140625,75361
2026-05-08 09:10:00,1838.0999755859375,1838.0999755859375,1838.9000244140625,1836.800048828125,1838.0,52842
2026-05-08 09:15:00,1838.4000244140625,1838.4000244140625,1839.300048828125,1837.5,1837.9000244140625,59517
2026-05-08 09:20:00,1837.5,1837.5,1838.4000244140625,1836.9000244140625,1838.4000244140625,49632
2026-05-08 09:25:00,1837.699951171875,1837.699951171875,1839.0,1836.800048828125,1837.800048828125,58596
2026-05-08 09:30:00,1835.9000244140625,1835.9000244140625,1837.5,1834.5,1837.5,141473
2026-05-08 09:35:00,1834.800048828125,1834.800048828125,1836.0999755859375,1834.699951171875,1835.800048828125,128692
2026-05-08 09:40:00,1834.4000244140625,1834.4000244140625,1835.199951171875,1833.5999755859375,1834.800048828125,144997
2026-05-08 09:45:00,1835.300048828125,1835.300048828125,1836.5,1834.300048828125,1834.4000244140625,156002
2026-05-08 09:50:00,1834.300048828125,1834.300048828125,1835.300048828125,1832.199951171875,1835.199951171875,228814
2026-05-08 09:55:00,1834.699951171875,1834.699951171875,1835.5999755859375,1830.0,1834.4000244140625,177754
2026-05-11 03:45:00,1803.699951171875,1803.699951171875,1817.5999755859375,1801.5,1815.0,0
2026-05-11 03:50:00,1800.5,1800.5,1804.0,1796.300048828125,1803.699951171875,363463
2026-05-11 03:55:00,1799.199951171875,1799.199951171875,1801.4000244140625,1798.699951171875,1800.800048828125,99753
2026-05-11 04:00:00,1792.800048828125,1792.800048828125,1799.5,1792.5999755859375,1799.4000244140625,151186
2026-05-11 04:05:00,1789.0,1789.0,1793.0,1787.0,1793.0,118447
2026-05-11 04:10:00,1785.699951171875,1785.699951171875,1791.699951171875,1784.800048828125,1789.0,193802
2026-05-11 04:15:00,1784.199951171875,1784.199951171875,1787.0,1782.0,1787.0,109558
2026-05-11 04:20:00,1783.300048828125,1783.300048828125,1785.5,1782.300048828125,1784.300048828125,112932
2026-05-11 04:25:00,1781.199951171875,1781.199951171875,1784.9000244140625,1780.0999755859375,1783.300048828125,101346
2026-05-11 04:30:00,1779.0999755859375,1779.0999755859375,1783.800048828125,1778.300048828125,1781.199951171875,99529
2026-05-11 04:35:00,1782.300048828125,1782.300048828125,1785.4000244140625,1778.0,1778.9000244140625,121486
2026-05-11 04:40:00,1783.5,1783.5,1784.9000244140625,1780.0,1782.300048828125,116290
2026-05-11 04:45:00,1777.4000244140625,1777.4000244140625,1785.0,1777.4000244140625,1783.5,245948
2026-05-11 04:50:00,1778.699951171875,1778.699951171875,1780.0,1776.800048828125,1777.9000244140625,191849
2026-05-11 04:55:00,1780.0,1780.0,1780.0,1777.800048828125,1778.5,426814
2026-05-11 05:00:00,1776.300048828125,1776.300048828125,1780.0,1776.199951171875,1779.9000244140625,137690
2026-05-11 05:05:00,1773.9000244140625,1773.9000244140625,1778.199951171875,1773.0999755859375,1776.5,183015
2026-05-11 05:10:00,1773.800048828125,1773.800048828125,1777.300048828125,1773.0999755859375,1773.9000244140625,156856
2026-05-11 05:15:00,1771.9000244140625,1771.9000244140625,1774.800048828125,1770.699951171875,1773.800048828125,110588
2026-05-11 05:20:00,1766.9000244140625,1766.9000244140625,1772.5999755859375,1765.699951171875,1771.9000244140625,135799
2026-05-11 05:25:00,1761.5999755859375,1761.5999755859375,1767.5,1761.0,1767.5,799008
2026-05-11 05:30:00,1762.5999755859375,1762.5999755859375,1764.0,1757.199951171875,1761.800048828125,875937
2026-05-11 05:35:00,1762.5999755859375,1762.5999755859375,1762.9000244140625,1758.4000244140625,1762.0999755859375,166444
2026-05-11 05:40:00,1763.9000244140625,1763.9000244140625,1766.199951171875,1762.199951171875,1762.699951171875,100016
2026-05-11 05:45:00,1762.800048828125,1762.800048828125,1766.9000244140625,1761.5999755859375,1763.800048828125,771776
2026-05-11 05:50:00,1763.0,1763.0,1765.9000244140625,1760.0999755859375,1762.5999755859375,307269
2026-05-11 05:55:00,1764.9000244140625,1764.9000244140625,1765.5999755859375,1762.5,1762.9000244140625,358276
2026-05-11 06:00:00,1770.0,1770.0,1770.800048828125,1764.0,1764.800048828125,406782
2026-05-11 06:05:00,1770.699951171875,1770.699951171875,1773.0,1768.300048828125,1770.5999755859375,300614
2026-05-11 06:10:00,1767.699951171875,1767.699951171875,1770.9000244140625,1767.699951171875,1770.9000244140625,99002
2026-05-11 06:15:00,1767.199951171875,1767.199951171875,1770.800048828125,1767.0,1767.699951171875,189977
2026-05-11 06:20:00,1766.5,1766.5,1768.4000244140625,1765.0999755859375,1767.199951171875,108271
2026-05-11 06:25:00,1764.4000244140625,1764.4000244140625,1767.300048828125,1764.0,1766.5,96045
2026-05-11 06:30:00,1762.699951171875,1762.699951171875,1764.699951171875,1762.0999755859375,1764.699951171875,87643
2026-05-11 06:35:00,1765.0999755859375,1765.0999755859375,1765.5999755859375,1762.5,1762.800048828125,104869
2026-05-11 06:40:00,1762.5,1762.5,1765.4000244140625,1762.199951171875,1765.0,85436
2026-05-11 06:45:00,1763.5,1763.5,1764.0,1762.4000244140625,1762.5,104411
2026-05-11 06:50:00,1763.0999755859375,1763.0999755859375,1764.0,1762.5999755859375,1763.4000244140625,109143
2026-05-11 06:55:00,1762.300048828125,1762.300048828125,1763.0999755859375,1761.699951171875,1763.0,115150
2026-05-11 07:00:00,1762.9000244140625,1762.9000244140625,1762.9000244140625,1761.199951171875,1762.199951171875,113711
2026-05-11 07:05:00,1763.5,1763.5,1764.9000244140625,1761.5,1762.9000244140625,105731
2026-05-11 07:10:00,1764.699951171875,1764.699951171875,1765.800048828125,1763.0,1764.300048828125,84183
2026-05-11 07:15:00,1764.0,1764.0,1765.0,1763.5999755859375,1764.5,91052
2026-05-11 07:20:00,1762.5999755859375,1762.5999755859375,1763.800048828125,1762.0999755859375,1763.800048828125,97692
2026-05-11 07:25:00,1765.0,1765.0,1766.199951171875,1762.0,1762.5999755859375,110933
2026-05-11 07:30:00,1763.699951171875,1763.699951171875,1765.0999755859375,1763.4000244140625,1765.0999755859375,80658
2026-05-11 07:35:00,1767.5999755859375,1767.5999755859375,1770.0,1763.300048828125,1763.5999755859375,187186
2026-05-11 07:40:00,1769.0999755859375,1769.0999755859375,1770.800048828125,1766.0,1768.800048828125,357538
2026-05-11 07:45:00,1769.199951171875,1769.199951171875,1769.800048828125,1767.0,1768.9000244140625,146327
2026-05-11 07:50:00,1774.9000244140625,1774.9000244140625,1775.0,1768.5999755859375,1769.199951171875,359071
2026-05-11 07:55:00,1775.5,1775.5,1776.0999755859375,1772.0999755859375,1775.0,188226
2026-05-11 08:00:00,1774.0,1774.0,1776.0,1773.0,1775.300048828125,113843
2026-05-11 08:05:00,1774.0999755859375,1774.0999755859375,1775.5,1774.0,1774.199951171875,121063
2026-05-11 08:10:00,1773.0,1773.0,1774.5,1773.0,1774.0999755859375,146872
2026-05-11 08:15:00,1772.800048828125,1772.800048828125,1775.5999755859375,1772.199951171875,1773.0,160089
2026-05-11 08:20:00,1775.0999755859375,1775.0999755859375,1775.5,1772.0,1772.800048828125,118431
2026-05-11 08:25:00,1773.800048828125,1773.800048828125,1775.4000244140625,1773.4000244140625,1775.300048828125,102165
2026-05-11 08:30:00,1772.5999755859375,1772.5999755859375,1774.5999755859375,1772.199951171875,1773.9000244140625,88700
2026-05-11 08:35:00,1771.0999755859375,1771.0999755859375,1773.0,1769.4000244140625,1772.699951171875,190445
2026-05-11 08:40:00,1768.0999755859375,1768.0999755859375,1771.800048828125,1767.9000244140625,1771.199951171875,106670
2026-05-11 08:45:00,1766.800048828125,1766.800048828125,1769.0,1765.4000244140625,1768.0,115543
2026-05-11 08:50:00,1768.0999755859375,1768.0999755859375,1770.300048828125,1766.5,1767.0,132088
2026-05-11 08:55:00,1766.9000244140625,1766.9000244140625,1768.4000244140625,1765.0999755859375,1768.0999755859375,154717
2026-05-11 09:00:00,1765.0,1765.0,1767.699951171875,1763.0999755859375,1766.9000244140625,182326
2026-05-11 09:05:00,1765.300048828125,1765.300048828125,1766.5999755859375,1763.9000244140625,1765.0,104719
2026-05-11 09:10:00,1764.4000244140625,1764.4000244140625,1765.5999755859375,1762.300048828125,1765.300048828125,167427
2026-05-11 09:15:00,1764.199951171875,1764.199951171875,1765.800048828125,1763.199951171875,1764.300048828125,165704
2026-05-11 09:20:00,1765.300048828125,1765.300048828125,1766.800048828125,1763.699951171875,1764.300048828125,322429
2026-05-11 09:25:00,1760.800048828125,1760.800048828125,1765.300048828125,1760.800048828125,1765.300048828125,159947
2026-05-11 09:30:00,1757.699951171875,1757.699951171875,1760.9000244140625,1756.699951171875,1760.9000244140625,387859
2026-05-11 09:35:00,1758.5999755859375,1758.5999755859375,1759.0999755859375,1756.699951171875,1757.5999755859375,433715
2026-05-11 09:40:00,1756.4000244140625,1756.4000244140625,1758.800048828125,1756.0999755859375,1758.5999755859375,345232
2026-05-11 09:45:00,1761.5,1761.5,1763.699951171875,1756.0999755859375,1756.199951171875,472242
2026-05-11 09:50:00,1763.4000244140625,1763.4000244140625,1764.800048828125,1760.5999755859375,1761.9000244140625,357401
2026-05-11 09:55:00,1764.9000244140625,1764.9000244140625,1766.0,1762.4000244140625,1763.300048828125,348754
2026-05-12 03:45:00,1759.300048828125,1759.300048828125,1766.0999755859375,1753.5,1758.0999755859375,0
2026-05-12 03:50:00,1772.800048828125,1772.800048828125,1774.9000244140625,1759.5999755859375,1759.5999755859375,766862
2026-05-12 03:55:00,1770.699951171875,1770.699951171875,1773.0,1769.199951171875,1771.800048828125,198087
2026-05-12 04:00:00,1770.5999755859375,1770.5999755859375,1771.5,1768.699951171875,1770.5999755859375,228472
2026-05-12 04:05:00,1763.300048828125,1763.300048828125,1770.5999755859375,1762.4000244140625,1770.5999755859375,145372
2026-05-12 04:10:00,1762.0,1762.0,1765.5999755859375,1762.0,1763.300048828125,119163
2026-05-12 04:15:00,1763.300048828125,1763.300048828125,1765.300048828125,1761.800048828125,1762.300048828125,97137
2026-05-12 04:20:00,1766.199951171875,1766.199951171875,1766.9000244140625,1762.800048828125,1763.5999755859375,149153
2026-05-12 04:25:00,1766.800048828125,1766.800048828125,1768.5,1765.0,1766.199951171875,83226
2026-05-12 04:30:00,1766.800048828125,1766.800048828125,1767.800048828125,1765.9000244140625,1767.0999755859375,50072
2026-05-12 04:35:00,1769.800048828125,1769.800048828125,1769.9000244140625,1766.0,1766.5999755859375,87417
2026-05-12 04:40:00,1770.0,1770.0,1770.0999755859375,1768.199951171875,1770.0,85101
2026-05-12 04:45:00,1770.0,1770.0,1771.0,1769.199951171875,1769.9000244140625,97441
2026-05-12 04:50:00,1770.5,1770.5,1772.5,1769.699951171875,1769.800048828125,131414
2026-05-12 04:55:00,1770.5999755859375,1770.5999755859375,1770.5999755859375,1768.800048828125,1770.5,89138
2026-05-12 05:00:00,1772.5,1772.5,1773.0999755859375,1770.300048828125,1770.5999755859375,232917
2026-05-12 05:05:00,1767.0999755859375,1767.0999755859375,1773.199951171875,1766.0,1772.4000244140625,402090
2026-05-12 05:10:00,1766.5,1766.5,1767.5,1765.0999755859375,1767.0999755859375,114803
2026-05-12 05:15:00,1764.300048828125,1764.300048828125,1766.4000244140625,1763.800048828125,1766.300048828125,68178
2026-05-12 05:20:00,1765.300048828125,1765.300048828125,1765.4000244140625,1763.9000244140625,1764.5999755859375,104073
2026-05-12 05:25:00,1770.800048828125,1770.800048828125,1771.0,1765.199951171875,1765.199951171875,82770
2026-05-12 05:30:00,1772.0,1772.0,1772.4000244140625,1769.5,1770.9000244140625,117885
2026-05-12 05:35:00,1774.199951171875,1774.199951171875,1774.4000244140625,1770.300048828125,1772.0,102451
2026-05-12 05:40:00,1772.699951171875,1772.699951171875,1774.4000244140625,1772.0,1774.199951171875,63346
2026-05-12 05:45:00,1770.0,1770.0,1776.300048828125,1769.5,1772.699951171875,245290
2026-05-12 05:50:00,1772.0999755859375,1772.0999755859375,1773.199951171875,1768.300048828125,1770.0,174096
2026-05-12 05:55:00,1774.199951171875,1774.199951171875,1775.0,1772.699951171875,1772.699951171875,110466
2026-05-12 06:00:00,1774.0,1774.0,1775.4000244140625,1769.5,1773.800048828125,333143
2026-05-12 06:05:00,1771.5,1771.5,1774.0,1770.4000244140625,1773.5999755859375,180366
2026-05-12 06:10:00,1770.0,1770.0,1772.300048828125,1770.0,1771.5,72296
2026-05-12 06:15:00,1771.300048828125,1771.300048828125,1771.9000244140625,1769.5999755859375,1770.0,73946
2026-05-12 06:20:00,1771.5999755859375,1771.5999755859375,1772.0,1770.5999755859375,1771.5,39080
2026-05-12 06:25:00,1770.0,1770.0,1771.5,1769.5,1771.5,37557
2026-05-12 06:30:00,1768.5999755859375,1768.5999755859375,1770.0,1768.199951171875,1770.0,39100
2026-05-12 06:35:00,1767.0,1767.0,1770.5,1767.0,1768.5999755859375,47164
2026-05-12 06:40:00,1769.9000244140625,1769.9000244140625,1771.300048828125,1766.5,1767.5,51426
2026-05-12 06:45:00,1768.800048828125,1768.800048828125,1770.5,1768.800048828125,1769.800048828125,48194
2026-05-12 06:50:00,1769.4000244140625,1769.4000244140625,1769.5999755859375,1767.300048828125,1769.0,97891
2026-05-12 06:55:00,1767.5,1767.5,1769.5,1767.5,1769.5,41023
2026-05-12 07:00:00,1764.0999755859375,1764.0999755859375,1767.9000244140625,1764.0,1767.9000244140625,73961
2026-05-12 07:05:00,1764.199951171875,1764.199951171875,1765.300048828125,1763.800048828125,1764.300048828125,51316
2026-05-12 07:10:00,1766.199951171875,1766.199951171875,1766.800048828125,1763.800048828125,1764.199951171875,91987
2026-05-12 07:15:00,1765.800048828125,1765.800048828125,1766.5,1765.699951171875,1765.9000244140625,48777
2026-05-12 07:20:00,1764.199951171875,1764.199951171875,1766.0999755859375,1764.199951171875,1765.800048828125,65264
2026-05-12 07:25:00,1764.5999755859375,1764.5999755859375,1766.0999755859375,1764.0999755859375,1764.0999755859375,103077
2026-05-12 07:30:00,1765.4000244140625,1765.4000244140625,1766.0999755859375,1764.0999755859375,1764.5999755859375,96379
2026-05-12 07:35:00,1762.199951171875,1762.199951171875,1766.4000244140625,1762.0,1765.5999755859375,96326
2026-05-12 07:40:00,1763.199951171875,1763.199951171875,1764.699951171875,1761.800048828125,1762.300048828125,101571
2026-05-12 07:45:00,1761.699951171875,1761.699951171875,1765.9000244140625,1761.199951171875,1763.199951171875,226313
2026-05-12 07:50:00,1762.800048828125,1762.800048828125,1763.0999755859375,1761.4000244140625,1761.800048828125,79022
2026-05-12 07:55:00,1759.0,1759.0,1762.800048828125,1758.9000244140625,1762.800048828125,352879
2026-05-12 08:00:00,1760.800048828125,1760.800048828125,1762.9000244140625,1758.5,1759.4000244140625,106321
2026-05-12 08:05:00,1760.800048828125,1760.800048828125,1762.0,1760.0,1760.699951171875,70463
2026-05-12 08:10:00,1761.300048828125,1761.300048828125,1761.9000244140625,1760.5999755859375,1760.800048828125,115535
2026-05-12 08:15:00,1762.0,1762.0,1762.199951171875,1761.0999755859375,1761.300048828125,88070
2026-05-12 08:20:00,1760.0,1760.0,1762.0,1760.0,1762.0,90824
2026-05-12 08:25:00,1765.5999755859375,1765.5999755859375,1766.0,1760.0,1760.0,126241
2026-05-12 08:30:00,1764.9000244140625,1764.9000244140625,1765.699951171875,1762.5,1765.699951171875,120402
2026-05-12 08:35:00,1762.699951171875,1762.699951171875,1764.9000244140625,1760.9000244140625,1764.9000244140625,135110
2026-05-12 08:40:00,1761.9000244140625,1761.9000244140625,1762.800048828125,1760.5999755859375,1762.800048828125,91172
2026-05-12 08:45:00,1762.0,1762.0,1762.9000244140625,1761.199951171875,1761.9000244140625,74926
2026-05-12 08:50:00,1763.800048828125,1763.800048828125,1764.5999755859375,1760.699951171875,1762.0,93175
2026-05-12 08:55:00,1762.4000244140625,1762.4000244140625,1763.800048828125,1760.5,1763.800048828125,77439
2026-05-12 09:00:00,1758.9000244140625,1758.9000244140625,1762.5999755859375,1758.800048828125,1762.4000244140625,120288
2026-05-12 09:05:00,1760.9000244140625,1760.9000244140625,1761.199951171875,1758.699951171875,1759.0,112501
2026-05-12 09:10:00,1761.9000244140625,1761.9000244140625,1761.9000244140625,1760.0999755859375,1760.9000244140625,93901
2026-05-12 09:15:00,1761.199951171875,1761.199951171875,1762.5999755859375,1760.9000244140625,1761.5999755859375,200680
2026-05-12 09:20:00,1756.800048828125,1756.800048828125,1761.300048828125,1756.800048828125,1761.0999755859375,168058
2026-05-12 09:25:00,1759.4000244140625,1759.4000244140625,1759.5999755859375,1753.699951171875,1756.800048828125,144329
2026-05-12 09:30:00,1757.5999755859375,1757.5999755859375,1759.9000244140625,1756.0,1759.300048828125,500654
2026-05-12 09:35:00,1755.199951171875,1755.199951171875,1758.4000244140625,1754.300048828125,1757.199951171875,592535
2026-05-12 09:40:00,1755.4000244140625,1755.4000244140625,1757.300048828125,1753.0,1755.199951171875,615637
2026-05-12 09:45:00,1757.199951171875,1757.199951171875,1757.9000244140625,1754.5,1755.4000244140625,443673
2026-05-12 09:50:00,1759.699951171875,1759.699951171875,1760.5,1757.0,1757.300048828125,284268
2026-05-12 09:55:00,1762.300048828125,1762.300048828125,1763.0,1758.9000244140625,1759.9000244140625,209563
2026-05-13 03:45:00,1757.5999755859375,1757.5999755859375,1763.5999755859375,1754.4000244140625,1755.9000244140625,0
2026-05-13 03:50:00,1757.0,1757.0,1759.0999755859375,1752.300048828125,1757.699951171875,138878
2026-05-13 03:55:00,1754.4000244140625,1754.4000244140625,1760.0,1754.0999755859375,1758.300048828125,193788
2026-05-13 04:00:00,1753.300048828125,1753.300048828125,1758.5999755859375,1753.300048828125,1755.699951171875,55195
2026-05-13 04:05:00,1748.199951171875,1748.199951171875,1755.5999755859375,1745.0999755859375,1753.5999755859375,119544
2026-05-13 04:10:00,1759.0,1759.0,1759.199951171875,1747.4000244140625,1749.300048828125,333333
2026-05-13 04:15:00,1757.800048828125,1757.800048828125,1760.199951171875,1756.699951171875,1758.5999755859375,170012
2026-05-13 04:20:00,1773.9000244140625,1773.9000244140625,1775.0999755859375,1757.0999755859375,1757.199951171875,141534
2026-05-13 04:25:00,1780.0,1780.0,1780.699951171875,1772.0,1774.0999755859375,241028
2026-05-13 04:30:00,1776.9000244140625,1776.9000244140625,1780.0999755859375,1774.5999755859375,1780.0999755859375,113606
2026-05-13 04:35:00,1781.4000244140625,1781.4000244140625,1782.0,1776.4000244140625,1776.9000244140625,89243
2026-05-13 04:40:00,1785.5,1785.5,1785.9000244140625,1779.5,1781.5999755859375,155998
2026-05-13 04:45:00,1790.9000244140625,1790.9000244140625,1792.199951171875,1783.5,1785.4000244140625,437102
2026-05-13 04:50:00,1784.5999755859375,1784.5999755859375,1790.9000244140625,1783.0,1790.699951171875,337072
2026-05-13 04:55:00,1783.5999755859375,1783.5999755859375,1787.0999755859375,1782.5999755859375,1784.9000244140625,175027
2026-05-13 05:00:00,1786.0,1786.0,1786.699951171875,1782.5999755859375,1783.5999755859375,73374
2026-05-13 05:05:00,1779.0,1779.0,1786.0,1778.0999755859375,1786.0,119822
2026-05-13 05:10:00,1785.0999755859375,1785.0999755859375,1785.5,1779.300048828125,1779.5,123180
2026-05-13 05:15:00,1785.0999755859375,1785.0999755859375,1786.699951171875,1785.0,1785.0,63808
2026-05-13 05:20:00,1783.0999755859375,1783.0999755859375,1786.5,1783.0999755859375,1785.0999755859375,183448
2026-05-13 05:25:00,1778.0999755859375,1778.0999755859375,1783.0,1777.9000244140625,1783.0,64023
2026-05-13 05:30:00,1779.699951171875,1779.699951171875,1781.699951171875,1776.800048828125,1778.0999755859375,168270
2026-05-13 05:35:00,1781.5999755859375,1781.5999755859375,1781.699951171875,1778.800048828125,1779.5,80287
2026-05-13 05:40:00,1783.300048828125,1783.300048828125,1783.300048828125,1779.5,1781.5999755859375,77543
2026-05-13 05:45:00,1785.0999755859375,1785.0999755859375,1785.5,1782.5,1783.5,141746
2026-05-13 05:50:00,1782.800048828125,1782.800048828125,1785.300048828125,1782.300048828125,1785.0999755859375,80304
2026-05-13 05:55:00,1781.199951171875,1781.199951171875,1783.4000244140625,1780.300048828125,1783.0,95909
2026-05-13 06:00:00,1779.199951171875,1779.199951171875,1781.9000244140625,1778.0,1781.199951171875,59659
2026-05-13 06:05:00,1782.5999755859375,1782.5999755859375,1783.300048828125,1778.699951171875,1779.300048828125,84855
2026-05-13 06:10:00,1783.0,1783.0,1785.0,1781.5,1782.5,54280
2026-05-13 06:15:00,1781.0999755859375,1781.0999755859375,1783.4000244140625,1781.0999755859375,1783.0,130458
2026-05-13 06:20:00,1780.5,1780.5,1781.800048828125,1780.0,1781.199951171875,72914
2026-05-13 06:25:00,1780.0,1780.0,1781.4000244140625,1779.800048828125,1780.5,99994
2026-05-13 06:30:00,1779.800048828125,1779.800048828125,1780.9000244140625,1779.800048828125,1780.0,77408
2026-05-13 06:35:00,1779.4000244140625,1779.4000244140625,1780.0,1778.5,1779.800048828125,37248
2026-05-13 06:40:00,1779.699951171875,1779.699951171875,1780.0999755859375,1778.5,1779.5,77173
2026-05-13 06:45:00,1778.300048828125,1778.300048828125,1780.0,1776.9000244140625,1779.5999755859375,35745
2026-05-13 06:50:00,1778.5999755859375,1778.5999755859375,1779.199951171875,1777.5,1778.300048828125,65162
2026-05-13 06:55:00,1778.800048828125,1778.800048828125,1779.5,1778.5,1778.5,47237
2026-05-13 07:00:00,1781.5,1781.5,1781.5,1778.800048828125,1778.9000244140625,75032
2026-05-13 07:05:00,1783.199951171875,1783.199951171875,1784.199951171875,1779.0999755859375,1781.4000244140625,148306
2026-05-13 07:10:00,1780.300048828125,1780.300048828125,1783.0999755859375,1778.5,1783.0999755859375,78524
2026-05-13 07:15:00,1780.5999755859375,1780.5999755859375,1780.9000244140625,1779.199951171875,1780.0999755859375,43529
2026-05-13 07:20:00,1784.4000244140625,1784.4000244140625,1785.0,1780.5,1780.5,318832
2026-05-13 07:25:00,1787.300048828125,1787.300048828125,1787.300048828125,1784.5,1785.0,124241
2026-05-13 07:30:00,1784.9000244140625,1784.9000244140625,1787.5999755859375,1784.0,1787.5,67609
2026-05-13 07:35:00,1784.4000244140625,1784.4000244140625,1786.300048828125,1783.5999755859375,1784.5,92866
2026-05-13 07:40:00,1783.5,1783.5,1784.800048828125,1783.300048828125,1784.300048828125,44276
2026-05-13 07:45:00,1782.0999755859375,1782.0999755859375,1784.0999755859375,1781.300048828125,1784.0999755859375,46258
2026-05-13 07:50:00,1783.5999755859375,1783.5999755859375,1784.699951171875,1781.699951171875,1781.699951171875,65539
2026-05-13 07:55:00,1783.0999755859375,1783.0999755859375,1784.199951171875,1782.199951171875,1783.5,47167
2026-05-13 08:00:00,1783.5999755859375,1783.5999755859375,1784.5,1782.9000244140625,1782.9000244140625,65036
2026-05-13 08:05:00,1783.5,1783.5,1783.800048828125,1782.800048828125,1783.5999755859375,43955
2026-05-13 08:10:00,1786.0,1786.0,1788.0999755859375,1783.5,1783.5,94733
2026-05-13 08:15:00,1786.5999755859375,1786.5999755859375,1787.0999755859375,1785.0,1785.9000244140625,65617
2026-05-13 08:20:00,1786.5999755859375,1786.5999755859375,1788.0,1786.199951171875,1786.199951171875,100317
2026-05-13 08:25:00,1783.5,1783.5,1786.5999755859375,1782.5,1786.5999755859375,45454
2026-05-13 08:30:00,1783.699951171875,1783.699951171875,1785.0,1782.0,1783.5,69538
2026-05-13 08:35:00,1787.0999755859375,1787.0999755859375,1788.0,1783.5,1783.800048828125,86757
2026-05-13 08:40:00,1787.699951171875,1787.699951171875,1788.5,1785.5,1787.300048828125,82495
2026-05-13 08:45:00,1787.199951171875,1787.199951171875,1788.199951171875,1786.800048828125,1787.800048828125,63014
2026-05-13 08:50:00,1790.699951171875,1790.699951171875,1790.699951171875,1786.800048828125,1786.800048828125,109525
2026-05-13 08:55:00,1791.5999755859375,1791.5999755859375,1791.800048828125,1789.0,1790.4000244140625,98867
2026-05-13 09:00:00,1791.0,1791.0,1791.800048828125,1789.9000244140625,1791.699951171875,78070
2026-05-13 09:05:00,1793.199951171875,1793.199951171875,1793.4000244140625,1790.4000244140625,1791.5999755859375,134477
2026-05-13 09:10:00,1790.800048828125,1790.800048828125,1794.199951171875,1790.800048828125,1793.5999755859375,163414
2026-05-13 09:15:00,1796.9000244140625,1796.9000244140625,1797.0,1790.5,1791.5,200235
2026-05-13 09:20:00,1795.0,1795.0,1798.0,1794.199951171875,1796.9000244140625,116949
2026-05-13 09:25:00,1795.0999755859375,1795.0999755859375,1795.5999755859375,1793.199951171875,1795.5999755859375,97849
2026-05-13 09:30:00,1788.9000244140625,1788.9000244140625,1794.4000244140625,1787.5999755859375,1794.4000244140625,289116
2026-05-13 09:35:00,1790.4000244140625,1790.4000244140625,1791.0,1786.0,1789.199951171875,341213
2026-05-13 09:40:00,1790.9000244140625,1790.9000244140625,1791.199951171875,1788.699951171875,1790.5,266327
2026-05-13 09:45:00,1788.5999755859375,1788.5999755859375,1791.4000244140625,1788.5999755859375,1790.800048828125,263313
2026-05-13 09:50:00,1790.699951171875,1790.699951171875,1791.5999755859375,1788.0999755859375,1788.699951171875,256327
2026-05-13 09:55:00,1789.199951171875,1789.199951171875,1793.0,1781.199951171875,1790.699951171875,352141
2026-05-14 03:45:00,1805.300048828125,1805.300048828125,1817.699951171875,1799.800048828125,1814.9000244140625,0
2026-05-14 03:50:00,1802.800048828125,1802.800048828125,1808.0,1798.300048828125,1805.0,696848
2026-05-14 03:55:00,1805.0,1805.0,1807.5999755859375,1802.300048828125,1802.5999755859375,327262
2026-05-14 04:00:00,1809.5999755859375,1809.5999755859375,1811.0999755859375,1804.0999755859375,1805.0999755859375,339910
2026-05-14 04:05:00,1810.800048828125,1810.800048828125,1814.0,1809.300048828125,1809.5999755859375,321094
2026-05-14 04:10:00,1810.199951171875,1810.199951171875,1810.9000244140625,1807.0999755859375,1810.199951171875,286740
2026-05-14 04:15:00,1823.300048828125,1823.300048828125,1823.4000244140625,1810.199951171875,1810.199951171875,424635
2026-05-14 04:20:00,1825.300048828125,1825.300048828125,1832.199951171875,1823.0999755859375,1823.199951171875,447672
2026-05-14 04:25:00,1826.0,1826.0,1826.699951171875,1822.5,1825.4000244140625,225726
2026-05-14 04:30:00,1829.0,1829.0,1830.0999755859375,1825.199951171875,1826.0,230699
2026-05-14 04:35:00,1828.5,1828.5,1830.0999755859375,1825.300048828125,1828.9000244140625,112743
2026-05-14 04:40:00,1823.5999755859375,1823.5999755859375,1828.699951171875,1822.5,1828.199951171875,136266
2026-05-14 04:45:00,1824.5999755859375,1824.5999755859375,1826.5999755859375,1822.5,1823.699951171875,117653
2026-05-14 04:50:00,1827.5,1827.5,1827.5,1823.699951171875,1824.5999755859375,149630
2026-05-14 04:55:00,1830.800048828125,1830.800048828125,1831.0,1827.300048828125,1827.5,183136
2026-05-14 05:00:00,1831.9000244140625,1831.9000244140625,1833.5,1830.699951171875,1830.9000244140625,139078
2026-05-14 05:05:00,1832.5999755859375,1832.5999755859375,1834.5999755859375,1831.4000244140625,1832.0,182247
2026-05-14 05:10:00,1833.300048828125,1833.300048828125,1833.5,1830.800048828125,1833.0,104185
2026-05-14 05:15:00,1830.300048828125,1830.300048828125,1833.300048828125,1829.300048828125,1833.300048828125,138146
2026-05-14 05:20:00,1833.0999755859375,1833.0999755859375,1833.5,1828.699951171875,1830.800048828125,135445
2026-05-14 05:25:00,1833.0999755859375,1833.0999755859375,1833.800048828125,1831.199951171875,1833.0,186848
2026-05-14 05:30:00,1833.4000244140625,1833.4000244140625,1834.199951171875,1833.0999755859375,1833.199951171875,190400
2026-05-14 05:35:00,1830.300048828125,1830.300048828125,1833.800048828125,1830.0,1833.800048828125,147099
2026-05-14 05:40:00,1829.0999755859375,1829.0999755859375,1830.300048828125,1828.0,1830.300048828125,116493
2026-05-14 05:45:00,1840.5,1840.5,1841.0,1829.0,1829.0,1515577
2026-05-14 05:50:00,1844.300048828125,1844.300048828125,1844.9000244140625,1840.0,1840.5,224629
2026-05-14 05:55:00,1849.800048828125,1849.800048828125,1849.9000244140625,1841.5999755859375,1844.0,233893
2026-05-14 06:00:00,1854.800048828125,1854.800048828125,1857.0,1849.9000244140625,1849.9000244140625,372582
2026-05-14 06:05:00,1852.699951171875,1852.699951171875,1858.0,1851.0,1855.4000244140625,182464
2026-05-14 06:10:00,1848.300048828125,1848.300048828125,1852.800048828125,1847.4000244140625,1852.4000244140625,126360
2026-05-14 06:15:00,1845.9000244140625,1845.9000244140625,1848.9000244140625,1845.0999755859375,1848.4000244140625,186787
2026-05-14 06:20:00,1843.5,1843.5,1846.9000244140625,1842.800048828125,1845.9000244140625,301954
2026-05-14 06:25:00,1840.9000244140625,1840.9000244140625,1844.5,1840.4000244140625,1843.0,153795
2026-05-14 06:30:00,1843.5999755859375,1843.5999755859375,1843.800048828125,1840.300048828125,1840.5999755859375,151329
2026-05-14 06:35:00,1845.4000244140625,1845.4000244140625,1846.5,1843.5999755859375,1843.5999755859375,157479
2026-05-14 06:40:00,1849.0999755859375,1849.0999755859375,1849.0999755859375,1844.199951171875,1845.4000244140625,138690
2026-05-14 06:45:00,1845.800048828125,1845.800048828125,1851.300048828125,1845.699951171875,1849.0999755859375,341346
2026-05-14 06:50:00,1848.0,1848.0,1849.0,1846.0999755859375,1846.5,86194
2026-05-14 06:55:00,1845.9000244140625,1845.9000244140625,1848.199951171875,1845.5999755859375,1848.0,70452
2026-05-14 07:00:00,1846.5999755859375,1846.5999755859375,1847.0999755859375,1845.4000244140625,1846.300048828125,126897
2026-05-14 07:05:00,1850.0999755859375,1850.0999755859375,1850.0999755859375,1845.800048828125,1846.699951171875,108830
2026-05-14 07:10:00,1852.0,1852.0,1852.0,1849.0,1850.0,154343
2026-05-14 07:15:00,1853.199951171875,1853.199951171875,1853.199951171875,1850.4000244140625,1851.9000244140625,161901
2026-05-14 07:20:00,1856.0,1856.0,1856.5,1853.0,1853.300048828125,136797
2026-05-14 07:25:00,1862.0999755859375,1862.0999755859375,1862.5,1854.5,1856.0,216663
2026-05-14 07:30:00,1868.800048828125,1868.800048828125,1868.800048828125,1862.0999755859375,1862.800048828125,220329
2026-05-14 07:35:00,1875.800048828125,1875.800048828125,1875.800048828125,1869.300048828125,1869.300048828125,392142
2026-05-14 07:40:00,1873.800048828125,1873.800048828125,1876.699951171875,1870.0,1875.800048828125,320921
2026-05-14 07:45:00,1882.0999755859375,1882.0999755859375,1883.5999755859375,1873.800048828125,1873.800048828125,459069
2026-05-14 07:50:00,1875.0999755859375,1875.0999755859375,1882.0,1874.5,1881.9000244140625,248442
2026-05-14 07:55:00,1872.5,1872.5,1876.699951171875,1871.5,1875.199951171875,193579
2026-05-14 08:00:00,1880.4000244140625,1880.4000244140625,1881.9000244140625,1872.5,1872.5999755859375,431393
2026-05-14 08:05:00,1880.199951171875,1880.199951171875,1882.9000244140625,1880.0,1880.0999755859375,235947
2026-05-14 08:10:00,1877.199951171875,1877.199951171875,1882.5,1877.0,1880.300048828125,239853
2026-05-14 08:15:00,1875.5,1875.5,1879.699951171875,1875.300048828125,1877.300048828125,208878
2026-05-14 08:20:00,1877.800048828125,1877.800048828125,1878.5999755859375,1874.9000244140625,1875.5,236015
2026-05-14 08:25:00,1877.0999755859375,1877.0999755859375,1878.4000244140625,1876.199951171875,1877.9000244140625,89638
2026-05-14 08:30:00,1877.4000244140625,1877.4000244140625,1878.0999755859375,1876.4000244140625,1877.0,90600
2026-05-14 08:35:00,1875.5,1875.5,1878.800048828125,1875.5,1877.4000244140625,160524
2026-05-14 08:40:00,1875.0,1875.0,1876.199951171875,1872.800048828125,1875.5,201155
2026-05-14 08:45:00,1873.5999755859375,1873.5999755859375,1877.800048828125,1873.5999755859375,1875.300048828125,161079
2026-05-14 08:50:00,1875.0,1875.0,1877.199951171875,1873.300048828125,1873.5999755859375,241623
2026-05-14 08:55:00,1877.699951171875,1877.699951171875,1878.0,1875.0999755859375,1875.0999755859375,172538
2026-05-14 09:00:00,1880.199951171875,1880.199951171875,1880.800048828125,1876.5999755859375,1877.5,327908
2026-05-14 09:05:00,1883.5,1883.5,1884.0,1877.5,1879.9000244140625,383835
2026-05-14 09:10:00,1883.5,1883.5,1886.0,1882.5999755859375,1883.5,338525
2026-05-14 09:15:00,1885.800048828125,1885.800048828125,1886.0,1880.9000244140625,1883.4000244140625,344878
2026-05-14 09:20:00,1881.5999755859375,1881.5999755859375,1886.0,1881.199951171875,1885.800048828125,235405
2026-05-14 09:25:00,1882.0,1882.0,1883.5999755859375,1880.0999755859375,1881.5999755859375,165676
2026-05-14 09:30:00,1884.699951171875,1884.699951171875,1885.5999755859375,1880.9000244140625,1882.0,361629
2026-05-14 09:35:00,1882.5999755859375,1882.5999755859375,1884.699951171875,1880.0999755859375,1884.699951171875,468401
2026-05-14 09:40:00,1883.4000244140625,1883.4000244140625,1885.300048828125,1881.9000244140625,1882.4000244140625,433540
2026-05-14 09:45:00,1883.300048828125,1883.300048828125,1884.4000244140625,1882.0,1883.4000244140625,541705
2026-05-14 09:50:00,1883.699951171875,1883.699951171875,1883.9000244140625,1882.4000244140625,1883.300048828125,499570
2026-05-14 09:55:00,1883.0,1883.0,1885.9000244140625,1881.9000244140625,1883.800048828125,723172
2026-05-15 03:45:00,1896.199951171875,1896.199951171875,1902.4000244140625,1883.0999755859375,1883.0999755859375,0
2026-05-15 03:50:00,1897.5,1897.5,1900.5,1891.4000244140625,1894.199951171875,430627
2026-05-15 03:55:00,1893.0,1893.0,1899.300048828125,1892.699951171875,1897.5,231738
2026-05-15 04:00:00,1902.300048828125,1902.300048828125,1903.4000244140625,1892.5,1893.0,408006
2026-05-15 04:05:00,1904.0,1904.0,1904.5999755859375,1901.5999755859375,1902.199951171875,190940
2026-05-15 04:10:00,1901.0,1901.0,1908.4000244140625,1900.300048828125,1904.0,336353
2026-05-15 04:15:00,1906.0,1906.0,1906.0,1900.4000244140625,1901.199951171875,159186
2026-05-15 04:20:00,1919.199951171875,1919.199951171875,1919.300048828125,1905.4000244140625,1906.0999755859375,323538
2026-05-15 04:25:00,1920.0,1920.0,1922.800048828125,1918.9000244140625,1918.9000244140625,289180
2026-05-15 04:30:00,1920.699951171875,1920.699951171875,1920.699951171875,1914.199951171875,1919.5999755859375,293163
2026-05-15 04:35:00,1917.9000244140625,1917.9000244140625,1920.800048828125,1916.300048828125,1920.4000244140625,135254
2026-05-15 04:40:00,1916.300048828125,1916.300048828125,1917.9000244140625,1915.4000244140625,1917.9000244140625,114809
2026-05-15 04:45:00,1916.300048828125,1916.300048828125,1919.5,1916.0,1916.300048828125,112326
2026-05-15 04:50:00,1917.800048828125,1917.800048828125,1918.0,1916.199951171875,1916.5,101660
2026-05-15 04:55:00,1920.199951171875,1920.199951171875,1920.9000244140625,1917.9000244140625,1917.9000244140625,149968
2026-05-15 05:00:00,1920.300048828125,1920.300048828125,1921.0,1917.5999755859375,1920.199951171875,119466
2026-05-15 05:05:00,1920.5,1920.5,1921.9000244140625,1917.800048828125,1920.699951171875,98228
2026-05-15 05:10:00,1920.0,1920.0,1920.5999755859375,1916.5,1920.5,92292
2026-05-15 05:15:00,1919.5999755859375,1919.5999755859375,1921.4000244140625,1919.0,1919.9000244140625,87679
2026-05-15 05:20:00,1920.5,1920.5,1920.800048828125,1918.9000244140625,1919.300048828125,65528
2026-05-15 05:25:00,1918.0999755859375,1918.0999755859375,1921.300048828125,1918.0999755859375,1920.5999755859375,79994
2026-05-15 05:30:00,1913.199951171875,1913.199951171875,1918.5999755859375,1911.4000244140625,1916.5,476485
2026-05-15 05:35:00,1914.5999755859375,1914.5999755859375,1915.800048828125,1912.0,1913.0999755859375,94407
2026-05-15 05:40:00,1914.9000244140625,1914.9000244140625,1915.800048828125,1913.699951171875,1914.5,97988
2026-05-15 05:45:00,1914.5,1914.5,1915.699951171875,1912.5,1915.0,306595
2026-05-15 05:50:00,1910.699951171875,1910.699951171875,1915.5,1910.5999755859375,1914.5,139641
2026-05-15 05:55:00,1908.9000244140625,1908.9000244140625,1911.4000244140625,1907.300048828125,1910.699951171875,374235
2026-05-15 06:00:00,1908.9000244140625,1908.9000244140625,1910.699951171875,1908.300048828125,1908.800048828125,480401
2026-05-15 06:05:00,1910.0,1910.0,1911.199951171875,1908.199951171875,1909.0,207158
2026-05-15 06:10:00,1905.4000244140625,1905.4000244140625,1910.9000244140625,1903.5999755859375,1910.699951171875,196626
2026-05-15 06:15:00,1910.0,1910.0,1910.800048828125,1905.0,1905.0999755859375,67012
2026-05-15 06:20:00,1909.0,1909.0,1910.5999755859375,1908.199951171875,1910.199951171875,40190
2026-05-15 06:25:00,1909.5,1909.5,1909.699951171875,1908.199951171875,1909.4000244140625,32823
2026-05-15 06:30:00,1909.9000244140625,1909.9000244140625,1910.300048828125,1909.0,1909.4000244140625,82139
2026-05-15 06:35:00,1906.9000244140625,1906.9000244140625,1910.0999755859375,1905.800048828125,1909.9000244140625,178168
2026-05-15 06:40:00,1904.5999755859375,1904.5999755859375,1906.9000244140625,1903.5999755859375,1906.9000244140625,328239
2026-05-15 06:45:00,1901.199951171875,1901.199951171875,1905.4000244140625,1900.800048828125,1904.5999755859375,383036
2026-05-15 06:50:00,1904.0,1904.0,1905.0,1900.5,1901.199951171875,178033
2026-05-15 06:55:00,1903.800048828125,1903.800048828125,1905.699951171875,1902.800048828125,1904.0999755859375,95355
2026-05-15 07:00:00,1901.800048828125,1901.800048828125,1904.300048828125,1901.0,1903.800048828125,72455
2026-05-15 07:05:00,1903.699951171875,1903.699951171875,1904.0999755859375,1901.5,1901.9000244140625,71155
2026-05-15 07:10:00,1903.9000244140625,1903.9000244140625,1904.9000244140625,1902.4000244140625,1904.0,106936
2026-05-15 07:15:00,1905.0,1905.0,1905.0999755859375,1903.0999755859375,1904.0,108274
2026-05-15 07:20:00,1905.199951171875,1905.199951171875,1906.699951171875,1903.0,1903.699951171875,234976
2026-05-15 07:25:00,1904.9000244140625,1904.9000244140625,1906.199951171875,1904.0,1905.300048828125,188938
2026-05-15 07:30:00,1903.5,1903.5,1905.0,1903.199951171875,1904.9000244140625,80524
2026-05-15 07:35:00,1907.199951171875,1907.199951171875,1907.4000244140625,1903.699951171875,1903.699951171875,99071
2026-05-15 07:40:00,1907.0999755859375,1907.0999755859375,1908.4000244140625,1906.4000244140625,1907.300048828125,32898
2026-05-15 07:45:00,1906.5,1906.5,1907.0,1904.800048828125,1907.0,45200
2026-05-15 07:50:00,1903.9000244140625,1903.9000244140625,1906.800048828125,1903.5999755859375,1906.5,340257
2026-05-15 07:55:00,1906.4000244140625,1906.4000244140625,1906.699951171875,1903.699951171875,1903.9000244140625,113865
2026-05-15 08:00:00,1905.199951171875,1905.199951171875,1907.0,1905.199951171875,1906.4000244140625,78006
2026-05-15 08:05:00,1904.5,1904.5,1906.300048828125,1903.699951171875,1905.300048828125,98916
2026-05-15 08:10:00,1907.5,1907.5,1907.800048828125,1904.5999755859375,1904.699951171875,80223
2026-05-15 08:15:00,1906.4000244140625,1906.4000244140625,1908.5,1905.300048828125,1907.4000244140625,99222
2026-05-15 08:20:00,1907.4000244140625,1907.4000244140625,1908.0,1905.4000244140625,1906.4000244140625,83874
2026-05-15 08:25:00,1906.300048828125,1906.300048828125,1907.699951171875,1905.5,1907.0,76528
2026-05-15 08:30:00,1906.4000244140625,1906.4000244140625,1907.0999755859375,1906.0,1906.199951171875,261548
2026-05-15 08:35:00,1908.0999755859375,1908.0999755859375,1908.5999755859375,1906.199951171875,1906.300048828125,104852
2026-05-15 08:40:00,1908.0,1908.0,1908.4000244140625,1907.9000244140625,1908.0999755859375,93516
2026-05-15 08:45:00,1907.4000244140625,1907.4000244140625,1908.5999755859375,1906.5,1908.0,243827
2026-05-15 08:50:00,1907.699951171875,1907.699951171875,1908.9000244140625,1906.699951171875,1907.4000244140625,87893
2026-05-15 08:55:00,1907.0,1907.0,1909.0999755859375,1906.300048828125,1907.800048828125,126022
2026-05-15 09:00:00,1907.5,1907.5,1907.5,1906.5,1907.0999755859375,129283
2026-05-15 09:05:00,1907.5999755859375,1907.5999755859375,1907.9000244140625,1906.800048828125,1907.699951171875,96247
2026-05-15 09:10:00,1906.800048828125,1906.800048828125,1908.0,1906.800048828125,1907.699951171875,91201
2026-05-15 09:15:00,1907.300048828125,1907.300048828125,1907.800048828125,1906.4000244140625,1906.9000244140625,325228
2026-05-15 09:20:00,1902.800048828125,1902.800048828125,1907.4000244140625,1900.9000244140625,1907.300048828125,564205
2026-05-15 09:25:00,1904.5,1904.5,1904.800048828125,1902.199951171875,1902.9000244140625,109233
2026-05-15 09:30:00,1906.699951171875,1906.699951171875,1908.9000244140625,1904.199951171875,1904.300048828125,421445
2026-05-15 09:35:00,1907.699951171875,1907.699951171875,1908.4000244140625,1905.5999755859375,1906.699951171875,463886
2026-05-15 09:40:00,1904.300048828125,1904.300048828125,1907.800048828125,1904.199951171875,1907.5999755859375,347897
2026-05-15 09:45:00,1904.0999755859375,1904.0999755859375,1905.4000244140625,1903.199951171875,1904.5,402501
2026-05-15 09:50:00,1903.199951171875,1903.199951171875,1905.199951171875,1902.5,1904.0999755859375,433725
2026-05-15 09:55:00,1904.0,1904.0,1904.9000244140625,1899.0,1903.4000244140625,329483
2026-05-18 03:45:00,1894.9000244140625,1894.9000244140625,1905.300048828125,1891.0,1901.699951171875,0
2026-05-18 03:50:00,1906.9000244140625,1906.9000244140625,1907.9000244140625,1895.4000244140625,1895.800048828125,193282
2026-05-18 03:55:00,1910.0,1910.0,1911.5,1905.800048828125,1907.0,131419
2026-05-18 04:00:00,1911.699951171875,1911.699951171875,1911.699951171875,1909.0999755859375,1910.0,314232
2026-05-18 04:05:00,1905.699951171875,1905.699951171875,1914.800048828125,1904.5999755859375,1911.699951171875,243774
2026-05-18 04:10:00,1913.0,1913.0,1914.0,1905.5,1905.5,195201
2026-05-18 04:15:00,1913.9000244140625,1913.9000244140625,1916.0999755859375,1912.800048828125,1913.0999755859375,209178
2026-05-18 04:20:00,1913.4000244140625,1913.4000244140625,1915.0,1908.5,1913.5,131686
2026-05-18 04:25:00,1913.199951171875,1913.199951171875,1914.300048828125,1912.800048828125,1913.4000244140625,92965
2026-05-18 04:30:00,1915.800048828125,1915.800048828125,1917.4000244140625,1912.699951171875,1913.0999755859375,242959
2026-05-18 04:35:00,1913.199951171875,1913.199951171875,1916.0,1912.199951171875,1915.9000244140625,69246
2026-05-18 04:40:00,1914.9000244140625,1914.9000244140625,1916.699951171875,1913.0999755859375,1913.300048828125,115818
2026-05-18 04:45:00,1916.5999755859375,1916.5999755859375,1916.800048828125,1914.800048828125,1915.0,96563
2026-05-18 04:50:00,1915.0999755859375,1915.0999755859375,1916.800048828125,1914.5,1916.699951171875,131408
2026-05-18 04:55:00,1915.5,1915.5,1915.5,1914.800048828125,1915.199951171875,132690
2026-05-18 05:00:00,1919.800048828125,1919.800048828125,1919.800048828125,1913.0,1914.800048828125,240014
2026-05-18 05:05:00,1926.300048828125,1926.300048828125,1927.300048828125,1918.5,1919.699951171875,248663
2026-05-18 05:10:00,1925.5,1925.5,1927.5999755859375,1923.199951171875,1926.699951171875,178938
2026-05-18 05:15:00,1926.800048828125,1926.800048828125,1927.199951171875,1923.5,1925.5,89297
2026-05-18 05:20:00,1931.0999755859375,1931.0999755859375,1931.199951171875,1926.9000244140625,1926.9000244140625,201382
2026-05-18 05:25:00,1932.5999755859375,1932.5999755859375,1933.9000244140625,1931.0,1931.199951171875,135352
2026-05-18 05:30:00,1932.9000244140625,1932.9000244140625,1934.199951171875,1931.300048828125,1932.5999755859375,132036
2026-05-18 05:35:00,1932.9000244140625,1932.9000244140625,1933.5,1931.300048828125,1932.9000244140625,81422
2026-05-18 05:40:00,1938.0,1938.0,1938.199951171875,1931.5999755859375,1932.5999755859375,440570
2026-05-18 05:45:00,1946.699951171875,1946.699951171875,1947.5999755859375,1937.5,1937.9000244140625,533738
2026-05-18 05:50:00,1948.5999755859375,1948.5999755859375,1949.199951171875,1945.199951171875,1946.800048828125,275111
2026-05-18 05:55:00,1942.9000244140625,1942.9000244140625,1949.0999755859375,1942.5,1948.5999755859375,237884
2026-05-18 06:00:00,1945.800048828125,1945.800048828125,1946.9000244140625,1940.199951171875,1942.300048828125,202648
2026-05-18 06:05:00,1953.0,1953.0,1953.4000244140625,1945.699951171875,1945.800048828125,330485
2026-05-18 06:10:00,1952.199951171875,1952.199951171875,1953.800048828125,1950.300048828125,1953.0999755859375,183597
2026-05-18 06:15:00,1949.699951171875,1949.699951171875,1952.199951171875,1946.800048828125,1952.0999755859375,210762
2026-05-18 06:20:00,1945.9000244140625,1945.9000244140625,1950.5999755859375,1945.4000244140625,1950.0999755859375,143934
2026-05-18 06:25:00,1944.300048828125,1944.300048828125,1946.800048828125,1942.300048828125,1946.0,138239
2026-05-18 06:30:00,1944.800048828125,1944.800048828125,1946.699951171875,1943.0999755859375,1944.300048828125,176310
2026-05-18 06:35:00,1943.4000244140625,1943.4000244140625,1945.5,1943.300048828125,1944.699951171875,129642
2026-05-18 06:40:00,1944.9000244140625,1944.9000244140625,1945.9000244140625,1943.0,1943.0,158009
2026-05-18 06:45:00,1942.0999755859375,1942.0999755859375,1945.199951171875,1941.699951171875,1945.0,121398
2026-05-18 06:50:00,1947.0,1947.0,1947.0,1941.5999755859375,1942.0999755859375,112250
2026-05-18 06:55:00,1943.9000244140625,1943.9000244140625,1949.4000244140625,1943.0999755859375,1946.9000244140625,163108
2026-05-18 07:00:00,1944.699951171875,1944.699951171875,1945.0,1942.5999755859375,1944.300048828125,132356
2026-05-18 07:05:00,1947.5,1947.5,1948.699951171875,1944.9000244140625,1945.0,118215
2026-05-18 07:10:00,1945.199951171875,1945.199951171875,1948.300048828125,1944.9000244140625,1947.9000244140625,107779
2026-05-18 07:15:00,1945.5999755859375,1945.5999755859375,1947.0,1945.300048828125,1945.300048828125,111154
2026-05-18 07:20:00,1948.199951171875,1948.199951171875,1948.5,1945.0,1945.5999755859375,154450
2026-05-18 07:25:00,1950.199951171875,1950.199951171875,1950.5,1947.300048828125,1948.0999755859375,166541
2026-05-18 07:30:00,1948.9000244140625,1948.9000244140625,1950.4000244140625,1947.5,1950.4000244140625,123229
2026-05-18 07:35:00,1949.199951171875,1949.199951171875,1949.800048828125,1948.0999755859375,1949.0,109973
2026-05-18 07:40:00,1949.0,1949.0,1949.300048828125,1947.0,1949.199951171875,108153
2026-05-18 07:45:00,1945.5999755859375,1945.5999755859375,1949.300048828125,1945.0,1949.0999755859375,133996
2026-05-18 07:50:00,1945.5,1945.5,1945.699951171875,1942.800048828125,1945.699951171875,145317
2026-05-18 07:55:00,1943.5,1943.5,1945.9000244140625,1943.4000244140625,1945.5,119565
2026-05-18 08:00:00,1940.800048828125,1940.800048828125,1943.9000244140625,1939.4000244140625,1943.699951171875,168220
2026-05-18 08:05:00,1940.699951171875,1940.699951171875,1943.699951171875,1940.5,1940.9000244140625,130496
2026-05-18 08:10:00,1942.800048828125,1942.800048828125,1942.800048828125,1939.9000244140625,1940.5999755859375,122357
2026-05-18 08:15:00,1943.199951171875,1943.199951171875,1943.300048828125,1941.0,1943.0,99493
2026-05-18 08:20:00,1942.199951171875,1942.199951171875,1945.0,1941.199951171875,1943.199951171875,120449
2026-05-18 08:25:00,1939.5999755859375,1939.5999755859375,1943.0999755859375,1939.5999755859375,1942.0999755859375,128578
2026-05-18 08:30:00,1941.199951171875,1941.199951171875,1942.9000244140625,1939.699951171875,1939.699951171875,140908
2026-05-18 08:35:00,1936.800048828125,1936.800048828125,1941.4000244140625,1936.5999755859375,1940.800048828125,117503
2026-05-18 08:40:00,1937.5,1937.5,1939.300048828125,1935.5999755859375,1936.699951171875,207985
2026-05-18 08:45:00,1937.5,1937.5,1938.5,1935.800048828125,1937.5,99444
2026-05-18 08:50:00,1936.0,1936.0,1939.0,1936.0,1937.5999755859375,113469
2026-05-18 08:55:00,1938.300048828125,1938.300048828125,1940.0999755859375,1935.800048828125,1936.5,143974
2026-05-18 09:00:00,1936.5999755859375,1936.5999755859375,1938.9000244140625,1936.0999755859375,1938.800048828125,99573
2026-05-18 09:05:00,1937.199951171875,1937.199951171875,1938.199951171875,1936.0999755859375,1936.5999755859375,115605
2026-05-18 09:10:00,1937.699951171875,1937.699951171875,1939.199951171875,1937.199951171875,1938.199951171875,134018
2026-05-18 09:15:00,1937.699951171875,1937.699951171875,1939.0999755859375,1937.199951171875,1937.800048828125,108160
2026-05-18 09:20:00,1939.0,1939.0,1940.0999755859375,1937.4000244140625,1937.699951171875,216554
2026-05-18 09:25:00,1938.300048828125,1938.300048828125,1938.800048828125,1936.800048828125,1938.800048828125,147457
2026-05-18 09:30:00,1939.5999755859375,1939.5999755859375,1940.0,1937.5999755859375,1938.4000244140625,358841
2026-05-18 09:35:00,1936.0,1936.0,1939.0999755859375,1936.0,1939.0,281748
2026-05-18 09:40:00,1937.300048828125,1937.300048828125,1937.5,1936.0999755859375,1936.0999755859375,241552
2026-05-18 09:45:00,1936.9000244140625,1936.9000244140625,1937.300048828125,1936.9000244140625,1937.199951171875,275742
2026-05-18 09:50:00,1938.9000244140625,1938.9000244140625,1939.0,1937.0,1937.0,342628
2026-05-18 09:55:00,1937.0,1937.0,1938.9000244140625,1935.4000244140625,1938.9000244140625,462400
2026-05-19 03:45:00,1934.0999755859375,1934.0999755859375,1938.800048828125,1928.699951171875,1930.800048828125,0
2026-05-19 03:50:00,1935.5,1935.5,1935.699951171875,1930.199951171875,1934.4000244140625,154531
2026-05-19 03:55:00,1941.0,1941.0,1941.800048828125,1935.4000244140625,1935.5999755859375,121908
2026-05-19 04:00:00,1928.5999755859375,1928.5999755859375,1941.0,1928.5999755859375,1941.0,92000
2026-05-19 04:05:00,1929.5,1929.5,1931.699951171875,1928.0999755859375,1928.9000244140625,80543
2026-05-19 04:10:00,1930.4000244140625,1930.4000244140625,1932.699951171875,1929.800048828125,1929.800048828125,50906
2026-05-19 04:15:00,1924.800048828125,1924.800048828125,1930.5,1924.0999755859375,1930.4000244140625,250851
2026-05-19 04:20:00,1922.300048828125,1922.300048828125,1925.0,1920.4000244140625,1924.0,103040
2026-05-19 04:25:00,1921.5,1921.5,1922.699951171875,1920.800048828125,1922.699951171875,94759
2026-05-19 04:30:00,1921.5,1921.5,1922.4000244140625,1921.0,1921.0999755859375,135122
2026-05-19 04:35:00,1920.800048828125,1920.800048828125,1922.5999755859375,1918.4000244140625,1921.0,128579
2026-05-19 04:40:00,1924.199951171875,1924.199951171875,1925.0999755859375,1919.9000244140625,1920.800048828125,129905
2026-05-19 04:45:00,1922.0999755859375,1922.0999755859375,1925.0999755859375,1922.0,1924.300048828125,59771
2026-05-19 04:50:00,1927.4000244140625,1927.4000244140625,1927.9000244140625,1922.0999755859375,1922.300048828125,80009
2026-05-19 04:55:00,1928.5,1928.5,1931.4000244140625,1927.199951171875,1927.4000244140625,61234
2026-05-19 05:00:00,1928.199951171875,1928.199951171875,1930.800048828125,1925.300048828125,1928.5999755859375,77680
2026-05-19 05:05:00,1924.9000244140625,1924.9000244140625,1928.800048828125,1924.0999755859375,1928.300048828125,54126
2026-05-19 05:10:00,1925.0,1925.0,1925.800048828125,1922.4000244140625,1924.5999755859375,142226
2026-05-19 05:15:00,1924.4000244140625,1924.4000244140625,1925.699951171875,1924.0999755859375,1925.0,54347
2026-05-19 05:20:00,1921.0999755859375,1921.0999755859375,1924.800048828125,1919.0,1924.699951171875,232756
2026-05-19 05:25:00,1923.5999755859375,1923.5999755859375,1923.5999755859375,1920.9000244140625,1921.0999755859375,69466
2026-05-19 05:30:00,1920.800048828125,1920.800048828125,1924.0,1920.5,1923.5999755859375,34776
2026-05-19 05:35:00,1921.199951171875,1921.199951171875,1922.0,1920.5999755859375,1921.0,56146
2026-05-19 05:40:00,1921.199951171875,1921.199951171875,1923.0,1920.5,1921.4000244140625,85570
2026-05-19 05:45:00,1919.800048828125,1919.800048828125,1921.300048828125,1919.800048828125,1921.199951171875,118499
2026-05-19 05:50:00,1917.0,1917.0,1919.9000244140625,1915.699951171875,1919.9000244140625,69732
2026-05-19 05:55:00,1918.5,1918.5,1918.699951171875,1916.0,1917.0999755859375,76664
2026-05-19 06:00:00,1917.199951171875,1917.199951171875,1918.300048828125,1915.0,1918.300048828125,344388
2026-05-19 06:05:00,1917.9000244140625,1917.9000244140625,1919.699951171875,1916.0,1917.4000244140625,54624
2026-05-19 06:10:00,1917.5999755859375,1917.5999755859375,1918.300048828125,1916.0,1917.800048828125,54692
2026-05-19 06:15:00,1916.0999755859375,1916.0999755859375,1917.699951171875,1915.699951171875,1917.699951171875,52747
2026-05-19 06:20:00,1916.9000244140625,1916.9000244140625,1917.0,1916.0,1916.199951171875,42556
2026-05-19 06:25:00,1918.800048828125,1918.800048828125,1919.800048828125,1916.5999755859375,1916.699951171875,54696
2026-05-19 06:30:00,1918.199951171875,1918.199951171875,1919.5999755859375,1917.300048828125,1918.800048828125,71461
2026-05-19 06:35:00,1917.0,1917.0,1918.5999755859375,1916.300048828125,1918.300048828125,65893
2026-05-19 06:40:00,1917.199951171875,1917.199951171875,1918.699951171875,1916.199951171875,1917.300048828125,61995
2026-05-19 06:45:00,1917.5,1917.5,1917.5999755859375,1917.0,1917.300048828125,36494
2026-05-19 06:50:00,1917.4000244140625,1917.4000244140625,1918.199951171875,1916.0,1917.4000244140625,41191
2026-05-19 06:55:00,1918.300048828125,1918.300048828125,1919.699951171875,1917.199951171875,1917.5,55377
2026-05-19 07:00:00,1916.5999755859375,1916.5999755859375,1918.4000244140625,1916.5,1918.4000244140625,30898
2026-05-19 07:05:00,1916.5999755859375,1916.5999755859375,1917.4000244140625,1916.199951171875,1916.5999755859375,44889
2026-05-19 07:10:00,1917.9000244140625,1917.9000244140625,1918.0,1916.5,1916.5999755859375,47325
2026-05-19 07:15:00,1916.800048828125,1916.800048828125,1918.5999755859375,1916.0,1917.699951171875,123775
2026-05-19 07:20:00,1915.0999755859375,1915.0999755859375,1917.5999755859375,1914.5,1916.800048828125,77915
2026-05-19 07:25:00,1914.5999755859375,1914.5999755859375,1916.0,1914.300048828125,1915.0,53014
2026-05-19 07:30:00,1914.5,1914.5,1916.199951171875,1913.9000244140625,1914.5999755859375,55368
2026-05-19 07:35:00,1916.0999755859375,1916.0999755859375,1916.5999755859375,1914.5,1914.5,84918
2026-05-19 07:40:00,1916.5999755859375,1916.5999755859375,1917.5,1913.9000244140625,1915.4000244140625,82700
2026-05-19 07:45:00,1916.9000244140625,1916.9000244140625,1918.0,1915.9000244140625,1916.5999755859375,58819
2026-05-19 07:50:00,1915.300048828125,1915.300048828125,1917.300048828125,1914.0,1917.0999755859375,56004
2026-05-19 07:55:00,1915.199951171875,1915.199951171875,1915.699951171875,1914.5,1915.699951171875,60719
2026-05-19 08:00:00,1912.199951171875,1912.199951171875,1916.699951171875,1910.5,1915.4000244140625,97217
2026-05-19 08:05:00,1913.800048828125,1913.800048828125,1913.800048828125,1910.5999755859375,1912.199951171875,260037
2026-05-19 08:10:00,1912.9000244140625,1912.9000244140625,1914.199951171875,1912.0,1913.800048828125,60802
2026-05-19 08:15:00,1913.0,1913.0,1913.699951171875,1911.800048828125,1912.9000244140625,67784
2026-05-19 08:20:00,1913.5,1913.5,1913.5999755859375,1912.0,1913.4000244140625,55072
2026-05-19 08:25:00,1913.300048828125,1913.300048828125,1913.800048828125,1911.0,1913.5,117057
2026-05-19 08:30:00,1913.699951171875,1913.699951171875,1914.4000244140625,1910.9000244140625,1913.300048828125,78666
2026-05-19 08:35:00,1914.0,1914.0,1915.5,1913.0,1913.699951171875,54411
2026-05-19 08:40:00,1915.0,1915.0,1915.699951171875,1912.5999755859375,1914.0,115228
2026-05-19 08:45:00,1915.0,1915.0,1916.0,1914.5,1914.9000244140625,54349
2026-05-19 08:50:00,1916.5999755859375,1916.5999755859375,1917.0999755859375,1913.5999755859375,1915.0999755859375,93635
2026-05-19 08:55:00,1917.300048828125,1917.300048828125,1917.9000244140625,1914.5999755859375,1917.4000244140625,110027
2026-05-19 09:00:00,1917.5,1917.5,1918.300048828125,1915.0999755859375,1917.800048828125,81513
2026-05-19 09:05:00,1915.4000244140625,1915.4000244140625,1917.800048828125,1915.0,1917.199951171875,98592
2026-05-19 09:10:00,1916.0,1916.0,1916.9000244140625,1915.0,1915.0,70247
2026-05-19 09:15:00,1916.800048828125,1916.800048828125,1917.300048828125,1914.699951171875,1915.9000244140625,104060
2026-05-19 09:20:00,1915.5,1915.5,1918.0,1915.0,1917.4000244140625,92672
2026-05-19 09:25:00,1915.800048828125,1915.800048828125,1916.699951171875,1915.0,1915.5,82289
2026-05-19 09:30:00,1917.0,1917.0,1917.199951171875,1914.0999755859375,1916.300048828125,431251
2026-05-19 09:35:00,1915.300048828125,1915.300048828125,1917.699951171875,1913.5,1917.5999755859375,585160
2026-05-19 09:40:00,1912.5,1912.5,1915.300048828125,1912.5,1915.300048828125,293637
2026-05-19 09:45:00,1912.4000244140625,1912.4000244140625,1914.699951171875,1908.0,1912.5,559715
2026-05-19 09:50:00,1910.4000244140625,1910.4000244140625,1913.5,1909.0999755859375,1912.4000244140625,344738
2026-05-19 09:55:00,1910.0,1910.0,1912.800048828125,1909.0,1910.0999755859375,198535
2026-05-20 03:45:00,1904.5,1904.5,1912.699951171875,1902.0999755859375,1909.5,0
2026-05-20 03:50:00,1904.800048828125,1904.800048828125,1904.800048828125,1900.199951171875,1904.5,145784
2026-05-20 03:55:00,1904.9000244140625,1904.9000244140625,1905.5999755859375,1902.199951171875,1904.5,46268
2026-05-20 04:00:00,1905.699951171875,1905.699951171875,1906.800048828125,1904.0,1904.699951171875,72124
2026-05-20 04:05:00,1901.4000244140625,1901.4000244140625,1906.800048828125,1901.4000244140625,1905.5999755859375,56849
2026-05-20 04:10:00,1905.0,1905.0,1905.0,1897.9000244140625,1901.9000244140625,63871
2026-05-20 04:15:00,1901.0,1901.0,1904.699951171875,1900.9000244140625,1904.699951171875,32027
2026-05-20 04:20:00,1903.699951171875,1903.699951171875,1905.0,1901.9000244140625,1902.4000244140625,415493
2026-05-20 04:25:00,1907.300048828125,1907.300048828125,1908.300048828125,1902.800048828125,1903.699951171875,53899
2026-05-20 04:30:00,1906.300048828125,1906.300048828125,1907.5,1905.0999755859375,1907.300048828125,36774
2026-05-20 04:35:00,1905.4000244140625,1905.4000244140625,1906.800048828125,1904.300048828125,1906.800048828125,28322
2026-05-20 04:40:00,1905.0999755859375,1905.0999755859375,1905.5999755859375,1904.800048828125,1905.4000244140625,23173
2026-05-20 04:45:00,1904.699951171875,1904.699951171875,1905.300048828125,1903.5,1905.300048828125,55049
2026-05-20 04:50:00,1905.0999755859375,1905.0999755859375,1905.5,1903.5999755859375,1904.699951171875,28970
2026-05-20 04:55:00,1905.0,1905.0,1905.800048828125,1904.699951171875,1905.0999755859375,30483
2026-05-20 05:00:00,1905.300048828125,1905.300048828125,1905.699951171875,1904.800048828125,1904.9000244140625,39272
2026-05-20 05:05:00,1903.800048828125,1903.800048828125,1905.199951171875,1903.5999755859375,1905.0,46458
2026-05-20 05:10:00,1901.9000244140625,1901.9000244140625,1903.800048828125,1901.0,1903.800048828125,138627
2026-05-20 05:15:00,1901.0,1901.0,1901.9000244140625,1901.0,1901.9000244140625,46045
2026-05-20 05:20:00,1902.199951171875,1902.199951171875,1902.5999755859375,1901.0,1901.0,119127
2026-05-20 05:25:00,1902.0,1902.0,1902.9000244140625,1901.0,1902.300048828125,105436
2026-05-20 05:30:00,1902.699951171875,1902.699951171875,1904.4000244140625,1901.9000244140625,1902.0,35054
2026-05-20 05:35:00,1902.9000244140625,1902.9000244140625,1903.0999755859375,1902.0,1903.0,39442
2026-05-20 05:40:00,1902.5999755859375,1902.5999755859375,1903.4000244140625,1902.5,1902.9000244140625,30247
2026-05-20 05:45:00,1901.0999755859375,1901.0999755859375,1902.5999755859375,1901.0,1902.5999755859375,37761
2026-05-20 05:50:00,1902.300048828125,1902.300048828125,1902.5,1901.0,1901.0999755859375,38802
2026-05-20 05:55:00,1903.5999755859375,1903.5999755859375,1905.199951171875,1902.300048828125,1902.300048828125,61187
2026-05-20 06:00:00,1903.5,1903.5,1903.800048828125,1903.4000244140625,1903.5999755859375,22795
2026-05-20 06:05:00,1904.0999755859375,1904.0999755859375,1904.699951171875,1903.4000244140625,1903.5,26149
2026-05-20 06:10:00,1902.699951171875,1902.699951171875,1904.0999755859375,1902.5999755859375,1904.0999755859375,26874
2026-05-20 06:15:00,1903.4000244140625,1903.4000244140625,1903.4000244140625,1902.5999755859375,1902.699951171875,25976
2026-05-20 06:20:00,1904.300048828125,1904.300048828125,1904.300048828125,1903.4000244140625,1903.4000244140625,27013
2026-05-20 06:25:00,1903.699951171875,1903.699951171875,1904.9000244140625,1903.5,1904.199951171875,69351
2026-05-20 06:30:00,1903.4000244140625,1903.4000244140625,1903.9000244140625,1902.800048828125,1903.699951171875,40826
2026-05-20 06:35:00,1902.800048828125,1902.800048828125,1903.4000244140625,1902.5,1903.300048828125,31542
2026-05-20 06:40:00,1902.699951171875,1902.699951171875,1903.0999755859375,1902.5999755859375,1902.800048828125,25802
2026-05-20 06:45:00,1902.0999755859375,1902.0999755859375,1903.9000244140625,1902.0,1902.699951171875,77634
2026-05-20 06:50:00,1905.4000244140625,1905.4000244140625,1906.0,1902.0,1902.0999755859375,38982
2026-05-20 06:55:00,1904.5,1904.5,1905.300048828125,1904.5,1905.300048828125,13288
2026-05-20 07:00:00,1904.5,1904.5,1905.0,1904.0,1904.5,56509
2026-05-20 07:05:00,1904.0,1904.0,1904.5999755859375,1903.800048828125,1904.5,19183
2026-05-20 07:10:00,1904.5999755859375,1904.5999755859375,1905.4000244140625,1903.9000244140625,1903.9000244140625,66317
2026-05-20 07:15:00,1907.4000244140625,1907.4000244140625,1910.0,1904.5999755859375,1904.699951171875,79886
2026-05-20 07:20:00,1907.9000244140625,1907.9000244140625,1909.4000244140625,1907.4000244140625,1907.699951171875,23461
2026-05-20 07:25:00,1905.5,1905.5,1907.9000244140625,1905.199951171875,1907.9000244140625,83875
2026-05-20 07:30:00,1905.300048828125,1905.300048828125,1906.300048828125,1905.199951171875,1905.5,23096
2026-05-20 07:35:00,1905.699951171875,1905.699951171875,1906.0999755859375,1905.199951171875,1905.4000244140625,109880
2026-05-20 07:40:00,1905.0,1905.0,1907.699951171875,1904.800048828125,1907.699951171875,93380
2026-05-20 07:45:00,1906.5,1906.5,1906.800048828125,1904.5999755859375,1905.0,49062
2026-05-20 07:50:00,1905.800048828125,1905.800048828125,1907.4000244140625,1904.4000244140625,1906.5,42166
2026-05-20 07:55:00,1904.9000244140625,1904.9000244140625,1905.9000244140625,1904.800048828125,1905.800048828125,34842
2026-05-20 08:00:00,1905.5999755859375,1905.5999755859375,1905.699951171875,1904.699951171875,1904.9000244140625,35800
2026-05-20 08:05:00,1905.300048828125,1905.300048828125,1905.9000244140625,1905.0,1905.699951171875,32330
2026-05-20 08:10:00,1905.0,1905.0,1905.9000244140625,1904.800048828125,1905.199951171875,25164
2026-05-20 08:15:00,1904.9000244140625,1904.9000244140625,1905.300048828125,1904.800048828125,1905.0,19395
2026-05-20 08:20:00,1904.800048828125,1904.800048828125,1905.4000244140625,1904.699951171875,1905.0,24166
2026-05-20 08:25:00,1905.5,1905.5,1906.0,1904.699951171875,1904.800048828125,59534
2026-05-20 08:30:00,1904.199951171875,1904.199951171875,1905.800048828125,1903.5999755859375,1905.800048828125,32640
2026-05-20 08:35:00,1906.0999755859375,1906.0999755859375,1906.0999755859375,1904.0999755859375,1904.300048828125,24745
2026-05-20 08:40:00,1903.9000244140625,1903.9000244140625,1906.0999755859375,1903.5999755859375,1906.0999755859375,35800
2026-05-20 08:45:00,1904.699951171875,1904.699951171875,1904.800048828125,1903.5,1903.9000244140625,55883
2026-05-20 08:50:00,1905.9000244140625,1905.9000244140625,1907.0,1904.5999755859375,1904.699951171875,36311
2026-05-20 08:55:00,1905.699951171875,1905.699951171875,1906.300048828125,1905.199951171875,1905.9000244140625,23027
2026-05-20 09:00:00,1905.300048828125,1905.300048828125,1905.800048828125,1905.0,1905.5,31875
2026-05-20 09:05:00,1906.0,1906.0,1906.0,1905.0,1905.300048828125,27223
2026-05-20 09:10:00,1906.5,1906.5,1907.0,1905.800048828125,1906.0,40573
2026-05-20 09:15:00,1905.300048828125,1905.300048828125,1906.5999755859375,1905.0,1906.5,43426
2026-05-20 09:20:00,1905.5,1905.5,1906.0999755859375,1905.300048828125,1905.4000244140625,31122
2026-05-20 09:25:00,1904.9000244140625,1904.9000244140625,1905.5999755859375,1904.800048828125,1905.5999755859375,37992
2026-05-20 09:30:00,1905.5,1905.5,1906.0999755859375,1902.5999755859375,1905.0,309959
2026-05-20 09:35:00,1905.300048828125,1905.300048828125,1906.800048828125,1905.300048828125,1905.5999755859375,210044
2026-05-20 09:40:00,1904.199951171875,1904.199951171875,1905.4000244140625,1904.199951171875,1905.300048828125,238267
2026-05-20 09:45:00,1904.4000244140625,1904.4000244140625,1904.5999755859375,1903.9000244140625,1904.300048828125,208698
2026-05-20 09:50:00,1905.0,1905.0,1905.300048828125,1904.300048828125,1904.300048828125,208296
2026-05-20 09:55:00,1904.9000244140625,1904.9000244140625,1909.5999755859375,1902.0,1905.0999755859375,237256
2026-05-21 03:45:00,1908.5,1908.5,1914.5999755859375,1908.199951171875,1912.5999755859375,0
2026-05-21 03:50:00,1911.5,1911.5,1911.800048828125,1906.5,1908.4000244140625,116313
2026-05-21 03:55:00,1910.300048828125,1910.300048828125,1911.199951171875,1907.4000244140625,1911.0999755859375,70444
2026-05-21 04:00:00,1907.9000244140625,1907.9000244140625,1910.199951171875,1906.300048828125,1910.199951171875,40482
2026-05-21 04:05:00,1910.5,1910.5,1910.800048828125,1908.199951171875,1908.5,43320
2026-05-21 04:10:00,1911.300048828125,1911.300048828125,1911.300048828125,1908.9000244140625,1910.199951171875,45954
2026-05-21 04:15:00,1912.5999755859375,1912.5999755859375,1914.5999755859375,1909.5,1911.4000244140625,72047
2026-05-21 04:20:00,1911.5,1911.5,1913.199951171875,1911.5,1912.699951171875,51309
2026-05-21 04:25:00,1908.800048828125,1908.800048828125,1912.199951171875,1908.199951171875,1911.5,52003
2026-05-21 04:30:00,1908.800048828125,1908.800048828125,1910.0,1908.0,1908.800048828125,26475
2026-05-21 04:35:00,1909.0,1909.0,1911.4000244140625,1908.9000244140625,1909.800048828125,47329
2026-05-21 04:40:00,1905.0,1905.0,1909.5,1905.0,1909.5,91332
2026-05-21 04:45:00,1906.800048828125,1906.800048828125,1907.699951171875,1905.0,1905.5,44586
2026-05-21 04:50:00,1908.9000244140625,1908.9000244140625,1909.699951171875,1905.0999755859375,1906.800048828125,57956
2026-05-21 04:55:00,1908.300048828125,1908.300048828125,1910.0,1907.800048828125,1909.0999755859375,38144
2026-05-21 05:00:00,1910.0,1910.0,1910.800048828125,1908.300048828125,1909.0,45066
2026-05-21 05:05:00,1909.5,1909.5,1911.5,1908.9000244140625,1909.800048828125,52023
2026-05-21 05:10:00,1911.0999755859375,1911.0999755859375,1911.4000244140625,1909.5,1909.699951171875,27508
2026-05-21 05:15:00,1909.199951171875,1909.199951171875,1912.199951171875,1908.699951171875,1911.0999755859375,74795
2026-05-21 05:20:00,1910.5,1910.5,1910.699951171875,1908.800048828125,1909.699951171875,51610
2026-05-21 05:25:00,1908.9000244140625,1908.9000244140625,1910.699951171875,1908.5999755859375,1909.800048828125,100542
2026-05-21 05:30:00,1909.300048828125,1909.300048828125,1910.699951171875,1907.0,1908.9000244140625,45641
2026-05-21 05:35:00,1910.0999755859375,1910.0999755859375,1910.300048828125,1908.5,1909.4000244140625,115369
2026-05-21 05:40:00,1909.5999755859375,1909.5999755859375,1910.199951171875,1909.0,1910.199951171875,84880
2026-05-21 05:45:00,1909.800048828125,1909.800048828125,1909.9000244140625,1906.300048828125,1909.300048828125,53448
2026-05-21 05:50:00,1909.199951171875,1909.199951171875,1910.199951171875,1907.9000244140625,1909.699951171875,83204
2026-05-21 05:55:00,1910.0,1910.0,1911.5999755859375,1908.5,1909.800048828125,129553
2026-05-21 06:00:00,1911.0,1911.0,1911.4000244140625,1909.300048828125,1910.0,75347
2026-05-21 06:05:00,1908.800048828125,1908.800048828125,1911.5,1908.199951171875,1911.0,46782
2026-05-21 06:10:00,1908.0999755859375,1908.0999755859375,1909.699951171875,1906.0,1909.0999755859375,89114
2026-05-21 06:15:00,1908.5999755859375,1908.5999755859375,1909.699951171875,1907.699951171875,1908.199951171875,28208
2026-05-21 06:20:00,1908.4000244140625,1908.4000244140625,1909.800048828125,1908.199951171875,1908.5999755859375,27537
2026-05-21 06:25:00,1905.0999755859375,1905.0999755859375,1910.0,1904.5999755859375,1908.800048828125,106480
2026-05-21 06:30:00,1905.4000244140625,1905.4000244140625,1906.5,1904.0999755859375,1905.300048828125,47604
2026-05-21 06:35:00,1903.699951171875,1903.699951171875,1905.5999755859375,1903.5,1905.4000244140625,74463
2026-05-21 06:40:00,1901.5999755859375,1901.5999755859375,1904.5,1900.300048828125,1903.9000244140625,100451
2026-05-21 06:45:00,1902.5,1902.5,1903.4000244140625,1900.9000244140625,1901.300048828125,41545
2026-05-21 06:50:00,1900.800048828125,1900.800048828125,1904.199951171875,1900.800048828125,1903.0,71090
2026-05-21 06:55:00,1900.0,1900.0,1902.5999755859375,1899.5999755859375,1901.300048828125,120043
2026-05-21 07:00:00,1900.699951171875,1900.699951171875,1901.0999755859375,1899.0999755859375,1899.699951171875,44239
2026-05-21 07:05:00,1899.0999755859375,1899.0999755859375,1901.4000244140625,1898.0999755859375,1900.5,64303
2026-05-21 07:10:00,1899.9000244140625,1899.9000244140625,1900.699951171875,1898.199951171875,1899.199951171875,79554
2026-05-21 07:15:00,1898.0,1898.0,1900.0,1896.4000244140625,1900.0,34256
2026-05-21 07:20:00,1897.5,1897.5,1898.699951171875,1896.5999755859375,1897.5999755859375,19528
2026-05-21 07:25:00,1896.0,1896.0,1897.800048828125,1895.199951171875,1897.800048828125,23584
2026-05-21 07:30:00,1896.0,1896.0,1896.300048828125,1894.0,1896.300048828125,28531
2026-05-21 07:35:00,1898.5,1898.5,1898.800048828125,1894.800048828125,1895.800048828125,29429
2026-05-21 07:40:00,1898.0,1898.0,1899.4000244140625,1897.199951171875,1898.300048828125,23394
2026-05-21 07:45:00,1897.0999755859375,1897.0999755859375,1898.5999755859375,1896.800048828125,1897.9000244140625,34531
2026-05-21 07:50:00,1895.0999755859375,1895.0999755859375,1897.699951171875,1894.9000244140625,1897.0,112864
2026-05-21 07:55:00,1895.0999755859375,1895.0999755859375,1895.699951171875,1894.699951171875,1895.0,98146
2026-05-21 08:00:00,1890.4000244140625,1890.4000244140625,1895.5999755859375,1890.0999755859375,1895.0999755859375,86467
2026-05-21 08:05:00,1891.800048828125,1891.800048828125,1893.800048828125,1889.5,1890.699951171875,76489
2026-05-21 08:10:00,1892.199951171875,1892.199951171875,1892.699951171875,1891.0999755859375,1891.5999755859375,38530
2026-05-21 08:15:00,1892.5,1892.5,1894.0,1892.0999755859375,1892.199951171875,48342
2026-05-21 08:20:00,1887.699951171875,1887.699951171875,1893.5,1887.0,1892.300048828125,93730
2026-05-21 08:25:00,1888.699951171875,1888.699951171875,1888.699951171875,1885.0,1887.199951171875,46945
2026-05-21 08:30:00,1886.5999755859375,1886.5999755859375,1888.300048828125,1886.0999755859375,1888.199951171875,40998
2026-05-21 08:35:00,1883.699951171875,1883.699951171875,1887.4000244140625,1883.699951171875,1886.5,70748
2026-05-21 08:40:00,1883.4000244140625,1883.4000244140625,1884.300048828125,1882.0999755859375,1883.699951171875,135702
2026-05-21 08:45:00,1883.9000244140625,1883.9000244140625,1884.0,1881.0999755859375,1882.9000244140625,39007
2026-05-21 08:50:00,1885.0999755859375,1885.0999755859375,1885.699951171875,1883.800048828125,1883.800048828125,50425
2026-05-21 08:55:00,1884.5999755859375,1884.5999755859375,1885.699951171875,1882.199951171875,1885.0999755859375,72289
2026-05-21 09:00:00,1884.0999755859375,1884.0999755859375,1889.300048828125,1881.199951171875,1883.9000244140625,392528
2026-05-21 09:05:00,1885.699951171875,1885.699951171875,1886.4000244140625,1883.699951171875,1883.699951171875,87271
2026-05-21 09:10:00,1888.199951171875,1888.199951171875,1889.300048828125,1884.5,1885.5999755859375,67589
2026-05-21 09:15:00,1889.199951171875,1889.199951171875,1890.300048828125,1886.800048828125,1888.0,119813
2026-05-21 09:20:00,1892.0,1892.0,1892.0,1888.5999755859375,1889.300048828125,96001
2026-05-21 09:25:00,1888.0999755859375,1888.0999755859375,1892.5999755859375,1887.800048828125,1892.0,94957
2026-05-21 09:30:00,1889.0,1889.0,1891.300048828125,1886.0999755859375,1888.800048828125,253112
2026-05-21 09:35:00,1884.300048828125,1884.300048828125,1889.9000244140625,1883.800048828125,1889.9000244140625,372577
2026-05-21 09:40:00,1883.199951171875,1883.199951171875,1885.5,1881.800048828125,1884.699951171875,358129
2026-05-21 09:45:00,1883.9000244140625,1883.9000244140625,1885.5999755859375,1882.0,1883.4000244140625,216410
2026-05-21 09:50:00,1884.5999755859375,1884.5999755859375,1884.699951171875,1882.699951171875,1883.9000244140625,167938
2026-05-21 09:55:00,1885.300048828125,1885.300048828125,1885.5,1883.0,1884.699951171875,109707
2026-05-22 03:45:00,1890.199951171875,1890.199951171875,1896.4000244140625,1883.199951171875,1886.199951171875,0
2026-05-22 03:50:00,1894.5999755859375,1894.5999755859375,1895.5999755859375,1890.4000244140625,1890.4000244140625,104842
2026-05-22 03:55:00,1892.699951171875,1892.699951171875,1895.699951171875,1891.4000244140625,1895.0999755859375,52051
2026-05-22 04:00:00,1891.5999755859375,1891.5999755859375,1894.5999755859375,1890.0999755859375,1893.5999755859375,44627
2026-05-22 04:05:00,1892.5,1892.5,1893.800048828125,1891.5999755859375,1891.9000244140625,38895
2026-05-22 04:10:00,1893.4000244140625,1893.4000244140625,1894.699951171875,1891.0,1892.4000244140625,42696
2026-05-22 04:15:00,1888.5999755859375,1888.5999755859375,1893.300048828125,1887.5999755859375,1893.300048828125,55610
2026-05-22 04:20:00,1889.800048828125,1889.800048828125,1890.300048828125,1888.0999755859375,1888.5,62700
2026-05-22 04:25:00,1889.9000244140625,1889.9000244140625,1892.0999755859375,1889.199951171875,1889.800048828125,64621
2026-05-22 04:30:00,1887.0,1887.0,1890.199951171875,1886.5,1890.0999755859375,80595
2026-05-22 04:35:00,1887.9000244140625,1887.9000244140625,1888.4000244140625,1884.699951171875,1887.0999755859375,79776
2026-05-22 04:40:00,1886.0,1886.0,1889.4000244140625,1885.300048828125,1887.699951171875,51762
2026-05-22 04:45:00,1878.300048828125,1878.300048828125,1886.0999755859375,1877.9000244140625,1886.0999755859375,120769
2026-05-22 04:50:00,1876.5,1876.5,1878.5999755859375,1876.4000244140625,1878.300048828125,39401
2026-05-22 04:55:00,1875.300048828125,1875.300048828125,1877.0,1875.0999755859375,1876.199951171875,59680
2026-05-22 05:00:00,1878.300048828125,1878.300048828125,1879.0,1874.0999755859375,1875.0,50278
2026-05-22 05:05:00,1874.9000244140625,1874.9000244140625,1878.9000244140625,1874.0,1878.199951171875,46499
2026-05-22 05:10:00,1875.5999755859375,1875.5999755859375,1875.699951171875,1873.5,1874.9000244140625,35856
2026-05-22 05:15:00,1875.0,1875.0,1877.4000244140625,1873.800048828125,1876.0,91069
2026-05-22 05:20:00,1874.9000244140625,1874.9000244140625,1876.0,1874.0999755859375,1875.300048828125,49707
2026-05-22 05:25:00,1875.199951171875,1875.199951171875,1876.0,1874.300048828125,1875.0999755859375,69898
2026-05-22 05:30:00,1875.4000244140625,1875.4000244140625,1877.0,1874.800048828125,1875.199951171875,92606
2026-05-22 05:35:00,1875.199951171875,1875.199951171875,1876.0999755859375,1874.5,1875.5999755859375,102334
2026-05-22 05:40:00,1874.800048828125,1874.800048828125,1877.0,1874.5999755859375,1875.0,143247
2026-05-22 05:45:00,1875.0999755859375,1875.0999755859375,1877.199951171875,1874.800048828125,1876.5,88152
2026-05-22 05:50:00,1875.4000244140625,1875.4000244140625,1876.300048828125,1874.300048828125,1875.300048828125,126035
2026-05-22 05:55:00,1877.5999755859375,1877.5999755859375,1879.9000244140625,1874.5999755859375,1875.5,73843
2026-05-22 06:00:00,1877.9000244140625,1877.9000244140625,1878.800048828125,1877.0,1877.699951171875,42850
2026-05-22 06:05:00,1878.199951171875,1878.199951171875,1878.5999755859375,1877.800048828125,1878.5,63695
2026-05-22 06:10:00,1878.199951171875,1878.199951171875,1880.0,1877.699951171875,1878.9000244140625,180448
2026-05-22 06:15:00,1878.9000244140625,1878.9000244140625,1880.800048828125,1877.800048828125,1879.0,156022
2026-05-22 06:20:00,1879.0999755859375,1879.0999755859375,1880.199951171875,1877.699951171875,1878.9000244140625,52927
2026-05-22 06:25:00,1880.0999755859375,1880.0999755859375,1880.4000244140625,1878.9000244140625,1879.0999755859375,23705
2026-05-22 06:30:00,1879.300048828125,1879.300048828125,1880.5,1879.199951171875,1880.199951171875,31013
2026-05-22 06:35:00,1877.699951171875,1877.699951171875,1879.300048828125,1877.0999755859375,1879.300048828125,38288
2026-05-22 06:40:00,1878.9000244140625,1878.9000244140625,1879.5999755859375,1877.0,1877.699951171875,60817
2026-05-22 06:45:00,1879.300048828125,1879.300048828125,1879.5999755859375,1878.5,1879.0,34611
2026-05-22 06:50:00,1878.5999755859375,1878.5999755859375,1880.5,1878.5,1879.199951171875,59375
2026-05-22 06:55:00,1878.9000244140625,1878.9000244140625,1880.0999755859375,1878.0999755859375,1878.5999755859375,41764
2026-05-22 07:00:00,1878.0999755859375,1878.0999755859375,1879.0999755859375,1877.9000244140625,1879.0999755859375,36719
2026-05-22 07:05:00,1878.300048828125,1878.300048828125,1878.699951171875,1877.5999755859375,1878.5,24040
2026-05-22 07:10:00,1878.800048828125,1878.800048828125,1879.0,1877.800048828125,1878.300048828125,25475
2026-05-22 07:15:00,1879.699951171875,1879.699951171875,1879.800048828125,1878.300048828125,1878.9000244140625,41840
2026-05-22 07:20:00,1879.0,1879.0,1880.5,1878.9000244140625,1879.5999755859375,76953
2026-05-22 07:25:00,1879.0999755859375,1879.0999755859375,1879.800048828125,1878.699951171875,1879.5999755859375,31216
2026-05-22 07:30:00,1878.0,1878.0,1879.199951171875,1877.9000244140625,1879.199951171875,22845
2026-05-22 07:35:00,1877.5999755859375,1877.5999755859375,1878.800048828125,1877.5999755859375,1878.0,27521
2026-05-22 07:40:00,1878.5999755859375,1878.5999755859375,1879.0999755859375,1877.5999755859375,1877.5999755859375,31271
2026-05-22 07:45:00,1878.800048828125,1878.800048828125,1880.0,1878.5,1878.5,29610
2026-05-22 07:50:00,1878.9000244140625,1878.9000244140625,1879.699951171875,1878.699951171875,1878.800048828125,68420
2026-05-22 07:55:00,1878.9000244140625,1878.9000244140625,1879.300048828125,1878.5999755859375,1879.0,36734
2026-05-22 08:00:00,1878.9000244140625,1878.9000244140625,1879.800048828125,1878.9000244140625,1879.0,33049
2026-05-22 08:05:00,1879.0,1879.0,1879.199951171875,1878.800048828125,1878.9000244140625,21475
2026-05-22 08:10:00,1878.5,1878.5,1879.0,1878.0,1879.0,41675
2026-05-22 08:15:00,1879.0,1879.0,1879.5999755859375,1877.800048828125,1878.5,137727
2026-05-22 08:20:00,1877.9000244140625,1877.9000244140625,1879.5999755859375,1877.699951171875,1879.0999755859375,87028
2026-05-22 08:25:00,1875.9000244140625,1875.9000244140625,1878.199951171875,1875.699951171875,1878.0,36918
2026-05-22 08:30:00,1873.5999755859375,1873.5999755859375,1875.800048828125,1872.800048828125,1875.5999755859375,40069
2026-05-22 08:35:00,1874.9000244140625,1874.9000244140625,1875.699951171875,1872.199951171875,1873.9000244140625,43099
2026-05-22 08:40:00,1877.0,1877.0,1877.0,1874.4000244140625,1874.699951171875,58169
2026-05-22 08:45:00,1875.0,1875.0,1877.0999755859375,1874.9000244140625,1877.0,46338
2026-05-22 08:50:00,1875.300048828125,1875.300048828125,1876.0,1874.5999755859375,1875.0999755859375,25238
2026-05-22 08:55:00,1874.5,1874.5,1875.199951171875,1874.4000244140625,1875.199951171875,35323
2026-05-22 09:00:00,1874.5,1874.5,1875.0999755859375,1872.4000244140625,1874.5,52727
2026-05-22 09:05:00,1873.800048828125,1873.800048828125,1875.0999755859375,1873.5,1874.699951171875,29405
2026-05-22 09:10:00,1872.5,1872.5,1874.800048828125,1872.5,1873.800048828125,38344
2026-05-22 09:15:00,1874.699951171875,1874.699951171875,1875.5,1872.5,1872.5,50769
2026-05-22 09:20:00,1873.800048828125,1873.800048828125,1875.0999755859375,1873.800048828125,1874.699951171875,53620
2026-05-22 09:25:00,1873.9000244140625,1873.9000244140625,1874.4000244140625,1873.300048828125,1873.800048828125,32525
2026-05-22 09:30:00,1869.699951171875,1869.699951171875,1874.5,1869.300048828125,1873.9000244140625,193676
2026-05-22 09:35:00,1870.4000244140625,1870.4000244140625,1871.0999755859375,1869.4000244140625,1869.699951171875,143943
2026-05-22 09:40:00,1871.199951171875,1871.199951171875,1871.800048828125,1870.0,1870.199951171875,167076
2026-05-22 09:45:00,1872.300048828125,1872.300048828125,1872.5999755859375,1871.199951171875,1871.199951171875,166109
2026-05-22 09:50:00,1872.4000244140625,1872.4000244140625,1872.9000244140625,1871.9000244140625,1872.5999755859375,172782
2026-05-22 09:55:00,1872.699951171875,1872.699951171875,1873.0,1871.4000244140625,1872.4000244140625,114091
2026-05-25 03:45:00,1877.0,1877.0,1887.199951171875,1877.0,1887.199951171875,0
2026-05-25 03:50:00,1878.800048828125,1878.800048828125,1880.699951171875,1878.199951171875,1879.0,94091
2026-05-25 03:55:00,1876.300048828125,1876.300048828125,1879.699951171875,1875.199951171875,1878.300048828125,707070
2026-05-25 04:00:00,1875.9000244140625,1875.9000244140625,1876.5999755859375,1875.199951171875,1876.300048828125,53328
2026-05-25 04:05:00,1872.0,1872.0,1875.199951171875,1870.5,1875.199951171875,88044
2026-05-25 04:10:00,1875.0999755859375,1875.0999755859375,1875.0999755859375,1871.800048828125,1872.0999755859375,34215
2026-05-25 04:15:00,1871.5,1871.5,1875.0999755859375,1870.199951171875,1875.0,82779
2026-05-25 04:20:00,1873.0,1873.0,1873.0,1870.800048828125,1871.4000244140625,41817
2026-05-25 04:25:00,1877.300048828125,1877.300048828125,1878.0,1872.800048828125,1873.0,59033
2026-05-25 04:30:00,1877.199951171875,1877.199951171875,1877.5,1876.300048828125,1877.5,51359
2026-05-25 04:35:00,1878.5,1878.5,1878.5999755859375,1876.699951171875,1877.0999755859375,30606
2026-05-25 04:40:00,1879.300048828125,1879.300048828125,1880.0,1878.5999755859375,1878.5999755859375,45554
2026-05-25 04:45:00,1879.0,1879.0,1880.800048828125,1879.0,1879.800048828125,100373
2026-05-25 04:50:00,1878.0,1878.0,1879.4000244140625,1878.0,1879.0,47956
2026-05-25 04:55:00,1877.0999755859375,1877.0999755859375,1878.0,1877.0,1878.0,28956
2026-05-25 05:00:00,1877.199951171875,1877.199951171875,1877.800048828125,1877.0999755859375,1877.0999755859375,23682
2026-05-25 05:05:00,1877.4000244140625,1877.4000244140625,1877.800048828125,1877.199951171875,1877.199951171875,27488
2026-05-25 05:10:00,1877.9000244140625,1877.9000244140625,1877.9000244140625,1877.0999755859375,1877.300048828125,37322
2026-05-25 05:15:00,1878.0999755859375,1878.0999755859375,1878.0999755859375,1877.5,1877.800048828125,12656
2026-05-25 05:20:00,1877.699951171875,1877.699951171875,1878.300048828125,1877.5,1878.0,29627
2026-05-25 05:25:00,1875.0,1875.0,1878.0999755859375,1875.0,1877.800048828125,46278
2026-05-25 05:30:00,1874.199951171875,1874.199951171875,1875.0,1874.0999755859375,1875.0,33082
2026-05-25 05:35:00,1875.4000244140625,1875.4000244140625,1875.800048828125,1873.800048828125,1874.699951171875,35430
2026-05-25 05:40:00,1877.9000244140625,1877.9000244140625,1877.9000244140625,1875.0999755859375,1875.4000244140625,29204
2026-05-25 05:45:00,1877.199951171875,1877.199951171875,1878.300048828125,1877.199951171875,1878.0,41545
2026-05-25 05:50:00,1876.5,1876.5,1877.199951171875,1875.5,1877.199951171875,45211
2026-05-25 05:55:00,1879.4000244140625,1879.4000244140625,1879.4000244140625,1876.199951171875,1876.699951171875,69828
2026-05-25 06:00:00,1874.699951171875,1874.699951171875,1879.5,1874.5,1879.4000244140625,86243
2026-05-25 06:05:00,1875.4000244140625,1875.4000244140625,1875.699951171875,1874.0999755859375,1874.5,63050
2026-05-25 06:10:00,1878.300048828125,1878.300048828125,1879.0999755859375,1875.300048828125,1875.300048828125,51801
2026-05-25 06:15:00,1880.300048828125,1880.300048828125,1881.800048828125,1877.9000244140625,1878.300048828125,225437
2026-05-25 06:20:00,1880.4000244140625,1880.4000244140625,1880.800048828125,1878.0,1880.0999755859375,65629
2026-05-25 06:25:00,1880.199951171875,1880.199951171875,1880.9000244140625,1879.9000244140625,1880.4000244140625,47143
2026-05-25 06:30:00,1879.9000244140625,1879.9000244140625,1880.5,1879.699951171875,1880.199951171875,14960
2026-05-25 06:35:00,1879.0999755859375,1879.0999755859375,1881.699951171875,1879.0,1880.5,49163
2026-05-25 06:40:00,1879.0,1879.0,1879.4000244140625,1878.800048828125,1879.300048828125,23223
2026-05-25 06:45:00,1879.0999755859375,1879.0999755859375,1879.5,1879.0,1879.0,15840
2026-05-25 06:50:00,1877.800048828125,1877.800048828125,1879.5999755859375,1877.5999755859375,1879.0999755859375,20004
2026-05-25 06:55:00,1876.9000244140625,1876.9000244140625,1877.9000244140625,1876.5,1877.9000244140625,17469
2026-05-25 07:00:00,1876.5,1876.5,1876.9000244140625,1875.699951171875,1876.5999755859375,29395
2026-05-25 07:05:00,1875.300048828125,1875.300048828125,1876.5,1875.0999755859375,1876.4000244140625,13927
2026-05-25 07:10:00,1875.5,1875.5,1877.300048828125,1875.0,1875.300048828125,32400
2026-05-25 07:15:00,1873.300048828125,1873.300048828125,1875.5,1872.699951171875,1875.5,25988
2026-05-25 07:20:00,1874.9000244140625,1874.9000244140625,1875.199951171875,1873.0,1873.0999755859375,18660
2026-05-25 07:25:00,1874.5,1874.5,1875.5999755859375,1874.300048828125,1875.0999755859375,25497
2026-05-25 07:30:00,1875.5,1875.5,1877.0,1873.199951171875,1874.5999755859375,23225
2026-05-25 07:35:00,1877.0999755859375,1877.0999755859375,1877.300048828125,1875.5,1875.5999755859375,32965
2026-05-25 07:40:00,1874.4000244140625,1874.4000244140625,1877.5,1873.5,1877.0,78189
2026-05-25 07:45:00,1871.5,1871.5,1875.199951171875,1871.0999755859375,1874.4000244140625,45388
2026-05-25 07:50:00,1870.0,1870.0,1871.4000244140625,1868.300048828125,1871.4000244140625,95491
2026-05-25 07:55:00,1869.800048828125,1869.800048828125,1871.0,1868.699951171875,1870.0999755859375,108936
2026-05-25 08:00:00,1869.9000244140625,1869.9000244140625,1870.699951171875,1869.0999755859375,1869.9000244140625,111250
2026-05-25 08:05:00,1869.699951171875,1869.699951171875,1870.4000244140625,1868.5999755859375,1869.699951171875,55482
2026-05-25 08:10:00,1867.5,1867.5,1869.800048828125,1867.199951171875,1869.5999755859375,59427
2026-05-25 08:15:00,1866.4000244140625,1866.4000244140625,1868.199951171875,1866.4000244140625,1867.5,53326
2026-05-25 08:20:00,1866.699951171875,1866.699951171875,1867.9000244140625,1865.800048828125,1866.4000244140625,70907
2026-05-25 08:25:00,1866.5,1866.5,1867.5999755859375,1866.4000244140625,1866.699951171875,63924
2026-05-25 08:30:00,1867.300048828125,1867.300048828125,1868.0,1866.0,1866.800048828125,62633
2026-05-25 08:35:00,1864.5,1864.5,1867.300048828125,1864.4000244140625,1867.199951171875,51757
2026-05-25 08:40:00,1863.199951171875,1863.199951171875,1866.199951171875,1863.199951171875,1864.800048828125,57249
2026-05-25 08:45:00,1863.9000244140625,1863.9000244140625,1865.0,1863.0999755859375,1863.4000244140625,61800
2026-05-25 08:50:00,1864.699951171875,1864.699951171875,1865.0,1863.300048828125,1863.800048828125,66509
2026-05-25 08:55:00,1865.5,1865.5,1866.5999755859375,1863.699951171875,1864.5999755859375,67571
2026-05-25 09:00:00,1866.5999755859375,1866.5999755859375,1866.5999755859375,1864.699951171875,1865.4000244140625,72821
2026-05-25 09:05:00,1868.300048828125,1868.300048828125,1868.800048828125,1865.800048828125,1866.199951171875,99483
2026-05-25 09:10:00,1871.5,1871.5,1871.800048828125,1868.0,1868.300048828125,144077
2026-05-25 09:15:00,1873.5,1873.5,1873.9000244140625,1871.0999755859375,1871.199951171875,79983
2026-05-25 09:20:00,1875.9000244140625,1875.9000244140625,1876.0,1873.0,1873.5,89944
2026-05-25 09:25:00,1877.0999755859375,1877.0999755859375,1877.0999755859375,1875.0999755859375,1875.5,127983
2026-05-25 09:30:00,1875.5,1875.5,1877.0999755859375,1873.5999755859375,1877.0999755859375,215845
2026-05-25 09:35:00,1873.5999755859375,1873.5999755859375,1875.5,1873.300048828125,1875.4000244140625,204876
2026-05-25 09:40:00,1874.0999755859375,1874.0999755859375,1875.0,1873.5,1873.5999755859375,142001
2026-05-25 09:45:00,1872.4000244140625,1872.4000244140625,1874.199951171875,1872.4000244140625,1874.0999755859375,131347
2026-05-25 09:50:00,1876.699951171875,1876.699951171875,1877.0,1872.5,1872.5,187183
2026-05-25 09:55:00,1874.800048828125,1874.800048828125,1879.0,1874.800048828125,1876.699951171875,132311
2026-05-26 03:45:00,1861.300048828125,1861.300048828125,1873.300048828125,1857.800048828125,1873.300048828125,0
2026-05-26 03:50:00,1858.5,1858.5,1861.5999755859375,1857.0,1861.199951171875,100210
2026-05-26 03:55:00,1858.5999755859375,1858.5999755859375,1861.5999755859375,1857.199951171875,1858.0,105183
2026-05-26 04:00:00,1861.0999755859375,1861.0999755859375,1862.0999755859375,1858.0,1858.5999755859375,38925
2026-05-26 04:05:00,1865.0,1865.0,1865.0,1859.699951171875,1861.0999755859375,81493
2026-05-26 04:10:00,1868.0,1868.0,1868.9000244140625,1864.4000244140625,1865.199951171875,54792
2026-05-26 04:15:00,1863.800048828125,1863.800048828125,1868.5,1863.199951171875,1868.0,67704
2026-05-26 04:20:00,1862.300048828125,1862.300048828125,1864.4000244140625,1861.5,1863.0999755859375,73691
2026-05-26 04:25:00,1864.5999755859375,1864.5999755859375,1864.9000244140625,1860.5,1862.0999755859375,63670
2026-05-26 04:30:00,1863.800048828125,1863.800048828125,1864.800048828125,1862.4000244140625,1864.800048828125,55359
2026-05-26 04:35:00,1864.199951171875,1864.199951171875,1866.0999755859375,1862.9000244140625,1863.699951171875,49602
2026-05-26 04:40:00,1865.0999755859375,1865.0999755859375,1865.0999755859375,1862.300048828125,1864.5999755859375,38944
2026-05-26 04:45:00,1863.800048828125,1863.800048828125,1865.5999755859375,1863.4000244140625,1865.5999755859375,40602
2026-05-26 04:50:00,1866.699951171875,1866.699951171875,1866.9000244140625,1863.800048828125,1864.0,28832
2026-05-26 04:55:00,1867.300048828125,1867.300048828125,1869.5,1866.0999755859375,1866.800048828125,89373
2026-05-26 05:00:00,1865.5999755859375,1865.5999755859375,1867.5999755859375,1865.5999755859375,1867.5,28662
2026-05-26 05:05:00,1865.0,1865.0,1866.300048828125,1864.699951171875,1865.5999755859375,29281
2026-05-26 05:10:00,1863.199951171875,1863.199951171875,1865.4000244140625,1862.5999755859375,1864.9000244140625,29994
2026-05-26 05:15:00,1864.0,1864.0,1864.0999755859375,1863.199951171875,1863.199951171875,21763
2026-05-26 05:20:00,1866.0999755859375,1866.0999755859375,1866.9000244140625,1864.5,1864.5999755859375,81074
2026-05-26 05:25:00,1865.0,1865.0,1865.800048828125,1864.0,1865.800048828125,61847
2026-05-26 05:30:00,1865.0,1865.0,1865.699951171875,1864.300048828125,1865.0,57258
2026-05-26 05:35:00,1863.5999755859375,1863.5999755859375,1865.300048828125,1862.5999755859375,1865.0,83337
2026-05-26 05:40:00,1863.800048828125,1863.800048828125,1864.800048828125,1863.5,1863.9000244140625,46907
2026-05-26 05:45:00,1863.5,1863.5,1864.199951171875,1862.0,1863.5999755859375,34370
2026-05-26 05:50:00,1864.0,1864.0,1865.0,1863.5,1863.5,43506
2026-05-26 05:55:00,1863.5,1863.5,1864.300048828125,1863.5,1864.0,22111
2026-05-26 06:00:00,1864.699951171875,1864.699951171875,1865.300048828125,1862.800048828125,1863.5999755859375,59353
2026-05-26 06:05:00,1865.9000244140625,1865.9000244140625,1866.0999755859375,1864.0999755859375,1864.5999755859375,36713
2026-05-26 06:10:00,1867.699951171875,1867.699951171875,1868.0,1864.5,1866.0,29556
2026-05-26 06:15:00,1867.300048828125,1867.300048828125,1868.199951171875,1866.199951171875,1867.699951171875,71561
2026-05-26 06:20:00,1864.0,1864.0,1867.5999755859375,1864.0,1867.5999755859375,48074
2026-05-26 06:25:00,1861.300048828125,1861.300048828125,1864.0,1861.0,1864.0,56333
2026-05-26 06:30:00,1861.800048828125,1861.800048828125,1862.699951171875,1860.5,1861.4000244140625,56307
2026-05-26 06:35:00,1862.199951171875,1862.199951171875,1862.800048828125,1861.0,1862.199951171875,28578
2026-05-26 06:40:00,1862.699951171875,1862.699951171875,1863.0999755859375,1862.0,1862.300048828125,32069
2026-05-26 06:45:00,1863.699951171875,1863.699951171875,1864.300048828125,1862.300048828125,1862.9000244140625,33061
2026-05-26 06:50:00,1863.300048828125,1863.300048828125,1863.800048828125,1863.0,1863.699951171875,25942
2026-05-26 06:55:00,1863.199951171875,1863.199951171875,1863.699951171875,1863.0,1863.4000244140625,23173
2026-05-26 07:00:00,1863.9000244140625,1863.9000244140625,1865.0,1862.199951171875,1863.199951171875,45580
2026-05-26 07:05:00,1864.0,1864.0,1864.4000244140625,1861.699951171875,1863.699951171875,34806
2026-05-26 07:10:00,1862.9000244140625,1862.9000244140625,1864.5999755859375,1862.0999755859375,1864.199951171875,37790
2026-05-26 07:15:00,1861.0,1861.0,1863.300048828125,1860.4000244140625,1863.0,42715
2026-05-26 07:20:00,1860.300048828125,1860.300048828125,1861.199951171875,1858.5999755859375,1861.199951171875,57852
2026-05-26 07:25:00,1860.300048828125,1860.300048828125,1861.0,1859.699951171875,1860.5,45968
2026-05-26 07:30:00,1858.300048828125,1858.300048828125,1861.199951171875,1858.0,1860.300048828125,55881
2026-05-26 07:35:00,1858.800048828125,1858.800048828125,1859.699951171875,1857.699951171875,1858.300048828125,68290
2026-05-26 07:40:00,1859.0999755859375,1859.0999755859375,1860.800048828125,1858.699951171875,1858.699951171875,40332
2026-05-26 07:45:00,1858.9000244140625,1858.9000244140625,1859.4000244140625,1858.5,1859.199951171875,73427
2026-05-26 07:50:00,1858.4000244140625,1858.4000244140625,1860.0,1858.0999755859375,1859.0,54356
2026-05-26 07:55:00,1859.5,1859.5,1860.300048828125,1857.4000244140625,1858.300048828125,88102
2026-05-26 08:00:00,1859.9000244140625,1859.9000244140625,1861.5999755859375,1859.0999755859375,1859.800048828125,87174
2026-05-26 08:05:00,1859.0,1859.0,1860.300048828125,1859.0,1859.9000244140625,24321
2026-05-26 08:10:00,1859.4000244140625,1859.4000244140625,1860.800048828125,1859.0,1859.0,36482
2026-05-26 08:15:00,1859.699951171875,1859.699951171875,1862.0,1859.300048828125,1859.300048828125,78636
2026-05-26 08:20:00,1858.699951171875,1858.699951171875,1860.0,1857.800048828125,1859.699951171875,25769
2026-05-26 08:25:00,1857.0999755859375,1857.0999755859375,1859.199951171875,1857.0,1858.699951171875,23520
2026-05-26 08:30:00,1853.4000244140625,1853.4000244140625,1857.0999755859375,1853.0999755859375,1857.0999755859375,38697
2026-05-26 08:35:00,1855.800048828125,1855.800048828125,1856.699951171875,1852.5999755859375,1853.5,78215
2026-05-26 08:40:00,1855.5,1855.5,1856.300048828125,1854.0,1856.300048828125,35773
2026-05-26 08:45:00,1853.9000244140625,1853.9000244140625,1855.5999755859375,1853.199951171875,1855.5999755859375,29971
2026-05-26 08:50:00,1854.0999755859375,1854.0999755859375,1855.199951171875,1853.199951171875,1854.0,71733
2026-05-26 08:55:00,1851.300048828125,1851.300048828125,1854.4000244140625,1849.300048828125,1854.300048828125,95971
2026-05-26 09:00:00,1853.199951171875,1853.199951171875,1853.199951171875,1850.0999755859375,1851.300048828125,65643
2026-05-26 09:05:00,1852.300048828125,1852.300048828125,1853.5,1850.0,1852.699951171875,197047
2026-05-26 09:10:00,1851.4000244140625,1851.4000244140625,1852.699951171875,1850.0,1852.300048828125,91001
2026-05-26 09:15:00,1849.9000244140625,1849.9000244140625,1852.0999755859375,1849.300048828125,1851.199951171875,81366
2026-05-26 09:20:00,1848.5999755859375,1848.5999755859375,1849.9000244140625,1848.0,1849.9000244140625,60434
2026-05-26 09:25:00,1849.199951171875,1849.199951171875,1850.5,1848.0999755859375,1848.5999755859375,67687
2026-05-26 09:30:00,1846.800048828125,1846.800048828125,1849.9000244140625,1845.4000244140625,1849.9000244140625,301925
2026-05-26 09:35:00,1849.800048828125,1849.800048828125,1850.0,1846.300048828125,1846.300048828125,344521
2026-05-26 09:40:00,1846.4000244140625,1846.4000244140625,1849.9000244140625,1845.800048828125,1849.9000244140625,457517
2026-05-26 09:45:00,1845.699951171875,1845.699951171875,1846.5,1844.800048828125,1846.300048828125,286227
2026-05-26 09:50:00,1846.5,1846.5,1847.0,1845.0999755859375,1846.0,241191
2026-05-26 09:55:00,1847.0,1847.0,1847.9000244140625,1845.0999755859375,1846.800048828125,163652
2026-05-27 03:45:00,1847.800048828125,1847.800048828125,1854.4000244140625,1842.0,1846.0,0
2026-05-27 03:50:00,1845.800048828125,1845.800048828125,1848.199951171875,1845.199951171875,1847.5999755859375,68619
2026-05-27 03:55:00,1842.699951171875,1842.699951171875,1846.0999755859375,1841.0999755859375,1846.0999755859375,68723
2026-05-27 04:00:00,1844.4000244140625,1844.4000244140625,1845.0999755859375,1840.699951171875,1843.199951171875,57882
2026-05-27 04:05:00,1846.0,1846.0,1846.9000244140625,1843.5,1844.800048828125,73973
2026-05-27 04:10:00,1850.699951171875,1850.699951171875,1851.0,1845.800048828125,1846.0999755859375,67708
2026-05-27 04:15:00,1845.4000244140625,1845.4000244140625,1850.9000244140625,1845.0,1850.699951171875,55975
2026-05-27 04:20:00,1848.0,1848.0,1849.4000244140625,1845.5,1845.800048828125,17897
2026-05-27 04:25:00,1848.0999755859375,1848.0999755859375,1850.0,1847.0,1847.800048828125,25737
2026-05-27 04:30:00,1858.0999755859375,1858.0999755859375,1858.4000244140625,1847.5,1847.9000244140625,94005
2026-05-27 04:35:00,1857.800048828125,1857.800048828125,1858.800048828125,1853.0999755859375,1858.5,86998
2026-05-27 04:40:00,1857.4000244140625,1857.4000244140625,1859.0,1856.4000244140625,1857.800048828125,58681
2026-05-27 04:45:00,1857.800048828125,1857.800048828125,1857.9000244140625,1854.5,1857.9000244140625,42591
2026-05-27 04:50:00,1859.9000244140625,1859.9000244140625,1860.0,1855.199951171875,1858.0,83928
2026-05-27 04:55:00,1857.300048828125,1857.300048828125,1860.300048828125,1855.300048828125,1859.800048828125,114108
2026-05-27 05:00:00,1858.0,1858.0,1858.0,1856.0,1857.5999755859375,55152
2026-05-27 05:05:00,1856.9000244140625,1856.9000244140625,1858.5999755859375,1856.5,1857.9000244140625,69492
2026-05-27 05:10:00,1857.9000244140625,1857.9000244140625,1858.9000244140625,1855.0,1857.4000244140625,81557
2026-05-27 05:15:00,1858.9000244140625,1858.9000244140625,1858.9000244140625,1856.4000244140625,1857.699951171875,90830
2026-05-27 05:20:00,1858.5999755859375,1858.5999755859375,1859.4000244140625,1857.300048828125,1858.5,61030
2026-05-27 05:25:00,1858.0,1858.0,1859.5999755859375,1855.5,1858.0999755859375,88487
2026-05-27 05:30:00,1859.5,1859.5,1861.5,1857.800048828125,1858.5,140526
2026-05-27 05:35:00,1860.0999755859375,1860.0999755859375,1860.5,1857.9000244140625,1859.300048828125,174170
2026-05-27 05:40:00,1863.5,1863.5,1863.800048828125,1859.699951171875,1860.5,80088
2026-05-27 05:45:00,1865.5,1865.5,1865.699951171875,1864.0,1864.0,67832
2026-05-27 05:50:00,1863.9000244140625,1863.9000244140625,1866.5,1863.0,1865.5,149641
2026-05-27 05:55:00,1865.300048828125,1865.300048828125,1866.5,1861.699951171875,1864.0,43029
2026-05-27 06:00:00,1865.300048828125,1865.300048828125,1865.9000244140625,1862.300048828125,1865.0,80692
2026-05-27 06:05:00,1862.5,1862.5,1865.0,1860.5,1864.300048828125,59313
2026-05-27 06:10:00,1864.0999755859375,1864.0999755859375,1864.699951171875,1862.5,1862.699951171875,23583
2026-05-27 06:15:00,1862.0999755859375,1862.0999755859375,1864.9000244140625,1862.0999755859375,1864.199951171875,32208
2026-05-27 06:20:00,1860.5,1860.5,1862.4000244140625,1859.699951171875,1862.4000244140625,27448
2026-05-27 06:25:00,1862.0,1862.0,1863.0,1860.0999755859375,1860.199951171875,25626
2026-05-27 06:30:00,1862.199951171875,1862.199951171875,1862.800048828125,1858.300048828125,1862.0,21909
2026-05-27 06:35:00,1861.5,1861.5,1862.800048828125,1860.0999755859375,1862.199951171875,34931
2026-05-27 06:40:00,1860.9000244140625,1860.9000244140625,1862.5,1860.800048828125,1861.5999755859375,12300
2026-05-27 06:45:00,1862.9000244140625,1862.9000244140625,1863.199951171875,1860.800048828125,1860.9000244140625,57338
2026-05-27 06:50:00,1862.699951171875,1862.699951171875,1863.4000244140625,1860.5999755859375,1862.800048828125,40157
2026-05-27 06:55:00,1864.0999755859375,1864.0999755859375,1865.0,1861.699951171875,1862.699951171875,75798
2026-05-27 07:00:00,1865.5,1865.5,1865.9000244140625,1863.9000244140625,1864.4000244140625,32767
2026-05-27 07:05:00,1867.0,1867.0,1869.4000244140625,1865.4000244140625,1865.5,48298
2026-05-27 07:10:00,1867.199951171875,1867.199951171875,1868.0999755859375,1866.199951171875,1867.0999755859375,16799
2026-05-27 07:15:00,1864.9000244140625,1864.9000244140625,1867.199951171875,1864.0,1867.0999755859375,14524
2026-05-27 07:20:00,1864.5999755859375,1864.5999755859375,1864.800048828125,1864.300048828125,1864.800048828125,9659
2026-05-27 07:25:00,1864.0,1864.0,1865.699951171875,1864.0,1864.699951171875,15013
2026-05-27 07:30:00,1864.5999755859375,1864.5999755859375,1865.199951171875,1862.800048828125,1864.0999755859375,35803
2026-05-27 07:35:00,1864.199951171875,1864.199951171875,1866.5999755859375,1863.5,1864.0,89774
2026-05-27 07:40:00,1861.699951171875,1861.699951171875,1866.699951171875,1861.0999755859375,1864.199951171875,583266
2026-05-27 07:45:00,1859.5999755859375,1859.5999755859375,1862.5999755859375,1859.5999755859375,1861.699951171875,31894
2026-05-27 07:50:00,1862.199951171875,1862.199951171875,1862.5,1858.699951171875,1859.5999755859375,48843
2026-05-27 07:55:00,1863.0999755859375,1863.0999755859375,1864.5999755859375,1861.800048828125,1862.300048828125,85544
2026-05-27 08:00:00,1860.300048828125,1860.300048828125,1863.9000244140625,1860.300048828125,1863.199951171875,81165
2026-05-27 08:05:00,1859.800048828125,1859.800048828125,1862.5,1859.5999755859375,1860.0,116378
2026-05-27 08:10:00,1858.0,1858.0,1860.9000244140625,1857.199951171875,1859.9000244140625,80003
2026-05-27 08:15:00,1862.4000244140625,1862.4000244140625,1862.800048828125,1856.199951171875,1858.0,127289
2026-05-27 08:20:00,1864.199951171875,1864.199951171875,1864.800048828125,1862.199951171875,1862.4000244140625,13902
2026-05-27 08:25:00,1862.800048828125,1862.800048828125,1864.300048828125,1862.0999755859375,1864.199951171875,37800
2026-05-27 08:30:00,1863.0,1863.0,1864.199951171875,1861.800048828125,1862.699951171875,43061
2026-05-27 08:35:00,1861.9000244140625,1861.9000244140625,1863.0999755859375,1861.199951171875,1863.0,44260
2026-05-27 08:40:00,1860.0,1860.0,1862.0999755859375,1860.0,1861.800048828125,36700
2026-05-27 08:45:00,1859.300048828125,1859.300048828125,1862.0,1859.199951171875,1860.0999755859375,129182
2026-05-27 08:50:00,1858.5,1858.5,1861.199951171875,1857.699951171875,1859.699951171875,213909
2026-05-27 08:55:00,1853.0,1853.0,1858.5,1851.5,1858.5,336212
2026-05-27 09:00:00,1847.800048828125,1847.800048828125,1853.5,1847.5999755859375,1852.800048828125,225472
2026-05-27 09:05:00,1843.699951171875,1843.699951171875,1848.5999755859375,1841.300048828125,1848.300048828125,386307
2026-05-27 09:10:00,1844.0,1844.0,1846.300048828125,1842.699951171875,1843.9000244140625,657993
2026-05-27 09:15:00,1845.5,1845.5,1846.5,1843.4000244140625,1845.0999755859375,449479
2026-05-27 09:20:00,1849.9000244140625,1849.9000244140625,1851.800048828125,1844.5999755859375,1845.4000244140625,254061
2026-05-27 09:25:00,1852.4000244140625,1852.4000244140625,1852.9000244140625,1849.199951171875,1849.5999755859375,62347
2026-05-27 09:30:00,1851.0,1851.0,1852.0999755859375,1848.199951171875,1851.5999755859375,213329
2026-05-27 09:35:00,1851.5999755859375,1851.5999755859375,1852.4000244140625,1849.5,1850.5999755859375,199458
2026-05-27 09:40:00,1852.800048828125,1852.800048828125,1853.4000244140625,1849.0999755859375,1851.699951171875,240025
2026-05-27 09:45:00,1856.5,1856.5,1856.5,1852.699951171875,1853.0999755859375,269011
2026-05-27 09:50:00,1854.5,1854.5,1857.300048828125,1854.4000244140625,1856.5,183405
2026-05-27 09:55:00,1847.9000244140625,1847.9000244140625,1856.4000244140625,1847.9000244140625,1854.0,492737
2026-05-29 03:45:00,1830.0,1830.0,1856.0,1825.5,1856.0,6367236
2026-05-29 03:50:00,1825.4000244140625,1825.4000244140625,1833.5999755859375,1825.4000244140625,1830.300048828125,832135
2026-05-29 03:55:00,1822.9000244140625,1822.9000244140625,1828.5999755859375,1821.0,1825.5999755859375,603132
2026-05-29 04:00:00,1823.9000244140625,1823.9000244140625,1825.5999755859375,1819.0999755859375,1823.0,407489
2026-05-29 04:05:00,1826.0,1826.0,1829.300048828125,1822.9000244140625,1823.699951171875,448315
2026-05-29 04:10:00,1824.0999755859375,1824.0999755859375,1828.0,1821.300048828125,1826.0999755859375,247000
2026-05-29 04:15:00,1827.300048828125,1827.300048828125,1827.4000244140625,1823.5,1823.9000244140625,100780
2026-05-29 04:20:00,1827.9000244140625,1827.9000244140625,1830.800048828125,1825.800048828125,1827.300048828125,228972
2026-05-29 04:25:00,1829.5,1829.5,1831.5,1828.0,1828.5,196768
2026-05-29 04:30:00,1827.5,1827.5,1831.5999755859375,1826.9000244140625,1830.0999755859375,124450
2026-05-29 04:35:00,1830.699951171875,1830.699951171875,1830.699951171875,1827.5,1827.5,123043
2026-05-29 04:40:00,1830.199951171875,1830.199951171875,1832.300048828125,1830.199951171875,1830.5999755859375,178556
2026-05-29 04:45:00,1831.9000244140625,1831.9000244140625,1832.300048828125,1829.199951171875,1830.0,152998
2026-05-29 04:50:00,1832.199951171875,1832.199951171875,1836.0,1831.300048828125,1831.9000244140625,535491
2026-05-29 04:55:00,1831.699951171875,1831.699951171875,1832.5,1831.5,1832.199951171875,73392
2026-05-29 05:00:00,1832.699951171875,1832.699951171875,1834.4000244140625,1831.300048828125,1831.699951171875,180115
2026-05-29 05:05:00,1834.5,1834.5,1835.5,1832.800048828125,1833.0999755859375,148042
2026-05-29 05:10:00,1833.9000244140625,1833.9000244140625,1835.699951171875,1833.5999755859375,1834.9000244140625,118196
2026-05-29 05:15:00,1832.9000244140625,1832.9000244140625,1834.0,1832.300048828125,1833.9000244140625,59628
2026-05-29 05:20:00,1832.9000244140625,1832.9000244140625,1833.199951171875,1832.699951171875,1833.0999755859375,55599
2026-05-29 05:25:00,1831.699951171875,1831.699951171875,1833.300048828125,1831.0999755859375,1832.800048828125,72446
2026-05-29 05:30:00,1834.5999755859375,1834.5999755859375,1834.9000244140625,1831.0999755859375,1831.800048828125,88314
2026-05-29 05:35:00,1833.0,1833.0,1834.0,1832.699951171875,1834.0,76177
2026-05-29 05:40:00,1831.800048828125,1831.800048828125,1833.0,1831.699951171875,1833.0,70937
2026-05-29 05:45:00,1832.9000244140625,1832.9000244140625,1832.9000244140625,1831.5999755859375,1831.800048828125,84980
2026-05-29 05:50:00,1831.9000244140625,1831.9000244140625,1832.9000244140625,1831.800048828125,1832.9000244140625,73133
2026-05-29 05:55:00,1832.699951171875,1832.699951171875,1832.699951171875,1831.800048828125,1831.9000244140625,71263
2026-05-29 06:00:00,1831.699951171875,1831.699951171875,1833.300048828125,1831.5999755859375,1832.800048828125,82369
2026-05-29 06:05:00,1831.4000244140625,1831.4000244140625,1832.800048828125,1831.4000244140625,1831.699951171875,127083
2026-05-29 06:10:00,1831.9000244140625,1831.9000244140625,1832.0999755859375,1830.9000244140625,1831.4000244140625,64183
2026-05-29 06:15:00,1833.5999755859375,1833.5999755859375,1834.4000244140625,1831.9000244140625,1832.0,83589
2026-05-29 06:20:00,1834.5,1834.5,1834.5,1832.800048828125,1834.0,68353
2026-05-29 06:25:00,1833.0,1833.0,1834.0,1832.300048828125,1834.0,58018
2026-05-29 06:30:00,1831.199951171875,1831.199951171875,1833.0999755859375,1830.800048828125,1833.0999755859375,60005
2026-05-29 06:35:00,1830.9000244140625,1830.9000244140625,1831.5,1830.0,1831.4000244140625,55940
2026-05-29 06:40:00,1827.0,1827.0,1830.9000244140625,1826.199951171875,1830.699951171875,104244
2026-05-29 06:45:00,1827.0,1827.0,1827.0,1825.0,1826.9000244140625,172275
2026-05-29 06:50:00,1830.5,1830.5,1830.800048828125,1827.0,1827.0,72019
2026-05-29 06:55:00,1831.9000244140625,1831.9000244140625,1832.5,1830.4000244140625,1830.4000244140625,66541
2026-05-29 07:00:00,1833.0,1833.0,1834.5,1831.699951171875,1831.9000244140625,99124
2026-05-29 07:05:00,1834.0,1834.0,1834.4000244140625,1832.800048828125,1833.0,123458
2026-05-29 07:10:00,1832.699951171875,1832.699951171875,1834.4000244140625,1832.0,1834.0999755859375,145088
2026-05-29 07:15:00,1833.800048828125,1833.800048828125,1833.800048828125,1831.5999755859375,1833.0999755859375,71671
2026-05-29 07:20:00,1835.699951171875,1835.699951171875,1835.800048828125,1833.5999755859375,1833.800048828125,90855
2026-05-29 07:25:00,1837.4000244140625,1837.4000244140625,1837.5,1834.4000244140625,1835.5999755859375,97656
2026-05-29 07:30:00,1837.800048828125,1837.800048828125,1837.800048828125,1836.5999755859375,1837.5,80416
2026-05-29 07:35:00,1834.4000244140625,1834.4000244140625,1837.5,1834.0,1837.5,129447
2026-05-29 07:40:00,1830.4000244140625,1830.4000244140625,1834.699951171875,1830.4000244140625,1834.4000244140625,109609
2026-05-29 07:45:00,1834.0,1834.0,1834.199951171875,1829.699951171875,1830.699951171875,149577
2026-05-29 07:50:00,1835.4000244140625,1835.4000244140625,1835.5,1832.9000244140625,1834.0,115157
2026-05-29 07:55:00,1835.5,1835.5,1836.199951171875,1834.300048828125,1835.4000244140625,85761
2026-05-29 08:00:00,1834.9000244140625,1834.9000244140625,1836.5,1834.800048828125,1835.5999755859375,72576
2026-05-29 08:05:00,1834.300048828125,1834.300048828125,1835.0999755859375,1834.199951171875,1834.5999755859375,55881
2026-05-29 08:10:00,1834.300048828125,1834.300048828125,1834.9000244140625,1833.5999755859375,1834.0999755859375,67918
2026-05-29 08:15:00,1832.300048828125,1832.300048828125,1834.199951171875,1832.0,1834.0999755859375,67109
2026-05-29 08:20:00,1830.5999755859375,1830.5999755859375,1832.199951171875,1830.0999755859375,1832.199951171875,77133
2026-05-29 08:25:00,1831.800048828125,1831.800048828125,1832.4000244140625,1830.5999755859375,1830.699951171875,58538
2026-05-29 08:30:00,1831.800048828125,1831.800048828125,1832.9000244140625,1830.699951171875,1831.800048828125,83943
2026-05-29 08:35:00,1831.5999755859375,1831.5999755859375,1832.199951171875,1831.0,1831.9000244140625,49426
2026-05-29 08:40:00,1830.9000244140625,1830.9000244140625,1832.0999755859375,1830.5999755859375,1831.5999755859375,60179
2026-05-29 08:45:00,1830.199951171875,1830.199951171875,1831.699951171875,1830.0999755859375,1830.9000244140625,55468
2026-05-29 08:50:00,1829.199951171875,1829.199951171875,1831.0999755859375,1828.5999755859375,1830.300048828125,67516
2026-05-29 08:55:00,1830.0,1830.0,1830.300048828125,1828.300048828125,1829.300048828125,80491
2026-05-29 09:00:00,1831.5,1831.5,1832.199951171875,1830.0,1830.0,66165
2026-05-29 09:05:00,1830.300048828125,1830.300048828125,1831.800048828125,1829.5,1831.5999755859375,75095
2026-05-29 09:10:00,1831.4000244140625,1831.4000244140625,1832.0,1830.0,1830.199951171875,67876
2026-05-29 09:15:00,1830.300048828125,1830.300048828125,1831.9000244140625,1830.199951171875,1831.300048828125,100714
2026-05-29 09:20:00,1827.199951171875,1827.199951171875,1830.300048828125,1827.0,1830.300048828125,233165
2026-05-29 09:25:00,1830.0,1830.0,1830.800048828125,1827.0999755859375,1827.199951171875,119790
2026-05-29 09:30:00,1829.9000244140625,1829.9000244140625,1831.0999755859375,1818.699951171875,1830.300048828125,6300992
2026-05-29 09:35:00,1828.800048828125,1828.800048828125,1832.4000244140625,1825.5,1830.0,5585799
2026-05-29 09:40:00,1829.4000244140625,1829.4000244140625,1830.199951171875,1826.699951171875,1828.800048828125,5295476
2026-05-29 09:45:00,1830.300048828125,1830.300048828125,1830.4000244140625,1828.9000244140625,1829.5,3808706
2026-05-29 09:50:00,1830.800048828125,1830.800048828125,1831.0,1830.199951171875,1830.5,4517486
2026-05-29 09:55:00,1829.0,1829.0,1841.300048828125,1825.4000244140625,1830.9000244140625,3232842
2026-06-01 03:45:00,1831.800048828125,1831.800048828125,1842.0,1831.5,1832.9000244140625,0
2026-06-01 03:50:00,1829.5,1829.5,1833.5,1828.0,1831.800048828125,78844
2026-06-01 03:55:00,1829.699951171875,1829.699951171875,1832.9000244140625,1827.5999755859375,1829.4000244140625,60374
2026-06-01 04:00:00,1829.300048828125,1829.300048828125,1832.5,1829.300048828125,1830.5,69386
2026-06-01 04:05:00,1830.699951171875,1830.699951171875,1830.800048828125,1825.800048828125,1829.300048828125,54333
2026-06-01 04:10:00,1829.0,1829.0,1831.5999755859375,1828.9000244140625,1830.4000244140625,35699
2026-06-01 04:15:00,1827.0999755859375,1827.0999755859375,1829.5,1826.5999755859375,1828.9000244140625,38188
2026-06-01 04:20:00,1827.300048828125,1827.300048828125,1827.5999755859375,1825.0,1827.0999755859375,33863
2026-06-01 04:25:00,1829.300048828125,1829.300048828125,1830.0,1827.800048828125,1828.0999755859375,26268
2026-06-01 04:30:00,1826.5,1826.5,1829.800048828125,1826.5,1829.4000244140625,27625
2026-06-01 04:35:00,1828.300048828125,1828.300048828125,1830.5999755859375,1826.0999755859375,1826.4000244140625,27929
2026-06-01 04:40:00,1825.4000244140625,1825.4000244140625,1828.300048828125,1825.300048828125,1828.0,30232
2026-06-01 04:45:00,1823.0999755859375,1823.0999755859375,1825.300048828125,1822.699951171875,1825.300048828125,41488
2026-06-01 04:50:00,1823.0999755859375,1823.0999755859375,1823.800048828125,1821.800048828125,1823.0999755859375,37379
2026-06-01 04:55:00,1821.5999755859375,1821.5999755859375,1822.5999755859375,1820.199951171875,1822.4000244140625,41551
2026-06-01 05:00:00,1821.699951171875,1821.699951171875,1822.0,1820.0,1821.300048828125,31246
2026-06-01 05:05:00,1821.5,1821.5,1821.699951171875,1820.0,1821.699951171875,26714
2026-06-01 05:10:00,1820.0999755859375,1820.0999755859375,1822.800048828125,1820.0,1821.5999755859375,44185
2026-06-01 05:15:00,1822.4000244140625,1822.4000244140625,1822.4000244140625,1819.699951171875,1820.0,30502
2026-06-01 05:20:00,1822.5,1822.5,1822.800048828125,1821.800048828125,1822.0,28113
2026-06-01 05:25:00,1819.0,1819.0,1822.5,1819.0,1822.5,29464
2026-06-01 05:30:00,1822.199951171875,1822.199951171875,1822.300048828125,1818.699951171875,1819.0,29518
2026-06-01 05:35:00,1823.4000244140625,1823.4000244140625,1823.800048828125,1822.0999755859375,1822.199951171875,30318
2026-06-01 05:40:00,1819.800048828125,1819.800048828125,1825.199951171875,1819.800048828125,1823.199951171875,37652
2026-06-01 05:45:00,1820.0999755859375,1820.0999755859375,1820.0999755859375,1819.0,1819.800048828125,51076
2026-06-01 05:50:00,1817.9000244140625,1817.9000244140625,1819.699951171875,1817.5,1819.699951171875,55649
2026-06-01 05:55:00,1817.0,1817.0,1819.300048828125,1816.0,1817.699951171875,50849
2026-06-01 06:00:00,1815.0999755859375,1815.0999755859375,1817.0999755859375,1814.0999755859375,1817.0,48853
2026-06-01 06:05:00,1817.9000244140625,1817.9000244140625,1819.4000244140625,1815.5,1815.699951171875,79855
2026-06-01 06:10:00,1816.5,1816.5,1817.9000244140625,1815.0999755859375,1817.9000244140625,36411
2026-06-01 06:15:00,1816.0999755859375,1816.0999755859375,1817.0,1815.0,1816.5999755859375,71089
2026-06-01 06:20:00,1813.0,1813.0,1817.0,1812.9000244140625,1816.5,36922
2026-06-01 06:25:00,1809.199951171875,1809.199951171875,1813.0,1809.0,1812.699951171875,92226
2026-06-01 06:30:00,1809.5999755859375,1809.5999755859375,1810.0,1808.0,1809.0999755859375,83816
2026-06-01 06:35:00,1815.300048828125,1815.300048828125,1815.300048828125,1808.9000244140625,1809.4000244140625,73179
2026-06-01 06:40:00,1817.800048828125,1817.800048828125,1817.9000244140625,1814.0999755859375,1815.0999755859375,35419
2026-06-01 06:45:00,1819.800048828125,1819.800048828125,1822.0,1817.5,1817.9000244140625,89599
2026-06-01 06:50:00,1816.5999755859375,1816.5999755859375,1819.800048828125,1816.300048828125,1819.800048828125,31322
2026-06-01 06:55:00,1814.5,1814.5,1818.300048828125,1813.300048828125,1816.4000244140625,28629
2026-06-01 07:00:00,1812.5,1812.5,1815.0999755859375,1812.0999755859375,1814.0,44004
2026-06-01 07:05:00,1814.4000244140625,1814.4000244140625,1816.0,1812.4000244140625,1812.4000244140625,71411
2026-06-01 07:10:00,1814.699951171875,1814.699951171875,1814.9000244140625,1812.5999755859375,1813.5,23043
2026-06-01 07:15:00,1814.199951171875,1814.199951171875,1815.0,1813.9000244140625,1814.5,31508
2026-06-01 07:20:00,1814.199951171875,1814.199951171875,1814.9000244140625,1813.300048828125,1814.0999755859375,26882
2026-06-01 07:25:00,1814.699951171875,1814.699951171875,1814.699951171875,1811.5999755859375,1814.199951171875,56356
2026-06-01 07:30:00,1813.0,1813.0,1814.699951171875,1812.800048828125,1814.5,34347
2026-06-01 07:35:00,1812.699951171875,1812.699951171875,1814.0999755859375,1810.800048828125,1812.800048828125,33226
2026-06-01 07:40:00,1811.0,1811.0,1812.699951171875,1810.0999755859375,1812.0,41312
2026-06-01 07:45:00,1810.300048828125,1810.300048828125,1811.5,1810.0,1811.0,28172
2026-06-01 07:50:00,1809.9000244140625,1809.9000244140625,1810.4000244140625,1809.5,1810.300048828125,26418
2026-06-01 07:55:00,1811.699951171875,1811.699951171875,1811.699951171875,1809.4000244140625,1809.699951171875,28003
2026-06-01 08:00:00,1811.300048828125,1811.300048828125,1813.0,1810.699951171875,1810.800048828125,21920
2026-06-01 08:05:00,1812.800048828125,1812.800048828125,1813.5,1810.800048828125,1811.0,48696
2026-06-01 08:10:00,1811.0,1811.0,1812.800048828125,1809.199951171875,1812.199951171875,51640
2026-06-01 08:15:00,1812.0,1812.0,1814.5,1809.0999755859375,1810.9000244140625,52201
2026-06-01 08:20:00,1814.699951171875,1814.699951171875,1815.0,1812.199951171875,1812.5,40603
2026-06-01 08:25:00,1812.699951171875,1812.699951171875,1814.800048828125,1811.5999755859375,1814.0,36881
2026-06-01 08:30:00,1810.699951171875,1810.699951171875,1813.199951171875,1809.199951171875,1812.699951171875,35165
2026-06-01 08:35:00,1811.800048828125,1811.800048828125,1814.800048828125,1810.5999755859375,1810.9000244140625,64053
2026-06-01 08:40:00,1811.9000244140625,1811.9000244140625,1815.199951171875,1811.0,1812.0,56450
2026-06-01 08:45:00,1808.800048828125,1808.800048828125,1813.199951171875,1808.800048828125,1811.5,95915
2026-06-01 08:50:00,1807.199951171875,1807.199951171875,1808.9000244140625,1807.199951171875,1808.800048828125,75334
2026-06-01 08:55:00,1809.0,1809.0,1809.5,1807.4000244140625,1807.4000244140625,109274
2026-06-01 09:00:00,1809.4000244140625,1809.4000244140625,1810.0,1808.0,1809.0,36729
2026-06-01 09:05:00,1808.5,1808.5,1810.5,1808.199951171875,1809.5,36899
2026-06-01 09:10:00,1809.5999755859375,1809.5999755859375,1810.199951171875,1808.0999755859375,1808.5999755859375,38092
2026-06-01 09:15:00,1805.9000244140625,1805.9000244140625,1810.5999755859375,1805.0999755859375,1809.5,73590
2026-06-01 09:20:00,1806.5999755859375,1806.5999755859375,1807.699951171875,1804.9000244140625,1806.199951171875,95506
2026-06-01 09:25:00,1806.4000244140625,1806.4000244140625,1807.699951171875,1803.9000244140625,1806.699951171875,139917
2026-06-01 09:30:00,1810.199951171875,1810.199951171875,1811.199951171875,1806.5,1806.5,544637
2026-06-01 09:35:00,1811.199951171875,1811.199951171875,1813.0999755859375,1809.9000244140625,1810.300048828125,494285
2026-06-01 09:40:00,1811.699951171875,1811.699951171875,1812.0,1810.800048828125,1811.4000244140625,348192
2026-06-01 09:45:00,1810.0,1810.0,1811.699951171875,1810.0,1811.699951171875,399853
2026-06-01 09:50:00,1810.300048828125,1810.300048828125,1810.300048828125,1810.0,1810.0999755859375,403477
2026-06-01 09:55:00,1810.5999755859375,1810.5999755859375,1814.5999755859375,1806.300048828125,1810.5,433741
2026-06-02 03:45:00,1795.699951171875,1795.699951171875,1797.699951171875,1786.800048828125,1790.199951171875,0
2026-06-02 03:50:00,1793.5,1793.5,1798.699951171875,1792.4000244140625,1796.0999755859375,381209
2026-06-02 03:55:00,1798.5,1798.5,1799.9000244140625,1792.9000244140625,1794.0999755859375,165918
2026-06-02 04:00:00,1797.0,1797.0,1799.699951171875,1795.800048828125,1798.5,67881
2026-06-02 04:05:00,1795.199951171875,1795.199951171875,1798.0999755859375,1794.800048828125,1797.0,65617
2026-06-02 04:10:00,1794.300048828125,1794.300048828125,1795.4000244140625,1792.5,1795.199951171875,56234
2026-06-02 04:15:00,1789.300048828125,1789.300048828125,1794.5999755859375,1787.5999755859375,1794.300048828125,122888
2026-06-02 04:20:00,1787.800048828125,1787.800048828125,1790.699951171875,1787.0999755859375,1789.300048828125,88846
2026-06-02 04:25:00,1789.4000244140625,1789.4000244140625,1790.5,1787.800048828125,1788.0,41320
2026-06-02 04:30:00,1786.5,1786.5,1791.0999755859375,1786.0,1789.5999755859375,79933
2026-06-02 04:35:00,1785.4000244140625,1785.4000244140625,1788.699951171875,1783.4000244140625,1786.5,150893
2026-06-02 04:40:00,1782.300048828125,1782.300048828125,1785.300048828125,1782.0,1785.300048828125,58454
2026-06-02 04:45:00,1782.699951171875,1782.699951171875,1784.4000244140625,1780.0999755859375,1782.0,138131
2026-06-02 04:50:00,1785.699951171875,1785.699951171875,1787.9000244140625,1782.5,1783.0999755859375,91337
2026-06-02 04:55:00,1786.0,1786.0,1787.800048828125,1784.5999755859375,1785.5999755859375,108814
2026-06-02 05:00:00,1786.800048828125,1786.800048828125,1787.0999755859375,1783.4000244140625,1786.0,81633
2026-06-02 05:05:00,1784.300048828125,1784.300048828125,1786.699951171875,1782.5,1786.699951171875,170137
2026-06-02 05:10:00,1782.199951171875,1782.199951171875,1784.199951171875,1782.199951171875,1783.9000244140625,84458
2026-06-02 05:15:00,1783.4000244140625,1783.4000244140625,1784.9000244140625,1782.0999755859375,1782.300048828125,41434
2026-06-02 05:20:00,1782.5,1782.5,1783.4000244140625,1782.4000244140625,1783.300048828125,50744
2026-06-02 05:25:00,1780.199951171875,1780.199951171875,1783.5999755859375,1777.699951171875,1782.4000244140625,189278
2026-06-02 05:30:00,1778.5999755859375,1778.5999755859375,1780.9000244140625,1777.5,1780.0,70649
2026-06-02 05:35:00,1781.0,1781.0,1782.4000244140625,1778.699951171875,1779.0,70522
2026-06-02 05:40:00,1779.9000244140625,1779.9000244140625,1781.199951171875,1779.699951171875,1781.199951171875,52400
2026-06-02 05:45:00,1779.4000244140625,1779.4000244140625,1780.4000244140625,1779.4000244140625,1780.199951171875,31939
2026-06-02 05:50:00,1788.800048828125,1788.800048828125,1789.4000244140625,1779.4000244140625,1779.5999755859375,89000
2026-06-02 05:55:00,1790.5,1790.5,1792.699951171875,1788.4000244140625,1789.4000244140625,99609
2026-06-02 06:00:00,1787.800048828125,1787.800048828125,1792.300048828125,1787.300048828125,1790.800048828125,166528
2026-06-02 06:05:00,1783.300048828125,1783.300048828125,1787.800048828125,1782.5999755859375,1787.699951171875,60928
2026-06-02 06:10:00,1781.5,1781.5,1785.300048828125,1781.0,1783.4000244140625,124470
2026-06-02 06:15:00,1782.9000244140625,1782.9000244140625,1783.800048828125,1780.0,1781.4000244140625,350953
2026-06-02 06:20:00,1783.0,1783.0,1783.800048828125,1782.0,1782.9000244140625,104616
2026-06-02 06:25:00,1782.5,1782.5,1785.0,1782.4000244140625,1783.0999755859375,205068
2026-06-02 06:30:00,1782.4000244140625,1782.4000244140625,1784.0,1781.699951171875,1782.5,235183
2026-06-02 06:35:00,1783.5999755859375,1783.5999755859375,1784.5999755859375,1782.0999755859375,1782.5,166632
2026-06-02 06:40:00,1780.300048828125,1780.300048828125,1784.699951171875,1780.0999755859375,1784.0999755859375,177462
2026-06-02 06:45:00,1782.5999755859375,1782.5999755859375,1782.5999755859375,1780.0999755859375,1780.300048828125,87927
2026-06-02 06:50:00,1781.0999755859375,1781.0999755859375,1783.0999755859375,1780.5999755859375,1782.5999755859375,97276
2026-06-02 06:55:00,1785.199951171875,1785.199951171875,1787.0,1780.5,1781.0,238154
2026-06-02 07:00:00,1788.5,1788.5,1789.300048828125,1782.0,1785.199951171875,133877
2026-06-02 07:05:00,1788.4000244140625,1788.4000244140625,1790.5,1786.9000244140625,1788.699951171875,260243
2026-06-02 07:10:00,1789.800048828125,1789.800048828125,1790.5999755859375,1785.5999755859375,1788.199951171875,135074
2026-06-02 07:15:00,1792.5,1792.5,1793.9000244140625,1789.5999755859375,1789.800048828125,135326
2026-06-02 07:20:00,1794.300048828125,1794.300048828125,1796.0999755859375,1790.5,1792.0,169094
2026-06-02 07:25:00,1798.300048828125,1798.300048828125,1801.199951171875,1793.699951171875,1794.5,185996
2026-06-02 07:30:00,1798.699951171875,1798.699951171875,1799.300048828125,1797.0,1798.0999755859375,60518
2026-06-02 07:35:00,1799.199951171875,1799.199951171875,1801.9000244140625,1798.199951171875,1798.699951171875,79688
2026-06-02 07:40:00,1800.300048828125,1800.300048828125,1804.699951171875,1798.800048828125,1799.199951171875,137939
2026-06-02 07:45:00,1800.5,1800.5,1801.9000244140625,1799.5,1800.5999755859375,119053
2026-06-02 07:50:00,1802.9000244140625,1802.9000244140625,1803.699951171875,1799.9000244140625,1800.5,59853
2026-06-02 07:55:00,1810.5999755859375,1810.5999755859375,1810.5999755859375,1802.699951171875,1802.9000244140625,85121
2026-06-02 08:00:00,1814.199951171875,1814.199951171875,1814.800048828125,1810.9000244140625,1810.9000244140625,62762
2026-06-02 08:05:00,1814.5,1814.5,1817.199951171875,1813.300048828125,1814.199951171875,95403
2026-06-02 08:10:00,1813.199951171875,1813.199951171875,1815.300048828125,1811.699951171875,1814.5999755859375,65141
2026-06-02 08:15:00,1818.0,1818.0,1818.4000244140625,1813.0999755859375,1813.0999755859375,88346
2026-06-02 08:20:00,1817.300048828125,1817.300048828125,1819.5999755859375,1815.9000244140625,1817.300048828125,126440
2026-06-02 08:25:00,1817.4000244140625,1817.4000244140625,1819.0999755859375,1816.5,1817.699951171875,72052
2026-06-02 08:30:00,1818.0,1818.0,1819.0,1817.0,1818.0999755859375,57144
2026-06-02 08:35:00,1821.5,1821.5,1821.9000244140625,1816.4000244140625,1817.9000244140625,142419
2026-06-02 08:40:00,1823.0,1823.0,1823.699951171875,1820.5999755859375,1821.4000244140625,138441
2026-06-02 08:45:00,1820.5,1820.5,1823.800048828125,1820.199951171875,1823.0,70430
2026-06-02 08:50:00,1823.0999755859375,1823.0999755859375,1823.800048828125,1819.800048828125,1820.5,150647
2026-06-02 08:55:00,1820.0,1820.0,1823.800048828125,1818.199951171875,1822.699951171875,349789
2026-06-02 09:00:00,1823.0,1823.0,1825.0,1818.4000244140625,1820.0,314957
2026-06-02 09:05:00,1816.4000244140625,1816.4000244140625,1824.199951171875,1814.699951171875,1823.0,141977
2026-06-02 09:10:00,1811.300048828125,1811.300048828125,1816.4000244140625,1810.0999755859375,1816.0,213689
2026-06-02 09:15:00,1812.9000244140625,1812.9000244140625,1813.9000244140625,1810.0,1811.800048828125,99342
2026-06-02 09:20:00,1813.4000244140625,1813.4000244140625,1815.0,1811.9000244140625,1813.5,75690
2026-06-02 09:25:00,1809.699951171875,1809.699951171875,1813.4000244140625,1808.800048828125,1813.4000244140625,57534
2026-06-02 09:30:00,1814.9000244140625,1814.9000244140625,1816.0,1808.300048828125,1809.699951171875,406280
2026-06-02 09:35:00,1817.4000244140625,1817.4000244140625,1818.5,1814.4000244140625,1815.0,344424
2026-06-02 09:40:00,1811.199951171875,1811.199951171875,1817.5999755859375,1810.5999755859375,1817.0,164840
2026-06-02 09:45:00,1814.0,1814.0,1814.4000244140625,1811.0,1811.0999755859375,186218
2026-06-02 09:50:00,1816.4000244140625,1816.4000244140625,1818.300048828125,1814.199951171875,1814.199951171875,204031
2026-06-02 09:55:00,1816.699951171875,1816.699951171875,1817.0,1814.0,1816.0999755859375,178268
2026-06-03 03:45:00,1820.5999755859375,1820.5999755859375,1834.9000244140625,1819.199951171875,1825.0,0
2026-06-03 03:50:00,1819.800048828125,1819.800048828125,1820.699951171875,1815.199951171875,1820.699951171875,99725
2026-06-03 03:55:00,1812.699951171875,1812.699951171875,1820.0,1812.0,1820.0,74363
2026-06-03 04:00:00,1810.800048828125,1810.800048828125,1818.0,1810.5,1812.5999755859375,91627
2026-06-03 04:05:00,1812.800048828125,1812.800048828125,1813.9000244140625,1810.0999755859375,1810.800048828125,103138
2026-06-03 04:10:00,1816.0,1816.0,1817.0,1812.0,1812.9000244140625,123546
2026-06-03 04:15:00,1817.5999755859375,1817.5999755859375,1819.800048828125,1813.300048828125,1815.4000244140625,118865
2026-06-03 04:20:00,1815.0999755859375,1815.0999755859375,1819.199951171875,1814.4000244140625,1818.0,91659
2026-06-03 04:25:00,1813.800048828125,1813.800048828125,1815.4000244140625,1809.0999755859375,1814.5,61555
2026-06-03 04:30:00,1814.300048828125,1814.300048828125,1814.300048828125,1811.800048828125,1813.0,42437
2026-06-03 04:35:00,1813.0,1813.0,1815.800048828125,1812.699951171875,1814.5,58439
2026-06-03 04:40:00,1809.699951171875,1809.699951171875,1813.0,1807.800048828125,1812.800048828125,68366
2026-06-03 04:45:00,1812.699951171875,1812.699951171875,1812.699951171875,1808.0,1809.699951171875,55224
2026-06-03 04:50:00,1813.0,1813.0,1817.300048828125,1812.199951171875,1812.699951171875,51123
2026-06-03 04:55:00,1807.5999755859375,1807.5999755859375,1814.0999755859375,1804.9000244140625,1813.199951171875,217218
2026-06-03 05:00:00,1806.9000244140625,1806.9000244140625,1810.0999755859375,1806.5,1808.5,46224
2026-06-03 05:05:00,1809.5999755859375,1809.5999755859375,1811.5999755859375,1806.5,1807.0,46261
2026-06-03 05:10:00,1811.800048828125,1811.800048828125,1812.5999755859375,1809.199951171875,1809.5,45435
2026-06-03 05:15:00,1811.300048828125,1811.300048828125,1811.9000244140625,1810.300048828125,1811.800048828125,37683
2026-06-03 05:20:00,1811.5,1811.5,1812.800048828125,1811.0999755859375,1811.5,41931
2026-06-03 05:25:00,1810.5999755859375,1810.5999755859375,1812.5,1810.4000244140625,1812.5,53788
2026-06-03 05:30:00,1809.699951171875,1809.699951171875,1811.699951171875,1808.800048828125,1810.5999755859375,52475
2026-06-03 05:35:00,1810.300048828125,1810.300048828125,1811.0999755859375,1808.0,1809.5999755859375,54167
2026-06-03 05:40:00,1811.699951171875,1811.699951171875,1812.199951171875,1809.5999755859375,1810.300048828125,63780
2026-06-03 05:45:00,1815.5999755859375,1815.5999755859375,1815.699951171875,1811.699951171875,1811.800048828125,73251
2026-06-03 05:50:00,1815.0999755859375,1815.0999755859375,1817.5999755859375,1815.0,1815.5999755859375,73027
2026-06-03 05:55:00,1814.5999755859375,1814.5999755859375,1817.0999755859375,1813.5,1815.0999755859375,81390
2026-06-03 06:00:00,1816.5999755859375,1816.5999755859375,1816.800048828125,1814.199951171875,1814.5,73833
2026-06-03 06:05:00,1817.300048828125,1817.300048828125,1818.5999755859375,1816.0999755859375,1816.5999755859375,109990
2026-06-03 06:10:00,1821.4000244140625,1821.4000244140625,1822.699951171875,1817.5,1817.5,124557
2026-06-03 06:15:00,1817.4000244140625,1817.4000244140625,1823.5999755859375,1817.4000244140625,1821.199951171875,82234
2026-06-03 06:20:00,1820.5,1820.5,1820.9000244140625,1817.4000244140625,1817.4000244140625,40434
2026-06-03 06:25:00,1819.4000244140625,1819.4000244140625,1821.0999755859375,1818.0,1820.5,49246
2026-06-03 06:30:00,1816.0999755859375,1816.0999755859375,1819.800048828125,1814.5999755859375,1819.5,61613
2026-06-03 06:35:00,1818.699951171875,1818.699951171875,1819.300048828125,1815.9000244140625,1816.5999755859375,108973
2026-06-03 06:40:00,1820.5999755859375,1820.5999755859375,1821.0999755859375,1817.5,1818.800048828125,124712
2026-06-03 06:45:00,1820.5,1820.5,1820.800048828125,1820.0,1820.5999755859375,30057
2026-06-03 06:50:00,1816.9000244140625,1816.9000244140625,1821.5999755859375,1816.0999755859375,1820.4000244140625,264263
2026-06-03 06:55:00,1819.4000244140625,1819.4000244140625,1820.0,1816.199951171875,1816.5,45159
2026-06-03 07:00:00,1820.5999755859375,1820.5999755859375,1820.5999755859375,1818.199951171875,1818.9000244140625,41604
2026-06-03 07:05:00,1823.9000244140625,1823.9000244140625,1824.699951171875,1820.4000244140625,1820.5999755859375,74925
2026-06-03 07:10:00,1822.300048828125,1822.300048828125,1825.300048828125,1821.5,1824.0,42567
2026-06-03 07:15:00,1817.9000244140625,1817.9000244140625,1823.5,1817.9000244140625,1822.5,61707
2026-06-03 07:20:00,1815.5,1815.5,1819.4000244140625,1815.199951171875,1818.199951171875,52426
2026-06-03 07:25:00,1817.5999755859375,1817.5999755859375,1818.5,1815.800048828125,1816.800048828125,80781
2026-06-03 07:30:00,1818.0,1818.0,1820.300048828125,1817.0,1817.5999755859375,75019
2026-06-03 07:35:00,1817.9000244140625,1817.9000244140625,1819.0999755859375,1817.300048828125,1819.0999755859375,62923
2026-06-03 07:40:00,1821.300048828125,1821.300048828125,1821.699951171875,1816.0999755859375,1817.800048828125,71412
2026-06-03 07:45:00,1820.699951171875,1820.699951171875,1822.4000244140625,1819.5999755859375,1822.199951171875,52711
2026-06-03 07:50:00,1823.0,1823.0,1823.0,1820.699951171875,1821.199951171875,35227
2026-06-03 07:55:00,1822.699951171875,1822.699951171875,1824.800048828125,1822.5999755859375,1823.0999755859375,50764
2026-06-03 08:00:00,1824.800048828125,1824.800048828125,1824.800048828125,1820.5999755859375,1822.800048828125,36423
2026-06-03 08:05:00,1823.5,1823.5,1824.9000244140625,1823.0,1824.9000244140625,27797
2026-06-03 08:10:00,1820.4000244140625,1820.4000244140625,1824.0,1820.0999755859375,1823.5,37225
2026-06-03 08:15:00,1824.5,1824.5,1828.4000244140625,1820.699951171875,1820.800048828125,71667
2026-06-03 08:20:00,1823.199951171875,1823.199951171875,1826.199951171875,1822.199951171875,1824.800048828125,44442
2026-06-03 08:25:00,1822.199951171875,1822.199951171875,1823.300048828125,1821.0,1823.199951171875,33371
2026-06-03 08:30:00,1823.4000244140625,1823.4000244140625,1823.9000244140625,1822.300048828125,1822.5,22663
2026-06-03 08:35:00,1823.0999755859375,1823.0999755859375,1824.5,1822.300048828125,1823.300048828125,31502
2026-06-03 08:40:00,1823.199951171875,1823.199951171875,1823.800048828125,1821.5,1823.0999755859375,38545
2026-06-03 08:45:00,1824.800048828125,1824.800048828125,1825.4000244140625,1823.199951171875,1823.199951171875,40668
2026-06-03 08:50:00,1825.800048828125,1825.800048828125,1826.699951171875,1824.0,1825.0,59059
2026-06-03 08:55:00,1823.800048828125,1823.800048828125,1825.800048828125,1822.5,1825.800048828125,34346
2026-06-03 09:00:00,1825.4000244140625,1825.4000244140625,1826.699951171875,1823.5999755859375,1823.699951171875,39142
2026-06-03 09:05:00,1826.0,1826.0,1826.4000244140625,1823.5999755859375,1824.9000244140625,38240
2026-06-03 09:10:00,1825.5,1825.5,1827.4000244140625,1825.4000244140625,1826.0999755859375,31804
2026-06-03 09:15:00,1825.199951171875,1825.199951171875,1826.0,1824.4000244140625,1825.5,34144
2026-06-03 09:20:00,1827.199951171875,1827.199951171875,1827.4000244140625,1824.9000244140625,1825.0999755859375,75399
2026-06-03 09:25:00,1825.4000244140625,1825.4000244140625,1827.5,1824.9000244140625,1827.300048828125,56722
2026-06-03 09:30:00,1828.5,1828.5,1828.5,1824.4000244140625,1825.699951171875,152115
2026-06-03 09:35:00,1825.0,1825.0,1830.0,1823.800048828125,1828.5,159270
2026-06-03 09:40:00,1823.800048828125,1823.800048828125,1825.0,1822.0999755859375,1825.0,136920
2026-06-03 09:45:00,1822.699951171875,1822.699951171875,1824.300048828125,1822.4000244140625,1823.300048828125,141501
2026-06-03 09:50:00,1820.5,1820.5,1822.5,1820.0,1822.5,118941
2026-06-03 09:55:00,1824.0999755859375,1824.0999755859375,1824.0999755859375,1820.0,1820.300048828125,123369
2026-06-04 03:45:00,1820.0999755859375,1820.0999755859375,1821.0,1814.5999755859375,1815.0999755859375,0
2026-06-04 03:50:00,1817.699951171875,1817.699951171875,1820.4000244140625,1817.0999755859375,1820.4000244140625,68390
2026-06-04 03:55:00,1818.300048828125,1818.300048828125,1821.0,1817.199951171875,1817.5,52018
2026-06-04 04:00:00,1821.0,1821.0,1822.0999755859375,1818.0999755859375,1818.300048828125,87095
2026-06-04 04:05:00,1818.199951171875,1818.199951171875,1822.0999755859375,1818.199951171875,1821.300048828125,35626
2026-06-04 04:10:00,1826.0,1826.0,1827.0,1817.5,1818.9000244140625,84885
2026-06-04 04:15:00,1826.199951171875,1826.199951171875,1828.4000244140625,1825.0,1826.0,58712
2026-06-04 04:20:00,1823.300048828125,1823.300048828125,1825.9000244140625,1822.300048828125,1825.699951171875,44734
2026-06-04 04:25:00,1825.5999755859375,1825.5999755859375,1828.0,1822.9000244140625,1823.0,38556
2026-06-04 04:30:00,1827.0999755859375,1827.0999755859375,1827.0999755859375,1825.0,1825.5999755859375,45403
2026-06-04 04:35:00,1827.0999755859375,1827.0999755859375,1828.800048828125,1826.300048828125,1827.0,52730
2026-06-04 04:40:00,1825.300048828125,1825.300048828125,1828.0,1824.0999755859375,1827.800048828125,45512
2026-06-04 04:45:00,1827.699951171875,1827.699951171875,1828.0,1824.0,1825.300048828125,29648
2026-06-04 04:50:00,1829.0,1829.0,1829.0999755859375,1827.5999755859375,1827.699951171875,24410
2026-06-04 04:55:00,1828.300048828125,1828.300048828125,1829.800048828125,1827.699951171875,1829.0999755859375,31193
2026-06-04 05:00:00,1824.5999755859375,1824.5999755859375,1828.4000244140625,1824.199951171875,1828.4000244140625,34477
2026-06-04 05:05:00,1824.0,1824.0,1825.9000244140625,1823.0,1824.699951171875,31570
2026-06-04 05:10:00,1824.5999755859375,1824.5999755859375,1824.699951171875,1822.699951171875,1824.0,20406
2026-06-04 05:15:00,1824.0999755859375,1824.0999755859375,1825.300048828125,1822.4000244140625,1824.5999755859375,33142
2026-06-04 05:20:00,1822.0999755859375,1822.0999755859375,1824.5999755859375,1821.0999755859375,1824.199951171875,25137
2026-06-04 05:25:00,1821.4000244140625,1821.4000244140625,1821.800048828125,1820.5999755859375,1821.0999755859375,24563
2026-06-04 05:30:00,1818.300048828125,1818.300048828125,1821.4000244140625,1817.0,1821.4000244140625,30956
2026-06-04 05:35:00,1818.0999755859375,1818.0999755859375,1818.300048828125,1816.4000244140625,1818.199951171875,26826
2026-06-04 05:40:00,1818.9000244140625,1818.9000244140625,1819.0,1818.0,1818.0,17822
2026-06-04 05:45:00,1817.4000244140625,1817.4000244140625,1819.300048828125,1815.4000244140625,1818.9000244140625,53219
2026-06-04 05:50:00,1820.800048828125,1820.800048828125,1821.0,1817.300048828125,1817.5,38230
2026-06-04 05:55:00,1822.0,1822.0,1823.4000244140625,1820.5,1820.800048828125,57128
2026-06-04 06:00:00,1820.5999755859375,1820.5999755859375,1822.199951171875,1817.9000244140625,1822.199951171875,67498
2026-06-04 06:05:00,1823.4000244140625,1823.4000244140625,1823.5,1820.5,1820.5999755859375,40971
2026-06-04 06:10:00,1823.300048828125,1823.300048828125,1826.0999755859375,1823.300048828125,1823.4000244140625,72682
2026-06-04 06:15:00,1820.800048828125,1820.800048828125,1824.0,1820.0,1823.0999755859375,45413
2026-06-04 06:20:00,1816.5,1816.5,1821.4000244140625,1816.0999755859375,1820.800048828125,47935
2026-06-04 06:25:00,1813.800048828125,1813.800048828125,1817.199951171875,1812.5999755859375,1816.5,113924
2026-06-04 06:30:00,1816.4000244140625,1816.4000244140625,1817.9000244140625,1812.800048828125,1813.5999755859375,37803
2026-06-04 06:35:00,1816.199951171875,1816.199951171875,1817.199951171875,1814.300048828125,1816.4000244140625,184702
2026-06-04 06:40:00,1817.800048828125,1817.800048828125,1818.5,1814.5999755859375,1816.199951171875,222126
2026-06-04 06:45:00,1812.4000244140625,1812.4000244140625,1818.5,1811.199951171875,1817.9000244140625,138481
2026-06-04 06:50:00,1813.4000244140625,1813.4000244140625,1814.0,1812.0999755859375,1812.5999755859375,23980
2026-06-04 06:55:00,1815.5999755859375,1815.5999755859375,1816.9000244140625,1813.5,1813.5,64809
2026-06-04 07:00:00,1813.0,1813.0,1815.5999755859375,1812.699951171875,1815.5,20382
2026-06-04 07:05:00,1812.699951171875,1812.699951171875,1813.5999755859375,1810.9000244140625,1813.0,66754
2026-06-04 07:10:00,1812.199951171875,1812.199951171875,1813.5,1812.0,1812.5,48143
2026-06-04 07:15:00,1811.0,1811.0,1812.300048828125,1809.699951171875,1812.300048828125,49548
2026-06-04 07:20:00,1809.4000244140625,1809.4000244140625,1811.0,1808.4000244140625,1811.0,23117
2026-06-04 07:25:00,1809.5999755859375,1809.5999755859375,1810.0,1807.699951171875,1809.5,33973
2026-06-04 07:30:00,1809.9000244140625,1809.9000244140625,1810.0,1807.300048828125,1809.800048828125,123542
2026-06-04 07:35:00,1809.0,1809.0,1810.0,1807.199951171875,1810.0,43532
2026-06-04 07:40:00,1803.300048828125,1803.300048828125,1809.199951171875,1803.300048828125,1809.199951171875,78139
2026-06-04 07:45:00,1805.5,1805.5,1806.199951171875,1801.5999755859375,1803.199951171875,142936
2026-06-04 07:50:00,1802.5999755859375,1802.5999755859375,1807.300048828125,1799.199951171875,1805.5999755859375,564481
2026-06-04 07:55:00,1803.300048828125,1803.300048828125,1803.5,1800.0,1802.5999755859375,214250
2026-06-04 08:00:00,1801.0,1801.0,1803.0999755859375,1799.800048828125,1803.0999755859375,105488
2026-06-04 08:05:00,1801.0,1801.0,1801.5,1799.800048828125,1801.0,72850
2026-06-04 08:10:00,1799.0999755859375,1799.0999755859375,1802.800048828125,1798.5999755859375,1801.300048828125,117523
2026-06-04 08:15:00,1800.4000244140625,1800.4000244140625,1801.0,1799.0999755859375,1801.0,71642
2026-06-04 08:20:00,1799.199951171875,1799.199951171875,1800.699951171875,1798.5999755859375,1800.4000244140625,54962
2026-06-04 08:25:00,1803.0,1803.0,1803.0,1798.4000244140625,1799.199951171875,43775
2026-06-04 08:30:00,1804.5,1804.5,1805.699951171875,1802.5,1803.0,96037
2026-06-04 08:35:00,1806.300048828125,1806.300048828125,1806.5,1804.0,1804.4000244140625,47266
2026-06-04 08:40:00,1806.199951171875,1806.199951171875,1806.9000244140625,1805.199951171875,1805.5999755859375,50960
2026-06-04 08:45:00,1806.4000244140625,1806.4000244140625,1808.0,1805.699951171875,1806.300048828125,76717
2026-06-04 08:50:00,1807.300048828125,1807.300048828125,1807.800048828125,1805.699951171875,1805.699951171875,54476
2026-06-04 08:55:00,1808.5999755859375,1808.5999755859375,1809.0,1807.300048828125,1807.300048828125,33610
2026-06-04 09:00:00,1809.199951171875,1809.199951171875,1812.0,1808.0,1808.5999755859375,170152
2026-06-04 09:05:00,1808.800048828125,1808.800048828125,1811.0,1807.199951171875,1809.300048828125,88162
2026-06-04 09:10:00,1808.9000244140625,1808.9000244140625,1810.0,1807.699951171875,1808.5,53458
2026-06-04 09:15:00,1812.0999755859375,1812.0999755859375,1813.0,1808.199951171875,1808.9000244140625,66949
2026-06-04 09:20:00,1811.5999755859375,1811.5999755859375,1813.5,1810.5999755859375,1812.4000244140625,50101
2026-06-04 09:25:00,1812.0,1812.0,1812.5999755859375,1810.800048828125,1811.699951171875,45000
2026-06-04 09:30:00,1818.4000244140625,1818.4000244140625,1821.4000244140625,1812.199951171875,1812.300048828125,471742
2026-06-04 09:35:00,1819.9000244140625,1819.9000244140625,1820.300048828125,1817.699951171875,1818.4000244140625,273218
2026-06-04 09:40:00,1820.0,1820.0,1820.699951171875,1818.5999755859375,1819.699951171875,233387
2026-06-04 09:45:00,1819.5999755859375,1819.5999755859375,1821.699951171875,1819.5,1820.0,297464
2026-06-04 09:50:00,1820.0,1820.0,1820.300048828125,1817.199951171875,1819.5,185230
2026-06-04 09:55:00,1818.9000244140625,1818.9000244140625,1820.5999755859375,1816.0999755859375,1819.800048828125,168046
2026-06-05 03:45:00,1823.300048828125,1823.300048828125,1827.4000244140625,1820.800048828125,1827.4000244140625,0
2026-06-05 03:50:00,1819.199951171875,1819.199951171875,1823.800048828125,1819.0,1823.300048828125,57229
2026-06-05 03:55:00,1820.9000244140625,1820.9000244140625,1820.9000244140625,1816.5,1819.199951171875,39270
2026-06-05 04:00:00,1814.0,1814.0,1821.300048828125,1814.0,1821.300048828125,32556
2026-06-05 04:05:00,1815.5,1815.5,1816.800048828125,1814.0,1814.0,46549
2026-06-05 04:10:00,1816.5999755859375,1816.5999755859375,1817.0,1815.0999755859375,1816.0,14252
2026-06-05 04:15:00,1814.699951171875,1814.699951171875,1816.5999755859375,1814.5,1816.0,27533
2026-06-05 04:20:00,1815.0,1815.0,1815.4000244140625,1813.0,1814.699951171875,25328
2026-06-05 04:25:00,1813.0,1813.0,1815.800048828125,1812.5,1814.5,16718
2026-06-05 04:30:00,1812.300048828125,1812.300048828125,1814.5999755859375,1811.0,1813.300048828125,30691
2026-06-05 04:35:00,1812.5,1812.5,1814.199951171875,1811.199951171875,1812.9000244140625,23505
2026-06-05 04:40:00,1814.0999755859375,1814.0999755859375,1814.9000244140625,1812.5,1812.5,13153
2026-06-05 04:45:00,1812.5,1812.5,1814.199951171875,1811.0,1814.0,52858
2026-06-05 04:50:00,1812.800048828125,1812.800048828125,1813.4000244140625,1811.199951171875,1812.5,17136
2026-06-05 04:55:00,1812.800048828125,1812.800048828125,1813.9000244140625,1809.300048828125,1812.800048828125,43401
2026-06-05 05:00:00,1811.0999755859375,1811.0999755859375,1814.0,1811.0999755859375,1812.9000244140625,16741
2026-06-05 05:05:00,1806.0,1806.0,1810.300048828125,1806.0,1810.300048828125,61225
2026-06-05 05:10:00,1806.5999755859375,1806.5999755859375,1807.199951171875,1804.300048828125,1806.699951171875,33539
2026-06-05 05:15:00,1808.0999755859375,1808.0999755859375,1808.0999755859375,1805.0,1806.5999755859375,16216
2026-06-05 05:20:00,1808.0,1808.0,1809.5,1807.0999755859375,1808.5,17536
2026-06-05 05:25:00,1805.800048828125,1805.800048828125,1808.4000244140625,1805.0,1808.0999755859375,55398
2026-06-05 05:30:00,1808.0,1808.0,1808.9000244140625,1805.800048828125,1806.0,17753
2026-06-05 05:35:00,1809.300048828125,1809.300048828125,1812.5999755859375,1807.5,1808.0,39394
2026-06-05 05:40:00,1808.5999755859375,1808.5999755859375,1811.4000244140625,1807.800048828125,1809.300048828125,51572
2026-06-05 05:45:00,1805.0,1805.0,1810.5,1803.5,1808.5999755859375,85690
2026-06-05 05:50:00,1802.9000244140625,1802.9000244140625,1805.0,1800.199951171875,1804.5999755859375,49714
2026-06-05 05:55:00,1803.9000244140625,1803.9000244140625,1804.300048828125,1801.0,1802.9000244140625,100624
2026-06-05 06:00:00,1805.300048828125,1805.300048828125,1806.5,1804.4000244140625,1804.4000244140625,22191
2026-06-05 06:05:00,1804.5999755859375,1804.5999755859375,1806.0,1804.0999755859375,1804.699951171875,23016
2026-06-05 06:10:00,1806.4000244140625,1806.4000244140625,1808.4000244140625,1804.300048828125,1805.199951171875,45147
2026-06-05 06:15:00,1808.0,1808.0,1808.5999755859375,1806.4000244140625,1806.800048828125,25457
2026-06-05 06:20:00,1808.199951171875,1808.199951171875,1809.800048828125,1807.5,1808.0,62898
2026-06-05 06:25:00,1807.199951171875,1807.199951171875,1808.800048828125,1806.300048828125,1808.0,22666
2026-06-05 06:30:00,1807.5999755859375,1807.5999755859375,1809.0,1807.0999755859375,1807.5999755859375,14501
2026-06-05 06:35:00,1806.9000244140625,1806.9000244140625,1808.4000244140625,1806.800048828125,1807.699951171875,16433
2026-06-05 06:40:00,1809.0,1809.0,1809.0,1805.4000244140625,1806.9000244140625,18260
2026-06-05 06:45:00,1805.300048828125,1805.300048828125,1809.0,1805.300048828125,1808.5,16688
2026-06-05 06:50:00,1807.0,1807.0,1808.0,1805.199951171875,1805.199951171875,56806
2026-06-05 06:55:00,1806.4000244140625,1806.4000244140625,1807.9000244140625,1806.300048828125,1807.0,13549
2026-06-05 07:00:00,1805.699951171875,1805.699951171875,1806.9000244140625,1805.0,1806.9000244140625,15006
2026-06-05 07:05:00,1802.199951171875,1802.199951171875,1806.300048828125,1800.9000244140625,1805.699951171875,106435
2026-06-05 07:10:00,1799.199951171875,1799.199951171875,1802.699951171875,1798.0999755859375,1802.199951171875,121398
2026-06-05 07:15:00,1800.4000244140625,1800.4000244140625,1801.0999755859375,1798.800048828125,1799.4000244140625,20016
2026-06-05 07:20:00,1799.4000244140625,1799.4000244140625,1800.5999755859375,1798.9000244140625,1800.5999755859375,29807
2026-06-05 07:25:00,1799.9000244140625,1799.9000244140625,1799.9000244140625,1799.0,1799.300048828125,17509
2026-06-05 07:30:00,1801.300048828125,1801.300048828125,1801.5999755859375,1799.5999755859375,1799.9000244140625,17643
2026-06-05 07:35:00,1799.0,1799.0,1801.5999755859375,1799.0,1801.5,35896
2026-06-05 07:40:00,1797.4000244140625,1797.4000244140625,1799.0999755859375,1796.300048828125,1799.0,28744
2026-06-05 07:45:00,1796.300048828125,1796.300048828125,1799.699951171875,1796.300048828125,1796.9000244140625,29899
2026-06-05 07:50:00,1794.5999755859375,1794.5999755859375,1798.0999755859375,1794.5,1796.300048828125,45047
2026-06-05 07:55:00,1796.0,1796.0,1798.699951171875,1793.199951171875,1795.4000244140625,39486
2026-06-05 08:00:00,1795.0,1795.0,1797.4000244140625,1794.800048828125,1796.0999755859375,22545
2026-06-05 08:05:00,1795.199951171875,1795.199951171875,1796.0,1792.4000244140625,1795.0999755859375,41429
2026-06-05 08:10:00,1794.300048828125,1794.300048828125,1795.9000244140625,1792.9000244140625,1795.199951171875,35697
2026-06-05 08:15:00,1795.800048828125,1795.800048828125,1796.800048828125,1794.0999755859375,1794.9000244140625,66541
2026-06-05 08:20:00,1795.5999755859375,1795.5999755859375,1796.4000244140625,1794.699951171875,1795.800048828125,37477
2026-06-05 08:25:00,1796.0999755859375,1796.0999755859375,1796.5,1795.0,1795.199951171875,21042
2026-06-05 08:30:00,1798.0,1798.0,1798.0,1796.0,1798.0,37316
2026-06-05 08:35:00,1796.9000244140625,1796.9000244140625,1798.199951171875,1796.9000244140625,1798.0,17155
2026-06-05 08:40:00,1795.0,1795.0,1798.300048828125,1794.800048828125,1797.199951171875,58909
2026-06-05 08:45:00,1791.699951171875,1791.699951171875,1795.5999755859375,1791.5,1795.5999755859375,62163
2026-06-05 08:50:00,1791.9000244140625,1791.9000244140625,1792.9000244140625,1790.800048828125,1791.699951171875,91385
2026-06-05 08:55:00,1794.0,1794.0,1794.4000244140625,1791.5,1791.800048828125,88869
2026-06-05 09:00:00,1794.5,1794.5,1795.5999755859375,1792.5999755859375,1794.0,102147
2026-06-05 09:05:00,1799.699951171875,1799.699951171875,1800.300048828125,1793.4000244140625,1794.0999755859375,84266
2026-06-05 09:10:00,1802.199951171875,1802.199951171875,1803.800048828125,1798.9000244140625,1799.0,60648
2026-06-05 09:15:00,1800.4000244140625,1800.4000244140625,1803.0,1800.0,1802.4000244140625,62402
2026-06-05 09:20:00,1800.699951171875,1800.699951171875,1801.0999755859375,1800.0,1800.0999755859375,29864
2026-06-05 09:25:00,1798.4000244140625,1798.4000244140625,1800.9000244140625,1797.300048828125,1800.699951171875,63200
2026-06-05 09:30:00,1796.199951171875,1796.199951171875,1799.199951171875,1795.5999755859375,1799.0999755859375,126836
2026-06-05 09:35:00,1797.699951171875,1797.699951171875,1797.9000244140625,1795.0,1796.4000244140625,175622
2026-06-05 09:40:00,1798.199951171875,1798.199951171875,1798.300048828125,1797.0,1797.800048828125,136845
2026-06-05 09:45:00,1800.300048828125,1800.300048828125,1800.699951171875,1798.0999755859375,1798.199951171875,184547
2026-06-05 09:50:00,1800.9000244140625,1800.9000244140625,1801.300048828125,1800.0,1800.300048828125,202597
2026-06-05 09:55:00,1796.0,1796.0,1800.9000244140625,1794.9000244140625,1800.9000244140625,160301
2026-06-08 03:45:00,1790.9000244140625,1790.9000244140625,1792.4000244140625,1775.0,1775.800048828125,0
2026-06-08 03:50:00,1796.5999755859375,1796.5999755859375,1797.199951171875,1788.0,1790.5,134792
2026-06-08 03:55:00,1793.0,1793.0,1797.9000244140625,1791.699951171875,1796.5,63302
2026-06-08 04:00:00,1795.699951171875,1795.699951171875,1795.699951171875,1792.0999755859375,1792.800048828125,36785
2026-06-08 04:05:00,1796.0,1796.0,1796.0,1793.0,1795.0,40004
2026-06-08 04:10:00,1795.0,1795.0,1798.0,1795.0,1796.300048828125,46071
2026-06-08 04:15:00,1795.0999755859375,1795.0999755859375,1796.9000244140625,1794.199951171875,1795.199951171875,46427
2026-06-08 04:20:00,1796.5,1796.5,1796.9000244140625,1793.199951171875,1795.4000244140625,39750
2026-06-08 04:25:00,1796.699951171875,1796.699951171875,1797.800048828125,1793.5,1796.199951171875,50687
2026-06-08 04:30:00,1799.199951171875,1799.199951171875,1804.300048828125,1795.5,1796.5999755859375,506537
2026-06-08 04:35:00,1804.0,1804.0,1804.4000244140625,1797.0,1799.199951171875,255918
2026-06-08 04:40:00,1802.0,1802.0,1804.699951171875,1802.0,1804.0,38936
2026-06-08 04:45:00,1807.0999755859375,1807.0999755859375,1807.0999755859375,1800.199951171875,1801.800048828125,101069
2026-06-08 04:50:00,1803.0,1803.0,1807.0999755859375,1803.0,1807.0999755859375,44835
2026-06-08 04:55:00,1803.9000244140625,1803.9000244140625,1805.0,1802.0999755859375,1803.5999755859375,54758
2026-06-08 05:00:00,1807.0,1807.0,1807.0,1803.9000244140625,1803.9000244140625,35119
2026-06-08 05:05:00,1806.300048828125,1806.300048828125,1807.300048828125,1805.5,1806.5,37645
2026-06-08 05:10:00,1804.300048828125,1804.300048828125,1806.800048828125,1804.0,1806.300048828125,23948
2026-06-08 05:15:00,1805.5999755859375,1805.5999755859375,1805.5999755859375,1803.0999755859375,1803.699951171875,31910
2026-06-08 05:20:00,1805.0,1805.0,1805.9000244140625,1803.699951171875,1805.5,35687
2026-06-08 05:25:00,1807.9000244140625,1807.9000244140625,1807.9000244140625,1804.5,1804.699951171875,74284
2026-06-08 05:30:00,1808.300048828125,1808.300048828125,1808.5999755859375,1807.0999755859375,1808.0,33099
2026-06-08 05:35:00,1807.9000244140625,1807.9000244140625,1809.0,1805.9000244140625,1808.300048828125,71197
2026-06-08 05:40:00,1807.5999755859375,1807.5999755859375,1809.0,1806.5,1807.699951171875,63148
2026-06-08 05:45:00,1806.4000244140625,1806.4000244140625,1808.0999755859375,1804.5999755859375,1808.0999755859375,85166
2026-06-08 05:50:00,1810.199951171875,1810.199951171875,1810.5999755859375,1806.300048828125,1806.4000244140625,80258
2026-06-08 05:55:00,1808.0999755859375,1808.0999755859375,1810.5999755859375,1807.0999755859375,1810.4000244140625,46411
2026-06-08 06:00:00,1808.4000244140625,1808.4000244140625,1810.0999755859375,1807.0999755859375,1808.0999755859375,90659
2026-06-08 06:05:00,1807.0,1807.0,1808.800048828125,1807.0,1808.5,51003
2026-06-08 06:10:00,1805.5,1805.5,1807.5999755859375,1805.199951171875,1807.199951171875,37650
2026-06-08 06:15:00,1807.5,1807.5,1808.0999755859375,1804.5999755859375,1805.5,43575
2026-06-08 06:20:00,1809.4000244140625,1809.4000244140625,1809.5999755859375,1807.199951171875,1807.5,83127
2026-06-08 06:25:00,1808.9000244140625,1808.9000244140625,1810.300048828125,1807.5999755859375,1809.5,66607
2026-06-08 06:30:00,1810.0,1810.0,1811.199951171875,1808.0,1809.0,58388
2026-06-08 06:35:00,1808.5,1808.5,1810.199951171875,1807.199951171875,1810.0,139487
2026-06-08 06:40:00,1809.5,1809.5,1810.5,1808.4000244140625,1808.4000244140625,91216
2026-06-08 06:45:00,1810.4000244140625,1810.4000244140625,1810.5,1808.4000244140625,1808.9000244140625,31573
2026-06-08 06:50:00,1811.800048828125,1811.800048828125,1811.800048828125,1810.4000244140625,1810.4000244140625,32613
2026-06-08 06:55:00,1811.5999755859375,1811.5999755859375,1812.5,1810.699951171875,1811.699951171875,35143
2026-06-08 07:00:00,1811.0999755859375,1811.0999755859375,1812.4000244140625,1810.0,1811.699951171875,29807
2026-06-08 07:05:00,1811.5,1811.5,1811.699951171875,1810.0,1811.0999755859375,32942
2026-06-08 07:10:00,1811.4000244140625,1811.4000244140625,1811.9000244140625,1811.0,1811.9000244140625,26747
2026-06-08 07:15:00,1811.0,1811.0,1811.5,1810.4000244140625,1811.300048828125,28347
2026-06-08 07:20:00,1811.0999755859375,1811.0999755859375,1812.0,1810.800048828125,1811.0,30679
2026-06-08 07:25:00,1813.9000244140625,1813.9000244140625,1813.9000244140625,1811.199951171875,1811.199951171875,53067
2026-06-08 07:30:00,1812.5999755859375,1812.5999755859375,1813.9000244140625,1812.199951171875,1813.800048828125,26361
2026-06-08 07:35:00,1812.9000244140625,1812.9000244140625,1814.300048828125,1812.4000244140625,1812.5,49527
2026-06-08 07:40:00,1812.5999755859375,1812.5999755859375,1813.5999755859375,1812.0,1813.4000244140625,35025
2026-06-08 07:45:00,1812.5,1812.5,1813.5,1811.800048828125,1812.5999755859375,40880
2026-06-08 07:50:00,1812.0,1812.0,1812.5,1811.4000244140625,1812.5,36724
2026-06-08 07:55:00,1811.9000244140625,1811.9000244140625,1812.300048828125,1810.199951171875,1812.300048828125,44133
2026-06-08 08:00:00,1811.4000244140625,1811.4000244140625,1813.5999755859375,1810.0999755859375,1811.800048828125,63790
2026-06-08 08:05:00,1811.4000244140625,1811.4000244140625,1811.9000244140625,1810.300048828125,1811.4000244140625,34549
2026-06-08 08:10:00,1810.300048828125,1810.300048828125,1811.699951171875,1810.0999755859375,1811.5,48905
2026-06-08 08:15:00,1811.0999755859375,1811.0999755859375,1812.0,1808.0999755859375,1810.4000244140625,92831
2026-06-08 08:20:00,1811.0999755859375,1811.0999755859375,1811.5999755859375,1810.4000244140625,1811.0999755859375,44481
2026-06-08 08:25:00,1810.0999755859375,1810.0999755859375,1811.4000244140625,1809.5,1811.199951171875,34330
2026-06-08 08:30:00,1810.0,1810.0,1811.0,1809.0999755859375,1810.0999755859375,40878
2026-06-08 08:35:00,1809.5999755859375,1809.5999755859375,1810.5999755859375,1809.300048828125,1810.300048828125,48579
2026-06-08 08:40:00,1811.699951171875,1811.699951171875,1811.699951171875,1809.4000244140625,1809.5999755859375,49247
2026-06-08 08:45:00,1812.5999755859375,1812.5999755859375,1812.699951171875,1810.199951171875,1811.5999755859375,122553
2026-06-08 08:50:00,1812.4000244140625,1812.4000244140625,1812.5999755859375,1811.5999755859375,1812.5999755859375,107597
2026-06-08 08:55:00,1811.199951171875,1811.199951171875,1812.300048828125,1811.0,1812.300048828125,33874
2026-06-08 09:00:00,1812.0,1812.0,1812.5,1811.199951171875,1811.300048828125,32543
2026-06-08 09:05:00,1811.199951171875,1811.199951171875,1812.800048828125,1811.0999755859375,1812.300048828125,40605
2026-06-08 09:10:00,1811.699951171875,1811.699951171875,1811.800048828125,1810.9000244140625,1811.0999755859375,47186
2026-06-08 09:15:00,1810.9000244140625,1810.9000244140625,1812.0999755859375,1810.0,1811.800048828125,161293
2026-06-08 09:20:00,1811.800048828125,1811.800048828125,1811.9000244140625,1810.300048828125,1810.9000244140625,55082
2026-06-08 09:25:00,1813.0,1813.0,1813.300048828125,1811.800048828125,1811.800048828125,38048
2026-06-08 09:30:00,1811.0999755859375,1811.0999755859375,1812.5999755859375,1810.199951171875,1812.5999755859375,186753
2026-06-08 09:35:00,1811.0,1811.0,1811.300048828125,1810.4000244140625,1810.9000244140625,194941
2026-06-08 09:40:00,1811.4000244140625,1811.4000244140625,1812.4000244140625,1810.9000244140625,1811.199951171875,150843
2026-06-08 09:45:00,1811.0,1811.0,1811.5999755859375,1810.699951171875,1811.0,154024
2026-06-08 09:50:00,1811.300048828125,1811.300048828125,1811.4000244140625,1810.4000244140625,1811.0999755859375,159610
2026-06-08 09:55:00,1813.300048828125,1813.300048828125,1820.0999755859375,1810.199951171875,1811.0,696814
2026-06-09 03:45:00,1814.199951171875,1814.199951171875,1837.0,1809.0999755859375,1830.300048828125,0
2026-06-09 03:50:00,1815.800048828125,1815.800048828125,1817.0,1809.9000244140625,1814.5,220208
2026-06-09 03:55:00,1817.0999755859375,1817.0999755859375,1817.699951171875,1814.9000244140625,1815.5,87562
2026-06-09 04:00:00,1818.4000244140625,1818.4000244140625,1819.4000244140625,1817.0999755859375,1817.0999755859375,86201
2026-06-09 04:05:00,1815.300048828125,1815.300048828125,1818.4000244140625,1813.800048828125,1818.4000244140625,126976
2026-06-09 04:10:00,1815.300048828125,1815.300048828125,1817.0,1814.5,1815.0,107439
2026-06-09 04:15:00,1815.9000244140625,1815.9000244140625,1817.5999755859375,1814.300048828125,1815.300048828125,157956
2026-06-09 04:20:00,1816.5999755859375,1816.5999755859375,1817.300048828125,1815.800048828125,1815.800048828125,48334
2026-06-09 04:25:00,1817.0999755859375,1817.0999755859375,1817.9000244140625,1816.0,1816.5999755859375,88055
2026-06-09 04:30:00,1811.199951171875,1811.199951171875,1817.199951171875,1810.300048828125,1817.199951171875,93816
2026-06-09 04:35:00,1808.5999755859375,1808.5999755859375,1813.199951171875,1807.4000244140625,1811.800048828125,74106
2026-06-09 04:40:00,1808.300048828125,1808.300048828125,1810.0,1807.0,1808.5999755859375,84273
2026-06-09 04:45:00,1809.0999755859375,1809.0999755859375,1810.800048828125,1807.699951171875,1808.699951171875,71566
2026-06-09 04:50:00,1809.0,1809.0,1809.0999755859375,1807.0999755859375,1809.0999755859375,257671
2026-06-09 04:55:00,1809.5,1809.5,1810.199951171875,1808.9000244140625,1809.0,28487
2026-06-09 05:00:00,1808.800048828125,1808.800048828125,1810.300048828125,1808.199951171875,1809.5999755859375,27101
2026-06-09 05:05:00,1804.800048828125,1804.800048828125,1808.800048828125,1804.4000244140625,1808.800048828125,65039
2026-06-09 05:10:00,1799.9000244140625,1799.9000244140625,1804.800048828125,1799.0999755859375,1804.800048828125,116294
2026-06-09 05:15:00,1792.199951171875,1792.199951171875,1800.0,1792.199951171875,1800.0,88241
2026-06-09 05:20:00,1798.800048828125,1798.800048828125,1798.800048828125,1792.0,1792.300048828125,59269
2026-06-09 05:25:00,1800.5,1800.5,1801.0999755859375,1797.699951171875,1798.5999755859375,59542
2026-06-09 05:30:00,1799.5999755859375,1799.5999755859375,1801.5,1799.0999755859375,1800.800048828125,65800
2026-06-09 05:35:00,1796.5,1796.5,1799.5999755859375,1795.9000244140625,1799.5999755859375,49867
2026-06-09 05:40:00,1798.199951171875,1798.199951171875,1799.9000244140625,1796.300048828125,1796.5999755859375,108583
2026-06-09 05:45:00,1798.9000244140625,1798.9000244140625,1801.199951171875,1798.199951171875,1798.300048828125,70981
2026-06-09 05:50:00,1793.0999755859375,1793.0999755859375,1799.5,1792.0999755859375,1798.9000244140625,116484
2026-06-09 05:55:00,1796.0999755859375,1796.0999755859375,1797.699951171875,1790.0,1793.0,339319
2026-06-09 06:00:00,1799.699951171875,1799.699951171875,1800.800048828125,1796.0,1796.199951171875,235328
2026-06-09 06:05:00,1799.5,1799.5,1801.5,1798.699951171875,1799.800048828125,146914
2026-06-09 06:10:00,1798.0,1798.0,1800.0,1796.0999755859375,1799.5,196137
2026-06-09 06:15:00,1799.199951171875,1799.199951171875,1800.4000244140625,1797.5,1798.0999755859375,98647
2026-06-09 06:20:00,1800.0,1800.0,1800.5999755859375,1798.5,1799.0,81354
2026-06-09 06:25:00,1802.300048828125,1802.300048828125,1803.0,1800.0,1800.0,66697
2026-06-09 06:30:00,1799.300048828125,1799.300048828125,1802.9000244140625,1798.800048828125,1802.0999755859375,126308
2026-06-09 06:35:00,1801.0,1801.0,1801.4000244140625,1799.199951171875,1799.300048828125,58235
2026-06-09 06:40:00,1800.199951171875,1800.199951171875,1801.5,1800.0,1800.800048828125,47041
2026-06-09 06:45:00,1801.0,1801.0,1801.199951171875,1800.0999755859375,1800.800048828125,61802
2026-06-09 06:50:00,1799.0999755859375,1799.0999755859375,1801.9000244140625,1799.0999755859375,1801.0,81757
2026-06-09 06:55:00,1800.300048828125,1800.300048828125,1800.5,1799.0,1799.800048828125,64051
2026-06-09 07:00:00,1802.800048828125,1802.800048828125,1803.4000244140625,1800.199951171875,1800.4000244140625,74408
2026-06-09 07:05:00,1802.199951171875,1802.199951171875,1803.0999755859375,1802.199951171875,1802.5999755859375,48547
2026-06-09 07:10:00,1801.300048828125,1801.300048828125,1802.4000244140625,1800.0,1802.199951171875,125798
2026-06-09 07:15:00,1801.300048828125,1801.300048828125,1802.300048828125,1800.5,1801.300048828125,72977
2026-06-09 07:20:00,1802.5,1802.5,1803.0,1800.0,1801.300048828125,83321
2026-06-09 07:25:00,1801.0999755859375,1801.0999755859375,1802.699951171875,1800.5999755859375,1802.199951171875,85418
2026-06-09 07:30:00,1802.699951171875,1802.699951171875,1804.0,1801.199951171875,1801.4000244140625,103481
2026-06-09 07:35:00,1800.9000244140625,1800.9000244140625,1803.0,1800.9000244140625,1802.800048828125,75866
2026-06-09 07:40:00,1801.5,1801.5,1802.0,1800.4000244140625,1801.0,80723
2026-06-09 07:45:00,1801.4000244140625,1801.4000244140625,1804.4000244140625,1800.4000244140625,1801.4000244140625,190241
2026-06-09 07:50:00,1800.9000244140625,1800.9000244140625,1802.699951171875,1800.4000244140625,1801.4000244140625,84740
2026-06-09 07:55:00,1801.199951171875,1801.199951171875,1801.5,1800.5,1800.9000244140625,87138
2026-06-09 08:00:00,1802.5999755859375,1802.5999755859375,1803.0,1800.300048828125,1801.199951171875,166858
2026-06-09 08:05:00,1804.0,1804.0,1804.0999755859375,1801.5,1802.9000244140625,87376
2026-06-09 08:10:00,1803.300048828125,1803.300048828125,1804.800048828125,1803.0,1804.0999755859375,91495
2026-06-09 08:15:00,1803.0999755859375,1803.0999755859375,1803.800048828125,1801.800048828125,1803.300048828125,123132
2026-06-09 08:20:00,1803.0,1803.0,1803.199951171875,1802.5,1802.5,50330
2026-06-09 08:25:00,1802.699951171875,1802.699951171875,1803.800048828125,1802.5,1803.0,76081
2026-06-09 08:30:00,1802.5,1802.5,1802.800048828125,1802.300048828125,1802.699951171875,48788
2026-06-09 08:35:00,1802.300048828125,1802.300048828125,1802.5999755859375,1802.300048828125,1802.5,44519
2026-06-09 08:40:00,1803.5999755859375,1803.5999755859375,1804.199951171875,1802.300048828125,1802.4000244140625,76267
2026-06-09 08:45:00,1802.800048828125,1802.800048828125,1803.699951171875,1801.800048828125,1803.699951171875,96280
2026-06-09 08:50:00,1800.699951171875,1800.699951171875,1802.9000244140625,1799.5,1802.800048828125,118203
2026-06-09 08:55:00,1801.4000244140625,1801.4000244140625,1802.0,1800.0,1801.0,100946
2026-06-09 09:00:00,1801.300048828125,1801.300048828125,1801.9000244140625,1800.800048828125,1801.4000244140625,81084
2026-06-09 09:05:00,1802.4000244140625,1802.4000244140625,1802.5,1800.0,1801.4000244140625,108197
2026-06-09 09:10:00,1804.5,1804.5,1804.5999755859375,1802.300048828125,1802.4000244140625,151607
2026-06-09 09:15:00,1803.9000244140625,1803.9000244140625,1804.5,1802.699951171875,1804.300048828125,99063
2026-06-09 09:20:00,1803.0,1803.0,1804.0999755859375,1802.4000244140625,1804.0999755859375,254639
2026-06-09 09:25:00,1805.5999755859375,1805.5999755859375,1805.9000244140625,1803.300048828125,1803.4000244140625,254094
2026-06-09 09:30:00,1802.5,1802.5,1805.5999755859375,1802.5,1805.5999755859375,444888
2026-06-09 09:35:00,1801.199951171875,1801.199951171875,1802.800048828125,1800.4000244140625,1802.800048828125,406251
2026-06-09 09:40:00,1796.300048828125,1796.300048828125,1801.300048828125,1796.0999755859375,1801.300048828125,430727
2026-06-09 09:45:00,1795.699951171875,1795.699951171875,1796.4000244140625,1794.5999755859375,1796.300048828125,431238
2026-06-09 09:50:00,1797.5999755859375,1797.5999755859375,1797.800048828125,1794.9000244140625,1795.5999755859375,372961
2026-06-09 09:55:00,1798.0,1798.0,1798.5,1796.5,1797.5999755859375,238814
2026-06-10 03:45:00,1805.5,1805.5,1807.699951171875,1790.300048828125,1799.0,0
2026-06-10 03:50:00,1803.199951171875,1803.199951171875,1806.0,1800.5,1806.0,117260
2026-06-10 03:55:00,1798.5,1798.5,1804.300048828125,1798.4000244140625,1803.199951171875,92038
2026-06-10 04:00:00,1794.0,1794.0,1799.9000244140625,1792.0,1799.5,101117
2026-06-10 04:05:00,1791.5,1791.5,1794.5999755859375,1790.5999755859375,1794.300048828125,106430
2026-06-10 04:10:00,1790.199951171875,1790.199951171875,1792.800048828125,1790.0999755859375,1791.300048828125,154096
2026-06-10 04:15:00,1791.800048828125,1791.800048828125,1794.0999755859375,1790.0,1790.199951171875,98045
2026-06-10 04:20:00,1790.800048828125,1790.800048828125,1792.5,1790.199951171875,1792.300048828125,95917
2026-06-10 04:25:00,1790.9000244140625,1790.9000244140625,1792.300048828125,1789.4000244140625,1790.5999755859375,94900
2026-06-10 04:30:00,1792.0,1792.0,1792.199951171875,1790.0,1790.699951171875,81895
2026-06-10 04:35:00,1792.0999755859375,1792.0999755859375,1794.699951171875,1790.0999755859375,1791.800048828125,59358
2026-06-10 04:40:00,1790.800048828125,1790.800048828125,1792.9000244140625,1789.5,1792.300048828125,99399
2026-06-10 04:45:00,1790.5,1790.5,1791.800048828125,1788.300048828125,1790.0999755859375,180994
2026-06-10 04:50:00,1789.9000244140625,1789.9000244140625,1790.5999755859375,1789.199951171875,1790.5,36049
2026-06-10 04:55:00,1790.800048828125,1790.800048828125,1791.300048828125,1789.0,1789.9000244140625,58316
2026-06-10 05:00:00,1790.4000244140625,1790.4000244140625,1791.0999755859375,1789.800048828125,1791.0,40301
2026-06-10 05:05:00,1791.4000244140625,1791.4000244140625,1792.5,1790.4000244140625,1790.4000244140625,46335
2026-06-10 05:10:00,1791.800048828125,1791.800048828125,1792.0999755859375,1790.9000244140625,1791.4000244140625,34119
2026-06-10 05:15:00,1792.0999755859375,1792.0999755859375,1793.0,1790.9000244140625,1791.699951171875,47011
2026-06-10 05:20:00,1792.5999755859375,1792.5999755859375,1794.4000244140625,1791.800048828125,1792.300048828125,46087
2026-06-10 05:25:00,1796.0999755859375,1796.0999755859375,1796.0999755859375,1790.199951171875,1792.5,220526
2026-06-10 05:30:00,1796.5999755859375,1796.5999755859375,1797.5999755859375,1795.199951171875,1795.9000244140625,102903
2026-06-10 05:35:00,1797.9000244140625,1797.9000244140625,1798.4000244140625,1794.0,1796.0999755859375,149046
2026-06-10 05:40:00,1797.9000244140625,1797.9000244140625,1799.0999755859375,1797.0999755859375,1797.800048828125,73573
2026-06-10 05:45:00,1796.0,1796.0,1803.4000244140625,1795.5,1797.9000244140625,123476
2026-06-10 05:50:00,1796.800048828125,1796.800048828125,1797.300048828125,1794.5,1796.0,47581
2026-06-10 05:55:00,1795.5999755859375,1795.5999755859375,1797.9000244140625,1795.5999755859375,1796.9000244140625,58917
2026-06-10 06:00:00,1793.0999755859375,1793.0999755859375,1795.9000244140625,1792.5999755859375,1795.9000244140625,103144
2026-06-10 06:05:00,1793.699951171875,1793.699951171875,1794.4000244140625,1792.5999755859375,1793.199951171875,93982
2026-06-10 06:10:00,1793.5999755859375,1793.5999755859375,1793.699951171875,1792.0,1793.699951171875,51994
2026-06-10 06:15:00,1794.800048828125,1794.800048828125,1794.800048828125,1791.4000244140625,1793.0999755859375,47066
2026-06-10 06:20:00,1793.199951171875,1793.199951171875,1794.800048828125,1793.0,1794.800048828125,33214
2026-06-10 06:25:00,1792.0,1792.0,1793.5999755859375,1791.9000244140625,1793.0999755859375,69894
2026-06-10 06:30:00,1789.699951171875,1789.699951171875,1792.5999755859375,1789.300048828125,1792.0,48198
2026-06-10 06:35:00,1789.800048828125,1789.800048828125,1790.0,1789.0999755859375,1789.699951171875,54054
2026-06-10 06:40:00,1790.9000244140625,1790.9000244140625,1792.9000244140625,1789.0999755859375,1789.5999755859375,72070
2026-06-10 06:45:00,1790.4000244140625,1790.4000244140625,1792.0999755859375,1790.199951171875,1790.9000244140625,39979
2026-06-10 06:50:00,1790.0,1790.0,1790.699951171875,1789.5,1790.300048828125,44069
2026-06-10 06:55:00,1788.699951171875,1788.699951171875,1790.0,1788.699951171875,1790.0,40363
2026-06-10 07:00:00,1789.300048828125,1789.300048828125,1790.4000244140625,1788.699951171875,1788.800048828125,1187362
2026-06-10 07:05:00,1790.0,1790.0,1790.800048828125,1789.199951171875,1789.300048828125,40674
2026-06-10 07:10:00,1790.4000244140625,1790.4000244140625,1790.4000244140625,1789.800048828125,1790.0,38313
2026-06-10 07:15:00,1790.699951171875,1790.699951171875,1791.5,1789.800048828125,1790.4000244140625,41987
2026-06-10 07:20:00,1790.5999755859375,1790.5999755859375,1791.5,1790.300048828125,1790.5999755859375,75303
2026-06-10 07:25:00,1790.5,1790.5,1790.699951171875,1789.800048828125,1790.699951171875,135126
2026-06-10 07:30:00,1792.4000244140625,1792.4000244140625,1792.5999755859375,1790.5999755859375,1790.5999755859375,47032
2026-06-10 07:35:00,1791.800048828125,1791.800048828125,1792.699951171875,1791.5999755859375,1792.4000244140625,28320
2026-06-10 07:40:00,1790.5999755859375,1790.5999755859375,1791.9000244140625,1790.0,1791.5,42664
2026-06-10 07:45:00,1790.5999755859375,1790.5999755859375,1790.800048828125,1789.4000244140625,1790.5999755859375,80741
2026-06-10 07:50:00,1788.800048828125,1788.800048828125,1790.5,1788.5999755859375,1790.5,55778
2026-06-10 07:55:00,1790.0,1790.0,1790.5999755859375,1788.800048828125,1788.9000244140625,95571
2026-06-10 08:00:00,1790.4000244140625,1790.4000244140625,1794.300048828125,1790.0999755859375,1790.0999755859375,222807
2026-06-10 08:05:00,1790.0999755859375,1790.0999755859375,1791.5999755859375,1789.800048828125,1790.4000244140625,79486
2026-06-10 08:10:00,1791.199951171875,1791.199951171875,1791.5999755859375,1789.699951171875,1790.300048828125,51834
2026-06-10 08:15:00,1789.9000244140625,1789.9000244140625,1791.699951171875,1789.699951171875,1790.800048828125,86314
2026-06-10 08:20:00,1790.4000244140625,1790.4000244140625,1790.699951171875,1789.4000244140625,1790.199951171875,71057
2026-06-10 08:25:00,1789.800048828125,1789.800048828125,1790.300048828125,1789.4000244140625,1790.300048828125,34486
2026-06-10 08:30:00,1790.0,1790.0,1790.300048828125,1789.4000244140625,1789.699951171875,47352
2026-06-10 08:35:00,1790.4000244140625,1790.4000244140625,1791.4000244140625,1789.9000244140625,1789.9000244140625,49882
2026-06-10 08:40:00,1789.9000244140625,1789.9000244140625,1790.800048828125,1789.5,1790.5,60714
2026-06-10 08:45:00,1790.300048828125,1790.300048828125,1790.5,1788.5,1789.5999755859375,97272
2026-06-10 08:50:00,1792.5999755859375,1792.5999755859375,1792.800048828125,1790.0999755859375,1790.4000244140625,83767
2026-06-10 08:55:00,1791.300048828125,1791.300048828125,1792.9000244140625,1790.699951171875,1792.5999755859375,78486
2026-06-10 09:00:00,1786.199951171875,1786.199951171875,1791.4000244140625,1786.199951171875,1791.4000244140625,95972
2026-06-10 09:05:00,1784.699951171875,1784.699951171875,1786.0999755859375,1782.199951171875,1786.0,70900
2026-06-10 09:10:00,1781.199951171875,1781.199951171875,1785.5,1781.0,1784.5,76842
2026-06-10 09:15:00,1780.199951171875,1780.199951171875,1781.9000244140625,1780.0,1781.0999755859375,53367
2026-06-10 09:20:00,1780.4000244140625,1780.4000244140625,1780.9000244140625,1779.5999755859375,1780.0,44957
2026-06-10 09:25:00,1777.9000244140625,1777.9000244140625,1780.5,1777.300048828125,1780.300048828125,56122
2026-06-10 09:30:00,1777.9000244140625,1777.9000244140625,1779.4000244140625,1776.5999755859375,1778.699951171875,149062
2026-06-10 09:35:00,1776.4000244140625,1776.4000244140625,1778.0,1775.5999755859375,1778.0,208185
2026-06-10 09:40:00,1774.4000244140625,1774.4000244140625,1777.199951171875,1772.0,1776.5,348302
2026-06-10 09:45:00,1775.5,1775.5,1776.5999755859375,1773.5,1774.300048828125,248676
2026-06-10 09:50:00,1775.0,1775.0,1775.699951171875,1773.199951171875,1775.5,246803
2026-06-10 09:55:00,1776.0,1776.0,1777.199951171875,1773.0,1774.9000244140625,132350
2026-06-11 03:45:00,1785.5,1785.5,1786.4000244140625,1768.800048828125,1768.800048828125,0
2026-06-11 03:50:00,1782.699951171875,1782.699951171875,1787.9000244140625,1781.199951171875,1785.5,72778
2026-06-11 03:55:00,1783.300048828125,1783.300048828125,1785.199951171875,1782.0999755859375,1782.5999755859375,35658
2026-06-11 04:00:00,1781.5,1781.5,1783.300048828125,1780.800048828125,1783.300048828125,34328
2026-06-11 04:05:00,1784.800048828125,1784.800048828125,1785.0,1781.199951171875,1781.300048828125,24658
2026-06-11 04:10:00,1786.9000244140625,1786.9000244140625,1786.9000244140625,1783.699951171875,1784.800048828125,37259
2026-06-11 04:15:00,1786.0,1786.0,1787.0,1785.0,1786.9000244140625,32849
2026-06-11 04:20:00,1785.0,1785.0,1786.9000244140625,1785.0,1786.199951171875,31497
2026-06-11 04:25:00,1783.4000244140625,1783.4000244140625,1785.4000244140625,1783.300048828125,1785.0999755859375,36824
2026-06-11 04:30:00,1786.699951171875,1786.699951171875,1786.9000244140625,1782.699951171875,1783.0999755859375,53022
2026-06-11 04:35:00,1787.0,1787.0,1790.0,1786.199951171875,1786.4000244140625,47136
2026-06-11 04:40:00,1788.9000244140625,1788.9000244140625,1789.0,1787.0,1787.300048828125,17245
2026-06-11 04:45:00,1789.5999755859375,1789.5999755859375,1791.5,1788.800048828125,1788.800048828125,35941
2026-06-11 04:50:00,1787.800048828125,1787.800048828125,1790.300048828125,1787.5,1789.5,39107
2026-06-11 04:55:00,1788.9000244140625,1788.9000244140625,1789.0,1786.0,1787.5,23110
2026-06-11 05:00:00,1789.4000244140625,1789.4000244140625,1789.5999755859375,1788.0,1789.0,25156
2026-06-11 05:05:00,1791.0999755859375,1791.0999755859375,1791.300048828125,1789.0999755859375,1789.5,26135
2026-06-11 05:10:00,1790.5,1790.5,1791.800048828125,1790.0,1791.0999755859375,30634
2026-06-11 05:15:00,1788.0,1788.0,1791.300048828125,1788.0,1791.199951171875,37735
2026-06-11 05:20:00,1787.5999755859375,1787.5999755859375,1788.199951171875,1785.699951171875,1787.800048828125,39682
2026-06-11 05:25:00,1789.0,1789.0,1789.5999755859375,1787.4000244140625,1787.5999755859375,17486
2026-06-11 05:30:00,1788.0999755859375,1788.0999755859375,1790.0,1787.4000244140625,1789.300048828125,61035
2026-06-11 05:35:00,1789.0,1789.0,1789.699951171875,1788.300048828125,1788.5999755859375,24240
2026-06-11 05:40:00,1787.9000244140625,1787.9000244140625,1790.300048828125,1786.5,1789.4000244140625,33807
2026-06-11 05:45:00,1789.199951171875,1789.199951171875,1789.9000244140625,1786.5,1787.199951171875,30460
2026-06-11 05:50:00,1792.300048828125,1792.300048828125,1792.699951171875,1789.199951171875,1789.199951171875,211445
2026-06-11 05:55:00,1793.5,1793.5,1794.0,1791.800048828125,1792.300048828125,49556
2026-06-11 06:00:00,1789.800048828125,1789.800048828125,1794.5999755859375,1786.199951171875,1794.0,254917
2026-06-11 06:05:00,1792.5999755859375,1792.5999755859375,1792.699951171875,1789.300048828125,1790.4000244140625,39011
2026-06-11 06:10:00,1792.0,1792.0,1793.0,1791.5999755859375,1793.0,21897
2026-06-11 06:15:00,1791.5999755859375,1791.5999755859375,1792.5,1791.0,1792.5,21481
2026-06-11 06:20:00,1790.9000244140625,1790.9000244140625,1791.9000244140625,1790.0999755859375,1791.0999755859375,16443
2026-06-11 06:25:00,1793.0,1793.0,1793.5,1790.800048828125,1791.300048828125,29092
2026-06-11 06:30:00,1792.300048828125,1792.300048828125,1793.5,1791.5,1793.300048828125,19956
2026-06-11 06:35:00,1788.0,1788.0,1792.300048828125,1788.0,1791.9000244140625,50313
2026-06-11 06:40:00,1788.0,1788.0,1789.199951171875,1787.5,1788.199951171875,20538
2026-06-11 06:45:00,1788.199951171875,1788.199951171875,1789.4000244140625,1787.5999755859375,1788.0999755859375,19726
2026-06-11 06:50:00,1790.199951171875,1790.199951171875,1790.300048828125,1787.699951171875,1788.699951171875,56059
2026-06-11 06:55:00,1789.199951171875,1789.199951171875,1790.800048828125,1789.0,1790.199951171875,82031
2026-06-11 07:00:00,1792.0,1792.0,1792.5,1789.5,1789.5,31209
2026-06-11 07:05:00,1791.5999755859375,1791.5999755859375,1792.699951171875,1790.0,1792.0999755859375,49874
2026-06-11 07:10:00,1792.0999755859375,1792.0999755859375,1792.5,1791.4000244140625,1791.5999755859375,16306
2026-06-11 07:15:00,1792.0,1792.0,1794.9000244140625,1791.4000244140625,1792.300048828125,38670
2026-06-11 07:20:00,1792.5,1792.5,1793.0,1791.800048828125,1791.9000244140625,36703
2026-06-11 07:25:00,1794.0999755859375,1794.0999755859375,1794.5,1792.0,1792.5,31184
2026-06-11 07:30:00,1793.0999755859375,1793.0999755859375,1796.0,1792.5,1794.0999755859375,56213
2026-06-11 07:35:00,1793.5999755859375,1793.5999755859375,1794.5,1793.0,1793.5,22635
2026-06-11 07:40:00,1793.0,1793.0,1793.699951171875,1792.0999755859375,1793.5,37275
2026-06-11 07:45:00,1794.5999755859375,1794.5999755859375,1794.800048828125,1793.0,1793.0999755859375,70646
2026-06-11 07:50:00,1791.9000244140625,1791.9000244140625,1795.0,1791.199951171875,1794.4000244140625,65028
2026-06-11 07:55:00,1789.699951171875,1789.699951171875,1792.199951171875,1789.0,1792.0,34588
2026-06-11 08:00:00,1790.0,1790.0,1791.5,1789.199951171875,1789.5,30752
2026-06-11 08:05:00,1789.800048828125,1789.800048828125,1791.0,1789.5,1790.0,22867
2026-06-11 08:10:00,1788.199951171875,1788.199951171875,1790.0,1787.800048828125,1789.800048828125,22081
2026-06-11 08:15:00,1789.300048828125,1789.300048828125,1789.9000244140625,1788.199951171875,1788.199951171875,28773
2026-06-11 08:20:00,1786.9000244140625,1786.9000244140625,1789.800048828125,1786.800048828125,1789.300048828125,35041
2026-06-11 08:25:00,1787.0,1787.0,1788.0,1786.5,1786.9000244140625,37770
2026-06-11 08:30:00,1784.9000244140625,1784.9000244140625,1787.5,1784.4000244140625,1787.5,74758
2026-06-11 08:35:00,1783.300048828125,1783.300048828125,1785.5,1781.800048828125,1784.9000244140625,47353
2026-06-11 08:40:00,1783.5999755859375,1783.5999755859375,1784.300048828125,1782.199951171875,1783.0999755859375,42535
2026-06-11 08:45:00,1783.699951171875,1783.699951171875,1783.699951171875,1782.0999755859375,1783.5999755859375,42805
2026-06-11 08:50:00,1783.199951171875,1783.199951171875,1783.5,1781.300048828125,1783.5,43562
2026-06-11 08:55:00,1783.9000244140625,1783.9000244140625,1785.0999755859375,1782.4000244140625,1783.199951171875,62704
2026-06-11 09:00:00,1784.5,1784.5,1784.5999755859375,1782.9000244140625,1784.199951171875,64493
2026-06-11 09:05:00,1786.5999755859375,1786.5999755859375,1786.5999755859375,1779.300048828125,1784.699951171875,268658
2026-06-11 09:10:00,1786.4000244140625,1786.4000244140625,1787.800048828125,1785.4000244140625,1786.5999755859375,61812
2026-06-11 09:15:00,1786.4000244140625,1786.4000244140625,1787.800048828125,1784.0,1786.300048828125,79175
2026-06-11 09:20:00,1783.5,1783.5,1785.5,1782.5,1785.5,108054
2026-06-11 09:25:00,1784.0999755859375,1784.0999755859375,1784.0999755859375,1782.800048828125,1783.5,34231
2026-06-11 09:30:00,1782.199951171875,1782.199951171875,1784.699951171875,1780.5999755859375,1784.199951171875,222436
2026-06-11 09:35:00,1781.0,1781.0,1782.800048828125,1779.800048828125,1781.800048828125,560257
2026-06-11 09:40:00,1782.5999755859375,1782.5999755859375,1782.9000244140625,1780.0,1781.0,169249
2026-06-11 09:45:00,1785.5999755859375,1785.5999755859375,1786.4000244140625,1782.4000244140625,1782.5999755859375,153286
2026-06-11 09:50:00,1785.9000244140625,1785.9000244140625,1786.199951171875,1784.5,1785.5999755859375,142966
2026-06-11 09:55:00,1786.9000244140625,1786.9000244140625,1789.300048828125,1783.300048828125,1785.9000244140625,140780
2026-06-12 03:45:00,1803.199951171875,1803.199951171875,1806.0,1793.0,1793.0,0
2026-06-12 03:50:00,1802.699951171875,1802.699951171875,1803.199951171875,1800.0999755859375,1803.199951171875,149901
2026-06-12 03:55:00,1801.5,1801.5,1802.9000244140625,1801.0,1802.0,95341
2026-06-12 04:00:00,1798.5,1798.5,1802.0,1797.800048828125,1801.5999755859375,96830
2026-06-12 04:05:00,1801.5999755859375,1801.5999755859375,1802.699951171875,1798.0999755859375,1798.9000244140625,70558
2026-06-12 04:10:00,1802.5999755859375,1802.5999755859375,1803.0,1801.5999755859375,1801.5999755859375,60699
2026-06-12 04:15:00,1803.0999755859375,1803.0999755859375,1803.199951171875,1802.5,1802.5,53662
2026-06-12 04:20:00,1803.300048828125,1803.300048828125,1804.5,1802.0999755859375,1803.0,70104
2026-06-12 04:25:00,1803.199951171875,1803.199951171875,1804.0999755859375,1802.300048828125,1803.300048828125,49126
2026-06-12 04:30:00,1806.4000244140625,1806.4000244140625,1806.4000244140625,1802.5999755859375,1803.4000244140625,74633
2026-06-12 04:35:00,1807.5,1807.5,1809.800048828125,1806.300048828125,1806.4000244140625,107389
2026-06-12 04:40:00,1807.0,1807.0,1808.4000244140625,1805.9000244140625,1806.199951171875,58385
2026-06-12 04:45:00,1807.0,1807.0,1809.4000244140625,1805.800048828125,1807.4000244140625,73811
2026-06-12 04:50:00,1807.699951171875,1807.699951171875,1807.699951171875,1806.9000244140625,1807.0,42669
2026-06-12 04:55:00,1806.0,1806.0,1809.0999755859375,1805.0,1807.699951171875,61439
2026-06-12 05:00:00,1805.800048828125,1805.800048828125,1806.0999755859375,1804.199951171875,1805.699951171875,57702
2026-06-12 05:05:00,1805.199951171875,1805.199951171875,1805.800048828125,1804.9000244140625,1805.800048828125,40942
2026-06-12 05:10:00,1805.800048828125,1805.800048828125,1805.800048828125,1805.199951171875,1805.300048828125,24220
2026-06-12 05:15:00,1806.5999755859375,1806.5999755859375,1807.0999755859375,1805.4000244140625,1805.800048828125,54589
2026-06-12 05:20:00,1806.699951171875,1806.699951171875,1807.300048828125,1805.300048828125,1806.5999755859375,37840
2026-06-12 05:25:00,1807.0,1807.0,1807.699951171875,1806.4000244140625,1806.800048828125,45807
2026-06-12 05:30:00,1809.699951171875,1809.699951171875,1809.699951171875,1806.9000244140625,1806.9000244140625,62186
2026-06-12 05:35:00,1807.9000244140625,1807.9000244140625,1809.699951171875,1807.699951171875,1809.699951171875,53608
2026-06-12 05:40:00,1809.9000244140625,1809.9000244140625,1810.0,1807.5999755859375,1807.800048828125,77471
2026-06-12 05:45:00,1809.9000244140625,1809.9000244140625,1811.199951171875,1809.4000244140625,1809.9000244140625,84683
2026-06-12 05:50:00,1812.5999755859375,1812.5999755859375,1813.0,1808.300048828125,1809.699951171875,91116
2026-06-12 05:55:00,1812.4000244140625,1812.4000244140625,1812.699951171875,1812.0,1812.5,64059
2026-06-12 06:00:00,1814.0,1814.0,1815.0,1812.5,1812.5,97989
2026-06-12 06:05:00,1813.800048828125,1813.800048828125,1814.300048828125,1812.0999755859375,1813.9000244140625,90973
2026-06-12 06:10:00,1813.800048828125,1813.800048828125,1814.5,1813.199951171875,1813.800048828125,126138
2026-06-12 06:15:00,1815.5999755859375,1815.5999755859375,1816.300048828125,1812.9000244140625,1813.4000244140625,113378
2026-06-12 06:20:00,1814.800048828125,1814.800048828125,1815.699951171875,1813.5999755859375,1815.5999755859375,74468
2026-06-12 06:25:00,1815.4000244140625,1815.4000244140625,1815.800048828125,1814.5,1814.5999755859375,55673
2026-06-12 06:30:00,1815.199951171875,1815.199951171875,1815.4000244140625,1814.5,1815.300048828125,55209
2026-06-12 06:35:00,1815.300048828125,1815.300048828125,1815.9000244140625,1814.5999755859375,1815.199951171875,58700
2026-06-12 06:40:00,1814.9000244140625,1814.9000244140625,1815.300048828125,1814.4000244140625,1815.0,49290
2026-06-12 06:45:00,1814.0999755859375,1814.0999755859375,1815.199951171875,1813.699951171875,1814.9000244140625,100101
2026-06-12 06:50:00,1814.4000244140625,1814.4000244140625,1814.5999755859375,1813.5999755859375,1814.0,43156
2026-06-12 06:55:00,1814.800048828125,1814.800048828125,1815.0,1813.0999755859375,1814.4000244140625,45576
2026-06-12 07:00:00,1812.300048828125,1812.300048828125,1814.800048828125,1811.5999755859375,1814.800048828125,61871
2026-06-12 07:05:00,1810.4000244140625,1810.4000244140625,1813.0,1810.0999755859375,1812.699951171875,58749
2026-06-12 07:10:00,1811.9000244140625,1811.9000244140625,1813.9000244140625,1809.9000244140625,1810.199951171875,83501
2026-06-12 07:15:00,1811.0999755859375,1811.0999755859375,1812.699951171875,1811.0,1812.0,41576
2026-06-12 07:20:00,1810.800048828125,1810.800048828125,1811.199951171875,1810.5,1811.199951171875,40725
2026-06-12 07:25:00,1811.0999755859375,1811.0999755859375,1811.699951171875,1810.800048828125,1810.800048828125,33056
2026-06-12 07:30:00,1811.4000244140625,1811.4000244140625,1811.4000244140625,1810.800048828125,1811.199951171875,28094
2026-06-12 07:35:00,1812.5999755859375,1812.5999755859375,1813.0,1811.5,1811.5,43268
2026-06-12 07:40:00,1814.199951171875,1814.199951171875,1814.199951171875,1812.5,1812.5999755859375,34347
2026-06-12 07:45:00,1813.699951171875,1813.699951171875,1814.4000244140625,1813.300048828125,1814.0,75646
2026-06-12 07:50:00,1812.5,1812.5,1814.5,1812.5,1813.699951171875,41826
2026-06-12 07:55:00,1814.300048828125,1814.300048828125,1816.0,1812.5,1812.5,62378
2026-06-12 08:00:00,1815.0999755859375,1815.0999755859375,1816.199951171875,1814.5999755859375,1814.5999755859375,48966
2026-06-12 08:05:00,1816.699951171875,1816.699951171875,1817.699951171875,1814.800048828125,1815.199951171875,43329
2026-06-12 08:10:00,1817.0999755859375,1817.0999755859375,1817.699951171875,1815.699951171875,1817.0,44888
2026-06-12 08:15:00,1816.5,1816.5,1817.699951171875,1816.4000244140625,1817.0,42310
2026-06-12 08:20:00,1815.699951171875,1815.699951171875,1816.699951171875,1815.0,1816.199951171875,43545
2026-06-12 08:25:00,1816.0,1816.0,1816.800048828125,1815.300048828125,1815.699951171875,45205
2026-06-12 08:30:00,1815.0,1815.0,1816.0,1815.0,1816.0,37136
2026-06-12 08:35:00,1814.9000244140625,1814.9000244140625,1815.699951171875,1814.699951171875,1815.0,36485
2026-06-12 08:40:00,1814.9000244140625,1814.9000244140625,1815.800048828125,1814.4000244140625,1815.0,40608
2026-06-12 08:45:00,1816.300048828125,1816.300048828125,1816.800048828125,1814.699951171875,1815.0,48923
2026-06-12 08:50:00,1816.9000244140625,1816.9000244140625,1817.0,1816.0999755859375,1816.300048828125,43519
2026-06-12 08:55:00,1816.9000244140625,1816.9000244140625,1817.300048828125,1816.199951171875,1816.9000244140625,50111
2026-06-12 09:00:00,1816.0,1816.0,1817.5,1816.0,1816.9000244140625,52025
2026-06-12 09:05:00,1818.699951171875,1818.699951171875,1818.800048828125,1815.0999755859375,1816.0999755859375,93947
2026-06-12 09:10:00,1817.4000244140625,1817.4000244140625,1819.0,1816.300048828125,1818.699951171875,80110
2026-06-12 09:15:00,1817.699951171875,1817.699951171875,1818.0,1817.4000244140625,1817.5999755859375,51416
2026-06-12 09:20:00,1817.5999755859375,1817.5999755859375,1818.0,1817.0999755859375,1817.699951171875,64269
2026-06-12 09:25:00,1820.0,1820.0,1820.0,1817.300048828125,1817.300048828125,79342
2026-06-12 09:30:00,1822.4000244140625,1822.4000244140625,1823.0,1817.800048828125,1819.0,327826
2026-06-12 09:35:00,1823.699951171875,1823.699951171875,1824.4000244140625,1821.199951171875,1822.199951171875,237951
2026-06-12 09:40:00,1822.800048828125,1822.800048828125,1824.0999755859375,1822.0,1823.5,208559
2026-06-12 09:45:00,1823.0,1823.0,1823.0,1821.9000244140625,1822.5999755859375,181628
2026-06-12 09:50:00,1823.5,1823.5,1823.699951171875,1822.300048828125,1823.0,204450
2026-06-12 09:55:00,1822.5,1822.5,1825.0,1821.300048828125,1823.5,190594
2026-06-15 03:45:00,1821.5,1821.5,1839.300048828125,1820.800048828125,1834.5,0
2026-06-15 03:50:00,1823.0,1823.0,1823.800048828125,1816.5,1820.0,115431
2026-06-15 03:55:00,1827.5999755859375,1827.5999755859375,1827.5999755859375,1823.0999755859375,1823.0999755859375,275808
2026-06-15 04:00:00,1825.9000244140625,1825.9000244140625,1828.4000244140625,1824.9000244140625,1827.0999755859375,103738
2026-06-15 04:05:00,1825.5,1825.5,1826.5999755859375,1824.800048828125,1825.800048828125,52424
2026-06-15 04:10:00,1822.0,1822.0,1827.199951171875,1821.9000244140625,1825.5,76037
2026-06-15 04:15:00,1826.5,1826.5,1826.800048828125,1822.0999755859375,1822.699951171875,58310
2026-06-15 04:20:00,1826.9000244140625,1826.9000244140625,1827.9000244140625,1826.0,1826.9000244140625,50190
2026-06-15 04:25:00,1827.199951171875,1827.199951171875,1827.5,1826.300048828125,1826.4000244140625,28882
2026-06-15 04:30:00,1826.300048828125,1826.300048828125,1829.5999755859375,1826.0,1827.300048828125,83051
2026-06-15 04:35:00,1827.9000244140625,1827.9000244140625,1828.0,1826.300048828125,1826.699951171875,34243
2026-06-15 04:40:00,1829.5999755859375,1829.5999755859375,1829.5999755859375,1826.300048828125,1827.699951171875,41665
2026-06-15 04:45:00,1826.5999755859375,1826.5999755859375,1829.4000244140625,1826.4000244140625,1829.4000244140625,56644
2026-06-15 04:50:00,1829.300048828125,1829.300048828125,1829.300048828125,1826.5,1826.9000244140625,44986
2026-06-15 04:55:00,1827.4000244140625,1827.4000244140625,1827.9000244140625,1826.800048828125,1827.0,93463
2026-06-15 05:00:00,1828.300048828125,1828.300048828125,1829.0,1827.199951171875,1828.0,25382
2026-06-15 05:05:00,1827.5999755859375,1827.5999755859375,1828.300048828125,1827.0,1828.300048828125,21674
2026-06-15 05:10:00,1829.800048828125,1829.800048828125,1829.800048828125,1826.699951171875,1827.0999755859375,31263
2026-06-15 05:15:00,1834.0,1834.0,1834.0,1830.199951171875,1830.199951171875,71429
2026-06-15 05:20:00,1833.300048828125,1833.300048828125,1836.300048828125,1832.300048828125,1834.0,83699
2026-06-15 05:25:00,1832.699951171875,1832.699951171875,1833.5999755859375,1832.5,1833.4000244140625,34368
2026-06-15 05:30:00,1832.800048828125,1832.800048828125,1833.0,1832.0,1832.800048828125,24263
2026-06-15 05:35:00,1831.0,1831.0,1832.800048828125,1830.4000244140625,1832.800048828125,57954
2026-06-15 05:40:00,1829.300048828125,1829.300048828125,1831.0,1828.5999755859375,1831.0,29641
2026-06-15 05:45:00,1831.5999755859375,1831.5999755859375,1832.0,1829.4000244140625,1829.4000244140625,28501
2026-06-15 05:50:00,1831.5999755859375,1831.5999755859375,1832.199951171875,1831.300048828125,1831.5999755859375,24358
2026-06-15 05:55:00,1831.300048828125,1831.300048828125,1832.9000244140625,1831.300048828125,1831.5999755859375,24157
2026-06-15 06:00:00,1831.199951171875,1831.199951171875,1831.699951171875,1830.5,1831.0999755859375,32076
2026-06-15 06:05:00,1829.300048828125,1829.300048828125,1831.199951171875,1829.199951171875,1831.199951171875,27195
2026-06-15 06:10:00,1830.300048828125,1830.300048828125,1830.5,1829.199951171875,1829.300048828125,54265
2026-06-15 06:15:00,1831.5,1831.5,1831.5,1829.9000244140625,1830.4000244140625,39344
2026-06-15 06:20:00,1832.0,1832.0,1833.0,1831.300048828125,1831.300048828125,38451
2026-06-15 06:25:00,1833.4000244140625,1833.4000244140625,1833.5,1831.800048828125,1832.0999755859375,46394
2026-06-15 06:30:00,1835.9000244140625,1835.9000244140625,1837.0,1832.4000244140625,1833.199951171875,60354
2026-06-15 06:35:00,1837.300048828125,1837.300048828125,1839.199951171875,1836.5,1836.5,41239
2026-06-15 06:40:00,1838.0,1838.0,1838.4000244140625,1837.0,1837.199951171875,24931
2026-06-15 06:45:00,1835.0999755859375,1835.0999755859375,1838.0,1835.0999755859375,1837.9000244140625,34187
2026-06-15 06:50:00,1836.0999755859375,1836.0999755859375,1837.300048828125,1834.5999755859375,1835.0,54460
2026-06-15 06:55:00,1834.699951171875,1834.699951171875,1836.0999755859375,1834.699951171875,1836.0999755859375,30955
2026-06-15 07:00:00,1835.0,1835.0,1835.0,1834.199951171875,1834.800048828125,22107
2026-06-15 07:05:00,1835.699951171875,1835.699951171875,1835.800048828125,1834.4000244140625,1835.0999755859375,30270
2026-06-15 07:10:00,1835.800048828125,1835.800048828125,1835.9000244140625,1835.300048828125,1835.800048828125,18602
2026-06-15 07:15:00,1835.800048828125,1835.800048828125,1835.800048828125,1835.300048828125,1835.800048828125,29647
2026-06-15 07:20:00,1835.699951171875,1835.699951171875,1835.800048828125,1835.5999755859375,1835.800048828125,14319
2026-06-15 07:25:00,1835.5999755859375,1835.5999755859375,1835.699951171875,1835.300048828125,1835.5999755859375,27660
2026-06-15 07:30:00,1836.5,1836.5,1836.5,1835.0999755859375,1835.699951171875,56594
2026-06-15 07:35:00,1837.0,1837.0,1837.5999755859375,1836.199951171875,1836.5,18936
2026-06-15 07:40:00,1836.0,1836.0,1838.199951171875,1836.0,1837.0,25375
2026-06-15 07:45:00,1835.699951171875,1835.699951171875,1836.0,1835.0,1836.0,51398
2026-06-15 07:50:00,1836.5999755859375,1836.5999755859375,1836.5999755859375,1835.199951171875,1835.5,31173
2026-06-15 07:55:00,1837.300048828125,1837.300048828125,1837.5999755859375,1836.4000244140625,1836.4000244140625,39735
2026-06-15 08:00:00,1837.0999755859375,1837.0999755859375,1837.699951171875,1836.300048828125,1837.0999755859375,26857
2026-06-15 08:05:00,1836.4000244140625,1836.4000244140625,1839.199951171875,1836.4000244140625,1837.699951171875,56037
2026-06-15 08:10:00,1837.0999755859375,1837.0999755859375,1838.4000244140625,1835.9000244140625,1836.4000244140625,57480
2026-06-15 08:15:00,1837.800048828125,1837.800048828125,1838.0999755859375,1837.0,1837.0,39243
2026-06-15 08:20:00,1837.4000244140625,1837.4000244140625,1838.199951171875,1836.0,1838.0999755859375,35009
2026-06-15 08:25:00,1838.5999755859375,1838.5999755859375,1839.800048828125,1837.199951171875,1837.4000244140625,29446
2026-06-15 08:30:00,1838.0,1838.0,1839.9000244140625,1837.699951171875,1838.5,86450
2026-06-15 08:35:00,1839.199951171875,1839.199951171875,1840.0999755859375,1836.0,1838.199951171875,117725
2026-06-15 08:40:00,1843.5999755859375,1843.5999755859375,1844.699951171875,1838.5999755859375,1838.9000244140625,81206
2026-06-15 08:45:00,1848.0999755859375,1848.0999755859375,1849.5,1843.800048828125,1844.0,84460
2026-06-15 08:50:00,1852.0,1852.0,1852.0,1847.699951171875,1848.0999755859375,96088
2026-06-15 08:55:00,1853.699951171875,1853.699951171875,1857.0,1851.9000244140625,1852.0,123380
2026-06-15 09:00:00,1851.699951171875,1851.699951171875,1854.9000244140625,1851.5999755859375,1853.5999755859375,72247
2026-06-15 09:05:00,1852.0,1852.0,1853.5999755859375,1850.5,1851.5999755859375,138926
2026-06-15 09:10:00,1850.699951171875,1850.699951171875,1852.5,1849.699951171875,1852.0,72549
2026-06-15 09:15:00,1848.0999755859375,1848.0999755859375,1851.5,1847.0999755859375,1850.800048828125,120769
2026-06-15 09:20:00,1845.9000244140625,1845.9000244140625,1849.0,1845.300048828125,1848.0,75064
2026-06-15 09:25:00,1845.699951171875,1845.699951171875,1847.0,1845.4000244140625,1846.0,54429
2026-06-15 09:30:00,1842.0999755859375,1842.0999755859375,1847.199951171875,1842.0,1846.199951171875,263538
2026-06-15 09:35:00,1839.300048828125,1839.300048828125,1842.0999755859375,1838.9000244140625,1842.0999755859375,220090
2026-06-15 09:40:00,1839.4000244140625,1839.4000244140625,1840.800048828125,1838.300048828125,1840.0,201935
2026-06-15 09:45:00,1840.300048828125,1840.300048828125,1840.800048828125,1839.4000244140625,1839.4000244140625,189117
2026-06-15 09:50:00,1841.300048828125,1841.300048828125,1842.5,1840.0999755859375,1840.300048828125,190197
2026-06-15 09:55:00,1841.199951171875,1841.199951171875,1844.5,1840.0,1840.9000244140625,146231
2026-06-16 03:45:00,1844.9000244140625,1844.9000244140625,1848.4000244140625,1842.199951171875,1843.5999755859375,0
2026-06-16 03:50:00,1846.5,1846.5,1849.0999755859375,1843.4000244140625,1844.800048828125,114158
2026-06-16 03:55:00,1852.0,1852.0,1854.0,1846.199951171875,1846.5,150127
2026-06-16 04:00:00,1851.300048828125,1851.300048828125,1854.0,1851.0,1852.800048828125,76751
2026-06-16 04:05:00,1853.5999755859375,1853.5999755859375,1854.5999755859375,1850.0,1850.0,130507
2026-06-16 04:10:00,1853.699951171875,1853.699951171875,1854.0,1852.699951171875,1853.800048828125,49774
2026-06-16 04:15:00,1853.5999755859375,1853.5999755859375,1854.5999755859375,1852.9000244140625,1853.5999755859375,99515
2026-06-16 04:20:00,1850.0,1850.0,1854.0,1849.4000244140625,1854.0,72311
2026-06-16 04:25:00,1848.0,1848.0,1849.9000244140625,1847.699951171875,1849.5,49480
2026-06-16 04:30:00,1847.699951171875,1847.699951171875,1851.699951171875,1847.199951171875,1849.0,53180
2026-06-16 04:35:00,1845.5,1845.5,1848.199951171875,1845.5,1847.699951171875,53491
2026-06-16 04:40:00,1846.199951171875,1846.199951171875,1847.0999755859375,1844.5999755859375,1845.0,46313
2026-06-16 04:45:00,1846.9000244140625,1846.9000244140625,1847.9000244140625,1845.800048828125,1846.5999755859375,31863
2026-06-16 04:50:00,1845.0999755859375,1845.0999755859375,1847.300048828125,1845.0,1846.800048828125,28399
2026-06-16 04:55:00,1845.699951171875,1845.699951171875,1845.699951171875,1843.800048828125,1845.0,24784
2026-06-16 05:00:00,1846.199951171875,1846.199951171875,1846.800048828125,1845.300048828125,1845.5,22271
2026-06-16 05:05:00,1847.5999755859375,1847.5999755859375,1848.5,1846.0999755859375,1846.199951171875,33447
2026-06-16 05:10:00,1847.0,1847.0,1847.699951171875,1847.0,1847.699951171875,17980
2026-06-16 05:15:00,1846.699951171875,1846.699951171875,1847.800048828125,1845.800048828125,1847.0,46036
2026-06-16 05:20:00,1845.199951171875,1845.199951171875,1847.0,1843.4000244140625,1846.9000244140625,68666
2026-06-16 05:25:00,1847.800048828125,1847.800048828125,1848.0,1844.800048828125,1845.4000244140625,42115
2026-06-16 05:30:00,1846.9000244140625,1846.9000244140625,1848.300048828125,1846.5,1847.800048828125,27235
2026-06-16 05:35:00,1845.0999755859375,1845.0999755859375,1848.0,1844.800048828125,1847.0,68044
2026-06-16 05:40:00,1846.0999755859375,1846.0999755859375,1847.199951171875,1844.800048828125,1845.5999755859375,24802
2026-06-16 05:45:00,1846.300048828125,1846.300048828125,1848.5,1846.300048828125,1846.699951171875,40156
2026-06-16 05:50:00,1846.300048828125,1846.300048828125,1846.5,1845.4000244140625,1846.300048828125,28341
2026-06-16 05:55:00,1845.5,1845.5,1846.300048828125,1845.0,1846.199951171875,22860
2026-06-16 06:00:00,1843.199951171875,1843.199951171875,1845.800048828125,1842.0,1845.0,52910
2026-06-16 06:05:00,1844.5999755859375,1844.5999755859375,1846.0999755859375,1842.4000244140625,1843.5999755859375,102270
2026-06-16 06:10:00,1842.9000244140625,1842.9000244140625,1844.699951171875,1841.5999755859375,1844.5999755859375,64296
2026-06-16 06:15:00,1842.9000244140625,1842.9000244140625,1842.9000244140625,1840.300048828125,1842.699951171875,93593
2026-06-16 06:20:00,1841.9000244140625,1841.9000244140625,1843.9000244140625,1840.699951171875,1842.199951171875,82129
2026-06-16 06:25:00,1841.5999755859375,1841.5999755859375,1841.9000244140625,1840.0999755859375,1841.300048828125,32154
2026-06-16 06:30:00,1839.4000244140625,1839.4000244140625,1841.5,1838.4000244140625,1841.5,39869
2026-06-16 06:35:00,1839.300048828125,1839.300048828125,1839.5,1838.9000244140625,1839.0,21948
2026-06-16 06:40:00,1839.0999755859375,1839.0999755859375,1839.300048828125,1838.5999755859375,1839.300048828125,23807
2026-06-16 06:45:00,1838.0,1838.0,1839.0999755859375,1837.300048828125,1839.0999755859375,51840
2026-06-16 06:50:00,1840.0,1840.0,1840.5999755859375,1837.4000244140625,1838.0,35705
2026-06-16 06:55:00,1841.699951171875,1841.699951171875,1841.9000244140625,1839.0,1839.300048828125,51306
2026-06-16 07:00:00,1841.5,1841.5,1843.0,1840.5999755859375,1841.699951171875,49910
2026-06-16 07:05:00,1845.0999755859375,1845.0999755859375,1845.300048828125,1840.5,1841.0,136910
2026-06-16 07:10:00,1843.5999755859375,1843.5999755859375,1845.4000244140625,1843.4000244140625,1844.0999755859375,64312
2026-06-16 07:15:00,1844.0,1844.0,1845.5,1843.0999755859375,1843.5999755859375,48576
2026-06-16 07:20:00,1844.4000244140625,1844.4000244140625,1845.0,1843.199951171875,1843.9000244140625,47205
2026-06-16 07:25:00,1846.5,1846.5,1846.699951171875,1843.5999755859375,1843.9000244140625,91234
2026-06-16 07:30:00,1847.0999755859375,1847.0999755859375,1847.300048828125,1846.0999755859375,1846.199951171875,58972
2026-06-16 07:35:00,1845.699951171875,1845.699951171875,1848.0,1845.300048828125,1847.0999755859375,52477
2026-06-16 07:40:00,1845.300048828125,1845.300048828125,1846.5,1845.0,1845.699951171875,30817
2026-06-16 07:45:00,1846.699951171875,1846.699951171875,1846.699951171875,1845.0,1845.300048828125,56156
2026-06-16 07:50:00,1846.699951171875,1846.699951171875,1846.9000244140625,1845.0,1846.5999755859375,52430
2026-06-16 07:55:00,1848.300048828125,1848.300048828125,1848.300048828125,1846.699951171875,1846.699951171875,26257
2026-06-16 08:00:00,1849.0,1849.0,1849.0,1848.0,1848.300048828125,24541
2026-06-16 08:05:00,1848.5,1848.5,1849.0,1848.0,1849.0,39481
2026-06-16 08:10:00,1848.800048828125,1848.800048828125,1849.199951171875,1848.0999755859375,1848.5,80629
2026-06-16 08:15:00,1850.0999755859375,1850.0999755859375,1850.199951171875,1848.5999755859375,1848.800048828125,29119
2026-06-16 08:20:00,1849.4000244140625,1849.4000244140625,1850.0999755859375,1849.300048828125,1850.0999755859375,54255
2026-06-16 08:25:00,1849.199951171875,1849.199951171875,1850.4000244140625,1848.699951171875,1849.4000244140625,35468
2026-06-16 08:30:00,1850.199951171875,1850.199951171875,1850.699951171875,1848.0999755859375,1849.199951171875,61436
2026-06-16 08:35:00,1850.0,1850.0,1850.5999755859375,1849.800048828125,1850.0999755859375,34972
2026-06-16 08:40:00,1849.5999755859375,1849.5999755859375,1850.5,1849.199951171875,1850.0,42562
2026-06-16 08:45:00,1848.699951171875,1848.699951171875,1850.0999755859375,1848.0999755859375,1849.5999755859375,42764
2026-06-16 08:50:00,1850.5999755859375,1850.5999755859375,1850.9000244140625,1847.800048828125,1848.699951171875,105091
2026-06-16 08:55:00,1850.9000244140625,1850.9000244140625,1851.0,1850.0,1850.5,57715
2026-06-16 09:00:00,1850.300048828125,1850.300048828125,1851.5999755859375,1850.0,1851.0,50921
2026-06-16 09:05:00,1851.199951171875,1851.199951171875,1851.5999755859375,1850.0,1850.4000244140625,88439
2026-06-16 09:10:00,1850.300048828125,1850.300048828125,1852.0,1850.0,1851.0,135168
2026-06-16 09:15:00,1850.0,1850.0,1851.699951171875,1849.199951171875,1850.0,143659
2026-06-16 09:20:00,1850.800048828125,1850.800048828125,1851.0999755859375,1847.9000244140625,1850.0,108201
2026-06-16 09:25:00,1851.0,1851.0,1851.5999755859375,1849.800048828125,1850.5999755859375,81141
2026-06-16 09:30:00,1849.300048828125,1849.300048828125,1851.0,1849.0999755859375,1851.0,246714
2026-06-16 09:35:00,1850.300048828125,1850.300048828125,1851.0,1848.0,1848.800048828125,234414
2026-06-16 09:40:00,1850.699951171875,1850.699951171875,1851.4000244140625,1850.0999755859375,1850.300048828125,195369
2026-06-16 09:45:00,1854.0999755859375,1854.0999755859375,1854.800048828125,1850.199951171875,1850.5,403613
2026-06-16 09:50:00,1857.5,1857.5,1859.0,1854.0,1854.699951171875,372072
2026-06-16 09:55:00,1854.0,1854.0,1858.5999755859375,1852.5999755859375,1857.0999755859375,214037
2026-06-17 03:45:00,1847.199951171875,1847.199951171875,1853.0999755859375,1846.9000244140625,1852.9000244140625,0
2026-06-17 03:50:00,1844.0,1844.0,1846.5999755859375,1841.5,1846.5999755859375,131256
2026-06-17 03:55:00,1843.800048828125,1843.800048828125,1845.0,1842.5,1843.199951171875,73962
2026-06-17 04:00:00,1850.5,1850.5,1853.699951171875,1843.800048828125,1843.800048828125,120395
2026-06-17 04:05:00,1854.4000244140625,1854.4000244140625,1854.800048828125,1850.0999755859375,1850.300048828125,59811
2026-06-17 04:10:00,1855.5999755859375,1855.5999755859375,1856.0999755859375,1854.0,1854.5999755859375,83487
2026-06-17 04:15:00,1857.5,1857.5,1857.5,1854.800048828125,1855.5999755859375,51769
2026-06-17 04:20:00,1860.199951171875,1860.199951171875,1861.199951171875,1855.5,1857.5,75588
2026-06-17 04:25:00,1863.0,1863.0,1865.0,1859.9000244140625,1860.0,71346
2026-06-17 04:30:00,1861.0,1861.0,1863.4000244140625,1860.0,1863.0,124709
2026-06-17 04:35:00,1860.699951171875,1860.699951171875,1862.9000244140625,1860.199951171875,1861.0999755859375,33053
2026-06-17 04:40:00,1861.800048828125,1861.800048828125,1861.800048828125,1860.0,1860.699951171875,34098
2026-06-17 04:45:00,1863.300048828125,1863.300048828125,1863.5,1860.5999755859375,1861.800048828125,57205
2026-06-17 04:50:00,1861.0,1861.0,1863.5,1860.699951171875,1863.5,50205
2026-06-17 04:55:00,1861.9000244140625,1861.9000244140625,1862.9000244140625,1860.699951171875,1860.9000244140625,38223
2026-06-17 05:00:00,1861.4000244140625,1861.4000244140625,1863.0,1860.0,1861.800048828125,80336
2026-06-17 05:05:00,1861.300048828125,1861.300048828125,1862.4000244140625,1861.300048828125,1861.300048828125,39420
2026-06-17 05:10:00,1859.5999755859375,1859.5999755859375,1861.199951171875,1858.0999755859375,1861.0999755859375,43382
2026-06-17 05:15:00,1859.0,1859.0,1860.0,1858.0,1859.5999755859375,138339
2026-06-17 05:20:00,1859.5,1859.5,1859.5999755859375,1858.300048828125,1859.0,98512
2026-06-17 05:25:00,1860.199951171875,1860.199951171875,1863.0,1858.5,1859.5,106508
2026-06-17 05:30:00,1858.9000244140625,1858.9000244140625,1860.800048828125,1858.5999755859375,1860.199951171875,33078
2026-06-17 05:35:00,1855.300048828125,1855.300048828125,1858.9000244140625,1855.0,1858.9000244140625,50211
2026-06-17 05:40:00,1855.5999755859375,1855.5999755859375,1856.5,1855.0,1855.300048828125,62867
2026-06-17 05:45:00,1857.9000244140625,1857.9000244140625,1857.9000244140625,1855.5999755859375,1855.5999755859375,33487
2026-06-17 05:50:00,1857.0,1857.0,1858.0,1857.0,1857.9000244140625,119129
2026-06-17 05:55:00,1857.9000244140625,1857.9000244140625,1858.0,1857.0,1857.0,38717
2026-06-17 06:00:00,1857.0,1857.0,1858.0,1855.0,1858.0,86973
2026-06-17 06:05:00,1859.300048828125,1859.300048828125,1859.699951171875,1857.0,1857.0999755859375,41503
2026-06-17 06:10:00,1858.9000244140625,1858.9000244140625,1860.0,1858.9000244140625,1859.0,56569
2026-06-17 06:15:00,1859.9000244140625,1859.9000244140625,1860.0,1857.5,1858.0,88212
2026-06-17 06:20:00,1861.0,1861.0,1862.5,1859.9000244140625,1859.9000244140625,55290
2026-06-17 06:25:00,1860.4000244140625,1860.4000244140625,1862.9000244140625,1860.4000244140625,1861.0,50129
2026-06-17 06:30:00,1857.300048828125,1857.300048828125,1860.5,1856.5,1860.5,88644
2026-06-17 06:35:00,1855.699951171875,1855.699951171875,1857.300048828125,1855.0,1857.300048828125,73380
2026-06-17 06:40:00,1855.0,1855.0,1856.800048828125,1855.0,1855.800048828125,77888
2026-06-17 06:45:00,1852.699951171875,1852.699951171875,1855.5,1851.800048828125,1855.0,104680
2026-06-17 06:50:00,1856.5999755859375,1856.5999755859375,1857.800048828125,1852.5,1852.800048828125,73885
2026-06-17 06:55:00,1858.0999755859375,1858.0999755859375,1859.5999755859375,1856.5,1856.5999755859375,44051
2026-06-17 07:00:00,1857.4000244140625,1857.4000244140625,1858.5,1856.800048828125,1858.0999755859375,43185
2026-06-17 07:05:00,1856.699951171875,1856.699951171875,1857.9000244140625,1855.4000244140625,1857.5,61423
2026-06-17 07:10:00,1857.300048828125,1857.300048828125,1857.800048828125,1856.300048828125,1856.699951171875,66875
2026-06-17 07:15:00,1857.0999755859375,1857.0999755859375,1858.5,1857.0,1857.300048828125,62129
2026-06-17 07:20:00,1856.0999755859375,1856.0999755859375,1857.4000244140625,1856.0999755859375,1857.0,81389
2026-06-17 07:25:00,1855.0,1855.0,1856.9000244140625,1853.699951171875,1856.0999755859375,66629
2026-06-17 07:30:00,1855.9000244140625,1855.9000244140625,1856.4000244140625,1854.5,1854.699951171875,41938
2026-06-17 07:35:00,1855.4000244140625,1855.4000244140625,1855.9000244140625,1854.5,1855.9000244140625,60150
2026-06-17 07:40:00,1855.0999755859375,1855.0999755859375,1855.4000244140625,1854.800048828125,1855.300048828125,43887
2026-06-17 07:45:00,1856.300048828125,1856.300048828125,1857.0,1854.5999755859375,1855.0,67522
2026-06-17 07:50:00,1859.5,1859.5,1860.800048828125,1856.199951171875,1856.300048828125,68444
2026-06-17 07:55:00,1859.5999755859375,1859.5999755859375,1860.300048828125,1859.4000244140625,1859.5,38279
2026-06-17 08:00:00,1860.199951171875,1860.199951171875,1860.199951171875,1858.300048828125,1859.5999755859375,46610
2026-06-17 08:05:00,1860.699951171875,1860.699951171875,1862.0999755859375,1860.199951171875,1860.199951171875,56560
2026-06-17 08:10:00,1860.4000244140625,1860.4000244140625,1860.5999755859375,1859.9000244140625,1860.5999755859375,42727
2026-06-17 08:15:00,1861.0999755859375,1861.0999755859375,1861.300048828125,1860.4000244140625,1860.4000244140625,56070
2026-06-17 08:20:00,1865.199951171875,1865.199951171875,1865.800048828125,1860.0,1861.199951171875,104382
2026-06-17 08:25:00,1865.199951171875,1865.199951171875,1865.9000244140625,1864.0,1865.9000244140625,90454
2026-06-17 08:30:00,1866.199951171875,1866.199951171875,1866.699951171875,1863.5,1865.199951171875,83192
2026-06-17 08:35:00,1864.0999755859375,1864.0999755859375,1866.300048828125,1864.0999755859375,1866.199951171875,71513
2026-06-17 08:40:00,1865.5,1865.5,1865.5999755859375,1861.300048828125,1864.0999755859375,156188
2026-06-17 08:45:00,1865.300048828125,1865.300048828125,1865.4000244140625,1865.0,1865.300048828125,78402
2026-06-17 08:50:00,1866.699951171875,1866.699951171875,1867.9000244140625,1865.199951171875,1865.300048828125,70855
2026-06-17 08:55:00,1866.5999755859375,1866.5999755859375,1867.199951171875,1866.5,1867.0,67239
2026-06-17 09:00:00,1868.5999755859375,1868.5999755859375,1869.4000244140625,1866.5999755859375,1866.800048828125,129755
2026-06-17 09:05:00,1870.0,1870.0,1870.199951171875,1868.0,1868.699951171875,195532
2026-06-17 09:10:00,1869.0999755859375,1869.0999755859375,1870.0999755859375,1867.800048828125,1870.0,99259
2026-06-17 09:15:00,1869.5,1869.5,1869.5999755859375,1869.0,1869.0999755859375,83746
2026-06-17 09:20:00,1870.5,1870.5,1870.9000244140625,1867.0,1869.5,211701
2026-06-17 09:25:00,1872.5,1872.5,1872.699951171875,1869.9000244140625,1870.5,184055
2026-06-17 09:30:00,1876.0,1876.0,1876.0999755859375,1871.300048828125,1872.5999755859375,425566
2026-06-17 09:35:00,1876.699951171875,1876.699951171875,1877.699951171875,1876.0,1876.0999755859375,407833
2026-06-17 09:40:00,1876.0999755859375,1876.0999755859375,1877.5999755859375,1876.0999755859375,1876.699951171875,353702
2026-06-17 09:45:00,1876.800048828125,1876.800048828125,1876.800048828125,1875.300048828125,1876.0999755859375,307583
2026-06-17 09:50:00,1874.0,1874.0,1877.300048828125,1873.5999755859375,1877.300048828125,314089
2026-06-17 09:55:00,1875.699951171875,1875.699951171875,1875.800048828125,1872.699951171875,1873.9000244140625,189755
2026-06-18 03:45:00,1867.4000244140625,1867.4000244140625,1877.699951171875,1867.300048828125,1877.0,0
2026-06-18 03:50:00,1869.9000244140625,1869.9000244140625,1869.9000244140625,1866.0,1867.0999755859375,51924
2026-06-18 03:55:00,1872.4000244140625,1872.4000244140625,1874.0,1870.0999755859375,1871.0999755859375,47130
2026-06-18 04:00:00,1874.0,1874.0,1874.5,1871.9000244140625,1872.9000244140625,39630
2026-06-18 04:05:00,1873.9000244140625,1873.9000244140625,1873.9000244140625,1872.0999755859375,1873.0,26882
2026-06-18 04:10:00,1873.0,1873.0,1875.0999755859375,1872.800048828125,1874.0999755859375,31299
2026-06-18 04:15:00,1873.300048828125,1873.300048828125,1873.800048828125,1871.4000244140625,1873.0,32336
2026-06-18 04:20:00,1876.199951171875,1876.199951171875,1876.4000244140625,1872.4000244140625,1872.800048828125,33895
2026-06-18 04:25:00,1872.199951171875,1872.199951171875,1876.300048828125,1871.699951171875,1876.300048828125,42330
2026-06-18 04:30:00,1870.5,1870.5,1872.5999755859375,1870.0999755859375,1872.199951171875,24742
2026-06-18 04:35:00,1869.0,1869.0,1869.5999755859375,1867.800048828125,1869.5,28127
2026-06-18 04:40:00,1870.0999755859375,1870.0999755859375,1870.800048828125,1867.5999755859375,1868.800048828125,28225
2026-06-18 04:45:00,1869.9000244140625,1869.9000244140625,1870.9000244140625,1869.5,1870.0999755859375,29099
2026-06-18 04:50:00,1870.4000244140625,1870.4000244140625,1871.0999755859375,1869.800048828125,1869.800048828125,17952
2026-06-18 04:55:00,1870.0,1870.0,1870.5,1869.5,1870.0999755859375,24186
2026-06-18 05:00:00,1870.800048828125,1870.800048828125,1871.0,1869.9000244140625,1870.0,15181
2026-06-18 05:05:00,1869.0,1869.0,1871.300048828125,1869.0,1870.9000244140625,21869
2026-06-18 05:10:00,1869.0,1869.0,1869.4000244140625,1867.800048828125,1869.4000244140625,42207
2026-06-18 05:15:00,1867.199951171875,1867.199951171875,1870.699951171875,1867.199951171875,1869.0,53992
2026-06-18 05:20:00,1869.5,1869.5,1869.9000244140625,1866.300048828125,1867.199951171875,53274
2026-06-18 05:25:00,1869.5,1869.5,1870.9000244140625,1868.4000244140625,1870.0,43412
2026-06-18 05:30:00,1865.300048828125,1865.300048828125,1869.5,1865.0,1869.5,47015
2026-06-18 05:35:00,1864.800048828125,1864.800048828125,1866.4000244140625,1864.0999755859375,1865.199951171875,28020
2026-06-18 05:40:00,1864.800048828125,1864.800048828125,1865.300048828125,1863.0,1864.800048828125,23677
2026-06-18 05:45:00,1864.300048828125,1864.300048828125,1865.0,1863.699951171875,1864.800048828125,23884
2026-06-18 05:50:00,1863.0999755859375,1863.0999755859375,1864.0,1862.5,1863.9000244140625,21881
2026-06-18 05:55:00,1863.0,1863.0,1863.699951171875,1862.699951171875,1863.0,19832
2026-06-18 06:00:00,1865.800048828125,1865.800048828125,1865.800048828125,1861.800048828125,1863.0,27457
2026-06-18 06:05:00,1868.4000244140625,1868.4000244140625,1868.4000244140625,1865.5999755859375,1865.800048828125,24256
2026-06-18 06:10:00,1867.800048828125,1867.800048828125,1868.4000244140625,1866.300048828125,1868.0,37823
2026-06-18 06:15:00,1867.5999755859375,1867.5999755859375,1868.5999755859375,1866.9000244140625,1868.199951171875,47786
2026-06-18 06:20:00,1868.800048828125,1868.800048828125,1869.5999755859375,1867.199951171875,1867.5999755859375,57380
2026-06-18 06:25:00,1869.4000244140625,1869.4000244140625,1870.5,1868.699951171875,1868.699951171875,73428
2026-06-18 06:30:00,1869.5,1869.5,1870.4000244140625,1867.5999755859375,1869.300048828125,40272
2026-06-18 06:35:00,1870.199951171875,1870.199951171875,1870.300048828125,1868.5999755859375,1868.5999755859375,67365
2026-06-18 06:40:00,1869.199951171875,1869.199951171875,1870.0,1868.4000244140625,1870.0,54101
2026-06-18 06:45:00,1868.199951171875,1868.199951171875,1869.4000244140625,1866.9000244140625,1869.199951171875,46975
2026-06-18 06:50:00,1870.4000244140625,1870.4000244140625,1870.5999755859375,1866.5,1868.199951171875,28246
2026-06-18 06:55:00,1869.9000244140625,1869.9000244140625,1870.699951171875,1869.300048828125,1870.5999755859375,26889
2026-06-18 07:00:00,1872.0999755859375,1872.0999755859375,1872.9000244140625,1869.0999755859375,1870.0,72566
2026-06-18 07:05:00,1872.4000244140625,1872.4000244140625,1873.5999755859375,1872.0,1872.0,25928
2026-06-18 07:10:00,1873.0,1873.0,1873.4000244140625,1872.300048828125,1872.4000244140625,23830
2026-06-18 07:15:00,1872.0,1872.0,1873.0,1870.800048828125,1873.0,22822
2026-06-18 07:20:00,1874.5999755859375,1874.5999755859375,1875.0999755859375,1871.699951171875,1872.0,85196
2026-06-18 07:25:00,1875.800048828125,1875.800048828125,1875.9000244140625,1874.0,1874.4000244140625,16372
2026-06-18 07:30:00,1874.5,1874.5,1876.0,1873.199951171875,1875.800048828125,28614
2026-06-18 07:35:00,1873.699951171875,1873.699951171875,1874.5,1873.0,1874.4000244140625,16012
2026-06-18 07:40:00,1870.5999755859375,1870.5999755859375,1873.5999755859375,1870.5,1873.5999755859375,23622
2026-06-18 07:45:00,1870.0999755859375,1870.0999755859375,1872.5,1870.0999755859375,1871.0,21315
2026-06-18 07:50:00,1870.5999755859375,1870.5999755859375,1871.699951171875,1868.9000244140625,1870.199951171875,81502
2026-06-18 07:55:00,1868.9000244140625,1868.9000244140625,1870.699951171875,1868.0,1870.699951171875,84205
2026-06-18 08:00:00,1865.800048828125,1865.800048828125,1868.699951171875,1865.199951171875,1868.699951171875,40427
2026-06-18 08:05:00,1867.5,1867.5,1868.9000244140625,1865.800048828125,1865.9000244140625,49594
2026-06-18 08:10:00,1869.199951171875,1869.199951171875,1870.199951171875,1865.199951171875,1867.5,92153
2026-06-18 08:15:00,1868.0,1868.0,1869.5,1867.4000244140625,1869.199951171875,26148
2026-06-18 08:20:00,1868.199951171875,1868.199951171875,1868.699951171875,1867.0,1868.0,31824
2026-06-18 08:25:00,1866.9000244140625,1866.9000244140625,1868.800048828125,1866.0999755859375,1868.199951171875,63058
2026-06-18 08:30:00,1868.5,1868.5,1868.800048828125,1866.5,1866.9000244140625,40212
2026-06-18 08:35:00,1867.0,1867.0,1868.9000244140625,1867.0,1868.300048828125,35573
2026-06-18 08:40:00,1868.0999755859375,1868.0999755859375,1868.4000244140625,1867.0,1867.0,35043
2026-06-18 08:45:00,1868.5,1868.5,1869.0,1867.4000244140625,1868.199951171875,54776
2026-06-18 08:50:00,1868.9000244140625,1868.9000244140625,1869.5999755859375,1868.0,1868.5999755859375,45256
2026-06-18 08:55:00,1867.5999755859375,1867.5999755859375,1869.300048828125,1867.0,1868.9000244140625,30261
2026-06-18 09:00:00,1867.5,1867.5,1867.800048828125,1865.699951171875,1867.5999755859375,32317
2026-06-18 09:05:00,1870.0,1870.0,1870.300048828125,1867.5,1867.5,81137
2026-06-18 09:10:00,1870.0999755859375,1870.0999755859375,1871.0999755859375,1868.800048828125,1870.0999755859375,54344
2026-06-18 09:15:00,1869.199951171875,1869.199951171875,1871.0,1868.9000244140625,1870.0999755859375,71553
2026-06-18 09:20:00,1869.0999755859375,1869.0999755859375,1870.199951171875,1868.4000244140625,1869.4000244140625,45739
2026-06-18 09:25:00,1869.699951171875,1869.699951171875,1870.0,1868.300048828125,1869.0,30725
2026-06-18 09:30:00,1872.5,1872.5,1872.800048828125,1869.0999755859375,1869.0999755859375,259219
2026-06-18 09:35:00,1876.9000244140625,1876.9000244140625,1877.800048828125,1872.300048828125,1872.5,283572
2026-06-18 09:40:00,1875.300048828125,1875.300048828125,1877.5,1874.0999755859375,1876.800048828125,267646
2026-06-18 09:45:00,1876.0999755859375,1876.0999755859375,1876.5,1875.0999755859375,1875.4000244140625,156280
2026-06-18 09:50:00,1875.699951171875,1875.699951171875,1876.800048828125,1875.0999755859375,1876.199951171875,196028
2026-06-18 09:55:00,1874.800048828125,1874.800048828125,1876.4000244140625,1871.199951171875,1875.699951171875,159070
2026-06-19 03:45:00,1876.300048828125,1876.300048828125,1884.9000244140625,1871.0999755859375,1873.5,0
2026-06-19 03:50:00,1881.9000244140625,1881.9000244140625,1883.300048828125,1874.0999755859375,1877.0,67619
2026-06-19 03:55:00,1888.300048828125,1888.300048828125,1889.0,1881.4000244140625,1882.699951171875,106251
2026-06-19 04:00:00,1886.5999755859375,1886.5999755859375,1888.5999755859375,1883.800048828125,1888.300048828125,99543
2026-06-19 04:05:00,1888.4000244140625,1888.4000244140625,1888.9000244140625,1885.0,1887.199951171875,29864
2026-06-19 04:10:00,1882.5,1882.5,1889.0,1882.5,1888.9000244140625,29540
2026-06-19 04:15:00,1884.300048828125,1884.300048828125,1885.800048828125,1882.699951171875,1882.800048828125,20660
2026-06-19 04:20:00,1888.0,1888.0,1888.199951171875,1883.199951171875,1885.0,28462
2026-06-19 04:25:00,1890.199951171875,1890.199951171875,1890.199951171875,1886.4000244140625,1888.0,83099
2026-06-19 04:30:00,1893.9000244140625,1893.9000244140625,1893.9000244140625,1888.0999755859375,1890.300048828125,77483
2026-06-19 04:35:00,1898.699951171875,1898.699951171875,1899.5,1893.699951171875,1893.9000244140625,164640
2026-06-19 04:40:00,1897.800048828125,1897.800048828125,1898.699951171875,1895.699951171875,1898.699951171875,65406
2026-06-19 04:45:00,1896.800048828125,1896.800048828125,1897.699951171875,1895.0,1897.699951171875,47914
2026-06-19 04:50:00,1899.0999755859375,1899.0999755859375,1900.9000244140625,1895.9000244140625,1896.800048828125,81841
2026-06-19 04:55:00,1897.5,1897.5,1900.800048828125,1896.800048828125,1899.300048828125,42594
2026-06-19 05:00:00,1892.0999755859375,1892.0999755859375,1898.0,1890.5999755859375,1897.0999755859375,60448
2026-06-19 05:05:00,1895.0,1895.0,1895.0,1892.199951171875,1892.300048828125,31326
2026-06-19 05:10:00,1894.9000244140625,1894.9000244140625,1896.4000244140625,1893.699951171875,1895.0,31888
2026-06-19 05:15:00,1891.9000244140625,1891.9000244140625,1894.800048828125,1891.199951171875,1894.800048828125,82310
2026-06-19 05:20:00,1891.800048828125,1891.800048828125,1892.5999755859375,1890.0,1892.0,58131
2026-06-19 05:25:00,1891.5,1891.5,1894.0,1891.5,1891.800048828125,37268
2026-06-19 05:30:00,1890.800048828125,1890.800048828125,1891.5,1890.199951171875,1890.9000244140625,25463
2026-06-19 05:35:00,1890.0999755859375,1890.0999755859375,1890.9000244140625,1889.0,1890.800048828125,24725
2026-06-19 05:40:00,1890.9000244140625,1890.9000244140625,1891.699951171875,1890.0999755859375,1890.199951171875,33896
2026-06-19 05:45:00,1891.800048828125,1891.800048828125,1891.9000244140625,1889.5,1890.9000244140625,47439
2026-06-19 05:50:00,1893.9000244140625,1893.9000244140625,1894.5,1891.699951171875,1891.800048828125,34407
2026-06-19 05:55:00,1891.5,1891.5,1894.5,1891.0,1893.9000244140625,41255
2026-06-19 06:00:00,1892.4000244140625,1892.4000244140625,1893.300048828125,1890.0,1891.5,70795
2026-06-19 06:05:00,1892.5999755859375,1892.5999755859375,1893.0999755859375,1892.0,1892.5,40856
2026-06-19 06:10:00,1893.0,1893.0,1893.5,1892.0,1892.800048828125,30164
2026-06-19 06:15:00,1892.5,1892.5,1893.9000244140625,1891.9000244140625,1893.300048828125,44864
2026-06-19 06:20:00,1892.699951171875,1892.699951171875,1893.300048828125,1892.300048828125,1892.5,8615
2026-06-19 06:25:00,1892.0,1892.0,1893.0,1890.0999755859375,1892.9000244140625,27203
2026-06-19 06:30:00,1889.9000244140625,1889.9000244140625,1893.0,1889.300048828125,1892.0,70351
2026-06-19 06:35:00,1887.0,1887.0,1889.9000244140625,1887.0,1889.9000244140625,30114
2026-06-19 06:40:00,1888.0999755859375,1888.0999755859375,1889.699951171875,1885.800048828125,1887.300048828125,102988
2026-06-19 06:45:00,1890.699951171875,1890.699951171875,1891.699951171875,1888.0,1888.4000244140625,108822
2026-06-19 06:50:00,1886.0,1886.0,1890.800048828125,1886.0,1890.0,41389
2026-06-19 06:55:00,1889.0999755859375,1889.0999755859375,1889.4000244140625,1885.9000244140625,1886.300048828125,96262
2026-06-19 07:00:00,1890.9000244140625,1890.9000244140625,1891.5999755859375,1888.9000244140625,1889.0999755859375,77493
2026-06-19 07:05:00,1892.0,1892.0,1892.4000244140625,1890.5,1890.9000244140625,29824
2026-06-19 07:10:00,1889.699951171875,1889.699951171875,1892.0,1888.199951171875,1892.0,63612
2026-06-19 07:15:00,1888.699951171875,1888.699951171875,1890.5,1888.199951171875,1890.5,25321
2026-06-19 07:20:00,1889.0,1889.0,1889.199951171875,1887.699951171875,1888.9000244140625,23402
2026-06-19 07:25:00,1887.0,1887.0,1889.0,1886.5,1889.0,20697
2026-06-19 07:30:00,1885.300048828125,1885.300048828125,1887.0999755859375,1885.0,1886.9000244140625,23236
2026-06-19 07:35:00,1889.699951171875,1889.699951171875,1890.0,1884.5999755859375,1885.300048828125,88215
2026-06-19 07:40:00,1889.5999755859375,1889.5999755859375,1890.4000244140625,1888.199951171875,1889.300048828125,39707
2026-06-19 07:45:00,1889.199951171875,1889.199951171875,1889.800048828125,1888.5,1889.5999755859375,37407
2026-06-19 07:50:00,1886.800048828125,1886.800048828125,1890.5,1886.800048828125,1889.199951171875,97325
2026-06-19 07:55:00,1888.800048828125,1888.800048828125,1889.199951171875,1887.300048828125,1887.5,34320
2026-06-19 08:00:00,1888.800048828125,1888.800048828125,1888.9000244140625,1886.9000244140625,1888.800048828125,39007
2026-06-19 08:05:00,1888.699951171875,1888.699951171875,1888.800048828125,1887.5999755859375,1888.800048828125,19509
2026-06-19 08:10:00,1890.0,1890.0,1890.5,1888.4000244140625,1888.699951171875,35338
2026-06-19 08:15:00,1891.4000244140625,1891.4000244140625,1891.800048828125,1889.4000244140625,1890.0,26498
2026-06-19 08:20:00,1891.199951171875,1891.199951171875,1893.0999755859375,1891.0,1891.5999755859375,35120
2026-06-19 08:25:00,1892.699951171875,1892.699951171875,1893.0999755859375,1890.5999755859375,1891.199951171875,51032
2026-06-19 08:30:00,1892.699951171875,1892.699951171875,1893.699951171875,1892.0,1892.699951171875,42271
2026-06-19 08:35:00,1893.199951171875,1893.199951171875,1894.5999755859375,1892.0,1893.5999755859375,69064
2026-06-19 08:40:00,1894.5,1894.5,1896.0,1892.5999755859375,1893.199951171875,112530
2026-06-19 08:45:00,1911.4000244140625,1911.4000244140625,1912.4000244140625,1893.9000244140625,1893.9000244140625,300157
2026-06-19 08:50:00,1910.0,1910.0,1914.4000244140625,1907.9000244140625,1911.0,170152
2026-06-19 08:55:00,1905.9000244140625,1905.9000244140625,1911.5,1903.300048828125,1909.5,162181
2026-06-19 09:00:00,1907.5999755859375,1907.5999755859375,1908.5999755859375,1903.0999755859375,1905.9000244140625,131674
2026-06-19 09:05:00,1901.5999755859375,1901.5999755859375,1908.4000244140625,1901.5999755859375,1907.4000244140625,115140
2026-06-19 09:10:00,1899.300048828125,1899.300048828125,1903.699951171875,1898.0,1903.0,120334
2026-06-19 09:15:00,1900.800048828125,1900.800048828125,1901.5,1898.0,1899.699951171875,105634
2026-06-19 09:20:00,1895.4000244140625,1895.4000244140625,1901.199951171875,1895.0999755859375,1901.199951171875,146005
2026-06-19 09:25:00,1895.5,1895.5,1896.0,1893.0,1895.800048828125,170182
2026-06-19 09:30:00,1913.9000244140625,1913.9000244140625,1913.9000244140625,1895.199951171875,1895.5,2665458
2026-06-19 09:35:00,1909.4000244140625,1909.4000244140625,1915.300048828125,1909.0999755859375,1914.5999755859375,2084250
2026-06-19 09:40:00,1910.300048828125,1910.300048828125,1912.800048828125,1908.699951171875,1909.5999755859375,1798733
2026-06-19 09:45:00,1912.300048828125,1912.300048828125,1913.0999755859375,1910.199951171875,1910.199951171875,1725404
2026-06-19 09:50:00,1912.9000244140625,1912.9000244140625,1914.5999755859375,1910.199951171875,1912.800048828125,1708841
2026-06-19 09:55:00,1906.9000244140625,1906.9000244140625,1914.0,1903.0,1912.9000244140625,1200223
2026-06-22 03:45:00,1909.0999755859375,1909.0999755859375,1918.0,1903.0,1918.0,0
2026-06-22 03:50:00,1904.199951171875,1904.199951171875,1910.4000244140625,1902.699951171875,1908.800048828125,62642
2026-06-22 03:55:00,1908.0,1908.0,1909.300048828125,1903.4000244140625,1904.0,69417
2026-06-22 04:00:00,1909.4000244140625,1909.4000244140625,1910.4000244140625,1905.300048828125,1908.0,29220
2026-06-22 04:05:00,1910.800048828125,1910.800048828125,1911.699951171875,1907.9000244140625,1909.9000244140625,87350
2026-06-22 04:10:00,1911.9000244140625,1911.9000244140625,1912.4000244140625,1909.9000244140625,1910.9000244140625,51529
2026-06-22 04:15:00,1911.5,1911.5,1913.0,1909.5999755859375,1911.5,51605
2026-06-22 04:20:00,1912.5999755859375,1912.5999755859375,1914.4000244140625,1911.4000244140625,1911.5,28618
2026-06-22 04:25:00,1915.5,1915.5,1916.4000244140625,1911.5999755859375,1912.0999755859375,60800
2026-06-22 04:30:00,1915.5999755859375,1915.5999755859375,1918.0999755859375,1915.0999755859375,1916.0,35705
2026-06-22 04:35:00,1917.9000244140625,1917.9000244140625,1917.9000244140625,1912.800048828125,1915.5,40880
2026-06-22 04:40:00,1916.0999755859375,1916.0999755859375,1918.5999755859375,1914.5,1917.9000244140625,47169
2026-06-22 04:45:00,1920.0999755859375,1920.0999755859375,1920.0999755859375,1916.300048828125,1916.300048828125,41853
2026-06-22 04:50:00,1918.800048828125,1918.800048828125,1922.4000244140625,1918.0,1920.699951171875,48656
2026-06-22 04:55:00,1917.0,1917.0,1919.4000244140625,1915.699951171875,1918.800048828125,42508
2026-06-22 05:00:00,1916.199951171875,1916.199951171875,1918.0,1916.0,1916.9000244140625,30953
2026-06-22 05:05:00,1920.5999755859375,1920.5999755859375,1920.5999755859375,1916.0,1916.0,35612
2026-06-22 05:10:00,1919.699951171875,1919.699951171875,1920.699951171875,1919.0,1920.4000244140625,21820
2026-06-22 05:15:00,1920.800048828125,1920.800048828125,1921.0,1918.5999755859375,1918.5999755859375,43615
2026-06-22 05:20:00,1921.0999755859375,1921.0999755859375,1924.5,1920.4000244140625,1920.9000244140625,43036
2026-06-22 05:25:00,1920.9000244140625,1920.9000244140625,1922.199951171875,1919.800048828125,1920.699951171875,38628
2026-06-22 05:30:00,1918.0,1918.0,1920.9000244140625,1918.0,1920.5,62356
2026-06-22 05:35:00,1919.5,1919.5,1919.5999755859375,1918.0,1918.0,18400
2026-06-22 05:40:00,1918.5,1918.5,1919.300048828125,1918.0999755859375,1918.699951171875,20641
2026-06-22 05:45:00,1917.300048828125,1917.300048828125,1919.4000244140625,1917.300048828125,1918.5,31044
2026-06-22 05:50:00,1915.0,1915.0,1917.800048828125,1912.300048828125,1917.800048828125,43318
2026-06-22 05:55:00,1918.0,1918.0,1918.0999755859375,1914.5,1915.300048828125,23634
2026-06-22 06:00:00,1918.4000244140625,1918.4000244140625,1919.199951171875,1918.0,1918.0,27506
2026-06-22 06:05:00,1920.0,1920.0,1920.0,1918.5999755859375,1918.800048828125,23344
2026-06-22 06:10:00,1918.300048828125,1918.300048828125,1920.0999755859375,1917.4000244140625,1920.0,27633
2026-06-22 06:15:00,1918.9000244140625,1918.9000244140625,1919.5999755859375,1917.9000244140625,1918.300048828125,16757
2026-06-22 06:20:00,1915.199951171875,1915.199951171875,1919.0,1914.800048828125,1919.0,105905
2026-06-22 06:25:00,1917.199951171875,1917.199951171875,1917.300048828125,1912.5,1915.300048828125,68674
2026-06-22 06:30:00,1917.0,1917.0,1918.199951171875,1915.9000244140625,1917.199951171875,30755
2026-06-22 06:35:00,1918.300048828125,1918.300048828125,1919.300048828125,1916.5,1917.0999755859375,21361
2026-06-22 06:40:00,1918.5,1918.5,1918.9000244140625,1916.199951171875,1918.800048828125,23954
2026-06-22 06:45:00,1919.199951171875,1919.199951171875,1919.199951171875,1918.0,1918.0,25053
2026-06-22 06:50:00,1920.0,1920.0,1920.0,1918.5999755859375,1918.5999755859375,15567
2026-06-22 06:55:00,1917.5,1917.5,1920.0,1915.9000244140625,1920.0,32135
2026-06-22 07:00:00,1922.0,1922.0,1922.0,1917.5,1917.5,46337
2026-06-22 07:05:00,1920.800048828125,1920.800048828125,1922.300048828125,1920.5,1922.0,39097
2026-06-22 07:10:00,1920.0999755859375,1920.0999755859375,1921.300048828125,1920.0999755859375,1920.800048828125,23791
2026-06-22 07:15:00,1917.300048828125,1917.300048828125,1920.699951171875,1917.0,1920.199951171875,56267
2026-06-22 07:20:00,1916.9000244140625,1916.9000244140625,1918.5999755859375,1916.300048828125,1917.5999755859375,32003
2026-06-22 07:25:00,1917.300048828125,1917.300048828125,1917.5,1916.0,1916.9000244140625,19031
2026-06-22 07:30:00,1916.0,1916.0,1917.300048828125,1915.9000244140625,1917.300048828125,21694
2026-06-22 07:35:00,1916.4000244140625,1916.4000244140625,1917.699951171875,1915.800048828125,1915.9000244140625,34833
2026-06-22 07:40:00,1917.300048828125,1917.300048828125,1917.300048828125,1915.9000244140625,1916.300048828125,16227
2026-06-22 07:45:00,1918.4000244140625,1918.4000244140625,1918.4000244140625,1916.699951171875,1917.300048828125,22624
2026-06-22 07:50:00,1919.300048828125,1919.300048828125,1919.300048828125,1918.0,1918.5,32653
2026-06-22 07:55:00,1919.0999755859375,1919.0999755859375,1919.5999755859375,1918.5999755859375,1919.300048828125,22509
2026-06-22 08:00:00,1919.4000244140625,1919.4000244140625,1920.5,1918.199951171875,1918.199951171875,27144
2026-06-22 08:05:00,1919.800048828125,1919.800048828125,1920.199951171875,1919.0,1919.4000244140625,16378
2026-06-22 08:10:00,1921.0,1921.0,1921.0,1917.800048828125,1919.699951171875,54437
2026-06-22 08:15:00,1920.699951171875,1920.699951171875,1921.0,1919.5999755859375,1921.0,18017
2026-06-22 08:20:00,1921.0,1921.0,1921.0999755859375,1919.9000244140625,1920.699951171875,39776
2026-06-22 08:25:00,1919.9000244140625,1919.9000244140625,1921.4000244140625,1919.0999755859375,1921.0,64764
2026-06-22 08:30:00,1919.699951171875,1919.699951171875,1920.699951171875,1919.0999755859375,1919.9000244140625,59263
2026-06-22 08:35:00,1920.0,1920.0,1920.5999755859375,1919.199951171875,1919.699951171875,34760
2026-06-22 08:40:00,1920.0,1920.0,1921.0999755859375,1919.0999755859375,1919.699951171875,44787
2026-06-22 08:45:00,1921.5999755859375,1921.5999755859375,1922.0,1920.0,1920.5999755859375,83208
2026-06-22 08:50:00,1920.800048828125,1920.800048828125,1921.699951171875,1920.0999755859375,1921.5999755859375,40225
2026-06-22 08:55:00,1921.199951171875,1921.199951171875,1921.5999755859375,1920.0,1920.800048828125,51578
2026-06-22 09:00:00,1920.5,1920.5,1922.199951171875,1920.0,1921.300048828125,56238
2026-06-22 09:05:00,1920.0999755859375,1920.0999755859375,1920.800048828125,1920.0,1920.5,54740
2026-06-22 09:10:00,1920.9000244140625,1920.9000244140625,1921.0999755859375,1920.0,1920.0999755859375,46142
2026-06-22 09:15:00,1920.199951171875,1920.199951171875,1921.0,1920.0,1921.0,35480
2026-06-22 09:20:00,1920.0,1920.0,1920.800048828125,1919.5999755859375,1920.4000244140625,70740
2026-06-22 09:25:00,1917.5,1917.5,1920.0999755859375,1916.5,1920.0999755859375,72501
2026-06-22 09:30:00,1916.9000244140625,1916.9000244140625,1918.800048828125,1915.5,1918.0999755859375,187185
2026-06-22 09:35:00,1916.0999755859375,1916.0999755859375,1917.699951171875,1915.800048828125,1916.800048828125,161971
2026-06-22 09:40:00,1917.199951171875,1917.199951171875,1917.300048828125,1915.800048828125,1916.0999755859375,97133
2026-06-22 09:45:00,1916.4000244140625,1916.4000244140625,1917.9000244140625,1916.4000244140625,1917.0,126524
2026-06-22 09:50:00,1916.0,1916.0,1916.800048828125,1916.0,1916.800048828125,101500
2026-06-22 09:55:00,1916.5999755859375,1916.5999755859375,1916.9000244140625,1915.0,1916.0,140778
2026-06-23 03:45:00,1917.699951171875,1917.699951171875,1917.699951171875,1906.9000244140625,1906.9000244140625,0
2026-06-23 03:50:00,1912.800048828125,1912.800048828125,1918.699951171875,1912.800048828125,1917.699951171875,73014
2026-06-23 03:55:00,1919.0999755859375,1919.0999755859375,1920.5,1914.800048828125,1914.800048828125,61075
2026-06-23 04:00:00,1917.5,1917.5,1919.300048828125,1916.0999755859375,1918.9000244140625,38533
2026-06-23 04:05:00,1918.0,1918.0,1918.699951171875,1917.199951171875,1917.5,37706
2026-06-23 04:10:00,1921.800048828125,1921.800048828125,1921.800048828125,1919.699951171875,1920.0,39991
2026-06-23 04:15:00,1923.5,1923.5,1923.5999755859375,1921.300048828125,1922.5,38688
2026-06-23 04:20:00,1920.800048828125,1920.800048828125,1924.300048828125,1920.699951171875,1923.5,32182
2026-06-23 04:25:00,1920.300048828125,1920.300048828125,1920.9000244140625,1918.699951171875,1920.9000244140625,33136
2026-06-23 04:30:00,1919.300048828125,1919.300048828125,1920.4000244140625,1918.800048828125,1920.4000244140625,16043
2026-06-23 04:35:00,1919.0,1919.0,1919.9000244140625,1918.0999755859375,1919.4000244140625,25846
2026-06-23 04:40:00,1920.5,1920.5,1920.9000244140625,1918.699951171875,1918.9000244140625,50386
2026-06-23 04:45:00,1919.5999755859375,1919.5999755859375,1922.5,1919.4000244140625,1920.300048828125,82120
2026-06-23 04:50:00,1918.800048828125,1918.800048828125,1919.5999755859375,1917.5999755859375,1919.5999755859375,29893
2026-06-23 04:55:00,1917.800048828125,1917.800048828125,1918.5,1916.300048828125,1918.5,42831
2026-06-23 05:00:00,1917.4000244140625,1917.4000244140625,1918.199951171875,1916.5999755859375,1917.9000244140625,30321
2026-06-23 05:05:00,1920.0999755859375,1920.0999755859375,1921.0,1917.4000244140625,1917.5,30828
2026-06-23 05:10:00,1918.699951171875,1918.699951171875,1921.0999755859375,1918.699951171875,1920.5999755859375,34924
2026-06-23 05:15:00,1918.699951171875,1918.699951171875,1920.800048828125,1917.9000244140625,1918.800048828125,55600
2026-06-23 05:20:00,1919.0999755859375,1919.0999755859375,1919.699951171875,1917.800048828125,1918.5,24989
2026-06-23 05:25:00,1920.699951171875,1920.699951171875,1920.699951171875,1918.9000244140625,1919.4000244140625,23584
2026-06-23 05:30:00,1920.0,1920.0,1921.0999755859375,1919.699951171875,1920.5999755859375,56156
2026-06-23 05:35:00,1922.199951171875,1922.199951171875,1924.5,1919.9000244140625,1920.0,73305
2026-06-23 05:40:00,1924.5,1924.5,1924.9000244140625,1922.0,1922.0999755859375,40849
2026-06-23 05:45:00,1926.4000244140625,1926.4000244140625,1926.800048828125,1924.5999755859375,1924.699951171875,59953
2026-06-23 05:50:00,1924.800048828125,1924.800048828125,1927.5,1924.800048828125,1926.4000244140625,53033
2026-06-23 05:55:00,1923.4000244140625,1923.4000244140625,1925.5,1923.199951171875,1924.800048828125,35849
2026-06-23 06:00:00,1922.5999755859375,1922.5999755859375,1924.5999755859375,1922.199951171875,1923.5,43491
2026-06-23 06:05:00,1922.300048828125,1922.300048828125,1923.199951171875,1920.0,1922.4000244140625,51398
2026-06-23 06:10:00,1923.5999755859375,1923.5999755859375,1924.5999755859375,1922.0,1923.0,55668
2026-06-23 06:15:00,1918.4000244140625,1918.4000244140625,1924.199951171875,1918.4000244140625,1923.0,53508
2026-06-23 06:20:00,1917.0,1917.0,1919.5,1917.0,1918.4000244140625,71120
2026-06-23 06:25:00,1912.5,1912.5,1917.0,1912.0999755859375,1917.0,147522
2026-06-23 06:30:00,1914.4000244140625,1914.4000244140625,1917.199951171875,1911.199951171875,1912.5,89614
2026-06-23 06:35:00,1911.9000244140625,1911.9000244140625,1915.9000244140625,1910.9000244140625,1914.9000244140625,86549
2026-06-23 06:40:00,1908.699951171875,1908.699951171875,1911.800048828125,1908.699951171875,1911.5999755859375,73689
2026-06-23 06:45:00,1911.199951171875,1911.199951171875,1912.199951171875,1907.699951171875,1908.9000244140625,62247
2026-06-23 06:50:00,1908.5999755859375,1908.5999755859375,1912.0,1908.5,1911.699951171875,46713
2026-06-23 06:55:00,1909.300048828125,1909.300048828125,1909.800048828125,1908.199951171875,1908.199951171875,31117
2026-06-23 07:00:00,1909.300048828125,1909.300048828125,1909.699951171875,1908.199951171875,1909.300048828125,32829
2026-06-23 07:05:00,1912.4000244140625,1912.4000244140625,1913.0999755859375,1908.4000244140625,1909.199951171875,44471
2026-06-23 07:10:00,1913.0,1913.0,1913.800048828125,1912.5,1913.0,47143
2026-06-23 07:15:00,1909.9000244140625,1909.9000244140625,1913.9000244140625,1909.4000244140625,1913.300048828125,39920
2026-06-23 07:20:00,1908.5,1908.5,1910.300048828125,1908.0999755859375,1910.0999755859375,30985
2026-06-23 07:25:00,1908.0,1908.0,1909.300048828125,1907.5999755859375,1908.5,42597
2026-06-23 07:30:00,1906.699951171875,1906.699951171875,1908.0999755859375,1906.5999755859375,1907.300048828125,41550
2026-06-23 07:35:00,1908.699951171875,1908.699951171875,1909.4000244140625,1906.5999755859375,1906.5999755859375,59623
2026-06-23 07:40:00,1909.199951171875,1909.199951171875,1909.800048828125,1908.0,1908.699951171875,31156
2026-06-23 07:45:00,1909.5,1909.5,1909.9000244140625,1908.699951171875,1908.800048828125,28576
2026-06-23 07:50:00,1910.800048828125,1910.800048828125,1910.9000244140625,1909.0999755859375,1909.0999755859375,29723
2026-06-23 07:55:00,1910.0,1910.0,1910.800048828125,1908.300048828125,1910.800048828125,33616
2026-06-23 08:00:00,1905.0999755859375,1905.0999755859375,1910.0999755859375,1905.0999755859375,1909.800048828125,44167
2026-06-23 08:05:00,1905.5999755859375,1905.5999755859375,1907.4000244140625,1905.0,1905.9000244140625,53149
2026-06-23 08:10:00,1907.0999755859375,1907.0999755859375,1907.300048828125,1905.5999755859375,1905.5999755859375,28899
2026-06-23 08:15:00,1907.800048828125,1907.800048828125,1907.800048828125,1906.4000244140625,1907.300048828125,34694
2026-06-23 08:20:00,1907.0,1907.0,1907.800048828125,1905.4000244140625,1907.5,52005
2026-06-23 08:25:00,1907.300048828125,1907.300048828125,1907.800048828125,1905.699951171875,1907.0,30427
2026-06-23 08:30:00,1909.0999755859375,1909.0999755859375,1909.199951171875,1906.0,1907.5999755859375,42483
2026-06-23 08:35:00,1907.800048828125,1907.800048828125,1910.0,1907.0,1909.0999755859375,27775
2026-06-23 08:40:00,1909.300048828125,1909.300048828125,1909.9000244140625,1907.4000244140625,1907.800048828125,23937
2026-06-23 08:45:00,1908.800048828125,1908.800048828125,1910.0,1908.5999755859375,1909.4000244140625,31882
2026-06-23 08:50:00,1911.0,1911.0,1911.0,1908.5999755859375,1908.9000244140625,32528
2026-06-23 08:55:00,1910.5999755859375,1910.5999755859375,1911.5999755859375,1910.0,1910.5999755859375,58915
2026-06-23 09:00:00,1910.800048828125,1910.800048828125,1910.800048828125,1910.0999755859375,1910.5999755859375,28209
2026-06-23 09:05:00,1907.800048828125,1907.800048828125,1910.9000244140625,1907.0999755859375,1910.800048828125,102588
2026-06-23 09:10:00,1907.199951171875,1907.199951171875,1911.5999755859375,1906.699951171875,1908.0,137523
2026-06-23 09:15:00,1906.800048828125,1906.800048828125,1908.5999755859375,1905.800048828125,1907.5,119511
2026-06-23 09:20:00,1904.5999755859375,1904.5999755859375,1907.300048828125,1904.199951171875,1906.800048828125,114293
2026-06-23 09:25:00,1904.800048828125,1904.800048828125,1906.0999755859375,1904.4000244140625,1905.0999755859375,109353
2026-06-23 09:30:00,1899.300048828125,1899.300048828125,1905.0,1898.5,1905.0,279120
2026-06-23 09:35:00,1902.5999755859375,1902.5999755859375,1903.699951171875,1898.800048828125,1899.300048828125,317667
2026-06-23 09:40:00,1902.199951171875,1902.199951171875,1905.4000244140625,1901.699951171875,1902.699951171875,275991
2026-06-23 09:45:00,1902.0,1902.0,1902.699951171875,1901.199951171875,1902.199951171875,217438
2026-06-23 09:50:00,1900.699951171875,1900.699951171875,1904.0999755859375,1900.699951171875,1902.300048828125,259837
2026-06-23 09:55:00,1901.5999755859375,1901.5999755859375,1901.5999755859375,1896.699951171875,1900.699951171875,152573
2026-06-24 03:45:00,1883.800048828125,1883.800048828125,1892.699951171875,1877.699951171875,1892.0999755859375,0
2026-06-24 03:50:00,1879.199951171875,1879.199951171875,1883.5,1878.4000244140625,1882.9000244140625,120578
2026-06-24 03:55:00,1883.5999755859375,1883.5999755859375,1884.0999755859375,1876.800048828125,1879.199951171875,175490
2026-06-24 04:00:00,1884.5999755859375,1884.5999755859375,1885.9000244140625,1880.5999755859375,1883.5999755859375,176281
2026-06-24 04:05:00,1882.5999755859375,1882.5999755859375,1884.699951171875,1881.0999755859375,1884.0,42381
2026-06-24 04:10:00,1881.5,1881.5,1884.199951171875,1881.5,1882.9000244140625,126248
2026-06-24 04:15:00,1880.4000244140625,1880.4000244140625,1882.5,1878.699951171875,1881.5,161484
2026-06-24 04:20:00,1880.800048828125,1880.800048828125,1882.0,1879.800048828125,1880.699951171875,54126
2026-06-24 04:25:00,1881.5,1881.5,1881.9000244140625,1880.300048828125,1880.9000244140625,43465
2026-06-24 04:30:00,1883.800048828125,1883.800048828125,1885.0,1881.4000244140625,1881.800048828125,59412
2026-06-24 04:35:00,1884.5,1884.5,1884.5,1882.300048828125,1883.800048828125,38942
2026-06-24 04:40:00,1881.300048828125,1881.300048828125,1883.699951171875,1881.199951171875,1883.5999755859375,51771
2026-06-24 04:45:00,1880.4000244140625,1880.4000244140625,1881.300048828125,1880.0,1881.199951171875,51228
2026-06-24 04:50:00,1883.5999755859375,1883.5999755859375,1884.5999755859375,1880.4000244140625,1880.4000244140625,43123
2026-06-24 04:55:00,1881.0,1881.0,1883.9000244140625,1881.0,1883.5999755859375,32747
2026-06-24 05:00:00,1882.4000244140625,1882.4000244140625,1883.5,1881.0,1881.5999755859375,30234
2026-06-24 05:05:00,1882.0999755859375,1882.0999755859375,1883.0999755859375,1881.800048828125,1883.0,26682
2026-06-24 05:10:00,1882.4000244140625,1882.4000244140625,1884.0,1882.0999755859375,1882.199951171875,28272
2026-06-24 05:15:00,1882.0999755859375,1882.0999755859375,1884.199951171875,1881.800048828125,1882.5,39789
2026-06-24 05:20:00,1881.9000244140625,1881.9000244140625,1882.9000244140625,1881.0999755859375,1882.0999755859375,34208
2026-06-24 05:25:00,1883.800048828125,1883.800048828125,1884.4000244140625,1881.4000244140625,1882.0999755859375,124734
2026-06-24 05:30:00,1884.5,1884.5,1885.0,1883.0999755859375,1883.800048828125,39720
2026-06-24 05:35:00,1886.4000244140625,1886.4000244140625,1887.199951171875,1884.0999755859375,1884.5,294450
2026-06-24 05:40:00,1892.300048828125,1892.300048828125,1892.300048828125,1886.0,1886.4000244140625,118174
2026-06-24 05:45:00,1884.5,1884.5,1892.4000244140625,1884.0,1892.199951171875,74927
2026-06-24 05:50:00,1887.699951171875,1887.699951171875,1888.0999755859375,1883.0999755859375,1884.5,55593
2026-06-24 05:55:00,1885.9000244140625,1885.9000244140625,1888.9000244140625,1885.699951171875,1887.800048828125,38523
2026-06-24 06:00:00,1886.800048828125,1886.800048828125,1887.0,1884.0999755859375,1885.9000244140625,27865
2026-06-24 06:05:00,1883.5999755859375,1883.5999755859375,1887.0,1882.9000244140625,1886.699951171875,29893
2026-06-24 06:10:00,1887.699951171875,1887.699951171875,1887.699951171875,1883.300048828125,1883.5999755859375,45666
2026-06-24 06:15:00,1887.5,1887.5,1888.199951171875,1887.300048828125,1887.699951171875,39549
2026-06-24 06:20:00,1886.699951171875,1886.699951171875,1889.0,1886.699951171875,1887.5,33101
2026-06-24 06:25:00,1885.800048828125,1885.800048828125,1887.5999755859375,1885.800048828125,1886.800048828125,23400
2026-06-24 06:30:00,1886.9000244140625,1886.9000244140625,1887.0999755859375,1885.0,1885.9000244140625,20325
2026-06-24 06:35:00,1885.0999755859375,1885.0999755859375,1887.300048828125,1885.0,1886.800048828125,315522
2026-06-24 06:40:00,1884.800048828125,1884.800048828125,1885.300048828125,1882.800048828125,1885.199951171875,49198
2026-06-24 06:45:00,1885.4000244140625,1885.4000244140625,1885.5999755859375,1884.699951171875,1885.0,33862
2026-06-24 06:50:00,1885.0999755859375,1885.0999755859375,1885.5,1884.699951171875,1885.300048828125,50783
2026-06-24 06:55:00,1886.9000244140625,1886.9000244140625,1886.9000244140625,1885.0999755859375,1885.0999755859375,27977
2026-06-24 07:00:00,1886.300048828125,1886.300048828125,1887.0999755859375,1885.5,1886.9000244140625,30103
2026-06-24 07:05:00,1886.0,1886.0,1887.5,1885.9000244140625,1886.4000244140625,24024
2026-06-24 07:10:00,1885.5999755859375,1885.5999755859375,1886.4000244140625,1885.0,1886.0999755859375,71680
2026-06-24 07:15:00,1887.800048828125,1887.800048828125,1888.0,1885.4000244140625,1885.5999755859375,15057
2026-06-24 07:20:00,1890.5,1890.5,1891.4000244140625,1887.800048828125,1887.800048828125,52158
2026-06-24 07:25:00,1887.699951171875,1887.699951171875,1891.0,1887.4000244140625,1890.5,20301
2026-06-24 07:30:00,1886.800048828125,1886.800048828125,1887.800048828125,1885.699951171875,1887.699951171875,26256
2026-06-24 07:35:00,1889.300048828125,1889.300048828125,1889.5,1886.699951171875,1886.699951171875,38976
2026-06-24 07:40:00,1890.0,1890.0,1890.300048828125,1889.300048828125,1889.5999755859375,29777
2026-06-24 07:45:00,1892.5,1892.5,1893.5,1889.800048828125,1889.9000244140625,54403
2026-06-24 07:50:00,1889.199951171875,1889.199951171875,1893.300048828125,1889.199951171875,1892.5,31827
2026-06-24 07:55:00,1890.0,1890.0,1890.5,1889.199951171875,1889.699951171875,16941
2026-06-24 08:00:00,1891.199951171875,1891.199951171875,1891.199951171875,1889.4000244140625,1889.5,36982
2026-06-24 08:05:00,1890.699951171875,1890.699951171875,1893.0999755859375,1890.4000244140625,1891.4000244140625,29321
2026-06-24 08:10:00,1892.199951171875,1892.199951171875,1892.199951171875,1890.0999755859375,1890.5,41849
2026-06-24 08:15:00,1892.0999755859375,1892.0999755859375,1892.800048828125,1891.9000244140625,1892.199951171875,22166
2026-06-24 08:20:00,1892.0,1892.0,1893.0,1891.5999755859375,1892.199951171875,40973
2026-06-24 08:25:00,1892.0,1892.0,1892.0,1890.800048828125,1892.0,30865
2026-06-24 08:30:00,1890.0,1890.0,1891.9000244140625,1888.4000244140625,1891.9000244140625,57887
2026-06-24 08:35:00,1890.0,1890.0,1890.199951171875,1887.9000244140625,1890.0,102657
2026-06-24 08:40:00,1890.5999755859375,1890.5999755859375,1891.4000244140625,1889.4000244140625,1890.0,57234
2026-06-24 08:45:00,1890.5,1890.5,1891.5,1890.0,1890.5999755859375,33143
2026-06-24 08:50:00,1882.9000244140625,1882.9000244140625,1890.9000244140625,1882.9000244140625,1890.9000244140625,1072949
2026-06-24 08:55:00,1882.0999755859375,1882.0999755859375,1883.5,1881.300048828125,1883.5,125258
2026-06-24 09:00:00,1882.0999755859375,1882.0999755859375,1883.5999755859375,1881.199951171875,1882.0999755859375,113908
2026-06-24 09:05:00,1880.4000244140625,1880.4000244140625,1882.4000244140625,1879.800048828125,1882.0999755859375,86521
2026-06-24 09:10:00,1881.300048828125,1881.300048828125,1883.0999755859375,1880.199951171875,1880.300048828125,108222
2026-06-24 09:15:00,1881.199951171875,1881.199951171875,1882.5999755859375,1879.5999755859375,1881.0999755859375,91144
2026-06-24 09:20:00,1881.5,1881.5,1882.800048828125,1880.800048828125,1881.199951171875,66101
2026-06-24 09:25:00,1881.699951171875,1881.699951171875,1882.5999755859375,1878.4000244140625,1881.5,138999
2026-06-24 09:30:00,1879.0999755859375,1879.0999755859375,1882.199951171875,1878.199951171875,1881.4000244140625,302964
2026-06-24 09:35:00,1877.800048828125,1877.800048828125,1879.0999755859375,1877.5,1879.0,304512
2026-06-24 09:40:00,1874.699951171875,1874.699951171875,1877.5999755859375,1874.300048828125,1877.5999755859375,787156
2026-06-24 09:45:00,1876.5999755859375,1876.5999755859375,1878.9000244140625,1874.699951171875,1874.800048828125,263740
2026-06-24 09:50:00,1877.0999755859375,1877.0999755859375,1877.4000244140625,1876.199951171875,1876.5999755859375,234220
2026-06-24 09:55:00,1874.4000244140625,1874.4000244140625,1877.5,1873.699951171875,1877.4000244140625,237539
2026-06-25 03:45:00,1880.0999755859375,1880.0999755859375,1888.0999755859375,1879.300048828125,1887.5999755859375,0
2026-06-25 03:50:00,1878.0999755859375,1878.0999755859375,1880.4000244140625,1878.0999755859375,1880.4000244140625,44268
2026-06-25 03:55:00,1872.9000244140625,1872.9000244140625,1879.5,1872.800048828125,1878.300048828125,68904
2026-06-25 04:00:00,1873.699951171875,1873.699951171875,1875.5999755859375,1872.300048828125,1872.800048828125,97259
2026-06-25 04:05:00,1871.5999755859375,1871.5999755859375,1873.5999755859375,1871.5999755859375,1873.5999755859375,35825
2026-06-25 04:10:00,1870.300048828125,1870.300048828125,1872.0999755859375,1870.199951171875,1872.0999755859375,37693
2026-06-25 04:15:00,1873.699951171875,1873.699951171875,1873.699951171875,1869.800048828125,1870.0999755859375,75620
2026-06-25 04:20:00,1864.9000244140625,1864.9000244140625,1874.9000244140625,1864.9000244140625,1873.699951171875,655426
2026-06-25 04:25:00,1866.0999755859375,1866.0999755859375,1868.199951171875,1865.0999755859375,1865.4000244140625,113056
2026-06-25 04:30:00,1871.199951171875,1871.199951171875,1871.199951171875,1865.300048828125,1865.800048828125,54095
2026-06-25 04:35:00,1871.800048828125,1871.800048828125,1872.4000244140625,1869.199951171875,1871.0,55169
2026-06-25 04:40:00,1872.0,1872.0,1873.0,1870.800048828125,1871.5999755859375,32566
2026-06-25 04:45:00,1872.199951171875,1872.199951171875,1873.0,1868.5999755859375,1872.5,68197
2026-06-25 04:50:00,1873.800048828125,1873.800048828125,1875.5,1871.0999755859375,1871.9000244140625,68945
2026-06-25 04:55:00,1871.0,1871.0,1874.800048828125,1870.800048828125,1873.9000244140625,100246
2026-06-25 05:00:00,1872.5,1872.5,1873.199951171875,1870.9000244140625,1871.0,45853
2026-06-25 05:05:00,1870.199951171875,1870.199951171875,1873.0,1869.9000244140625,1872.699951171875,61692
2026-06-25 05:10:00,1870.5999755859375,1870.5999755859375,1871.300048828125,1868.800048828125,1870.5,35679
2026-06-25 05:15:00,1871.0999755859375,1871.0999755859375,1871.699951171875,1870.0999755859375,1870.5999755859375,26371
2026-06-25 05:20:00,1869.4000244140625,1869.4000244140625,1871.199951171875,1869.0999755859375,1871.0999755859375,27881
2026-06-25 05:25:00,1871.5,1871.5,1872.300048828125,1868.800048828125,1869.800048828125,90803
2026-06-25 05:30:00,1868.9000244140625,1868.9000244140625,1871.4000244140625,1868.800048828125,1871.4000244140625,75514
2026-06-25 05:35:00,1868.0,1868.0,1870.199951171875,1868.0,1869.300048828125,90245
2026-06-25 05:40:00,1867.0,1867.0,1868.0999755859375,1866.199951171875,1867.9000244140625,77212
2026-06-25 05:45:00,1867.699951171875,1867.699951171875,1867.9000244140625,1865.800048828125,1867.0,61434
2026-06-25 05:50:00,1866.9000244140625,1866.9000244140625,1869.0,1866.0999755859375,1867.5999755859375,44287
2026-06-25 05:55:00,1863.300048828125,1863.300048828125,1866.9000244140625,1863.0,1866.5999755859375,85470
2026-06-25 06:00:00,1862.0999755859375,1862.0999755859375,1863.5999755859375,1861.199951171875,1863.300048828125,63802
2026-06-25 06:05:00,1863.5999755859375,1863.5999755859375,1863.699951171875,1862.0,1862.0999755859375,51543
2026-06-25 06:10:00,1862.199951171875,1862.199951171875,1864.0999755859375,1862.0999755859375,1863.5,71554
2026-06-25 06:15:00,1862.4000244140625,1862.4000244140625,1863.199951171875,1861.699951171875,1862.300048828125,84752
2026-06-25 06:20:00,1865.5,1865.5,1866.0,1862.800048828125,1862.800048828125,60831
2026-06-25 06:25:00,1867.5,1867.5,1869.5,1865.199951171875,1865.5,78804
2026-06-25 06:30:00,1865.199951171875,1865.199951171875,1867.5,1864.699951171875,1867.300048828125,81978
2026-06-25 06:35:00,1863.5,1863.5,1865.5,1863.5,1865.5,37276
2026-06-25 06:40:00,1864.199951171875,1864.199951171875,1865.9000244140625,1863.5999755859375,1864.0,54230
2026-06-25 06:45:00,1863.199951171875,1863.199951171875,1864.199951171875,1862.199951171875,1864.199951171875,64593
2026-06-25 06:50:00,1862.0999755859375,1862.0999755859375,1863.9000244140625,1861.800048828125,1863.4000244140625,40553
2026-06-25 06:55:00,1862.0,1862.0,1863.5,1861.5,1862.5999755859375,64003
2026-06-25 07:00:00,1861.300048828125,1861.300048828125,1862.699951171875,1860.5999755859375,1862.199951171875,82428
2026-06-25 07:05:00,1861.5999755859375,1861.5999755859375,1861.9000244140625,1860.800048828125,1861.300048828125,36245
2026-06-25 07:10:00,1863.0,1863.0,1864.199951171875,1861.199951171875,1861.5999755859375,85327
2026-06-25 07:15:00,1864.0,1864.0,1864.699951171875,1863.0,1863.0,39660
2026-06-25 07:20:00,1864.5,1864.5,1865.300048828125,1863.5999755859375,1863.9000244140625,53233
2026-06-25 07:25:00,1865.4000244140625,1865.4000244140625,1865.4000244140625,1864.300048828125,1864.800048828125,48653
2026-06-25 07:30:00,1862.4000244140625,1862.4000244140625,1865.4000244140625,1862.4000244140625,1865.4000244140625,60560
2026-06-25 07:35:00,1863.699951171875,1863.699951171875,1864.199951171875,1862.699951171875,1862.699951171875,46705
2026-06-25 07:40:00,1863.4000244140625,1863.4000244140625,1864.9000244140625,1863.0,1863.699951171875,65113
2026-06-25 07:45:00,1864.0,1864.0,1864.300048828125,1863.300048828125,1863.5999755859375,84065
2026-06-25 07:50:00,1864.0,1864.0,1864.9000244140625,1863.4000244140625,1864.0,46353
2026-06-25 07:55:00,1863.9000244140625,1863.9000244140625,1864.0,1863.0,1864.0,38526
2026-06-25 08:00:00,1865.0,1865.0,1865.4000244140625,1862.5999755859375,1863.0,92973
2026-06-25 08:05:00,1868.4000244140625,1868.4000244140625,1869.5,1865.0,1865.0999755859375,135706
2026-06-25 08:10:00,1865.0999755859375,1865.0999755859375,1870.199951171875,1865.0,1868.4000244140625,169820
2026-06-25 08:15:00,1866.699951171875,1866.699951171875,1867.800048828125,1864.5999755859375,1865.0999755859375,48579
2026-06-25 08:20:00,1865.699951171875,1865.699951171875,1867.800048828125,1865.0,1867.0,64635
2026-06-25 08:25:00,1867.199951171875,1867.199951171875,1867.5999755859375,1865.0,1865.5,67315
2026-06-25 08:30:00,1865.300048828125,1865.300048828125,1867.199951171875,1865.0,1867.199951171875,91082
2026-06-25 08:35:00,1864.800048828125,1864.800048828125,1866.5,1864.4000244140625,1865.4000244140625,68220
2026-06-25 08:40:00,1864.9000244140625,1864.9000244140625,1865.800048828125,1863.5999755859375,1864.800048828125,111632
2026-06-25 08:45:00,1862.800048828125,1862.800048828125,1864.9000244140625,1862.699951171875,1864.800048828125,87484
2026-06-25 08:50:00,1861.800048828125,1861.800048828125,1862.800048828125,1860.4000244140625,1862.800048828125,180452
2026-06-25 08:55:00,1860.300048828125,1860.300048828125,1861.9000244140625,1859.699951171875,1861.9000244140625,96504
2026-06-25 09:00:00,1859.300048828125,1859.300048828125,1860.300048828125,1859.0,1860.300048828125,115062
2026-06-25 09:05:00,1858.199951171875,1858.199951171875,1860.5,1857.5999755859375,1859.0999755859375,132469
2026-06-25 09:10:00,1856.699951171875,1856.699951171875,1859.199951171875,1855.5999755859375,1857.9000244140625,161923
2026-06-25 09:15:00,1856.0,1856.0,1858.800048828125,1855.5,1856.800048828125,134250
2026-06-25 09:20:00,1856.0999755859375,1856.0999755859375,1857.9000244140625,1854.699951171875,1855.800048828125,150330
2026-06-25 09:25:00,1855.0,1855.0,1856.699951171875,1854.199951171875,1856.0,121086
2026-06-25 09:30:00,1850.0,1850.0,1854.5999755859375,1849.5,1854.5999755859375,520425
2026-06-25 09:35:00,1851.0999755859375,1851.0999755859375,1853.4000244140625,1848.199951171875,1850.0,595332
2026-06-25 09:40:00,1849.9000244140625,1849.9000244140625,1851.800048828125,1849.5999755859375,1851.0,380783
2026-06-25 09:45:00,1850.9000244140625,1850.9000244140625,1851.0999755859375,1849.5,1849.9000244140625,430444
2026-06-25 09:50:00,1850.5,1850.5,1851.0999755859375,1848.699951171875,1850.9000244140625,333205
2026-06-25 09:55:00,1849.9000244140625,1849.9000244140625,1853.300048828125,1849.0,1850.4000244140625,334635
2026-06-29 03:45:00,1843.4000244140625,1843.4000244140625,1848.9000244140625,1839.5,1840.300048828125,0
2026-06-29 03:50:00,1840.0999755859375,1840.0999755859375,1844.300048828125,1839.5,1843.0,149235
2026-06-29 03:55:00,1840.5,1840.5,1841.0999755859375,1838.9000244140625,1839.5999755859375,54471
2026-06-29 04:00:00,1846.9000244140625,1846.9000244140625,1846.9000244140625,1838.699951171875,1840.5,73022
2026-06-29 04:05:00,1846.800048828125,1846.800048828125,1848.199951171875,1844.0,1847.0,40584
2026-06-29 04:10:00,1847.5999755859375,1847.5999755859375,1847.9000244140625,1845.5999755859375,1846.5,26037
2026-06-29 04:15:00,1849.199951171875,1849.199951171875,1849.800048828125,1846.0,1847.5999755859375,27485
2026-06-29 04:20:00,1845.0,1845.0,1849.199951171875,1844.5,1848.699951171875,46006
2026-06-29 04:25:00,1844.0999755859375,1844.0999755859375,1846.0,1843.5999755859375,1845.0,31882
2026-06-29 04:30:00,1840.0,1840.0,1845.699951171875,1840.0,1845.0999755859375,35864
2026-06-29 04:35:00,1841.199951171875,1841.199951171875,1842.699951171875,1840.199951171875,1840.199951171875,37832
2026-06-29 04:40:00,1840.0,1840.0,1841.9000244140625,1840.0,1841.199951171875,39556
2026-06-29 04:45:00,1841.4000244140625,1841.4000244140625,1841.800048828125,1840.0,1840.0999755859375,41044
2026-06-29 04:50:00,1842.4000244140625,1842.4000244140625,1842.4000244140625,1840.9000244140625,1841.300048828125,43079
2026-06-29 04:55:00,1843.5999755859375,1843.5999755859375,1844.9000244140625,1841.699951171875,1842.300048828125,47690
2026-06-29 05:00:00,1842.300048828125,1842.300048828125,1844.0,1842.199951171875,1843.9000244140625,32952
2026-06-29 05:05:00,1841.0,1841.0,1844.0999755859375,1841.0,1842.5999755859375,49282
2026-06-29 05:10:00,1839.9000244140625,1839.9000244140625,1842.0,1839.800048828125,1841.0,44020
2026-06-29 05:15:00,1835.0999755859375,1835.0999755859375,1840.199951171875,1834.5,1840.0999755859375,58949
2026-06-29 05:20:00,1834.4000244140625,1834.4000244140625,1835.800048828125,1833.5,1835.0999755859375,33969
2026-06-29 05:25:00,1834.0,1834.0,1835.0,1833.4000244140625,1833.5999755859375,27989
2026-06-29 05:30:00,1838.0,1838.0,1838.5999755859375,1833.5999755859375,1833.9000244140625,50865
2026-06-29 05:35:00,1836.9000244140625,1836.9000244140625,1838.0999755859375,1836.5,1838.0,47955
2026-06-29 05:40:00,1836.9000244140625,1836.9000244140625,1838.300048828125,1836.5999755859375,1836.9000244140625,33231
2026-06-29 05:45:00,1838.0999755859375,1838.0999755859375,1839.9000244140625,1836.699951171875,1836.699951171875,38356
2026-06-29 05:50:00,1838.9000244140625,1838.9000244140625,1839.199951171875,1838.0,1838.300048828125,33307
2026-06-29 05:55:00,1837.9000244140625,1837.9000244140625,1840.0,1837.0,1838.699951171875,57906
2026-06-29 06:00:00,1836.5999755859375,1836.5999755859375,1838.5,1835.800048828125,1837.9000244140625,106103
2026-06-29 06:05:00,1838.300048828125,1838.300048828125,1838.300048828125,1836.199951171875,1837.0999755859375,103726
2026-06-29 06:10:00,1837.199951171875,1837.199951171875,1838.9000244140625,1836.9000244140625,1838.300048828125,39482
2026-06-29 06:15:00,1837.0999755859375,1837.0999755859375,1837.800048828125,1836.699951171875,1837.0,29602
2026-06-29 06:20:00,1837.199951171875,1837.199951171875,1838.800048828125,1837.0,1837.0999755859375,73915
2026-06-29 06:25:00,1838.0999755859375,1838.0999755859375,1838.9000244140625,1837.199951171875,1837.199951171875,39278
2026-06-29 06:30:00,1837.0999755859375,1837.0999755859375,1838.4000244140625,1836.0999755859375,1838.0999755859375,74356
2026-06-29 06:35:00,1839.199951171875,1839.199951171875,1840.199951171875,1836.199951171875,1836.5999755859375,117175
2026-06-29 06:40:00,1838.300048828125,1838.300048828125,1840.0999755859375,1837.0999755859375,1839.199951171875,29490
2026-06-29 06:45:00,1837.5,1837.5,1838.199951171875,1837.5,1838.199951171875,32759
2026-06-29 06:50:00,1838.800048828125,1838.800048828125,1838.9000244140625,1837.300048828125,1837.5,34513
2026-06-29 06:55:00,1838.0999755859375,1838.0999755859375,1838.9000244140625,1838.0,1838.5,42747
2026-06-29 07:00:00,1837.0999755859375,1837.0999755859375,1838.800048828125,1836.4000244140625,1838.300048828125,43282
2026-06-29 07:05:00,1839.4000244140625,1839.4000244140625,1839.4000244140625,1836.5999755859375,1836.5999755859375,100054
2026-06-29 07:10:00,1842.800048828125,1842.800048828125,1844.0999755859375,1838.699951171875,1839.5,71356
2026-06-29 07:15:00,1840.9000244140625,1840.9000244140625,1844.300048828125,1839.5,1842.800048828125,40193
2026-06-29 07:20:00,1841.699951171875,1841.699951171875,1842.4000244140625,1839.9000244140625,1840.5,42201
2026-06-29 07:25:00,1842.800048828125,1842.800048828125,1843.800048828125,1841.699951171875,1841.699951171875,80780
2026-06-29 07:30:00,1838.5999755859375,1838.5999755859375,1843.199951171875,1836.5,1843.0,117923
2026-06-29 07:35:00,1838.0,1838.0,1838.800048828125,1836.0999755859375,1838.5999755859375,68265
2026-06-29 07:40:00,1838.0999755859375,1838.0999755859375,1839.5,1836.300048828125,1838.4000244140625,94467
2026-06-29 07:45:00,1837.699951171875,1837.699951171875,1838.5999755859375,1835.800048828125,1837.199951171875,86410
2026-06-29 07:50:00,1838.0999755859375,1838.0999755859375,1839.5999755859375,1837.199951171875,1838.0999755859375,92542
2026-06-29 07:55:00,1837.5999755859375,1837.5999755859375,1838.699951171875,1836.5,1837.800048828125,43662
2026-06-29 08:00:00,1837.0999755859375,1837.0999755859375,1839.0,1836.199951171875,1837.5999755859375,76525
2026-06-29 08:05:00,1835.699951171875,1835.699951171875,1839.800048828125,1835.0,1837.0,83642
2026-06-29 08:10:00,1834.0,1834.0,1837.0999755859375,1834.0,1835.699951171875,51904
2026-06-29 08:15:00,1835.0999755859375,1835.0999755859375,1835.800048828125,1834.0,1834.199951171875,50626
2026-06-29 08:20:00,1837.0,1837.0,1837.5999755859375,1834.5,1835.4000244140625,53515
2026-06-29 08:25:00,1838.0999755859375,1838.0999755859375,1838.5,1835.9000244140625,1837.199951171875,119868
2026-06-29 08:30:00,1838.9000244140625,1838.9000244140625,1839.800048828125,1837.699951171875,1838.199951171875,51063
2026-06-29 08:35:00,1840.0999755859375,1840.0999755859375,1840.5,1838.5,1838.9000244140625,57612
2026-06-29 08:40:00,1841.0,1841.0,1841.0999755859375,1838.9000244140625,1840.0,65699
2026-06-29 08:45:00,1843.300048828125,1843.300048828125,1843.699951171875,1840.0,1841.300048828125,66677
2026-06-29 08:50:00,1840.699951171875,1840.699951171875,1843.300048828125,1840.5999755859375,1843.300048828125,64459
2026-06-29 08:55:00,1840.5999755859375,1840.5999755859375,1841.5,1840.0999755859375,1840.9000244140625,56734
2026-06-29 09:00:00,1841.5,1841.5,1841.800048828125,1840.0999755859375,1840.699951171875,52625
2026-06-29 09:05:00,1840.0999755859375,1840.0999755859375,1841.4000244140625,1839.199951171875,1841.4000244140625,74911
2026-06-29 09:10:00,1843.0999755859375,1843.0999755859375,1843.199951171875,1840.4000244140625,1840.5,69572
2026-06-29 09:15:00,1843.199951171875,1843.199951171875,1843.699951171875,1842.5,1842.800048828125,69670
2026-06-29 09:20:00,1841.300048828125,1841.300048828125,1843.699951171875,1841.300048828125,1843.199951171875,71182
2026-06-29 09:25:00,1844.5999755859375,1844.5999755859375,1844.5999755859375,1841.4000244140625,1841.4000244140625,90863
2026-06-29 09:30:00,1842.699951171875,1842.699951171875,1847.199951171875,1841.9000244140625,1841.9000244140625,1063387
2026-06-29 09:35:00,1840.800048828125,1840.800048828125,1844.5,1839.4000244140625,1842.300048828125,1115740
2026-06-29 09:40:00,1841.300048828125,1841.300048828125,1841.4000244140625,1839.0,1840.699951171875,1060711
2026-06-29 09:45:00,1839.699951171875,1839.699951171875,1843.5999755859375,1836.5,1840.9000244140625,1202053
2026-06-29 09:50:00,1840.300048828125,1840.300048828125,1840.699951171875,1834.5999755859375,1839.699951171875,1094025
2026-06-29 09:55:00,1841.0999755859375,1841.0999755859375,1848.0,1839.199951171875,1840.9000244140625,660903
2026-06-30 03:45:00,1851.5,1851.5,1853.699951171875,1844.300048828125,1850.800048828125,0
2026-06-30 03:50:00,1848.0,1848.0,1852.9000244140625,1847.0,1851.199951171875,48667
2026-06-30 03:55:00,1849.4000244140625,1849.4000244140625,1853.0999755859375,1846.199951171875,1848.0,61071
2026-06-30 04:00:00,1851.699951171875,1851.699951171875,1851.699951171875,1849.699951171875,1850.0,84147
2026-06-30 04:05:00,1856.5,1856.5,1856.800048828125,1851.0,1851.300048828125,124469
2026-06-30 04:10:00,1858.800048828125,1858.800048828125,1859.800048828125,1856.300048828125,1856.5,49632
2026-06-30 04:15:00,1856.800048828125,1856.800048828125,1861.199951171875,1856.800048828125,1858.800048828125,79985
2026-06-30 04:20:00,1856.0,1856.0,1857.5999755859375,1855.0,1857.5999755859375,26667
2026-06-30 04:25:00,1859.5999755859375,1859.5999755859375,1860.0,1855.5999755859375,1856.0,26704
2026-06-30 04:30:00,1861.0,1861.0,1861.0,1859.5,1859.699951171875,21639
2026-06-30 04:35:00,1860.5,1860.5,1861.0,1860.0,1861.0,24371
2026-06-30 04:40:00,1861.699951171875,1861.699951171875,1863.9000244140625,1860.5999755859375,1862.5,50252
2026-06-30 04:45:00,1862.5999755859375,1862.5999755859375,1862.800048828125,1860.699951171875,1861.5,17146
2026-06-30 04:50:00,1863.5,1863.5,1863.5,1861.699951171875,1862.300048828125,32647
2026-06-30 04:55:00,1863.699951171875,1863.699951171875,1864.5,1862.300048828125,1863.5,70913
2026-06-30 05:00:00,1865.300048828125,1865.300048828125,1865.300048828125,1862.699951171875,1863.4000244140625,26587
2026-06-30 05:05:00,1868.5,1868.5,1868.9000244140625,1865.0,1865.0,96955
2026-06-30 05:10:00,1866.199951171875,1866.199951171875,1868.800048828125,1864.5999755859375,1868.300048828125,83614
2026-06-30 05:15:00,1869.800048828125,1869.800048828125,1869.9000244140625,1866.300048828125,1866.800048828125,42236
2026-06-30 05:20:00,1868.199951171875,1868.199951171875,1871.699951171875,1867.5,1869.5999755859375,92715
2026-06-30 05:25:00,1866.800048828125,1866.800048828125,1869.199951171875,1866.0999755859375,1868.199951171875,36537
2026-06-30 05:30:00,1868.0,1868.0,1868.0,1863.9000244140625,1864.800048828125,43894
2026-06-30 05:35:00,1865.4000244140625,1865.4000244140625,1867.5999755859375,1863.300048828125,1867.5999755859375,25038
2026-06-30 05:40:00,1870.0,1870.0,1871.0,1865.4000244140625,1865.4000244140625,39918
2026-06-30 05:45:00,1871.800048828125,1871.800048828125,1871.9000244140625,1869.5,1870.199951171875,36395
2026-06-30 05:50:00,1875.800048828125,1875.800048828125,1875.800048828125,1870.9000244140625,1871.5,95293
2026-06-30 05:55:00,1876.0,1876.0,1876.5999755859375,1873.0,1875.9000244140625,98277
2026-06-30 06:00:00,1874.300048828125,1874.300048828125,1876.5,1873.0999755859375,1876.0,46219
2026-06-30 06:05:00,1871.0999755859375,1871.0999755859375,1874.300048828125,1869.699951171875,1873.5999755859375,105954
2026-06-30 06:10:00,1868.5999755859375,1868.5999755859375,1872.0999755859375,1867.199951171875,1871.199951171875,127350
2026-06-30 06:15:00,1866.699951171875,1866.699951171875,1869.0999755859375,1865.0999755859375,1868.4000244140625,41243
2026-06-30 06:20:00,1864.300048828125,1864.300048828125,1867.300048828125,1863.800048828125,1866.5,33099
2026-06-30 06:25:00,1866.4000244140625,1866.4000244140625,1867.199951171875,1864.5,1864.5,25846
2026-06-30 06:30:00,1868.199951171875,1868.199951171875,1868.699951171875,1863.5,1866.0,112082
2026-06-30 06:35:00,1868.199951171875,1868.199951171875,1869.300048828125,1867.4000244140625,1868.199951171875,27977
2026-06-30 06:40:00,1867.4000244140625,1867.4000244140625,1869.0999755859375,1867.0,1867.5999755859375,17068
2026-06-30 06:45:00,1866.0,1866.0,1868.0,1864.800048828125,1867.300048828125,21914
2026-06-30 06:50:00,1866.5999755859375,1866.5999755859375,1866.5999755859375,1862.4000244140625,1865.699951171875,55436
2026-06-30 06:55:00,1869.0,1869.0,1869.0,1864.5,1866.5,24940
2026-06-30 07:00:00,1871.0,1871.0,1871.4000244140625,1867.800048828125,1869.0,35574
2026-06-30 07:05:00,1873.800048828125,1873.800048828125,1873.9000244140625,1869.0999755859375,1871.199951171875,46390
2026-06-30 07:10:00,1873.800048828125,1873.800048828125,1874.5,1872.9000244140625,1873.699951171875,21748
2026-06-30 07:15:00,1873.4000244140625,1873.4000244140625,1874.300048828125,1872.800048828125,1873.9000244140625,56965
2026-06-30 07:20:00,1871.5,1871.5,1873.300048828125,1871.199951171875,1873.0,21933
2026-06-30 07:25:00,1873.0,1873.0,1873.5999755859375,1869.199951171875,1871.5999755859375,171544
2026-06-30 07:30:00,1873.0999755859375,1873.0999755859375,1873.4000244140625,1871.9000244140625,1872.800048828125,20005
2026-06-30 07:35:00,1872.800048828125,1872.800048828125,1873.300048828125,1872.5999755859375,1873.0,34765
2026-06-30 07:40:00,1873.0,1873.0,1874.199951171875,1872.5999755859375,1872.800048828125,21717
2026-06-30 07:45:00,1870.0,1870.0,1873.4000244140625,1870.0,1872.800048828125,28298
2026-06-30 07:50:00,1869.9000244140625,1869.9000244140625,1872.0,1869.0,1870.0,43650
2026-06-30 07:55:00,1869.9000244140625,1869.9000244140625,1870.0,1867.5999755859375,1869.9000244140625,109056
2026-06-30 08:00:00,1868.800048828125,1868.800048828125,1870.0,1868.0,1870.0,31031
2026-06-30 08:05:00,1866.300048828125,1866.300048828125,1867.5999755859375,1865.5,1867.5999755859375,21475
2026-06-30 08:10:00,1868.5,1868.5,1869.0,1866.4000244140625,1866.9000244140625,77660
2026-06-30 08:15:00,1868.0999755859375,1868.0999755859375,1868.699951171875,1866.9000244140625,1868.5,35519
2026-06-30 08:20:00,1868.0,1868.0,1870.0,1867.800048828125,1867.800048828125,74264
2026-06-30 08:25:00,1868.5,1868.5,1868.800048828125,1866.5999755859375,1868.5,64890
2026-06-30 08:30:00,1865.5999755859375,1865.5999755859375,1869.199951171875,1865.199951171875,1868.0999755859375,74703
2026-06-30 08:35:00,1865.699951171875,1865.699951171875,1867.5,1864.699951171875,1865.699951171875,54305
2026-06-30 08:40:00,1863.9000244140625,1863.9000244140625,1866.4000244140625,1863.199951171875,1866.4000244140625,28633
2026-06-30 08:45:00,1862.5,1862.5,1864.9000244140625,1861.0,1863.800048828125,56615
2026-06-30 08:50:00,1866.699951171875,1866.699951171875,1866.9000244140625,1861.300048828125,1862.5,45246
2026-06-30 08:55:00,1868.300048828125,1868.300048828125,1870.0999755859375,1866.4000244140625,1867.300048828125,236763
2026-06-30 09:00:00,1865.0,1865.0,1868.199951171875,1864.300048828125,1867.800048828125,52022
2026-06-30 09:05:00,1865.0,1865.0,1865.9000244140625,1864.5,1865.800048828125,69909
2026-06-30 09:10:00,1865.0,1865.0,1866.0,1863.5999755859375,1865.0,32361
2026-06-30 09:15:00,1863.5999755859375,1863.5999755859375,1865.5,1863.300048828125,1865.0,61006
2026-06-30 09:20:00,1863.0999755859375,1863.0999755859375,1865.4000244140625,1861.9000244140625,1863.5999755859375,48825
2026-06-30 09:25:00,1860.0999755859375,1860.0999755859375,1864.0,1858.800048828125,1863.0999755859375,105850
2026-06-30 09:30:00,1850.800048828125,1850.800048828125,1859.800048828125,1850.0,1859.800048828125,639012
2026-06-30 09:35:00,1850.0999755859375,1850.0999755859375,1851.5999755859375,1850.0,1850.9000244140625,494995
2026-06-30 09:40:00,1850.4000244140625,1850.4000244140625,1851.199951171875,1850.0,1850.199951171875,510052
2026-06-30 09:45:00,1853.800048828125,1853.800048828125,1853.9000244140625,1850.300048828125,1850.300048828125,505785
2026-06-30 09:50:00,1853.9000244140625,1853.9000244140625,1855.699951171875,1852.300048828125,1853.800048828125,428856
2026-06-30 09:55:00,1855.0,1855.0,1857.5999755859375,1851.800048828125,1854.0,268169
2026-07-01 03:45:00,1850.199951171875,1850.199951171875,1855.699951171875,1849.800048828125,1850.4000244140625,0
2026-07-01 03:50:00,1852.9000244140625,1852.9000244140625,1854.0999755859375,1849.5,1849.5,50503
2026-07-01 03:55:00,1856.0,1856.0,1856.9000244140625,1852.699951171875,1852.9000244140625,35387
2026-07-01 04:00:00,1855.5,1855.5,1856.4000244140625,1853.0,1856.199951171875,22718
2026-07-01 04:05:00,1861.0,1861.0,1862.0,1857.0,1857.4000244140625,43302
2026-07-01 04:10:00,1861.699951171875,1861.699951171875,1862.4000244140625,1860.0,1861.5999755859375,21242
2026-07-01 04:15:00,1861.300048828125,1861.300048828125,1863.0,1858.5999755859375,1862.0,23718
2026-07-01 04:20:00,1861.0999755859375,1861.0999755859375,1862.0,1860.5,1860.9000244140625,18598
2026-07-01 04:25:00,1862.4000244140625,1862.4000244140625,1862.9000244140625,1861.300048828125,1862.0,20736
2026-07-01 04:30:00,1860.300048828125,1860.300048828125,1863.5,1859.5999755859375,1862.4000244140625,35320
2026-07-01 04:35:00,1862.5,1862.5,1862.5,1859.0999755859375,1859.5,17926
2026-07-01 04:40:00,1863.800048828125,1863.800048828125,1864.0999755859375,1861.9000244140625,1862.5999755859375,25003
2026-07-01 04:45:00,1862.5999755859375,1862.5999755859375,1865.0,1861.5999755859375,1863.300048828125,37070
2026-07-01 04:50:00,1862.5999755859375,1862.5999755859375,1863.5,1862.5,1862.5999755859375,14704
2026-07-01 04:55:00,1861.5,1861.5,1862.5,1860.199951171875,1862.5,16696
2026-07-01 05:00:00,1860.800048828125,1860.800048828125,1862.300048828125,1859.9000244140625,1861.4000244140625,40759
2026-07-01 05:05:00,1861.199951171875,1861.199951171875,1861.800048828125,1860.4000244140625,1861.0,20659
2026-07-01 05:10:00,1858.5,1858.5,1861.300048828125,1858.0,1861.199951171875,26150
2026-07-01 05:15:00,1859.300048828125,1859.300048828125,1859.5,1858.5,1858.5,10999
2026-07-01 05:20:00,1860.0,1860.0,1860.0,1858.699951171875,1859.199951171875,18583
2026-07-01 05:25:00,1859.199951171875,1859.199951171875,1860.0,1858.5999755859375,1860.0,14094
2026-07-01 05:30:00,1861.5999755859375,1861.5999755859375,1861.5999755859375,1859.0,1859.0999755859375,49168
2026-07-01 05:35:00,1864.4000244140625,1864.4000244140625,1864.4000244140625,1861.5999755859375,1861.5999755859375,34527
2026-07-01 05:40:00,1865.800048828125,1865.800048828125,1866.0999755859375,1864.300048828125,1864.4000244140625,27663
2026-07-01 05:45:00,1867.5999755859375,1867.5999755859375,1870.199951171875,1865.0,1865.9000244140625,75327
2026-07-01 05:50:00,1872.0,1872.0,1872.0999755859375,1867.5,1867.5999755859375,89153
2026-07-01 05:55:00,1873.199951171875,1873.199951171875,1874.300048828125,1871.9000244140625,1872.0,65822
2026-07-01 06:00:00,1874.800048828125,1874.800048828125,1875.199951171875,1871.9000244140625,1873.300048828125,63927
2026-07-01 06:05:00,1875.0,1875.0,1875.0,1873.5,1874.4000244140625,61736
2026-07-01 06:10:00,1875.800048828125,1875.800048828125,1875.800048828125,1873.5999755859375,1874.699951171875,23123
2026-07-01 06:15:00,1877.5,1877.5,1878.5999755859375,1875.199951171875,1876.0,21166
2026-07-01 06:20:00,1872.199951171875,1872.199951171875,1877.9000244140625,1871.5999755859375,1877.9000244140625,81447
2026-07-01 06:25:00,1875.0999755859375,1875.0999755859375,1875.0999755859375,1872.0,1872.199951171875,24701
2026-07-01 06:30:00,1873.5999755859375,1873.5999755859375,1876.800048828125,1873.4000244140625,1875.9000244140625,49343
2026-07-01 06:35:00,1877.300048828125,1877.300048828125,1878.0,1871.9000244140625,1873.5,136773
2026-07-01 06:40:00,1877.300048828125,1877.300048828125,1878.5999755859375,1873.5,1877.0999755859375,159638
2026-07-01 06:45:00,1883.699951171875,1883.699951171875,1883.699951171875,1876.9000244140625,1877.4000244140625,182688
2026-07-01 06:50:00,1886.300048828125,1886.300048828125,1886.300048828125,1881.199951171875,1883.0,139858
2026-07-01 06:55:00,1883.199951171875,1883.199951171875,1886.9000244140625,1882.800048828125,1886.5,112006
2026-07-01 07:00:00,1878.300048828125,1878.300048828125,1883.199951171875,1877.4000244140625,1883.199951171875,39864
2026-07-01 07:05:00,1879.4000244140625,1879.4000244140625,1879.9000244140625,1878.0999755859375,1878.199951171875,19938
2026-07-01 07:10:00,1879.0999755859375,1879.0999755859375,1880.800048828125,1878.0999755859375,1879.199951171875,39757
2026-07-01 07:15:00,1878.4000244140625,1878.4000244140625,1879.4000244140625,1877.5,1878.199951171875,45303
2026-07-01 07:20:00,1881.300048828125,1881.300048828125,1882.0,1878.800048828125,1878.800048828125,17668
2026-07-01 07:25:00,1881.300048828125,1881.300048828125,1881.5999755859375,1880.5,1881.300048828125,14316
2026-07-01 07:30:00,1879.199951171875,1879.199951171875,1881.4000244140625,1878.0,1881.300048828125,51176
2026-07-01 07:35:00,1881.199951171875,1881.199951171875,1881.800048828125,1878.800048828125,1878.800048828125,15597
2026-07-01 07:40:00,1881.5,1881.5,1882.0,1881.0,1881.0,12949
2026-07-01 07:45:00,1881.0999755859375,1881.0999755859375,1882.0,1880.5,1881.5,15854
2026-07-01 07:50:00,1881.5999755859375,1881.5999755859375,1881.9000244140625,1879.800048828125,1881.199951171875,61432
2026-07-01 07:55:00,1875.0,1875.0,1882.0,1873.199951171875,1881.699951171875,68097
2026-07-01 08:00:00,1873.9000244140625,1873.9000244140625,1875.5,1871.9000244140625,1874.699951171875,51885
2026-07-01 08:05:00,1876.199951171875,1876.199951171875,1877.300048828125,1874.300048828125,1875.0,155679
2026-07-01 08:10:00,1874.0,1874.0,1876.199951171875,1873.0,1876.0999755859375,53999
2026-07-01 08:15:00,1874.4000244140625,1874.4000244140625,1875.5,1873.0999755859375,1874.0999755859375,76571
2026-07-01 08:20:00,1874.699951171875,1874.699951171875,1875.800048828125,1873.9000244140625,1875.0,59569
2026-07-01 08:25:00,1876.4000244140625,1876.4000244140625,1876.4000244140625,1873.199951171875,1874.4000244140625,49228
2026-07-01 08:30:00,1879.0,1879.0,1879.9000244140625,1876.5,1876.5999755859375,17933
2026-07-01 08:35:00,1878.300048828125,1878.300048828125,1879.199951171875,1878.199951171875,1879.199951171875,12925
2026-07-01 08:40:00,1875.5999755859375,1875.5999755859375,1879.0,1875.5999755859375,1878.699951171875,24010
2026-07-01 08:45:00,1875.0999755859375,1875.0999755859375,1876.4000244140625,1874.300048828125,1875.4000244140625,28938
2026-07-01 08:50:00,1876.5,1876.5,1876.800048828125,1874.300048828125,1875.0,19574
2026-07-01 08:55:00,1876.0,1876.0,1876.800048828125,1875.300048828125,1876.5999755859375,19809
2026-07-01 09:00:00,1874.300048828125,1874.300048828125,1876.4000244140625,1873.800048828125,1875.4000244140625,23786
2026-07-01 09:05:00,1874.0999755859375,1874.0999755859375,1875.5,1873.9000244140625,1874.4000244140625,24449
2026-07-01 09:10:00,1874.699951171875,1874.699951171875,1875.0,1874.0,1874.0,17655
2026-07-01 09:15:00,1874.300048828125,1874.300048828125,1875.0,1874.0,1874.699951171875,21143
2026-07-01 09:20:00,1874.9000244140625,1874.9000244140625,1875.0,1874.0,1874.5,41314
2026-07-01 09:25:00,1875.4000244140625,1875.4000244140625,1875.5,1873.699951171875,1873.699951171875,33948
2026-07-01 09:30:00,1874.5,1874.5,1875.699951171875,1872.800048828125,1875.699951171875,189137
2026-07-01 09:35:00,1870.0999755859375,1870.0999755859375,1874.0,1869.5999755859375,1874.0,144580
2026-07-01 09:40:00,1867.699951171875,1867.699951171875,1870.199951171875,1867.699951171875,1870.0,135349
2026-07-01 09:45:00,1869.4000244140625,1869.4000244140625,1870.0,1867.4000244140625,1868.4000244140625,163715
2026-07-01 09:50:00,1869.9000244140625,1869.9000244140625,1870.0999755859375,1869.5999755859375,1869.5999755859375,218515
2026-07-01 09:55:00,1869.300048828125,1869.300048828125,1873.0,1868.0,1870.0,158804
2026-07-02 03:45:00,1857.4000244140625,1857.4000244140625,1867.800048828125,1856.0,1866.0,0
2026-07-02 03:50:00,1859.699951171875,1859.699951171875,1861.9000244140625,1856.0999755859375,1856.5,119505
2026-07-02 03:55:00,1861.300048828125,1861.300048828125,1863.0,1860.0,1860.0,94197
2026-07-02 04:00:00,1860.5999755859375,1860.5999755859375,1861.5999755859375,1859.199951171875,1861.5999755859375,63659
2026-07-02 04:05:00,1858.0999755859375,1858.0999755859375,1861.5,1857.5999755859375,1860.5999755859375,76450
2026-07-02 04:10:00,1854.9000244140625,1854.9000244140625,1858.0999755859375,1854.5,1857.699951171875,72770
2026-07-02 04:15:00,1856.0,1856.0,1857.0,1855.0,1855.5,39671
2026-07-02 04:20:00,1858.199951171875,1858.199951171875,1859.0,1855.699951171875,1856.199951171875,53421
2026-07-02 04:25:00,1856.800048828125,1856.800048828125,1859.0999755859375,1856.5,1858.300048828125,37724
2026-07-02 04:30:00,1853.5,1853.5,1856.5999755859375,1853.0999755859375,1856.5,43703
2026-07-02 04:35:00,1853.5999755859375,1853.5999755859375,1855.0,1852.199951171875,1853.5,61224
2026-07-02 04:40:00,1851.0,1851.0,1854.4000244140625,1851.0,1853.5999755859375,36676
2026-07-02 04:45:00,1852.699951171875,1852.699951171875,1852.800048828125,1850.5,1850.800048828125,30839
2026-07-02 04:50:00,1853.0999755859375,1853.0999755859375,1854.5999755859375,1852.4000244140625,1853.0,24159
2026-07-02 04:55:00,1854.0,1854.0,1854.5999755859375,1852.4000244140625,1852.800048828125,29831
2026-07-02 05:00:00,1853.699951171875,1853.699951171875,1854.199951171875,1852.9000244140625,1854.0,20685
2026-07-02 05:05:00,1855.5,1855.5,1855.5999755859375,1853.300048828125,1854.300048828125,19430
2026-07-02 05:10:00,1853.9000244140625,1853.9000244140625,1855.4000244140625,1853.699951171875,1855.4000244140625,20556
2026-07-02 05:15:00,1854.300048828125,1854.300048828125,1855.0,1851.300048828125,1853.5999755859375,112834
2026-07-02 05:20:00,1852.699951171875,1852.699951171875,1855.5,1852.5999755859375,1853.9000244140625,57194
2026-07-02 05:25:00,1852.4000244140625,1852.4000244140625,1853.5,1852.0,1852.699951171875,35516
2026-07-02 05:30:00,1857.800048828125,1857.800048828125,1858.9000244140625,1851.699951171875,1852.4000244140625,91421
2026-07-02 05:35:00,1858.0999755859375,1858.0999755859375,1859.0999755859375,1857.199951171875,1858.5999755859375,32449
2026-07-02 05:40:00,1858.800048828125,1858.800048828125,1858.9000244140625,1857.0,1858.0999755859375,57957
2026-07-02 05:45:00,1858.699951171875,1858.699951171875,1859.4000244140625,1858.0,1858.699951171875,21975
2026-07-02 05:50:00,1858.0,1858.0,1859.199951171875,1857.0,1858.699951171875,51916
2026-07-02 05:55:00,1855.9000244140625,1855.9000244140625,1859.0,1855.199951171875,1858.0999755859375,87092
2026-07-02 06:00:00,1858.0,1858.0,1858.199951171875,1854.4000244140625,1855.9000244140625,89423
2026-07-02 06:05:00,1857.800048828125,1857.800048828125,1857.9000244140625,1856.0999755859375,1857.800048828125,14361
2026-07-02 06:10:00,1858.0,1858.0,1858.5999755859375,1856.800048828125,1857.4000244140625,11507
2026-07-02 06:15:00,1857.699951171875,1857.699951171875,1857.9000244140625,1856.199951171875,1857.300048828125,23693
2026-07-02 06:20:00,1857.0999755859375,1857.0999755859375,1858.5,1857.0999755859375,1857.9000244140625,34277
2026-07-02 06:25:00,1859.199951171875,1859.199951171875,1859.300048828125,1856.199951171875,1857.699951171875,61876
2026-07-02 06:30:00,1858.5,1858.5,1861.0,1857.800048828125,1857.800048828125,122698
2026-07-02 06:35:00,1858.0,1858.0,1859.199951171875,1856.800048828125,1858.5,48046
2026-07-02 06:40:00,1857.9000244140625,1857.9000244140625,1858.5999755859375,1857.300048828125,1858.0,20986
2026-07-02 06:45:00,1858.0,1858.0,1858.0,1855.5,1857.800048828125,60197
2026-07-02 06:50:00,1856.300048828125,1856.300048828125,1858.0999755859375,1856.300048828125,1857.800048828125,80000
2026-07-02 06:55:00,1855.0,1855.0,1856.800048828125,1854.5,1856.0999755859375,40729
2026-07-02 07:00:00,1854.5999755859375,1854.5999755859375,1855.4000244140625,1853.0,1855.0,92753
2026-07-02 07:05:00,1856.800048828125,1856.800048828125,1857.699951171875,1853.5,1854.5,44063
2026-07-02 07:10:00,1855.800048828125,1855.800048828125,1857.300048828125,1855.5999755859375,1856.699951171875,33405
2026-07-02 07:15:00,1855.4000244140625,1855.4000244140625,1856.699951171875,1854.5999755859375,1855.9000244140625,78032
2026-07-02 07:20:00,1854.800048828125,1854.800048828125,1855.4000244140625,1853.5999755859375,1855.4000244140625,43019
2026-07-02 07:25:00,1855.800048828125,1855.800048828125,1855.800048828125,1854.0999755859375,1854.199951171875,31149
2026-07-02 07:30:00,1863.5,1863.5,1863.5,1854.4000244140625,1855.800048828125,86851
2026-07-02 07:35:00,1863.9000244140625,1863.9000244140625,1865.0,1862.9000244140625,1863.5,44199
2026-07-02 07:40:00,1865.699951171875,1865.699951171875,1866.0,1863.0,1863.800048828125,67667
2026-07-02 07:45:00,1867.5,1867.5,1867.5,1864.199951171875,1865.699951171875,77080
2026-07-02 07:50:00,1865.4000244140625,1865.4000244140625,1867.4000244140625,1865.0,1867.4000244140625,59256
2026-07-02 07:55:00,1866.5,1866.5,1867.199951171875,1865.0,1865.4000244140625,34000
2026-07-02 08:00:00,1865.4000244140625,1865.4000244140625,1866.699951171875,1865.300048828125,1866.5,20069
2026-07-02 08:05:00,1864.5,1864.5,1867.0,1863.4000244140625,1865.4000244140625,91399
2026-07-02 08:10:00,1864.199951171875,1864.199951171875,1865.0,1863.300048828125,1864.5,16539
2026-07-02 08:15:00,1863.4000244140625,1863.4000244140625,1865.0999755859375,1863.199951171875,1864.199951171875,67795
2026-07-02 08:20:00,1862.9000244140625,1862.9000244140625,1865.0999755859375,1862.4000244140625,1863.699951171875,27072
2026-07-02 08:25:00,1861.800048828125,1861.800048828125,1863.800048828125,1861.0,1862.9000244140625,41364
2026-07-02 08:30:00,1862.5999755859375,1862.5999755859375,1863.0999755859375,1860.9000244140625,1861.5999755859375,43164
2026-07-02 08:35:00,1862.4000244140625,1862.4000244140625,1863.5,1861.4000244140625,1862.5999755859375,46402
2026-07-02 08:40:00,1865.300048828125,1865.300048828125,1866.5,1862.0999755859375,1862.4000244140625,51344
2026-07-02 08:45:00,1866.5999755859375,1866.5999755859375,1866.9000244140625,1864.199951171875,1865.300048828125,39448
2026-07-02 08:50:00,1870.199951171875,1870.199951171875,1873.0999755859375,1865.5999755859375,1866.4000244140625,85115
2026-07-02 08:55:00,1873.4000244140625,1873.4000244140625,1873.9000244140625,1869.300048828125,1870.199951171875,78218
2026-07-02 09:00:00,1876.0999755859375,1876.0999755859375,1878.5999755859375,1873.0999755859375,1873.4000244140625,94336
2026-07-02 09:05:00,1877.0,1877.0,1878.5999755859375,1875.4000244140625,1875.4000244140625,28871
2026-07-02 09:10:00,1878.5,1878.5,1881.4000244140625,1876.300048828125,1877.0,57908
2026-07-02 09:15:00,1881.5999755859375,1881.5999755859375,1883.800048828125,1878.199951171875,1878.5,91293
2026-07-02 09:20:00,1878.0,1878.0,1882.5999755859375,1877.0,1881.5999755859375,75776
2026-07-02 09:25:00,1878.199951171875,1878.199951171875,1878.199951171875,1876.5,1877.300048828125,39511
2026-07-02 09:30:00,1875.800048828125,1875.800048828125,1880.0,1874.5999755859375,1878.300048828125,204870
2026-07-02 09:35:00,1876.9000244140625,1876.9000244140625,1879.0,1875.5999755859375,1876.0,212290
2026-07-02 09:40:00,1875.0,1875.0,1877.0,1874.4000244140625,1877.0,161147
2026-07-02 09:45:00,1871.4000244140625,1871.4000244140625,1875.0,1870.699951171875,1875.0,163966
2026-07-02 09:50:00,1873.199951171875,1873.199951171875,1873.699951171875,1870.5999755859375,1871.5,163490
2026-07-02 09:55:00,1871.199951171875,1871.199951171875,1875.4000244140625,1871.199951171875,1873.300048828125,119372
2026-07-03 03:45:00,1894.0,1894.0,1895.0,1886.4000244140625,1889.800048828125,0
2026-07-03 03:50:00,1898.4000244140625,1898.4000244140625,1898.699951171875,1894.5,1894.5,163775
2026-07-03 03:55:00,1897.800048828125,1897.800048828125,1899.800048828125,1896.5,1899.5,78816
2026-07-03 04:00:00,1892.199951171875,1892.199951171875,1897.800048828125,1892.199951171875,1897.800048828125,58957
2026-07-03 04:05:00,1893.199951171875,1893.199951171875,1893.5999755859375,1891.9000244140625,1892.699951171875,21920
2026-07-03 04:10:00,1894.5,1894.5,1895.199951171875,1892.199951171875,1893.800048828125,28929
2026-07-03 04:15:00,1893.5999755859375,1893.5999755859375,1894.699951171875,1893.199951171875,1894.0,19198
2026-07-03 04:20:00,1898.0999755859375,1898.0999755859375,1899.0,1894.0,1894.0,42878
2026-07-03 04:25:00,1895.800048828125,1895.800048828125,1898.0999755859375,1895.5999755859375,1898.0999755859375,30853
2026-07-03 04:30:00,1892.199951171875,1892.199951171875,1896.699951171875,1892.0,1895.800048828125,31521
2026-07-03 04:35:00,1893.199951171875,1893.199951171875,1894.0,1890.699951171875,1891.5999755859375,73326
2026-07-03 04:40:00,1892.0,1892.0,1894.0,1891.0,1893.199951171875,19843
2026-07-03 04:45:00,1891.9000244140625,1891.9000244140625,1892.5999755859375,1889.699951171875,1892.4000244140625,72836
2026-07-03 04:50:00,1893.0,1893.0,1894.0999755859375,1891.9000244140625,1891.9000244140625,49207
2026-07-03 04:55:00,1890.0,1890.0,1895.5,1889.800048828125,1893.0999755859375,55508
2026-07-03 05:00:00,1893.300048828125,1893.300048828125,1894.0999755859375,1889.300048828125,1889.9000244140625,35413
2026-07-03 05:05:00,1893.0999755859375,1893.0999755859375,1894.699951171875,1893.0999755859375,1893.300048828125,14365
2026-07-03 05:10:00,1895.199951171875,1895.199951171875,1896.0,1891.9000244140625,1892.5999755859375,66201
2026-07-03 05:15:00,1897.4000244140625,1897.4000244140625,1898.5,1894.9000244140625,1895.0,28336
2026-07-03 05:20:00,1896.4000244140625,1896.4000244140625,1897.5,1896.300048828125,1897.4000244140625,12415
2026-07-03 05:25:00,1896.5,1896.5,1897.0999755859375,1896.0,1896.4000244140625,9467
2026-07-03 05:30:00,1895.699951171875,1895.699951171875,1897.5,1895.0999755859375,1896.5999755859375,17002
2026-07-03 05:35:00,1895.5,1895.5,1896.300048828125,1894.800048828125,1895.699951171875,10384
2026-07-03 05:40:00,1896.300048828125,1896.300048828125,1896.300048828125,1895.0,1895.300048828125,23304
2026-07-03 05:45:00,1897.5,1897.5,1897.5,1895.199951171875,1896.199951171875,20927
2026-07-03 05:50:00,1895.5999755859375,1895.5999755859375,1897.5,1895.300048828125,1897.300048828125,15645
2026-07-03 05:55:00,1896.0,1896.0,1896.5,1895.0999755859375,1895.4000244140625,11854
2026-07-03 06:00:00,1897.0999755859375,1897.0999755859375,1899.199951171875,1896.300048828125,1896.300048828125,49437
2026-07-03 06:05:00,1899.5999755859375,1899.5999755859375,1899.699951171875,1896.5,1897.0999755859375,36606
2026-07-03 06:10:00,1902.5,1902.5,1905.0,1898.9000244140625,1899.5,142282
2026-07-03 06:15:00,1900.800048828125,1900.800048828125,1903.4000244140625,1900.0,1902.4000244140625,62208
2026-07-03 06:20:00,1901.800048828125,1901.800048828125,1902.5999755859375,1900.0,1900.4000244140625,21232
2026-07-03 06:25:00,1902.5999755859375,1902.5999755859375,1903.0,1901.5999755859375,1901.800048828125,74285
2026-07-03 06:30:00,1903.199951171875,1903.199951171875,1905.0,1902.0999755859375,1902.800048828125,66984
2026-07-03 06:35:00,1907.5,1907.5,1908.0999755859375,1902.800048828125,1903.0999755859375,115794
2026-07-03 06:40:00,1907.300048828125,1907.300048828125,1908.0,1906.0,1907.199951171875,32570
2026-07-03 06:45:00,1906.5,1906.5,1907.300048828125,1906.5,1907.300048828125,16515
2026-07-03 06:50:00,1902.199951171875,1902.199951171875,1906.9000244140625,1901.199951171875,1906.699951171875,34526
2026-07-03 06:55:00,1904.9000244140625,1904.9000244140625,1905.5,1902.0999755859375,1902.199951171875,60550
2026-07-03 07:00:00,1904.699951171875,1904.699951171875,1905.800048828125,1904.0,1904.5999755859375,22276
2026-07-03 07:05:00,1905.5999755859375,1905.5999755859375,1906.9000244140625,1904.5,1905.0,29231
2026-07-03 07:10:00,1906.800048828125,1906.800048828125,1906.800048828125,1905.199951171875,1905.5,18366
2026-07-03 07:15:00,1904.699951171875,1904.699951171875,1907.699951171875,1904.699951171875,1906.800048828125,24767
2026-07-03 07:20:00,1902.4000244140625,1902.4000244140625,1905.5999755859375,1902.4000244140625,1905.0,17950
2026-07-03 07:25:00,1901.699951171875,1901.699951171875,1903.300048828125,1901.5,1902.4000244140625,24132
2026-07-03 07:30:00,1902.0,1902.0,1903.699951171875,1900.5999755859375,1901.5999755859375,36683
2026-07-03 07:35:00,1902.0999755859375,1902.0999755859375,1904.0,1901.800048828125,1902.0999755859375,52807
2026-07-03 07:40:00,1903.5999755859375,1903.5999755859375,1905.0,1900.5,1901.699951171875,126873
2026-07-03 07:45:00,1904.800048828125,1904.800048828125,1905.5999755859375,1902.699951171875,1904.199951171875,22816
2026-07-03 07:50:00,1902.0,1902.0,1905.0,1901.800048828125,1905.0,122737
2026-07-03 07:55:00,1904.800048828125,1904.800048828125,1905.5999755859375,1901.0999755859375,1902.199951171875,87546
2026-07-03 08:00:00,1904.699951171875,1904.699951171875,1905.9000244140625,1903.5999755859375,1904.9000244140625,149989
2026-07-03 08:05:00,1905.0,1905.0,1905.0999755859375,1903.300048828125,1904.800048828125,55590
2026-07-03 08:10:00,1906.4000244140625,1906.4000244140625,1907.5999755859375,1905.0999755859375,1905.0999755859375,24308
2026-07-03 08:15:00,1906.300048828125,1906.300048828125,1906.4000244140625,1904.300048828125,1906.4000244140625,31174
2026-07-03 08:20:00,1906.4000244140625,1906.4000244140625,1907.9000244140625,1906.0,1906.800048828125,65756
2026-07-03 08:25:00,1905.0,1905.0,1906.699951171875,1904.199951171875,1906.4000244140625,25448
2026-07-03 08:30:00,1907.0999755859375,1907.0999755859375,1908.0,1904.5,1905.699951171875,50418
2026-07-03 08:35:00,1910.0,1910.0,1912.0,1907.5999755859375,1907.9000244140625,104121
2026-07-03 08:40:00,1912.0,1912.0,1912.0,1906.0999755859375,1910.0999755859375,219276
2026-07-03 08:45:00,1910.0999755859375,1910.0999755859375,1912.699951171875,1908.699951171875,1910.5,145542
2026-07-03 08:50:00,1912.300048828125,1912.300048828125,1912.5,1909.0999755859375,1910.4000244140625,124957
2026-07-03 08:55:00,1910.800048828125,1910.800048828125,1913.0,1910.0999755859375,1912.0,121406
2026-07-03 09:00:00,1910.0999755859375,1910.0999755859375,1911.0,1909.9000244140625,1910.300048828125,17020
2026-07-03 09:05:00,1911.199951171875,1911.199951171875,1912.5,1910.199951171875,1910.199951171875,38047
2026-07-03 09:10:00,1908.800048828125,1908.800048828125,1911.199951171875,1908.199951171875,1911.199951171875,71064
2026-07-03 09:15:00,1909.699951171875,1909.699951171875,1910.0,1908.5,1908.800048828125,69976
2026-07-03 09:20:00,1910.199951171875,1910.199951171875,1910.199951171875,1909.0999755859375,1909.699951171875,47068
2026-07-03 09:25:00,1909.5,1909.5,1910.5999755859375,1908.5,1910.199951171875,53021
2026-07-03 09:30:00,1910.300048828125,1910.300048828125,1911.5,1909.9000244140625,1910.699951171875,128061
2026-07-03 09:35:00,1911.4000244140625,1911.4000244140625,1912.4000244140625,1909.800048828125,1910.5999755859375,201397
2026-07-03 09:40:00,1911.300048828125,1911.300048828125,1912.0,1910.4000244140625,1911.300048828125,161726
2026-07-03 09:45:00,1909.5999755859375,1909.5999755859375,1911.4000244140625,1909.5999755859375,1911.4000244140625,166737
2026-07-03 09:50:00,1909.199951171875,1909.199951171875,1911.300048828125,1908.300048828125,1909.4000244140625,185124
2026-07-03 09:55:00,1909.5999755859375,1909.5999755859375,1909.699951171875,1907.699951171875,1909.4000244140625,118487
2026-07-06 03:45:00,1921.0,1921.0,1921.5999755859375,1915.5999755859375,1919.300048828125,0
2026-07-06 03:50:00,1924.300048828125,1924.300048828125,1925.0,1921.199951171875,1921.800048828125,67307
2026-07-06 03:55:00,1921.699951171875,1921.699951171875,1925.300048828125,1920.800048828125,1924.0,39399
2026-07-06 04:00:00,1923.0,1923.0,1924.0,1921.0999755859375,1921.800048828125,48894
2026-07-06 04:05:00,1924.0,1924.0,1925.0,1923.0999755859375,1923.4000244140625,20249
2026-07-06 04:10:00,1925.0,1925.0,1925.0999755859375,1923.9000244140625,1923.9000244140625,37604
2026-07-06 04:15:00,1921.0,1921.0,1925.4000244140625,1921.0,1925.0,34621
2026-07-06 04:20:00,1921.800048828125,1921.800048828125,1923.0,1918.0,1920.5999755859375,31466
2026-07-06 04:25:00,1922.0999755859375,1922.0999755859375,1924.0999755859375,1922.0,1922.199951171875,10803
2026-07-06 04:30:00,1921.0,1921.0,1922.300048828125,1919.0999755859375,1921.9000244140625,15047
2026-07-06 04:35:00,1920.0999755859375,1920.0999755859375,1921.4000244140625,1919.0,1921.4000244140625,8650
2026-07-06 04:40:00,1917.9000244140625,1917.9000244140625,1920.0999755859375,1916.0,1920.0999755859375,47351
2026-07-06 04:45:00,1922.199951171875,1922.199951171875,1923.0,1916.9000244140625,1917.9000244140625,33908
2026-07-06 04:50:00,1922.5,1922.5,1922.800048828125,1921.800048828125,1921.9000244140625,14524
2026-07-06 04:55:00,1923.199951171875,1923.199951171875,1923.5,1922.199951171875,1923.0,15113
2026-07-06 05:00:00,1923.300048828125,1923.300048828125,1924.0,1922.0999755859375,1923.300048828125,15460
2026-07-06 05:05:00,1923.0,1923.0,1923.4000244140625,1922.5999755859375,1922.5999755859375,8463
2026-07-06 05:10:00,1923.4000244140625,1923.4000244140625,1923.5,1922.5,1923.0,12926
2026-07-06 05:15:00,1923.5999755859375,1923.5999755859375,1924.5999755859375,1922.800048828125,1923.5,17365
2026-07-06 05:20:00,1922.5999755859375,1922.5999755859375,1923.800048828125,1920.9000244140625,1923.5999755859375,35872
2026-07-06 05:25:00,1922.300048828125,1922.300048828125,1923.5,1921.5,1922.9000244140625,13740
2026-07-06 05:30:00,1923.0,1923.0,1923.0,1922.0,1922.300048828125,17071
2026-07-06 05:35:00,1922.800048828125,1922.800048828125,1923.0999755859375,1922.0,1923.0999755859375,6406
2026-07-06 05:40:00,1923.5,1923.5,1923.5,1922.300048828125,1922.4000244140625,16272
2026-07-06 05:45:00,1922.699951171875,1922.699951171875,1923.5,1921.9000244140625,1923.5,6533
2026-07-06 05:50:00,1923.9000244140625,1923.9000244140625,1923.9000244140625,1921.5,1922.9000244140625,10378
2026-07-06 05:55:00,1923.199951171875,1923.199951171875,1923.9000244140625,1922.0999755859375,1923.199951171875,11106
2026-07-06 06:00:00,1923.199951171875,1923.199951171875,1923.9000244140625,1922.4000244140625,1923.800048828125,15772
2026-07-06 06:05:00,1922.5999755859375,1922.5999755859375,1923.5,1921.4000244140625,1923.199951171875,22431
2026-07-06 06:10:00,1924.0,1924.0,1924.0,1921.699951171875,1922.699951171875,9692
2026-07-06 06:15:00,1923.5999755859375,1923.5999755859375,1924.0,1923.0,1924.0,10293
2026-07-06 06:20:00,1923.4000244140625,1923.4000244140625,1924.0,1922.300048828125,1923.5999755859375,12262
2026-07-06 06:25:00,1924.9000244140625,1924.9000244140625,1924.9000244140625,1922.9000244140625,1923.199951171875,27045
2026-07-06 06:30:00,1926.0999755859375,1926.0999755859375,1926.0999755859375,1924.0,1924.9000244140625,23140
2026-07-06 06:35:00,1925.4000244140625,1925.4000244140625,1926.300048828125,1924.5,1926.300048828125,14714
2026-07-06 06:40:00,1925.199951171875,1925.199951171875,1925.9000244140625,1925.0,1925.5,11827
2026-07-06 06:45:00,1926.5,1926.5,1927.5999755859375,1925.699951171875,1925.9000244140625,25430
2026-07-06 06:50:00,1927.4000244140625,1927.4000244140625,1928.0999755859375,1925.300048828125,1926.0999755859375,26752
2026-07-06 06:55:00,1927.4000244140625,1927.4000244140625,1928.0,1926.5999755859375,1928.0,17794
2026-07-06 07:00:00,1928.5,1928.5,1928.5,1926.9000244140625,1927.5,17658
2026-07-06 07:05:00,1928.0,1928.0,1928.5999755859375,1927.199951171875,1928.4000244140625,14925
2026-07-06 07:10:00,1929.4000244140625,1929.4000244140625,1929.5999755859375,1927.4000244140625,1928.0,43384
2026-07-06 07:15:00,1930.0,1930.0,1930.0,1929.0,1929.4000244140625,35072
2026-07-06 07:20:00,1928.699951171875,1928.699951171875,1930.5999755859375,1927.699951171875,1930.0,48012
2026-07-06 07:25:00,1929.199951171875,1929.199951171875,1929.5,1927.0999755859375,1928.800048828125,52480
2026-07-06 07:30:00,1929.4000244140625,1929.4000244140625,1929.800048828125,1928.5,1929.300048828125,21350
2026-07-06 07:35:00,1928.800048828125,1928.800048828125,1929.699951171875,1927.800048828125,1929.4000244140625,19930
2026-07-06 07:40:00,1931.199951171875,1931.199951171875,1931.199951171875,1928.300048828125,1928.5,31294
2026-07-06 07:45:00,1931.699951171875,1931.699951171875,1932.0,1930.9000244140625,1931.0,27386
2026-07-06 07:50:00,1932.0,1932.0,1932.699951171875,1931.0999755859375,1931.699951171875,59441
2026-07-06 07:55:00,1931.0,1931.0,1932.0,1930.5,1932.0,44773
2026-07-06 08:00:00,1932.0,1932.0,1932.0,1930.699951171875,1931.0,24810
2026-07-06 08:05:00,1931.0,1931.0,1932.0,1930.0999755859375,1932.0,30065
2026-07-06 08:10:00,1930.5999755859375,1930.5999755859375,1931.800048828125,1930.0,1931.5,24822
2026-07-06 08:15:00,1928.5,1928.5,1931.199951171875,1927.300048828125,1930.9000244140625,48635
2026-07-06 08:20:00,1924.199951171875,1924.199951171875,1929.699951171875,1923.800048828125,1929.0,82216
2026-07-06 08:25:00,1924.300048828125,1924.300048828125,1925.5,1922.5,1924.199951171875,46558
2026-07-06 08:30:00,1921.9000244140625,1921.9000244140625,1924.5999755859375,1920.4000244140625,1924.5999755859375,53451
2026-07-06 08:35:00,1922.0,1922.0,1923.4000244140625,1920.5999755859375,1921.9000244140625,30310
2026-07-06 08:40:00,1922.5,1922.5,1923.5,1921.800048828125,1921.800048828125,25916
2026-07-06 08:45:00,1923.300048828125,1923.300048828125,1923.5,1921.5999755859375,1922.300048828125,24868
2026-07-06 08:50:00,1924.800048828125,1924.800048828125,1925.199951171875,1922.199951171875,1923.300048828125,31395
2026-07-06 08:55:00,1923.0999755859375,1923.0999755859375,1925.0999755859375,1922.5999755859375,1925.0999755859375,27170
2026-07-06 09:00:00,1923.699951171875,1923.699951171875,1924.0,1922.300048828125,1923.0999755859375,15331
2026-07-06 09:05:00,1927.0,1927.0,1928.0,1922.9000244140625,1923.5,36183
2026-07-06 09:10:00,1925.5,1925.5,1927.800048828125,1925.5,1927.300048828125,20348
2026-07-06 09:15:00,1923.5,1923.5,1926.0999755859375,1923.5,1926.0999755859375,20355
2026-07-06 09:20:00,1926.0,1926.0,1926.5,1923.5999755859375,1923.699951171875,32321
2026-07-06 09:25:00,1925.699951171875,1925.699951171875,1927.0,1925.199951171875,1925.9000244140625,24180
2026-07-06 09:30:00,1924.800048828125,1924.800048828125,1926.800048828125,1922.9000244140625,1925.699951171875,148339
2026-07-06 09:35:00,1926.800048828125,1926.800048828125,1927.0,1924.800048828125,1924.800048828125,122580
2026-07-06 09:40:00,1926.199951171875,1926.199951171875,1926.800048828125,1926.199951171875,1926.800048828125,91642
2026-07-06 09:45:00,1925.5999755859375,1925.5999755859375,1926.4000244140625,1925.4000244140625,1926.4000244140625,96190
2026-07-06 09:50:00,1925.300048828125,1925.300048828125,1925.699951171875,1925.0999755859375,1925.699951171875,141224
2026-07-06 09:55:00,1925.699951171875,1925.699951171875,1927.800048828125,1925.0,1925.4000244140625,105392
2026-07-07 03:45:00,1926.4000244140625,1926.4000244140625,1928.4000244140625,1918.0999755859375,1923.9000244140625,0
2026-07-07 03:50:00,1925.300048828125,1925.300048828125,1926.9000244140625,1924.300048828125,1926.5,88696
2026-07-07 03:55:00,1920.0,1920.0,1924.5999755859375,1919.0,1924.5,73236
2026-07-07 04:00:00,1919.5999755859375,1919.5999755859375,1921.699951171875,1918.5,1920.199951171875,62052
2026-07-07 04:05:00,1920.800048828125,1920.800048828125,1923.199951171875,1919.199951171875,1919.199951171875,72302
2026-07-07 04:10:00,1921.5999755859375,1921.5999755859375,1922.699951171875,1920.4000244140625,1920.4000244140625,35642
2026-07-07 04:15:00,1923.199951171875,1923.199951171875,1924.5999755859375,1922.4000244140625,1922.4000244140625,48283
2026-07-07 04:20:00,1929.699951171875,1929.699951171875,1929.699951171875,1922.5,1923.199951171875,90742
2026-07-07 04:25:00,1930.0,1930.0,1931.5,1928.5,1929.5999755859375,65346
2026-07-07 04:30:00,1929.699951171875,1929.699951171875,1930.4000244140625,1929.5,1930.0,40919
2026-07-07 04:35:00,1930.9000244140625,1930.9000244140625,1933.0999755859375,1929.199951171875,1929.5,57047
2026-07-07 04:40:00,1931.800048828125,1931.800048828125,1932.5999755859375,1929.9000244140625,1930.800048828125,31897
2026-07-07 04:45:00,1936.5,1936.5,1936.9000244140625,1931.699951171875,1931.800048828125,76967
2026-07-07 04:50:00,1936.800048828125,1936.800048828125,1937.699951171875,1934.800048828125,1936.5,65029
2026-07-07 04:55:00,1937.800048828125,1937.800048828125,1942.800048828125,1937.0,1938.800048828125,153128
2026-07-07 05:00:00,1939.9000244140625,1939.9000244140625,1941.300048828125,1937.699951171875,1938.0,38497
2026-07-07 05:05:00,1941.0999755859375,1941.0999755859375,1941.199951171875,1938.699951171875,1940.0,49619
2026-07-07 05:10:00,1940.800048828125,1940.800048828125,1942.800048828125,1937.800048828125,1940.9000244140625,130521
2026-07-07 05:15:00,1943.199951171875,1943.199951171875,1943.699951171875,1940.199951171875,1940.800048828125,47391
2026-07-07 05:20:00,1943.5999755859375,1943.5999755859375,1946.4000244140625,1941.800048828125,1943.300048828125,70792
2026-07-07 05:25:00,1943.0,1943.0,1943.9000244140625,1940.4000244140625,1943.0999755859375,54072
2026-07-07 05:30:00,1945.5,1945.5,1945.9000244140625,1940.699951171875,1943.0999755859375,61697
2026-07-07 05:35:00,1945.199951171875,1945.199951171875,1946.800048828125,1945.0999755859375,1945.5,39010
2026-07-07 05:40:00,1943.0999755859375,1943.0999755859375,1946.0,1942.199951171875,1945.199951171875,102217
2026-07-07 05:45:00,1942.800048828125,1942.800048828125,1943.300048828125,1941.5,1943.300048828125,34929
2026-07-07 05:50:00,1943.0999755859375,1943.0999755859375,1944.0999755859375,1942.300048828125,1942.5,31305
2026-07-07 05:55:00,1943.4000244140625,1943.4000244140625,1944.0,1942.300048828125,1943.0999755859375,28464
2026-07-07 06:00:00,1942.199951171875,1942.199951171875,1943.5,1941.9000244140625,1943.300048828125,33037
2026-07-07 06:05:00,1943.4000244140625,1943.4000244140625,1943.4000244140625,1941.9000244140625,1942.199951171875,27789
2026-07-07 06:10:00,1945.699951171875,1945.699951171875,1946.5999755859375,1943.699951171875,1943.800048828125,63456
2026-07-07 06:15:00,1942.0999755859375,1942.0999755859375,1945.699951171875,1941.5,1945.699951171875,68676
2026-07-07 06:20:00,1952.4000244140625,1952.4000244140625,1952.4000244140625,1942.800048828125,1942.800048828125,161983
2026-07-07 06:25:00,1954.5,1954.5,1955.699951171875,1951.699951171875,1952.5999755859375,137447
2026-07-07 06:30:00,1952.4000244140625,1952.4000244140625,1956.300048828125,1951.300048828125,1954.5999755859375,102466
2026-07-07 06:35:00,1951.699951171875,1951.699951171875,1954.5,1949.9000244140625,1952.4000244140625,76341
2026-07-07 06:40:00,1950.300048828125,1950.300048828125,1952.0,1949.199951171875,1951.5,56539
2026-07-07 06:45:00,1950.0,1950.0,1950.699951171875,1949.0999755859375,1950.199951171875,55218
2026-07-07 06:50:00,1950.4000244140625,1950.4000244140625,1953.300048828125,1949.9000244140625,1950.0,113958
2026-07-07 06:55:00,1951.0999755859375,1951.0999755859375,1951.800048828125,1949.9000244140625,1950.0999755859375,64955
2026-07-07 07:00:00,1941.800048828125,1941.800048828125,1951.199951171875,1941.5,1951.0999755859375,151625
2026-07-07 07:05:00,1938.4000244140625,1938.4000244140625,1941.800048828125,1936.199951171875,1941.800048828125,99590
2026-07-07 07:10:00,1938.5,1938.5,1939.0,1936.800048828125,1938.0999755859375,37802
2026-07-07 07:15:00,1937.5,1937.5,1938.800048828125,1935.5999755859375,1938.800048828125,54820
2026-07-07 07:20:00,1934.5999755859375,1934.5999755859375,1937.800048828125,1933.800048828125,1937.0,110266
2026-07-07 07:25:00,1935.5999755859375,1935.5999755859375,1936.0,1933.9000244140625,1934.5999755859375,78344
2026-07-07 07:30:00,1935.300048828125,1935.300048828125,1936.5,1934.5,1935.4000244140625,45044
2026-07-07 07:35:00,1933.0,1933.0,1935.300048828125,1932.199951171875,1935.0999755859375,22493
2026-07-07 07:40:00,1930.0,1930.0,1933.4000244140625,1929.800048828125,1933.0,42835
2026-07-07 07:45:00,1930.0,1930.0,1930.4000244140625,1929.9000244140625,1930.0,24928
2026-07-07 07:50:00,1930.0,1930.0,1930.0999755859375,1929.0999755859375,1930.0999755859375,21307
2026-07-07 07:55:00,1930.0,1930.0,1930.9000244140625,1929.699951171875,1930.0,54703
2026-07-07 08:00:00,1926.5999755859375,1926.5999755859375,1930.0999755859375,1926.5999755859375,1930.0,37292
2026-07-07 08:05:00,1927.0,1927.0,1927.4000244140625,1925.5,1926.300048828125,67893
2026-07-07 08:10:00,1927.300048828125,1927.300048828125,1928.300048828125,1926.800048828125,1927.0,43385
2026-07-07 08:15:00,1927.0999755859375,1927.0999755859375,1929.4000244140625,1926.5999755859375,1927.300048828125,84469
2026-07-07 08:20:00,1927.5,1927.5,1928.699951171875,1927.0,1927.0,34713
2026-07-07 08:25:00,1934.5,1934.5,1935.9000244140625,1927.5,1927.5999755859375,161219
2026-07-07 08:30:00,1933.0,1933.0,1937.0,1932.800048828125,1934.0999755859375,49946
2026-07-07 08:35:00,1933.199951171875,1933.199951171875,1934.0,1932.199951171875,1933.0,47694
2026-07-07 08:40:00,1933.5,1933.5,1933.9000244140625,1932.199951171875,1933.300048828125,32317
2026-07-07 08:45:00,1931.699951171875,1931.699951171875,1933.800048828125,1931.0,1933.0,51833
2026-07-07 08:50:00,1930.199951171875,1930.199951171875,1932.199951171875,1929.699951171875,1931.5,54252
2026-07-07 08:55:00,1929.199951171875,1929.199951171875,1930.199951171875,1929.0,1929.699951171875,35537
2026-07-07 09:00:00,1929.0,1929.0,1929.5999755859375,1928.4000244140625,1929.199951171875,31309
2026-07-07 09:05:00,1931.0,1931.0,1931.199951171875,1929.300048828125,1929.300048828125,74691
2026-07-07 09:10:00,1929.699951171875,1929.699951171875,1930.800048828125,1929.300048828125,1930.800048828125,56630
2026-07-07 09:15:00,1929.4000244140625,1929.4000244140625,1929.800048828125,1928.9000244140625,1929.5999755859375,53854
2026-07-07 09:20:00,1928.199951171875,1928.199951171875,1930.4000244140625,1928.199951171875,1929.5,52752
2026-07-07 09:25:00,1928.5,1928.5,1929.300048828125,1928.0,1928.4000244140625,60917
2026-07-07 09:30:00,1927.4000244140625,1927.4000244140625,1929.699951171875,1925.0,1929.699951171875,220153
2026-07-07 09:35:00,1926.5999755859375,1926.5999755859375,1928.5999755859375,1925.0,1927.4000244140625,234903
2026-07-07 09:40:00,1926.0,1926.0,1926.699951171875,1925.0,1926.5999755859375,172765
2026-07-07 09:45:00,1925.300048828125,1925.300048828125,1926.0999755859375,1925.300048828125,1926.0,130262
2026-07-07 09:50:00,1924.4000244140625,1924.4000244140625,1925.5,1922.300048828125,1925.300048828125,188980
2026-07-07 09:55:00,1925.800048828125,1925.800048828125,1925.800048828125,1919.9000244140625,1924.199951171875,133056
2026-07-08 03:45:00,1921.0,1921.0,1921.0,1904.300048828125,1914.300048828125,0
2026-07-08 03:50:00,1916.0,1916.0,1921.5999755859375,1915.0999755859375,1920.0,92825
2026-07-08 03:55:00,1916.699951171875,1916.699951171875,1919.4000244140625,1915.4000244140625,1915.9000244140625,61599
2026-07-08 04:00:00,1915.699951171875,1915.699951171875,1918.0999755859375,1915.199951171875,1916.5999755859375,63356
2026-07-08 04:05:00,1915.4000244140625,1915.4000244140625,1916.0999755859375,1912.5999755859375,1915.699951171875,73400
2026-07-08 04:10:00,1914.4000244140625,1914.4000244140625,1917.699951171875,1913.199951171875,1915.0,44912
2026-07-08 04:15:00,1916.4000244140625,1916.4000244140625,1916.9000244140625,1913.699951171875,1914.0,35331
2026-07-08 04:20:00,1917.9000244140625,1917.9000244140625,1918.5999755859375,1916.5,1917.0999755859375,44054
2026-07-08 04:25:00,1916.800048828125,1916.800048828125,1917.9000244140625,1915.9000244140625,1917.9000244140625,65690
2026-07-08 04:30:00,1920.4000244140625,1920.4000244140625,1920.4000244140625,1916.0,1916.300048828125,124923
2026-07-08 04:35:00,1921.4000244140625,1921.4000244140625,1924.0999755859375,1920.0999755859375,1920.5999755859375,58161
2026-07-08 04:40:00,1919.5,1919.5,1923.5,1919.5,1921.4000244140625,43933
2026-07-08 04:45:00,1917.699951171875,1917.699951171875,1919.5,1914.4000244140625,1919.5,121335
2026-07-08 04:50:00,1915.0,1915.0,1919.300048828125,1915.0,1917.699951171875,104370
2026-07-08 04:55:00,1915.5999755859375,1915.5999755859375,1917.699951171875,1915.5999755859375,1915.800048828125,36743
2026-07-08 05:00:00,1915.9000244140625,1915.9000244140625,1917.0,1915.0999755859375,1915.699951171875,42922
2026-07-08 05:05:00,1917.199951171875,1917.199951171875,1917.5,1916.0999755859375,1916.0999755859375,30114
2026-07-08 05:10:00,1916.0,1916.0,1917.199951171875,1916.0,1917.199951171875,24711
2026-07-08 05:15:00,1915.5999755859375,1915.5999755859375,1916.5,1915.5999755859375,1916.199951171875,22475
2026-07-08 05:20:00,1916.199951171875,1916.199951171875,1916.300048828125,1914.699951171875,1915.5999755859375,24906
2026-07-08 05:25:00,1917.5,1917.5,1918.0,1915.800048828125,1916.199951171875,39163
2026-07-08 05:30:00,1920.0999755859375,1920.0999755859375,1921.300048828125,1917.300048828125,1917.5,42272
2026-07-08 05:35:00,1920.0,1920.0,1921.800048828125,1920.0,1920.699951171875,64460
2026-07-08 05:40:00,1920.0,1920.0,1922.699951171875,1919.4000244140625,1920.0999755859375,67920
2026-07-08 05:45:00,1917.4000244140625,1917.4000244140625,1920.0,1916.0999755859375,1919.800048828125,39858
2026-07-08 05:50:00,1920.0999755859375,1920.0999755859375,1920.800048828125,1916.9000244140625,1917.4000244140625,52139
2026-07-08 05:55:00,1919.199951171875,1919.199951171875,1920.800048828125,1918.9000244140625,1920.0999755859375,34752
2026-07-08 06:00:00,1920.0,1920.0,1920.0,1918.0999755859375,1919.199951171875,39686
2026-07-08 06:05:00,1921.0999755859375,1921.0999755859375,1922.4000244140625,1917.699951171875,1920.0,42351
2026-07-08 06:10:00,1920.199951171875,1920.199951171875,1921.0999755859375,1919.800048828125,1921.0999755859375,38271
2026-07-08 06:15:00,1917.699951171875,1917.699951171875,1920.199951171875,1916.800048828125,1920.199951171875,51032
2026-07-08 06:20:00,1918.0999755859375,1918.0999755859375,1918.0999755859375,1916.0999755859375,1917.5999755859375,70868
2026-07-08 06:25:00,1916.9000244140625,1916.9000244140625,1918.0999755859375,1915.0999755859375,1918.0999755859375,69242
2026-07-08 06:30:00,1913.9000244140625,1913.9000244140625,1917.0,1913.699951171875,1916.9000244140625,40061
2026-07-08 06:35:00,1908.9000244140625,1908.9000244140625,1914.0,1908.9000244140625,1913.9000244140625,44674
2026-07-08 06:40:00,1901.300048828125,1901.300048828125,1908.800048828125,1901.0,1908.800048828125,93158
2026-07-08 06:45:00,1900.199951171875,1900.199951171875,1901.4000244140625,1898.0,1901.300048828125,105805
2026-07-08 06:50:00,1898.300048828125,1898.300048828125,1902.0,1898.300048828125,1900.0999755859375,46180
2026-07-08 06:55:00,1898.4000244140625,1898.4000244140625,1899.9000244140625,1897.199951171875,1898.300048828125,52762
2026-07-08 07:00:00,1895.5999755859375,1895.5999755859375,1899.0,1895.5999755859375,1898.5,65776
2026-07-08 07:05:00,1897.0999755859375,1897.0999755859375,1898.0,1895.300048828125,1896.300048828125,54626
2026-07-08 07:10:00,1896.300048828125,1896.300048828125,1897.4000244140625,1895.5,1896.5999755859375,38006
2026-07-08 07:15:00,1896.300048828125,1896.300048828125,1898.0,1895.0999755859375,1896.300048828125,43186
2026-07-08 07:20:00,1895.199951171875,1895.199951171875,1896.5,1892.0999755859375,1896.5,61919
2026-07-08 07:25:00,1895.300048828125,1895.300048828125,1897.0999755859375,1893.5999755859375,1895.199951171875,47310
2026-07-08 07:30:00,1891.5,1891.5,1895.300048828125,1889.699951171875,1895.300048828125,125004
2026-07-08 07:35:00,1890.5,1890.5,1892.4000244140625,1890.300048828125,1891.800048828125,45548
2026-07-08 07:40:00,1889.300048828125,1889.300048828125,1892.800048828125,1889.0999755859375,1890.4000244140625,63712
2026-07-08 07:45:00,1891.5999755859375,1891.5999755859375,1891.5999755859375,1889.0999755859375,1889.0999755859375,48898
2026-07-08 07:50:00,1891.0999755859375,1891.0999755859375,1893.800048828125,1890.5,1891.5999755859375,47225
2026-07-08 07:55:00,1891.199951171875,1891.199951171875,1891.9000244140625,1890.0999755859375,1891.4000244140625,70979
2026-07-08 08:00:00,1890.699951171875,1890.699951171875,1893.0,1890.4000244140625,1891.199951171875,38147
2026-07-08 08:05:00,1894.0,1894.0,1894.9000244140625,1890.5,1890.699951171875,48064
2026-07-08 08:10:00,1895.0,1895.0,1895.199951171875,1891.800048828125,1893.5999755859375,42193
2026-07-08 08:15:00,1889.0,1889.0,1895.5999755859375,1888.0,1895.5999755859375,143340
2026-07-08 08:20:00,1885.699951171875,1885.699951171875,1889.5,1885.199951171875,1888.5999755859375,51565
2026-07-08 08:25:00,1881.5999755859375,1881.5999755859375,1888.0,1881.5,1885.9000244140625,65377
2026-07-08 08:30:00,1879.0999755859375,1879.0999755859375,1883.5999755859375,1877.300048828125,1882.0999755859375,133371
2026-07-08 08:35:00,1883.0999755859375,1883.0999755859375,1883.9000244140625,1879.300048828125,1879.699951171875,109059
2026-07-08 08:40:00,1879.699951171875,1879.699951171875,1883.199951171875,1878.5999755859375,1883.199951171875,146529
2026-07-08 08:45:00,1884.0999755859375,1884.0999755859375,1884.800048828125,1878.5,1880.4000244140625,169616
2026-07-08 08:50:00,1883.0,1883.0,1885.0,1882.0,1884.0999755859375,60030
2026-07-08 08:55:00,1883.300048828125,1883.300048828125,1884.0,1882.199951171875,1882.800048828125,72113
2026-07-08 09:00:00,1885.5,1885.5,1886.699951171875,1882.5,1883.0999755859375,61555
2026-07-08 09:05:00,1883.800048828125,1883.800048828125,1885.699951171875,1882.199951171875,1885.699951171875,145109
2026-07-08 09:10:00,1882.199951171875,1882.199951171875,1884.4000244140625,1881.0999755859375,1884.4000244140625,85890
2026-07-08 09:15:00,1882.9000244140625,1882.9000244140625,1882.9000244140625,1880.5999755859375,1882.5,45054
2026-07-08 09:20:00,1879.0,1879.0,1882.9000244140625,1875.0999755859375,1882.5999755859375,230699
2026-07-08 09:25:00,1882.199951171875,1882.199951171875,1882.5999755859375,1878.800048828125,1878.800048828125,65254
2026-07-08 09:30:00,1887.5,1887.5,1888.699951171875,1883.699951171875,1883.699951171875,296150
2026-07-08 09:35:00,1887.5999755859375,1887.5999755859375,1888.5,1885.9000244140625,1887.5,214740
2026-07-08 09:40:00,1890.0,1890.0,1890.199951171875,1886.0999755859375,1887.0,180159
2026-07-08 09:45:00,1890.4000244140625,1890.4000244140625,1890.699951171875,1890.0999755859375,1890.0999755859375,134949
2026-07-08 09:50:00,1889.4000244140625,1889.4000244140625,1891.5999755859375,1889.4000244140625,1890.4000244140625,149649
2026-07-08 09:55:00,1885.5,1885.5,1890.0,1881.199951171875,1889.4000244140625,213349
2026-07-09 03:45:00,1910.800048828125,1910.800048828125,1912.0,1900.800048828125,1903.0,0
2026-07-09 03:50:00,1913.5,1913.5,1914.9000244140625,1908.0999755859375,1910.800048828125,136847
2026-07-09 03:55:00,1925.199951171875,1925.199951171875,1925.199951171875,1913.5,1913.9000244140625,142327
2026-07-09 04:00:00,1923.699951171875,1923.699951171875,1927.4000244140625,1920.0,1925.0,110113
2026-07-09 04:05:00,1929.0,1929.0,1929.199951171875,1920.9000244140625,1924.199951171875,72339
2026-07-09 04:10:00,1934.800048828125,1934.800048828125,1935.0,1927.699951171875,1929.199951171875,116904
2026-07-09 04:15:00,1941.5999755859375,1941.5999755859375,1941.800048828125,1931.4000244140625,1934.5999755859375,122188
2026-07-09 04:20:00,1942.4000244140625,1942.4000244140625,1943.800048828125,1938.300048828125,1942.0,122491
2026-07-09 04:25:00,1941.800048828125,1941.800048828125,1942.9000244140625,1937.0999755859375,1942.0,95323
2026-07-09 04:30:00,1938.300048828125,1938.300048828125,1943.0,1933.800048828125,1941.0,210727
2026-07-09 04:35:00,1954.199951171875,1954.199951171875,1957.5999755859375,1937.5,1938.199951171875,420410
2026-07-09 04:40:00,1953.800048828125,1953.800048828125,1958.699951171875,1951.699951171875,1954.9000244140625,445037
2026-07-09 04:45:00,1952.699951171875,1952.699951171875,1957.5999755859375,1952.699951171875,1953.9000244140625,180060
2026-07-09 04:50:00,1954.0,1954.0,1954.800048828125,1950.0999755859375,1952.9000244140625,257236
2026-07-09 04:55:00,1956.0,1956.0,1956.9000244140625,1952.300048828125,1954.0,101719
2026-07-09 05:00:00,1956.5,1956.5,1957.699951171875,1952.699951171875,1956.0,171251
2026-07-09 05:05:00,1952.800048828125,1952.800048828125,1957.0,1950.199951171875,1956.5,149832
2026-07-09 05:10:00,1961.800048828125,1961.800048828125,1962.0999755859375,1951.9000244140625,1952.5999755859375,231122
2026-07-09 05:15:00,1961.800048828125,1961.800048828125,1965.300048828125,1960.300048828125,1961.5999755859375,192195
2026-07-09 05:20:00,1960.0999755859375,1960.0999755859375,1962.5,1958.0,1961.800048828125,164398
2026-07-09 05:25:00,1953.199951171875,1953.199951171875,1960.0,1952.9000244140625,1959.800048828125,261160
2026-07-09 05:30:00,1952.5999755859375,1952.5999755859375,1954.300048828125,1948.0,1953.5,176043
2026-07-09 05:35:00,1949.9000244140625,1949.9000244140625,1952.699951171875,1949.0999755859375,1952.5999755859375,59286
2026-07-09 05:40:00,1952.699951171875,1952.699951171875,1953.5,1949.300048828125,1950.300048828125,77545
2026-07-09 05:45:00,1953.5,1953.5,1954.9000244140625,1952.300048828125,1952.699951171875,121634
2026-07-09 05:50:00,1951.9000244140625,1951.9000244140625,1954.5,1950.199951171875,1954.0999755859375,104838
2026-07-09 05:55:00,1953.199951171875,1953.199951171875,1954.5,1951.199951171875,1951.699951171875,105267
2026-07-09 06:00:00,1953.4000244140625,1953.4000244140625,1955.5,1952.0,1953.199951171875,110533
2026-07-09 06:05:00,1953.4000244140625,1953.4000244140625,1954.0999755859375,1951.699951171875,1953.5999755859375,88960
2026-07-09 06:10:00,1952.5,1952.5,1953.800048828125,1950.5999755859375,1953.800048828125,94003
2026-07-09 06:15:00,1954.5999755859375,1954.5999755859375,1956.4000244140625,1952.0,1952.4000244140625,121294
2026-07-09 06:20:00,1954.9000244140625,1954.9000244140625,1956.0999755859375,1953.9000244140625,1954.5999755859375,111468
2026-07-09 06:25:00,1953.0999755859375,1953.0999755859375,1955.0999755859375,1953.0,1955.0,63076
2026-07-09 06:30:00,1955.199951171875,1955.199951171875,1955.9000244140625,1950.0,1953.199951171875,254647
2026-07-09 06:35:00,1947.0,1947.0,1955.9000244140625,1946.199951171875,1955.9000244140625,204970
2026-07-09 06:40:00,1943.0,1943.0,1947.5999755859375,1942.0,1947.0,129101
2026-07-09 06:45:00,1940.199951171875,1940.199951171875,1943.5,1940.199951171875,1943.300048828125,91506
2026-07-09 06:50:00,1938.800048828125,1938.800048828125,1942.300048828125,1938.4000244140625,1940.300048828125,63356
2026-07-09 06:55:00,1939.5,1939.5,1939.5999755859375,1937.0,1939.0,60667
2026-07-09 07:00:00,1935.0,1935.0,1939.699951171875,1934.5999755859375,1939.5,83641
2026-07-09 07:05:00,1936.0,1936.0,1936.199951171875,1934.5,1935.0,39655
2026-07-09 07:10:00,1933.0,1933.0,1937.199951171875,1931.699951171875,1935.9000244140625,73000
2026-07-09 07:15:00,1932.5,1932.5,1933.9000244140625,1929.5,1933.199951171875,173114
2026-07-09 07:20:00,1932.5999755859375,1932.5999755859375,1933.5999755859375,1931.4000244140625,1932.800048828125,166301
2026-07-09 07:25:00,1933.300048828125,1933.300048828125,1935.199951171875,1931.9000244140625,1932.699951171875,51090
2026-07-09 07:30:00,1930.4000244140625,1930.4000244140625,1933.5999755859375,1929.0999755859375,1933.4000244140625,72618
2026-07-09 07:35:00,1927.9000244140625,1927.9000244140625,1930.5,1927.0999755859375,1930.300048828125,72935
2026-07-09 07:40:00,1927.0,1927.0,1928.199951171875,1923.4000244140625,1927.699951171875,87412
2026-07-09 07:45:00,1929.5,1929.5,1932.9000244140625,1925.5999755859375,1927.0999755859375,90305
2026-07-09 07:50:00,1926.9000244140625,1926.9000244140625,1930.0,1926.300048828125,1930.0,54671
2026-07-09 07:55:00,1925.5,1925.5,1928.4000244140625,1924.300048828125,1926.800048828125,192511
2026-07-09 08:00:00,1929.5999755859375,1929.5999755859375,1930.0,1924.300048828125,1925.5999755859375,99260
2026-07-09 08:05:00,1930.0,1930.0,1932.800048828125,1928.199951171875,1929.5999755859375,86745
2026-07-09 08:10:00,1930.699951171875,1930.699951171875,1933.0,1929.5,1930.300048828125,154297
2026-07-09 08:15:00,1936.0,1936.0,1938.5,1930.4000244140625,1930.699951171875,314278
2026-07-09 08:20:00,1936.699951171875,1936.699951171875,1937.0,1933.4000244140625,1936.0,126957
2026-07-09 08:25:00,1933.0,1933.0,1937.5999755859375,1932.5,1936.699951171875,94181
2026-07-09 08:30:00,1936.5999755859375,1936.5999755859375,1937.0,1932.0,1933.0,72360
2026-07-09 08:35:00,1935.4000244140625,1935.4000244140625,1937.5999755859375,1934.0,1937.0,91214
2026-07-09 08:40:00,1932.5999755859375,1932.5999755859375,1936.300048828125,1931.5,1935.0,149696
2026-07-09 08:45:00,1930.9000244140625,1930.9000244140625,1932.9000244140625,1929.5,1931.9000244140625,174254
2026-07-09 08:50:00,1932.4000244140625,1932.4000244140625,1932.5999755859375,1929.199951171875,1930.9000244140625,85114
2026-07-09 08:55:00,1931.699951171875,1931.699951171875,1933.300048828125,1930.0,1932.5,89484
2026-07-09 09:00:00,1932.300048828125,1932.300048828125,1934.0999755859375,1931.5999755859375,1931.699951171875,125152
2026-07-09 09:05:00,1929.800048828125,1929.800048828125,1933.0999755859375,1928.5999755859375,1932.5,133891
2026-07-09 09:10:00,1924.5999755859375,1924.5999755859375,1931.699951171875,1923.199951171875,1929.9000244140625,367396
2026-07-09 09:15:00,1924.5999755859375,1924.5999755859375,1926.5999755859375,1923.800048828125,1924.4000244140625,108651
2026-07-09 09:20:00,1931.300048828125,1931.300048828125,1931.9000244140625,1924.0999755859375,1924.5,139557
2026-07-09 09:25:00,1936.5999755859375,1936.5999755859375,1936.699951171875,1931.0,1931.300048828125,78004
2026-07-09 09:30:00,1930.0999755859375,1930.0999755859375,1935.9000244140625,1928.300048828125,1935.800048828125,290337
2026-07-09 09:35:00,1931.199951171875,1931.199951171875,1932.0999755859375,1928.5999755859375,1930.0,299746
2026-07-09 09:40:00,1931.0,1931.0,1932.699951171875,1929.800048828125,1931.199951171875,215465
2026-07-09 09:45:00,1932.5,1932.5,1932.5,1931.0,1931.0999755859375,177615
2026-07-09 09:50:00,1931.0999755859375,1931.0999755859375,1933.199951171875,1931.0,1932.199951171875,168664
2026-07-09 09:55:00,1931.0999755859375,1931.0999755859375,1936.800048828125,1930.0,1931.0999755859375,202673
2026-07-10 03:45:00,1919.0,1919.0,1928.9000244140625,1911.699951171875,1928.0,0
2026-07-10 03:50:00,1913.9000244140625,1913.9000244140625,1920.0,1906.300048828125,1919.699951171875,233644
2026-07-10 03:55:00,1908.5,1908.5,1914.0,1907.5999755859375,1914.0,101948
2026-07-10 04:00:00,1911.5,1911.5,1912.300048828125,1907.5999755859375,1908.800048828125,89045
2026-07-10 04:05:00,1910.9000244140625,1910.9000244140625,1912.800048828125,1910.0,1911.699951171875,49275
2026-07-10 04:10:00,1907.9000244140625,1907.9000244140625,1911.300048828125,1906.5,1911.0,86774
2026-07-10 04:15:00,1912.800048828125,1912.800048828125,1913.5999755859375,1907.5,1908.4000244140625,52196
2026-07-10 04:20:00,1909.4000244140625,1909.4000244140625,1912.0,1908.0999755859375,1911.0,81950
2026-07-10 04:25:00,1913.699951171875,1913.699951171875,1913.699951171875,1907.699951171875,1909.4000244140625,93868
2026-07-10 04:30:00,1913.5999755859375,1913.5999755859375,1916.0,1913.0,1913.699951171875,364929
2026-07-10 04:35:00,1919.0,1919.0,1919.0,1914.199951171875,1914.5999755859375,121026
2026-07-10 04:40:00,1916.9000244140625,1916.9000244140625,1920.0,1915.5,1918.9000244140625,125030
2026-07-10 04:45:00,1914.0,1914.0,1918.0,1914.0,1916.800048828125,49659
2026-07-10 04:50:00,1913.4000244140625,1913.4000244140625,1914.9000244140625,1911.5999755859375,1913.300048828125,50605
2026-07-10 04:55:00,1914.0,1914.0,1914.0999755859375,1912.0999755859375,1913.4000244140625,33021
2026-07-10 05:00:00,1914.5999755859375,1914.5999755859375,1914.800048828125,1913.5999755859375,1914.0,13955
2026-07-10 05:05:00,1915.5999755859375,1915.5999755859375,1916.0999755859375,1914.9000244140625,1914.9000244140625,28573
2026-07-10 05:10:00,1916.5,1916.5,1916.699951171875,1915.300048828125,1915.300048828125,40828
2026-07-10 05:15:00,1916.0,1916.0,1916.5,1915.0,1916.5,18944
2026-07-10 05:20:00,1914.5999755859375,1914.5999755859375,1916.0,1914.0999755859375,1916.0,19651
2026-07-10 05:25:00,1916.699951171875,1916.699951171875,1916.699951171875,1914.300048828125,1914.4000244140625,26856
2026-07-10 05:30:00,1915.0999755859375,1915.0999755859375,1917.0,1915.0,1917.0,23158
2026-07-10 05:35:00,1914.699951171875,1914.699951171875,1916.0999755859375,1914.0,1915.0999755859375,23036
2026-07-10 05:40:00,1914.0,1914.0,1915.199951171875,1911.699951171875,1914.5999755859375,32489
2026-07-10 05:45:00,1915.0999755859375,1915.0999755859375,1915.9000244140625,1912.5,1914.0,42704
2026-07-10 05:50:00,1915.5999755859375,1915.5999755859375,1916.699951171875,1915.0999755859375,1915.0999755859375,25856
2026-07-10 05:55:00,1914.300048828125,1914.300048828125,1915.9000244140625,1913.699951171875,1915.5999755859375,25002
2026-07-10 06:00:00,1915.199951171875,1915.199951171875,1915.300048828125,1913.800048828125,1914.5,19818
2026-07-10 06:05:00,1914.699951171875,1914.699951171875,1915.5,1913.5999755859375,1915.199951171875,32080
2026-07-10 06:10:00,1914.300048828125,1914.300048828125,1914.9000244140625,1913.9000244140625,1914.0999755859375,16924
2026-07-10 06:15:00,1915.699951171875,1915.699951171875,1915.699951171875,1913.5999755859375,1914.300048828125,27448
2026-07-10 06:20:00,1915.9000244140625,1915.9000244140625,1917.0,1914.4000244140625,1915.699951171875,76120
2026-07-10 06:25:00,1915.800048828125,1915.800048828125,1917.0,1915.0,1915.9000244140625,33532
2026-07-10 06:30:00,1916.4000244140625,1916.4000244140625,1917.0,1915.5,1916.0,30768
2026-07-10 06:35:00,1915.4000244140625,1915.4000244140625,1916.9000244140625,1915.0999755859375,1916.4000244140625,47830
2026-07-10 06:40:00,1912.0,1912.0,1915.5999755859375,1911.699951171875,1915.199951171875,77865
2026-07-10 06:45:00,1911.800048828125,1911.800048828125,1912.5999755859375,1910.5,1912.0,45003
2026-07-10 06:50:00,1910.5,1910.5,1911.5,1910.0,1911.0,23984
2026-07-10 06:55:00,1911.800048828125,1911.800048828125,1913.4000244140625,1910.199951171875,1910.199951171875,46504
2026-07-10 07:00:00,1908.699951171875,1908.699951171875,1911.800048828125,1907.300048828125,1911.5999755859375,110406
2026-07-10 07:05:00,1910.300048828125,1910.300048828125,1910.5,1908.5999755859375,1908.9000244140625,27176
2026-07-10 07:10:00,1910.699951171875,1910.699951171875,1911.5999755859375,1907.800048828125,1909.9000244140625,52842
2026-07-10 07:15:00,1910.4000244140625,1910.4000244140625,1912.300048828125,1910.0999755859375,1910.699951171875,21669
2026-07-10 07:20:00,1911.800048828125,1911.800048828125,1912.800048828125,1910.0999755859375,1910.300048828125,32580
2026-07-10 07:25:00,1911.800048828125,1911.800048828125,1912.5999755859375,1910.800048828125,1912.0999755859375,26302
2026-07-10 07:30:00,1913.199951171875,1913.199951171875,1913.199951171875,1910.5,1911.4000244140625,38508
2026-07-10 07:35:00,1913.699951171875,1913.699951171875,1914.199951171875,1911.800048828125,1912.9000244140625,51749
2026-07-10 07:40:00,1914.0999755859375,1914.0999755859375,1914.5,1913.0,1913.5999755859375,41580
2026-07-10 07:45:00,1912.300048828125,1912.300048828125,1914.4000244140625,1911.9000244140625,1914.0999755859375,35644
2026-07-10 07:50:00,1912.300048828125,1912.300048828125,1913.0999755859375,1911.9000244140625,1912.300048828125,40843
2026-07-10 07:55:00,1913.4000244140625,1913.4000244140625,1914.800048828125,1912.199951171875,1913.300048828125,91768
2026-07-10 08:00:00,1913.9000244140625,1913.9000244140625,1914.5,1912.9000244140625,1913.4000244140625,29478
2026-07-10 08:05:00,1913.699951171875,1913.699951171875,1914.0,1911.5999755859375,1913.9000244140625,37567
2026-07-10 08:10:00,1913.300048828125,1913.300048828125,1914.0,1913.0999755859375,1913.699951171875,25501
2026-07-10 08:15:00,1913.199951171875,1913.199951171875,1913.9000244140625,1912.800048828125,1912.9000244140625,33227
2026-07-10 08:20:00,1913.199951171875,1913.199951171875,1913.5999755859375,1912.4000244140625,1912.800048828125,52738
2026-07-10 08:25:00,1913.0,1913.0,1913.4000244140625,1912.199951171875,1913.199951171875,31349
2026-07-10 08:30:00,1913.300048828125,1913.300048828125,1913.4000244140625,1912.300048828125,1913.199951171875,36203
2026-07-10 08:35:00,1914.9000244140625,1914.9000244140625,1915.4000244140625,1913.300048828125,1913.4000244140625,63448
2026-07-10 08:40:00,1915.699951171875,1915.699951171875,1916.4000244140625,1914.9000244140625,1915.0,37424
2026-07-10 08:45:00,1919.5,1919.5,1919.699951171875,1915.5999755859375,1915.800048828125,151354
2026-07-10 08:50:00,1920.0,1920.0,1920.0,1919.4000244140625,1919.9000244140625,214229
2026-07-10 08:55:00,1919.9000244140625,1919.9000244140625,1920.0,1919.0,1920.0,174829
2026-07-10 09:00:00,1920.5,1920.5,1922.699951171875,1919.0,1919.699951171875,149295
2026-07-10 09:05:00,1920.0,1920.0,1921.699951171875,1918.699951171875,1920.5,82168
2026-07-10 09:10:00,1920.0,1920.0,1920.699951171875,1919.300048828125,1919.800048828125,120074
2026-07-10 09:15:00,1920.4000244140625,1920.4000244140625,1920.4000244140625,1918.800048828125,1920.0,96022
2026-07-10 09:20:00,1922.4000244140625,1922.4000244140625,1922.699951171875,1919.9000244140625,1920.0,86167
2026-07-10 09:25:00,1923.0999755859375,1923.0999755859375,1923.199951171875,1920.0,1922.0999755859375,110259
2026-07-10 09:30:00,1920.199951171875,1920.199951171875,1923.0999755859375,1919.800048828125,1922.800048828125,223726
2026-07-10 09:35:00,1918.9000244140625,1918.9000244140625,1921.0,1918.9000244140625,1920.699951171875,170385
2026-07-10 09:40:00,1920.0,1920.0,1920.0,1918.9000244140625,1918.9000244140625,217245
2026-07-10 09:45:00,1919.300048828125,1919.300048828125,1920.0,1918.9000244140625,1920.0,188354
2026-07-10 09:50:00,1920.800048828125,1920.800048828125,1922.0,1919.199951171875,1919.199951171875,213535
2026-07-10 09:55:00,1924.9000244140625,1924.9000244140625,1925.0,1919.5,1920.5,151553
2026-07-13 03:45:00,1904.5,1904.5,1915.0,1904.0999755859375,1913.0,0
2026-07-13 03:50:00,1903.199951171875,1903.199951171875,1905.9000244140625,1902.300048828125,1904.300048828125,58107
2026-07-13 03:55:00,1905.9000244140625,1905.9000244140625,1905.9000244140625,1903.300048828125,1903.800048828125,35907
2026-07-13 04:00:00,1905.0,1905.0,1913.0,1904.699951171875,1905.9000244140625,382065
2026-07-13 04:05:00,1905.0999755859375,1905.0999755859375,1910.9000244140625,1903.800048828125,1905.5,1406960
2026-07-13 04:10:00,1912.0,1912.0,1912.300048828125,1904.699951171875,1905.199951171875,281326
2026-07-13 04:15:00,1907.800048828125,1907.800048828125,1914.0,1905.699951171875,1912.0,86726
2026-07-13 04:20:00,1905.4000244140625,1905.4000244140625,1907.800048828125,1904.199951171875,1907.800048828125,40425
2026-07-13 04:25:00,1905.0,1905.0,1906.199951171875,1904.5,1905.800048828125,32598
2026-07-13 04:30:00,1904.800048828125,1904.800048828125,1906.0999755859375,1904.0999755859375,1905.5999755859375,23691
2026-07-13 04:35:00,1905.4000244140625,1905.4000244140625,1906.0,1903.0,1904.800048828125,201290
2026-07-13 04:40:00,1906.5999755859375,1906.5999755859375,1908.5,1904.0,1905.5,133127
2026-07-13 04:45:00,1904.699951171875,1904.699951171875,1907.0,1903.0999755859375,1906.5999755859375,57262
2026-07-13 04:50:00,1906.0999755859375,1906.0999755859375,1906.0999755859375,1904.4000244140625,1904.699951171875,38249
2026-07-13 04:55:00,1909.0,1909.0,1913.800048828125,1906.199951171875,1906.699951171875,64920
2026-07-13 05:00:00,1910.5,1910.5,1911.0,1907.0,1909.0,489003
2026-07-13 05:05:00,1909.0,1909.0,1911.300048828125,1908.0,1911.0,259889
2026-07-13 05:10:00,1910.0,1910.0,1915.0,1908.699951171875,1908.699951171875,194447
2026-07-13 05:15:00,1908.0999755859375,1908.0999755859375,1912.199951171875,1908.0999755859375,1910.0,188140
2026-07-13 05:20:00,1905.5999755859375,1905.5999755859375,1907.800048828125,1905.300048828125,1907.800048828125,27142
2026-07-13 05:25:00,1901.800048828125,1901.800048828125,1906.0,1901.300048828125,1906.0,98122
2026-07-13 05:30:00,1901.699951171875,1901.699951171875,1901.800048828125,1896.800048828125,1901.699951171875,67824
2026-07-13 05:35:00,1900.0999755859375,1900.0999755859375,1901.5999755859375,1899.5999755859375,1901.199951171875,32690
2026-07-13 05:40:00,1899.199951171875,1899.199951171875,1901.199951171875,1899.0,1900.300048828125,33100
2026-07-13 05:45:00,1898.9000244140625,1898.9000244140625,1899.699951171875,1898.199951171875,1899.199951171875,39099
2026-07-13 05:50:00,1900.699951171875,1900.699951171875,1901.199951171875,1898.800048828125,1899.300048828125,17905
2026-07-13 05:55:00,1901.0,1901.0,1901.199951171875,1899.800048828125,1900.5999755859375,27063
2026-07-13 06:00:00,1900.699951171875,1900.699951171875,1902.0,1900.0,1901.0,41895
2026-07-13 06:05:00,1899.0,1899.0,1901.699951171875,1899.0,1900.699951171875,35627
2026-07-13 06:10:00,1900.0,1900.0,1901.0999755859375,1898.800048828125,1899.0999755859375,29730
2026-07-13 06:15:00,1900.199951171875,1900.199951171875,1902.0,1900.0,1900.699951171875,18813
2026-07-13 06:20:00,1898.300048828125,1898.300048828125,1900.4000244140625,1897.699951171875,1899.5999755859375,35074
2026-07-13 06:25:00,1900.4000244140625,1900.4000244140625,1900.4000244140625,1897.5,1898.0,18862
2026-07-13 06:30:00,1900.0999755859375,1900.0999755859375,1901.9000244140625,1899.800048828125,1900.9000244140625,41067
2026-07-13 06:35:00,1900.699951171875,1900.699951171875,1900.800048828125,1900.0,1900.0999755859375,8131
2026-07-13 06:40:00,1900.699951171875,1900.699951171875,1901.300048828125,1900.5,1900.699951171875,37375
2026-07-13 06:45:00,1901.0,1901.0,1901.0999755859375,1900.4000244140625,1900.699951171875,29106
2026-07-13 06:50:00,1901.0,1901.0,1901.199951171875,1900.0,1901.0,31439
2026-07-13 06:55:00,1902.0,1902.0,1902.5999755859375,1900.699951171875,1900.9000244140625,19888
2026-07-13 07:00:00,1902.0,1902.0,1902.5999755859375,1901.0,1902.0,19009
2026-07-13 07:05:00,1903.9000244140625,1903.9000244140625,1904.4000244140625,1901.4000244140625,1902.0,23540
2026-07-13 07:10:00,1906.0,1906.0,1906.800048828125,1902.800048828125,1903.800048828125,43451
2026-07-13 07:15:00,1906.0,1906.0,1907.4000244140625,1905.0,1906.0999755859375,40639
2026-07-13 07:20:00,1907.300048828125,1907.300048828125,1909.0,1905.199951171875,1906.0,117899
2026-07-13 07:25:00,1907.199951171875,1907.199951171875,1908.0,1906.0,1908.0,37193
2026-07-13 07:30:00,1906.0999755859375,1906.0999755859375,1907.199951171875,1905.0,1907.0,32859
2026-07-13 07:35:00,1905.800048828125,1905.800048828125,1906.9000244140625,1904.4000244140625,1906.0999755859375,83235
2026-07-13 07:40:00,1906.800048828125,1906.800048828125,1906.9000244140625,1904.300048828125,1905.199951171875,46776
2026-07-13 07:45:00,1906.5,1906.5,1906.800048828125,1904.4000244140625,1906.800048828125,35652
2026-07-13 07:50:00,1906.699951171875,1906.699951171875,1907.5,1905.199951171875,1906.300048828125,49763
2026-07-13 07:55:00,1905.800048828125,1905.800048828125,1907.300048828125,1904.5,1907.0999755859375,22770
2026-07-13 08:00:00,1906.0999755859375,1906.0999755859375,1906.699951171875,1905.199951171875,1905.199951171875,10994
2026-07-13 08:05:00,1906.800048828125,1906.800048828125,1906.800048828125,1905.0999755859375,1906.0999755859375,40065
2026-07-13 08:10:00,1906.300048828125,1906.300048828125,1906.800048828125,1906.0,1906.800048828125,9361
2026-07-13 08:15:00,1906.199951171875,1906.199951171875,1907.0,1906.0999755859375,1906.699951171875,41139
2026-07-13 08:20:00,1906.0,1906.0,1906.9000244140625,1906.0,1906.199951171875,16159
2026-07-13 08:25:00,1906.5999755859375,1906.5999755859375,1906.800048828125,1906.0,1906.699951171875,19930
2026-07-13 08:30:00,1907.199951171875,1907.199951171875,1907.4000244140625,1906.0999755859375,1906.5,32599
2026-07-13 08:35:00,1906.9000244140625,1906.9000244140625,1907.5,1906.0999755859375,1907.300048828125,12435
2026-07-13 08:40:00,1907.199951171875,1907.199951171875,1907.4000244140625,1906.0,1906.9000244140625,18242
2026-07-13 08:45:00,1906.5999755859375,1906.5999755859375,1907.300048828125,1906.0,1906.9000244140625,45634
2026-07-13 08:50:00,1907.0,1907.0,1907.5,1906.0,1907.199951171875,42612
2026-07-13 08:55:00,1908.4000244140625,1908.4000244140625,1908.4000244140625,1906.4000244140625,1907.0999755859375,101733
2026-07-13 09:00:00,1908.5,1908.5,1911.9000244140625,1907.5,1908.4000244140625,200449
2026-07-13 09:05:00,1906.699951171875,1906.699951171875,1909.5999755859375,1905.5999755859375,1908.5,48152
2026-07-13 09:10:00,1905.199951171875,1905.199951171875,1907.300048828125,1905.199951171875,1906.0,66359
2026-07-13 09:15:00,1906.199951171875,1906.199951171875,1906.800048828125,1905.300048828125,1905.5999755859375,22978
2026-07-13 09:20:00,1906.300048828125,1906.300048828125,1906.800048828125,1904.800048828125,1906.4000244140625,57041
2026-07-13 09:25:00,1903.0,1903.0,1906.5999755859375,1902.0,1906.5999755859375,89436
2026-07-13 09:30:00,1902.4000244140625,1902.4000244140625,1903.699951171875,1901.5999755859375,1903.300048828125,180924
2026-07-13 09:35:00,1902.0,1902.0,1903.5999755859375,1900.5999755859375,1902.300048828125,210062
2026-07-13 09:40:00,1901.0999755859375,1901.0999755859375,1903.0,1900.5,1902.0,242897
2026-07-13 09:45:00,1901.199951171875,1901.199951171875,1902.5,1900.0999755859375,1901.0999755859375,306486
2026-07-13 09:50:00,1901.0,1901.0,1902.0,1900.0,1901.0,347326
2026-07-13 09:55:00,1901.800048828125,1901.800048828125,1904.0,1901.199951171875,1901.300048828125,204446
2026-07-14 03:45:00,1911.0,1911.0,1912.800048828125,1893.800048828125,1893.800048828125,0
2026-07-14 03:50:00,1917.0,1917.0,1917.0,1910.0,1910.9000244140625,186097
2026-07-14 03:55:00,1932.5,1932.5,1933.5,1915.9000244140625,1916.300048828125,459277
2026-07-14 04:00:00,1931.9000244140625,1931.9000244140625,1936.0,1928.300048828125,1931.5999755859375,218833
2026-07-14 04:05:00,1929.699951171875,1929.699951171875,1934.699951171875,1929.0,1931.300048828125,133905
2026-07-14 04:10:00,1932.699951171875,1932.699951171875,1933.800048828125,1927.0999755859375,1929.699951171875,96228
2026-07-14 04:15:00,1928.300048828125,1928.300048828125,1932.800048828125,1927.0,1932.800048828125,66067
2026-07-14 04:20:00,1924.800048828125,1924.800048828125,1928.4000244140625,1924.0999755859375,1928.4000244140625,60601
2026-07-14 04:25:00,1926.4000244140625,1926.4000244140625,1928.199951171875,1923.699951171875,1924.0,57741
2026-07-14 04:30:00,1926.4000244140625,1926.4000244140625,1929.0999755859375,1924.199951171875,1927.0999755859375,83117
2026-07-14 04:35:00,1927.300048828125,1927.300048828125,1928.5,1924.9000244140625,1926.300048828125,109695
2026-07-14 04:40:00,1929.5999755859375,1929.5999755859375,1934.5999755859375,1927.0999755859375,1927.4000244140625,95254
2026-07-14 04:45:00,1922.9000244140625,1922.9000244140625,1930.4000244140625,1921.800048828125,1929.9000244140625,111548
2026-07-14 04:50:00,1926.0,1926.0,1926.699951171875,1922.699951171875,1922.800048828125,74208
2026-07-14 04:55:00,1929.4000244140625,1929.4000244140625,1930.0,1925.9000244140625,1926.199951171875,59685
2026-07-14 05:00:00,1929.9000244140625,1929.9000244140625,1932.4000244140625,1929.0,1929.5999755859375,53913
2026-07-14 05:05:00,1930.0999755859375,1930.0999755859375,1930.800048828125,1926.300048828125,1930.4000244140625,45911
2026-07-14 05:10:00,1937.0999755859375,1937.0999755859375,1937.9000244140625,1928.800048828125,1930.0999755859375,202050
2026-07-14 05:15:00,1937.199951171875,1937.199951171875,1937.699951171875,1933.800048828125,1936.5999755859375,107078
2026-07-14 05:20:00,1932.4000244140625,1932.4000244140625,1937.4000244140625,1930.5999755859375,1937.4000244140625,87861
2026-07-14 05:25:00,1930.699951171875,1930.699951171875,1935.699951171875,1929.4000244140625,1932.4000244140625,43594
2026-07-14 05:30:00,1935.5,1935.5,1936.9000244140625,1930.0,1930.5999755859375,48543
2026-07-14 05:35:00,1934.300048828125,1934.300048828125,1936.4000244140625,1933.800048828125,1935.5,46118
2026-07-14 05:40:00,1933.800048828125,1933.800048828125,1935.199951171875,1933.0,1934.0999755859375,24365
2026-07-14 05:45:00,1935.0999755859375,1935.0999755859375,1935.0999755859375,1931.699951171875,1933.699951171875,59472
2026-07-14 05:50:00,1936.9000244140625,1936.9000244140625,1936.9000244140625,1933.0,1934.9000244140625,39482
2026-07-14 05:55:00,1933.800048828125,1933.800048828125,1937.0,1932.5,1936.300048828125,48511
2026-07-14 06:00:00,1934.5,1934.5,1935.0,1932.9000244140625,1934.199951171875,18504
2026-07-14 06:05:00,1933.699951171875,1933.699951171875,1935.199951171875,1933.0,1934.5999755859375,74662
2026-07-14 06:10:00,1935.5,1935.5,1936.5,1933.0999755859375,1933.5999755859375,90853
2026-07-14 06:15:00,1933.0999755859375,1933.0999755859375,1936.0999755859375,1933.0999755859375,1935.5,106409
2026-07-14 06:20:00,1935.0,1935.0,1936.0,1932.9000244140625,1932.9000244140625,48127
2026-07-14 06:25:00,1935.300048828125,1935.300048828125,1936.0,1933.300048828125,1935.0999755859375,92613
2026-07-14 06:30:00,1934.0,1934.0,1936.0999755859375,1932.800048828125,1935.4000244140625,95372
2026-07-14 06:35:00,1934.199951171875,1934.199951171875,1935.5,1934.0,1935.0999755859375,63795
2026-07-14 06:40:00,1936.0,1936.0,1936.5999755859375,1934.0,1934.800048828125,31119
2026-07-14 06:45:00,1936.0,1936.0,1938.4000244140625,1934.9000244140625,1935.800048828125,67136
2026-07-14 06:50:00,1935.0999755859375,1935.0999755859375,1937.0,1934.699951171875,1935.800048828125,46431
2026-07-14 06:55:00,1930.300048828125,1930.300048828125,1935.0999755859375,1930.0999755859375,1935.0,38497
2026-07-14 07:00:00,1931.0999755859375,1931.0999755859375,1932.5,1930.0999755859375,1930.0999755859375,38820
2026-07-14 07:05:00,1933.300048828125,1933.300048828125,1934.199951171875,1930.699951171875,1930.9000244140625,51824
2026-07-14 07:10:00,1934.5,1934.5,1934.5,1932.300048828125,1933.199951171875,28141
2026-07-14 07:15:00,1933.4000244140625,1933.4000244140625,1934.9000244140625,1933.300048828125,1934.4000244140625,30640
2026-07-14 07:20:00,1935.0999755859375,1935.0999755859375,1935.9000244140625,1933.4000244140625,1933.5999755859375,29134
2026-07-14 07:25:00,1936.300048828125,1936.300048828125,1937.0,1935.0,1935.0999755859375,39239
2026-07-14 07:30:00,1936.5,1936.5,1936.5,1935.0,1936.4000244140625,38822
2026-07-14 07:35:00,1937.300048828125,1937.300048828125,1937.5999755859375,1935.0,1936.5999755859375,26856
2026-07-14 07:40:00,1939.199951171875,1939.199951171875,1940.0,1936.0,1937.300048828125,83276
2026-07-14 07:45:00,1938.0999755859375,1938.0999755859375,1941.0,1937.300048828125,1939.800048828125,93701
2026-07-14 07:50:00,1936.800048828125,1936.800048828125,1939.699951171875,1936.5,1938.699951171875,50115
2026-07-14 07:55:00,1937.199951171875,1937.199951171875,1937.300048828125,1935.0,1936.5,46808
2026-07-14 08:00:00,1935.5,1935.5,1937.4000244140625,1934.9000244140625,1937.199951171875,58800
2026-07-14 08:05:00,1933.300048828125,1933.300048828125,1936.0,1931.5999755859375,1935.699951171875,70172
2026-07-14 08:10:00,1935.300048828125,1935.300048828125,1935.9000244140625,1931.5,1933.5999755859375,67892
2026-07-14 08:15:00,1937.0,1937.0,1937.0,1933.699951171875,1935.4000244140625,52432
2026-07-14 08:20:00,1935.4000244140625,1935.4000244140625,1937.4000244140625,1933.5999755859375,1936.5999755859375,59993
2026-07-14 08:25:00,1936.0999755859375,1936.0999755859375,1936.5999755859375,1935.0999755859375,1935.699951171875,33164
2026-07-14 08:30:00,1935.199951171875,1935.199951171875,1936.5999755859375,1934.4000244140625,1936.0,36990
2026-07-14 08:35:00,1934.9000244140625,1934.9000244140625,1935.800048828125,1934.0,1935.300048828125,41544
2026-07-14 08:40:00,1935.199951171875,1935.199951171875,1936.9000244140625,1934.5999755859375,1934.9000244140625,55233
2026-07-14 08:45:00,1938.5,1938.5,1938.5,1935.0,1935.4000244140625,61419
2026-07-14 08:50:00,1938.0,1938.0,1939.0,1937.300048828125,1938.199951171875,41932
2026-07-14 08:55:00,1937.199951171875,1937.199951171875,1939.0,1936.300048828125,1938.0,50986
2026-07-14 09:00:00,1938.9000244140625,1938.9000244140625,1938.9000244140625,1936.699951171875,1937.199951171875,33717
2026-07-14 09:05:00,1937.0999755859375,1937.0999755859375,1939.4000244140625,1936.300048828125,1939.199951171875,65982
2026-07-14 09:10:00,1937.0,1937.0,1937.699951171875,1936.0999755859375,1937.0999755859375,40467
2026-07-14 09:15:00,1937.300048828125,1937.300048828125,1938.5,1935.199951171875,1937.0999755859375,79690
2026-07-14 09:20:00,1937.9000244140625,1937.9000244140625,1938.300048828125,1936.199951171875,1937.300048828125,137523
2026-07-14 09:25:00,1937.5999755859375,1937.5999755859375,1939.9000244140625,1936.4000244140625,1937.800048828125,128100
2026-07-14 09:30:00,1938.9000244140625,1938.9000244140625,1939.5999755859375,1937.0999755859375,1937.5999755859375,295413
2026-07-14 09:35:00,1937.9000244140625,1937.9000244140625,1940.4000244140625,1937.800048828125,1938.4000244140625,322097
2026-07-14 09:40:00,1934.199951171875,1934.199951171875,1938.4000244140625,1934.199951171875,1937.9000244140625,247306
2026-07-14 09:45:00,1935.300048828125,1935.300048828125,1936.4000244140625,1933.699951171875,1934.300048828125,238758
2026-07-14 09:50:00,1932.5999755859375,1932.5999755859375,1935.300048828125,1932.5,1935.199951171875,199499
2026-07-14 09:55:00,1936.5,1936.5,1936.5,1931.0,1932.9000244140625,163398
2026-07-15 03:45:00,1942.300048828125,1942.300048828125,1950.699951171875,1939.699951171875,1946.300048828125,0
2026-07-15 03:50:00,1943.699951171875,1943.699951171875,1946.0,1941.199951171875,1942.0,101949
2026-07-15 03:55:00,1943.0999755859375,1943.0999755859375,1946.0999755859375,1942.199951171875,1943.800048828125,95217
2026-07-15 04:00:00,1935.5,1935.5,1943.4000244140625,1934.0999755859375,1942.699951171875,112898
2026-07-15 04:05:00,1936.0,1936.0,1938.5,1935.9000244140625,1936.0,42603
2026-07-15 04:10:00,1937.0,1937.0,1937.699951171875,1936.0999755859375,1936.9000244140625,52617
2026-07-15 04:15:00,1935.4000244140625,1935.4000244140625,1937.199951171875,1935.0999755859375,1937.199951171875,35566
2026-07-15 04:20:00,1937.4000244140625,1937.4000244140625,1939.199951171875,1935.4000244140625,1935.5,54792
2026-07-15 04:25:00,1936.699951171875,1936.699951171875,1939.199951171875,1936.699951171875,1938.0,45531
2026-07-15 04:30:00,1935.800048828125,1935.800048828125,1937.0,1935.699951171875,1936.699951171875,39742
2026-07-15 04:35:00,1938.199951171875,1938.199951171875,1938.199951171875,1935.800048828125,1936.199951171875,43474
2026-07-15 04:40:00,1938.0,1938.0,1939.199951171875,1937.0999755859375,1938.0,42965
2026-07-15 04:45:00,1939.0,1939.0,1939.0999755859375,1937.5,1937.5,34419
2026-07-15 04:50:00,1935.4000244140625,1935.4000244140625,1939.0999755859375,1935.199951171875,1939.0999755859375,71450
2026-07-15 04:55:00,1933.0,1933.0,1936.5,1933.0,1935.5,61459
2026-07-15 05:00:00,1931.300048828125,1931.300048828125,1933.5999755859375,1931.0,1933.5999755859375,45445
2026-07-15 05:05:00,1935.4000244140625,1935.4000244140625,1935.800048828125,1930.800048828125,1931.300048828125,55662
2026-07-15 05:10:00,1936.199951171875,1936.199951171875,1936.5999755859375,1933.5,1935.0999755859375,29221
2026-07-15 05:15:00,1937.300048828125,1937.300048828125,1937.5,1936.0,1936.0,39746
2026-07-15 05:20:00,1937.4000244140625,1937.4000244140625,1939.699951171875,1936.800048828125,1937.199951171875,50125
2026-07-15 05:25:00,1936.800048828125,1936.800048828125,1937.699951171875,1936.300048828125,1937.4000244140625,22543
2026-07-15 05:30:00,1938.5999755859375,1938.5999755859375,1939.0,1936.300048828125,1936.800048828125,46292
2026-07-15 05:35:00,1938.9000244140625,1938.9000244140625,1939.300048828125,1938.5999755859375,1938.5999755859375,12253
2026-07-15 05:40:00,1936.4000244140625,1936.4000244140625,1939.5,1936.0,1939.0,111529
2026-07-15 05:45:00,1936.5,1936.5,1937.699951171875,1934.0999755859375,1936.0999755859375,54840
2026-07-15 05:50:00,1938.5,1938.5,1938.5999755859375,1935.9000244140625,1936.199951171875,97194
2026-07-15 05:55:00,1941.0999755859375,1941.0999755859375,1941.300048828125,1938.199951171875,1938.5,111304
2026-07-15 06:00:00,1941.699951171875,1941.699951171875,1941.800048828125,1940.0,1941.300048828125,111744
2026-07-15 06:05:00,1941.0999755859375,1941.0999755859375,1941.9000244140625,1940.800048828125,1941.800048828125,55853
2026-07-15 06:10:00,1941.0999755859375,1941.0999755859375,1941.800048828125,1940.5999755859375,1941.199951171875,60673
2026-07-15 06:15:00,1940.0,1940.0,1941.5,1939.4000244140625,1941.199951171875,96632
2026-07-15 06:20:00,1935.9000244140625,1935.9000244140625,1941.0,1934.300048828125,1940.0,157002
2026-07-15 06:25:00,1932.699951171875,1932.699951171875,1938.300048828125,1932.699951171875,1935.9000244140625,151704
2026-07-15 06:30:00,1934.699951171875,1934.699951171875,1935.699951171875,1932.5,1932.699951171875,85017
2026-07-15 06:35:00,1934.0999755859375,1934.0999755859375,1936.300048828125,1933.800048828125,1934.800048828125,63269
2026-07-15 06:40:00,1936.4000244140625,1936.4000244140625,1936.800048828125,1933.800048828125,1934.0999755859375,54465
2026-07-15 06:45:00,1936.5999755859375,1936.5999755859375,1938.0999755859375,1936.5,1937.199951171875,53715
2026-07-15 06:50:00,1935.5999755859375,1935.5999755859375,1937.9000244140625,1935.5999755859375,1937.0,34992
2026-07-15 06:55:00,1930.300048828125,1930.300048828125,1935.5999755859375,1930.0999755859375,1935.5999755859375,60433
2026-07-15 07:00:00,1928.5,1928.5,1932.0,1928.4000244140625,1930.300048828125,40271
2026-07-15 07:05:00,1928.9000244140625,1928.9000244140625,1929.5999755859375,1927.5999755859375,1928.5,53288
2026-07-15 07:10:00,1930.0,1930.0,1930.4000244140625,1928.5,1928.5,22816
2026-07-15 07:15:00,1925.800048828125,1925.800048828125,1930.4000244140625,1925.0,1930.0,50943
2026-07-15 07:20:00,1925.0,1925.0,1927.9000244140625,1925.0,1925.9000244140625,33932
2026-07-15 07:25:00,1922.0,1922.0,1925.199951171875,1919.5,1925.199951171875,124395
2026-07-15 07:30:00,1922.0999755859375,1922.0999755859375,1924.0999755859375,1921.0999755859375,1921.5999755859375,66990
2026-07-15 07:35:00,1921.5999755859375,1921.5999755859375,1924.0,1920.9000244140625,1922.0999755859375,54909
2026-07-15 07:40:00,1922.0,1922.0,1923.0,1921.0,1921.5999755859375,32931
2026-07-15 07:45:00,1924.0,1924.0,1924.0999755859375,1921.4000244140625,1921.9000244140625,77763
2026-07-15 07:50:00,1922.5999755859375,1922.5999755859375,1923.800048828125,1922.300048828125,1923.800048828125,36782
2026-07-15 07:55:00,1923.699951171875,1923.699951171875,1924.800048828125,1922.5,1922.5999755859375,81203
2026-07-15 08:00:00,1922.300048828125,1922.300048828125,1924.300048828125,1922.0,1924.300048828125,31515
2026-07-15 08:05:00,1921.4000244140625,1921.4000244140625,1923.0,1921.300048828125,1922.199951171875,35809
2026-07-15 08:10:00,1923.0,1923.0,1923.0,1921.199951171875,1921.300048828125,42834
2026-07-15 08:15:00,1922.5,1922.5,1923.4000244140625,1921.9000244140625,1923.0,39642
2026-07-15 08:20:00,1922.0,1922.0,1923.300048828125,1921.699951171875,1923.199951171875,17983
2026-07-15 08:25:00,1922.4000244140625,1922.4000244140625,1923.5999755859375,1920.800048828125,1922.0,46219
2026-07-15 08:30:00,1923.199951171875,1923.199951171875,1924.300048828125,1922.0,1922.5999755859375,48247
2026-07-15 08:35:00,1922.0,1922.0,1923.800048828125,1921.699951171875,1923.0999755859375,41950
2026-07-15 08:40:00,1921.5,1921.5,1922.0,1921.0999755859375,1922.0,32990
2026-07-15 08:45:00,1920.199951171875,1920.199951171875,1922.5999755859375,1920.0999755859375,1921.5,86568
2026-07-15 08:50:00,1917.9000244140625,1917.9000244140625,1921.0,1917.9000244140625,1920.199951171875,64811
2026-07-15 08:55:00,1920.5,1920.5,1920.5999755859375,1917.9000244140625,1917.9000244140625,66075
2026-07-15 09:00:00,1921.0999755859375,1921.0999755859375,1921.800048828125,1920.0999755859375,1920.5,30065
2026-07-15 09:05:00,1921.0999755859375,1921.0999755859375,1922.9000244140625,1920.199951171875,1921.0999755859375,92612
2026-07-15 09:10:00,1921.300048828125,1921.300048828125,1922.5,1920.800048828125,1921.5,47857
2026-07-15 09:15:00,1920.300048828125,1920.300048828125,1921.5,1920.0,1921.0999755859375,45104
2026-07-15 09:20:00,1922.300048828125,1922.300048828125,1922.4000244140625,1919.5999755859375,1920.0,74035
2026-07-15 09:25:00,1921.0,1921.0,1922.4000244140625,1920.9000244140625,1922.300048828125,39521
2026-07-15 09:30:00,1916.9000244140625,1916.9000244140625,1923.5999755859375,1916.9000244140625,1921.300048828125,270802
2026-07-15 09:35:00,1916.9000244140625,1916.9000244140625,1917.0999755859375,1916.5999755859375,1916.9000244140625,153302
2026-07-15 09:40:00,1918.300048828125,1918.300048828125,1918.5999755859375,1916.800048828125,1917.0,210276
2026-07-15 09:45:00,1919.0,1919.0,1919.300048828125,1916.9000244140625,1918.199951171875,169275
2026-07-15 09:50:00,1918.300048828125,1918.300048828125,1919.0,1916.5999755859375,1919.0,223765
2026-07-15 09:55:00,1917.5,1917.5,1922.199951171875,1917.5,1918.300048828125,126910
2026-07-16 03:45:00,1927.199951171875,1927.199951171875,1928.0,1917.0,1927.800048828125,302979
2026-07-16 03:50:00,1923.4000244140625,1923.4000244140625,1928.0999755859375,1922.0999755859375,1927.199951171875,88800
2026-07-16 03:55:00,1926.0,1926.0,1926.5,1923.300048828125,1923.300048828125,49800
2026-07-16 04:00:00,1926.800048828125,1926.800048828125,1928.5999755859375,1925.800048828125,1926.0,64641
2026-07-16 04:05:00,1927.5,1927.5,1928.0999755859375,1925.5,1926.800048828125,45219
2026-07-16 04:10:00,1929.5999755859375,1929.5999755859375,1929.5999755859375,1926.9000244140625,1927.5,35849
2026-07-16 04:15:00,1926.199951171875,1926.199951171875,1930.0,1925.5999755859375,1929.800048828125,55121
2026-07-16 04:20:00,1925.5999755859375,1925.5999755859375,1927.199951171875,1925.0,1926.699951171875,41172
2026-07-16 04:25:00,1925.5,1925.5,1926.300048828125,1924.9000244140625,1925.5,37378
2026-07-16 04:30:00,1924.800048828125,1924.800048828125,1926.0999755859375,1924.4000244140625,1925.4000244140625,44482
2026-07-16 04:35:00,1924.800048828125,1924.800048828125,1925.5,1923.0999755859375,1924.800048828125,57051
2026-07-16 04:40:00,1923.0999755859375,1923.0999755859375,1924.9000244140625,1922.4000244140625,1924.9000244140625,27845
2026-07-16 04:45:00,1921.300048828125,1921.300048828125,1924.4000244140625,1921.300048828125,1923.0,81374
2026-07-16 04:50:00,1922.5,1922.5,1922.5999755859375,1921.300048828125,1921.300048828125,15680
2026-07-16 04:55:00,1920.0,1920.0,1922.5999755859375,1917.9000244140625,1922.5999755859375,51129
2026-07-16 05:00:00,1918.699951171875,1918.699951171875,1920.699951171875,1918.5,1919.300048828125,43778
2026-07-16 05:05:00,1921.699951171875,1921.699951171875,1921.699951171875,1917.9000244140625,1918.800048828125,27454
2026-07-16 05:10:00,1922.0999755859375,1922.0999755859375,1922.4000244140625,1920.800048828125,1921.5999755859375,38247
2026-07-16 05:15:00,1922.5,1922.5,1922.5,1920.5,1922.0999755859375,31463
2026-07-16 05:20:00,1923.0999755859375,1923.0999755859375,1924.800048828125,1922.4000244140625,1922.9000244140625,66913
2026-07-16 05:25:00,1923.699951171875,1923.699951171875,1924.9000244140625,1922.800048828125,1923.300048828125,31042
2026-07-16 05:30:00,1923.0,1923.0,1924.4000244140625,1922.5,1924.199951171875,32486
2026-07-16 05:35:00,1924.199951171875,1924.199951171875,1924.5999755859375,1922.800048828125,1923.0,81420
2026-07-16 05:40:00,1924.4000244140625,1924.4000244140625,1924.5,1923.5999755859375,1924.199951171875,20377
2026-07-16 05:45:00,1924.699951171875,1924.699951171875,1925.5,1924.0,1924.4000244140625,39157
2026-07-16 05:50:00,1924.4000244140625,1924.4000244140625,1925.5999755859375,1923.5999755859375,1924.699951171875,32202
2026-07-16 05:55:00,1924.199951171875,1924.199951171875,1925.0,1923.699951171875,1924.5,69303
2026-07-16 06:00:00,1928.0,1928.0,1930.0,1924.0999755859375,1924.0999755859375,154238
2026-07-16 06:05:00,1930.300048828125,1930.300048828125,1931.0,1929.0,1929.0,62955
2026-07-16 06:10:00,1930.4000244140625,1930.4000244140625,1931.0999755859375,1929.0999755859375,1930.699951171875,49792
2026-07-16 06:15:00,1931.300048828125,1931.300048828125,1931.4000244140625,1930.0999755859375,1930.4000244140625,22185
2026-07-16 06:20:00,1930.199951171875,1930.199951171875,1931.4000244140625,1929.0,1931.300048828125,87177
2026-07-16 06:25:00,1930.0,1930.0,1930.800048828125,1929.0,1930.4000244140625,36601
2026-07-16 06:30:00,1928.199951171875,1928.199951171875,1930.199951171875,1927.699951171875,1930.0999755859375,114604
2026-07-16 06:35:00,1927.800048828125,1927.800048828125,1929.5999755859375,1927.5,1928.199951171875,115178
2026-07-16 06:40:00,1926.800048828125,1926.800048828125,1928.5999755859375,1926.800048828125,1927.800048828125,53644
2026-07-16 06:45:00,1932.5999755859375,1932.5999755859375,1932.800048828125,1925.9000244140625,1926.699951171875,52733
2026-07-16 06:50:00,1932.4000244140625,1932.4000244140625,1932.9000244140625,1931.300048828125,1932.5999755859375,25283
2026-07-16 06:55:00,1933.800048828125,1933.800048828125,1934.0,1932.199951171875,1932.4000244140625,89509
2026-07-16 07:00:00,1930.0999755859375,1930.0999755859375,1934.0,1929.4000244140625,1933.800048828125,52969
2026-07-16 07:05:00,1928.0999755859375,1928.0999755859375,1930.0999755859375,1927.199951171875,1930.0999755859375,30534
2026-07-16 07:10:00,1930.5999755859375,1930.5999755859375,1930.800048828125,1928.0,1928.0,48890
2026-07-16 07:15:00,1934.0,1934.0,1935.0,1930.5,1930.5999755859375,27398
2026-07-16 07:20:00,1935.199951171875,1935.199951171875,1935.5,1934.0,1934.199951171875,26133
2026-07-16 07:25:00,1934.5999755859375,1934.5999755859375,1935.9000244140625,1934.4000244140625,1935.199951171875,33466
2026-07-16 07:30:00,1934.5,1934.5,1935.0999755859375,1933.300048828125,1935.0,34465
2026-07-16 07:35:00,1935.0,1935.0,1935.699951171875,1933.5999755859375,1934.300048828125,37284
2026-07-16 07:40:00,1935.199951171875,1935.199951171875,1935.800048828125,1933.699951171875,1934.9000244140625,33875
2026-07-16 07:45:00,1934.800048828125,1934.800048828125,1935.4000244140625,1933.5999755859375,1934.0999755859375,24575
2026-07-16 07:50:00,1935.199951171875,1935.199951171875,1935.699951171875,1934.199951171875,1934.800048828125,36851
2026-07-16 07:55:00,1932.300048828125,1932.300048828125,1935.199951171875,1931.0,1935.199951171875,36062
2026-07-16 08:00:00,1930.5,1930.5,1932.5,1928.5999755859375,1932.5,32007
2026-07-16 08:05:00,1927.199951171875,1927.199951171875,1930.5,1927.199951171875,1930.5,25340
2026-07-16 08:10:00,1924.5999755859375,1924.5999755859375,1927.4000244140625,1924.300048828125,1927.4000244140625,42923
2026-07-16 08:15:00,1925.199951171875,1925.199951171875,1926.5999755859375,1924.199951171875,1924.5999755859375,37854
2026-07-16 08:20:00,1926.300048828125,1926.300048828125,1927.4000244140625,1925.5,1925.5,18784
2026-07-16 08:25:00,1928.199951171875,1928.199951171875,1928.4000244140625,1926.0,1926.800048828125,53738
2026-07-16 08:30:00,1927.199951171875,1927.199951171875,1928.5999755859375,1926.300048828125,1928.5,31735
2026-07-16 08:35:00,1927.4000244140625,1927.4000244140625,1929.300048828125,1926.5999755859375,1927.5,34265
2026-07-16 08:40:00,1928.300048828125,1928.300048828125,1929.0999755859375,1926.4000244140625,1927.5,31941
2026-07-16 08:45:00,1929.0,1929.0,1931.0,1928.300048828125,1928.4000244140625,35798
2026-07-16 08:50:00,1928.699951171875,1928.699951171875,1929.800048828125,1927.0999755859375,1929.4000244140625,68065
2026-07-16 08:55:00,1927.9000244140625,1927.9000244140625,1930.4000244140625,1926.9000244140625,1928.800048828125,59131
2026-07-16 09:00:00,1928.5,1928.5,1929.0,1927.5999755859375,1928.0,36591
2026-07-16 09:05:00,1928.0999755859375,1928.0999755859375,1928.5999755859375,1926.300048828125,1928.5,35388
2026-07-16 09:10:00,1929.0,1929.0,1930.0,1926.5,1928.0999755859375,66158
2026-07-16 09:15:00,1928.0999755859375,1928.0999755859375,1929.699951171875,1927.800048828125,1929.0,22379
2026-07-16 09:20:00,1927.4000244140625,1927.4000244140625,1928.800048828125,1927.4000244140625,1928.199951171875,36860
2026-07-16 09:25:00,1928.800048828125,1928.800048828125,1929.5,1927.0,1927.9000244140625,38630
2026-07-16 09:30:00,1921.300048828125,1921.300048828125,1928.4000244140625,1921.199951171875,1928.4000244140625,215559
2026-07-16 09:35:00,1921.199951171875,1921.199951171875,1922.5999755859375,1919.199951171875,1921.199951171875,250220
2026-07-16 09:40:00,1920.5999755859375,1920.5999755859375,1921.800048828125,1920.300048828125,1921.0999755859375,175039
2026-07-16 09:45:00,1922.4000244140625,1922.4000244140625,1922.5,1920.9000244140625,1922.0,181457
2026-07-16 09:50:00,1921.699951171875,1921.699951171875,1922.300048828125,1920.5999755859375,1922.300048828125,176015
2026-07-16 09:55:00,1921.800048828125,1921.800048828125,1925.300048828125,1921.0,1921.5999755859375,140147
2026-07-17 03:45:00,1919.300048828125,1919.300048828125,1925.199951171875,1915.300048828125,1919.0,0
2026-07-17 03:50:00,1918.0,1918.0,1920.5,1918.0,1918.300048828125,248758
2026-07-17 03:55:00,1916.800048828125,1916.800048828125,1918.4000244140625,1915.0999755859375,1917.800048828125,44879
2026-07-17 04:00:00,1914.5999755859375,1914.5999755859375,1916.5999755859375,1913.300048828125,1916.5999755859375,46485
2026-07-17 04:05:00,1914.0,1914.0,1915.5999755859375,1913.0,1914.699951171875,44650
2026-07-17 04:10:00,1915.5,1915.5,1915.5999755859375,1913.0,1914.0999755859375,91423
2026-07-17 04:15:00,1918.800048828125,1918.800048828125,1920.5999755859375,1915.5999755859375,1915.5999755859375,126172
2026-07-17 04:20:00,1919.800048828125,1919.800048828125,1920.0,1918.5,1919.199951171875,102666
2026-07-17 04:25:00,1917.4000244140625,1917.4000244140625,1919.800048828125,1916.4000244140625,1919.5999755859375,35997
2026-07-17 04:30:00,1915.0,1915.0,1917.5999755859375,1914.699951171875,1917.5,20067
2026-07-17 04:35:00,1914.5999755859375,1914.5999755859375,1915.800048828125,1914.0999755859375,1915.0999755859375,24853
2026-07-17 04:40:00,1914.4000244140625,1914.4000244140625,1915.199951171875,1913.800048828125,1914.5,24379
2026-07-17 04:45:00,1915.199951171875,1915.199951171875,1915.800048828125,1914.199951171875,1914.4000244140625,23546
2026-07-17 04:50:00,1912.5,1912.5,1915.5,1912.0999755859375,1915.199951171875,37045
2026-07-17 04:55:00,1913.800048828125,1913.800048828125,1914.0,1910.699951171875,1912.5,46794
2026-07-17 05:00:00,1914.0,1914.0,1914.5,1911.699951171875,1914.5,37384
2026-07-17 05:05:00,1914.0,1914.0,1914.4000244140625,1913.300048828125,1913.9000244140625,39164
2026-07-17 05:10:00,1912.199951171875,1912.199951171875,1914.300048828125,1911.4000244140625,1914.300048828125,25309
2026-07-17 05:15:00,1913.199951171875,1913.199951171875,1913.699951171875,1912.199951171875,1912.199951171875,20239
2026-07-17 05:20:00,1912.800048828125,1912.800048828125,1913.5999755859375,1910.699951171875,1913.5,29753
2026-07-17 05:25:00,1911.5,1911.5,1912.800048828125,1911.0,1912.0999755859375,23440
2026-07-17 05:30:00,1912.800048828125,1912.800048828125,1912.800048828125,1910.199951171875,1911.5999755859375,21016
2026-07-17 05:35:00,1914.300048828125,1914.300048828125,1915.699951171875,1912.699951171875,1912.800048828125,294441
2026-07-17 05:40:00,1910.5999755859375,1910.5999755859375,1914.5,1910.5999755859375,1914.199951171875,123694
2026-07-17 05:45:00,1912.199951171875,1912.199951171875,1912.800048828125,1910.0,1910.4000244140625,90905
2026-07-17 05:50:00,1910.5,1910.5,1912.0,1910.0,1912.0,19865
2026-07-17 05:55:00,1912.300048828125,1912.300048828125,1913.0,1910.0,1911.199951171875,35615
2026-07-17 06:00:00,1912.4000244140625,1912.4000244140625,1912.4000244140625,1912.0,1912.300048828125,14467
2026-07-17 06:05:00,1912.699951171875,1912.699951171875,1912.9000244140625,1912.0,1912.4000244140625,66177
2026-07-17 06:10:00,1912.9000244140625,1912.9000244140625,1913.0,1912.199951171875,1912.800048828125,143264
2026-07-17 06:15:00,1912.699951171875,1912.699951171875,1914.0,1912.300048828125,1913.0999755859375,106758
2026-07-17 06:20:00,1912.300048828125,1912.300048828125,1913.199951171875,1912.0,1912.800048828125,15223
2026-07-17 06:25:00,1910.0999755859375,1910.0999755859375,1912.5,1909.199951171875,1912.300048828125,67873
2026-07-17 06:30:00,1910.300048828125,1910.300048828125,1911.4000244140625,1909.0999755859375,1910.0,30479
2026-07-17 06:35:00,1907.5999755859375,1907.5999755859375,1910.800048828125,1907.0,1909.9000244140625,26516
2026-07-17 06:40:00,1908.4000244140625,1908.4000244140625,1908.699951171875,1907.0999755859375,1907.5,13321
2026-07-17 06:45:00,1909.5,1909.5,1909.5999755859375,1907.9000244140625,1908.0,30028
2026-07-17 06:50:00,1908.0,1908.0,1909.9000244140625,1907.199951171875,1909.5999755859375,39833
2026-07-17 06:55:00,1908.199951171875,1908.199951171875,1908.5,1907.199951171875,1908.0,13689
2026-07-17 07:00:00,1907.300048828125,1907.300048828125,1908.199951171875,1906.199951171875,1908.199951171875,33585
2026-07-17 07:05:00,1908.0999755859375,1908.0999755859375,1908.0999755859375,1907.0999755859375,1907.800048828125,20326
2026-07-17 07:10:00,1906.199951171875,1906.199951171875,1907.5999755859375,1905.0,1907.5999755859375,46493
2026-07-17 07:15:00,1906.5,1906.5,1907.800048828125,1905.9000244140625,1906.199951171875,30340
2026-07-17 07:20:00,1904.699951171875,1904.699951171875,1906.5999755859375,1904.4000244140625,1906.5999755859375,21922
2026-07-17 07:25:00,1905.4000244140625,1905.4000244140625,1906.0,1904.699951171875,1904.699951171875,14145
2026-07-17 07:30:00,1905.300048828125,1905.300048828125,1906.0,1905.300048828125,1905.4000244140625,19139
2026-07-17 07:35:00,1905.0,1905.0,1905.699951171875,1904.4000244140625,1905.300048828125,12141
2026-07-17 07:40:00,1906.5,1906.5,1907.199951171875,1905.0,1905.0,57132
2026-07-17 07:45:00,1907.0,1907.0,1907.0999755859375,1905.0999755859375,1906.9000244140625,21457
2026-07-17 07:50:00,1907.699951171875,1907.699951171875,1908.0999755859375,1906.800048828125,1907.0999755859375,31468
2026-07-17 07:55:00,1907.5,1907.5,1908.0,1905.800048828125,1907.699951171875,43692
2026-07-17 08:00:00,1907.199951171875,1907.199951171875,1907.5999755859375,1906.699951171875,1906.699951171875,13865
2026-07-17 08:05:00,1907.199951171875,1907.199951171875,1908.0,1905.699951171875,1906.9000244140625,19881
2026-07-17 08:10:00,1905.699951171875,1905.699951171875,1907.699951171875,1904.9000244140625,1907.0999755859375,31156
2026-07-17 08:15:00,1904.9000244140625,1904.9000244140625,1905.800048828125,1904.5,1905.699951171875,13486
2026-07-17 08:20:00,1903.9000244140625,1903.9000244140625,1905.0,1903.0,1904.5999755859375,31324
2026-07-17 08:25:00,1904.5999755859375,1904.5999755859375,1904.800048828125,1902.699951171875,1903.800048828125,22644
2026-07-17 08:30:00,1903.699951171875,1903.699951171875,1904.699951171875,1903.199951171875,1904.5999755859375,20355
2026-07-17 08:35:00,1904.699951171875,1904.699951171875,1904.699951171875,1903.300048828125,1903.699951171875,18583
2026-07-17 08:40:00,1905.699951171875,1905.699951171875,1906.0,1904.4000244140625,1904.699951171875,29349
2026-07-17 08:45:00,1905.4000244140625,1905.4000244140625,1908.699951171875,1905.0999755859375,1905.800048828125,206215
2026-07-17 08:50:00,1904.9000244140625,1904.9000244140625,1907.0999755859375,1904.699951171875,1905.5,29804
2026-07-17 08:55:00,1905.0,1905.0,1905.800048828125,1904.199951171875,1904.800048828125,32771
2026-07-17 09:00:00,1907.0999755859375,1907.0999755859375,1907.9000244140625,1905.0999755859375,1905.0999755859375,22625
2026-07-17 09:05:00,1907.5,1907.5,1907.800048828125,1906.199951171875,1907.0999755859375,33303
2026-07-17 09:10:00,1908.0,1908.0,1908.5,1906.9000244140625,1907.0999755859375,62961
2026-07-17 09:15:00,1909.300048828125,1909.300048828125,1909.9000244140625,1907.9000244140625,1908.0999755859375,56508
2026-07-17 09:20:00,1909.5,1909.5,1909.699951171875,1907.300048828125,1909.5,39170
2026-07-17 09:25:00,1907.800048828125,1907.800048828125,1909.800048828125,1907.5999755859375,1909.699951171875,45981
2026-07-17 09:30:00,1908.699951171875,1908.699951171875,1909.9000244140625,1907.699951171875,1907.699951171875,135513
2026-07-17 09:35:00,1908.9000244140625,1908.9000244140625,1909.199951171875,1907.5,1908.800048828125,109273
2026-07-17 09:40:00,1909.5,1909.5,1909.9000244140625,1908.5999755859375,1908.5999755859375,166771
2026-07-17 09:45:00,1908.5999755859375,1908.5999755859375,1909.9000244140625,1908.0999755859375,1909.5,121595
2026-07-17 09:50:00,1909.9000244140625,1909.9000244140625,1910.0,1908.5,1908.699951171875,154097
2026-07-17 09:55:00,1908.800048828125,1908.800048828125,1910.0999755859375,1906.699951171875,1909.9000244140625,227557
2026-07-20 03:45:00,1933.699951171875,1933.699951171875,1937.0,1905.0,1905.0,0
2026-07-20 03:50:00,1934.800048828125,1934.800048828125,1934.800048828125,1932.5,1933.699951171875,78312
2026-07-20 03:55:00,1934.699951171875,1934.699951171875,1935.5,1932.199951171875,1934.800048828125,81570
2026-07-20 04:00:00,1931.0999755859375,1931.0999755859375,1935.199951171875,1929.0,1934.9000244140625,349192
2026-07-20 04:05:00,1931.5,1931.5,1932.4000244140625,1930.699951171875,1931.0999755859375,44000
2026-07-20 04:10:00,1930.800048828125,1930.800048828125,1931.300048828125,1930.199951171875,1930.199951171875,30933
2026-07-20 04:15:00,1931.5,1931.5,1931.5,1930.0999755859375,1930.800048828125,97804
2026-07-20 04:20:00,1932.699951171875,1932.699951171875,1935.300048828125,1930.4000244140625,1932.0,205835
2026-07-20 04:25:00,1931.0999755859375,1931.0999755859375,1933.0,1927.800048828125,1932.699951171875,100803
2026-07-20 04:30:00,1928.4000244140625,1928.4000244140625,1931.0999755859375,1928.4000244140625,1931.0999755859375,143302
2026-07-20 04:35:00,1932.5999755859375,1932.5999755859375,1935.0,1928.4000244140625,1929.0999755859375,254062
2026-07-20 04:40:00,1934.9000244140625,1934.9000244140625,1934.9000244140625,1931.5,1932.699951171875,70375
2026-07-20 04:45:00,1931.699951171875,1931.699951171875,1935.4000244140625,1931.0,1934.800048828125,106543
2026-07-20 04:50:00,1932.0,1932.0,1933.9000244140625,1931.5999755859375,1931.800048828125,28396
2026-07-20 04:55:00,1932.4000244140625,1932.4000244140625,1933.5999755859375,1931.0,1932.5,29280
2026-07-20 05:00:00,1935.0,1935.0,1935.5,1932.5999755859375,1933.0,36194
2026-07-20 05:05:00,1932.9000244140625,1932.9000244140625,1935.0,1930.5999755859375,1934.9000244140625,141674
2026-07-20 05:10:00,1934.699951171875,1934.699951171875,1934.9000244140625,1932.5999755859375,1933.0999755859375,27745
2026-07-20 05:15:00,1931.199951171875,1931.199951171875,1935.0,1930.5,1934.699951171875,180403
2026-07-20 05:20:00,1932.9000244140625,1932.9000244140625,1932.9000244140625,1930.699951171875,1931.199951171875,22086
2026-07-20 05:25:00,1934.0999755859375,1934.0999755859375,1934.199951171875,1932.0999755859375,1933.5,21866
2026-07-20 05:30:00,1932.199951171875,1932.199951171875,1933.9000244140625,1932.0999755859375,1933.800048828125,10685
2026-07-20 05:35:00,1932.4000244140625,1932.4000244140625,1933.5999755859375,1931.5999755859375,1932.9000244140625,19100
2026-07-20 05:40:00,1932.300048828125,1932.300048828125,1933.4000244140625,1931.5999755859375,1931.5999755859375,17323
2026-07-20 05:45:00,1933.4000244140625,1933.4000244140625,1934.0,1932.199951171875,1932.800048828125,34723
2026-07-20 05:50:00,1934.0999755859375,1934.0999755859375,1934.5,1932.4000244140625,1933.9000244140625,23546
2026-07-20 05:55:00,1934.0,1934.0,1935.800048828125,1933.800048828125,1934.5,23841
2026-07-20 06:00:00,1939.0,1939.0,1939.0,1933.699951171875,1934.199951171875,61763
2026-07-20 06:05:00,1936.5999755859375,1936.5999755859375,1939.9000244140625,1935.5999755859375,1939.0,53171
2026-07-20 06:10:00,1933.199951171875,1933.199951171875,1937.0,1932.699951171875,1936.800048828125,40931
2026-07-20 06:15:00,1933.800048828125,1933.800048828125,1934.300048828125,1932.699951171875,1933.5,24881
2026-07-20 06:20:00,1937.5,1937.5,1938.0,1933.300048828125,1934.300048828125,74445
2026-07-20 06:25:00,1937.0,1937.0,1937.5999755859375,1935.199951171875,1936.5,32925
2026-07-20 06:30:00,1935.800048828125,1935.800048828125,1937.199951171875,1932.9000244140625,1937.0,135638
2026-07-20 06:35:00,1935.5999755859375,1935.5999755859375,1935.699951171875,1932.699951171875,1935.699951171875,179481
2026-07-20 06:40:00,1935.5999755859375,1935.5999755859375,1936.0999755859375,1933.0,1935.5,157930
2026-07-20 06:45:00,1934.300048828125,1934.300048828125,1936.0,1933.0999755859375,1935.5999755859375,43537
2026-07-20 06:50:00,1933.199951171875,1933.199951171875,1934.699951171875,1932.199951171875,1934.5999755859375,72883
2026-07-20 06:55:00,1932.9000244140625,1932.9000244140625,1934.5,1932.0999755859375,1933.5,52656
2026-07-20 07:00:00,1933.699951171875,1933.699951171875,1935.800048828125,1932.0,1933.0,165021
2026-07-20 07:05:00,1933.300048828125,1933.300048828125,1934.199951171875,1933.300048828125,1933.699951171875,18303
2026-07-20 07:10:00,1934.300048828125,1934.300048828125,1934.5,1933.300048828125,1933.300048828125,11260
2026-07-20 07:15:00,1932.4000244140625,1932.4000244140625,1934.5,1930.5,1933.800048828125,183145
2026-07-20 07:20:00,1931.5999755859375,1931.5999755859375,1933.4000244140625,1931.5,1932.5,101792
2026-07-20 07:25:00,1934.5,1934.5,1934.800048828125,1931.5,1932.0,33367
2026-07-20 07:30:00,1934.0,1934.0,1934.699951171875,1933.5999755859375,1934.699951171875,21370
2026-07-20 07:35:00,1933.0999755859375,1933.0999755859375,1934.699951171875,1932.800048828125,1934.300048828125,59163
2026-07-20 07:40:00,1933.5999755859375,1933.5999755859375,1934.4000244140625,1932.5,1933.0999755859375,151611
2026-07-20 07:45:00,1931.9000244140625,1931.9000244140625,1933.4000244140625,1931.800048828125,1933.300048828125,83228
2026-07-20 07:50:00,1931.699951171875,1931.699951171875,1932.9000244140625,1931.0999755859375,1932.0,120818
2026-07-20 07:55:00,1931.300048828125,1931.300048828125,1931.9000244140625,1931.0,1931.0999755859375,68243
2026-07-20 08:00:00,1930.800048828125,1930.800048828125,1932.0,1930.699951171875,1931.800048828125,51823
2026-07-20 08:05:00,1932.0999755859375,1932.0999755859375,1932.5999755859375,1930.800048828125,1930.800048828125,67918
2026-07-20 08:10:00,1930.699951171875,1930.699951171875,1932.4000244140625,1930.699951171875,1932.0999755859375,19667
2026-07-20 08:15:00,1941.5999755859375,1941.5999755859375,1942.0,1930.4000244140625,1930.4000244140625,85486
2026-07-20 08:20:00,1937.199951171875,1937.199951171875,1942.0,1935.300048828125,1942.0,224217
2026-07-20 08:25:00,1938.0999755859375,1938.0999755859375,1938.699951171875,1936.0,1937.300048828125,25381
2026-07-20 08:30:00,1940.0,1940.0,1940.199951171875,1936.9000244140625,1938.0,39605
2026-07-20 08:35:00,1939.699951171875,1939.699951171875,1941.0999755859375,1939.0999755859375,1940.0,25652
2026-07-20 08:40:00,1939.0,1939.0,1939.699951171875,1937.0999755859375,1939.699951171875,65432
2026-07-20 08:45:00,1939.9000244140625,1939.9000244140625,1941.0999755859375,1938.0,1939.0999755859375,65338
2026-07-20 08:50:00,1939.0,1939.0,1939.9000244140625,1938.800048828125,1939.9000244140625,22979
2026-07-20 08:55:00,1938.9000244140625,1938.9000244140625,1939.300048828125,1937.699951171875,1939.300048828125,16539
2026-07-20 09:00:00,1937.4000244140625,1937.4000244140625,1938.9000244140625,1937.0,1938.5999755859375,24753
2026-07-20 09:05:00,1936.800048828125,1936.800048828125,1937.699951171875,1936.699951171875,1937.699951171875,21323
2026-07-20 09:10:00,1940.0,1940.0,1941.0,1936.800048828125,1936.800048828125,47511
2026-07-20 09:15:00,1939.0999755859375,1939.0999755859375,1940.0999755859375,1938.4000244140625,1940.0999755859375,51524
2026-07-20 09:20:00,1937.0,1937.0,1940.4000244140625,1936.699951171875,1939.199951171875,97757
2026-07-20 09:25:00,1936.5999755859375,1936.5999755859375,1938.300048828125,1936.5,1937.0,29818
2026-07-20 09:30:00,1938.5999755859375,1938.5999755859375,1938.5999755859375,1937.0,1937.0,117611
2026-07-20 09:35:00,1938.699951171875,1938.699951171875,1939.199951171875,1938.199951171875,1938.5,153272
2026-07-20 09:40:00,1939.300048828125,1939.300048828125,1939.300048828125,1938.5999755859375,1938.5999755859375,159242
2026-07-20 09:45:00,1941.199951171875,1941.199951171875,1941.800048828125,1939.300048828125,1939.300048828125,198165
2026-07-20 09:50:00,1942.4000244140625,1942.4000244140625,1942.4000244140625,1941.199951171875,1941.300048828125,160152
2026-07-20 09:55:00,1940.0999755859375,1940.0999755859375,1942.300048828125,1936.300048828125,1942.300048828125,224896
2026-07-21 03:45:00,1946.9000244140625,1946.9000244140625,1949.0,1942.0,1946.4000244140625,0
2026-07-21 03:50:00,1947.800048828125,1947.800048828125,1950.0999755859375,1946.9000244140625,1946.9000244140625,86844
2026-07-21 03:55:00,1947.800048828125,1947.800048828125,1948.5999755859375,1946.5,1947.300048828125,48255
2026-07-21 04:00:00,1945.5,1945.5,1948.0,1944.9000244140625,1947.9000244140625,30079
2026-07-21 04:05:00,1946.4000244140625,1946.4000244140625,1946.5,1944.0999755859375,1945.300048828125,32220
2026-07-21 04:10:00,1947.0,1947.0,1947.0,1945.5999755859375,1945.9000244140625,23644
2026-07-21 04:15:00,1946.0,1946.0,1947.0,1945.0,1947.0,33423
2026-07-21 04:20:00,1946.800048828125,1946.800048828125,1947.0999755859375,1946.0,1946.0999755859375,21577
2026-07-21 04:25:00,1946.800048828125,1946.800048828125,1946.9000244140625,1946.0,1946.9000244140625,13927
2026-07-21 04:30:00,1947.9000244140625,1947.9000244140625,1948.699951171875,1946.300048828125,1946.800048828125,87283
2026-07-21 04:35:00,1947.9000244140625,1947.9000244140625,1948.5999755859375,1947.4000244140625,1947.9000244140625,35806
2026-07-21 04:40:00,1946.5,1946.5,1948.5,1946.5,1947.9000244140625,19588
2026-07-21 04:45:00,1948.0,1948.0,1949.4000244140625,1945.300048828125,1946.5,134418
2026-07-21 04:50:00,1945.0,1945.0,1948.9000244140625,1942.5999755859375,1948.800048828125,85830
2026-07-21 04:55:00,1945.0,1945.0,1946.0,1944.0999755859375,1945.0,26235
2026-07-21 05:00:00,1946.300048828125,1946.300048828125,1946.300048828125,1944.5999755859375,1944.9000244140625,17330
2026-07-21 05:05:00,1944.300048828125,1944.300048828125,1946.5,1943.0999755859375,1946.300048828125,23844
2026-07-21 05:10:00,1942.199951171875,1942.199951171875,1944.800048828125,1942.199951171875,1944.300048828125,20114
2026-07-21 05:15:00,1941.699951171875,1941.699951171875,1942.4000244140625,1940.5999755859375,1942.4000244140625,19386
2026-07-21 05:20:00,1943.0,1943.0,1943.199951171875,1940.0,1942.0,47679
2026-07-21 05:25:00,1946.800048828125,1946.800048828125,1947.5999755859375,1943.0999755859375,1943.199951171875,36146
2026-07-21 05:30:00,1946.0999755859375,1946.0999755859375,1947.300048828125,1945.800048828125,1946.800048828125,30581
2026-07-21 05:35:00,1944.300048828125,1944.300048828125,1946.4000244140625,1944.300048828125,1946.0,39838
2026-07-21 05:40:00,1946.199951171875,1946.199951171875,1946.9000244140625,1944.300048828125,1944.300048828125,44554
2026-07-21 05:45:00,1946.199951171875,1946.199951171875,1946.5,1945.0999755859375,1946.300048828125,28946
2026-07-21 05:50:00,1946.5,1946.5,1946.5,1944.9000244140625,1946.199951171875,68050
2026-07-21 05:55:00,1944.699951171875,1944.699951171875,1946.699951171875,1943.5999755859375,1946.0,123250
2026-07-21 06:00:00,1944.9000244140625,1944.9000244140625,1945.699951171875,1943.0,1944.199951171875,46114
2026-07-21 06:05:00,1945.199951171875,1945.199951171875,1946.5999755859375,1943.5999755859375,1944.5,38021
2026-07-21 06:10:00,1944.5999755859375,1944.5999755859375,1945.0999755859375,1942.9000244140625,1945.0,37755
2026-07-21 06:15:00,1944.699951171875,1944.699951171875,1946.300048828125,1944.0,1944.0999755859375,35704
2026-07-21 06:20:00,1943.800048828125,1943.800048828125,1945.800048828125,1943.5,1944.9000244140625,115971
2026-07-21 06:25:00,1942.0999755859375,1942.0999755859375,1943.800048828125,1942.0999755859375,1943.800048828125,15410
2026-07-21 06:30:00,1941.0,1941.0,1942.9000244140625,1940.5999755859375,1942.800048828125,19087
2026-07-21 06:35:00,1941.199951171875,1941.199951171875,1941.199951171875,1938.9000244140625,1940.800048828125,28579
2026-07-21 06:40:00,1941.5,1941.5,1944.0999755859375,1941.0999755859375,1941.300048828125,56068
2026-07-21 06:45:00,1942.5999755859375,1942.5999755859375,1943.300048828125,1941.199951171875,1942.300048828125,24059
2026-07-21 06:50:00,1942.5,1942.5,1944.0,1941.800048828125,1942.5999755859375,38107
2026-07-21 06:55:00,1943.5,1943.5,1944.0999755859375,1942.199951171875,1942.199951171875,17963
2026-07-21 07:00:00,1943.5,1943.5,1945.5,1943.0,1943.5999755859375,41884
2026-07-21 07:05:00,1944.0,1944.0,1944.800048828125,1942.800048828125,1943.5999755859375,35388
2026-07-21 07:10:00,1944.699951171875,1944.699951171875,1945.699951171875,1943.300048828125,1943.699951171875,47229
2026-07-21 07:15:00,1945.0999755859375,1945.0999755859375,1945.0999755859375,1943.9000244140625,1944.699951171875,40546
2026-07-21 07:20:00,1944.5999755859375,1944.5999755859375,1945.300048828125,1943.5,1945.199951171875,80799
2026-07-21 07:25:00,1944.199951171875,1944.199951171875,1945.300048828125,1943.699951171875,1945.300048828125,36728
2026-07-21 07:30:00,1944.800048828125,1944.800048828125,1944.9000244140625,1944.0,1944.0999755859375,30349
2026-07-21 07:35:00,1944.0,1944.0,1945.300048828125,1943.199951171875,1944.5999755859375,29057
2026-07-21 07:40:00,1944.0999755859375,1944.0999755859375,1944.199951171875,1944.0,1944.0,34756
2026-07-21 07:45:00,1944.699951171875,1944.699951171875,1945.300048828125,1944.0,1944.0999755859375,56564
2026-07-21 07:50:00,1944.800048828125,1944.800048828125,1945.300048828125,1944.699951171875,1944.699951171875,14295
2026-07-21 07:55:00,1944.699951171875,1944.699951171875,1945.0999755859375,1944.5999755859375,1944.800048828125,60039
2026-07-21 08:00:00,1944.699951171875,1944.699951171875,1945.0999755859375,1944.0,1944.699951171875,17691
2026-07-21 08:05:00,1944.4000244140625,1944.4000244140625,1945.199951171875,1943.800048828125,1944.800048828125,134426
2026-07-21 08:10:00,1946.0999755859375,1946.0999755859375,1946.800048828125,1944.300048828125,1944.4000244140625,28755
2026-07-21 08:15:00,1948.0,1948.0,1948.0,1945.9000244140625,1946.699951171875,41243
2026-07-21 08:20:00,1947.0999755859375,1947.0999755859375,1948.300048828125,1945.5,1948.0,46053
2026-07-21 08:25:00,1945.199951171875,1945.199951171875,1947.0,1945.0,1947.0,48874
2026-07-21 08:30:00,1946.5999755859375,1946.5999755859375,1948.0,1945.300048828125,1945.300048828125,32024
2026-07-21 08:35:00,1945.9000244140625,1945.9000244140625,1947.199951171875,1945.699951171875,1946.5999755859375,23608
2026-07-21 08:40:00,1946.5999755859375,1946.5999755859375,1946.9000244140625,1945.699951171875,1945.9000244140625,57492
2026-07-21 08:45:00,1946.0,1946.0,1947.699951171875,1946.0,1946.5999755859375,50612
2026-07-21 08:50:00,1947.0999755859375,1947.0999755859375,1947.5,1945.0,1945.5,60278
2026-07-21 08:55:00,1947.199951171875,1947.199951171875,1948.199951171875,1946.9000244140625,1947.0999755859375,71184
2026-07-21 09:00:00,1946.9000244140625,1946.9000244140625,1947.5999755859375,1946.0,1947.300048828125,122165
2026-07-21 09:05:00,1947.0,1947.0,1947.699951171875,1945.199951171875,1947.0,84338
2026-07-21 09:10:00,1948.0,1948.0,1948.0,1946.5999755859375,1947.199951171875,39874
2026-07-21 09:15:00,1948.199951171875,1948.199951171875,1949.0,1946.5,1947.9000244140625,106945
2026-07-21 09:20:00,1947.0,1947.0,1948.800048828125,1945.5,1948.699951171875,95816
2026-07-21 09:25:00,1945.9000244140625,1945.9000244140625,1948.300048828125,1945.9000244140625,1947.0,51730
2026-07-21 09:30:00,1947.0,1947.0,1948.800048828125,1945.9000244140625,1945.9000244140625,202177
2026-07-21 09:35:00,1948.800048828125,1948.800048828125,1950.0,1947.0,1947.0,281619
2026-07-21 09:40:00,1947.5,1947.5,1949.0,1947.300048828125,1948.9000244140625,250928
2026-07-21 09:45:00,1948.0,1948.0,1949.199951171875,1947.300048828125,1947.4000244140625,224102
2026-07-21 09:50:00,1948.699951171875,1948.699951171875,1949.0,1947.0999755859375,1947.0999755859375,248154
2026-07-21 09:55:00,1948.4000244140625,1948.4000244140625,1950.4000244140625,1947.5,1948.699951171875,278869
2026-07-22 03:45:00,1945.5,1945.5,1949.699951171875,1943.699951171875,1944.4000244140625,0
2026-07-22 03:50:00,1947.0,1947.0,1947.0,1943.5,1946.0,90490
2026-07-22 03:55:00,1943.9000244140625,1943.9000244140625,1947.699951171875,1942.800048828125,1947.699951171875,91464
2026-07-22 04:00:00,1945.5,1945.5,1947.0,1943.5,1943.800048828125,80619
2026-07-22 04:05:00,1947.9000244140625,1947.9000244140625,1948.800048828125,1944.5,1945.5,80875
2026-07-22 04:10:00,1946.699951171875,1946.699951171875,1947.9000244140625,1946.0,1947.9000244140625,52987
2026-07-22 04:15:00,1946.0,1946.0,1946.5,1945.5,1946.5,61484
2026-07-22 04:20:00,1945.300048828125,1945.300048828125,1946.300048828125,1945.300048828125,1945.5,48013
2026-07-22 04:25:00,1946.0,1946.0,1946.800048828125,1945.300048828125,1945.5999755859375,49791
2026-07-22 04:30:00,1945.5,1945.5,1945.800048828125,1945.199951171875,1945.699951171875,129755
2026-07-22 04:35:00,1945.300048828125,1945.300048828125,1945.5999755859375,1944.9000244140625,1945.0999755859375,71403
2026-07-22 04:40:00,1944.800048828125,1944.800048828125,1946.5999755859375,1944.800048828125,1945.300048828125,36637
2026-07-22 04:45:00,1945.0,1945.0,1945.699951171875,1944.5,1944.5,68892
2026-07-22 04:50:00,1944.0999755859375,1944.0999755859375,1945.0999755859375,1944.0999755859375,1944.800048828125,42835
2026-07-22 04:55:00,1945.300048828125,1945.300048828125,1945.300048828125,1943.199951171875,1944.0999755859375,121725
2026-07-22 05:00:00,1941.800048828125,1941.800048828125,1945.699951171875,1941.800048828125,1945.699951171875,109096
2026-07-22 05:05:00,1940.5,1940.5,1941.9000244140625,1940.5,1941.9000244140625,49952
2026-07-22 05:10:00,1939.5,1939.5,1940.699951171875,1939.5,1940.5999755859375,61644
2026-07-22 05:15:00,1941.699951171875,1941.699951171875,1941.699951171875,1939.699951171875,1939.9000244140625,39948
2026-07-22 05:20:00,1943.4000244140625,1943.4000244140625,1944.199951171875,1940.4000244140625,1941.300048828125,36575
2026-07-22 05:25:00,1946.300048828125,1946.300048828125,1947.699951171875,1943.300048828125,1943.300048828125,47113
2026-07-22 05:30:00,1945.4000244140625,1945.4000244140625,1946.300048828125,1944.800048828125,1946.300048828125,35161
2026-07-22 05:35:00,1946.0999755859375,1946.0999755859375,1946.5999755859375,1944.5,1945.199951171875,53332
2026-07-22 05:40:00,1945.5,1945.5,1946.5,1944.4000244140625,1946.0,50749
2026-07-22 05:45:00,1945.0,1945.0,1945.800048828125,1944.9000244140625,1945.0,19741
2026-07-22 05:50:00,1946.0999755859375,1946.0999755859375,1946.800048828125,1944.300048828125,1945.5,32150
2026-07-22 05:55:00,1945.0,1945.0,1946.0999755859375,1944.4000244140625,1946.0999755859375,29654
2026-07-22 06:00:00,1945.9000244140625,1945.9000244140625,1947.699951171875,1945.5999755859375,1947.5,54596
2026-07-22 06:05:00,1942.699951171875,1942.699951171875,1945.9000244140625,1942.5,1945.9000244140625,26144
2026-07-22 06:10:00,1944.300048828125,1944.300048828125,1944.800048828125,1941.300048828125,1943.0,30495
2026-07-22 06:15:00,1943.4000244140625,1943.4000244140625,1944.9000244140625,1943.0,1944.699951171875,24193
2026-07-22 06:20:00,1944.699951171875,1944.699951171875,1944.9000244140625,1943.0999755859375,1943.0999755859375,32558
2026-07-22 06:25:00,1943.9000244140625,1943.9000244140625,1945.800048828125,1943.4000244140625,1944.699951171875,84592
2026-07-22 06:30:00,1942.0,1942.0,1943.9000244140625,1941.5,1943.5999755859375,115753
2026-07-22 06:35:00,1941.800048828125,1941.800048828125,1945.0999755859375,1941.5,1941.699951171875,87466
2026-07-22 06:40:00,1943.9000244140625,1943.9000244140625,1944.0999755859375,1941.5,1941.699951171875,69575
2026-07-22 06:45:00,1943.199951171875,1943.199951171875,1944.0,1942.0,1942.5,1087427
2026-07-22 06:50:00,1944.0999755859375,1944.0999755859375,1944.199951171875,1943.0,1943.0,50249
2026-07-22 06:55:00,1944.699951171875,1944.699951171875,1944.699951171875,1944.0,1944.0999755859375,22987
2026-07-22 07:00:00,1945.300048828125,1945.300048828125,1945.800048828125,1945.0999755859375,1945.300048828125,33496
2026-07-22 07:05:00,1946.5,1946.5,1947.4000244140625,1945.300048828125,1945.300048828125,36168
2026-07-22 07:10:00,1950.699951171875,1950.699951171875,1951.300048828125,1946.199951171875,1946.5,56385
2026-07-22 07:15:00,1951.9000244140625,1951.9000244140625,1952.5999755859375,1950.9000244140625,1950.9000244140625,50094
2026-07-22 07:20:00,1951.0,1951.0,1953.0,1950.9000244140625,1951.699951171875,36153
2026-07-22 07:25:00,1954.699951171875,1954.699951171875,1956.0,1950.9000244140625,1950.9000244140625,47218
2026-07-22 07:30:00,1953.4000244140625,1953.4000244140625,1954.699951171875,1952.300048828125,1954.5999755859375,31750
2026-07-22 07:35:00,1953.4000244140625,1953.4000244140625,1954.4000244140625,1951.4000244140625,1953.300048828125,57952
2026-07-22 07:40:00,1951.5,1951.5,1954.199951171875,1950.0999755859375,1954.199951171875,55472
2026-07-22 07:45:00,1950.300048828125,1950.300048828125,1951.5,1949.5,1951.5,83477
2026-07-22 07:50:00,1950.300048828125,1950.300048828125,1950.699951171875,1947.4000244140625,1950.4000244140625,36096
2026-07-22 07:55:00,1950.0,1950.0,1951.0,1949.9000244140625,1950.300048828125,40887
2026-07-22 08:00:00,1951.300048828125,1951.300048828125,1951.300048828125,1949.800048828125,1950.5999755859375,531404
2026-07-22 08:05:00,1950.0,1950.0,1952.0,1950.0,1951.300048828125,29706
2026-07-22 08:10:00,1947.800048828125,1947.800048828125,1950.0999755859375,1947.800048828125,1950.0999755859375,34525
2026-07-22 08:15:00,1946.9000244140625,1946.9000244140625,1947.9000244140625,1946.0,1947.9000244140625,28649
2026-07-22 08:20:00,1945.9000244140625,1945.9000244140625,1946.9000244140625,1945.5,1946.9000244140625,422348
2026-07-22 08:25:00,1946.5999755859375,1946.5999755859375,1946.9000244140625,1945.699951171875,1945.9000244140625,12668
2026-07-22 08:30:00,1945.5,1945.5,1947.699951171875,1945.5,1946.800048828125,17302
2026-07-22 08:35:00,1947.9000244140625,1947.9000244140625,1948.300048828125,1945.5,1945.5,22359
2026-07-22 08:40:00,1949.5,1949.5,1949.5,1947.4000244140625,1947.5,33449
2026-07-22 08:45:00,1949.0,1949.0,1950.5,1948.5999755859375,1949.5,57461
2026-07-22 08:50:00,1948.0999755859375,1948.0999755859375,1949.0,1946.699951171875,1949.0,55431
2026-07-22 08:55:00,1946.5999755859375,1946.5999755859375,1948.5999755859375,1946.4000244140625,1948.4000244140625,36179
2026-07-22 09:00:00,1947.0,1947.0,1947.5999755859375,1945.5,1946.5999755859375,48426
2026-07-22 09:05:00,1946.699951171875,1946.699951171875,1947.699951171875,1946.5999755859375,1947.4000244140625,16095
2026-07-22 09:10:00,1947.0,1947.0,1947.5999755859375,1946.0,1946.800048828125,31757
2026-07-22 09:15:00,1946.9000244140625,1946.9000244140625,1947.4000244140625,1946.0999755859375,1947.199951171875,28308
2026-07-22 09:20:00,1947.0,1947.0,1947.4000244140625,1946.4000244140625,1947.0,28214
2026-07-22 09:25:00,1946.4000244140625,1946.4000244140625,1947.4000244140625,1946.300048828125,1947.199951171875,31182
2026-07-22 09:30:00,1949.0,1949.0,1949.0999755859375,1947.0,1947.0,117746
2026-07-22 09:35:00,1950.0,1950.0,1950.5,1949.0999755859375,1949.4000244140625,188507
2026-07-22 09:40:00,1950.199951171875,1950.199951171875,1950.5,1949.0,1950.4000244140625,118149
2026-07-22 09:45:00,1950.199951171875,1950.199951171875,1950.699951171875,1949.9000244140625,1950.199951171875,126140
2026-07-22 09:50:00,1950.0,1950.0,1950.300048828125,1949.0,1950.199951171875,155772
2026-07-22 09:55:00,1950.5999755859375,1950.5999755859375,1950.699951171875,1946.699951171875,1948.0,354114
2026-07-23 03:45:00,1947.5999755859375,1947.5999755859375,1948.0,1940.699951171875,1948.0,62120
2026-07-23 03:50:00,1948.699951171875,1948.699951171875,1948.699951171875,1945.300048828125,1947.0,32252
2026-07-23 03:55:00,1945.5999755859375,1945.5999755859375,1948.5,1944.0999755859375,1948.5,52114
2026-07-23 04:00:00,1941.699951171875,1941.699951171875,1945.699951171875,1941.0,1945.699951171875,47149
2026-07-23 04:05:00,1940.0,1940.0,1942.0,1938.0999755859375,1941.800048828125,52175
2026-07-23 04:10:00,1938.5,1938.5,1940.0,1938.4000244140625,1940.0,43029
2026-07-23 04:15:00,1937.9000244140625,1937.9000244140625,1939.0,1936.0,1938.5,65110
2026-07-23 04:20:00,1939.300048828125,1939.300048828125,1941.199951171875,1938.0,1938.0,62493
2026-07-23 04:25:00,1940.5,1940.5,1942.0,1938.5,1939.5,44927
2026-07-23 04:30:00,1940.0,1940.0,1941.5,1939.4000244140625,1940.5,59284
2026-07-23 04:35:00,1947.5999755859375,1947.5999755859375,1948.0,1939.0,1940.199951171875,126290
2026-07-23 04:40:00,1939.5999755859375,1939.5999755859375,1947.9000244140625,1939.5999755859375,1947.300048828125,61727
2026-07-23 04:45:00,1935.0,1935.0,1939.699951171875,1935.0,1939.699951171875,73529
2026-07-23 04:50:00,1935.0,1935.0,1936.199951171875,1933.9000244140625,1934.5,75881
2026-07-23 04:55:00,1933.800048828125,1933.800048828125,1935.0,1933.5,1934.9000244140625,39742
2026-07-23 05:00:00,1933.9000244140625,1933.9000244140625,1935.0,1931.4000244140625,1933.699951171875,61273
2026-07-23 05:05:00,1934.699951171875,1934.699951171875,1935.300048828125,1933.9000244140625,1933.9000244140625,27718
2026-07-23 05:10:00,1934.9000244140625,1934.9000244140625,1937.0,1934.699951171875,1934.699951171875,40681
2026-07-23 05:15:00,1935.0,1935.0,1935.199951171875,1934.300048828125,1934.9000244140625,26486
2026-07-23 05:20:00,1934.300048828125,1934.300048828125,1937.199951171875,1934.300048828125,1934.9000244140625,143770
2026-07-23 05:25:00,1935.0999755859375,1935.0999755859375,1935.4000244140625,1933.199951171875,1934.4000244140625,68811
2026-07-23 05:30:00,1933.9000244140625,1933.9000244140625,1935.0999755859375,1933.699951171875,1935.0,58993
2026-07-23 05:35:00,1934.0999755859375,1934.0999755859375,1935.199951171875,1933.699951171875,1933.9000244140625,40525
2026-07-23 05:40:00,1933.0,1933.0,1935.199951171875,1933.0,1934.0999755859375,68091
2026-07-23 05:45:00,1934.5999755859375,1934.5999755859375,1934.800048828125,1932.5999755859375,1932.5999755859375,77231
2026-07-23 05:50:00,1935.0,1935.0,1935.300048828125,1934.300048828125,1934.5999755859375,65017
2026-07-23 05:55:00,1934.9000244140625,1934.9000244140625,1935.0,1934.4000244140625,1934.800048828125,26148
2026-07-23 06:00:00,1934.9000244140625,1934.9000244140625,1935.5999755859375,1934.699951171875,1934.9000244140625,211745
2026-07-23 06:05:00,1933.199951171875,1933.199951171875,1935.0,1933.0999755859375,1935.0,28361
2026-07-23 06:10:00,1935.300048828125,1935.300048828125,1936.9000244140625,1931.5999755859375,1933.0999755859375,62132
2026-07-23 06:15:00,1936.300048828125,1936.300048828125,1936.5,1934.300048828125,1935.300048828125,23601
2026-07-23 06:20:00,1936.0999755859375,1936.0999755859375,1936.5,1935.0,1936.199951171875,37801
2026-07-23 06:25:00,1936.199951171875,1936.199951171875,1936.5,1934.5999755859375,1936.0999755859375,32580
2026-07-23 06:30:00,1933.9000244140625,1933.9000244140625,1936.4000244140625,1932.0,1936.0999755859375,174736
2026-07-23 06:35:00,1934.9000244140625,1934.9000244140625,1935.300048828125,1933.699951171875,1933.9000244140625,38397
2026-07-23 06:40:00,1933.0999755859375,1933.0999755859375,1935.699951171875,1929.300048828125,1935.0999755859375,154607
2026-07-23 06:45:00,1934.5,1934.5,1934.699951171875,1930.699951171875,1932.5,89594
2026-07-23 06:50:00,1934.0999755859375,1934.0999755859375,1935.9000244140625,1933.5999755859375,1934.699951171875,31055
2026-07-23 06:55:00,1937.0,1937.0,1937.9000244140625,1934.0999755859375,1934.199951171875,37549
2026-07-23 07:00:00,1937.199951171875,1937.199951171875,1937.300048828125,1935.4000244140625,1937.0,58262
2026-07-23 07:05:00,1939.300048828125,1939.300048828125,1939.9000244140625,1935.5,1937.9000244140625,73177
2026-07-23 07:10:00,1936.4000244140625,1936.4000244140625,1939.4000244140625,1935.800048828125,1939.4000244140625,71031
2026-07-23 07:15:00,1936.5,1936.5,1938.699951171875,1936.0999755859375,1936.4000244140625,76838
2026-07-23 07:20:00,1937.0,1937.0,1937.0999755859375,1936.0999755859375,1936.9000244140625,27460
2026-07-23 07:25:00,1936.0999755859375,1936.0999755859375,1938.300048828125,1936.0,1937.0,46347
2026-07-23 07:30:00,1936.300048828125,1936.300048828125,1936.300048828125,1935.800048828125,1936.0999755859375,30574
2026-07-23 07:35:00,1931.699951171875,1931.699951171875,1936.300048828125,1931.0999755859375,1936.300048828125,66015
2026-07-23 07:40:00,1931.800048828125,1931.800048828125,1932.800048828125,1931.199951171875,1931.800048828125,47845
2026-07-23 07:45:00,1932.0,1932.0,1934.199951171875,1931.0,1931.699951171875,48458
2026-07-23 07:50:00,1934.0,1934.0,1934.0999755859375,1931.5,1932.0999755859375,52369
2026-07-23 07:55:00,1931.0,1931.0,1934.300048828125,1929.0,1934.0999755859375,127701
2026-07-23 08:00:00,1926.800048828125,1926.800048828125,1931.699951171875,1926.300048828125,1930.800048828125,87056
2026-07-23 08:05:00,1928.699951171875,1928.699951171875,1929.800048828125,1925.800048828125,1926.800048828125,93981
2026-07-23 08:10:00,1931.0,1931.0,1931.0,1928.0999755859375,1928.5,74634
2026-07-23 08:15:00,1930.300048828125,1930.300048828125,1932.9000244140625,1929.5999755859375,1930.699951171875,82928
2026-07-23 08:20:00,1929.800048828125,1929.800048828125,1930.9000244140625,1929.800048828125,1930.5999755859375,31322
2026-07-23 08:25:00,1929.9000244140625,1929.9000244140625,1930.4000244140625,1929.699951171875,1929.800048828125,25331
2026-07-23 08:30:00,1930.199951171875,1930.199951171875,1930.4000244140625,1928.699951171875,1929.9000244140625,34046
2026-07-23 08:35:00,1927.5999755859375,1927.5999755859375,1930.4000244140625,1927.0,1930.199951171875,33599
2026-07-23 08:40:00,1927.800048828125,1927.800048828125,1929.0,1927.0,1927.699951171875,32540
2026-07-23 08:45:00,1928.699951171875,1928.699951171875,1928.699951171875,1927.800048828125,1928.0,5955
