Date,Adj Close,Close,High,Low,Open,Volume
2026-07-15 03:45:00,812.2000122070312,812.2000122070312,812.4000244140625,809.9000244140625,811.0,0
2026-07-15 03:46:00,811.5999755859375,811.5999755859375,812.8499755859375,811.4500122070312,812.3499755859375,186248
2026-07-15 03:47:00,813.3499755859375,813.3499755859375,813.3499755859375,811.5999755859375,811.7000122070312,104072
2026-07-15 03:48:00,813.4500122070312,813.4500122070312,813.6500244140625,813.1500244140625,813.3499755859375,71761
2026-07-15 03:49:00,813.9000244140625,813.9000244140625,813.9000244140625,813.4000244140625,813.4500122070312,43570
2026-07-15 03:50:00,814.7999877929688,814.7999877929688,814.9500122070312,814.5999755859375,814.75,67127
2026-07-15 03:51:00,815.0,815.0,815.4500122070312,814.7999877929688,814.9000244140625,73075
2026-07-15 03:52:00,814.9000244140625,814.9000244140625,815.1500244140625,814.5999755859375,815.0,88677
2026-07-15 03:53:00,815.0,815.0,815.0,814.5,814.9000244140625,52928
2026-07-15 03:54:00,815.5,815.5,815.7000122070312,814.9000244140625,815.0999755859375,60988
2026-07-15 03:55:00,815.8499755859375,815.8499755859375,815.9000244140625,815.4000244140625,815.4000244140625,34275
2026-07-15 03:56:00,815.6500244140625,815.6500244140625,816.6500244140625,815.6500244140625,816.2000122070312,97085
2026-07-15 03:57:00,816.0,816.0,816.1500244140625,815.5499877929688,815.8499755859375,36749
2026-07-15 03:58:00,815.5499877929688,815.5499877929688,816.2999877929688,815.5499877929688,816.1500244140625,50693
2026-07-15 03:59:00,815.4500122070312,815.4500122070312,815.5,815.2999877929688,815.5,79548
2026-07-15 04:00:00,815.9000244140625,815.9000244140625,816.0,815.4500122070312,815.4500122070312,32968
2026-07-15 04:01:00,816.2000122070312,816.2000122070312,816.2999877929688,815.7999877929688,815.8499755859375,33389
2026-07-15 04:02:00,816.2000122070312,816.2000122070312,816.2000122070312,816.0499877929688,816.0499877929688,26663
2026-07-15 04:03:00,816.25,816.25,816.25,816.2000122070312,816.2000122070312,30042
2026-07-15 04:04:00,816.0499877929688,816.0499877929688,816.25,816.0499877929688,816.2000122070312,60195
2026-07-15 04:05:00,815.5,815.5,816.0499877929688,815.5,816.0499877929688,71101
2026-07-15 04:06:00,815.7000122070312,815.7000122070312,815.7000122070312,815.4000244140625,815.5999755859375,29523
2026-07-15 04:07:00,815.5999755859375,815.5999755859375,815.7000122070312,815.5999755859375,815.7000122070312,24488
2026-07-15 04:08:00,815.7000122070312,815.7000122070312,815.7000122070312,815.5499877929688,815.5999755859375,25960
2026-07-15 04:09:00,815.5499877929688,815.5499877929688,815.75,815.5499877929688,815.7000122070312,55220
2026-07-15 04:10:00,816.0999755859375,816.0999755859375,816.0999755859375,815.5,815.5,35857
2026-07-15 04:11:00,815.8499755859375,815.8499755859375,816.0999755859375,815.7999877929688,815.8499755859375,43343
2026-07-15 04:12:00,815.8499755859375,815.8499755859375,816.0999755859375,815.75,815.9000244140625,31140
2026-07-15 04:13:00,815.4500122070312,815.4500122070312,815.8499755859375,815.3499755859375,815.8499755859375,25836
2026-07-15 04:14:00,815.6500244140625,815.6500244140625,815.6500244140625,815.4000244140625,815.5,19367
2026-07-15 04:15:00,815.9500122070312,815.9500122070312,815.9500122070312,815.6500244140625,815.6500244140625,14739
2026-07-15 04:16:00,815.9000244140625,815.9000244140625,816.0,815.75,815.9000244140625,24331
2026-07-15 04:17:00,816.0499877929688,816.0499877929688,816.0999755859375,815.9000244140625,815.9000244140625,26812
2026-07-15 04:18:00,815.7999877929688,815.7999877929688,816.0,815.7999877929688,815.9500122070312,26046
2026-07-15 04:19:00,815.4000244140625,815.4000244140625,815.7999877929688,815.4000244140625,815.7999877929688,39870
2026-07-15 04:20:00,815.3499755859375,815.3499755859375,815.4500122070312,815.3499755859375,815.4500122070312,18666
2026-07-15 04:21:00,815.3499755859375,815.3499755859375,815.3499755859375,815.2000122070312,815.2999877929688,22039
2026-07-15 04:22:00,815.1500244140625,815.1500244140625,815.2999877929688,815.0999755859375,815.2999877929688,30878
2026-07-15 04:23:00,815.0499877929688,815.0499877929688,815.3499755859375,815.0499877929688,815.0499877929688,30187
2026-07-15 04:24:00,815.3499755859375,815.3499755859375,815.4500122070312,815.0499877929688,815.0499877929688,30272
2026-07-15 04:25:00,815.8499755859375,815.8499755859375,815.8499755859375,815.2999877929688,815.3499755859375,17111
2026-07-15 04:26:00,815.1500244140625,815.1500244140625,815.9000244140625,815.1500244140625,815.9000244140625,44792
2026-07-15 04:27:00,814.9000244140625,814.9000244140625,815.1500244140625,814.8499755859375,815.1500244140625,44506
2026-07-15 04:28:00,815.0499877929688,815.0499877929688,815.1500244140625,814.9000244140625,815.0499877929688,17450
2026-07-15 04:29:00,815.25,815.25,815.25,814.7999877929688,815.0999755859375,49375
2026-07-15 04:30:00,814.6500244140625,814.6500244140625,815.3499755859375,814.6500244140625,815.3499755859375,52395
2026-07-15 04:31:00,814.8499755859375,814.8499755859375,814.8499755859375,814.6500244140625,814.6500244140625,21169
2026-07-15 04:32:00,815.5,815.5,815.5,814.75,814.8499755859375,114078
2026-07-15 04:33:00,816.1500244140625,816.1500244140625,816.1500244140625,815.75,815.75,50446
2026-07-15 04:34:00,816.5999755859375,816.5999755859375,816.5999755859375,816.0999755859375,816.1500244140625,51511
2026-07-15 04:35:00,816.4500122070312,816.4500122070312,816.5999755859375,816.2999877929688,816.5999755859375,34629
2026-07-15 04:36:00,816.7999877929688,816.7999877929688,816.8499755859375,816.5,816.5,43801
2026-07-15 04:37:00,817.4500122070312,817.4500122070312,817.5,816.8499755859375,816.9500122070312,65119
2026-07-15 04:38:00,817.7000122070312,817.7000122070312,817.7999877929688,817.4000244140625,817.4000244140625,32733
2026-07-15 04:39:00,817.7000122070312,817.7000122070312,817.8499755859375,817.5499877929688,817.75,61900
2026-07-15 04:40:00,817.6500244140625,817.6500244140625,817.75,817.6500244140625,817.7000122070312,28242
2026-07-15 04:41:00,817.0999755859375,817.0999755859375,817.7000122070312,817.0999755859375,817.7000122070312,36551
2026-07-15 04:42:00,817.3499755859375,817.3499755859375,817.3499755859375,817.0999755859375,817.2000122070312,16826
2026-07-15 04:43:00,817.3499755859375,817.3499755859375,817.3499755859375,817.25,817.3499755859375,18060
2026-07-15 04:44:00,817.0999755859375,817.0999755859375,817.4000244140625,817.0999755859375,817.2999877929688,44158
2026-07-15 04:45:00,817.3499755859375,817.3499755859375,817.3499755859375,817.0999755859375,817.1500244140625,17348
2026-07-15 04:46:00,818.3499755859375,818.3499755859375,818.3499755859375,817.25,817.25,120758
2026-07-15 04:47:00,818.8499755859375,818.8499755859375,818.9500122070312,818.2999877929688,818.3499755859375,99153
2026-07-15 04:48:00,818.6500244140625,818.6500244140625,818.8499755859375,818.2999877929688,818.8499755859375,47438
2026-07-15 04:49:00,818.5499877929688,818.5499877929688,818.9500122070312,818.5499877929688,818.9500122070312,43956
2026-07-15 04:50:00,818.0999755859375,818.0999755859375,818.5999755859375,818.0,818.5999755859375,54117
2026-07-15 04:51:00,818.0,818.0,818.0999755859375,817.7999877929688,818.0999755859375,30733
2026-07-15 04:52:00,818.5499877929688,818.5499877929688,818.6500244140625,817.9500122070312,818.0,55930
2026-07-15 04:53:00,818.4000244140625,818.4000244140625,818.5999755859375,818.4000244140625,818.5499877929688,22033
2026-07-15 04:54:00,818.4000244140625,818.4000244140625,818.4500122070312,818.4000244140625,818.4000244140625,21325
2026-07-15 04:55:00,818.2999877929688,818.2999877929688,818.4000244140625,818.25,818.4000244140625,20173
2026-07-15 04:56:00,818.5,818.5,818.5,818.25,818.2999877929688,13906
2026-07-15 04:57:00,818.2000122070312,818.2000122070312,818.5,818.2000122070312,818.5,28336
2026-07-15 04:58:00,818.0999755859375,818.0999755859375,818.2000122070312,818.0499877929688,818.2000122070312,17224
2026-07-15 04:59:00,818.1500244140625,818.1500244140625,818.1500244140625,818.0499877929688,818.0999755859375,18138
2026-07-15 05:00:00,818.5,818.5,818.5,818.1500244140625,818.1500244140625,14296
2026-07-15 05:01:00,818.3499755859375,818.3499755859375,818.5,818.0999755859375,818.5,49936
2026-07-15 05:02:00,818.4500122070312,818.4500122070312,818.4500122070312,818.0999755859375,818.2999877929688,22800
2026-07-15 05:03:00,818.2999877929688,818.2999877929688,818.4500122070312,818.0499877929688,818.4000244140625,25805
2026-07-15 05:04:00,818.0499877929688,818.0499877929688,818.4000244140625,818.0,818.25,34105
2026-07-15 05:05:00,818.0,818.0,818.0999755859375,817.9000244140625,818.0999755859375,23430
2026-07-15 05:06:00,818.0,818.0,818.0999755859375,817.9000244140625,818.0999755859375,27634
2026-07-15 05:07:00,817.9500122070312,817.9500122070312,818.0,817.9000244140625,817.9500122070312,16590
2026-07-15 05:08:00,817.9500122070312,817.9500122070312,818.0,817.9500122070312,818.0,27664
2026-07-15 05:09:00,817.8499755859375,817.8499755859375,818.0,817.75,817.9500122070312,30951
2026-07-15 05:10:00,817.9500122070312,817.9500122070312,817.9500122070312,817.7999877929688,817.8499755859375,11443
2026-07-15 05:11:00,818.0999755859375,818.0999755859375,818.0999755859375,817.9500122070312,817.9500122070312,13954
2026-07-15 05:12:00,818.2999877929688,818.2999877929688,818.4500122070312,818.0999755859375,818.0999755859375,51939
2026-07-15 05:13:00,818.2000122070312,818.2000122070312,818.5,818.1500244140625,818.2999877929688,45097
2026-07-15 05:14:00,818.0499877929688,818.0499877929688,818.2000122070312,817.9000244140625,818.2000122070312,27745
2026-07-15 05:15:00,818.0499877929688,818.0499877929688,818.0499877929688,817.8499755859375,818.0,14146
2026-07-15 05:16:00,818.0,818.0,818.1500244140625,818.0,818.0,24255
2026-07-15 05:17:00,817.75,817.75,817.9500122070312,817.7000122070312,817.9500122070312,23021
2026-07-15 05:18:00,817.7999877929688,817.7999877929688,817.7999877929688,817.7000122070312,817.75,13388
2026-07-15 05:19:00,818.0,818.0,818.0999755859375,817.8499755859375,817.8499755859375,33700
2026-07-15 05:20:00,817.8499755859375,817.8499755859375,818.0999755859375,817.75,818.0,40923
2026-07-15 05:21:00,817.2999877929688,817.2999877929688,817.9000244140625,817.0,817.8499755859375,46095
2026-07-15 05:22:00,817.25,817.25,817.3499755859375,817.0499877929688,817.25,19630
2026-07-15 05:23:00,817.8499755859375,817.8499755859375,817.8499755859375,817.2000122070312,817.2000122070312,15441
2026-07-15 05:24:00,817.5,817.5,817.8499755859375,817.2000122070312,817.8499755859375,37543
2026-07-15 05:25:00,817.2999877929688,817.2999877929688,817.5,817.25,817.5,18289
2026-07-15 05:26:00,817.7999877929688,817.7999877929688,817.7999877929688,817.2999877929688,817.2999877929688,35780
2026-07-15 05:27:00,817.2000122070312,817.2000122070312,817.7000122070312,817.2000122070312,817.6500244140625,46654
2026-07-15 05:28:00,817.4500122070312,817.4500122070312,817.5,817.1500244140625,817.1500244140625,14472
2026-07-15 05:29:00,816.9000244140625,816.9000244140625,817.5,816.9000244140625,817.5,65494
2026-07-15 05:30:00,816.8499755859375,816.8499755859375,816.9500122070312,816.5499877929688,816.9000244140625,40145
2026-07-15 05:31:00,817.5499877929688,817.5499877929688,817.5499877929688,816.75,816.8499755859375,16785
2026-07-15 05:32:00,817.3499755859375,817.3499755859375,817.5,817.0,817.3499755859375,20159
2026-07-15 05:33:00,817.2000122070312,817.2000122070312,817.4500122070312,817.2000122070312,817.2999877929688,17648
2026-07-15 05:34:00,817.5999755859375,817.5999755859375,817.8499755859375,817.25,817.25,44754
2026-07-15 05:35:00,817.9000244140625,817.9000244140625,817.9000244140625,817.5,817.6500244140625,15954
2026-07-15 05:36:00,817.4000244140625,817.4000244140625,817.9000244140625,817.3499755859375,817.7999877929688,18666
2026-07-15 05:37:00,817.5499877929688,817.5499877929688,817.6500244140625,817.4500122070312,817.4500122070312,11162
2026-07-15 05:38:00,817.6500244140625,817.6500244140625,817.75,817.5499877929688,817.5999755859375,12880
2026-07-15 05:39:00,817.6500244140625,817.6500244140625,817.7000122070312,817.5999755859375,817.5999755859375,12972
2026-07-15 05:40:00,817.6500244140625,817.6500244140625,817.7999877929688,817.6500244140625,817.6500244140625,20178
2026-07-15 05:41:00,817.2999877929688,817.2999877929688,817.75,817.25,817.7000122070312,26922
2026-07-15 05:42:00,817.4500122070312,817.4500122070312,817.5,817.25,817.3499755859375,8312
2026-07-15 05:43:00,816.9500122070312,816.9500122070312,817.4500122070312,816.6500244140625,817.4500122070312,28468
2026-07-15 05:44:00,816.4500122070312,816.4500122070312,816.9500122070312,816.3499755859375,816.9500122070312,19083
2026-07-15 05:45:00,816.6500244140625,816.6500244140625,816.6500244140625,816.4000244140625,816.4000244140625,22438
2026-07-15 05:46:00,816.5,816.5,816.6500244140625,816.2999877929688,816.5999755859375,52438
2026-07-15 05:47:00,816.7999877929688,816.7999877929688,817.25,816.5499877929688,816.5499877929688,34730
2026-07-15 05:48:00,817.0499877929688,817.0499877929688,817.0999755859375,816.75,816.7999877929688,9856
2026-07-15 05:49:00,816.8499755859375,816.8499755859375,817.2000122070312,816.75,817.0,26430
2026-07-15 05:50:00,816.7000122070312,816.7000122070312,816.8499755859375,816.6500244140625,816.8499755859375,26069
2026-07-15 05:51:00,816.75,816.75,817.2000122070312,816.5,816.7000122070312,41085
2026-07-15 05:52:00,817.0,817.0,817.0499877929688,816.4500122070312,816.9000244140625,34181
2026-07-15 05:53:00,817.0999755859375,817.0999755859375,817.0999755859375,816.5499877929688,817.0,42962
2026-07-15 05:54:00,816.8499755859375,816.8499755859375,817.0999755859375,816.75,817.0999755859375,22497
2026-07-15 05:55:00,817.1500244140625,817.1500244140625,817.2000122070312,816.8499755859375,816.8499755859375,26078
2026-07-15 05:56:00,816.8499755859375,816.8499755859375,817.1500244140625,816.7999877929688,817.1500244140625,25934
2026-07-15 05:57:00,817.2999877929688,817.2999877929688,817.4500122070312,816.8499755859375,816.9000244140625,121737
2026-07-15 05:58:00,818.1500244140625,818.1500244140625,818.1500244140625,817.4000244140625,817.5,43095
2026-07-15 05:59:00,818.4000244140625,818.4000244140625,818.4500122070312,818.0999755859375,818.0999755859375,35979
2026-07-15 06:00:00,818.4000244140625,818.4000244140625,818.4000244140625,818.3499755859375,818.4000244140625,42292
2026-07-15 06:01:00,818.4000244140625,818.4000244140625,818.7999877929688,818.25,818.4000244140625,102031
2026-07-15 06:02:00,818.8499755859375,818.8499755859375,818.9000244140625,818.2999877929688,818.3499755859375,39400
2026-07-15 06:03:00,818.75,818.75,818.9000244140625,818.7000122070312,818.8499755859375,48239
2026-07-15 06:04:00,819.0,819.0,819.0,818.7999877929688,818.7999877929688,41478
2026-07-15 06:05:00,819.0,819.0,819.0999755859375,818.9000244140625,819.0,72862
2026-07-15 06:06:00,818.7000122070312,818.7000122070312,819.0999755859375,818.5999755859375,819.0499877929688,50232
2026-07-15 06:07:00,819.0,819.0,819.0,818.5999755859375,818.5999755859375,32688
2026-07-15 06:08:00,818.5,818.5,819.0,818.5,818.9500122070312,47067
2026-07-15 06:09:00,818.25,818.25,818.5999755859375,818.1500244140625,818.5999755859375,36904
2026-07-15 06:10:00,818.0999755859375,818.0999755859375,818.5499877929688,818.0999755859375,818.25,43942
2026-07-15 06:11:00,818.25,818.25,818.5499877929688,818.1500244140625,818.2000122070312,47115
2026-07-15 06:12:00,817.7999877929688,817.7999877929688,818.2000122070312,817.7999877929688,818.2000122070312,32290
2026-07-15 06:13:00,817.2999877929688,817.2999877929688,817.8499755859375,817.25,817.8499755859375,36800
2026-07-15 06:14:00,817.0499877929688,817.0499877929688,817.4000244140625,817.0,817.3499755859375,53516
2026-07-15 06:15:00,817.5499877929688,817.5499877929688,817.5499877929688,816.9500122070312,817.0499877929688,55232
2026-07-15 06:16:00,817.2999877929688,817.2999877929688,817.5499877929688,817.2000122070312,817.5499877929688,25403
2026-07-15 06:17:00,817.1500244140625,817.1500244140625,817.5,817.0,817.2999877929688,45265
2026-07-15 06:18:00,817.6500244140625,817.6500244140625,817.6500244140625,817.1500244140625,817.1500244140625,37123
2026-07-15 06:19:00,817.9000244140625,817.9000244140625,817.9000244140625,817.6500244140625,817.7000122070312,32288
2026-07-15 06:20:00,817.4500122070312,817.4500122070312,817.9000244140625,817.4500122070312,817.9000244140625,38311
2026-07-15 06:21:00,817.5999755859375,817.5999755859375,817.8499755859375,817.2999877929688,817.4500122070312,58576
2026-07-15 06:22:00,817.7000122070312,817.7000122070312,817.75,817.25,817.6500244140625,29522
2026-07-15 06:23:00,817.4500122070312,817.4500122070312,817.8499755859375,817.4000244140625,817.75,39903
2026-07-15 06:24:00,817.4500122070312,817.4500122070312,817.7000122070312,817.2000122070312,817.4500122070312,96627
2026-07-15 06:25:00,817.8499755859375,817.8499755859375,817.9000244140625,817.25,817.5,34850
2026-07-15 06:26:00,818.0,818.0,818.1500244140625,817.75,817.75,31892
2026-07-15 06:27:00,817.5499877929688,817.5499877929688,818.0,817.4500122070312,818.0,38253
2026-07-15 06:28:00,817.7000122070312,817.7000122070312,817.8499755859375,817.4000244140625,817.5499877929688,28486
2026-07-15 06:29:00,817.7999877929688,817.7999877929688,818.0,817.7000122070312,817.7999877929688,17441
2026-07-15 06:30:00,818.1500244140625,818.1500244140625,818.25,817.8499755859375,817.8499755859375,25373
2026-07-15 06:31:00,818.2999877929688,818.2999877929688,818.4500122070312,818.1500244140625,818.25,27966
2026-07-15 06:32:00,818.25,818.25,818.4000244140625,818.25,818.4000244140625,38824
2026-07-15 06:33:00,818.2999877929688,818.2999877929688,818.5,818.2000122070312,818.2000122070312,28408
2026-07-15 06:34:00,818.5499877929688,818.5499877929688,818.5999755859375,818.1500244140625,818.2000122070312,28477
2026-07-15 06:35:00,818.8499755859375,818.8499755859375,818.8499755859375,818.5,818.5,32460
2026-07-15 06:36:00,818.9500122070312,818.9500122070312,819.0,818.75,818.8499755859375,93163
2026-07-15 06:37:00,818.9000244140625,818.9000244140625,819.0999755859375,818.75,818.9500122070312,64393
2026-07-15 06:38:00,818.7999877929688,818.7999877929688,819.0499877929688,818.75,818.9500122070312,41459
2026-07-15 06:39:00,818.7999877929688,818.7999877929688,818.8499755859375,818.5499877929688,818.7999877929688,48078
2026-07-15 06:40:00,818.7000122070312,818.7000122070312,818.8499755859375,818.4000244140625,818.7999877929688,41513
2026-07-15 06:41:00,818.6500244140625,818.6500244140625,818.9000244140625,818.5,818.5499877929688,45487
2026-07-15 06:42:00,818.4000244140625,818.4000244140625,818.6500244140625,818.1500244140625,818.6500244140625,33831
2026-07-15 06:43:00,818.8499755859375,818.8499755859375,818.9000244140625,818.25,818.4000244140625,29000
2026-07-15 06:44:00,819.0,819.0,819.0,818.4500122070312,818.7000122070312,37842
2026-07-15 06:45:00,819.0499877929688,819.0499877929688,819.0499877929688,818.6500244140625,819.0,29765
2026-07-15 06:46:00,818.9500122070312,818.9500122070312,818.9500122070312,818.4500122070312,818.9500122070312,39879
2026-07-15 06:47:00,819.0,819.0,819.0,818.7000122070312,818.7999877929688,19220
2026-07-15 06:48:00,819.0,819.0,819.0999755859375,818.9000244140625,819.0,24849
2026-07-15 06:49:00,819.2000122070312,819.2000122070312,819.25,819.0499877929688,819.0999755859375,31560
2026-07-15 06:50:00,819.1500244140625,819.1500244140625,819.25,819.0999755859375,819.2000122070312,34999
2026-07-15 06:51:00,819.2000122070312,819.2000122070312,819.25,819.1500244140625,819.1500244140625,44149
2026-07-15 06:52:00,819.2000122070312,819.2000122070312,819.2000122070312,819.1500244140625,819.2000122070312,30724
2026-07-15 06:53:00,819.0499877929688,819.0499877929688,819.1500244140625,819.0,819.1500244140625,37494
2026-07-15 06:54:00,819.25,819.25,819.25,818.9000244140625,819.0499877929688,46774
2026-07-15 06:55:00,819.4500122070312,819.4500122070312,819.4500122070312,819.2000122070312,819.2999877929688,44312
2026-07-15 06:56:00,819.2999877929688,819.2999877929688,819.7000122070312,819.2000122070312,819.4000244140625,59107
2026-07-15 06:57:00,819.1500244140625,819.1500244140625,819.4000244140625,819.0999755859375,819.2999877929688,45642
2026-07-15 06:58:00,819.0,819.0,819.25,818.9500122070312,819.2000122070312,36782
2026-07-15 06:59:00,818.5499877929688,818.5499877929688,818.9500122070312,818.5,818.9500122070312,48693
2026-07-15 07:00:00,818.8499755859375,818.8499755859375,818.9000244140625,818.4500122070312,818.5499877929688,27782
2026-07-15 07:01:00,818.7999877929688,818.7999877929688,818.9000244140625,818.5,818.8499755859375,33740
2026-07-15 07:02:00,818.75,818.75,818.9000244140625,818.7000122070312,818.7999877929688,26930
2026-07-15 07:03:00,818.4500122070312,818.4500122070312,818.7999877929688,818.3499755859375,818.75,46107
2026-07-15 07:04:00,818.5499877929688,818.5499877929688,818.7999877929688,818.4500122070312,818.5,32534
2026-07-15 07:05:00,818.5999755859375,818.5999755859375,818.5999755859375,818.3499755859375,818.5,34248
2026-07-15 07:06:00,818.2999877929688,818.2999877929688,818.5999755859375,818.25,818.5499877929688,28758
2026-07-15 07:07:00,818.7999877929688,818.7999877929688,818.8499755859375,818.2999877929688,818.3499755859375,30721
2026-07-15 07:08:00,818.0499877929688,818.0499877929688,818.7999877929688,818.0,818.7999877929688,63758
2026-07-15 07:09:00,818.0499877929688,818.0499877929688,818.4000244140625,818.0,818.0499877929688,46312
2026-07-15 07:10:00,818.0999755859375,818.0999755859375,818.25,818.0,818.0499877929688,56013
2026-07-15 07:11:00,818.3499755859375,818.3499755859375,818.3499755859375,817.9000244140625,818.0999755859375,54068
2026-07-15 07:12:00,818.75,818.75,818.75,818.1500244140625,818.3499755859375,22288
2026-07-15 07:13:00,818.9000244140625,818.9000244140625,818.9000244140625,818.4000244140625,818.4500122070312,20060
2026-07-15 07:14:00,819.0999755859375,819.0999755859375,819.0999755859375,818.8499755859375,818.9000244140625,22268
2026-07-15 07:15:00,819.0,819.0,819.2000122070312,818.9500122070312,819.0499877929688,29727
2026-07-15 07:16:00,818.9500122070312,818.9500122070312,819.0,818.5499877929688,819.0,39914
2026-07-15 07:17:00,818.9000244140625,818.9000244140625,819.0,818.6500244140625,818.9500122070312,31385
2026-07-15 07:18:00,818.7999877929688,818.7999877929688,819.0,818.7000122070312,818.9500122070312,29371
2026-07-15 07:19:00,818.6500244140625,818.6500244140625,818.8499755859375,818.4000244140625,818.7999877929688,56329
2026-07-15 07:20:00,818.5,818.5,818.7000122070312,818.2999877929688,818.4000244140625,56162
2026-07-15 07:21:00,818.25,818.25,818.5,818.25,818.5,33244
2026-07-15 07:22:00,818.0,818.0,818.25,817.7000122070312,818.1500244140625,60185
2026-07-15 07:23:00,817.2999877929688,817.2999877929688,818.0,817.2999877929688,818.0,48948
2026-07-15 07:24:00,816.7999877929688,816.7999877929688,817.1500244140625,816.4000244140625,817.1500244140625,100658
2026-07-15 07:25:00,814.5499877929688,814.5499877929688,816.8499755859375,814.5499877929688,816.8499755859375,131897
2026-07-15 07:26:00,812.0,812.0,814.75,812.0,814.5499877929688,139594
2026-07-15 07:27:00,811.0,811.0,813.0999755859375,810.5,812.0,173625
2026-07-15 07:28:00,813.0,813.0,813.0,810.2999877929688,810.7999877929688,226762
2026-07-15 07:29:00,812.25,812.25,813.4000244140625,811.9000244140625,813.3499755859375,93214
2026-07-15 07:30:00,813.2999877929688,813.2999877929688,813.2999877929688,811.2000122070312,812.25,51968
2026-07-15 07:31:00,813.3499755859375,813.3499755859375,813.75,812.5,813.1500244140625,86567
2026-07-15 07:32:00,813.2000122070312,813.2000122070312,813.75,813.1500244140625,813.3499755859375,87325
2026-07-15 07:33:00,813.2999877929688,813.2999877929688,813.5999755859375,812.9500122070312,813.1500244140625,68097
2026-07-15 07:34:00,813.0,813.0,813.4000244140625,813.0,813.2999877929688,80431
2026-07-15 07:35:00,813.2000122070312,813.2000122070312,813.4500122070312,812.7999877929688,813.0,133902
2026-07-15 07:36:00,812.7999877929688,812.7999877929688,813.0999755859375,812.5,813.0999755859375,252476
2026-07-15 07:37:00,812.1500244140625,812.1500244140625,812.9000244140625,812.1500244140625,812.75,174952
2026-07-15 07:38:00,811.7000122070312,811.7000122070312,812.4000244140625,811.5,812.1500244140625,164070
2026-07-15 07:39:00,810.5999755859375,810.5999755859375,811.7000122070312,810.5999755859375,811.7000122070312,70579
2026-07-15 07:40:00,810.9000244140625,810.9000244140625,811.0999755859375,810.2999877929688,810.75,116780
2026-07-15 07:41:00,810.9000244140625,810.9000244140625,811.25,810.6500244140625,810.9000244140625,42398
2026-07-15 07:42:00,810.7999877929688,810.7999877929688,811.5499877929688,810.7000122070312,810.8499755859375,46893
2026-07-15 07:43:00,810.5,810.5,810.9000244140625,810.2000122070312,810.7999877929688,76725
2026-07-15 07:44:00,811.4000244140625,811.4000244140625,811.4000244140625,810.2999877929688,810.5,37408
2026-07-15 07:45:00,812.3499755859375,812.3499755859375,812.5,810.9000244140625,811.3499755859375,52147
2026-07-15 07:46:00,812.9000244140625,812.9000244140625,813.2000122070312,811.8499755859375,812.2999877929688,87322
2026-07-15 07:47:00,812.4500122070312,812.4500122070312,813.0,812.2000122070312,813.0,70017
2026-07-15 07:48:00,813.0999755859375,813.0999755859375,813.1500244140625,812.5499877929688,812.7000122070312,59610
2026-07-15 07:49:00,813.5999755859375,813.5999755859375,813.8499755859375,813.2000122070312,813.2000122070312,64127
2026-07-15 07:50:00,813.6500244140625,813.6500244140625,813.7000122070312,813.1500244140625,813.5,63992
2026-07-15 07:51:00,813.6500244140625,813.6500244140625,814.0,813.4500122070312,813.5999755859375,57417
2026-07-15 07:52:00,812.9000244140625,812.9000244140625,813.7999877929688,812.6500244140625,813.7999877929688,76777
2026-07-15 07:53:00,813.0,813.0,813.0,812.5999755859375,812.9500122070312,49707
2026-07-15 07:54:00,813.0,813.0,813.0,812.7999877929688,813.0,36334
2026-07-15 07:55:00,812.9500122070312,812.9500122070312,813.0,812.7999877929688,813.0,34443
2026-07-15 07:56:00,812.8499755859375,812.8499755859375,813.0,812.8499755859375,812.9000244140625,29563
2026-07-15 07:57:00,812.6500244140625,812.6500244140625,813.0,812.5999755859375,812.8499755859375,41376
2026-07-15 07:58:00,813.0,813.0,813.0,812.5499877929688,812.6500244140625,30343
2026-07-15 07:59:00,812.9500122070312,812.9500122070312,813.2999877929688,812.8499755859375,813.0,31976
2026-07-15 08:00:00,812.75,812.75,813.0,812.5,813.0,67647
2026-07-15 08:01:00,812.75,812.75,812.75,812.5999755859375,812.75,22983
2026-07-15 08:02:00,812.5999755859375,812.5999755859375,813.0999755859375,812.4500122070312,812.7000122070312,70024
2026-07-15 08:03:00,812.75,812.75,812.7999877929688,812.4500122070312,812.7999877929688,31775
2026-07-15 08:04:00,812.7000122070312,812.7000122070312,812.75,812.2000122070312,812.75,51814
2026-07-15 08:05:00,812.5999755859375,812.5999755859375,812.9000244140625,812.3499755859375,812.7000122070312,41275
2026-07-15 08:06:00,812.9500122070312,812.9500122070312,812.9500122070312,812.5999755859375,812.6500244140625,32928
2026-07-15 08:07:00,813.0,813.0,813.0499877929688,812.5,813.0499877929688,32931
2026-07-15 08:08:00,813.0999755859375,813.0999755859375,813.1500244140625,812.5999755859375,813.1500244140625,36317
2026-07-15 08:09:00,813.1500244140625,813.1500244140625,813.3499755859375,812.9500122070312,812.9500122070312,16252
2026-07-15 08:10:00,813.0,813.0,813.3499755859375,812.5999755859375,813.2999877929688,41803
2026-07-15 08:11:00,812.5499877929688,812.5499877929688,813.0,812.2000122070312,812.9000244140625,47284
2026-07-15 08:12:00,812.9500122070312,812.9500122070312,813.0,812.5499877929688,812.5499877929688,21531
2026-07-15 08:13:00,812.6500244140625,812.6500244140625,813.0,812.5499877929688,812.9000244140625,27531
2026-07-15 08:14:00,813.0999755859375,813.0999755859375,813.0999755859375,812.6500244140625,812.7000122070312,47442
2026-07-15 08:15:00,813.5,813.5,813.5,812.75,813.2000122070312,59021
2026-07-15 08:16:00,813.25,813.25,813.5,813.2000122070312,813.5,27656
2026-07-15 08:17:00,813.2999877929688,813.2999877929688,813.5,812.9500122070312,813.2000122070312,36439
2026-07-15 08:18:00,813.3499755859375,813.3499755859375,814.0499877929688,813.2999877929688,813.2999877929688,61126
2026-07-15 08:19:00,813.7999877929688,813.7999877929688,813.7999877929688,813.1500244140625,813.3499755859375,42151
2026-07-15 08:20:00,813.4000244140625,813.4000244140625,813.9000244140625,813.2999877929688,813.7999877929688,26886
2026-07-15 08:21:00,812.5499877929688,812.5499877929688,813.3499755859375,812.5499877929688,813.3499755859375,40961
2026-07-15 08:22:00,812.5999755859375,812.5999755859375,812.9500122070312,812.5499877929688,812.5999755859375,23498
2026-07-15 08:23:00,812.5,812.5,812.7000122070312,812.0999755859375,812.5999755859375,82017
2026-07-15 08:24:00,812.6500244140625,812.6500244140625,812.7999877929688,812.3499755859375,812.5,21728
2026-07-15 08:25:00,812.4000244140625,812.4000244140625,812.7000122070312,812.3499755859375,812.7000122070312,29425
2026-07-15 08:26:00,813.1500244140625,813.1500244140625,813.2000122070312,812.4000244140625,812.5999755859375,45761
2026-07-15 08:27:00,813.2000122070312,813.2000122070312,813.4000244140625,812.6500244140625,813.25,97256
2026-07-15 08:28:00,813.2999877929688,813.2999877929688,813.5999755859375,813.0,813.4000244140625,40009
2026-07-15 08:29:00,813.7000122070312,813.7000122070312,813.9000244140625,813.3499755859375,813.3499755859375,40469
2026-07-15 08:30:00,813.9500122070312,813.9500122070312,814.0,813.5999755859375,813.75,27946
2026-07-15 08:31:00,813.3499755859375,813.3499755859375,814.0,813.2999877929688,813.9500122070312,40464
2026-07-15 08:32:00,813.7000122070312,813.7000122070312,813.8499755859375,813.25,813.3499755859375,37131
2026-07-15 08:33:00,813.9000244140625,813.9000244140625,814.0499877929688,813.5,813.7000122070312,46627
2026-07-15 08:34:00,814.1500244140625,814.1500244140625,814.25,813.7999877929688,813.9000244140625,38370
2026-07-15 08:35:00,814.2999877929688,814.2999877929688,814.4000244140625,814.0499877929688,814.2000122070312,38778
2026-07-15 08:36:00,814.7000122070312,814.7000122070312,814.8499755859375,814.0,814.2999877929688,36416
2026-07-15 08:37:00,815.1500244140625,815.1500244140625,815.2000122070312,814.6500244140625,814.7000122070312,48021
2026-07-15 08:38:00,815.5499877929688,815.5499877929688,815.6500244140625,814.75,815.3499755859375,30333
2026-07-15 08:39:00,815.6500244140625,815.6500244140625,815.6500244140625,815.2000122070312,815.4500122070312,52333
2026-07-15 08:40:00,815.1500244140625,815.1500244140625,815.5499877929688,815.0,815.5499877929688,33804
2026-07-15 08:41:00,815.5999755859375,815.5999755859375,815.5999755859375,815.0999755859375,815.1500244140625,22904
2026-07-15 08:42:00,815.2000122070312,815.2000122070312,815.5999755859375,815.2000122070312,815.5999755859375,38247
2026-07-15 08:43:00,815.3499755859375,815.3499755859375,815.5999755859375,815.25,815.25,37766
2026-07-15 08:44:00,815.4000244140625,815.4000244140625,815.5999755859375,815.2999877929688,815.3499755859375,27202
2026-07-15 08:45:00,815.75,815.75,815.7999877929688,815.5,815.5,59297
2026-07-15 08:46:00,815.75,815.75,816.0,815.5999755859375,815.7000122070312,48829
2026-07-15 08:47:00,815.0999755859375,815.0999755859375,815.7999877929688,814.75,815.7999877929688,81631
2026-07-15 08:48:00,815.0499877929688,815.0499877929688,815.0999755859375,814.5,815.0999755859375,58104
2026-07-15 08:49:00,815.0,815.0,815.5,814.7000122070312,815.2999877929688,312767
2026-07-15 08:50:00,814.0999755859375,814.0999755859375,815.1500244140625,813.9000244140625,814.9500122070312,192604
2026-07-15 08:51:00,815.25,815.25,815.25,813.7999877929688,814.2000122070312,188622
2026-07-15 08:52:00,815.25,815.25,815.4000244140625,815.0,815.25,29470
2026-07-15 08:53:00,815.25,815.25,815.4000244140625,815.0499877929688,815.25,30241
2026-07-15 08:54:00,815.0,815.0,815.25,814.6500244140625,815.1500244140625,49423
2026-07-15 08:55:00,815.0,815.0,815.1500244140625,814.8499755859375,815.0999755859375,34300
2026-07-15 08:56:00,814.9000244140625,814.9000244140625,815.2999877929688,814.8499755859375,815.0,50691
2026-07-15 08:57:00,815.2999877929688,815.2999877929688,815.2999877929688,814.5499877929688,815.0,45644
2026-07-15 08:58:00,815.25,815.25,815.2999877929688,815.0499877929688,815.2999877929688,28530
2026-07-15 08:59:00,815.2999877929688,815.2999877929688,815.2999877929688,815.25,815.25,27673
2026-07-15 09:00:00,815.4000244140625,815.4000244140625,815.5499877929688,815.25,815.25,58181
2026-07-15 09:01:00,815.5999755859375,815.5999755859375,815.9000244140625,815.2999877929688,815.4000244140625,46520
2026-07-15 09:02:00,815.8499755859375,815.8499755859375,815.8499755859375,815.4500122070312,815.5999755859375,24849
2026-07-15 09:03:00,815.9500122070312,815.9500122070312,816.0499877929688,815.75,815.9000244140625,56222
2026-07-15 09:04:00,815.7999877929688,815.7999877929688,816.2999877929688,815.7999877929688,816.0499877929688,58629
2026-07-15 09:05:00,816.5499877929688,816.5499877929688,816.5999755859375,815.7999877929688,815.8499755859375,127888
2026-07-15 09:06:00,816.2999877929688,816.2999877929688,816.6500244140625,816.0,816.4000244140625,228467
2026-07-15 09:07:00,815.2000122070312,815.2000122070312,816.5999755859375,815.1500244140625,816.0,111311
2026-07-15 09:08:00,816.4000244140625,816.4000244140625,816.4000244140625,815.0499877929688,815.2000122070312,143648
2026-07-15 09:09:00,816.3499755859375,816.3499755859375,816.5,816.2000122070312,816.2000122070312,48414
2026-07-15 09:10:00,816.0,816.0,816.5,815.75,816.3499755859375,66744
2026-07-15 09:11:00,816.2000122070312,816.2000122070312,816.2999877929688,816.0,816.0,37265
2026-07-15 09:12:00,816.3499755859375,816.3499755859375,816.5,816.2000122070312,816.25,66293
2026-07-15 09:13:00,816.3499755859375,816.3499755859375,816.5,816.2000122070312,816.3499755859375,49774
2026-07-15 09:14:00,816.5999755859375,816.5999755859375,816.7000122070312,816.1500244140625,816.4500122070312,65535
2026-07-15 09:15:00,816.2000122070312,816.2000122070312,816.7000122070312,816.2000122070312,816.5499877929688,70451
2026-07-15 09:16:00,816.5,816.5,816.5999755859375,816.2999877929688,816.3499755859375,41530
2026-07-15 09:17:00,816.0499877929688,816.0499877929688,816.5499877929688,815.5999755859375,816.5,74324
2026-07-15 09:18:00,816.25,816.25,816.2999877929688,815.8499755859375,815.8499755859375,41180
2026-07-15 09:19:00,816.0,816.0,816.2999877929688,816.0,816.1500244140625,62862
2026-07-15 09:20:00,816.2000122070312,816.2000122070312,816.3499755859375,815.5999755859375,816.0,71942
2026-07-15 09:21:00,815.9500122070312,815.9500122070312,816.2000122070312,815.5999755859375,816.1500244140625,43859
2026-07-15 09:22:00,816.0999755859375,816.0999755859375,816.3499755859375,815.8499755859375,815.9500122070312,42597
2026-07-15 09:23:00,815.8499755859375,815.8499755859375,816.2000122070312,815.7999877929688,816.2000122070312,54573
2026-07-15 09:24:00,816.2000122070312,816.2000122070312,816.25,815.8499755859375,815.8499755859375,43290
2026-07-15 09:25:00,816.2000122070312,816.2000122070312,816.25,815.9500122070312,816.1500244140625,32847
2026-07-15 09:26:00,815.7999877929688,815.7999877929688,816.2999877929688,815.75,816.25,82236
2026-07-15 09:27:00,815.0,815.0,815.7999877929688,814.6500244140625,815.7999877929688,97752
2026-07-15 09:28:00,815.4000244140625,815.4000244140625,815.4500122070312,814.7999877929688,815.0,59096
2026-07-15 09:29:00,814.5,814.5,815.4000244140625,814.4000244140625,815.4000244140625,71428
2026-07-15 09:30:00,814.9000244140625,814.9000244140625,815.6500244140625,814.2000122070312,814.5,211984
2026-07-15 09:31:00,814.9000244140625,814.9000244140625,815.4500122070312,814.8499755859375,814.9000244140625,105847
2026-07-15 09:32:00,814.75,814.75,814.9000244140625,814.6500244140625,814.8499755859375,105792
2026-07-15 09:33:00,814.8499755859375,814.8499755859375,814.9500122070312,814.75,814.75,77530
2026-07-15 09:34:00,814.9500122070312,814.9500122070312,814.9500122070312,814.8499755859375,814.8499755859375,93136
2026-07-15 09:35:00,814.5499877929688,814.5499877929688,815.0999755859375,814.5499877929688,814.9000244140625,210245
2026-07-15 09:36:00,814.9500122070312,814.9500122070312,815.2999877929688,814.5499877929688,814.5499877929688,156686
2026-07-15 09:37:00,815.4000244140625,815.4000244140625,815.4500122070312,814.9500122070312,814.9500122070312,87326
2026-07-15 09:38:00,815.4500122070312,815.4500122070312,815.5,815.2000122070312,815.3499755859375,112366
2026-07-15 09:39:00,815.2999877929688,815.2999877929688,815.5499877929688,815.2999877929688,815.4500122070312,115131
2026-07-15 09:40:00,815.5999755859375,815.5999755859375,815.8499755859375,815.3499755859375,815.3499755859375,136295
2026-07-15 09:41:00,815.6500244140625,815.6500244140625,815.75,815.4500122070312,815.5999755859375,95633
2026-07-15 09:42:00,815.4500122070312,815.4500122070312,815.7000122070312,815.4500122070312,815.6500244140625,102889
2026-07-15 09:43:00,815.5499877929688,815.5499877929688,815.7000122070312,815.4500122070312,815.4500122070312,71283
2026-07-15 09:44:00,815.7999877929688,815.7999877929688,815.9000244140625,815.5499877929688,815.5499877929688,99429
2026-07-15 09:45:00,815.5999755859375,815.5999755859375,815.9500122070312,815.5499877929688,815.7999877929688,132410
2026-07-15 09:46:00,815.25,815.25,815.5999755859375,815.25,815.5499877929688,110899
2026-07-15 09:47:00,815.2999877929688,815.2999877929688,815.5999755859375,815.1500244140625,815.1500244140625,95335
2026-07-15 09:48:00,815.25,815.25,815.3499755859375,815.25,815.25,107337
2026-07-15 09:49:00,815.5,815.5,815.5499877929688,815.2999877929688,815.2999877929688,94673
2026-07-15 09:50:00,816.0,816.0,816.0,815.5,815.5,198655
2026-07-15 09:51:00,816.0499877929688,816.0499877929688,816.3499755859375,816.0499877929688,816.0499877929688,188749
2026-07-15 09:52:00,816.0,816.0,816.1500244140625,815.6500244140625,816.0499877929688,246335
2026-07-15 09:53:00,815.4000244140625,815.4000244140625,816.0,815.3499755859375,816.0,105740
2026-07-15 09:54:00,815.5999755859375,815.5999755859375,815.6500244140625,815.2999877929688,815.2999877929688,95465
2026-07-15 09:55:00,816.0,816.0,816.0499877929688,814.9500122070312,815.5499877929688,292047
2026-07-15 09:56:00,815.5999755859375,815.5999755859375,816.1500244140625,815.5999755859375,816.0,130114
2026-07-15 09:57:00,815.9500122070312,815.9500122070312,816.0,815.4500122070312,815.5999755859375,112540
2026-07-15 09:58:00,815.0,815.0,816.0999755859375,815.0,815.9000244140625,183124
2026-07-15 09:59:00,815.0,815.0,815.0999755859375,814.5,815.0499877929688,16731
2026-07-16 03:45:00,814.5499877929688,814.5499877929688,816.9500122070312,813.7000122070312,814.5,1164434
2026-07-16 03:46:00,814.0499877929688,814.0499877929688,814.7999877929688,813.7000122070312,814.2999877929688,76580
2026-07-16 03:47:00,814.75,814.75,815.2999877929688,813.8499755859375,813.8499755859375,100221
2026-07-16 03:48:00,815.0,815.0,815.25,814.25,814.7000122070312,90905
2026-07-16 03:49:00,814.5,814.5,815.0,814.5,815.0,38451
2026-07-16 03:50:00,815.0,815.0,815.0,814.5,814.5,42627
2026-07-16 03:51:00,813.9000244140625,813.9000244140625,815.0,813.75,815.0,93328
2026-07-16 03:52:00,814.5499877929688,814.5499877929688,814.7000122070312,813.9000244140625,814.3499755859375,54674
2026-07-16 03:53:00,814.0,814.0,814.7000122070312,814.0,814.4000244140625,72774
2026-07-16 03:54:00,814.1500244140625,814.1500244140625,814.4000244140625,814.0,814.4000244140625,39196
2026-07-16 03:55:00,814.25,814.25,814.5499877929688,814.0,814.5499877929688,23953
2026-07-16 03:56:00,813.7000122070312,813.7000122070312,814.0499877929688,813.5999755859375,814.0499877929688,55949
2026-07-16 03:57:00,814.0499877929688,814.0499877929688,814.4000244140625,813.8499755859375,813.9000244140625,22939
2026-07-16 03:58:00,813.5999755859375,813.5999755859375,814.0,813.5999755859375,813.8499755859375,44444
2026-07-16 03:59:00,814.0499877929688,814.0499877929688,814.2000122070312,813.5499877929688,813.5999755859375,33212
2026-07-16 04:00:00,814.25,814.25,814.5,814.0,814.0,49561
2026-07-16 04:01:00,813.75,813.75,814.0499877929688,813.5999755859375,814.0,51954
2026-07-16 04:02:00,813.8499755859375,813.8499755859375,814.0499877929688,813.75,813.7999877929688,33216
2026-07-16 04:03:00,813.7999877929688,813.7999877929688,813.8499755859375,813.5999755859375,813.8499755859375,25035
2026-07-16 04:04:00,813.0,813.0,813.5499877929688,813.0,813.5499877929688,40474
2026-07-16 04:05:00,813.0,813.0,813.0499877929688,812.7000122070312,813.0,50320
2026-07-16 04:06:00,812.2999877929688,812.2999877929688,813.1500244140625,812.2999877929688,812.8499755859375,85912
2026-07-16 04:07:00,812.75,812.75,813.2000122070312,812.6500244140625,812.6500244140625,29807
2026-07-16 04:08:00,812.25,812.25,812.7999877929688,812.1500244140625,812.7999877929688,25681
2026-07-16 04:09:00,812.3499755859375,812.3499755859375,812.5999755859375,812.2000122070312,812.4000244140625,38257
2026-07-16 04:10:00,812.9000244140625,812.9000244140625,812.9000244140625,812.3499755859375,812.4000244140625,23967
2026-07-16 04:11:00,812.75,812.75,813.0,812.3499755859375,812.6500244140625,26742
2026-07-16 04:12:00,813.2000122070312,813.2000122070312,813.2000122070312,812.75,812.75,18890
2026-07-16 04:13:00,813.1500244140625,813.1500244140625,813.2999877929688,812.6500244140625,812.9500122070312,51564
2026-07-16 04:14:00,813.5,813.5,813.5,812.9000244140625,813.1500244140625,43189
2026-07-16 04:15:00,813.3499755859375,813.3499755859375,813.5999755859375,813.2000122070312,813.5,75194
2026-07-16 04:16:00,813.3499755859375,813.3499755859375,813.3499755859375,813.0,813.3499755859375,80865
2026-07-16 04:17:00,812.6500244140625,812.6500244140625,813.25,812.6500244140625,813.25,24722
2026-07-16 04:18:00,812.7999877929688,812.7999877929688,812.9000244140625,812.5,812.6500244140625,50114
2026-07-16 04:19:00,812.5,812.5,812.7999877929688,812.25,812.7999877929688,34739
2026-07-16 04:20:00,812.7000122070312,812.7000122070312,812.7000122070312,812.1500244140625,812.4500122070312,37422
2026-07-16 04:21:00,812.2000122070312,812.2000122070312,812.75,812.1500244140625,812.6500244140625,39865
2026-07-16 04:22:00,812.3499755859375,812.3499755859375,812.3499755859375,812.0,812.0499877929688,38728
2026-07-16 04:23:00,812.2000122070312,812.2000122070312,812.3499755859375,812.0499877929688,812.3499755859375,12456
2026-07-16 04:24:00,812.5999755859375,812.5999755859375,812.5999755859375,812.0,812.2000122070312,41155
2026-07-16 04:25:00,812.9500122070312,812.9500122070312,812.9500122070312,812.5999755859375,812.7000122070312,12894
2026-07-16 04:26:00,812.75,812.75,813.0999755859375,812.75,812.7999877929688,16883
2026-07-16 04:27:00,813.0,813.0,813.0,812.6500244140625,812.6500244140625,28572
2026-07-16 04:28:00,812.9000244140625,812.9000244140625,813.0,812.8499755859375,812.8499755859375,35976
2026-07-16 04:29:00,812.2000122070312,812.2000122070312,812.7999877929688,812.2000122070312,812.7000122070312,54764
2026-07-16 04:30:00,812.25,812.25,812.5999755859375,812.2000122070312,812.4000244140625,13303
2026-07-16 04:31:00,812.5999755859375,812.5999755859375,812.9000244140625,812.2000122070312,812.25,49008
2026-07-16 04:32:00,813.0999755859375,813.0999755859375,813.0999755859375,812.5,812.5999755859375,48142
2026-07-16 04:33:00,812.5999755859375,812.5999755859375,813.0999755859375,812.3499755859375,813.0999755859375,49980
2026-07-16 04:34:00,812.2999877929688,812.2999877929688,812.5999755859375,812.0499877929688,812.5999755859375,108299
2026-07-16 04:35:00,812.1500244140625,812.1500244140625,812.4500122070312,811.5999755859375,812.2000122070312,55279
2026-07-16 04:36:00,812.1500244140625,812.1500244140625,812.2000122070312,811.8499755859375,812.0499877929688,47147
2026-07-16 04:37:00,812.2999877929688,812.2999877929688,812.2999877929688,812.0,812.1500244140625,8482
2026-07-16 04:38:00,812.5999755859375,812.5999755859375,812.6500244140625,812.2999877929688,812.4000244140625,49049
2026-07-16 04:39:00,812.2999877929688,812.2999877929688,812.9000244140625,812.2000122070312,812.6500244140625,105895
2026-07-16 04:40:00,811.6500244140625,811.6500244140625,812.4500122070312,811.5499877929688,812.2999877929688,31483
2026-07-16 04:41:00,812.2999877929688,812.2999877929688,812.3499755859375,811.7000122070312,811.75,20048
2026-07-16 04:42:00,811.9500122070312,811.9500122070312,812.4000244140625,811.9500122070312,812.3499755859375,35939
2026-07-16 04:43:00,812.2999877929688,812.2999877929688,812.5499877929688,811.8499755859375,812.0,10718
2026-07-16 04:44:00,812.0499877929688,812.0499877929688,812.5499877929688,812.0499877929688,812.4500122070312,17445
2026-07-16 04:45:00,812.0499877929688,812.0499877929688,812.25,812.0,812.0499877929688,22544
2026-07-16 04:46:00,812.0,812.0,812.4000244140625,812.0,812.1500244140625,62484
2026-07-16 04:47:00,811.8499755859375,811.8499755859375,812.5499877929688,811.7999877929688,812.0,100628
2026-07-16 04:48:00,811.5999755859375,811.5999755859375,811.9000244140625,811.5,811.8499755859375,96781
2026-07-16 04:49:00,811.7999877929688,811.7999877929688,812.0499877929688,811.5499877929688,811.75,82378
2026-07-16 04:50:00,811.7999877929688,811.7999877929688,812.0,811.5499877929688,811.7999877929688,38940
2026-07-16 04:51:00,811.7000122070312,811.7000122070312,811.8499755859375,811.5,811.7999877929688,45207
2026-07-16 04:52:00,811.7000122070312,811.7000122070312,812.0,811.6500244140625,811.7000122070312,35881
2026-07-16 04:53:00,811.5499877929688,811.5499877929688,811.9000244140625,811.5499877929688,811.9000244140625,12245
2026-07-16 04:54:00,811.75,811.75,811.75,811.5,811.6500244140625,10522
2026-07-16 04:55:00,811.5999755859375,811.5999755859375,811.5999755859375,811.2000122070312,811.2000122070312,37847
2026-07-16 04:56:00,810.5,810.5,811.5999755859375,810.2000122070312,811.5999755859375,329609
2026-07-16 04:57:00,810.4500122070312,810.4500122070312,810.6500244140625,810.2999877929688,810.5499877929688,26058
2026-07-16 04:58:00,810.5499877929688,810.5499877929688,810.9000244140625,810.4000244140625,810.75,19212
2026-07-16 04:59:00,810.7999877929688,810.7999877929688,811.0499877929688,810.5499877929688,810.7999877929688,19751
2026-07-16 05:00:00,810.75,810.75,810.9500122070312,810.5,810.9000244140625,19806
2026-07-16 05:01:00,811.0,811.0,811.2000122070312,810.5,810.9500122070312,61797
2026-07-16 05:02:00,811.0,811.0,811.2000122070312,811.0,811.0999755859375,13085
2026-07-16 05:03:00,811.0499877929688,811.0499877929688,811.1500244140625,811.0,811.0,40142
2026-07-16 05:04:00,811.0,811.0,811.0999755859375,810.75,811.0999755859375,23247
2026-07-16 05:05:00,811.0499877929688,811.0499877929688,811.0499877929688,810.75,810.9000244140625,28182
2026-07-16 05:06:00,811.2000122070312,811.2000122070312,811.2000122070312,810.7000122070312,811.1500244140625,39474
2026-07-16 05:07:00,811.0499877929688,811.0499877929688,811.25,811.0,811.2000122070312,18114
2026-07-16 05:08:00,811.1500244140625,811.1500244140625,811.25,810.9000244140625,811.2000122070312,52367
2026-07-16 05:09:00,811.0999755859375,811.0999755859375,811.4500122070312,811.0,811.2999877929688,28632
2026-07-16 05:10:00,811.25,811.25,811.4000244140625,811.1500244140625,811.2999877929688,34925
2026-07-16 05:11:00,812.0,812.0,812.0,811.4000244140625,811.4000244140625,38514
2026-07-16 05:12:00,811.75,811.75,812.0,811.75,811.9000244140625,94106
2026-07-16 05:13:00,812.1500244140625,812.1500244140625,812.1500244140625,811.6500244140625,811.9000244140625,121937
2026-07-16 05:14:00,813.2999877929688,813.2999877929688,813.2999877929688,812.0,812.2000122070312,94592
2026-07-16 05:15:00,813.5499877929688,813.5499877929688,813.7999877929688,813.2000122070312,813.4000244140625,67573
2026-07-16 05:16:00,814.0,814.0,814.25,813.4000244140625,813.5499877929688,104069
2026-07-16 05:17:00,814.0,814.0,814.5,814.0,814.25,67137
2026-07-16 05:18:00,814.5,814.5,814.5,814.2000122070312,814.25,44288
2026-07-16 05:19:00,814.4000244140625,814.4000244140625,814.7000122070312,814.0,814.5,48360
2026-07-16 05:20:00,814.3499755859375,814.3499755859375,814.5,814.0999755859375,814.25,75254
2026-07-16 05:21:00,813.7000122070312,813.7000122070312,814.3499755859375,813.5,814.25,79817
2026-07-16 05:22:00,813.9500122070312,813.9500122070312,813.9500122070312,813.3499755859375,813.5499877929688,17275
2026-07-16 05:23:00,814.0499877929688,814.0499877929688,814.1500244140625,813.7000122070312,813.9500122070312,16652
2026-07-16 05:24:00,814.0,814.0,814.2000122070312,814.0,814.0,10448
2026-07-16 05:25:00,814.4000244140625,814.4000244140625,814.4500122070312,814.0,814.0,45630
2026-07-16 05:26:00,814.5,814.5,814.5999755859375,814.2000122070312,814.5,46148
2026-07-16 05:27:00,814.4500122070312,814.4500122070312,814.5999755859375,814.0999755859375,814.5,121902
2026-07-16 05:28:00,814.5,814.5,814.5,814.2000122070312,814.4000244140625,41253
2026-07-16 05:29:00,814.3499755859375,814.3499755859375,814.5,814.3499755859375,814.5,37318
2026-07-16 05:30:00,815.0,815.0,815.0,814.2999877929688,814.4500122070312,112970
2026-07-16 05:31:00,814.9000244140625,814.9000244140625,815.0,814.7000122070312,814.7000122070312,65254
2026-07-16 05:32:00,814.5,814.5,814.9000244140625,814.5,814.9000244140625,69558
2026-07-16 05:33:00,814.2000122070312,814.2000122070312,814.6500244140625,814.0999755859375,814.5499877929688,115221
2026-07-16 05:34:00,814.4500122070312,814.4500122070312,814.5999755859375,814.0499877929688,814.0999755859375,47611
2026-07-16 05:35:00,814.0,814.0,814.4500122070312,813.9500122070312,814.4500122070312,26023
2026-07-16 05:36:00,814.0499877929688,814.0499877929688,814.0499877929688,813.5999755859375,813.9000244140625,34765
2026-07-16 05:37:00,813.9000244140625,813.9000244140625,814.0499877929688,813.5,814.0,34817
2026-07-16 05:38:00,814.25,814.25,814.3499755859375,813.9000244140625,813.9500122070312,7742
2026-07-16 05:39:00,814.4000244140625,814.4000244140625,814.4000244140625,813.9500122070312,814.4000244140625,16505
2026-07-16 05:40:00,814.2000122070312,814.2000122070312,814.4500122070312,813.75,814.2999877929688,18719
2026-07-16 05:41:00,814.0,814.0,814.25,813.9500122070312,814.0499877929688,12730
2026-07-16 05:42:00,814.0,814.0,814.0999755859375,813.7999877929688,814.0,12148
2026-07-16 05:43:00,814.0,814.0,814.0,813.8499755859375,814.0,10934
2026-07-16 05:44:00,813.8499755859375,813.8499755859375,814.0,813.7000122070312,814.0,13623
2026-07-16 05:45:00,813.9500122070312,813.9500122070312,814.0,813.7999877929688,813.7999877929688,12205
2026-07-16 05:46:00,813.9500122070312,813.9500122070312,814.0,813.7999877929688,813.7999877929688,3138
2026-07-16 05:47:00,813.75,813.75,814.0,813.5,814.0,18258
2026-07-16 05:48:00,813.8499755859375,813.8499755859375,813.9000244140625,813.6500244140625,813.8499755859375,14564
2026-07-16 05:49:00,813.5,813.5,814.0,813.4500122070312,814.0,23348
2026-07-16 05:50:00,813.9500122070312,813.9500122070312,814.0,813.4000244140625,813.4500122070312,32731
2026-07-16 05:51:00,813.7000122070312,813.7000122070312,814.0,813.5,813.9500122070312,34361
2026-07-16 05:52:00,813.25,813.25,813.8499755859375,813.1500244140625,813.5499877929688,43707
2026-07-16 05:53:00,813.0,813.0,813.25,813.0,813.1500244140625,18625
2026-07-16 05:54:00,812.6500244140625,812.6500244140625,813.0499877929688,812.6500244140625,813.0499877929688,33984
2026-07-16 05:55:00,812.8499755859375,812.8499755859375,812.9500122070312,812.5999755859375,812.7000122070312,16864
2026-07-16 05:56:00,813.0999755859375,813.0999755859375,813.2000122070312,812.5999755859375,812.8499755859375,38813
2026-07-16 05:57:00,812.6500244140625,812.6500244140625,813.0999755859375,812.6500244140625,813.0999755859375,21576
2026-07-16 05:58:00,812.5,812.5,813.0,812.5,812.7000122070312,27932
2026-07-16 05:59:00,812.4000244140625,812.4000244140625,812.7000122070312,812.25,812.5,26896
2026-07-16 06:00:00,812.2000122070312,812.2000122070312,812.6500244140625,812.0999755859375,812.6500244140625,65324
2026-07-16 06:01:00,812.4500122070312,812.4500122070312,812.6500244140625,812.0499877929688,812.25,101426
2026-07-16 06:02:00,812.5499877929688,812.5499877929688,812.7000122070312,812.2000122070312,812.7000122070312,99145
2026-07-16 06:03:00,812.4500122070312,812.4500122070312,812.9500122070312,812.0,812.5499877929688,42648
2026-07-16 06:04:00,812.5,812.5,812.6500244140625,812.2999877929688,812.6500244140625,7212
2026-07-16 06:05:00,812.7000122070312,812.7000122070312,812.7000122070312,812.25,812.5,8290
2026-07-16 06:06:00,812.5999755859375,812.5999755859375,812.9500122070312,812.5999755859375,812.7999877929688,19928
2026-07-16 06:07:00,812.7000122070312,812.7000122070312,812.9000244140625,812.4000244140625,812.7999877929688,28832
2026-07-16 06:08:00,813.4500122070312,813.4500122070312,813.4500122070312,812.2999877929688,812.4000244140625,26865
2026-07-16 06:09:00,813.0,813.0,813.4000244140625,812.9500122070312,813.4000244140625,8883
2026-07-16 06:10:00,812.8499755859375,812.8499755859375,813.25,812.8499755859375,813.1500244140625,19132
2026-07-16 06:11:00,813.0999755859375,813.0999755859375,813.0999755859375,812.7999877929688,812.8499755859375,8496
2026-07-16 06:12:00,812.5,812.5,813.0499877929688,812.5,813.0,13114
2026-07-16 06:13:00,812.5499877929688,812.5499877929688,813.0,812.5,812.8499755859375,26099
2026-07-16 06:14:00,812.5999755859375,812.5999755859375,812.5999755859375,812.2000122070312,812.5499877929688,29752
2026-07-16 06:15:00,812.5,812.5,812.9000244140625,812.4000244140625,812.5999755859375,22684
2026-07-16 06:16:00,812.4500122070312,812.4500122070312,812.7999877929688,812.1500244140625,812.5,15550
2026-07-16 06:17:00,812.7000122070312,812.7000122070312,812.7000122070312,812.4500122070312,812.7000122070312,4526
2026-07-16 06:18:00,812.9500122070312,812.9500122070312,813.0,812.5499877929688,812.5499877929688,11662
2026-07-16 06:19:00,812.7999877929688,812.7999877929688,813.0,812.7000122070312,812.9500122070312,13133
2026-07-16 06:20:00,813.2000122070312,813.2000122070312,813.2000122070312,812.7000122070312,812.7999877929688,12148
2026-07-16 06:21:00,813.2999877929688,813.2999877929688,813.2999877929688,812.6500244140625,813.2000122070312,21414
2026-07-16 06:22:00,813.0,813.0,813.5,812.9500122070312,813.0999755859375,36742
2026-07-16 06:23:00,813.0499877929688,813.0499877929688,813.1500244140625,812.7999877929688,813.0,23150
2026-07-16 06:24:00,813.0999755859375,813.0999755859375,813.0999755859375,812.6500244140625,813.0499877929688,69304
2026-07-16 06:25:00,813.0,813.0,813.2000122070312,812.9000244140625,813.2000122070312,28536
2026-07-16 06:26:00,812.9000244140625,812.9000244140625,813.4000244140625,812.9000244140625,813.1500244140625,30432
2026-07-16 06:27:00,813.0499877929688,813.0499877929688,813.2999877929688,812.7999877929688,812.9000244140625,16785
2026-07-16 06:28:00,813.0999755859375,813.0999755859375,813.25,812.7000122070312,813.0499877929688,13790
2026-07-16 06:29:00,813.0,813.0,813.4500122070312,812.9500122070312,813.0,13679
2026-07-16 06:30:00,813.0,813.0,813.2999877929688,812.8499755859375,812.9500122070312,13334
2026-07-16 06:31:00,812.2999877929688,812.2999877929688,813.0,812.25,813.0,25645
2026-07-16 06:32:00,812.2999877929688,812.2999877929688,812.6500244140625,812.0,812.2999877929688,162413
2026-07-16 06:33:00,811.5,811.5,812.2999877929688,811.2000122070312,812.2999877929688,18914
2026-07-16 06:34:00,811.3499755859375,811.3499755859375,811.6500244140625,811.2000122070312,811.5,41787
2026-07-16 06:35:00,811.5,811.5,811.7000122070312,811.3499755859375,811.5499877929688,22548
2026-07-16 06:36:00,811.4000244140625,811.4000244140625,811.5999755859375,811.2999877929688,811.5499877929688,14749
2026-07-16 06:37:00,811.5499877929688,811.5499877929688,811.5499877929688,811.0999755859375,811.5,42517
2026-07-16 06:38:00,811.75,811.75,811.75,811.25,811.5,22075
2026-07-16 06:39:00,811.4000244140625,811.4000244140625,811.9000244140625,811.3499755859375,811.75,13120
2026-07-16 06:40:00,812.0,812.0,812.0,811.3499755859375,811.4000244140625,41219
2026-07-16 06:41:00,811.9500122070312,811.9500122070312,812.25,811.9000244140625,812.0,31774
2026-07-16 06:42:00,811.8499755859375,811.8499755859375,812.0,811.7999877929688,812.0,8604
2026-07-16 06:43:00,811.7000122070312,811.7000122070312,811.8499755859375,811.6500244140625,811.7999877929688,8702
2026-07-16 06:44:00,812.0,812.0,812.0,811.7000122070312,811.75,25052
2026-07-16 06:45:00,811.7000122070312,811.7000122070312,812.0,811.5999755859375,812.0,15204
2026-07-16 06:46:00,811.75,811.75,811.8499755859375,811.5,811.8499755859375,10110
2026-07-16 06:47:00,811.7999877929688,811.7999877929688,811.9000244140625,811.5,811.7000122070312,15428
2026-07-16 06:48:00,811.9000244140625,811.9000244140625,811.9000244140625,811.5,811.8499755859375,28142
2026-07-16 06:49:00,812.0,812.0,812.0,811.75,811.9000244140625,16340
2026-07-16 06:50:00,812.0,812.0,812.0,811.9500122070312,811.9500122070312,14698
2026-07-16 06:51:00,812.2999877929688,812.2999877929688,812.4000244140625,812.0,812.0999755859375,61773
2026-07-16 06:52:00,812.0,812.0,812.2999877929688,811.8499755859375,812.2999877929688,12469
2026-07-16 06:53:00,811.9500122070312,811.9500122070312,812.0,811.6500244140625,812.0,27115
2026-07-16 06:54:00,811.8499755859375,811.8499755859375,812.0,811.6500244140625,811.9000244140625,10886
2026-07-16 06:55:00,812.5999755859375,812.5999755859375,812.5999755859375,811.7999877929688,811.8499755859375,114022
2026-07-16 06:56:00,812.6500244140625,812.6500244140625,812.7000122070312,812.4500122070312,812.5999755859375,9226
2026-07-16 06:57:00,812.1500244140625,812.1500244140625,812.6500244140625,812.1500244140625,812.6500244140625,18289
2026-07-16 06:58:00,812.5499877929688,812.5499877929688,812.5999755859375,812.2000122070312,812.25,26171
2026-07-16 06:59:00,812.5999755859375,812.5999755859375,812.7000122070312,812.4000244140625,812.5999755859375,12742
2026-07-16 07:00:00,812.5499877929688,812.5499877929688,812.6500244140625,812.2000122070312,812.4500122070312,7392
2026-07-16 07:01:00,812.3499755859375,812.3499755859375,812.5499877929688,812.2000122070312,812.5499877929688,5795
2026-07-16 07:02:00,812.2999877929688,812.2999877929688,812.3499755859375,812.0,812.0999755859375,5358
2026-07-16 07:03:00,811.5999755859375,811.5999755859375,812.1500244140625,811.5499877929688,812.0999755859375,38045
2026-07-16 07:04:00,811.6500244140625,811.6500244140625,811.9000244140625,811.4500122070312,811.5999755859375,25727
2026-07-16 07:05:00,811.5999755859375,811.5999755859375,812.0,811.4500122070312,811.7000122070312,28517
2026-07-16 07:06:00,811.7000122070312,811.7000122070312,812.0,811.5499877929688,811.7000122070312,11932
2026-07-16 07:07:00,811.5999755859375,811.5999755859375,811.8499755859375,811.5499877929688,811.7000122070312,12168
2026-07-16 07:08:00,811.7000122070312,811.7000122070312,811.8499755859375,811.5499877929688,811.75,25435
2026-07-16 07:09:00,811.75,811.75,811.9500122070312,811.5,811.75,57759
2026-07-16 07:10:00,811.7000122070312,811.7000122070312,811.75,811.4000244140625,811.75,9043
2026-07-16 07:11:00,811.0,811.0,811.7000122070312,810.6500244140625,811.7000122070312,132484
2026-07-16 07:12:00,810.9500122070312,810.9500122070312,811.0,810.75,811.0,14058
2026-07-16 07:13:00,810.75,810.75,811.0,810.5499877929688,810.8499755859375,36133
2026-07-16 07:14:00,810.7999877929688,810.7999877929688,811.0,810.6500244140625,810.7999877929688,17279
2026-07-16 07:15:00,810.9000244140625,810.9000244140625,811.0,810.7000122070312,810.75,19373
2026-07-16 07:16:00,810.7999877929688,810.7999877929688,811.0,810.75,810.8499755859375,11180
2026-07-16 07:17:00,810.8499755859375,810.8499755859375,810.9000244140625,810.7999877929688,810.9000244140625,17107
2026-07-16 07:18:00,810.9000244140625,810.9000244140625,810.9000244140625,810.8499755859375,810.9000244140625,31126
2026-07-16 07:19:00,811.0499877929688,811.0499877929688,811.3499755859375,810.9000244140625,810.9000244140625,109166
2026-07-16 07:20:00,811.1500244140625,811.1500244140625,811.2000122070312,811.0499877929688,811.2000122070312,20225
2026-07-16 07:21:00,811.0,811.0,811.2000122070312,810.9500122070312,811.2000122070312,22420
2026-07-16 07:22:00,810.8499755859375,810.8499755859375,811.0,810.8499755859375,811.0,29068
2026-07-16 07:23:00,810.9000244140625,810.9000244140625,810.9500122070312,810.6500244140625,810.8499755859375,27249
2026-07-16 07:24:00,810.6500244140625,810.6500244140625,810.9000244140625,810.5999755859375,810.9000244140625,15546
2026-07-16 07:25:00,810.7000122070312,810.7000122070312,810.9000244140625,810.5499877929688,810.8499755859375,35447
2026-07-16 07:26:00,810.6500244140625,810.6500244140625,810.7000122070312,810.5999755859375,810.7000122070312,29761
2026-07-16 07:27:00,810.6500244140625,810.6500244140625,810.7000122070312,810.5,810.7000122070312,42094
2026-07-16 07:28:00,810.5,810.5,810.7000122070312,810.5,810.6500244140625,13096
2026-07-16 07:29:00,810.7000122070312,810.7000122070312,810.7000122070312,810.5,810.7000122070312,8713
2026-07-16 07:30:00,810.4500122070312,810.4500122070312,810.7999877929688,810.4500122070312,810.5999755859375,29009
2026-07-16 07:31:00,810.75,810.75,810.9000244140625,810.4500122070312,810.4500122070312,22341
2026-07-16 07:32:00,810.5,810.5,810.8499755859375,810.2999877929688,810.8499755859375,35124
2026-07-16 07:33:00,810.5,810.5,810.75,810.2999877929688,810.75,35181
2026-07-16 07:34:00,810.7000122070312,810.7000122070312,810.7999877929688,810.2999877929688,810.7000122070312,31250
2026-07-16 07:35:00,810.7000122070312,810.7000122070312,810.9000244140625,810.3499755859375,810.8499755859375,37100
2026-07-16 07:36:00,810.75,810.75,810.8499755859375,810.4000244140625,810.7000122070312,25350
2026-07-16 07:37:00,810.5999755859375,810.5999755859375,810.75,810.5499877929688,810.75,12529
2026-07-16 07:38:00,810.5,810.5,810.7999877929688,810.4500122070312,810.5999755859375,15459
2026-07-16 07:39:00,810.4000244140625,810.4000244140625,810.7999877929688,810.4000244140625,810.7000122070312,14456
2026-07-16 07:40:00,809.7000122070312,809.7000122070312,810.75,809.5499877929688,810.6500244140625,146439
2026-07-16 07:41:00,809.7999877929688,809.7999877929688,810.0,809.6500244140625,809.75,19425
2026-07-16 07:42:00,809.7999877929688,809.7999877929688,810.0,809.6500244140625,809.9000244140625,23189
2026-07-16 07:43:00,809.9500122070312,809.9500122070312,810.0,809.6500244140625,810.0,43861
2026-07-16 07:44:00,809.75,809.75,810.0,809.6500244140625,809.9000244140625,36487
2026-07-16 07:45:00,809.5499877929688,809.5499877929688,809.9000244140625,809.4500122070312,809.9000244140625,42983
2026-07-16 07:46:00,809.8499755859375,809.8499755859375,809.9500122070312,809.5,809.5,20257
2026-07-16 07:47:00,809.4000244140625,809.4000244140625,809.8499755859375,809.2999877929688,809.8499755859375,24930
2026-07-16 07:48:00,809.7999877929688,809.7999877929688,810.0,809.3499755859375,809.3499755859375,25119
2026-07-16 07:49:00,809.5999755859375,809.5999755859375,809.9500122070312,809.5999755859375,809.9500122070312,11586
2026-07-16 07:50:00,809.9000244140625,809.9000244140625,810.0,809.5999755859375,809.5999755859375,13028
2026-07-16 07:51:00,809.9500122070312,809.9500122070312,810.0,809.9000244140625,809.9000244140625,23740
2026-07-16 07:52:00,809.5999755859375,809.5999755859375,810.0,809.5499877929688,809.9000244140625,38530
2026-07-16 07:53:00,809.5999755859375,809.5999755859375,810.0,809.5,809.5499877929688,42965
2026-07-16 07:54:00,809.8499755859375,809.8499755859375,809.9500122070312,809.6500244140625,809.8499755859375,8156
2026-07-16 07:55:00,809.4000244140625,809.4000244140625,809.8499755859375,809.4000244140625,809.8499755859375,66184
2026-07-16 07:56:00,809.5,809.5,809.5999755859375,809.2999877929688,809.3499755859375,19273
2026-07-16 07:57:00,809.3499755859375,809.3499755859375,809.75,809.2999877929688,809.2999877929688,34441
2026-07-16 07:58:00,809.5499877929688,809.5499877929688,809.7999877929688,809.4500122070312,809.5,38691
2026-07-16 07:59:00,809.3499755859375,809.3499755859375,809.75,809.2000122070312,809.75,30704
2026-07-16 08:00:00,808.7000122070312,808.7000122070312,809.5,808.5,809.5,114777
2026-07-16 08:01:00,808.7000122070312,808.7000122070312,808.75,808.5,808.7000122070312,33371
2026-07-16 08:02:00,808.5,808.5,808.7000122070312,808.2000122070312,808.7000122070312,37541
2026-07-16 08:03:00,807.8499755859375,807.8499755859375,808.75,807.6500244140625,808.5,85943
2026-07-16 08:04:00,808.4500122070312,808.4500122070312,808.4500122070312,807.6500244140625,807.8499755859375,59041
2026-07-16 08:05:00,808.4000244140625,808.4000244140625,808.5499877929688,808.0,808.1500244140625,58929
2026-07-16 08:06:00,808.2000122070312,808.2000122070312,808.4500122070312,807.7999877929688,808.4000244140625,50712
2026-07-16 08:07:00,807.4500122070312,807.4500122070312,808.2999877929688,807.2999877929688,808.2999877929688,31837
2026-07-16 08:08:00,807.0,807.0,807.5999755859375,807.0,807.4000244140625,36150
2026-07-16 08:09:00,807.5999755859375,807.5999755859375,807.7000122070312,807.0999755859375,807.2000122070312,38381
2026-07-16 08:10:00,807.4000244140625,807.4000244140625,807.5999755859375,807.0,807.5999755859375,41354
2026-07-16 08:11:00,807.0,807.0,807.5,807.0,807.5,64836
2026-07-16 08:12:00,807.3499755859375,807.3499755859375,807.5999755859375,807.0,807.2000122070312,30724
2026-07-16 08:13:00,807.2000122070312,807.2000122070312,808.0,807.1500244140625,807.3499755859375,48948
2026-07-16 08:14:00,807.0,807.0,807.2999877929688,807.0,807.2000122070312,47172
2026-07-16 08:15:00,807.0999755859375,807.0999755859375,807.7999877929688,806.75,807.0999755859375,133836
2026-07-16 08:16:00,807.0,807.0,807.0999755859375,806.7999877929688,807.0,257779
2026-07-16 08:17:00,807.0,807.0,807.0,806.9500122070312,807.0,35090
2026-07-16 08:18:00,806.9500122070312,806.9500122070312,807.0999755859375,806.7999877929688,807.0,90767
2026-07-16 08:19:00,806.9000244140625,806.9000244140625,807.0,806.75,806.9500122070312,23099
2026-07-16 08:20:00,807.0,807.0,807.0,806.7999877929688,806.9000244140625,75859
2026-07-16 08:21:00,807.75,807.75,808.0,806.7999877929688,807.0,175069
2026-07-16 08:22:00,808.4000244140625,808.4000244140625,808.5999755859375,807.9500122070312,808.0,34565
2026-07-16 08:23:00,808.1500244140625,808.1500244140625,808.9000244140625,807.9000244140625,808.3499755859375,45894
2026-07-16 08:24:00,808.2000122070312,808.2000122070312,808.5499877929688,807.9500122070312,808.1500244140625,43383
2026-07-16 08:25:00,808.25,808.25,808.4500122070312,808.0,808.0999755859375,114853
2026-07-16 08:26:00,808.6500244140625,808.6500244140625,808.9500122070312,808.0999755859375,808.1500244140625,81937
2026-07-16 08:27:00,808.6500244140625,808.6500244140625,808.75,808.4000244140625,808.7000122070312,35659
2026-07-16 08:28:00,808.7000122070312,808.7000122070312,809.0,808.2999877929688,808.75,41302
2026-07-16 08:29:00,809.2999877929688,809.2999877929688,809.5,808.5499877929688,808.7999877929688,43188
2026-07-16 08:30:00,809.1500244140625,809.1500244140625,809.5999755859375,809.0,809.5,18080
2026-07-16 08:31:00,809.2000122070312,809.2000122070312,809.4500122070312,809.0999755859375,809.4000244140625,30592
2026-07-16 08:32:00,809.6500244140625,809.6500244140625,809.9000244140625,809.25,809.2999877929688,49051
2026-07-16 08:33:00,809.3499755859375,809.3499755859375,809.7999877929688,809.2999877929688,809.7999877929688,34884
2026-07-16 08:34:00,809.7000122070312,809.7000122070312,809.75,809.3499755859375,809.5,32872
2026-07-16 08:35:00,809.75,809.75,809.8499755859375,809.4000244140625,809.4000244140625,18109
2026-07-16 08:36:00,809.7999877929688,809.7999877929688,810.0,809.6500244140625,809.7999877929688,16096
2026-07-16 08:37:00,809.6500244140625,809.6500244140625,810.0,809.3499755859375,809.9000244140625,50775
2026-07-16 08:38:00,809.0,809.0,809.7999877929688,809.0,809.7000122070312,20124
2026-07-16 08:39:00,809.0499877929688,809.0499877929688,809.2999877929688,808.75,809.25,66270
2026-07-16 08:40:00,808.7999877929688,808.7999877929688,808.9000244140625,808.4000244140625,808.9000244140625,40658
2026-07-16 08:41:00,808.9000244140625,808.9000244140625,809.2999877929688,808.75,809.0499877929688,39247
2026-07-16 08:42:00,809.25,809.25,809.2999877929688,808.9000244140625,809.0,54353
2026-07-16 08:43:00,809.25,809.25,809.2999877929688,809.0,809.2999877929688,27809
2026-07-16 08:44:00,808.9500122070312,808.9500122070312,809.2999877929688,808.7999877929688,809.25,14320
2026-07-16 08:45:00,808.8499755859375,808.8499755859375,809.25,808.6500244140625,809.0999755859375,14889
2026-07-16 08:46:00,809.5999755859375,809.5999755859375,809.5999755859375,809.0,809.0999755859375,18128
2026-07-16 08:47:00,809.5999755859375,809.5999755859375,809.7000122070312,809.2000122070312,809.5999755859375,31537
2026-07-16 08:48:00,809.5,809.5,809.9500122070312,809.2999877929688,809.6500244140625,22478
2026-07-16 08:49:00,809.4500122070312,809.4500122070312,809.5999755859375,809.2000122070312,809.5999755859375,9532
2026-07-16 08:50:00,809.2999877929688,809.2999877929688,809.5499877929688,809.2000122070312,809.25,10359
2026-07-16 08:51:00,808.8499755859375,808.8499755859375,809.5,808.75,809.25,61404
2026-07-16 08:52:00,809.0,809.0,809.3499755859375,808.7999877929688,808.9500122070312,88218
2026-07-16 08:53:00,809.25,809.25,809.5499877929688,809.0,809.0999755859375,43054
2026-07-16 08:54:00,808.9000244140625,808.9000244140625,809.2000122070312,808.7999877929688,808.8499755859375,104390
2026-07-16 08:55:00,809.1500244140625,809.1500244140625,809.4000244140625,808.9000244140625,808.9500122070312,21122
2026-07-16 08:56:00,808.7000122070312,808.7000122070312,809.25,808.5,809.2000122070312,79600
2026-07-16 08:57:00,808.5,808.5,809.0,808.4000244140625,808.5499877929688,52499
2026-07-16 08:58:00,808.6500244140625,808.6500244140625,808.7999877929688,808.1500244140625,808.5999755859375,40998
2026-07-16 08:59:00,808.9000244140625,808.9000244140625,809.2000122070312,808.4500122070312,808.6500244140625,28125
2026-07-16 09:00:00,809.9000244140625,809.9000244140625,809.9000244140625,808.9500122070312,808.9500122070312,35717
2026-07-16 09:01:00,809.7000122070312,809.7000122070312,810.0,809.4000244140625,809.9000244140625,7225
2026-07-16 09:02:00,810.0,810.0,810.0,809.4500122070312,809.7000122070312,46529
2026-07-16 09:03:00,809.6500244140625,809.6500244140625,810.0,809.3499755859375,810.0,20868
2026-07-16 09:04:00,809.5,809.5,810.0,809.5,809.75,18764
2026-07-16 09:05:00,809.9500122070312,809.9500122070312,809.9500122070312,809.4500122070312,809.6500244140625,19175
2026-07-16 09:06:00,809.25,809.25,809.9500122070312,809.25,809.8499755859375,25075
2026-07-16 09:07:00,809.5,809.5,809.8499755859375,809.25,809.5999755859375,54846
2026-07-16 09:08:00,808.8499755859375,808.8499755859375,809.6500244140625,808.6500244140625,809.6500244140625,33011
2026-07-16 09:09:00,809.0,809.0,809.0,808.7999877929688,808.7999877929688,29635
2026-07-16 09:10:00,808.5499877929688,808.5499877929688,809.0499877929688,808.5,809.0,43330
2026-07-16 09:11:00,809.0999755859375,809.0999755859375,809.0999755859375,808.3499755859375,808.5,112093
2026-07-16 09:12:00,809.0999755859375,809.0999755859375,809.0999755859375,808.3499755859375,809.0499877929688,235741
2026-07-16 09:13:00,808.5,808.5,809.0999755859375,808.3499755859375,809.0999755859375,65744
2026-07-16 09:14:00,808.2999877929688,808.2999877929688,808.7000122070312,808.25,808.5,40576
2026-07-16 09:15:00,808.5,808.5,808.5,808.25,808.4000244140625,14993
2026-07-16 09:16:00,808.4000244140625,808.4000244140625,808.5,808.2999877929688,808.5,16463
2026-07-16 09:17:00,808.0,808.0,808.5,807.9000244140625,808.3499755859375,199138
2026-07-16 09:18:00,807.9500122070312,807.9500122070312,808.0,807.7999877929688,808.0,50526
2026-07-16 09:19:00,807.5999755859375,807.5999755859375,807.9500122070312,807.5999755859375,807.9500122070312,23357
2026-07-16 09:20:00,807.6500244140625,807.6500244140625,808.0,807.5499877929688,807.6500244140625,28213
2026-07-16 09:21:00,808.0,808.0,808.0999755859375,807.5,807.5999755859375,113038
2026-07-16 09:22:00,807.75,807.75,807.7999877929688,807.4000244140625,807.7999877929688,92116
2026-07-16 09:23:00,808.0,808.0,808.0,807.5499877929688,807.75,64084
2026-07-16 09:24:00,807.9500122070312,807.9500122070312,808.0,807.5999755859375,808.0,49051
2026-07-16 09:25:00,808.0999755859375,808.0999755859375,808.6500244140625,807.75,807.9500122070312,178644
2026-07-16 09:26:00,808.4500122070312,808.4500122070312,808.5,807.9500122070312,808.2999877929688,75313
2026-07-16 09:27:00,808.25,808.25,808.5,808.2000122070312,808.5,74530
2026-07-16 09:28:00,808.9000244140625,808.9000244140625,809.0,808.1500244140625,808.4000244140625,101247
2026-07-16 09:29:00,808.8499755859375,808.8499755859375,809.2999877929688,808.0999755859375,808.9500122070312,60907
2026-07-16 09:30:00,809.4500122070312,809.4500122070312,809.6500244140625,808.8499755859375,808.9000244140625,147733
2026-07-16 09:31:00,808.5999755859375,808.5999755859375,809.4500122070312,808.4500122070312,809.4500122070312,96201
2026-07-16 09:32:00,808.3499755859375,808.3499755859375,808.5499877929688,808.0999755859375,808.5499877929688,82955
2026-07-16 09:33:00,808.4000244140625,808.4000244140625,808.7999877929688,808.0499877929688,808.3499755859375,104989
2026-07-16 09:34:00,808.0999755859375,808.0999755859375,808.5,808.0,808.5,92671
2026-07-16 09:35:00,808.5499877929688,808.5499877929688,808.5499877929688,808.0499877929688,808.0499877929688,130290
2026-07-16 09:36:00,808.5499877929688,808.5499877929688,808.8499755859375,808.25,808.6500244140625,102700
2026-07-16 09:37:00,808.4500122070312,808.4500122070312,808.5999755859375,808.2000122070312,808.5999755859375,88228
2026-07-16 09:38:00,808.75,808.75,809.2000122070312,808.4500122070312,808.4500122070312,159317
2026-07-16 09:39:00,808.7000122070312,808.7000122070312,808.9500122070312,808.5,808.8499755859375,63983
2026-07-16 09:40:00,808.5,808.5,808.7000122070312,808.4500122070312,808.6500244140625,39144
2026-07-16 09:41:00,808.7000122070312,808.7000122070312,808.75,808.5499877929688,808.5999755859375,71353
2026-07-16 09:42:00,808.5999755859375,808.5999755859375,808.7999877929688,808.5499877929688,808.6500244140625,50568
2026-07-16 09:43:00,808.5499877929688,808.5499877929688,808.7999877929688,808.5,808.5999755859375,83322
2026-07-16 09:44:00,808.4500122070312,808.4500122070312,808.5499877929688,808.4000244140625,808.5499877929688,62036
2026-07-16 09:45:00,808.2999877929688,808.2999877929688,808.75,808.0999755859375,808.5,118870
2026-07-16 09:46:00,808.1500244140625,808.1500244140625,808.4000244140625,808.0,808.3499755859375,79474
2026-07-16 09:47:00,807.7999877929688,807.7999877929688,808.4500122070312,807.7999877929688,808.2000122070312,85737
2026-07-16 09:48:00,808.0999755859375,808.0999755859375,808.1500244140625,807.6500244140625,808.0999755859375,168543
2026-07-16 09:49:00,808.0,808.0,808.2000122070312,807.9000244140625,808.0999755859375,62475
2026-07-16 09:50:00,807.6500244140625,807.6500244140625,808.0999755859375,807.5499877929688,808.0999755859375,91560
2026-07-16 09:51:00,807.6500244140625,807.6500244140625,807.7999877929688,807.4000244140625,807.75,79812
2026-07-16 09:52:00,807.8499755859375,807.8499755859375,807.9000244140625,807.4000244140625,807.7000122070312,125848
2026-07-16 09:53:00,807.9500122070312,807.9500122070312,807.9500122070312,807.5,807.9000244140625,62529
2026-07-16 09:54:00,807.9000244140625,807.9000244140625,808.0999755859375,807.75,807.9500122070312,81657
2026-07-16 09:55:00,807.9000244140625,807.9000244140625,808.2999877929688,807.5499877929688,808.0499877929688,179691
2026-07-16 09:56:00,808.0999755859375,808.0999755859375,808.2999877929688,807.5999755859375,807.8499755859375,86465
2026-07-16 09:57:00,808.0,808.0,808.1500244140625,807.75,808.0499877929688,79228
2026-07-16 09:58:00,808.4000244140625,808.4000244140625,808.4000244140625,807.9500122070312,808.0,77705
2026-07-16 09:59:00,808.4500122070312,808.4500122070312,808.4500122070312,807.9000244140625,808.4000244140625,87039
2026-07-17 03:45:00,810.0499877929688,810.0499877929688,811.5,809.0499877929688,810.0,0
2026-07-17 03:46:00,810.5,810.5,810.5999755859375,809.9000244140625,810.25,102437
2026-07-17 03:47:00,811.3499755859375,811.3499755859375,811.7999877929688,810.5999755859375,810.5999755859375,127329
2026-07-17 03:48:00,812.7999877929688,812.7999877929688,813.0,811.25,811.25,108849
2026-07-17 03:49:00,812.9500122070312,812.9500122070312,813.4000244140625,812.5,813.0,103815
2026-07-17 03:50:00,812.5999755859375,812.5999755859375,813.5,812.25,812.8499755859375,99905
2026-07-17 03:51:00,813.0499877929688,813.0499877929688,813.2999877929688,812.2000122070312,812.5,66982
2026-07-17 03:52:00,812.75,812.75,813.5,812.5499877929688,813.1500244140625,40202
2026-07-17 03:53:00,812.5999755859375,812.5999755859375,812.9500122070312,812.5,812.75,43039
2026-07-17 03:54:00,813.5,813.5,813.75,812.2999877929688,812.7000122070312,72803
2026-07-17 03:55:00,813.5499877929688,813.5499877929688,813.75,813.0999755859375,813.6500244140625,46148
2026-07-17 03:56:00,813.0999755859375,813.0999755859375,814.0499877929688,813.0999755859375,813.5499877929688,56589
2026-07-17 03:57:00,812.7000122070312,812.7000122070312,813.2000122070312,812.0999755859375,813.2000122070312,37012
2026-07-17 03:58:00,812.4000244140625,812.4000244140625,812.7999877929688,812.2999877929688,812.5499877929688,21432
2026-07-17 03:59:00,813.1500244140625,813.1500244140625,813.1500244140625,812.2000122070312,812.4000244140625,38834
2026-07-17 04:00:00,812.2999877929688,812.2999877929688,813.1500244140625,812.25,813.1500244140625,37283
2026-07-17 04:01:00,811.7999877929688,811.7999877929688,812.4000244140625,811.5999755859375,812.2999877929688,64357
2026-07-17 04:02:00,813.0,813.0,813.25,811.9500122070312,811.9500122070312,38848
2026-07-17 04:03:00,813.7999877929688,813.7999877929688,814.0,813.2999877929688,813.2999877929688,57001
2026-07-17 04:04:00,813.5499877929688,813.5499877929688,814.25,813.4000244140625,813.9000244140625,100581
2026-07-17 04:05:00,813.7999877929688,813.7999877929688,813.7999877929688,813.5,813.5999755859375,20116
2026-07-17 04:06:00,814.0499877929688,814.0499877929688,814.0999755859375,813.7000122070312,813.7999877929688,30960
2026-07-17 04:07:00,814.0,814.0,814.2000122070312,813.7999877929688,814.0499877929688,40811
2026-07-17 04:08:00,814.0499877929688,814.0499877929688,814.25,813.8499755859375,814.0,38203
2026-07-17 04:09:00,814.6500244140625,814.6500244140625,814.6500244140625,814.0499877929688,814.0499877929688,47375
2026-07-17 04:10:00,814.5,814.5,814.75,814.25,814.5999755859375,23892
2026-07-17 04:11:00,815.0999755859375,815.0999755859375,815.2000122070312,814.0999755859375,814.5,110475
2026-07-17 04:12:00,814.4000244140625,814.4000244140625,815.0999755859375,814.2999877929688,815.0999755859375,116328
2026-07-17 04:13:00,814.8499755859375,814.8499755859375,815.0,814.0999755859375,814.4000244140625,41260
2026-07-17 04:14:00,815.2000122070312,815.2000122070312,815.2000122070312,814.5999755859375,814.8499755859375,34274
2026-07-17 04:15:00,815.4000244140625,815.4000244140625,815.9000244140625,815.0499877929688,815.0499877929688,50519
2026-07-17 04:16:00,816.7000122070312,816.7000122070312,816.9000244140625,815.25,815.25,91554
2026-07-17 04:17:00,816.4500122070312,816.4500122070312,816.9500122070312,816.3499755859375,816.7999877929688,46203
2026-07-17 04:18:00,816.5999755859375,816.5999755859375,816.5999755859375,816.2000122070312,816.5,30687
2026-07-17 04:19:00,816.0,816.0,816.75,816.0,816.5999755859375,58879
2026-07-17 04:20:00,816.0,816.0,816.0,815.7000122070312,815.7000122070312,24419
2026-07-17 04:21:00,815.2999877929688,815.2999877929688,816.0,815.2999877929688,816.0,28628
2026-07-17 04:22:00,815.7000122070312,815.7000122070312,815.8499755859375,815.2000122070312,815.5499877929688,34988
2026-07-17 04:23:00,816.5,816.5,816.7000122070312,815.4000244140625,815.75,55638
2026-07-17 04:24:00,816.5,816.5,816.6500244140625,816.2999877929688,816.5,24139
2026-07-17 04:25:00,815.6500244140625,815.6500244140625,816.5499877929688,815.4000244140625,816.5499877929688,41258
2026-07-17 04:26:00,815.4000244140625,815.4000244140625,815.7000122070312,815.2000122070312,815.6500244140625,45617
2026-07-17 04:27:00,815.2999877929688,815.2999877929688,815.5999755859375,815.1500244140625,815.5,15250
2026-07-17 04:28:00,816.5,816.5,816.5999755859375,815.25,815.25,70701
2026-07-17 04:29:00,816.3499755859375,816.3499755859375,816.5,816.0499877929688,816.5,41967
2026-07-17 04:30:00,816.1500244140625,816.1500244140625,816.75,816.0499877929688,816.2999877929688,52644
2026-07-17 04:31:00,815.9500122070312,815.9500122070312,816.5,815.7000122070312,816.0999755859375,28936
2026-07-17 04:32:00,815.6500244140625,815.6500244140625,816.0999755859375,815.6500244140625,815.9500122070312,24631
2026-07-17 04:33:00,816.0,816.0,816.0999755859375,815.75,815.7999877929688,46588
2026-07-17 04:34:00,815.8499755859375,815.8499755859375,816.0,815.4000244140625,815.9500122070312,15160
2026-07-17 04:35:00,816.2999877929688,816.2999877929688,816.2999877929688,815.6500244140625,815.7999877929688,32340
2026-07-17 04:36:00,816.4000244140625,816.4000244140625,816.5999755859375,816.0499877929688,816.3499755859375,49370
2026-07-17 04:37:00,816.5499877929688,816.5499877929688,816.5499877929688,816.0499877929688,816.5,24174
2026-07-17 04:38:00,816.3499755859375,816.3499755859375,816.5499877929688,816.0,816.5499877929688,29963
2026-07-17 04:39:00,816.0499877929688,816.0499877929688,816.4000244140625,815.9500122070312,816.25,23827
2026-07-17 04:40:00,816.0999755859375,816.0999755859375,816.1500244140625,815.5999755859375,816.0999755859375,36681
2026-07-17 04:41:00,816.4000244140625,816.4000244140625,816.4000244140625,815.75,816.0999755859375,98077
2026-07-17 04:42:00,816.7000122070312,816.7000122070312,817.0,816.3499755859375,816.4000244140625,83309
2026-07-17 04:43:00,817.4000244140625,817.4000244140625,817.5,816.5999755859375,816.7000122070312,48704
2026-07-17 04:44:00,817.2000122070312,817.2000122070312,817.5999755859375,817.2000122070312,817.5,62703
2026-07-17 04:45:00,817.6500244140625,817.6500244140625,817.7999877929688,817.1500244140625,817.2000122070312,26275
2026-07-17 04:46:00,817.8499755859375,817.8499755859375,818.2000122070312,817.7000122070312,817.7000122070312,129203
2026-07-17 04:47:00,817.4000244140625,817.4000244140625,818.0,817.2000122070312,817.8499755859375,53647
2026-07-17 04:48:00,817.9500122070312,817.9500122070312,818.0,817.25,817.3499755859375,31880
2026-07-17 04:49:00,817.75,817.75,818.0,817.5499877929688,817.9500122070312,21867
2026-07-17 04:50:00,817.4000244140625,817.4000244140625,817.7999877929688,817.3499755859375,817.7000122070312,12075
2026-07-17 04:51:00,817.4000244140625,817.4000244140625,817.5,817.3499755859375,817.4000244140625,14497
2026-07-17 04:52:00,817.5,817.5,817.5,817.4000244140625,817.5,11749
2026-07-17 04:53:00,816.3499755859375,816.3499755859375,817.4500122070312,816.2000122070312,817.4500122070312,46323
2026-07-17 04:54:00,816.25,816.25,816.3499755859375,816.0999755859375,816.3499755859375,21636
2026-07-17 04:55:00,816.75,816.75,816.75,816.2000122070312,816.25,26191
2026-07-17 04:56:00,817.1500244140625,817.1500244140625,817.1500244140625,816.5499877929688,816.6500244140625,22421
2026-07-17 04:57:00,818.0,818.0,818.0,817.0499877929688,817.1500244140625,76157
2026-07-17 04:58:00,818.5,818.5,818.7999877929688,817.9500122070312,818.0,89801
2026-07-17 04:59:00,819.4500122070312,819.4500122070312,819.75,818.3499755859375,818.6500244140625,111515
2026-07-17 05:00:00,819.4000244140625,819.4000244140625,819.5,818.9000244140625,819.2999877929688,69722
2026-07-17 05:01:00,818.9500122070312,818.9500122070312,819.5,818.9000244140625,819.2999877929688,35853
2026-07-17 05:02:00,818.9500122070312,818.9500122070312,819.2000122070312,818.9000244140625,818.9000244140625,23331
2026-07-17 05:03:00,818.9500122070312,818.9500122070312,819.0,818.5999755859375,818.9500122070312,40749
2026-07-17 05:04:00,818.6500244140625,818.6500244140625,819.0499877929688,818.5999755859375,819.0,39212
2026-07-17 05:05:00,818.2000122070312,818.2000122070312,818.9500122070312,818.1500244140625,818.7999877929688,31836
2026-07-17 05:06:00,818.7000122070312,818.7000122070312,819.0,818.4000244140625,818.4000244140625,33250
2026-07-17 05:07:00,817.9000244140625,817.9000244140625,819.0,817.9000244140625,819.0,61026
2026-07-17 05:08:00,817.8499755859375,817.8499755859375,817.9500122070312,817.0499877929688,817.7999877929688,68277
2026-07-17 05:09:00,817.8499755859375,817.8499755859375,818.0499877929688,817.7000122070312,817.8499755859375,21462
2026-07-17 05:10:00,818.0,818.0,818.3499755859375,817.5499877929688,817.7999877929688,25044
2026-07-17 05:11:00,818.2999877929688,818.2999877929688,818.5,818.0,818.0999755859375,18628
2026-07-17 05:12:00,818.2999877929688,818.2999877929688,818.5,818.0999755859375,818.3499755859375,15900
2026-07-17 05:13:00,817.5,817.5,818.5,817.0999755859375,818.2999877929688,40496
2026-07-17 05:14:00,818.0999755859375,818.0999755859375,818.2999877929688,817.4500122070312,817.8499755859375,32271
2026-07-17 05:15:00,818.0,818.0,818.3499755859375,817.7000122070312,818.0,35245
2026-07-17 05:16:00,818.0999755859375,818.0999755859375,818.0999755859375,817.7999877929688,818.0,19071
2026-07-17 05:17:00,818.1500244140625,818.1500244140625,818.4000244140625,818.0499877929688,818.0499877929688,15980
2026-07-17 05:18:00,818.1500244140625,818.1500244140625,818.5499877929688,818.0499877929688,818.1500244140625,22984
2026-07-17 05:19:00,818.0499877929688,818.0499877929688,818.25,818.0,818.1500244140625,16896
2026-07-17 05:20:00,818.2000122070312,818.2000122070312,818.3499755859375,817.9500122070312,818.0999755859375,118311
2026-07-17 05:21:00,818.1500244140625,818.1500244140625,818.2999877929688,817.9000244140625,818.2999877929688,18993
2026-07-17 05:22:00,818.4000244140625,818.4000244140625,818.7000122070312,818.1500244140625,818.1500244140625,16609
2026-07-17 05:23:00,818.75,818.75,818.8499755859375,818.6500244140625,818.6500244140625,12063
2026-07-17 05:24:00,818.9500122070312,818.9500122070312,819.0,818.5499877929688,818.7999877929688,34167
2026-07-17 05:25:00,819.0,819.0,819.0,818.5999755859375,818.75,30869
2026-07-17 05:26:00,819.0,819.0,819.0499877929688,818.5,819.0,64795
2026-07-17 05:27:00,819.2999877929688,819.2999877929688,819.2999877929688,819.0,819.0499877929688,56120
2026-07-17 05:28:00,819.5999755859375,819.5999755859375,819.75,819.3499755859375,819.4500122070312,42859
2026-07-17 05:29:00,819.3499755859375,819.3499755859375,819.6500244140625,819.0999755859375,819.6500244140625,41524
2026-07-17 05:30:00,819.4500122070312,819.4500122070312,819.8499755859375,819.25,819.4000244140625,34157
2026-07-17 05:31:00,819.7000122070312,819.7000122070312,819.8499755859375,819.4000244140625,819.4500122070312,43426
2026-07-17 05:32:00,819.0,819.0,819.6500244140625,819.0,819.6500244140625,24714
2026-07-17 05:33:00,817.75,817.75,819.3499755859375,817.6500244140625,819.1500244140625,65186
2026-07-17 05:34:00,817.9000244140625,817.9000244140625,817.9000244140625,817.75,817.8499755859375,13430
2026-07-17 05:35:00,818.0999755859375,818.0999755859375,818.25,817.5499877929688,817.9000244140625,67146
2026-07-17 05:36:00,818.3499755859375,818.3499755859375,818.4000244140625,817.9000244140625,818.0999755859375,25642
2026-07-17 05:37:00,817.7999877929688,817.7999877929688,818.4500122070312,817.7000122070312,818.3499755859375,18688
2026-07-17 05:38:00,817.6500244140625,817.6500244140625,818.0999755859375,817.25,817.9500122070312,20560
2026-07-17 05:39:00,817.6500244140625,817.6500244140625,818.0,817.5,817.5,18997
2026-07-17 05:40:00,818.0,818.0,818.0999755859375,817.4000244140625,817.6500244140625,19877
2026-07-17 05:41:00,818.25,818.25,818.5,817.9000244140625,817.9000244140625,23476
2026-07-17 05:42:00,818.2000122070312,818.2000122070312,818.3499755859375,817.9500122070312,818.2999877929688,21728
2026-07-17 05:43:00,817.4000244140625,817.4000244140625,818.0499877929688,817.4000244140625,818.0499877929688,36527
2026-07-17 05:44:00,817.4500122070312,817.4500122070312,817.6500244140625,817.1500244140625,817.5,48657
2026-07-17 05:45:00,817.5,817.5,817.8499755859375,817.2000122070312,817.5999755859375,26865
2026-07-17 05:46:00,817.2000122070312,817.2000122070312,817.5999755859375,817.0,817.5999755859375,46105
2026-07-17 05:47:00,817.4000244140625,817.4000244140625,817.75,817.2999877929688,817.3499755859375,16612
2026-07-17 05:48:00,817.3499755859375,817.3499755859375,817.6500244140625,817.1500244140625,817.4000244140625,22146
2026-07-17 05:49:00,817.4500122070312,817.4500122070312,817.6500244140625,817.2000122070312,817.3499755859375,23608
2026-07-17 05:50:00,817.5999755859375,817.5999755859375,817.6500244140625,817.1500244140625,817.5999755859375,17241
2026-07-17 05:51:00,817.5499877929688,817.5499877929688,817.8499755859375,817.2000122070312,817.5999755859375,58291
2026-07-17 05:52:00,818.0499877929688,818.0499877929688,818.2000122070312,817.7000122070312,817.9000244140625,22299
2026-07-17 05:53:00,817.5,817.5,818.0499877929688,817.4000244140625,818.0499877929688,24526
2026-07-17 05:54:00,818.6500244140625,818.6500244140625,819.0,817.4500122070312,817.9000244140625,62603
2026-07-17 05:55:00,818.5499877929688,818.5499877929688,818.9000244140625,818.25,818.6500244140625,19671
2026-07-17 05:56:00,818.6500244140625,818.6500244140625,818.7999877929688,818.4500122070312,818.5499877929688,15026
2026-07-17 05:57:00,818.6500244140625,818.6500244140625,818.9000244140625,818.3499755859375,818.7000122070312,19799
2026-07-17 05:58:00,818.7000122070312,818.7000122070312,819.0,818.5999755859375,818.5999755859375,21008
2026-07-17 05:59:00,818.75,818.75,819.1500244140625,818.6500244140625,818.9500122070312,33534
2026-07-17 06:00:00,818.8499755859375,818.8499755859375,818.9500122070312,818.6500244140625,818.8499755859375,14797
2026-07-17 06:01:00,819.0,819.0,819.0,818.75,818.9500122070312,16419
2026-07-17 06:02:00,819.0,819.0,819.0,818.8499755859375,818.9500122070312,20118
2026-07-17 06:03:00,819.25,819.25,819.4500122070312,819.1500244140625,819.1500244140625,23149
2026-07-17 06:04:00,819.0,819.0,819.3499755859375,818.8499755859375,819.25,23032
2026-07-17 06:05:00,819.0499877929688,819.0499877929688,819.1500244140625,818.8499755859375,818.9500122070312,13867
2026-07-17 06:06:00,818.5,818.5,819.0499877929688,818.4000244140625,819.0499877929688,18198
2026-07-17 06:07:00,817.9500122070312,817.9500122070312,818.5499877929688,817.8499755859375,818.4500122070312,29661
2026-07-17 06:08:00,817.9500122070312,817.9500122070312,818.0,817.5,817.9500122070312,31032
2026-07-17 06:09:00,818.2000122070312,818.2000122070312,818.2000122070312,817.8499755859375,817.9500122070312,19021
2026-07-17 06:10:00,818.7000122070312,818.7000122070312,818.7000122070312,818.0499877929688,818.1500244140625,35229
2026-07-17 06:11:00,818.9000244140625,818.9000244140625,818.9500122070312,818.5,818.6500244140625,22811
2026-07-17 06:12:00,818.9000244140625,818.9000244140625,819.0,818.8499755859375,819.0,99358
2026-07-17 06:13:00,819.0,819.0,819.0,818.8499755859375,818.9000244140625,36078
2026-07-17 06:14:00,819.0,819.0,819.0999755859375,818.9500122070312,819.0,12947
2026-07-17 06:15:00,819.0499877929688,819.0499877929688,819.0999755859375,819.0,819.0499877929688,15085
2026-07-17 06:16:00,819.0,819.0,819.2000122070312,818.9500122070312,819.1500244140625,24294
2026-07-17 06:17:00,819.0,819.0,819.2000122070312,818.5999755859375,819.0499877929688,30942
2026-07-17 06:18:00,819.0,819.0,819.0,818.8499755859375,818.9500122070312,24968
2026-07-17 06:19:00,818.9500122070312,818.9500122070312,819.0,818.9000244140625,819.0,17583
2026-07-17 06:20:00,819.0499877929688,819.0499877929688,819.2000122070312,818.9500122070312,818.9500122070312,39208
2026-07-17 06:21:00,819.2000122070312,819.2000122070312,819.5,819.0499877929688,819.0999755859375,76290
2026-07-17 06:22:00,819.4500122070312,819.4500122070312,819.5,818.9500122070312,819.2000122070312,27813
2026-07-17 06:23:00,819.5499877929688,819.5499877929688,819.8499755859375,819.4500122070312,819.5,67942
2026-07-17 06:24:00,819.2999877929688,819.2999877929688,819.7000122070312,819.2999877929688,819.6500244140625,21993
2026-07-17 06:25:00,819.1500244140625,819.1500244140625,819.5999755859375,819.1500244140625,819.4500122070312,27388
2026-07-17 06:26:00,819.4000244140625,819.4000244140625,819.6500244140625,819.0999755859375,819.1500244140625,34132
2026-07-17 06:27:00,819.8499755859375,819.8499755859375,819.9000244140625,819.2000122070312,819.3499755859375,35264
2026-07-17 06:28:00,819.75,819.75,819.8499755859375,819.1500244140625,819.6500244140625,108560
2026-07-17 06:29:00,819.7999877929688,819.7999877929688,819.7999877929688,819.5,819.7000122070312,23509
2026-07-17 06:30:00,819.5999755859375,819.5999755859375,819.9000244140625,819.2000122070312,819.7999877929688,80875
2026-07-17 06:31:00,818.7000122070312,818.7000122070312,819.7000122070312,818.5999755859375,819.4000244140625,37089
2026-07-17 06:32:00,818.5,818.5,818.7999877929688,818.5,818.7999877929688,17290
2026-07-17 06:33:00,818.7999877929688,818.7999877929688,818.7999877929688,818.4000244140625,818.4000244140625,32340
2026-07-17 06:34:00,818.75,818.75,818.9500122070312,818.5499877929688,818.7999877929688,20663
2026-07-17 06:35:00,818.4500122070312,818.4500122070312,818.7999877929688,818.2000122070312,818.2000122070312,33829
2026-07-17 06:36:00,817.9000244140625,817.9000244140625,818.5,817.8499755859375,818.25,32236
2026-07-17 06:37:00,817.75,817.75,818.25,817.5999755859375,817.9000244140625,33581
2026-07-17 06:38:00,817.8499755859375,817.8499755859375,818.0,817.7000122070312,817.9000244140625,27895
2026-07-17 06:39:00,818.2999877929688,818.2999877929688,818.5,817.9000244140625,817.9500122070312,26396
2026-07-17 06:40:00,818.4000244140625,818.4000244140625,818.5499877929688,818.2000122070312,818.2999877929688,19903
2026-07-17 06:41:00,818.1500244140625,818.1500244140625,818.4000244140625,818.1500244140625,818.4000244140625,26031
2026-07-17 06:42:00,818.2999877929688,818.2999877929688,818.4500122070312,818.0499877929688,818.0999755859375,30623
2026-07-17 06:43:00,817.8499755859375,817.8499755859375,818.5,817.8499755859375,818.4000244140625,22679
2026-07-17 06:44:00,817.7999877929688,817.7999877929688,818.0,817.7000122070312,817.9000244140625,27987
2026-07-17 06:45:00,818.2000122070312,818.2000122070312,818.4000244140625,817.7999877929688,817.7999877929688,21564
2026-07-17 06:46:00,818.6500244140625,818.6500244140625,818.9000244140625,818.0999755859375,818.4000244140625,54459
2026-07-17 06:47:00,818.9000244140625,818.9000244140625,818.9000244140625,818.25,818.5999755859375,21202
2026-07-17 06:48:00,818.7999877929688,818.7999877929688,818.9500122070312,818.6500244140625,818.9000244140625,14346
2026-07-17 06:49:00,819.0,819.0,819.0,818.5999755859375,818.9000244140625,33456
2026-07-17 06:50:00,819.5499877929688,819.5499877929688,819.75,818.9500122070312,819.0,62502
2026-07-17 06:51:00,819.2999877929688,819.2999877929688,819.5999755859375,819.0999755859375,819.5,34957
2026-07-17 06:52:00,819.2000122070312,819.2000122070312,819.2999877929688,818.8499755859375,819.1500244140625,29530
2026-07-17 06:53:00,819.6500244140625,819.6500244140625,819.7000122070312,819.2000122070312,819.2000122070312,22740
2026-07-17 06:54:00,819.6500244140625,819.6500244140625,819.9000244140625,819.25,819.7000122070312,54767
2026-07-17 06:55:00,819.5499877929688,819.5499877929688,819.9000244140625,819.5,819.5999755859375,22992
2026-07-17 06:56:00,819.4500122070312,819.4500122070312,819.75,819.25,819.5499877929688,31860
2026-07-17 06:57:00,819.5999755859375,819.5999755859375,819.75,819.4000244140625,819.5,23174
2026-07-17 06:58:00,819.6500244140625,819.6500244140625,819.7000122070312,819.5,819.5999755859375,11231
2026-07-17 06:59:00,819.4500122070312,819.4500122070312,819.75,819.4500122070312,819.7000122070312,20850
2026-07-17 07:00:00,818.9500122070312,818.9500122070312,819.0999755859375,818.75,819.0999755859375,40598
2026-07-17 07:01:00,818.9000244140625,818.9000244140625,819.2000122070312,818.75,818.75,33326
2026-07-17 07:02:00,818.7999877929688,818.7999877929688,819.25,818.7999877929688,818.9000244140625,38546
2026-07-17 07:03:00,819.4000244140625,819.4000244140625,819.5,819.0,819.0,21601
2026-07-17 07:04:00,819.1500244140625,819.1500244140625,819.75,819.0999755859375,819.5,51856
2026-07-17 07:05:00,819.3499755859375,819.3499755859375,819.5499877929688,819.2000122070312,819.4500122070312,18841
2026-07-17 07:06:00,819.4000244140625,819.4000244140625,819.4500122070312,819.0499877929688,819.4000244140625,31916
2026-07-17 07:07:00,818.8499755859375,818.8499755859375,819.4500122070312,818.75,819.4000244140625,31267
2026-07-17 07:08:00,818.5999755859375,818.5999755859375,818.9500122070312,818.3499755859375,818.8499755859375,42127
2026-07-17 07:09:00,818.4500122070312,818.4500122070312,818.7000122070312,818.2999877929688,818.6500244140625,29584
2026-07-17 07:10:00,817.9000244140625,817.9000244140625,818.4000244140625,817.7999877929688,818.4000244140625,75526
2026-07-17 07:11:00,817.9500122070312,817.9500122070312,818.2000122070312,817.7000122070312,817.7999877929688,94217
2026-07-17 07:12:00,818.2999877929688,818.2999877929688,818.4500122070312,817.9000244140625,817.9500122070312,23600
2026-07-17 07:13:00,818.0499877929688,818.0499877929688,818.2999877929688,818.0,818.2999877929688,21175
2026-07-17 07:14:00,818.25,818.25,818.4000244140625,818.0999755859375,818.2000122070312,21906
2026-07-17 07:15:00,818.5999755859375,818.5999755859375,818.5999755859375,818.25,818.25,14815
2026-07-17 07:16:00,818.4500122070312,818.4500122070312,818.6500244140625,818.4000244140625,818.5999755859375,26372
2026-07-17 07:17:00,818.75,818.75,818.75,818.4000244140625,818.4000244140625,13021
2026-07-17 07:18:00,818.6500244140625,818.6500244140625,818.7999877929688,818.5,818.6500244140625,18859
2026-07-17 07:19:00,818.9500122070312,818.9500122070312,819.0,818.6500244140625,818.6500244140625,26573
2026-07-17 07:20:00,818.2999877929688,818.2999877929688,819.0,818.2000122070312,818.9500122070312,34677
2026-07-17 07:21:00,818.1500244140625,818.1500244140625,818.25,818.0,818.25,37465
2026-07-17 07:22:00,818.4500122070312,818.4500122070312,818.5499877929688,818.1500244140625,818.1500244140625,24938
2026-07-17 07:23:00,817.8499755859375,817.8499755859375,818.4500122070312,817.8499755859375,818.4500122070312,58229
2026-07-17 07:24:00,817.7000122070312,817.7000122070312,818.0499877929688,817.5999755859375,817.9500122070312,28183
2026-07-17 07:25:00,817.7999877929688,817.7999877929688,818.1500244140625,817.5499877929688,817.75,30456
2026-07-17 07:26:00,817.9500122070312,817.9500122070312,817.9500122070312,817.5999755859375,817.75,15874
2026-07-17 07:27:00,818.3499755859375,818.3499755859375,818.6500244140625,817.9500122070312,817.9500122070312,37799
2026-07-17 07:28:00,818.4500122070312,818.4500122070312,818.7000122070312,818.0999755859375,818.4000244140625,29551
2026-07-17 07:29:00,818.5499877929688,818.5499877929688,818.75,818.3499755859375,818.4500122070312,19040
2026-07-17 07:30:00,818.25,818.25,818.5999755859375,818.25,818.5499877929688,17348
2026-07-17 07:31:00,818.25,818.25,818.5999755859375,818.2000122070312,818.3499755859375,22881
2026-07-17 07:32:00,817.6500244140625,817.6500244140625,818.25,817.4500122070312,818.25,138811
2026-07-17 07:33:00,817.5999755859375,817.5999755859375,817.9000244140625,817.5,817.75,38628
2026-07-17 07:34:00,817.7999877929688,817.7999877929688,818.25,817.5999755859375,817.5999755859375,23835
2026-07-17 07:35:00,817.9000244140625,817.9000244140625,817.9500122070312,817.6500244140625,817.8499755859375,21295
2026-07-17 07:36:00,817.9000244140625,817.9000244140625,818.0,817.7999877929688,817.9000244140625,17470
2026-07-17 07:37:00,817.9500122070312,817.9500122070312,818.0999755859375,817.5999755859375,817.9500122070312,28786
2026-07-17 07:38:00,818.0,818.0,818.0499877929688,817.7000122070312,817.9500122070312,21243
2026-07-17 07:39:00,817.5499877929688,817.5499877929688,818.0999755859375,817.2999877929688,818.0499877929688,118896
2026-07-17 07:40:00,817.7000122070312,817.7000122070312,817.9000244140625,817.5499877929688,817.5499877929688,44796
2026-07-17 07:41:00,818.0999755859375,818.0999755859375,818.3499755859375,817.5999755859375,817.7000122070312,106099
2026-07-17 07:42:00,818.0999755859375,818.0999755859375,818.4000244140625,818.0499877929688,818.0999755859375,40075
2026-07-17 07:43:00,817.9000244140625,817.9000244140625,818.25,817.9000244140625,818.0499877929688,44567
2026-07-17 07:44:00,818.7000122070312,818.7000122070312,819.0,818.1500244140625,818.1500244140625,116889
2026-07-17 07:45:00,818.2000122070312,818.2000122070312,818.75,818.0499877929688,818.6500244140625,78340
2026-07-17 07:46:00,818.5999755859375,818.5999755859375,818.7000122070312,818.4000244140625,818.4000244140625,19102
2026-07-17 07:47:00,819.0,819.0,819.0,818.4000244140625,818.6500244140625,45630
2026-07-17 07:48:00,818.7999877929688,818.7999877929688,819.4000244140625,818.75,819.0,50005
2026-07-17 07:49:00,818.1500244140625,818.1500244140625,819.0,818.0999755859375,818.9500122070312,29637
2026-07-17 07:50:00,818.5499877929688,818.5499877929688,818.7000122070312,818.1500244140625,818.2999877929688,30951
2026-07-17 07:51:00,818.1500244140625,818.1500244140625,818.4000244140625,818.0999755859375,818.0999755859375,36050
2026-07-17 07:52:00,818.25,818.25,818.2999877929688,818.0499877929688,818.0999755859375,17703
2026-07-17 07:53:00,818.2999877929688,818.2999877929688,818.3499755859375,818.25,818.2999877929688,23854
2026-07-17 07:54:00,817.6500244140625,817.6500244140625,818.0999755859375,817.2000122070312,818.0999755859375,176270
2026-07-17 07:55:00,817.5499877929688,817.5499877929688,817.7000122070312,817.2999877929688,817.6500244140625,34851
2026-07-17 07:56:00,817.3499755859375,817.3499755859375,817.75,817.2999877929688,817.5499877929688,25779
2026-07-17 07:57:00,817.2000122070312,817.2000122070312,817.4500122070312,817.0999755859375,817.4000244140625,35140
2026-07-17 07:58:00,817.0999755859375,817.0999755859375,817.4000244140625,817.0,817.25,35756
2026-07-17 07:59:00,817.8499755859375,817.8499755859375,818.0499877929688,817.25,817.25,42590
2026-07-17 08:00:00,818.4000244140625,818.4000244140625,818.4000244140625,817.7999877929688,817.7999877929688,22492
2026-07-17 08:01:00,818.1500244140625,818.1500244140625,818.5,818.0499877929688,818.4000244140625,22833
2026-07-17 08:02:00,818.4000244140625,818.4000244140625,818.4000244140625,817.8499755859375,818.1500244140625,35597
2026-07-17 08:03:00,818.0,818.0,818.4000244140625,817.8499755859375,818.4000244140625,17080
2026-07-17 08:04:00,818.0999755859375,818.0999755859375,818.2000122070312,817.7999877929688,818.0999755859375,20407
2026-07-17 08:05:00,818.0,818.0,818.4000244140625,818.0,818.0499877929688,31906
2026-07-17 08:06:00,818.0,818.0,818.4000244140625,818.0,818.0,48364
2026-07-17 08:07:00,817.9000244140625,817.9000244140625,818.25,817.7999877929688,817.8499755859375,52236
2026-07-17 08:08:00,818.4000244140625,818.4000244140625,818.4000244140625,817.9000244140625,818.0499877929688,64202
2026-07-17 08:09:00,818.0,818.0,818.4000244140625,817.75,818.4000244140625,28992
2026-07-17 08:10:00,817.4000244140625,817.4000244140625,818.0499877929688,817.25,818.0,73748
2026-07-17 08:11:00,817.5999755859375,817.5999755859375,817.6500244140625,817.0499877929688,817.5,73111
2026-07-17 08:12:00,817.5,817.5,817.75,817.2999877929688,817.5999755859375,29319
2026-07-17 08:13:00,817.75,817.75,817.7999877929688,817.25,817.5,21719
2026-07-17 08:14:00,817.9000244140625,817.9000244140625,818.2000122070312,817.7999877929688,817.8499755859375,25001
2026-07-17 08:15:00,817.6500244140625,817.6500244140625,817.9500122070312,817.4500122070312,817.9500122070312,28568
2026-07-17 08:16:00,817.4500122070312,817.4500122070312,817.7000122070312,817.25,817.6500244140625,39327
2026-07-17 08:17:00,817.3499755859375,817.3499755859375,817.5499877929688,817.0999755859375,817.5499877929688,41923
2026-07-17 08:18:00,817.5,817.5,817.5999755859375,817.25,817.2999877929688,27369
2026-07-17 08:19:00,817.1500244140625,817.1500244140625,817.5999755859375,817.0,817.5499877929688,49175
2026-07-17 08:20:00,816.5,816.5,817.2000122070312,816.4500122070312,817.1500244140625,56456
2026-07-17 08:21:00,816.0499877929688,816.0499877929688,816.5499877929688,815.8499755859375,816.5,98050
2026-07-17 08:22:00,816.25,816.25,816.9000244140625,816.0,816.1500244140625,36513
2026-07-17 08:23:00,816.8499755859375,816.8499755859375,817.0,816.25,816.25,31331
2026-07-17 08:24:00,817.0,817.0,817.1500244140625,816.7000122070312,816.8499755859375,23489
2026-07-17 08:25:00,816.9500122070312,816.9500122070312,817.0499877929688,816.9000244140625,816.9500122070312,19389
2026-07-17 08:26:00,816.7999877929688,816.7999877929688,817.0,816.5,816.9500122070312,33532
2026-07-17 08:27:00,816.8499755859375,816.8499755859375,817.0999755859375,816.5499877929688,816.7999877929688,39419
2026-07-17 08:28:00,816.8499755859375,816.8499755859375,817.0,816.5,816.8499755859375,24690
2026-07-17 08:29:00,817.5999755859375,817.5999755859375,817.7999877929688,816.8499755859375,816.9000244140625,46589
2026-07-17 08:30:00,817.4000244140625,817.4000244140625,817.4500122070312,817.2000122070312,817.4500122070312,23189
2026-07-17 08:31:00,817.2999877929688,817.2999877929688,817.5499877929688,817.0,817.4500122070312,131771
2026-07-17 08:32:00,817.25,817.25,817.4500122070312,817.0499877929688,817.2999877929688,21092
2026-07-17 08:33:00,817.5499877929688,817.5499877929688,817.5999755859375,817.0999755859375,817.5,24349
2026-07-17 08:34:00,817.5,817.5,817.9000244140625,817.5,817.5999755859375,31782
2026-07-17 08:35:00,817.9000244140625,817.9000244140625,817.9500122070312,817.5,817.5499877929688,16094
2026-07-17 08:36:00,817.6500244140625,817.6500244140625,818.0,817.6500244140625,817.9500122070312,75587
2026-07-17 08:37:00,817.5,817.5,817.7000122070312,817.25,817.7000122070312,13336
2026-07-17 08:38:00,817.75,817.75,817.7999877929688,817.25,817.4500122070312,41209
2026-07-17 08:39:00,817.7000122070312,817.7000122070312,818.0499877929688,817.5,817.7999877929688,22213
2026-07-17 08:40:00,818.0,818.0,818.0,817.6500244140625,817.7000122070312,11508
2026-07-17 08:41:00,818.4500122070312,818.4500122070312,818.4500122070312,817.9500122070312,818.0,27616
2026-07-17 08:42:00,818.5999755859375,818.5999755859375,818.5999755859375,818.4500122070312,818.5,20958
2026-07-17 08:43:00,818.9500122070312,818.9500122070312,818.9500122070312,818.5499877929688,818.5999755859375,22544
2026-07-17 08:44:00,819.4000244140625,819.4000244140625,819.5,818.9500122070312,818.9500122070312,65046
2026-07-17 08:45:00,822.6500244140625,822.6500244140625,822.6500244140625,819.4500122070312,819.5,413364
2026-07-17 08:46:00,823.0,823.0,823.0,821.6500244140625,822.7000122070312,216448
2026-07-17 08:47:00,822.5999755859375,822.5999755859375,823.5999755859375,822.2000122070312,823.0,143269
2026-07-17 08:48:00,821.5499877929688,821.5499877929688,822.7999877929688,821.5,822.7999877929688,106130
2026-07-17 08:49:00,821.0,821.0,821.75,820.6500244140625,821.5999755859375,72431
2026-07-17 08:50:00,821.1500244140625,821.1500244140625,821.6500244140625,821.0,821.0,54695
2026-07-17 08:51:00,821.0999755859375,821.0999755859375,821.4000244140625,820.5999755859375,821.1500244140625,105277
2026-07-17 08:52:00,820.75,820.75,821.25,820.6500244140625,821.25,68816
2026-07-17 08:53:00,820.3499755859375,820.3499755859375,821.0,820.3499755859375,820.7000122070312,93480
2026-07-17 08:54:00,820.6500244140625,820.6500244140625,820.7999877929688,820.2999877929688,820.2999877929688,42813
2026-07-17 08:55:00,821.0,821.0,821.3499755859375,820.2999877929688,820.75,55459
2026-07-17 08:56:00,821.2000122070312,821.2000122070312,821.9500122070312,820.8499755859375,820.8499755859375,74658
2026-07-17 08:57:00,820.7999877929688,820.7999877929688,821.2999877929688,820.7999877929688,821.2000122070312,33725
2026-07-17 08:58:00,820.75,820.75,821.0,820.5999755859375,820.8499755859375,31440
2026-07-17 08:59:00,819.2000122070312,819.2000122070312,820.6500244140625,819.2000122070312,820.6500244140625,92222
2026-07-17 09:00:00,820.4000244140625,820.4000244140625,820.5,819.4000244140625,819.4000244140625,56256
2026-07-17 09:01:00,820.2999877929688,820.2999877929688,820.6500244140625,820.2000122070312,820.4000244140625,15281
2026-07-17 09:02:00,820.5,820.5,820.5,820.25,820.3499755859375,22535
2026-07-17 09:03:00,820.0999755859375,820.0999755859375,820.5,820.0,820.5,16884
2026-07-17 09:04:00,820.0499877929688,820.0499877929688,820.5,820.0499877929688,820.2999877929688,14069
2026-07-17 09:05:00,820.0499877929688,820.0499877929688,820.2999877929688,820.0,820.2000122070312,25900
2026-07-17 09:06:00,819.75,819.75,820.0,819.5499877929688,820.0,61220
2026-07-17 09:07:00,820.0,820.0,820.0,819.7000122070312,819.7999877929688,44530
2026-07-17 09:08:00,820.7999877929688,820.7999877929688,820.9000244140625,819.7999877929688,819.7999877929688,86925
2026-07-17 09:09:00,820.6500244140625,820.6500244140625,820.7999877929688,820.6500244140625,820.75,14962
2026-07-17 09:10:00,820.8499755859375,820.8499755859375,821.0,820.6500244140625,820.6500244140625,24812
2026-07-17 09:11:00,820.7999877929688,820.7999877929688,821.0,820.3499755859375,820.75,34470
2026-07-17 09:12:00,820.4500122070312,820.4500122070312,820.9000244140625,820.2000122070312,820.9000244140625,37295
2026-07-17 09:13:00,820.5999755859375,820.5999755859375,820.9000244140625,820.3499755859375,820.5,45783
2026-07-17 09:14:00,820.7999877929688,820.7999877929688,821.0,820.4000244140625,820.6500244140625,23835
2026-07-17 09:15:00,820.75,820.75,820.9500122070312,820.5499877929688,820.9000244140625,43034
2026-07-17 09:16:00,820.0,820.0,820.7999877929688,820.0,820.75,72735
2026-07-17 09:17:00,819.6500244140625,819.6500244140625,820.5,819.5999755859375,820.0499877929688,72103
2026-07-17 09:18:00,819.6500244140625,819.6500244140625,819.9000244140625,819.5,819.6500244140625,47833
2026-07-17 09:19:00,819.75,819.75,819.9000244140625,819.5499877929688,819.75,64887
2026-07-17 09:20:00,819.8499755859375,819.8499755859375,819.8499755859375,819.5,819.75,29696
2026-07-17 09:21:00,819.4000244140625,819.4000244140625,819.8499755859375,819.3499755859375,819.8499755859375,45771
2026-07-17 09:22:00,819.3499755859375,819.3499755859375,819.6500244140625,819.2000122070312,819.4500122070312,47431
2026-07-17 09:23:00,819.5999755859375,819.5999755859375,819.75,819.2000122070312,819.2999877929688,39075
2026-07-17 09:24:00,819.6500244140625,819.6500244140625,819.75,819.2999877929688,819.6500244140625,43696
2026-07-17 09:25:00,820.0,820.0,820.1500244140625,819.5,819.7000122070312,73407
2026-07-17 09:26:00,820.2000122070312,820.2000122070312,820.4500122070312,819.9000244140625,820.0499877929688,66970
2026-07-17 09:27:00,819.75,819.75,820.1500244140625,819.75,820.1500244140625,35605
2026-07-17 09:28:00,819.75,819.75,819.8499755859375,819.5499877929688,819.7000122070312,34073
2026-07-17 09:29:00,819.4500122070312,819.4500122070312,819.8499755859375,819.25,819.8499755859375,60823
2026-07-17 09:30:00,819.8499755859375,819.8499755859375,820.0,819.25,819.5,103249
2026-07-17 09:31:00,819.1500244140625,819.1500244140625,820.0,819.0,819.9000244140625,91026
2026-07-17 09:32:00,819.4000244140625,819.4000244140625,819.5499877929688,819.0999755859375,819.2000122070312,55650
2026-07-17 09:33:00,818.9000244140625,818.9000244140625,819.5,818.9000244140625,819.4000244140625,61221
2026-07-17 09:34:00,819.0,819.0,819.1500244140625,818.7000122070312,818.9000244140625,57742
2026-07-17 09:35:00,819.2999877929688,819.2999877929688,819.4500122070312,819.0,819.0499877929688,78117
2026-07-17 09:36:00,819.5999755859375,819.5999755859375,819.5999755859375,819.0,819.3499755859375,89724
2026-07-17 09:37:00,819.3499755859375,819.3499755859375,819.75,819.3499755859375,819.5499877929688,54858
2026-07-17 09:38:00,819.3499755859375,819.3499755859375,819.4000244140625,819.0,819.4000244140625,73705
2026-07-17 09:39:00,819.4500122070312,819.4500122070312,819.5,819.0999755859375,819.4000244140625,53333
2026-07-17 09:40:00,819.1500244140625,819.1500244140625,819.4500122070312,819.0999755859375,819.4500122070312,69713
2026-07-17 09:41:00,819.4500122070312,819.4500122070312,819.4500122070312,819.2000122070312,819.2000122070312,34899
2026-07-17 09:42:00,819.5999755859375,819.5999755859375,819.6500244140625,819.3499755859375,819.4500122070312,35676
2026-07-17 09:43:00,819.7000122070312,819.7000122070312,819.8499755859375,819.5,819.6500244140625,50957
2026-07-17 09:44:00,819.2000122070312,819.2000122070312,819.6500244140625,819.0999755859375,819.6500244140625,94525
2026-07-17 09:45:00,819.0,819.0,819.0999755859375,818.8499755859375,819.0999755859375,63669
2026-07-17 09:46:00,819.2999877929688,819.2999877929688,819.5,819.0,819.0,57267
2026-07-17 09:47:00,819.25,819.25,819.5499877929688,819.0,819.2999877929688,74923
2026-07-17 09:48:00,819.3499755859375,819.3499755859375,819.8499755859375,819.2000122070312,819.25,57545
2026-07-17 09:49:00,819.5999755859375,819.5999755859375,819.75,819.2000122070312,819.2999877929688,50471
2026-07-17 09:50:00,819.5,819.5,819.5499877929688,819.25,819.4000244140625,91721
2026-07-17 09:51:00,819.8499755859375,819.8499755859375,819.8499755859375,819.1500244140625,819.4000244140625,111977
2026-07-17 09:52:00,819.7999877929688,819.7999877929688,819.9500122070312,819.7000122070312,819.7999877929688,58994
2026-07-17 09:53:00,819.9500122070312,819.9500122070312,820.0,819.7999877929688,819.9000244140625,86109
2026-07-17 09:54:00,820.25,820.25,820.5,819.9500122070312,819.9500122070312,90560
2026-07-17 09:55:00,820.5,820.5,820.5499877929688,820.2000122070312,820.25,68253
2026-07-17 09:56:00,820.4500122070312,820.4500122070312,820.5999755859375,820.25,820.4000244140625,73301
2026-07-17 09:57:00,819.7999877929688,819.7999877929688,820.4000244140625,819.5999755859375,820.4000244140625,79090
2026-07-17 09:58:00,820.4000244140625,820.4000244140625,820.5,819.7000122070312,819.7999877929688,65335
2026-07-17 09:59:00,820.7999877929688,820.7999877929688,821.0,819.5999755859375,820.4000244140625,82591
2026-07-20 03:45:00,786.0,786.0,789.4000244140625,783.9500122070312,787.7000122070312,0
2026-07-20 03:46:00,783.2000122070312,783.2000122070312,786.0,782.0999755859375,786.0,978009
2026-07-20 03:47:00,782.0,782.0,782.75,781.0,782.75,786206
2026-07-20 03:48:00,783.6500244140625,783.6500244140625,783.6500244140625,781.75,781.9000244140625,405953
2026-07-20 03:49:00,782.9500122070312,782.9500122070312,783.5,782.6500244140625,783.5,427287
2026-07-20 03:50:00,781.9000244140625,781.9000244140625,782.5,781.2999877929688,781.7999877929688,473135
2026-07-20 03:51:00,781.0,781.0,782.0,780.75,781.6500244140625,431654
2026-07-20 03:52:00,781.8499755859375,781.8499755859375,782.0,780.1500244140625,781.1500244140625,501206
2026-07-20 03:53:00,782.0999755859375,782.0999755859375,782.0999755859375,780.7999877929688,781.7999877929688,447506
2026-07-20 03:54:00,782.5499877929688,782.5499877929688,783.4500122070312,781.9000244140625,782.25,354050
2026-07-20 03:55:00,781.0,781.0,782.5999755859375,780.5499877929688,782.5499877929688,461767
2026-07-20 03:56:00,781.2000122070312,781.2000122070312,781.2000122070312,780.2000122070312,780.9000244140625,268731
2026-07-20 03:57:00,780.8499755859375,780.8499755859375,781.25,780.3499755859375,781.1500244140625,308305
2026-07-20 03:58:00,778.2999877929688,778.2999877929688,780.75,777.6500244140625,780.75,998884
2026-07-20 03:59:00,778.7999877929688,778.7999877929688,778.9000244140625,777.7999877929688,778.4000244140625,304798
2026-07-20 04:00:00,778.4500122070312,778.4500122070312,778.75,777.5499877929688,778.6500244140625,406701
2026-07-20 04:01:00,779.5,779.5,779.6500244140625,778.5,778.7000122070312,243434
2026-07-20 04:02:00,779.0999755859375,779.0999755859375,779.8499755859375,778.7000122070312,779.5,227824
2026-07-20 04:03:00,779.2000122070312,779.2000122070312,779.4000244140625,778.5499877929688,779.2000122070312,218811
2026-07-20 04:04:00,780.0,780.0,780.2000122070312,779.0999755859375,779.4500122070312,305479
2026-07-20 04:05:00,781.1500244140625,781.1500244140625,781.2000122070312,780.0,780.1500244140625,249629
2026-07-20 04:06:00,781.5999755859375,781.5999755859375,781.5999755859375,781.0,781.1500244140625,213132
2026-07-20 04:07:00,781.4000244140625,781.4000244140625,781.6500244140625,781.0,781.6500244140625,206089
2026-07-20 04:08:00,780.5499877929688,780.5499877929688,781.2999877929688,780.1500244140625,781.2999877929688,288121
2026-07-20 04:09:00,780.0,780.0,780.5499877929688,779.9000244140625,780.5,313772
2026-07-20 04:10:00,780.5,780.5,780.75,779.75,780.1500244140625,387462
2026-07-20 04:11:00,780.75,780.75,780.75,780.0499877929688,780.5,321342
2026-07-20 04:12:00,782.2000122070312,782.2000122070312,782.3499755859375,780.3499755859375,780.5999755859375,248254
2026-07-20 04:13:00,782.9500122070312,782.9500122070312,782.9500122070312,781.8499755859375,782.2000122070312,344510
2026-07-20 04:14:00,782.0999755859375,782.0999755859375,782.9500122070312,782.0,782.7999877929688,181286
2026-07-20 04:15:00,781.2000122070312,781.2000122070312,782.25,781.2000122070312,782.0999755859375,152723
2026-07-20 04:16:00,781.9000244140625,781.9000244140625,782.0999755859375,781.4500122070312,781.5499877929688,150529
2026-07-20 04:17:00,782.0499877929688,782.0499877929688,782.4000244140625,781.7999877929688,781.9000244140625,164993
2026-07-20 04:18:00,782.5999755859375,782.5999755859375,782.6500244140625,781.9000244140625,782.0999755859375,113327
2026-07-20 04:19:00,782.6500244140625,782.6500244140625,783.25,782.4500122070312,782.5,244538
2026-07-20 04:20:00,783.0499877929688,783.0499877929688,783.1500244140625,782.5999755859375,782.5999755859375,92200
2026-07-20 04:21:00,782.4000244140625,782.4000244140625,783.0999755859375,782.3499755859375,783.0999755859375,155504
2026-07-20 04:22:00,782.5499877929688,782.5499877929688,782.8499755859375,782.1500244140625,782.4000244140625,107082
2026-07-20 04:23:00,782.5999755859375,782.5999755859375,783.0499877929688,782.0999755859375,782.5999755859375,177877
2026-07-20 04:24:00,782.6500244140625,782.6500244140625,782.9500122070312,782.4000244140625,782.5999755859375,620342
2026-07-20 04:25:00,782.5499877929688,782.5499877929688,783.0,782.5,782.9500122070312,156534
2026-07-20 04:26:00,782.5,782.5,782.7999877929688,782.1500244140625,782.7999877929688,139732
2026-07-20 04:27:00,782.2999877929688,782.2999877929688,783.0,782.1500244140625,782.5499877929688,164336
2026-07-20 04:28:00,782.2999877929688,782.2999877929688,782.6500244140625,781.7000122070312,782.2999877929688,165653
2026-07-20 04:29:00,781.5499877929688,781.5499877929688,782.2999877929688,781.2000122070312,782.0,277269
2026-07-20 04:30:00,781.25,781.25,781.5999755859375,780.7000122070312,781.5499877929688,199801
2026-07-20 04:31:00,780.9000244140625,780.9000244140625,781.25,780.7999877929688,781.1500244140625,139055
2026-07-20 04:32:00,782.0,782.0,782.0,780.8499755859375,781.0999755859375,115965
2026-07-20 04:33:00,782.75,782.75,783.0,781.75,781.9500122070312,154923
2026-07-20 04:34:00,782.5999755859375,782.5999755859375,782.9500122070312,782.25,782.8499755859375,128756
2026-07-20 04:35:00,783.25,783.25,783.3499755859375,782.5999755859375,782.7999877929688,156707
2026-07-20 04:36:00,783.2999877929688,783.2999877929688,784.0,783.1500244140625,783.2999877929688,198240
2026-07-20 04:37:00,783.2999877929688,783.2999877929688,783.4500122070312,783.0,783.25,137176
2026-07-20 04:38:00,782.0999755859375,782.0999755859375,783.4000244140625,782.0999755859375,783.2999877929688,179610
2026-07-20 04:39:00,782.6500244140625,782.6500244140625,782.8499755859375,782.0,782.2000122070312,124751
2026-07-20 04:40:00,783.7000122070312,783.7000122070312,783.75,782.6500244140625,782.7999877929688,128923
2026-07-20 04:41:00,784.0999755859375,784.0999755859375,784.4000244140625,783.5,783.5,222915
2026-07-20 04:42:00,784.2999877929688,784.2999877929688,784.5,784.0999755859375,784.3499755859375,143146
2026-07-20 04:43:00,783.9000244140625,783.9000244140625,784.5,783.7000122070312,784.2999877929688,436662
2026-07-20 04:44:00,783.4500122070312,783.4500122070312,783.9500122070312,783.0499877929688,783.75,147576
2026-07-20 04:45:00,784.0499877929688,784.0499877929688,784.0499877929688,783.0499877929688,783.4000244140625,265752
2026-07-20 04:46:00,784.5,784.5,784.5,783.5999755859375,784.0999755859375,132493
2026-07-20 04:47:00,784.9500122070312,784.9500122070312,784.9500122070312,784.4000244140625,784.4500122070312,247798
2026-07-20 04:48:00,785.4000244140625,785.4000244140625,785.5999755859375,784.7999877929688,784.9500122070312,512686
2026-07-20 04:49:00,785.1500244140625,785.1500244140625,785.5,785.0,785.2999877929688,246830
2026-07-20 04:50:00,784.0499877929688,784.0499877929688,785.25,784.0,785.1500244140625,208459
2026-07-20 04:51:00,784.5499877929688,784.5499877929688,784.5499877929688,783.75,784.1500244140625,95742
2026-07-20 04:52:00,784.5499877929688,784.5499877929688,785.1500244140625,784.4500122070312,784.75,120242
2026-07-20 04:53:00,784.5999755859375,784.5999755859375,785.0,784.5,784.5,88849
2026-07-20 04:54:00,784.5999755859375,784.5999755859375,784.6500244140625,784.2999877929688,784.4000244140625,58620
2026-07-20 04:55:00,784.7999877929688,784.7999877929688,784.9500122070312,784.3499755859375,784.5999755859375,91801
2026-07-20 04:56:00,784.9000244140625,784.9000244140625,784.9500122070312,784.4500122070312,784.7999877929688,82182
2026-07-20 04:57:00,784.7999877929688,784.7999877929688,785.0,784.5999755859375,785.0,83481
2026-07-20 04:58:00,784.7999877929688,784.7999877929688,785.0,784.7000122070312,784.75,97702
2026-07-20 04:59:00,784.2999877929688,784.2999877929688,784.8499755859375,784.2999877929688,784.75,108395
2026-07-20 05:00:00,784.7000122070312,784.7000122070312,784.75,784.4000244140625,784.5,70092
2026-07-20 05:01:00,784.2999877929688,784.2999877929688,784.7999877929688,784.0999755859375,784.7000122070312,85782
2026-07-20 05:02:00,784.2000122070312,784.2000122070312,784.6500244140625,784.0499877929688,784.5,104500
2026-07-20 05:03:00,784.2999877929688,784.2999877929688,784.3499755859375,784.0499877929688,784.25,81717
2026-07-20 05:04:00,784.5,784.5,784.5499877929688,784.1500244140625,784.3499755859375,86013
2026-07-20 05:05:00,783.5999755859375,783.5999755859375,784.5,783.5,784.3499755859375,215070
2026-07-20 05:06:00,784.2000122070312,784.2000122070312,784.4500122070312,783.5,783.7999877929688,115281
2026-07-20 05:07:00,783.5999755859375,783.5999755859375,784.2999877929688,783.5499877929688,784.2000122070312,203515
2026-07-20 05:08:00,783.6500244140625,783.6500244140625,784.0,783.2999877929688,783.5999755859375,127250
2026-07-20 05:09:00,783.9500122070312,783.9500122070312,784.0,783.5499877929688,783.6500244140625,99326
2026-07-20 05:10:00,783.0,783.0,784.2999877929688,783.0,783.9500122070312,196192
2026-07-20 05:11:00,783.0999755859375,783.0999755859375,783.4500122070312,782.8499755859375,783.0,97392
2026-07-20 05:12:00,782.75,782.75,783.2000122070312,782.5,783.0999755859375,117864
2026-07-20 05:13:00,782.4000244140625,782.4000244140625,782.75,782.0,782.75,81060
2026-07-20 05:14:00,782.0,782.0,782.7000122070312,782.0,782.25,89514
2026-07-20 05:15:00,782.2000122070312,782.2000122070312,782.5,782.0,782.0,49563
2026-07-20 05:16:00,782.4500122070312,782.4500122070312,782.5,782.1500244140625,782.1500244140625,54701
2026-07-20 05:17:00,782.4000244140625,782.4000244140625,782.75,782.25,782.4500122070312,78026
2026-07-20 05:18:00,782.1500244140625,782.1500244140625,782.6500244140625,782.0999755859375,782.4500122070312,57547
2026-07-20 05:19:00,782.0999755859375,782.0999755859375,782.1500244140625,782.0499877929688,782.1500244140625,52239
2026-07-20 05:20:00,781.5,781.5,782.0999755859375,781.5,782.0999755859375,148850
2026-07-20 05:21:00,781.4500122070312,781.4500122070312,781.7000122070312,781.0999755859375,781.5,72508
2026-07-20 05:22:00,781.5999755859375,781.5999755859375,781.8499755859375,781.4000244140625,781.4000244140625,67226
2026-07-20 05:23:00,780.8499755859375,780.8499755859375,781.5999755859375,780.2999877929688,781.5999755859375,212480
2026-07-20 05:24:00,780.9000244140625,780.9000244140625,781.3499755859375,780.7000122070312,780.7000122070312,45057
2026-07-20 05:25:00,780.4000244140625,780.4000244140625,781.0,780.4000244140625,780.9000244140625,344143
2026-07-20 05:26:00,780.5499877929688,780.5499877929688,780.9000244140625,780.4000244140625,780.4500122070312,64805
2026-07-20 05:27:00,780.7000122070312,780.7000122070312,780.9500122070312,780.5,780.5,50284
2026-07-20 05:28:00,780.0,780.0,780.75,780.0,780.75,558161
2026-07-20 05:29:00,780.0499877929688,780.0499877929688,780.1500244140625,779.7999877929688,780.0499877929688,102105
2026-07-20 05:30:00,779.1500244140625,779.1500244140625,780.0999755859375,779.0499877929688,780.0499877929688,229730
2026-07-20 05:31:00,779.4000244140625,779.4000244140625,779.5499877929688,778.75,779.0999755859375,375379
2026-07-20 05:32:00,779.2000122070312,779.2000122070312,779.5999755859375,779.0,779.4000244140625,96654
2026-07-20 05:33:00,779.5499877929688,779.5499877929688,779.5499877929688,779.0,779.2000122070312,53523
2026-07-20 05:34:00,779.25,779.25,779.5999755859375,779.0,779.4500122070312,79357
2026-07-20 05:35:00,778.75,778.75,779.25,778.0999755859375,779.25,272469
2026-07-20 05:36:00,779.0499877929688,779.0499877929688,779.1500244140625,778.5499877929688,778.75,88335
2026-07-20 05:37:00,779.9000244140625,779.9000244140625,779.9000244140625,778.8499755859375,779.0,82126
2026-07-20 05:38:00,780.0,780.0,780.0,779.7999877929688,779.8499755859375,102909
2026-07-20 05:39:00,780.4500122070312,780.4500122070312,780.5,779.9500122070312,779.9500122070312,77765
2026-07-20 05:40:00,780.2999877929688,780.2999877929688,780.9500122070312,780.25,780.4500122070312,147007
2026-07-20 05:41:00,780.0,780.0,780.5999755859375,779.8499755859375,780.5999755859375,87223
2026-07-20 05:42:00,780.0,780.0,780.2000122070312,779.5499877929688,780.0,57847
2026-07-20 05:43:00,780.2000122070312,780.2000122070312,780.25,779.9000244140625,779.9500122070312,37540
2026-07-20 05:44:00,780.2000122070312,780.2000122070312,780.25,780.0,780.0999755859375,30889
2026-07-20 05:45:00,779.7999877929688,779.7999877929688,780.25,779.7999877929688,780.2000122070312,70190
2026-07-20 05:46:00,780.2999877929688,780.2999877929688,780.3499755859375,779.5999755859375,779.7999877929688,92605
2026-07-20 05:47:00,780.5,780.5,780.5,780.2999877929688,780.2999877929688,129928
2026-07-20 05:48:00,780.2999877929688,780.2999877929688,780.75,780.2999877929688,780.75,67189
2026-07-20 05:49:00,780.0499877929688,780.0499877929688,780.6500244140625,780.0,780.2999877929688,140926
2026-07-20 05:50:00,780.0,780.0,780.2000122070312,779.7000122070312,780.0,94868
2026-07-20 05:51:00,780.0,780.0,780.4000244140625,779.9500122070312,779.9500122070312,387162
2026-07-20 05:52:00,780.0,780.0,780.0999755859375,779.9500122070312,780.0,59490
2026-07-20 05:53:00,780.0,780.0,780.1500244140625,779.7000122070312,780.0,98995
2026-07-20 05:54:00,780.0,780.0,780.1500244140625,780.0,780.0,64358
2026-07-20 05:55:00,780.25,780.25,780.5,780.0,780.0499877929688,35724
2026-07-20 05:56:00,780.5,780.5,780.6500244140625,780.0499877929688,780.3499755859375,45138
2026-07-20 05:57:00,780.6500244140625,780.6500244140625,780.6500244140625,780.2000122070312,780.4500122070312,28107
2026-07-20 05:58:00,780.5999755859375,780.5999755859375,780.9000244140625,780.3499755859375,780.6500244140625,50687
2026-07-20 05:59:00,780.8499755859375,780.8499755859375,780.9000244140625,780.2999877929688,780.4500122070312,37647
2026-07-20 06:00:00,781.0,781.0,781.0,780.7999877929688,780.7999877929688,64109
2026-07-20 06:01:00,780.3499755859375,780.3499755859375,781.0,780.2999877929688,780.7999877929688,125647
2026-07-20 06:02:00,780.8499755859375,780.8499755859375,780.9500122070312,780.3499755859375,780.4000244140625,50052
2026-07-20 06:03:00,780.7000122070312,780.7000122070312,781.0,780.5,780.8499755859375,46984
2026-07-20 06:04:00,780.6500244140625,780.6500244140625,780.9000244140625,780.5999755859375,780.8499755859375,39867
2026-07-20 06:05:00,780.4000244140625,780.4000244140625,780.7999877929688,780.0999755859375,780.6500244140625,72665
2026-07-20 06:06:00,780.2999877929688,780.2999877929688,780.75,780.25,780.5,77646
2026-07-20 06:07:00,780.5,780.5,780.7000122070312,780.25,780.25,35550
2026-07-20 06:08:00,780.7000122070312,780.7000122070312,780.9500122070312,780.5,780.5499877929688,58615
2026-07-20 06:09:00,781.0,781.0,781.0,780.6500244140625,780.6500244140625,50839
2026-07-20 06:10:00,780.9000244140625,780.9000244140625,781.0,780.7999877929688,781.0,78752
2026-07-20 06:11:00,781.0999755859375,781.0999755859375,781.2999877929688,780.7999877929688,780.7999877929688,130182
2026-07-20 06:12:00,781.0,781.0,781.1500244140625,780.7999877929688,781.0999755859375,57962
2026-07-20 06:13:00,781.0499877929688,781.0499877929688,781.0999755859375,780.9500122070312,781.0499877929688,40638
2026-07-20 06:14:00,780.5499877929688,780.5499877929688,781.1500244140625,780.5,781.0499877929688,154267
2026-07-20 06:15:00,779.7000122070312,779.7000122070312,780.5499877929688,779.7000122070312,780.5499877929688,260617
2026-07-20 06:16:00,780.25,780.25,780.2999877929688,779.75,779.75,135327
2026-07-20 06:17:00,780.1500244140625,780.1500244140625,780.3499755859375,780.0,780.25,149338
2026-07-20 06:18:00,780.2000122070312,780.2000122070312,780.3499755859375,780.0999755859375,780.1500244140625,49130
2026-07-20 06:19:00,780.0499877929688,780.0499877929688,780.3499755859375,779.8499755859375,780.2000122070312,96702
2026-07-20 06:20:00,779.9500122070312,779.9500122070312,780.1500244140625,779.7999877929688,780.0,201805
2026-07-20 06:21:00,780.0499877929688,780.0499877929688,780.0499877929688,779.8499755859375,779.9500122070312,125268
2026-07-20 06:22:00,779.6500244140625,779.6500244140625,780.0499877929688,779.5999755859375,780.0,220782
2026-07-20 06:23:00,779.6500244140625,779.6500244140625,779.9500122070312,779.4000244140625,779.7000122070312,137157
2026-07-20 06:24:00,779.7999877929688,779.7999877929688,779.9500122070312,779.6500244140625,779.8499755859375,111910
2026-07-20 06:25:00,779.6500244140625,779.6500244140625,779.7999877929688,779.5,779.7999877929688,123999
2026-07-20 06:26:00,779.7999877929688,779.7999877929688,779.8499755859375,779.5999755859375,779.6500244140625,74344
2026-07-20 06:27:00,779.9500122070312,779.9500122070312,780.0,779.7000122070312,780.0,110786
2026-07-20 06:28:00,780.7999877929688,780.7999877929688,780.7999877929688,779.7999877929688,779.9000244140625,113953
2026-07-20 06:29:00,780.4500122070312,780.4500122070312,780.7999877929688,780.4000244140625,780.7000122070312,43176
2026-07-20 06:30:00,780.0,780.0,780.4500122070312,779.9000244140625,780.4500122070312,53267
2026-07-20 06:31:00,779.7999877929688,779.7999877929688,780.0,779.7999877929688,779.9500122070312,37627
2026-07-20 06:32:00,779.9500122070312,779.9500122070312,780.2000122070312,779.9000244140625,779.9000244140625,34482
2026-07-20 06:33:00,779.25,779.25,780.0499877929688,779.25,779.9500122070312,86469
2026-07-20 06:34:00,779.6500244140625,779.6500244140625,779.7999877929688,779.25,779.2999877929688,44253
2026-07-20 06:35:00,779.8499755859375,779.8499755859375,779.9500122070312,779.5,779.6500244140625,57793
2026-07-20 06:36:00,779.5499877929688,779.5499877929688,779.9500122070312,779.5499877929688,779.7000122070312,68581
2026-07-20 06:37:00,779.7000122070312,779.7000122070312,779.8499755859375,779.5499877929688,779.5999755859375,51317
2026-07-20 06:38:00,779.8499755859375,779.8499755859375,780.0,779.5499877929688,779.7999877929688,63189
2026-07-20 06:39:00,779.75,779.75,780.0,779.5999755859375,779.75,40115
2026-07-20 06:40:00,779.5999755859375,779.5999755859375,779.9000244140625,779.5499877929688,779.6500244140625,32375
2026-07-20 06:41:00,779.6500244140625,779.6500244140625,779.9500122070312,779.5499877929688,779.7000122070312,65302
2026-07-20 06:42:00,779.7000122070312,779.7000122070312,779.9500122070312,779.6500244140625,779.9000244140625,59315
2026-07-20 06:43:00,779.0,779.0,779.9000244140625,779.0,779.75,163959
2026-07-20 06:44:00,778.9000244140625,778.9000244140625,779.0499877929688,778.7999877929688,779.0499877929688,184922
2026-07-20 06:45:00,779.0499877929688,779.0499877929688,779.2999877929688,778.7000122070312,778.9000244140625,172471
2026-07-20 06:46:00,779.25,779.25,779.5,779.0499877929688,779.0499877929688,32451
2026-07-20 06:47:00,779.7000122070312,779.7000122070312,779.75,779.2000122070312,779.2000122070312,25836
2026-07-20 06:48:00,779.25,779.25,779.7999877929688,779.0,779.7000122070312,79269
2026-07-20 06:49:00,779.6500244140625,779.6500244140625,779.7000122070312,779.2999877929688,779.5,24698
2026-07-20 06:50:00,779.5999755859375,779.5999755859375,779.7000122070312,779.4000244140625,779.5999755859375,41234
2026-07-20 06:51:00,779.9500122070312,779.9500122070312,780.0,779.5,779.5999755859375,44541
2026-07-20 06:52:00,779.7999877929688,779.7999877929688,779.9500122070312,779.75,779.9000244140625,19631
2026-07-20 06:53:00,779.4500122070312,779.4500122070312,779.9000244140625,779.0499877929688,779.8499755859375,331094
2026-07-20 06:54:00,779.2999877929688,779.2999877929688,779.4500122070312,779.0499877929688,779.4500122070312,22070
2026-07-20 06:55:00,779.4000244140625,779.4000244140625,779.5,779.2999877929688,779.3499755859375,21412
2026-07-20 06:56:00,779.4000244140625,779.4000244140625,779.5,779.2999877929688,779.2999877929688,12783
2026-07-20 06:57:00,779.9000244140625,779.9000244140625,779.9500122070312,779.3499755859375,779.4000244140625,28463
2026-07-20 06:58:00,779.5,779.5,779.9500122070312,779.3499755859375,779.7999877929688,31789
2026-07-20 06:59:00,779.0999755859375,779.0999755859375,779.5,779.0,779.5,51026
2026-07-20 07:00:00,779.6500244140625,779.6500244140625,779.6500244140625,779.2000122070312,779.2000122070312,24969
2026-07-20 07:01:00,779.6500244140625,779.6500244140625,779.75,779.2999877929688,779.75,109871
2026-07-20 07:02:00,779.4500122070312,779.4500122070312,779.75,779.25,779.6500244140625,38300
2026-07-20 07:03:00,779.5,779.5,779.6500244140625,779.1500244140625,779.4000244140625,40854
2026-07-20 07:04:00,778.7000122070312,778.7000122070312,779.5999755859375,778.5,779.5,246624
2026-07-20 07:05:00,777.7999877929688,777.7999877929688,779.0999755859375,777.7999877929688,778.7000122070312,376888
2026-07-20 07:06:00,777.9000244140625,777.9000244140625,778.0,777.7999877929688,778.0,71619
2026-07-20 07:07:00,778.0,778.0,778.0,777.9000244140625,777.9000244140625,55621
2026-07-20 07:08:00,778.0,778.0,778.0,777.9500122070312,778.0,73862
2026-07-20 07:09:00,778.0,778.0,778.0,777.9000244140625,777.9500122070312,47600
2026-07-20 07:10:00,778.0499877929688,778.0499877929688,778.0499877929688,777.9000244140625,777.9500122070312,47335
2026-07-20 07:11:00,778.2000122070312,778.2000122070312,778.4000244140625,777.25,778.0,393580
2026-07-20 07:12:00,777.75,777.75,778.5,777.5,778.2000122070312,100115
2026-07-20 07:13:00,777.0,777.0,777.7000122070312,776.9500122070312,777.4500122070312,232965
2026-07-20 07:14:00,776.75,776.75,777.75,776.5499877929688,776.9500122070312,492709
2026-07-20 07:15:00,776.5,776.5,777.0499877929688,776.4000244140625,776.75,723858
2026-07-20 07:16:00,776.1500244140625,776.1500244140625,776.7999877929688,776.1500244140625,776.5,252612
2026-07-20 07:17:00,775.1500244140625,775.1500244140625,776.4500122070312,774.75,776.4500122070312,882692
2026-07-20 07:18:00,775.0,775.0,775.3499755859375,774.9500122070312,775.1500244140625,131283
2026-07-20 07:19:00,775.0,775.0,775.2999877929688,774.9500122070312,774.9500122070312,492209
2026-07-20 07:20:00,775.0499877929688,775.0499877929688,775.2999877929688,774.9500122070312,775.25,554222
2026-07-20 07:21:00,776.0499877929688,776.0499877929688,776.4500122070312,774.9500122070312,775.2000122070312,157280
2026-07-20 07:22:00,776.9500122070312,776.9500122070312,777.1500244140625,776.0,776.1500244140625,81837
2026-07-20 07:23:00,777.2999877929688,777.2999877929688,777.3499755859375,776.5499877929688,777.0,90588
2026-07-20 07:24:00,778.0,778.0,778.0999755859375,777.3499755859375,777.4000244140625,111109
2026-07-20 07:25:00,778.6500244140625,778.6500244140625,778.6500244140625,778.0,778.0999755859375,98058
2026-07-20 07:26:00,778.5999755859375,778.5999755859375,778.6500244140625,778.4500122070312,778.6500244140625,74386
2026-07-20 07:27:00,779.0,779.0,779.2999877929688,778.5999755859375,778.5999755859375,125452
2026-07-20 07:28:00,779.6500244140625,779.6500244140625,779.75,779.2000122070312,779.2000122070312,108513
2026-07-20 07:29:00,779.3499755859375,779.3499755859375,779.9000244140625,779.3499755859375,779.7000122070312,446505
2026-07-20 07:30:00,779.2999877929688,779.2999877929688,779.4000244140625,779.0,779.4000244140625,77415
2026-07-20 07:31:00,779.1500244140625,779.1500244140625,779.4000244140625,778.9500122070312,779.3499755859375,59156
2026-07-20 07:32:00,779.6500244140625,779.6500244140625,779.8499755859375,779.0,779.0999755859375,80876
2026-07-20 07:33:00,779.5499877929688,779.5499877929688,779.7000122070312,779.4000244140625,779.5999755859375,33789
2026-07-20 07:34:00,779.5499877929688,779.5499877929688,779.5999755859375,779.5,779.5499877929688,37470
2026-07-20 07:35:00,779.5,779.5,779.75,779.4000244140625,779.5499877929688,64194
2026-07-20 07:36:00,779.5999755859375,779.5999755859375,779.7000122070312,779.5,779.5499877929688,32601
2026-07-20 07:37:00,779.6500244140625,779.6500244140625,779.6500244140625,779.4000244140625,779.5,34898
2026-07-20 07:38:00,779.4500122070312,779.4500122070312,779.7000122070312,779.3499755859375,779.5999755859375,45881
2026-07-20 07:39:00,779.8499755859375,779.8499755859375,779.9000244140625,779.4500122070312,779.4500122070312,65419
2026-07-20 07:40:00,779.2999877929688,779.2999877929688,779.8499755859375,779.2000122070312,779.8499755859375,66463
2026-07-20 07:41:00,779.2000122070312,779.2000122070312,779.5,779.2000122070312,779.2999877929688,44321
2026-07-20 07:42:00,779.5,779.5,779.5,779.25,779.3499755859375,44248
2026-07-20 07:43:00,779.75,779.75,779.7999877929688,779.2999877929688,779.5,43727
2026-07-20 07:44:00,780.5,780.5,780.5,779.5499877929688,779.5499877929688,200073
2026-07-20 07:45:00,780.7999877929688,780.7999877929688,781.4000244140625,780.4500122070312,780.5499877929688,161080
2026-07-20 07:46:00,780.5,780.5,780.7999877929688,780.5,780.75,49985
2026-07-20 07:47:00,780.7999877929688,780.7999877929688,781.0,780.5999755859375,780.5999755859375,51461
2026-07-20 07:48:00,780.5999755859375,780.5999755859375,781.0,780.5,780.9000244140625,56644
2026-07-20 07:49:00,780.5499877929688,780.5499877929688,780.8499755859375,780.5,780.5999755859375,45958
2026-07-20 07:50:00,780.5,780.5,780.7000122070312,780.5,780.6500244140625,42567
2026-07-20 07:51:00,780.2999877929688,780.2999877929688,780.5499877929688,780.2999877929688,780.5499877929688,33061
2026-07-20 07:52:00,780.5499877929688,780.5499877929688,780.5999755859375,780.2999877929688,780.2999877929688,50794
2026-07-20 07:53:00,780.7000122070312,780.7000122070312,780.7999877929688,780.5,780.5,35757
2026-07-20 07:54:00,780.9000244140625,780.9000244140625,780.9500122070312,780.6500244140625,780.7000122070312,134984
2026-07-20 07:55:00,780.6500244140625,780.6500244140625,780.9500122070312,780.5499877929688,780.9000244140625,42696
2026-07-20 07:56:00,780.7999877929688,780.7999877929688,780.7999877929688,780.5499877929688,780.5999755859375,41108
2026-07-20 07:57:00,781.75,781.75,781.9000244140625,780.75,780.75,149778
2026-07-20 07:58:00,781.2000122070312,781.2000122070312,781.5999755859375,781.0,781.4500122070312,215772
2026-07-20 07:59:00,781.25,781.25,781.4500122070312,781.0,781.25,69694
2026-07-20 08:00:00,781.1500244140625,781.1500244140625,781.4500122070312,781.0,781.2999877929688,63218
2026-07-20 08:01:00,781.0,781.0,781.3499755859375,780.8499755859375,781.1500244140625,67750
2026-07-20 08:02:00,781.0999755859375,781.0999755859375,781.1500244140625,780.9000244140625,780.9500122070312,30082
2026-07-20 08:03:00,781.0499877929688,781.0499877929688,781.25,780.9000244140625,781.0499877929688,30818
2026-07-20 08:04:00,780.7000122070312,780.7000122070312,781.4500122070312,780.7000122070312,781.0,91333
2026-07-20 08:05:00,781.0499877929688,781.0499877929688,781.5,780.5,780.7000122070312,102492
2026-07-20 08:06:00,781.0999755859375,781.0999755859375,781.6500244140625,781.0,781.0499877929688,56982
2026-07-20 08:07:00,781.0,781.0,781.25,780.8499755859375,781.1500244140625,41922
2026-07-20 08:08:00,781.2000122070312,781.2000122070312,781.2000122070312,780.8499755859375,780.8499755859375,31545
2026-07-20 08:09:00,781.25,781.25,781.5,781.0,781.0999755859375,60948
2026-07-20 08:10:00,780.75,780.75,781.25,780.6500244140625,781.2000122070312,44176
2026-07-20 08:11:00,780.5999755859375,780.5999755859375,780.7999877929688,780.5,780.75,43606
2026-07-20 08:12:00,779.9000244140625,779.9000244140625,780.7999877929688,779.9000244140625,780.7000122070312,147782
2026-07-20 08:13:00,780.0,780.0,780.0,779.8499755859375,779.9000244140625,94621
2026-07-20 08:14:00,779.5999755859375,779.5999755859375,780.0,779.5499877929688,779.9500122070312,63807
2026-07-20 08:15:00,779.7999877929688,779.7999877929688,780.0,779.5999755859375,779.5999755859375,79163
2026-07-20 08:16:00,780.0,780.0,780.0,779.7000122070312,779.7999877929688,49637
2026-07-20 08:17:00,780.0,780.0,780.4000244140625,779.9500122070312,780.2000122070312,131945
2026-07-20 08:18:00,779.9500122070312,779.9500122070312,780.3499755859375,779.9000244140625,780.0,114459
2026-07-20 08:19:00,780.0,780.0,780.0,779.75,779.9500122070312,43794
2026-07-20 08:20:00,780.0,780.0,780.3499755859375,779.9000244140625,779.9500122070312,133519
2026-07-20 08:21:00,779.8499755859375,779.8499755859375,780.0,779.4500122070312,780.0,134266
2026-07-20 08:22:00,779.4000244140625,779.4000244140625,779.9500122070312,779.4000244140625,779.8499755859375,91359
2026-07-20 08:23:00,779.0,779.0,779.5,778.8499755859375,779.5,131903
2026-07-20 08:24:00,779.7999877929688,779.7999877929688,779.8499755859375,778.9000244140625,779.0,98084
2026-07-20 08:25:00,779.9500122070312,779.9500122070312,780.0,779.5999755859375,779.9500122070312,54958
2026-07-20 08:26:00,779.9500122070312,779.9500122070312,780.2000122070312,779.6500244140625,779.9000244140625,192242
2026-07-20 08:27:00,780.0499877929688,780.0499877929688,780.2000122070312,779.9500122070312,780.0,109536
2026-07-20 08:28:00,780.0499877929688,780.0499877929688,780.25,780.0,780.0999755859375,68434
2026-07-20 08:29:00,779.9500122070312,779.9500122070312,780.1500244140625,779.9500122070312,780.1500244140625,81147
2026-07-20 08:30:00,779.75,779.75,780.0999755859375,779.4500122070312,780.0999755859375,188517
2026-07-20 08:31:00,780.4000244140625,780.4000244140625,780.4000244140625,779.7000122070312,779.7000122070312,116257
2026-07-20 08:32:00,780.0499877929688,780.0499877929688,780.3499755859375,780.0,780.2000122070312,36539
2026-07-20 08:33:00,780.0,780.0,780.0999755859375,780.0,780.0,48454
2026-07-20 08:34:00,780.1500244140625,780.1500244140625,780.1500244140625,780.0,780.0,43847
2026-07-20 08:35:00,780.25,780.25,780.4000244140625,780.0,780.1500244140625,47679
2026-07-20 08:36:00,780.5,780.5,780.9500122070312,780.4000244140625,780.5999755859375,92550
2026-07-20 08:37:00,780.4000244140625,780.4000244140625,780.5,780.25,780.4500122070312,37840
2026-07-20 08:38:00,780.3499755859375,780.3499755859375,780.4500122070312,780.2000122070312,780.4000244140625,32914
2026-07-20 08:39:00,780.2999877929688,780.2999877929688,780.4500122070312,780.25,780.3499755859375,34950
2026-07-20 08:40:00,780.7000122070312,780.7000122070312,780.7000122070312,780.3499755859375,780.3499755859375,56033
2026-07-20 08:41:00,780.7999877929688,780.7999877929688,780.7999877929688,780.5999755859375,780.7000122070312,43264
2026-07-20 08:42:00,781.0,781.0,781.0,780.7000122070312,780.75,51094
2026-07-20 08:43:00,780.7999877929688,780.7999877929688,781.2000122070312,780.7000122070312,780.9000244140625,61715
2026-07-20 08:44:00,780.75,780.75,780.9000244140625,780.6500244140625,780.7999877929688,35857
2026-07-20 08:45:00,780.6500244140625,780.6500244140625,780.7999877929688,780.5999755859375,780.7999877929688,45376
2026-07-20 08:46:00,780.25,780.25,780.7000122070312,780.0999755859375,780.6500244140625,141496
2026-07-20 08:47:00,780.5,780.5,780.5,780.2000122070312,780.2000122070312,74712
2026-07-20 08:48:00,780.4000244140625,780.4000244140625,780.5,780.2999877929688,780.4500122070312,40907
2026-07-20 08:49:00,780.5,780.5,780.5,780.25,780.3499755859375,44858
2026-07-20 08:50:00,780.7999877929688,780.7999877929688,780.7999877929688,780.3499755859375,780.4500122070312,90045
2026-07-20 08:51:00,780.5999755859375,780.5999755859375,780.7999877929688,780.5,780.75,31226
2026-07-20 08:52:00,780.5999755859375,780.5999755859375,780.7999877929688,780.5,780.5499877929688,35844
2026-07-20 08:53:00,780.9500122070312,780.9500122070312,781.0999755859375,780.5999755859375,780.7999877929688,64107
2026-07-20 08:54:00,780.9500122070312,780.9500122070312,781.0999755859375,780.7000122070312,781.0,45184
2026-07-20 08:55:00,780.8499755859375,780.8499755859375,781.0,780.7000122070312,780.9000244140625,33787
2026-07-20 08:56:00,781.0,781.0,781.0,780.5999755859375,780.7999877929688,48539
2026-07-20 08:57:00,780.9500122070312,780.9500122070312,781.0,780.7999877929688,781.0,42122
2026-07-20 08:58:00,780.8499755859375,780.8499755859375,781.0,780.75,780.9500122070312,48894
2026-07-20 08:59:00,780.8499755859375,780.8499755859375,780.9000244140625,780.7999877929688,780.7999877929688,39665
2026-07-20 09:00:00,780.5499877929688,780.5499877929688,780.9500122070312,780.4500122070312,780.8499755859375,157172
2026-07-20 09:01:00,780.6500244140625,780.6500244140625,780.7999877929688,780.5499877929688,780.5499877929688,31726
2026-07-20 09:02:00,780.7000122070312,780.7000122070312,780.7000122070312,780.5,780.7000122070312,47336
2026-07-20 09:03:00,780.6500244140625,780.6500244140625,780.7000122070312,780.4500122070312,780.7000122070312,38124
2026-07-20 09:04:00,780.4000244140625,780.4000244140625,780.7000122070312,780.2999877929688,780.6500244140625,43687
2026-07-20 09:05:00,779.9000244140625,779.9000244140625,780.5,779.5999755859375,780.4000244140625,154880
2026-07-20 09:06:00,779.7000122070312,779.7000122070312,780.0,779.5499877929688,780.0,60425
2026-07-20 09:07:00,779.4000244140625,779.4000244140625,779.75,779.1500244140625,779.5999755859375,97332
2026-07-20 09:08:00,779.5,779.5,779.5,779.0499877929688,779.4500122070312,77539
2026-07-20 09:09:00,779.4000244140625,779.4000244140625,779.6500244140625,779.2999877929688,779.5,36766
2026-07-20 09:10:00,779.4500122070312,779.4500122070312,779.5999755859375,779.2999877929688,779.4000244140625,36395
2026-07-20 09:11:00,779.7999877929688,779.7999877929688,779.8499755859375,779.4500122070312,779.4500122070312,75691
2026-07-20 09:12:00,779.7999877929688,779.7999877929688,779.8499755859375,779.5,779.7999877929688,32099
2026-07-20 09:13:00,779.5,779.5,779.7999877929688,779.5,779.75,33110
2026-07-20 09:14:00,779.6500244140625,779.6500244140625,779.75,779.5,779.6500244140625,38905
2026-07-20 09:15:00,779.6500244140625,779.6500244140625,779.7000122070312,779.5499877929688,779.6500244140625,28766
2026-07-20 09:16:00,779.8499755859375,779.8499755859375,779.9000244140625,779.5999755859375,779.7000122070312,50197
2026-07-20 09:17:00,779.9500122070312,779.9500122070312,780.0,779.7999877929688,779.9000244140625,227051
2026-07-20 09:18:00,779.8499755859375,779.8499755859375,780.0,779.7999877929688,780.0,41841
2026-07-20 09:19:00,779.9000244140625,779.9000244140625,779.9000244140625,779.7000122070312,779.8499755859375,64480
2026-07-20 09:20:00,780.0,780.0,780.0,779.75,779.8499755859375,65678
2026-07-20 09:21:00,780.0499877929688,780.0499877929688,780.3499755859375,779.8499755859375,779.9500122070312,73140
2026-07-20 09:22:00,780.2999877929688,780.2999877929688,780.4000244140625,780.0499877929688,780.2999877929688,58708
2026-07-20 09:23:00,780.25,780.25,780.4000244140625,780.0,780.25,58683
2026-07-20 09:24:00,780.0,780.0,780.3499755859375,780.0,780.2999877929688,57986
2026-07-20 09:25:00,780.0,780.0,780.1500244140625,779.9000244140625,780.0499877929688,72878
2026-07-20 09:26:00,780.0,780.0,780.0499877929688,779.8499755859375,780.0499877929688,40227
2026-07-20 09:27:00,779.25,779.25,780.0,779.25,779.9500122070312,65387
2026-07-20 09:28:00,779.2999877929688,779.2999877929688,779.5999755859375,779.25,779.2999877929688,47010
2026-07-20 09:29:00,779.4000244140625,779.4000244140625,779.5499877929688,779.1500244140625,779.5,48974
2026-07-20 09:30:00,778.2000122070312,778.2000122070312,779.5,778.1500244140625,779.3499755859375,296757
2026-07-20 09:31:00,778.75,778.75,778.9000244140625,778.2000122070312,778.2000122070312,158560
2026-07-20 09:32:00,778.9000244140625,778.9000244140625,779.25,778.7000122070312,778.9000244140625,127071
2026-07-20 09:33:00,778.6500244140625,778.6500244140625,779.5,778.5499877929688,779.1500244140625,146941
2026-07-20 09:34:00,778.7999877929688,778.7999877929688,779.0,778.7000122070312,778.75,149896
2026-07-20 09:35:00,778.5,778.5,778.8499755859375,778.4000244140625,778.75,128119
2026-07-20 09:36:00,778.7000122070312,778.7000122070312,778.9500122070312,778.4000244140625,778.4000244140625,124753
2026-07-20 09:37:00,778.4500122070312,778.4500122070312,778.7999877929688,778.4000244140625,778.7000122070312,200468
2026-07-20 09:38:00,778.3499755859375,778.3499755859375,778.5,778.2999877929688,778.5,188709
2026-07-20 09:39:00,778.4000244140625,778.4000244140625,778.75,778.2999877929688,778.4000244140625,272836
2026-07-20 09:40:00,778.4000244140625,778.4000244140625,778.5,778.2999877929688,778.3499755859375,174259
2026-07-20 09:41:00,778.2999877929688,778.2999877929688,778.5,778.1500244140625,778.4000244140625,166340
2026-07-20 09:42:00,778.2000122070312,778.2000122070312,778.4000244140625,778.2000122070312,778.2999877929688,156639
2026-07-20 09:43:00,778.0,778.0,778.25,778.0,778.25,185755
2026-07-20 09:44:00,777.75,777.75,778.0499877929688,777.5,778.0499877929688,393381
2026-07-20 09:45:00,777.4000244140625,777.4000244140625,778.0,777.4000244140625,777.9000244140625,211354
2026-07-20 09:46:00,777.0,777.0,777.5999755859375,776.7999877929688,777.5499877929688,338102
2026-07-20 09:47:00,777.4500122070312,777.4500122070312,777.5499877929688,777.0,777.0,208222
2026-07-20 09:48:00,777.4000244140625,777.4000244140625,777.7999877929688,777.2999877929688,777.5,277376
2026-07-20 09:49:00,776.7999877929688,776.7999877929688,777.7999877929688,776.75,777.4000244140625,506874
2026-07-20 09:50:00,776.2000122070312,776.2000122070312,777.0,776.2000122070312,776.8499755859375,298810
2026-07-20 09:51:00,776.4000244140625,776.4000244140625,776.8499755859375,776.2000122070312,776.7999877929688,278426
2026-07-20 09:52:00,776.5499877929688,776.5499877929688,776.75,776.2999877929688,776.4500122070312,134429
2026-07-20 09:53:00,776.7999877929688,776.7999877929688,776.9000244140625,776.4500122070312,776.5,358512
2026-07-20 09:54:00,776.9500122070312,776.9500122070312,777.0,776.3499755859375,776.7999877929688,354343
2026-07-20 09:55:00,777.0499877929688,777.0499877929688,777.3499755859375,776.5,776.9500122070312,302861
2026-07-20 09:56:00,777.0499877929688,777.0499877929688,777.25,776.8499755859375,777.0999755859375,142327
2026-07-20 09:57:00,777.7000122070312,777.7000122070312,777.7000122070312,777.0499877929688,777.0999755859375,212173
2026-07-20 09:58:00,778.0,778.0,778.0,777.4000244140625,777.7000122070312,118253
2026-07-20 09:59:00,778.0,778.0,778.0,777.9000244140625,778.0,189416
2026-07-21 03:45:00,767.9000244140625,767.9000244140625,770.2999877929688,767.5999755859375,769.1500244140625,0
2026-07-21 03:46:00,767.7000122070312,767.7000122070312,768.9500122070312,767.1500244140625,767.7999877929688,973115
2026-07-21 03:47:00,769.25,769.25,769.25,767.7000122070312,767.7000122070312,547379
2026-07-21 03:48:00,771.2999877929688,771.2999877929688,771.7000122070312,769.2000122070312,769.25,597255
2026-07-21 03:49:00,772.1500244140625,772.1500244140625,772.4000244140625,771.0,771.1500244140625,585106
2026-07-21 03:50:00,770.2999877929688,770.2999877929688,772.0,770.0499877929688,771.75,407642
2026-07-21 03:51:00,770.0499877929688,770.0499877929688,770.8499755859375,770.0,770.2999877929688,283275
2026-07-21 03:52:00,769.25,769.25,770.2999877929688,769.2000122070312,770.0499877929688,290534
2026-07-21 03:53:00,769.5499877929688,769.5499877929688,770.4000244140625,769.0999755859375,769.2000122070312,201120
2026-07-21 03:54:00,769.2999877929688,769.2999877929688,769.5,768.5,769.5,224552
2026-07-21 03:55:00,769.5,769.5,769.7999877929688,769.0,769.2999877929688,132936
2026-07-21 03:56:00,770.9000244140625,770.9000244140625,771.0,769.2999877929688,769.5999755859375,130276
2026-07-21 03:57:00,771.1500244140625,771.1500244140625,771.2999877929688,770.75,770.75,140530
2026-07-21 03:58:00,771.2999877929688,771.2999877929688,771.2999877929688,771.1500244140625,771.1500244140625,74961
2026-07-21 03:59:00,770.8499755859375,770.8499755859375,771.3499755859375,770.7999877929688,771.2999877929688,125732
2026-07-21 04:00:00,770.3499755859375,770.3499755859375,771.2999877929688,770.2999877929688,771.0,94633
2026-07-21 04:01:00,770.5999755859375,770.5999755859375,770.9000244140625,769.8499755859375,770.4000244140625,152171
2026-07-21 04:02:00,770.5999755859375,770.5999755859375,770.9000244140625,770.5,770.7000122070312,68128
2026-07-21 04:03:00,770.25,770.25,770.6500244140625,770.1500244140625,770.6500244140625,44657
2026-07-21 04:04:00,770.0,770.0,770.25,769.9000244140625,770.25,144854
2026-07-21 04:05:00,769.4500122070312,769.4500122070312,770.0499877929688,769.4000244140625,770.0499877929688,64648
2026-07-21 04:06:00,769.75,769.75,769.75,769.2999877929688,769.4000244140625,78052
2026-07-21 04:07:00,770.5499877929688,770.5499877929688,770.6500244140625,769.75,769.7999877929688,84203
2026-07-21 04:08:00,770.2000122070312,770.2000122070312,770.5499877929688,770.0999755859375,770.5499877929688,55676
2026-07-21 04:09:00,770.0999755859375,770.0999755859375,770.25,770.0,770.1500244140625,53868
2026-07-21 04:10:00,770.0999755859375,770.0999755859375,770.25,770.0,770.0999755859375,79234
2026-07-21 04:11:00,769.5,769.5,769.9500122070312,769.4000244140625,769.9500122070312,122778
2026-07-21 04:12:00,769.3499755859375,769.3499755859375,769.5,769.2000122070312,769.5,229251
2026-07-21 04:13:00,769.0,769.0,769.4000244140625,769.0,769.4000244140625,172622
2026-07-21 04:14:00,769.6500244140625,769.6500244140625,769.75,769.0,769.0499877929688,216020
2026-07-21 04:15:00,768.0499877929688,768.0499877929688,769.5499877929688,768.0,769.5499877929688,239712
2026-07-21 04:16:00,768.9000244140625,768.9000244140625,769.0499877929688,768.0,768.0499877929688,103593
2026-07-21 04:17:00,768.1500244140625,768.1500244140625,768.8499755859375,768.0,768.7999877929688,163214
2026-07-21 04:18:00,768.5999755859375,768.5999755859375,768.7999877929688,768.0,768.1500244140625,154000
2026-07-21 04:19:00,769.25,769.25,769.3499755859375,768.5999755859375,768.75,77792
2026-07-21 04:20:00,769.0999755859375,769.0999755859375,769.2999877929688,769.0499877929688,769.25,71102
2026-07-21 04:21:00,769.1500244140625,769.1500244140625,769.4000244140625,769.0,769.2999877929688,111074
2026-07-21 04:22:00,769.1500244140625,769.1500244140625,769.2000122070312,769.0,769.0999755859375,68391
2026-07-21 04:23:00,769.2000122070312,769.2000122070312,769.6500244140625,769.0,769.1500244140625,184996
2026-07-21 04:24:00,769.0,769.0,769.2000122070312,768.5999755859375,769.2000122070312,103458
2026-07-21 04:25:00,769.0,769.0,769.0499877929688,768.7999877929688,769.0,43088
2026-07-21 04:26:00,768.75,768.75,769.0,768.6500244140625,768.9500122070312,55109
2026-07-21 04:27:00,769.3499755859375,769.3499755859375,769.4000244140625,768.6500244140625,768.75,55667
2026-07-21 04:28:00,769.1500244140625,769.1500244140625,769.2999877929688,769.0,769.2999877929688,54200
2026-07-21 04:29:00,769.7000122070312,769.7000122070312,769.7000122070312,769.2000122070312,769.25,87481
2026-07-21 04:30:00,769.0,769.0,769.9000244140625,768.9000244140625,769.7000122070312,71133
2026-07-21 04:31:00,768.5,768.5,769.0,768.3499755859375,768.9000244140625,78798
2026-07-21 04:32:00,768.2000122070312,768.2000122070312,768.5499877929688,768.2000122070312,768.3499755859375,78432
2026-07-21 04:33:00,768.0999755859375,768.0999755859375,768.3499755859375,768.0499877929688,768.2000122070312,60783
2026-07-21 04:34:00,768.0999755859375,768.0999755859375,768.1500244140625,768.0,768.1500244140625,83473
2026-07-21 04:35:00,768.0499877929688,768.0499877929688,768.2000122070312,768.0,768.0999755859375,58268
2026-07-21 04:36:00,768.5499877929688,768.5499877929688,768.75,768.0999755859375,768.0999755859375,75240
2026-07-21 04:37:00,769.0499877929688,769.0499877929688,769.0499877929688,768.4000244140625,768.5,78180
2026-07-21 04:38:00,769.1500244140625,769.1500244140625,769.25,769.0,769.0499877929688,48558
2026-07-21 04:39:00,769.0999755859375,769.0999755859375,769.25,769.0499877929688,769.0999755859375,62260
2026-07-21 04:40:00,768.9500122070312,768.9500122070312,769.5499877929688,768.8499755859375,769.0999755859375,249938
2026-07-21 04:41:00,769.0,769.0,769.0,768.9000244140625,768.9000244140625,80861
2026-07-21 04:42:00,769.5499877929688,769.5499877929688,769.5499877929688,768.8499755859375,768.9500122070312,97805
2026-07-21 04:43:00,769.0999755859375,769.0999755859375,769.5499877929688,769.0,769.5499877929688,50668
2026-07-21 04:44:00,768.9000244140625,768.9000244140625,769.2000122070312,768.75,769.2000122070312,47080
2026-07-21 04:45:00,768.5,768.5,768.7999877929688,768.4000244140625,768.75,63959
2026-07-21 04:46:00,768.2999877929688,768.2999877929688,768.5499877929688,768.0999755859375,768.5499877929688,93953
2026-07-21 04:47:00,767.75,767.75,768.2999877929688,767.5999755859375,768.2999877929688,250459
2026-07-21 04:48:00,768.2000122070312,768.2000122070312,768.2000122070312,767.7000122070312,767.7999877929688,108828
2026-07-21 04:49:00,767.9000244140625,767.9000244140625,768.2000122070312,767.7999877929688,768.2000122070312,87986
2026-07-21 04:50:00,767.8499755859375,767.8499755859375,767.9000244140625,767.7999877929688,767.8499755859375,50399
2026-07-21 04:51:00,767.5999755859375,767.5999755859375,767.8499755859375,767.5499877929688,767.8499755859375,94957
2026-07-21 04:52:00,767.0999755859375,767.0999755859375,767.5999755859375,767.0999755859375,767.5499877929688,110931
2026-07-21 04:53:00,767.2000122070312,767.2000122070312,767.2000122070312,767.0499877929688,767.1500244140625,103239
2026-07-21 04:54:00,767.1500244140625,767.1500244140625,767.4000244140625,767.0999755859375,767.1500244140625,76623
2026-07-21 04:55:00,767.0499877929688,767.0499877929688,767.2000122070312,767.0,767.2000122070312,204813
2026-07-21 04:56:00,767.0,767.0,767.0499877929688,766.9000244140625,767.0,57802
2026-07-21 04:57:00,767.5,767.5,767.5,766.5499877929688,766.75,99381
2026-07-21 04:58:00,768.1500244140625,768.1500244140625,768.2999877929688,767.2999877929688,767.4500122070312,110549
2026-07-21 04:59:00,768.0999755859375,768.0999755859375,768.2000122070312,768.0,768.0,56465
2026-07-21 05:00:00,768.4500122070312,768.4500122070312,768.5,768.0,768.0499877929688,82037
2026-07-21 05:01:00,768.4500122070312,768.4500122070312,769.0999755859375,768.1500244140625,768.5,311969
2026-07-21 05:02:00,768.0499877929688,768.0499877929688,768.7999877929688,768.0499877929688,768.4500122070312,153238
2026-07-21 05:03:00,767.9500122070312,767.9500122070312,768.0499877929688,767.9000244140625,768.0,45329
2026-07-21 05:04:00,767.5499877929688,767.5499877929688,767.9500122070312,767.5499877929688,767.9500122070312,37883
2026-07-21 05:05:00,767.2999877929688,767.2999877929688,767.5999755859375,767.2999877929688,767.5999755859375,59112
2026-07-21 05:06:00,767.25,767.25,767.3499755859375,767.0499877929688,767.2999877929688,48595
2026-07-21 05:07:00,767.5,767.5,767.5,767.2000122070312,767.25,34599
2026-07-21 05:08:00,767.2000122070312,767.2000122070312,767.5999755859375,767.2000122070312,767.5,41869
2026-07-21 05:09:00,767.4000244140625,767.4000244140625,767.5,767.2000122070312,767.4000244140625,34513
2026-07-21 05:10:00,767.7000122070312,767.7000122070312,767.7000122070312,767.3499755859375,767.4000244140625,60711
2026-07-21 05:11:00,767.6500244140625,767.6500244140625,767.75,767.5,767.7000122070312,45999
2026-07-21 05:12:00,767.5999755859375,767.5999755859375,767.75,767.5,767.6500244140625,52486
2026-07-21 05:13:00,767.9000244140625,767.9000244140625,767.9500122070312,767.5499877929688,767.5499877929688,30362
2026-07-21 05:14:00,767.5999755859375,767.5999755859375,767.9000244140625,767.5499877929688,767.9000244140625,30335
2026-07-21 05:15:00,767.5,767.5,767.6500244140625,767.5,767.5999755859375,25369
2026-07-21 05:16:00,767.5999755859375,767.5999755859375,767.5999755859375,767.5,767.5499877929688,34777
2026-07-21 05:17:00,767.7000122070312,767.7000122070312,767.75,767.5499877929688,767.5999755859375,40830
2026-07-21 05:18:00,767.6500244140625,767.6500244140625,767.8499755859375,767.6500244140625,767.75,47473
2026-07-21 05:19:00,767.8499755859375,767.8499755859375,767.9000244140625,767.6500244140625,767.7000122070312,44560
2026-07-21 05:20:00,767.7999877929688,767.7999877929688,767.8499755859375,767.6500244140625,767.8499755859375,24614
2026-07-21 05:21:00,767.7000122070312,767.7000122070312,767.75,767.5999755859375,767.7000122070312,40917
2026-07-21 05:22:00,767.5999755859375,767.5999755859375,767.7000122070312,767.5999755859375,767.7000122070312,66868
2026-07-21 05:23:00,767.5499877929688,767.5499877929688,767.6500244140625,767.5,767.6500244140625,62195
2026-07-21 05:24:00,767.5,767.5,767.5499877929688,767.5,767.5499877929688,41001
2026-07-21 05:25:00,767.5999755859375,767.5999755859375,767.5999755859375,767.3499755859375,767.5499877929688,38918
2026-07-21 05:26:00,767.5499877929688,767.5499877929688,767.6500244140625,767.5,767.5999755859375,43531
2026-07-21 05:27:00,767.0999755859375,767.0999755859375,767.5999755859375,767.0999755859375,767.5999755859375,40933
2026-07-21 05:28:00,766.9500122070312,766.9500122070312,767.1500244140625,766.9000244140625,767.1500244140625,175629
2026-07-21 05:29:00,766.7000122070312,766.7000122070312,766.9500122070312,766.7000122070312,766.9000244140625,40562
2026-07-21 05:30:00,766.25,766.25,766.7000122070312,766.1500244140625,766.7000122070312,146431
2026-07-21 05:31:00,766.0999755859375,766.0999755859375,766.25,766.0,766.2000122070312,156221
2026-07-21 05:32:00,766.5,766.5,766.5,766.0,766.0,89584
2026-07-21 05:33:00,767.4000244140625,767.4000244140625,767.5999755859375,766.5499877929688,766.5499877929688,215709
2026-07-21 05:34:00,767.0499877929688,767.0499877929688,767.4500122070312,767.0,767.4500122070312,56280
2026-07-21 05:35:00,767.0999755859375,767.0999755859375,767.25,767.0,767.0499877929688,38179
2026-07-21 05:36:00,767.25,767.25,767.2999877929688,767.0499877929688,767.0999755859375,40560
2026-07-21 05:37:00,767.1500244140625,767.1500244140625,767.4000244140625,767.1500244140625,767.25,62993
2026-07-21 05:38:00,766.9500122070312,766.9500122070312,767.1500244140625,766.9000244140625,767.1500244140625,65819
2026-07-21 05:39:00,766.5999755859375,766.5999755859375,766.9500122070312,766.5499877929688,766.7999877929688,51215
2026-07-21 05:40:00,766.9000244140625,766.9000244140625,767.0999755859375,766.5,766.5499877929688,73519
2026-07-21 05:41:00,767.0499877929688,767.0499877929688,767.2000122070312,766.9500122070312,766.9500122070312,242216
2026-07-21 05:42:00,767.4000244140625,767.4000244140625,767.4500122070312,767.0499877929688,767.0499877929688,56312
2026-07-21 05:43:00,767.3499755859375,767.3499755859375,767.4500122070312,767.2999877929688,767.4000244140625,33196
2026-07-21 05:44:00,767.3499755859375,767.3499755859375,767.5,767.2999877929688,767.4500122070312,41790
2026-07-21 05:45:00,767.3499755859375,767.3499755859375,767.5,767.2999877929688,767.3499755859375,56979
2026-07-21 05:46:00,766.8499755859375,766.8499755859375,767.4000244140625,766.5499877929688,767.3499755859375,126375
2026-07-21 05:47:00,766.5,766.5,766.7999877929688,766.4500122070312,766.7000122070312,67944
2026-07-21 05:48:00,766.4000244140625,766.4000244140625,766.5,766.4000244140625,766.5,34140
2026-07-21 05:49:00,766.5,766.5,766.5,766.4000244140625,766.4500122070312,34230
2026-07-21 05:50:00,766.4500122070312,766.4500122070312,766.5999755859375,766.4000244140625,766.4500122070312,38369
2026-07-21 05:51:00,766.25,766.25,766.4500122070312,766.2000122070312,766.4500122070312,78481
2026-07-21 05:52:00,766.25,766.25,766.3499755859375,766.25,766.25,58537
2026-07-21 05:53:00,766.1500244140625,766.1500244140625,766.3499755859375,766.0999755859375,766.2999877929688,47616
2026-07-21 05:54:00,766.5499877929688,766.5499877929688,766.75,766.1500244140625,766.25,77516
2026-07-21 05:55:00,766.8499755859375,766.8499755859375,766.9000244140625,766.5,766.5,161487
2026-07-21 05:56:00,766.5,766.5,766.9000244140625,766.5,766.7000122070312,57457
2026-07-21 05:57:00,766.5499877929688,766.5499877929688,766.5999755859375,766.2999877929688,766.2999877929688,82864
2026-07-21 05:58:00,766.5,766.5,766.6500244140625,766.5,766.5499877929688,42463
2026-07-21 05:59:00,766.4000244140625,766.4000244140625,766.6500244140625,766.2999877929688,766.6500244140625,52578
2026-07-21 06:00:00,766.1500244140625,766.1500244140625,766.4000244140625,766.1500244140625,766.4000244140625,56020
2026-07-21 06:01:00,766.2999877929688,766.2999877929688,766.3499755859375,766.1500244140625,766.1500244140625,25822
2026-07-21 06:02:00,766.5,766.5,766.5499877929688,766.25,766.2999877929688,61870
2026-07-21 06:03:00,766.4500122070312,766.4500122070312,766.5999755859375,766.4000244140625,766.5,29414
2026-07-21 06:04:00,766.3499755859375,766.3499755859375,766.4500122070312,766.2999877929688,766.4500122070312,31119
2026-07-21 06:05:00,766.2999877929688,766.2999877929688,766.4500122070312,766.2999877929688,766.2999877929688,38569
2026-07-21 06:06:00,766.2000122070312,766.2000122070312,766.4500122070312,766.2000122070312,766.2999877929688,31578
2026-07-21 06:07:00,765.7999877929688,765.7999877929688,766.25,765.2000122070312,766.25,281825
2026-07-21 06:08:00,765.9500122070312,765.9500122070312,765.9500122070312,765.7999877929688,765.9000244140625,33591
2026-07-21 06:09:00,765.8499755859375,765.8499755859375,765.9500122070312,765.7999877929688,765.9500122070312,44645
2026-07-21 06:10:00,766.0,766.0,766.25,765.7999877929688,765.8499755859375,84118
2026-07-21 06:11:00,765.9500122070312,765.9500122070312,766.0,765.9000244140625,765.9500122070312,38982
2026-07-21 06:12:00,766.1500244140625,766.1500244140625,766.25,765.9000244140625,765.9500122070312,52002
2026-07-21 06:13:00,765.7000122070312,765.7000122070312,766.0999755859375,765.7000122070312,766.0999755859375,65543
2026-07-21 06:14:00,765.75,765.75,765.75,765.7000122070312,765.75,42549
2026-07-21 06:15:00,765.5999755859375,765.5999755859375,765.75,765.5,765.75,100576
2026-07-21 06:16:00,765.6500244140625,765.6500244140625,765.7000122070312,765.4500122070312,765.5999755859375,83096
2026-07-21 06:17:00,765.5499877929688,765.5499877929688,765.7000122070312,765.5499877929688,765.6500244140625,55162
2026-07-21 06:18:00,765.3499755859375,765.3499755859375,765.5999755859375,765.2999877929688,765.5999755859375,61176
2026-07-21 06:19:00,765.5999755859375,765.5999755859375,765.5999755859375,765.25,765.3499755859375,51972
2026-07-21 06:20:00,765.6500244140625,765.6500244140625,765.6500244140625,765.5,765.5999755859375,27314
2026-07-21 06:21:00,765.5499877929688,765.5499877929688,765.6500244140625,765.5,765.6500244140625,37469
2026-07-21 06:22:00,765.4500122070312,765.4500122070312,765.5499877929688,765.4500122070312,765.5499877929688,48027
2026-07-21 06:23:00,765.3499755859375,765.3499755859375,765.5499877929688,765.3499755859375,765.4500122070312,37513
2026-07-21 06:24:00,765.4500122070312,765.4500122070312,765.5499877929688,765.3499755859375,765.5499877929688,39944
2026-07-21 06:25:00,765.7000122070312,765.7000122070312,765.9000244140625,765.4000244140625,765.4500122070312,108073
2026-07-21 06:26:00,765.9500122070312,765.9500122070312,765.9500122070312,765.7999877929688,765.8499755859375,22747
2026-07-21 06:27:00,765.9000244140625,765.9000244140625,766.0499877929688,765.9000244140625,765.9500122070312,40851
2026-07-21 06:28:00,765.75,765.75,765.9500122070312,765.7000122070312,765.9000244140625,43065
2026-07-21 06:29:00,765.7999877929688,765.7999877929688,766.0,765.75,765.75,41203
2026-07-21 06:30:00,765.75,765.75,765.9000244140625,765.7000122070312,765.9000244140625,37878
2026-07-21 06:31:00,766.25,766.25,766.3499755859375,765.6500244140625,765.75,37786
2026-07-21 06:32:00,766.3499755859375,766.3499755859375,766.4000244140625,766.0499877929688,766.25,31498
2026-07-21 06:33:00,766.0499877929688,766.0499877929688,766.3499755859375,765.9000244140625,766.3499755859375,42360
2026-07-21 06:34:00,766.25,766.25,766.25,766.0,766.0499877929688,35406
2026-07-21 06:35:00,766.0999755859375,766.0999755859375,766.25,766.0499877929688,766.2000122070312,26662
2026-07-21 06:36:00,766.0999755859375,766.0999755859375,766.1500244140625,766.0,766.1500244140625,28704
2026-07-21 06:37:00,766.1500244140625,766.1500244140625,766.1500244140625,766.0,766.0499877929688,39347
2026-07-21 06:38:00,766.1500244140625,766.1500244140625,766.1500244140625,766.0,766.1500244140625,33583
2026-07-21 06:39:00,766.0999755859375,766.0999755859375,766.2000122070312,766.0499877929688,766.0999755859375,27490
2026-07-21 06:40:00,766.0,766.0,766.1500244140625,765.9000244140625,766.0999755859375,58860
2026-07-21 06:41:00,766.0999755859375,766.0999755859375,766.0999755859375,766.0,766.0499877929688,33180
2026-07-21 06:42:00,766.0999755859375,766.0999755859375,766.0999755859375,766.0,766.0,44454
2026-07-21 06:43:00,765.8499755859375,765.8499755859375,766.0999755859375,765.7999877929688,766.0999755859375,64212
2026-07-21 06:44:00,765.7999877929688,765.7999877929688,765.9000244140625,765.7000122070312,765.8499755859375,43432
2026-07-21 06:45:00,765.75,765.75,765.8499755859375,765.7000122070312,765.7999877929688,27751
2026-07-21 06:46:00,765.5499877929688,765.5499877929688,765.8499755859375,765.5499877929688,765.75,46616
2026-07-21 06:47:00,765.7000122070312,765.7000122070312,765.75,765.5,765.5999755859375,47607
2026-07-21 06:48:00,765.5,765.5,765.7000122070312,765.5,765.7000122070312,54183
2026-07-21 06:49:00,765.5499877929688,765.5499877929688,765.5999755859375,765.5,765.5,61293
2026-07-21 06:50:00,765.5999755859375,765.5999755859375,765.6500244140625,765.5,765.5499877929688,24013
2026-07-21 06:51:00,765.75,765.75,765.8499755859375,765.5999755859375,765.7000122070312,40117
2026-07-21 06:52:00,765.7000122070312,765.7000122070312,765.75,765.6500244140625,765.75,35381
2026-07-21 06:53:00,765.6500244140625,765.6500244140625,765.75,765.5999755859375,765.7000122070312,139138
2026-07-21 06:54:00,765.4500122070312,765.4500122070312,765.7000122070312,765.25,765.7000122070312,118515
2026-07-21 06:55:00,765.5,765.5,765.5999755859375,765.4500122070312,765.5,32480
2026-07-21 06:56:00,765.5499877929688,765.5499877929688,765.5499877929688,765.5,765.5499877929688,38649
2026-07-21 06:57:00,765.5,765.5,765.5499877929688,765.4500122070312,765.5499877929688,38862
2026-07-21 06:58:00,765.5499877929688,765.5499877929688,765.5499877929688,765.3499755859375,765.5,33468
2026-07-21 06:59:00,765.4000244140625,765.4000244140625,765.5499877929688,765.3499755859375,765.5499877929688,30045
2026-07-21 07:00:00,765.7000122070312,765.7000122070312,765.7999877929688,765.4000244140625,765.4500122070312,61607
2026-07-21 07:01:00,765.5999755859375,765.5999755859375,765.7999877929688,765.5499877929688,765.7000122070312,34091
2026-07-21 07:02:00,765.6500244140625,765.6500244140625,765.7000122070312,765.5,765.6500244140625,48732
2026-07-21 07:03:00,765.9000244140625,765.9000244140625,766.0999755859375,765.5499877929688,765.7000122070312,276290
2026-07-21 07:04:00,766.4500122070312,766.4500122070312,766.75,765.9000244140625,765.9000244140625,160554
2026-07-21 07:05:00,766.2999877929688,766.2999877929688,766.5999755859375,766.2000122070312,766.5,50514
2026-07-21 07:06:00,766.0499877929688,766.0499877929688,766.3499755859375,766.0499877929688,766.3499755859375,31768
2026-07-21 07:07:00,766.4000244140625,766.4000244140625,766.5,766.0499877929688,766.1500244140625,134725
2026-07-21 07:08:00,766.5,766.5,766.6500244140625,766.25,766.4000244140625,77444
2026-07-21 07:09:00,766.2999877929688,766.2999877929688,766.5499877929688,766.25,766.5,47799
2026-07-21 07:10:00,766.25,766.25,766.4000244140625,766.2000122070312,766.25,36841
2026-07-21 07:11:00,766.3499755859375,766.3499755859375,766.4000244140625,766.2000122070312,766.4000244140625,36763
2026-07-21 07:12:00,766.3499755859375,766.3499755859375,766.5499877929688,766.2000122070312,766.3499755859375,195068
2026-07-21 07:13:00,766.25,766.25,766.4000244140625,766.1500244140625,766.3499755859375,57067
2026-07-21 07:14:00,766.8499755859375,766.8499755859375,766.8499755859375,766.0999755859375,766.3499755859375,257523
2026-07-21 07:15:00,766.9500122070312,766.9500122070312,767.0999755859375,766.6500244140625,767.0,84622
2026-07-21 07:16:00,766.75,766.75,766.9500122070312,766.7000122070312,766.9500122070312,33987
2026-07-21 07:17:00,766.9000244140625,766.9000244140625,766.9000244140625,766.5999755859375,766.7999877929688,41369
2026-07-21 07:18:00,766.75,766.75,766.9000244140625,766.6500244140625,766.8499755859375,22912
2026-07-21 07:19:00,767.0,767.0,767.0,766.75,766.9000244140625,93794
2026-07-21 07:20:00,766.9500122070312,766.9500122070312,767.0,766.7999877929688,766.9000244140625,34593
2026-07-21 07:21:00,767.0499877929688,767.0499877929688,767.0499877929688,766.7999877929688,766.8499755859375,55333
2026-07-21 07:22:00,766.8499755859375,766.8499755859375,767.0999755859375,766.8499755859375,767.0,33931
2026-07-21 07:23:00,767.0,767.0,767.0499877929688,766.7999877929688,766.8499755859375,98860
2026-07-21 07:24:00,767.0,767.0,767.0999755859375,766.8499755859375,766.9000244140625,53766
2026-07-21 07:25:00,766.7999877929688,766.7999877929688,767.0,766.7000122070312,766.8499755859375,59433
2026-07-21 07:26:00,766.8499755859375,766.8499755859375,766.9500122070312,766.75,766.7999877929688,35778
2026-07-21 07:27:00,766.7999877929688,766.7999877929688,766.9000244140625,766.5999755859375,766.8499755859375,56180
2026-07-21 07:28:00,766.2999877929688,766.2999877929688,766.75,766.2999877929688,766.5999755859375,37267
2026-07-21 07:29:00,766.0,766.0,766.3499755859375,765.7999877929688,766.3499755859375,90631
2026-07-21 07:30:00,765.8499755859375,765.8499755859375,766.2000122070312,765.7999877929688,766.1500244140625,35134
2026-07-21 07:31:00,765.9500122070312,765.9500122070312,766.0499877929688,765.7999877929688,765.8499755859375,43087
2026-07-21 07:32:00,765.9000244140625,765.9000244140625,766.5,765.9000244140625,766.0499877929688,59898
2026-07-21 07:33:00,765.8499755859375,765.8499755859375,766.0,765.8499755859375,765.9500122070312,44754
2026-07-21 07:34:00,765.8499755859375,765.8499755859375,765.9000244140625,765.7999877929688,765.9000244140625,48137
2026-07-21 07:35:00,765.8499755859375,765.8499755859375,765.9500122070312,765.7999877929688,765.8499755859375,55276
2026-07-21 07:36:00,765.8499755859375,765.8499755859375,765.9500122070312,765.7999877929688,765.7999877929688,52412
2026-07-21 07:37:00,765.9000244140625,765.9000244140625,765.9500122070312,765.75,765.9000244140625,55766
2026-07-21 07:38:00,765.9500122070312,765.9500122070312,766.0,765.75,765.7999877929688,39420
2026-07-21 07:39:00,765.7999877929688,765.7999877929688,765.9500122070312,765.75,765.7999877929688,33792
2026-07-21 07:40:00,766.25,766.25,766.7000122070312,765.9000244140625,766.0,341345
2026-07-21 07:41:00,766.5,766.5,766.75,766.0999755859375,766.3499755859375,169358
2026-07-21 07:42:00,766.1500244140625,766.1500244140625,766.6500244140625,766.0,766.5999755859375,79281
2026-07-21 07:43:00,766.0499877929688,766.0499877929688,766.3499755859375,766.0,766.3499755859375,34789
2026-07-21 07:44:00,766.0499877929688,766.0499877929688,766.0999755859375,766.0499877929688,766.0999755859375,27124
2026-07-21 07:45:00,766.0,766.0,766.0999755859375,766.0,766.0999755859375,33514
2026-07-21 07:46:00,765.9500122070312,765.9500122070312,766.0499877929688,765.9000244140625,766.0,47223
2026-07-21 07:47:00,766.0,766.0,766.2000122070312,765.7999877929688,765.9500122070312,55781
2026-07-21 07:48:00,766.1500244140625,766.1500244140625,766.6500244140625,765.9000244140625,765.9000244140625,394456
2026-07-21 07:49:00,766.1500244140625,766.1500244140625,766.4000244140625,766.1500244140625,766.4000244140625,61767
2026-07-21 07:50:00,766.0499877929688,766.0499877929688,766.2999877929688,766.0,766.2000122070312,41471
2026-07-21 07:51:00,766.0499877929688,766.0499877929688,766.1500244140625,766.0499877929688,766.0499877929688,24609
2026-07-21 07:52:00,766.1500244140625,766.1500244140625,766.1500244140625,766.0499877929688,766.0999755859375,28131
2026-07-21 07:53:00,766.0999755859375,766.0999755859375,766.2000122070312,766.0499877929688,766.1500244140625,34508
2026-07-21 07:54:00,766.0999755859375,766.0999755859375,766.2000122070312,766.0499877929688,766.1500244140625,31946
2026-07-21 07:55:00,766.0999755859375,766.0999755859375,766.2000122070312,766.0,766.1500244140625,112679
2026-07-21 07:56:00,766.0499877929688,766.0499877929688,766.2999877929688,766.0,766.2999877929688,147341
2026-07-21 07:57:00,766.0,766.0,766.0499877929688,766.0,766.0499877929688,30003
2026-07-21 07:58:00,766.0499877929688,766.0499877929688,766.3499755859375,766.0,766.0,118680
2026-07-21 07:59:00,765.9000244140625,765.9000244140625,766.0499877929688,765.7999877929688,766.0499877929688,88893
2026-07-21 08:00:00,765.9000244140625,765.9000244140625,766.0999755859375,765.7999877929688,765.9500122070312,54370
2026-07-21 08:01:00,765.9000244140625,765.9000244140625,765.9500122070312,765.8499755859375,765.9500122070312,37830
2026-07-21 08:02:00,765.8499755859375,765.8499755859375,765.9500122070312,765.75,765.9000244140625,124400
2026-07-21 08:03:00,765.7999877929688,765.7999877929688,765.8499755859375,765.75,765.8499755859375,41450
2026-07-21 08:04:00,765.9000244140625,765.9000244140625,765.9500122070312,765.7999877929688,765.8499755859375,46481
2026-07-21 08:05:00,766.1500244140625,766.1500244140625,766.2000122070312,765.9000244140625,765.9500122070312,86552
2026-07-21 08:06:00,766.0,766.0,766.2000122070312,766.0,766.2000122070312,51211
2026-07-21 08:07:00,765.9500122070312,765.9500122070312,766.0,765.9500122070312,766.0,42511
2026-07-21 08:08:00,765.9500122070312,765.9500122070312,766.0,765.9000244140625,766.0,46126
2026-07-21 08:09:00,765.7999877929688,765.7999877929688,765.9500122070312,765.75,765.9000244140625,51019
2026-07-21 08:10:00,765.5999755859375,765.5999755859375,765.7999877929688,765.5999755859375,765.7999877929688,43095
2026-07-21 08:11:00,765.0999755859375,765.0999755859375,765.6500244140625,765.0999755859375,765.6500244140625,153540
2026-07-21 08:12:00,764.5499877929688,764.5499877929688,765.0999755859375,764.3499755859375,765.0,562675
2026-07-21 08:13:00,764.5,764.5,764.6500244140625,764.2999877929688,764.5999755859375,65545
2026-07-21 08:14:00,764.5499877929688,764.5499877929688,764.5499877929688,764.4000244140625,764.5,53253
2026-07-21 08:15:00,764.0499877929688,764.0499877929688,764.5499877929688,764.0,764.5499877929688,146469
2026-07-21 08:16:00,764.0499877929688,764.0499877929688,764.0499877929688,764.0,764.0499877929688,87796
2026-07-21 08:17:00,763.75,763.75,764.0499877929688,763.75,764.0499877929688,102491
2026-07-21 08:18:00,763.6500244140625,763.6500244140625,763.8499755859375,763.5,763.75,117735
2026-07-21 08:19:00,763.7999877929688,763.7999877929688,763.7999877929688,763.3499755859375,763.6500244140625,178852
2026-07-21 08:20:00,763.75,763.75,763.7999877929688,763.6500244140625,763.75,124339
2026-07-21 08:21:00,763.8499755859375,763.8499755859375,764.0,763.5999755859375,763.7999877929688,71814
2026-07-21 08:22:00,764.0,764.0,764.0,763.8499755859375,763.9000244140625,50379
2026-07-21 08:23:00,763.9500122070312,763.9500122070312,764.25,763.7999877929688,764.0,64925
2026-07-21 08:24:00,763.5999755859375,763.5999755859375,763.9500122070312,763.5999755859375,763.7999877929688,68239
2026-07-21 08:25:00,763.0,763.0,763.6500244140625,763.0,763.6500244140625,178875
2026-07-21 08:26:00,762.4000244140625,762.4000244140625,763.0499877929688,762.3499755859375,763.0499877929688,199712
2026-07-21 08:27:00,762.25,762.25,762.4500122070312,762.1500244140625,762.4000244140625,193362
2026-07-21 08:28:00,762.2000122070312,762.2000122070312,762.4000244140625,762.1500244140625,762.25,146317
2026-07-21 08:29:00,762.1500244140625,762.1500244140625,762.25,762.0999755859375,762.1500244140625,142535
2026-07-21 08:30:00,762.5999755859375,762.5999755859375,762.75,762.1500244140625,762.2000122070312,89358
2026-07-21 08:31:00,762.6500244140625,762.6500244140625,762.9500122070312,762.5999755859375,762.6500244140625,98598
2026-07-21 08:32:00,762.5999755859375,762.5999755859375,762.6500244140625,762.5499877929688,762.5999755859375,60605
2026-07-21 08:33:00,762.5499877929688,762.5499877929688,762.6500244140625,762.5499877929688,762.5999755859375,74635
2026-07-21 08:34:00,762.5999755859375,762.5999755859375,762.5999755859375,762.5499877929688,762.5999755859375,50892
2026-07-21 08:35:00,762.8499755859375,762.8499755859375,762.8499755859375,762.5,762.5999755859375,94557
2026-07-21 08:36:00,762.7999877929688,762.7999877929688,762.8499755859375,762.75,762.8499755859375,61771
2026-07-21 08:37:00,762.7999877929688,762.7999877929688,762.8499755859375,762.75,762.75,57096
2026-07-21 08:38:00,762.5,762.5,762.7000122070312,762.5,762.7000122070312,71397
2026-07-21 08:39:00,762.2000122070312,762.2000122070312,762.5499877929688,762.2000122070312,762.5499877929688,79790
2026-07-21 08:40:00,762.0999755859375,762.0999755859375,762.25,762.0999755859375,762.25,73077
2026-07-21 08:41:00,761.7999877929688,761.7999877929688,762.1500244140625,761.7999877929688,762.0999755859375,216934
2026-07-21 08:42:00,761.9000244140625,761.9000244140625,762.0,761.5999755859375,761.6500244140625,93341
2026-07-21 08:43:00,761.75,761.75,761.9500122070312,761.7000122070312,761.9500122070312,53773
2026-07-21 08:44:00,761.5,761.5,761.7999877929688,761.4000244140625,761.7999877929688,121830
2026-07-21 08:45:00,761.4500122070312,761.4500122070312,761.7999877929688,761.4500122070312,761.4500122070312,135759
2026-07-21 08:46:00,761.2999877929688,761.2999877929688,761.5499877929688,761.2000122070312,761.5499877929688,100438
2026-07-21 08:47:00,760.7999877929688,760.7999877929688,761.1500244140625,760.2000122070312,761.1500244140625,487348
2026-07-21 08:48:00,761.2999877929688,761.2999877929688,761.4000244140625,760.2999877929688,760.7999877929688,333553
2026-07-21 08:49:00,762.1500244140625,762.1500244140625,762.2999877929688,760.9500122070312,761.0999755859375,536712
2026-07-21 08:50:00,761.6500244140625,761.6500244140625,762.4000244140625,761.4000244140625,762.2000122070312,197568
2026-07-21 08:51:00,761.2999877929688,761.2999877929688,761.6500244140625,761.2999877929688,761.5,83726
2026-07-21 08:52:00,761.2999877929688,761.2999877929688,761.3499755859375,761.0999755859375,761.2999877929688,136355
2026-07-21 08:53:00,761.7999877929688,761.7999877929688,761.9000244140625,761.3499755859375,761.3499755859375,61809
2026-07-21 08:54:00,761.9500122070312,761.9500122070312,761.9500122070312,761.4500122070312,761.8499755859375,98212
2026-07-21 08:55:00,761.8499755859375,761.8499755859375,762.0,761.8499755859375,761.8499755859375,60013
2026-07-21 08:56:00,761.8499755859375,761.8499755859375,761.9500122070312,761.7999877929688,761.8499755859375,59458
2026-07-21 08:57:00,761.8499755859375,761.8499755859375,761.8499755859375,761.75,761.8499755859375,56232
2026-07-21 08:58:00,761.7000122070312,761.7000122070312,761.9500122070312,761.6500244140625,761.8499755859375,89336
2026-07-21 08:59:00,761.3499755859375,761.3499755859375,761.7000122070312,761.2999877929688,761.7000122070312,89227
2026-07-21 09:00:00,761.4500122070312,761.4500122070312,761.5,761.2999877929688,761.3499755859375,82410
2026-07-21 09:01:00,761.8499755859375,761.8499755859375,761.8499755859375,761.4000244140625,761.5,87733
2026-07-21 09:02:00,761.7999877929688,761.7999877929688,761.8499755859375,761.6500244140625,761.8499755859375,149060
2026-07-21 09:03:00,761.7999877929688,761.7999877929688,761.9500122070312,761.7000122070312,761.8499755859375,137424
2026-07-21 09:04:00,761.75,761.75,761.9000244140625,761.75,761.8499755859375,131108
2026-07-21 09:05:00,761.7999877929688,761.7999877929688,761.8499755859375,761.5999755859375,761.75,151105
2026-07-21 09:06:00,761.2000122070312,761.2000122070312,761.7999877929688,761.2000122070312,761.7999877929688,123318
2026-07-21 09:07:00,761.0999755859375,761.0999755859375,761.5499877929688,761.0,761.1500244140625,112349
2026-07-21 09:08:00,761.2000122070312,761.2000122070312,761.4000244140625,761.0999755859375,761.4000244140625,62287
2026-07-21 09:09:00,761.0499877929688,761.0499877929688,761.25,761.0,761.25,90334
2026-07-21 09:10:00,761.2000122070312,761.2000122070312,761.3499755859375,761.0,761.0499877929688,68995
2026-07-21 09:11:00,761.0,761.0,761.2000122070312,761.0,761.2000122070312,57028
2026-07-21 09:12:00,761.0,761.0,761.2000122070312,761.0,761.0499877929688,113183
2026-07-21 09:13:00,761.0999755859375,761.0999755859375,761.25,761.0499877929688,761.0499877929688,53605
2026-07-21 09:14:00,761.25,761.25,761.25,761.0999755859375,761.0999755859375,52439
2026-07-21 09:15:00,761.1500244140625,761.1500244140625,761.25,761.0999755859375,761.25,69352
2026-07-21 09:16:00,761.0499877929688,761.0499877929688,761.1500244140625,761.0,761.1500244140625,60654
2026-07-21 09:17:00,760.8499755859375,760.8499755859375,761.0999755859375,760.6500244140625,761.0499877929688,152736
2026-07-21 09:18:00,761.0,761.0,761.1500244140625,760.5999755859375,760.5999755859375,175426
2026-07-21 09:19:00,761.2000122070312,761.2000122070312,761.25,760.8499755859375,761.0999755859375,98180
2026-07-21 09:20:00,760.5499877929688,760.5499877929688,761.2000122070312,760.5499877929688,761.2000122070312,209294
2026-07-21 09:21:00,760.7999877929688,760.7999877929688,760.9500122070312,760.5499877929688,760.6500244140625,237220
2026-07-21 09:22:00,760.5999755859375,760.5999755859375,760.8499755859375,760.5499877929688,760.7999877929688,210939
2026-07-21 09:23:00,761.1500244140625,761.1500244140625,761.3499755859375,760.6500244140625,760.6500244140625,140497
2026-07-21 09:24:00,761.25,761.25,761.3499755859375,761.0499877929688,761.1500244140625,57616
2026-07-21 09:25:00,761.2000122070312,761.2000122070312,761.25,761.0,761.25,81035
2026-07-21 09:26:00,761.7000122070312,761.7000122070312,762.0,761.0499877929688,761.25,212046
2026-07-21 09:27:00,761.6500244140625,761.6500244140625,761.9000244140625,761.5,761.7000122070312,136537
2026-07-21 09:28:00,761.5999755859375,761.5999755859375,761.7000122070312,761.5,761.7000122070312,71932
2026-07-21 09:29:00,761.5999755859375,761.5999755859375,761.9000244140625,761.5999755859375,761.6500244140625,92456
2026-07-21 09:30:00,761.75,761.75,761.7999877929688,761.5499877929688,761.5999755859375,183319
2026-07-21 09:31:00,761.4500122070312,761.4500122070312,761.7999877929688,761.4000244140625,761.75,143449
2026-07-21 09:32:00,761.7000122070312,761.7000122070312,761.7999877929688,761.4000244140625,761.4500122070312,190667
2026-07-21 09:33:00,762.0499877929688,762.0499877929688,762.1500244140625,761.5999755859375,761.7000122070312,317627
2026-07-21 09:34:00,761.5999755859375,761.5999755859375,762.0499877929688,761.5,762.0,179390
2026-07-21 09:35:00,761.9000244140625,761.9000244140625,762.0,761.6500244140625,761.7999877929688,219759
2026-07-21 09:36:00,761.5499877929688,761.5499877929688,761.9000244140625,761.5,761.7999877929688,169879
2026-07-21 09:37:00,761.8499755859375,761.8499755859375,761.8499755859375,761.2000122070312,761.5499877929688,291283
2026-07-21 09:38:00,761.7999877929688,761.7999877929688,762.0,761.7999877929688,761.7999877929688,247715
2026-07-21 09:39:00,761.6500244140625,761.6500244140625,761.9000244140625,761.6500244140625,761.8499755859375,146098
2026-07-21 09:40:00,761.4000244140625,761.4000244140625,761.7000122070312,761.2999877929688,761.6500244140625,142009
2026-07-21 09:41:00,761.4500122070312,761.4500122070312,761.5,761.4000244140625,761.4500122070312,139398
2026-07-21 09:42:00,761.5499877929688,761.5499877929688,761.5999755859375,761.4500122070312,761.5,163648
2026-07-21 09:43:00,761.25,761.25,761.5999755859375,761.25,761.5999755859375,194329
2026-07-21 09:44:00,761.2999877929688,761.2999877929688,761.3499755859375,761.25,761.25,172721
2026-07-21 09:45:00,761.2999877929688,761.2999877929688,761.3499755859375,761.25,761.3499755859375,180459
2026-07-21 09:46:00,761.2999877929688,761.2999877929688,761.5,761.25,761.2999877929688,229292
2026-07-21 09:47:00,761.5,761.5,761.5,761.25,761.2999877929688,159277
2026-07-21 09:48:00,761.7999877929688,761.7999877929688,761.7999877929688,761.0499877929688,761.4500122070312,423398
2026-07-21 09:49:00,761.5499877929688,761.5499877929688,761.7999877929688,761.1500244140625,761.7999877929688,374566
2026-07-21 09:50:00,761.25,761.25,761.5999755859375,761.25,761.5,222622
2026-07-21 09:51:00,761.4500122070312,761.4500122070312,761.4500122070312,761.0499877929688,761.2999877929688,292170
2026-07-21 09:52:00,761.5499877929688,761.5499877929688,761.5999755859375,761.4000244140625,761.4500122070312,136593
2026-07-21 09:53:00,761.5999755859375,761.5999755859375,761.5999755859375,761.5,761.5499877929688,191993
2026-07-21 09:54:00,761.3499755859375,761.3499755859375,761.6500244140625,761.1500244140625,761.6500244140625,355201
2026-07-21 09:55:00,761.25,761.25,761.3499755859375,761.0,761.25,291949
2026-07-21 09:56:00,761.0499877929688,761.0499877929688,761.25,761.0,761.1500244140625,258132
2026-07-21 09:57:00,761.25,761.25,761.3499755859375,760.7999877929688,761.0999755859375,309668
2026-07-21 09:58:00,761.2999877929688,761.2999877929688,761.3499755859375,760.9500122070312,761.0,158766
2026-07-21 09:59:00,761.5,761.5,761.5,761.0,761.0,187261
2026-07-22 03:45:00,755.75,755.75,761.25,755.5,760.5499877929688,0
2026-07-22 03:46:00,755.0499877929688,755.0499877929688,756.5,754.3499755859375,755.9000244140625,397146
2026-07-22 03:47:00,755.5,755.5,756.0,755.0999755859375,755.5499877929688,281570
2026-07-22 03:48:00,755.75,755.75,755.75,755.0,755.4500122070312,132840
2026-07-22 03:49:00,755.9500122070312,755.9500122070312,756.5499877929688,755.75,755.75,193075
2026-07-22 03:50:00,756.5999755859375,756.5999755859375,756.9000244140625,755.8499755859375,755.9500122070312,122859
2026-07-22 03:51:00,756.5999755859375,756.5999755859375,757.3499755859375,756.5999755859375,756.9000244140625,184023
2026-07-22 03:52:00,755.7000122070312,755.7000122070312,756.7999877929688,755.5499877929688,756.7999877929688,153978
2026-07-22 03:53:00,755.2000122070312,755.2000122070312,756.0,755.0,755.8499755859375,131179
2026-07-22 03:54:00,756.0,756.0,756.0,755.2000122070312,755.2000122070312,101163
2026-07-22 03:55:00,755.6500244140625,755.6500244140625,756.0,755.25,755.9500122070312,123949
2026-07-22 03:56:00,755.0999755859375,755.0999755859375,755.7999877929688,755.0,755.7000122070312,89656
2026-07-22 03:57:00,755.5999755859375,755.5999755859375,755.8499755859375,754.75,755.0999755859375,248503
2026-07-22 03:58:00,754.9500122070312,754.9500122070312,756.0499877929688,754.6500244140625,755.7999877929688,154989
2026-07-22 03:59:00,754.7000122070312,754.7000122070312,754.9000244140625,754.5999755859375,754.8499755859375,70262
2026-07-22 04:00:00,754.2000122070312,754.2000122070312,755.25,754.0999755859375,754.7999877929688,187949
2026-07-22 04:01:00,754.0,754.0,754.4000244140625,753.5499877929688,754.2999877929688,229412
2026-07-22 04:02:00,754.3499755859375,754.3499755859375,754.4000244140625,753.5999755859375,754.2000122070312,162160
2026-07-22 04:03:00,754.4500122070312,754.4500122070312,754.5499877929688,754.1500244140625,754.5,84858
2026-07-22 04:04:00,754.1500244140625,754.1500244140625,754.5999755859375,754.1500244140625,754.5999755859375,65052
2026-07-22 04:05:00,753.9500122070312,753.9500122070312,754.2000122070312,753.7000122070312,754.2000122070312,153871
2026-07-22 04:06:00,753.9000244140625,753.9000244140625,754.6500244140625,753.7999877929688,753.7999877929688,78851
2026-07-22 04:07:00,754.0499877929688,754.0499877929688,754.1500244140625,753.75,753.9500122070312,83549
2026-07-22 04:08:00,754.3499755859375,754.3499755859375,754.5,754.0,754.0499877929688,39849
2026-07-22 04:09:00,753.5999755859375,753.5999755859375,754.2999877929688,753.5,754.2999877929688,158445
2026-07-22 04:10:00,753.6500244140625,753.6500244140625,753.9000244140625,753.5499877929688,753.75,58372
2026-07-22 04:11:00,753.5499877929688,753.5499877929688,753.6500244140625,753.0499877929688,753.6500244140625,154378
2026-07-22 04:12:00,754.3499755859375,754.3499755859375,754.5,753.4500122070312,753.4500122070312,71779
2026-07-22 04:13:00,754.4500122070312,754.4500122070312,754.5,754.25,754.3499755859375,67619
2026-07-22 04:14:00,754.0499877929688,754.0499877929688,754.7999877929688,754.0,754.4500122070312,79196
2026-07-22 04:15:00,754.0,754.0,754.0999755859375,754.0,754.0499877929688,41583
2026-07-22 04:16:00,753.5,753.5,754.0499877929688,753.4500122070312,754.0499877929688,60548
2026-07-22 04:17:00,753.2000122070312,753.2000122070312,753.5999755859375,753.1500244140625,753.5,88362
2026-07-22 04:18:00,753.5,753.5,753.6500244140625,753.2000122070312,753.25,46617
2026-07-22 04:19:00,753.6500244140625,753.6500244140625,753.75,753.5,753.5999755859375,43903
2026-07-22 04:20:00,753.5,753.5,753.8499755859375,753.5,753.6500244140625,55396
2026-07-22 04:21:00,753.5999755859375,753.5999755859375,753.7999877929688,753.5,753.6500244140625,48325
2026-07-22 04:22:00,753.5,753.5,753.5999755859375,753.25,753.5,52066
2026-07-22 04:23:00,754.0,754.0,754.2000122070312,753.2999877929688,753.2999877929688,63847
2026-07-22 04:24:00,754.0,754.0,754.5,753.8499755859375,754.0,100372
2026-07-22 04:25:00,754.2000122070312,754.2000122070312,754.2999877929688,754.0,754.1500244140625,62362
2026-07-22 04:26:00,754.5,754.5,754.7999877929688,754.1500244140625,754.2000122070312,47875
2026-07-22 04:27:00,754.75,754.75,754.7999877929688,754.2999877929688,754.5,43285
2026-07-22 04:28:00,754.75,754.75,754.9500122070312,754.75,754.7999877929688,40168
2026-07-22 04:29:00,754.7999877929688,754.7999877929688,754.8499755859375,754.75,754.75,60826
2026-07-22 04:30:00,754.7000122070312,754.7000122070312,754.8499755859375,754.6500244140625,754.8499755859375,47400
2026-07-22 04:31:00,754.6500244140625,754.6500244140625,754.7999877929688,754.5,754.6500244140625,76297
2026-07-22 04:32:00,755.1500244140625,755.1500244140625,755.1500244140625,754.5999755859375,754.6500244140625,104919
2026-07-22 04:33:00,755.4500122070312,755.4500122070312,755.5999755859375,755.25,755.2999877929688,59394
2026-07-22 04:34:00,755.5999755859375,755.5999755859375,755.9000244140625,755.4500122070312,755.4500122070312,154635
2026-07-22 04:35:00,755.5,755.5,755.7000122070312,755.3499755859375,755.6500244140625,73171
2026-07-22 04:36:00,755.7000122070312,755.7000122070312,755.75,755.5499877929688,755.5999755859375,51583
2026-07-22 04:37:00,755.4000244140625,755.4000244140625,755.75,755.25,755.75,72857
2026-07-22 04:38:00,755.2000122070312,755.2000122070312,755.5,755.2000122070312,755.5,32813
2026-07-22 04:39:00,755.4500122070312,755.4500122070312,755.5,755.2000122070312,755.25,51345
2026-07-22 04:40:00,755.2000122070312,755.2000122070312,755.5999755859375,755.1500244140625,755.4500122070312,55030
2026-07-22 04:41:00,755.1500244140625,755.1500244140625,755.2000122070312,755.0499877929688,755.2000122070312,32277
2026-07-22 04:42:00,755.0999755859375,755.0999755859375,755.1500244140625,755.0999755859375,755.0999755859375,19768
2026-07-22 04:43:00,755.0999755859375,755.0999755859375,755.1500244140625,755.0499877929688,755.1500244140625,30937
2026-07-22 04:44:00,754.5999755859375,754.5999755859375,755.0999755859375,754.5999755859375,755.0999755859375,81702
2026-07-22 04:45:00,754.4500122070312,754.4500122070312,754.5999755859375,754.4000244140625,754.5999755859375,47493
2026-07-22 04:46:00,754.1500244140625,754.1500244140625,754.4000244140625,754.0999755859375,754.4000244140625,26613
2026-07-22 04:47:00,753.8499755859375,753.8499755859375,754.1500244140625,753.7999877929688,754.1500244140625,72770
2026-07-22 04:48:00,753.7999877929688,753.7999877929688,753.8499755859375,753.7999877929688,753.8499755859375,37833
2026-07-22 04:49:00,753.7999877929688,753.7999877929688,754.0,753.5499877929688,753.7999877929688,82314
2026-07-22 04:50:00,753.7999877929688,753.7999877929688,754.0,753.5999755859375,753.7999877929688,46591
2026-07-22 04:51:00,753.5999755859375,753.5999755859375,753.9000244140625,753.5999755859375,753.7999877929688,38933
2026-07-22 04:52:00,753.5,753.5,753.6500244140625,753.4000244140625,753.6500244140625,50280
2026-07-22 04:53:00,753.2999877929688,753.2999877929688,753.5,753.2999877929688,753.4000244140625,37764
2026-07-22 04:54:00,753.75,753.75,754.0,753.2999877929688,753.4000244140625,64733
2026-07-22 04:55:00,753.3499755859375,753.3499755859375,753.75,753.2999877929688,753.7000122070312,25248
2026-07-22 04:56:00,753.0499877929688,753.0499877929688,753.3499755859375,753.0499877929688,753.2999877929688,72585
2026-07-22 04:57:00,753.1500244140625,753.1500244140625,753.5,752.6500244140625,753.0499877929688,234049
2026-07-22 04:58:00,753.6500244140625,753.6500244140625,753.7999877929688,753.0499877929688,753.1500244140625,26744
2026-07-22 04:59:00,754.0,754.0,754.0,753.6500244140625,753.6500244140625,51523
2026-07-22 05:00:00,754.2999877929688,754.2999877929688,754.5,753.9500122070312,753.9500122070312,61413
2026-07-22 05:01:00,753.7000122070312,753.7000122070312,754.4500122070312,753.7000122070312,754.2999877929688,90637
2026-07-22 05:02:00,753.2000122070312,753.2000122070312,753.8499755859375,752.9000244140625,753.8499755859375,144169
2026-07-22 05:03:00,754.0999755859375,754.0999755859375,754.0999755859375,753.0,753.25,77009
2026-07-22 05:04:00,754.0,754.0,754.25,754.0,754.0999755859375,19894
2026-07-22 05:05:00,754.4000244140625,754.4000244140625,754.4000244140625,754.0499877929688,754.0499877929688,46559
2026-07-22 05:06:00,753.5499877929688,753.5499877929688,754.4500122070312,753.4000244140625,754.3499755859375,53705
2026-07-22 05:07:00,753.2999877929688,753.2999877929688,753.8499755859375,753.2999877929688,753.5499877929688,40716
2026-07-22 05:08:00,753.25,753.25,753.5,753.25,753.3499755859375,22649
2026-07-22 05:09:00,753.4500122070312,753.4500122070312,753.7999877929688,753.0499877929688,753.2999877929688,66579
2026-07-22 05:10:00,753.5999755859375,753.5999755859375,753.5999755859375,753.4500122070312,753.5,18875
2026-07-22 05:11:00,753.4000244140625,753.4000244140625,753.8499755859375,753.4000244140625,753.7000122070312,30425
2026-07-22 05:12:00,753.4000244140625,753.4000244140625,753.5,753.3499755859375,753.4500122070312,24051
2026-07-22 05:13:00,753.4000244140625,753.4000244140625,753.4500122070312,753.4000244140625,753.4500122070312,20231
2026-07-22 05:14:00,753.2000122070312,753.2000122070312,753.4500122070312,753.2000122070312,753.4500122070312,65382
2026-07-22 05:15:00,753.3499755859375,753.3499755859375,753.4500122070312,753.0999755859375,753.2000122070312,27535
2026-07-22 05:16:00,753.7999877929688,753.7999877929688,753.9500122070312,753.3499755859375,753.3499755859375,53068
2026-07-22 05:17:00,753.7999877929688,753.7999877929688,753.8499755859375,753.75,753.8499755859375,21756
2026-07-22 05:18:00,753.9500122070312,753.9500122070312,754.0,753.7000122070312,753.75,44509
2026-07-22 05:19:00,754.0,754.0,754.25,753.8499755859375,753.9500122070312,43047
2026-07-22 05:20:00,753.75,753.75,754.0,753.75,753.9500122070312,24119
2026-07-22 05:21:00,753.5,753.5,754.0,753.5,753.75,42370
2026-07-22 05:22:00,753.5499877929688,753.5499877929688,753.6500244140625,753.5,753.5,24010
2026-07-22 05:23:00,753.5,753.5,753.5999755859375,753.5,753.5499877929688,20052
2026-07-22 05:24:00,753.7000122070312,753.7000122070312,753.9500122070312,753.5,753.5,53182
2026-07-22 05:25:00,753.75,753.75,753.8499755859375,753.7000122070312,753.7000122070312,18680
2026-07-22 05:26:00,753.7999877929688,753.7999877929688,753.7999877929688,753.75,753.75,21805
2026-07-22 05:27:00,753.7999877929688,753.7999877929688,753.7999877929688,753.75,753.75,30944
2026-07-22 05:28:00,753.6500244140625,753.6500244140625,753.8499755859375,753.6500244140625,753.7999877929688,29022
2026-07-22 05:29:00,753.5999755859375,753.5999755859375,753.7000122070312,753.5499877929688,753.6500244140625,20526
2026-07-22 05:30:00,753.5499877929688,753.5499877929688,753.5999755859375,753.5,753.5999755859375,25309
2026-07-22 05:31:00,753.3499755859375,753.3499755859375,753.5499877929688,753.2999877929688,753.5499877929688,53831
2026-07-22 05:32:00,753.1500244140625,753.1500244140625,753.4000244140625,753.0999755859375,753.4000244140625,27081
2026-07-22 05:33:00,753.7999877929688,753.7999877929688,753.9000244140625,753.1500244140625,753.1500244140625,44912
2026-07-22 05:34:00,754.2000122070312,754.2000122070312,754.2000122070312,753.75,753.75,25009
2026-07-22 05:35:00,753.9500122070312,753.9500122070312,754.3499755859375,753.9000244140625,754.2000122070312,30043
2026-07-22 05:36:00,753.75,753.75,753.9500122070312,753.75,753.9500122070312,28568
2026-07-22 05:37:00,753.9000244140625,753.9000244140625,753.9500122070312,753.7999877929688,753.8499755859375,10582
2026-07-22 05:38:00,753.9500122070312,753.9500122070312,754.0499877929688,753.6500244140625,753.9000244140625,21717
2026-07-22 05:39:00,754.0499877929688,754.0499877929688,754.1500244140625,753.9500122070312,754.0499877929688,13180
2026-07-22 05:40:00,754.0999755859375,754.0999755859375,754.2000122070312,754.0499877929688,754.0499877929688,16416
2026-07-22 05:41:00,753.6500244140625,753.6500244140625,754.1500244140625,753.5999755859375,754.1500244140625,40520
2026-07-22 05:42:00,753.7000122070312,753.7000122070312,753.9000244140625,753.5499877929688,753.5999755859375,18855
2026-07-22 05:43:00,753.5499877929688,753.5499877929688,753.75,753.5499877929688,753.5999755859375,14968
2026-07-22 05:44:00,753.25,753.25,753.7000122070312,753.2000122070312,753.5499877929688,23624
2026-07-22 05:45:00,753.1500244140625,753.1500244140625,753.25,753.0999755859375,753.2000122070312,30147
2026-07-22 05:46:00,753.0999755859375,753.0999755859375,753.2000122070312,753.0999755859375,753.2000122070312,21495
2026-07-22 05:47:00,753.25,753.25,753.3499755859375,753.0999755859375,753.1500244140625,40515
2026-07-22 05:48:00,753.25,753.25,753.5999755859375,753.25,753.3499755859375,22558
2026-07-22 05:49:00,753.5999755859375,753.5999755859375,753.5999755859375,753.25,753.2999877929688,24580
2026-07-22 05:50:00,753.5999755859375,753.5999755859375,753.75,753.4500122070312,753.5999755859375,29078
2026-07-22 05:51:00,753.5999755859375,753.5999755859375,753.75,753.5499877929688,753.5499877929688,23652
2026-07-22 05:52:00,753.75,753.75,753.9500122070312,753.5999755859375,753.5999755859375,53313
2026-07-22 05:53:00,753.7000122070312,753.7000122070312,753.7999877929688,753.5999755859375,753.75,22550
2026-07-22 05:54:00,753.75,753.75,753.75,753.5999755859375,753.6500244140625,21573
2026-07-22 05:55:00,754.0,754.0,754.1500244140625,753.7000122070312,753.7000122070312,34169
2026-07-22 05:56:00,753.8499755859375,753.8499755859375,753.9000244140625,753.7999877929688,753.8499755859375,24569
2026-07-22 05:57:00,753.9000244140625,753.9000244140625,754.0499877929688,753.9000244140625,754.0499877929688,16370
2026-07-22 05:58:00,753.7999877929688,753.7999877929688,754.0,753.75,753.9500122070312,17053
2026-07-22 05:59:00,753.8499755859375,753.8499755859375,753.9500122070312,753.75,753.8499755859375,27200
2026-07-22 06:00:00,753.9000244140625,753.9000244140625,753.9500122070312,753.8499755859375,753.9500122070312,14076
2026-07-22 06:01:00,753.9000244140625,753.9000244140625,753.9500122070312,753.8499755859375,753.9000244140625,15589
2026-07-22 06:02:00,754.0499877929688,754.0499877929688,754.0499877929688,753.8499755859375,753.9500122070312,19542
2026-07-22 06:03:00,754.0999755859375,754.0999755859375,754.1500244140625,754.0,754.0499877929688,17642
2026-07-22 06:04:00,754.0,754.0,754.0999755859375,754.0,754.0999755859375,19788
2026-07-22 06:05:00,753.9000244140625,753.9000244140625,754.0999755859375,753.8499755859375,754.0999755859375,24670
2026-07-22 06:06:00,753.75,753.75,753.9000244140625,753.75,753.8499755859375,12847
2026-07-22 06:07:00,753.6500244140625,753.6500244140625,753.7999877929688,753.5999755859375,753.75,28134
2026-07-22 06:08:00,753.8499755859375,753.8499755859375,754.0499877929688,753.5999755859375,753.5999755859375,47028
2026-07-22 06:09:00,754.2999877929688,754.2999877929688,754.2999877929688,753.8499755859375,753.9500122070312,20459
2026-07-22 06:10:00,754.2000122070312,754.2000122070312,754.5,754.0,754.4000244140625,14997
2026-07-22 06:11:00,754.0999755859375,754.0999755859375,754.2000122070312,754.0,754.2000122070312,10109
2026-07-22 06:12:00,754.0999755859375,754.0999755859375,754.1500244140625,754.0499877929688,754.1500244140625,12609
2026-07-22 06:13:00,754.0499877929688,754.0499877929688,754.0999755859375,754.0499877929688,754.0499877929688,14477
2026-07-22 06:14:00,754.0499877929688,754.0499877929688,754.0999755859375,754.0,754.0999755859375,20326
2026-07-22 06:15:00,753.9000244140625,753.9000244140625,754.0499877929688,753.9000244140625,754.0,31536
2026-07-22 06:16:00,753.8499755859375,753.8499755859375,753.9500122070312,753.7999877929688,753.9500122070312,35493
2026-07-22 06:17:00,754.0,754.0,754.0,753.7999877929688,753.8499755859375,52591
2026-07-22 06:18:00,754.4000244140625,754.4000244140625,754.4000244140625,754.0,754.0,30937
2026-07-22 06:19:00,754.0999755859375,754.0999755859375,754.4000244140625,754.0999755859375,754.25,14757
2026-07-22 06:20:00,754.5999755859375,754.5999755859375,754.7000122070312,754.0,754.1500244140625,69986
2026-07-22 06:21:00,754.5499877929688,754.5499877929688,754.6500244140625,754.5,754.6500244140625,13324
2026-07-22 06:22:00,754.4000244140625,754.4000244140625,754.5499877929688,754.3499755859375,754.5499877929688,14203
2026-07-22 06:23:00,754.25,754.25,754.4500122070312,754.1500244140625,754.4000244140625,21404
2026-07-22 06:24:00,754.2999877929688,754.2999877929688,754.3499755859375,754.0499877929688,754.25,58659
2026-07-22 06:25:00,754.5499877929688,754.5499877929688,754.5499877929688,754.0999755859375,754.2999877929688,33628
2026-07-22 06:26:00,754.6500244140625,754.6500244140625,754.7000122070312,754.4500122070312,754.5499877929688,33716
2026-07-22 06:27:00,754.2999877929688,754.2999877929688,754.6500244140625,754.2000122070312,754.6500244140625,19193
2026-07-22 06:28:00,754.5999755859375,754.5999755859375,754.7000122070312,754.2999877929688,754.2999877929688,53935
2026-07-22 06:29:00,754.5999755859375,754.5999755859375,754.7000122070312,754.5,754.5999755859375,24453
2026-07-22 06:30:00,754.4500122070312,754.4500122070312,754.6500244140625,754.2999877929688,754.6500244140625,27141
2026-07-22 06:31:00,754.2000122070312,754.2000122070312,754.5499877929688,754.1500244140625,754.4000244140625,20117
2026-07-22 06:32:00,753.4000244140625,753.4000244140625,754.2000122070312,753.2000122070312,754.2000122070312,154595
2026-07-22 06:33:00,754.0,754.0,754.0499877929688,753.4000244140625,753.4500122070312,155153
2026-07-22 06:34:00,754.0,754.0,754.0499877929688,754.0,754.0499877929688,13235
2026-07-22 06:35:00,754.0,754.0,754.0499877929688,754.0,754.0,21837
2026-07-22 06:36:00,754.0999755859375,754.0999755859375,754.1500244140625,753.9000244140625,754.0,57189
2026-07-22 06:37:00,754.0499877929688,754.0499877929688,754.3499755859375,754.0499877929688,754.0499877929688,15862
2026-07-22 06:38:00,754.0,754.0,754.0999755859375,754.0,754.0999755859375,23690
2026-07-22 06:39:00,753.5499877929688,753.5499877929688,754.0499877929688,753.5,754.0,80859
2026-07-22 06:40:00,753.5,753.5,753.5499877929688,753.5,753.5499877929688,31215
2026-07-22 06:41:00,753.5499877929688,753.5499877929688,753.5999755859375,753.5,753.5499877929688,42111
2026-07-22 06:42:00,753.1500244140625,753.1500244140625,753.5999755859375,753.0999755859375,753.5999755859375,54618
2026-07-22 06:43:00,753.0999755859375,753.0999755859375,753.1500244140625,753.0999755859375,753.1500244140625,18968
2026-07-22 06:44:00,753.0,753.0,753.1500244140625,753.0,753.1500244140625,57819
2026-07-22 06:45:00,753.0499877929688,753.0499877929688,753.0499877929688,753.0,753.0499877929688,36390
2026-07-22 06:46:00,753.0499877929688,753.0499877929688,753.0499877929688,753.0,753.0499877929688,32636
2026-07-22 06:47:00,753.0,753.0,753.1500244140625,753.0,753.0,39004
2026-07-22 06:48:00,752.5499877929688,752.5499877929688,753.0499877929688,752.5,753.0,107122
2026-07-22 06:49:00,752.2999877929688,752.2999877929688,752.5499877929688,752.2999877929688,752.5,41835
2026-07-22 06:50:00,752.1500244140625,752.1500244140625,752.2999877929688,752.0,752.2999877929688,84691
2026-07-22 06:51:00,752.7000122070312,752.7000122070312,752.75,752.0999755859375,752.1500244140625,41520
2026-07-22 06:52:00,752.3499755859375,752.3499755859375,752.75,752.2999877929688,752.5999755859375,25091
2026-07-22 06:53:00,752.7000122070312,752.7000122070312,752.75,752.2999877929688,752.2999877929688,28086
2026-07-22 06:54:00,752.5499877929688,752.5499877929688,752.7000122070312,752.5,752.5,17484
2026-07-22 06:55:00,752.5,752.5,752.5999755859375,752.5,752.5999755859375,17515
2026-07-22 06:56:00,752.25,752.25,752.5499877929688,752.0999755859375,752.5,52534
2026-07-22 06:57:00,752.0,752.0,752.25,752.0,752.2000122070312,28159
2026-07-22 06:58:00,751.4000244140625,751.4000244140625,752.0,751.3499755859375,752.0,124978
2026-07-22 06:59:00,751.0999755859375,751.0999755859375,751.4000244140625,751.0999755859375,751.3499755859375,60159
2026-07-22 07:00:00,750.7999877929688,750.7999877929688,751.0,750.4500122070312,751.0,292887
2026-07-22 07:01:00,750.7999877929688,750.7999877929688,751.0,750.75,750.9000244140625,80782
2026-07-22 07:02:00,750.7999877929688,750.7999877929688,750.7999877929688,750.75,750.75,39588
2026-07-22 07:03:00,751.1500244140625,751.1500244140625,751.25,750.75,750.7999877929688,182637
2026-07-22 07:04:00,750.7000122070312,750.7000122070312,751.2999877929688,750.5999755859375,751.2000122070312,136115
2026-07-22 07:05:00,751.0,751.0,751.1500244140625,750.7000122070312,750.9000244140625,43385
2026-07-22 07:06:00,750.9000244140625,750.9000244140625,751.0,750.75,751.0,24017
2026-07-22 07:07:00,750.9000244140625,750.9000244140625,751.0999755859375,750.7000122070312,750.9500122070312,44060
2026-07-22 07:08:00,750.7999877929688,750.7999877929688,750.9000244140625,750.7000122070312,750.9000244140625,33083
2026-07-22 07:09:00,750.7000122070312,750.7000122070312,750.8499755859375,750.5499877929688,750.7999877929688,69472
2026-07-22 07:10:00,750.5,750.5,750.75,750.4500122070312,750.5999755859375,158452
2026-07-22 07:11:00,750.6500244140625,750.6500244140625,750.75,750.4500122070312,750.5999755859375,90764
2026-07-22 07:12:00,751.2999877929688,751.2999877929688,751.2999877929688,750.5999755859375,750.5999755859375,85326
2026-07-22 07:13:00,751.5499877929688,751.5499877929688,751.7000122070312,751.25,751.2999877929688,33150
2026-07-22 07:14:00,752.0499877929688,752.0499877929688,752.0499877929688,751.5,751.6500244140625,51206
2026-07-22 07:15:00,751.5499877929688,751.5499877929688,752.2000122070312,751.5499877929688,752.1500244140625,55675
2026-07-22 07:16:00,751.7999877929688,751.7999877929688,751.7999877929688,751.5,751.5499877929688,29777
2026-07-22 07:17:00,751.6500244140625,751.6500244140625,751.7999877929688,751.5999755859375,751.7999877929688,22976
2026-07-22 07:18:00,752.2999877929688,752.2999877929688,752.4000244140625,752.0499877929688,752.0499877929688,65288
2026-07-22 07:19:00,752.25,752.25,752.5499877929688,752.2000122070312,752.3499755859375,54641
2026-07-22 07:20:00,752.1500244140625,752.1500244140625,752.4000244140625,752.0499877929688,752.25,31288
2026-07-22 07:21:00,752.1500244140625,752.1500244140625,752.25,752.0,752.2000122070312,19587
2026-07-22 07:22:00,752.25,752.25,752.3499755859375,752.0499877929688,752.1500244140625,30645
2026-07-22 07:23:00,752.2000122070312,752.2000122070312,752.7000122070312,752.1500244140625,752.2999877929688,35607
2026-07-22 07:24:00,752.1500244140625,752.1500244140625,752.25,752.1500244140625,752.2000122070312,30850
2026-07-22 07:25:00,752.1500244140625,752.1500244140625,752.2999877929688,752.1500244140625,752.1500244140625,15499
2026-07-22 07:26:00,752.25,752.25,752.25,752.1500244140625,752.2000122070312,15362
2026-07-22 07:27:00,752.2000122070312,752.2000122070312,752.25,752.0,752.25,38093
2026-07-22 07:28:00,752.2000122070312,752.2000122070312,752.25,752.0,752.1500244140625,17743
2026-07-22 07:29:00,752.1500244140625,752.1500244140625,752.2000122070312,752.0,752.0499877929688,12764
2026-07-22 07:30:00,751.6500244140625,751.6500244140625,751.8499755859375,751.5499877929688,751.8499755859375,80059
2026-07-22 07:31:00,751.4000244140625,751.4000244140625,751.5999755859375,751.25,751.5999755859375,60953
2026-07-22 07:32:00,751.4500122070312,751.4500122070312,751.4500122070312,751.25,751.4000244140625,27791
2026-07-22 07:33:00,751.1500244140625,751.1500244140625,751.4500122070312,751.0499877929688,751.2999877929688,24628
2026-07-22 07:34:00,751.0,751.0,751.0999755859375,751.0,751.0999755859375,19886
2026-07-22 07:35:00,751.1500244140625,751.1500244140625,751.1500244140625,751.0,751.0499877929688,41005
2026-07-22 07:36:00,751.1500244140625,751.1500244140625,751.4500122070312,751.0,751.0999755859375,46969
2026-07-22 07:37:00,751.5,751.5,751.5499877929688,751.0999755859375,751.2999877929688,21461
2026-07-22 07:38:00,751.5,751.5,751.7000122070312,751.5,751.5499877929688,15980
2026-07-22 07:39:00,751.5499877929688,751.5499877929688,751.9000244140625,751.5,751.5499877929688,69544
2026-07-22 07:40:00,751.7999877929688,751.7999877929688,751.7999877929688,751.5,751.5,31634
2026-07-22 07:41:00,751.4000244140625,751.4000244140625,751.75,751.25,751.7000122070312,34298
2026-07-22 07:42:00,751.25,751.25,751.4000244140625,751.25,751.25,24743
2026-07-22 07:43:00,751.0499877929688,751.0499877929688,751.2999877929688,751.0,751.25,43194
2026-07-22 07:44:00,751.5,751.5,751.5999755859375,751.0,751.0,63496
2026-07-22 07:45:00,751.5499877929688,751.5499877929688,751.5499877929688,751.5,751.5499877929688,17885
2026-07-22 07:46:00,751.7000122070312,751.7000122070312,751.7999877929688,751.5,751.5499877929688,33440
2026-07-22 07:47:00,751.75,751.75,751.9000244140625,751.7000122070312,751.7000122070312,17200
2026-07-22 07:48:00,751.6500244140625,751.6500244140625,751.7999877929688,751.6500244140625,751.7999877929688,29183
2026-07-22 07:49:00,751.75,751.75,751.8499755859375,751.6500244140625,751.7000122070312,23913
2026-07-22 07:50:00,751.5999755859375,751.5999755859375,751.75,751.5999755859375,751.6500244140625,11013
2026-07-22 07:51:00,752.0,752.0,752.25,751.5999755859375,751.5999755859375,125337
2026-07-22 07:52:00,752.0,752.0,752.0999755859375,751.6500244140625,752.0499877929688,73950
2026-07-22 07:53:00,752.0,752.0,752.0999755859375,752.0,752.0,17164
2026-07-22 07:54:00,752.0499877929688,752.0499877929688,752.0499877929688,752.0,752.0,12185
2026-07-22 07:55:00,752.0499877929688,752.0499877929688,752.0499877929688,751.5999755859375,752.0499877929688,109237
2026-07-22 07:56:00,752.0499877929688,752.0499877929688,752.0499877929688,751.75,752.0,22420
2026-07-22 07:57:00,752.25,752.25,752.3499755859375,752.0,752.0499877929688,27983
2026-07-22 07:58:00,752.7999877929688,752.7999877929688,753.0,752.1500244140625,752.2999877929688,92802
2026-07-22 07:59:00,753.0499877929688,753.0499877929688,753.2999877929688,752.5999755859375,752.7999877929688,65650
2026-07-22 08:00:00,753.9500122070312,753.9500122070312,753.9500122070312,753.1500244140625,753.1500244140625,62690
2026-07-22 08:01:00,753.75,753.75,753.9500122070312,753.5999755859375,753.9500122070312,45989
2026-07-22 08:02:00,753.9000244140625,753.9000244140625,754.0999755859375,753.4500122070312,753.6500244140625,120207
2026-07-22 08:03:00,753.9000244140625,753.9000244140625,753.9500122070312,753.5,753.9000244140625,26795
2026-07-22 08:04:00,753.9500122070312,753.9500122070312,754.0999755859375,753.8499755859375,753.8499755859375,43801
2026-07-22 08:05:00,754.1500244140625,754.1500244140625,754.9500122070312,753.9500122070312,754.0999755859375,418514
2026-07-22 08:06:00,754.2999877929688,754.2999877929688,754.8499755859375,754.1500244140625,754.2000122070312,125856
2026-07-22 08:07:00,754.3499755859375,754.3499755859375,754.5999755859375,754.2000122070312,754.3499755859375,33164
2026-07-22 08:08:00,753.4000244140625,753.4000244140625,754.2999877929688,753.4000244140625,754.0999755859375,53365
2026-07-22 08:09:00,753.1500244140625,753.1500244140625,753.5,753.0999755859375,753.4500122070312,39562
2026-07-22 08:10:00,753.4000244140625,753.4000244140625,753.4000244140625,753.0999755859375,753.25,53092
2026-07-22 08:11:00,752.9500122070312,752.9500122070312,753.5,752.9500122070312,753.4000244140625,45872
2026-07-22 08:12:00,752.5999755859375,752.5999755859375,752.8499755859375,752.5499877929688,752.75,24106
2026-07-22 08:13:00,753.0,753.0,753.0999755859375,752.5999755859375,752.7000122070312,39254
2026-07-22 08:14:00,752.9500122070312,752.9500122070312,753.0,752.8499755859375,752.9500122070312,12450
2026-07-22 08:15:00,752.7999877929688,752.7999877929688,752.9500122070312,752.75,752.9000244140625,18563
2026-07-22 08:16:00,752.75,752.75,752.7999877929688,752.7000122070312,752.7999877929688,14443
2026-07-22 08:17:00,752.7000122070312,752.7000122070312,752.7999877929688,752.5999755859375,752.75,16177
2026-07-22 08:18:00,752.6500244140625,752.6500244140625,752.7000122070312,752.5999755859375,752.7000122070312,27133
2026-07-22 08:19:00,752.6500244140625,752.6500244140625,752.9000244140625,752.5999755859375,752.6500244140625,116183
2026-07-22 08:20:00,752.2999877929688,752.2999877929688,752.7000122070312,752.2000122070312,752.7000122070312,155198
2026-07-22 08:21:00,751.9000244140625,751.9000244140625,752.5,751.8499755859375,752.2000122070312,145133
2026-07-22 08:22:00,752.0999755859375,752.0999755859375,752.2000122070312,751.7999877929688,751.9500122070312,39540
2026-07-22 08:23:00,751.9000244140625,751.9000244140625,752.2999877929688,751.7999877929688,752.0999755859375,43904
2026-07-22 08:24:00,751.6500244140625,751.6500244140625,751.9000244140625,751.5499877929688,751.7999877929688,63948
2026-07-22 08:25:00,751.6500244140625,751.6500244140625,751.7000122070312,751.5,751.5,41856
2026-07-22 08:26:00,751.3499755859375,751.3499755859375,751.75,751.3499755859375,751.6500244140625,51612
2026-07-22 08:27:00,751.4000244140625,751.4000244140625,751.5999755859375,751.3499755859375,751.5499877929688,24126
2026-07-22 08:28:00,751.0,751.0,751.4500122070312,750.9500122070312,751.4000244140625,141496
2026-07-22 08:29:00,751.0,751.0,751.0,750.7999877929688,751.0,49478
2026-07-22 08:30:00,751.3499755859375,751.3499755859375,751.5499877929688,750.9500122070312,751.0,263081
2026-07-22 08:31:00,751.5999755859375,751.5999755859375,751.7000122070312,751.2999877929688,751.3499755859375,43094
2026-07-22 08:32:00,752.0999755859375,752.0999755859375,752.0999755859375,751.5999755859375,751.5999755859375,35148
2026-07-22 08:33:00,751.7999877929688,751.7999877929688,752.0999755859375,751.6500244140625,751.9500122070312,31488
2026-07-22 08:34:00,751.7999877929688,751.7999877929688,751.8499755859375,751.7999877929688,751.8499755859375,18656
2026-07-22 08:35:00,751.7000122070312,751.7000122070312,751.9000244140625,751.6500244140625,751.8499755859375,43249
2026-07-22 08:36:00,751.7000122070312,751.7000122070312,751.7000122070312,751.5499877929688,751.6500244140625,25462
2026-07-22 08:37:00,751.4500122070312,751.4500122070312,751.7000122070312,751.4500122070312,751.5999755859375,24583
2026-07-22 08:38:00,751.3499755859375,751.3499755859375,751.5,751.3499755859375,751.5,38529
2026-07-22 08:39:00,751.3499755859375,751.3499755859375,751.75,751.2999877929688,751.4000244140625,82520
2026-07-22 08:40:00,751.2999877929688,751.2999877929688,751.4500122070312,751.2999877929688,751.3499755859375,23442
2026-07-22 08:41:00,751.7000122070312,751.7000122070312,751.7000122070312,751.2999877929688,751.3499755859375,45250
2026-07-22 08:42:00,751.3499755859375,751.3499755859375,751.6500244140625,751.2999877929688,751.6500244140625,25754
2026-07-22 08:43:00,751.75,751.75,751.8499755859375,751.3499755859375,751.4000244140625,41919
2026-07-22 08:44:00,751.75,751.75,751.8499755859375,751.7000122070312,751.7999877929688,23883
2026-07-22 08:45:00,751.5999755859375,751.5999755859375,751.7999877929688,751.5499877929688,751.7999877929688,22588
2026-07-22 08:46:00,752.25,752.25,752.4000244140625,751.5999755859375,751.5999755859375,55688
2026-07-22 08:47:00,752.3499755859375,752.3499755859375,752.5499877929688,752.1500244140625,752.2999877929688,36851
2026-07-22 08:48:00,752.2999877929688,752.2999877929688,752.5499877929688,752.2000122070312,752.4000244140625,38700
2026-07-22 08:49:00,752.2999877929688,752.2999877929688,752.2999877929688,752.2000122070312,752.2999877929688,29041
2026-07-22 08:50:00,752.3499755859375,752.3499755859375,752.75,752.25,752.2999877929688,77893
2026-07-22 08:51:00,752.2000122070312,752.2000122070312,752.5,752.0999755859375,752.5,21726
2026-07-22 08:52:00,752.2000122070312,752.2000122070312,752.2999877929688,752.1500244140625,752.25,22031
2026-07-22 08:53:00,752.3499755859375,752.3499755859375,752.3499755859375,752.0499877929688,752.2000122070312,45913
2026-07-22 08:54:00,752.2999877929688,752.2999877929688,752.5999755859375,752.2999877929688,752.5,20411
2026-07-22 08:55:00,752.2999877929688,752.2999877929688,752.4000244140625,752.25,752.4000244140625,15360
2026-07-22 08:56:00,752.2000122070312,752.2000122070312,752.4000244140625,752.2000122070312,752.2999877929688,23480
2026-07-22 08:57:00,752.25,752.25,752.2999877929688,752.2000122070312,752.2999877929688,15403
2026-07-22 08:58:00,752.0999755859375,752.0999755859375,752.25,752.0999755859375,752.25,24781
2026-07-22 08:59:00,752.0999755859375,752.0999755859375,752.1500244140625,752.0499877929688,752.0999755859375,19562
2026-07-22 09:00:00,752.0,752.0,752.0499877929688,752.0,752.0,30487
2026-07-22 09:01:00,751.9500122070312,751.9500122070312,752.0499877929688,751.7999877929688,751.9500122070312,45777
2026-07-22 09:02:00,752.0499877929688,752.0499877929688,752.0499877929688,751.9500122070312,751.9500122070312,17923
2026-07-22 09:03:00,752.5499877929688,752.5499877929688,752.5999755859375,752.0,752.0499877929688,39577
2026-07-22 09:04:00,752.0999755859375,752.0999755859375,752.4500122070312,752.0,752.4500122070312,42455
2026-07-22 09:05:00,752.4500122070312,752.4500122070312,752.5499877929688,752.0999755859375,752.0999755859375,37525
2026-07-22 09:06:00,752.5,752.5,752.5,752.4500122070312,752.4500122070312,21381
2026-07-22 09:07:00,752.4500122070312,752.4500122070312,752.5,752.4000244140625,752.5,27602
2026-07-22 09:08:00,752.25,752.25,752.4000244140625,752.2000122070312,752.4000244140625,40402
2026-07-22 09:09:00,752.0499877929688,752.0499877929688,752.25,752.0,752.25,34954
2026-07-22 09:10:00,752.0499877929688,752.0499877929688,752.2000122070312,752.0499877929688,752.0499877929688,27254
2026-07-22 09:11:00,752.0,752.0,752.0999755859375,752.0,752.0499877929688,20192
2026-07-22 09:12:00,751.7999877929688,751.7999877929688,752.0499877929688,751.7999877929688,752.0499877929688,43251
2026-07-22 09:13:00,751.75,751.75,751.9000244140625,751.75,751.9000244140625,17052
2026-07-22 09:14:00,751.6500244140625,751.6500244140625,751.7999877929688,751.6500244140625,751.75,44931
2026-07-22 09:15:00,752.25,752.25,752.2999877929688,751.6500244140625,751.7999877929688,77736
2026-07-22 09:16:00,752.2000122070312,752.2000122070312,752.4500122070312,752.0499877929688,752.3499755859375,32386
2026-07-22 09:17:00,752.2999877929688,752.2999877929688,752.4500122070312,752.0999755859375,752.2000122070312,55838
2026-07-22 09:18:00,752.25,752.25,752.2999877929688,752.0,752.2999877929688,26640
2026-07-22 09:19:00,752.5,752.5,752.5999755859375,752.2000122070312,752.25,39424
2026-07-22 09:20:00,752.75,752.75,752.75,752.5,752.5,27816
2026-07-22 09:21:00,752.8499755859375,752.8499755859375,752.9000244140625,752.7000122070312,752.7000122070312,41139
2026-07-22 09:22:00,752.5999755859375,752.5999755859375,752.8499755859375,752.5999755859375,752.8499755859375,24150
2026-07-22 09:23:00,752.9000244140625,752.9000244140625,752.9000244140625,752.5999755859375,752.7000122070312,41339
2026-07-22 09:24:00,752.5,752.5,752.9500122070312,752.4500122070312,752.9000244140625,39201
2026-07-22 09:25:00,752.0,752.0,752.5,752.0,752.5,61204
2026-07-22 09:26:00,752.0999755859375,752.0999755859375,752.4000244140625,752.0499877929688,752.1500244140625,34256
2026-07-22 09:27:00,752.0499877929688,752.0499877929688,752.2999877929688,751.75,752.0999755859375,89837
2026-07-22 09:28:00,752.4000244140625,752.4000244140625,752.4000244140625,752.0,752.0,122675
2026-07-22 09:29:00,751.7999877929688,751.7999877929688,752.5,751.75,752.4500122070312,52150
2026-07-22 09:30:00,751.1500244140625,751.1500244140625,751.9500122070312,751.1500244140625,751.75,146716
2026-07-22 09:31:00,752.1500244140625,752.1500244140625,752.4000244140625,751.1500244140625,751.1500244140625,187099
2026-07-22 09:32:00,752.2999877929688,752.2999877929688,752.3499755859375,752.1500244140625,752.2000122070312,78895
2026-07-22 09:33:00,753.0,753.0,753.2000122070312,752.25,752.25,160456
2026-07-22 09:34:00,753.0999755859375,753.0999755859375,753.2000122070312,753.0,753.0499877929688,77411
2026-07-22 09:35:00,753.0499877929688,753.0499877929688,753.1500244140625,753.0,753.0,64955
2026-07-22 09:36:00,753.3499755859375,753.3499755859375,753.7000122070312,753.0499877929688,753.0499877929688,164356
2026-07-22 09:37:00,753.0499877929688,753.0499877929688,753.4500122070312,753.0,753.4500122070312,97773
2026-07-22 09:38:00,753.5,753.5,753.5,753.0,753.0,85921
2026-07-22 09:39:00,753.0999755859375,753.0999755859375,753.5,752.7999877929688,753.5,112067
2026-07-22 09:40:00,752.9500122070312,752.9500122070312,753.25,752.6500244140625,753.1500244140625,136135
2026-07-22 09:41:00,752.9000244140625,752.9000244140625,753.0,752.7000122070312,752.9500122070312,68026
2026-07-22 09:42:00,753.0499877929688,753.0499877929688,753.0999755859375,752.9000244140625,752.9500122070312,71211
2026-07-22 09:43:00,753.0999755859375,753.0999755859375,753.2000122070312,753.0,753.0999755859375,104956
2026-07-22 09:44:00,752.9500122070312,752.9500122070312,753.1500244140625,752.9500122070312,753.0,120141
2026-07-22 09:45:00,752.8499755859375,752.8499755859375,753.0999755859375,752.5999755859375,752.9000244140625,120181
2026-07-22 09:46:00,753.25,753.25,753.3499755859375,752.9500122070312,752.9500122070312,164297
2026-07-22 09:47:00,753.5499877929688,753.5499877929688,753.5999755859375,753.2000122070312,753.2000122070312,138891
2026-07-22 09:48:00,753.9000244140625,753.9000244140625,753.9000244140625,753.2999877929688,753.5,207062
2026-07-22 09:49:00,753.75,753.75,753.9000244140625,753.6500244140625,753.9000244140625,171372
2026-07-22 09:50:00,753.7000122070312,753.7000122070312,753.7999877929688,753.7000122070312,753.75,131269
2026-07-22 09:51:00,753.6500244140625,753.6500244140625,753.8499755859375,753.5499877929688,753.7000122070312,139714
2026-07-22 09:52:00,753.4500122070312,753.4500122070312,753.5999755859375,753.3499755859375,753.5999755859375,96448
2026-07-22 09:53:00,753.4000244140625,753.4000244140625,753.5,753.2999877929688,753.4500122070312,111970
2026-07-22 09:54:00,753.75,753.75,753.8499755859375,753.25,753.4500122070312,205305
2026-07-22 09:55:00,753.5,753.5,753.9000244140625,753.2999877929688,753.4500122070312,143745
2026-07-22 09:56:00,753.5999755859375,753.5999755859375,753.5999755859375,753.4000244140625,753.4000244140625,61300
2026-07-22 09:57:00,753.2999877929688,753.2999877929688,753.5499877929688,753.2999877929688,753.5,84269
2026-07-22 09:58:00,753.5,753.5,753.5,753.2999877929688,753.4000244140625,55119
2026-07-22 09:59:00,753.7999877929688,753.7999877929688,753.9500122070312,753.4500122070312,753.4500122070312,66244
2026-07-23 03:45:00,749.4000244140625,749.4000244140625,749.4000244140625,746.6500244140625,749.2000122070312,0
2026-07-23 03:46:00,748.4000244140625,748.4000244140625,749.4000244140625,748.0,749.4000244140625,250237
2026-07-23 03:47:00,748.0499877929688,748.0499877929688,748.75,747.5499877929688,748.25,215255
2026-07-23 03:48:00,747.25,747.25,748.2999877929688,747.0,748.0999755859375,239630
2026-07-23 03:49:00,748.1500244140625,748.1500244140625,748.2000122070312,747.25,747.25,121004
2026-07-23 03:50:00,748.8499755859375,748.8499755859375,748.9000244140625,747.5,748.2000122070312,156213
2026-07-23 03:51:00,748.9500122070312,748.9500122070312,748.9500122070312,748.2999877929688,748.9000244140625,78439
2026-07-23 03:52:00,749.0,749.0,749.25,748.5499877929688,748.7999877929688,178229
2026-07-23 03:53:00,749.4000244140625,749.4000244140625,749.4000244140625,749.0,749.0,82556
2026-07-23 03:54:00,748.7999877929688,748.7999877929688,749.0999755859375,748.6500244140625,749.0,134042
2026-07-23 03:55:00,748.4000244140625,748.4000244140625,748.9000244140625,748.25,748.8499755859375,93588
2026-07-23 03:56:00,748.25,748.25,748.4000244140625,748.25,748.4000244140625,51467
2026-07-23 03:57:00,747.25,747.25,747.9000244140625,747.25,747.9000244140625,227215
2026-07-23 03:58:00,747.2999877929688,747.2999877929688,747.4000244140625,746.4000244140625,747.25,233759
2026-07-23 03:59:00,746.5,746.5,747.2999877929688,746.1500244140625,747.2999877929688,158619
2026-07-23 04:00:00,747.0,747.0,747.2000122070312,746.5,746.5999755859375,86700
2026-07-23 04:01:00,745.7999877929688,745.7999877929688,747.25,745.6500244140625,747.0499877929688,176959
2026-07-23 04:02:00,745.9500122070312,745.9500122070312,746.0,745.5499877929688,745.9500122070312,165601
2026-07-23 04:03:00,745.9000244140625,745.9000244140625,746.0,745.5499877929688,745.9500122070312,86506
2026-07-23 04:04:00,746.0999755859375,746.0999755859375,746.4500122070312,745.8499755859375,745.9000244140625,81090
2026-07-23 04:05:00,745.4000244140625,745.4000244140625,745.9500122070312,745.0999755859375,745.9500122070312,236258
2026-07-23 04:06:00,745.25,745.25,745.3499755859375,745.1500244140625,745.25,131580
2026-07-23 04:07:00,745.25,745.25,745.3499755859375,744.8499755859375,745.25,391688
2026-07-23 04:08:00,745.5,745.5,745.5499877929688,744.9500122070312,745.25,107825
2026-07-23 04:09:00,746.0999755859375,746.0999755859375,746.2000122070312,745.4500122070312,745.4500122070312,70953
2026-07-23 04:10:00,745.2999877929688,745.2999877929688,746.2000122070312,745.1500244140625,746.2000122070312,74427
2026-07-23 04:11:00,745.4500122070312,745.4500122070312,745.4500122070312,745.0,745.2999877929688,70219
2026-07-23 04:12:00,745.5499877929688,745.5499877929688,745.7999877929688,745.4500122070312,745.7000122070312,58664
2026-07-23 04:13:00,745.5499877929688,745.5499877929688,745.9000244140625,745.0999755859375,745.5499877929688,134136
2026-07-23 04:14:00,746.0499877929688,746.0499877929688,746.1500244140625,745.4500122070312,745.5499877929688,145770
2026-07-23 04:15:00,746.7000122070312,746.7000122070312,747.0,746.0499877929688,746.0499877929688,213044
2026-07-23 04:16:00,746.5,746.5,746.8499755859375,746.0499877929688,746.7000122070312,114213
2026-07-23 04:17:00,746.2999877929688,746.2999877929688,746.5499877929688,746.0,746.0999755859375,28818
2026-07-23 04:18:00,746.4000244140625,746.4000244140625,746.5499877929688,746.0499877929688,746.0499877929688,46392
2026-07-23 04:19:00,746.4500122070312,746.4500122070312,746.5499877929688,746.1500244140625,746.4000244140625,65706
2026-07-23 04:20:00,745.75,745.75,746.4500122070312,745.7000122070312,746.4000244140625,87315
2026-07-23 04:21:00,746.1500244140625,746.1500244140625,746.1500244140625,745.6500244140625,745.75,52709
2026-07-23 04:22:00,746.5499877929688,746.5499877929688,746.5499877929688,746.0499877929688,746.1500244140625,60516
2026-07-23 04:23:00,746.4000244140625,746.4000244140625,746.5,746.2000122070312,746.5,83520
2026-07-23 04:24:00,746.2999877929688,746.2999877929688,746.4500122070312,746.25,746.4500122070312,40500
2026-07-23 04:25:00,746.4000244140625,746.4000244140625,746.7999877929688,746.2999877929688,746.2999877929688,99974
2026-07-23 04:26:00,747.0499877929688,747.0499877929688,747.1500244140625,746.3499755859375,746.4000244140625,101282
2026-07-23 04:27:00,746.75,746.75,747.0499877929688,746.75,747.0499877929688,46731
2026-07-23 04:28:00,746.9000244140625,746.9000244140625,746.9000244140625,746.7000122070312,746.75,43452
2026-07-23 04:29:00,747.0499877929688,747.0499877929688,747.0499877929688,746.7000122070312,746.9000244140625,73826
2026-07-23 04:30:00,746.9000244140625,746.9000244140625,747.0999755859375,746.8499755859375,747.0499877929688,44587
2026-07-23 04:31:00,747.0,747.0,747.1500244140625,746.7999877929688,746.8499755859375,42806
2026-07-23 04:32:00,747.4500122070312,747.4500122070312,747.4500122070312,747.0,747.0999755859375,97134
2026-07-23 04:33:00,747.2000122070312,747.2000122070312,747.5,747.0,747.4000244140625,234107
2026-07-23 04:34:00,747.4000244140625,747.4000244140625,747.9000244140625,747.1500244140625,747.25,229940
2026-07-23 04:35:00,747.4500122070312,747.4500122070312,747.7000122070312,747.4500122070312,747.7000122070312,60833
2026-07-23 04:36:00,747.5,747.5,747.5499877929688,747.4000244140625,747.5,75854
2026-07-23 04:37:00,747.2000122070312,747.2000122070312,747.5,747.0999755859375,747.5,65310
2026-07-23 04:38:00,747.5999755859375,747.5999755859375,747.5999755859375,747.0,747.2999877929688,106781
2026-07-23 04:39:00,747.5499877929688,747.5499877929688,747.7999877929688,747.3499755859375,747.5999755859375,69415
2026-07-23 04:40:00,747.3499755859375,747.3499755859375,747.75,747.0,747.6500244140625,110137
2026-07-23 04:41:00,747.0,747.0,747.5,746.7999877929688,747.3499755859375,74690
2026-07-23 04:42:00,747.2999877929688,747.2999877929688,747.2999877929688,746.8499755859375,747.0,28345
2026-07-23 04:43:00,747.2999877929688,747.2999877929688,747.3499755859375,747.2000122070312,747.2999877929688,24441
2026-07-23 04:44:00,747.1500244140625,747.1500244140625,747.2999877929688,747.0,747.2999877929688,24102
2026-07-23 04:45:00,746.8499755859375,746.8499755859375,747.2000122070312,746.5499877929688,747.0999755859375,47257
2026-07-23 04:46:00,747.1500244140625,747.1500244140625,747.2000122070312,746.6500244140625,746.8499755859375,37897
2026-07-23 04:47:00,747.2999877929688,747.2999877929688,747.2999877929688,747.0999755859375,747.0999755859375,21517
2026-07-23 04:48:00,747.0,747.0,747.4500122070312,747.0,747.2999877929688,58758
2026-07-23 04:49:00,746.8499755859375,746.8499755859375,747.2000122070312,746.7999877929688,747.0999755859375,31461
2026-07-23 04:50:00,746.5999755859375,746.5999755859375,746.8499755859375,746.5,746.7999877929688,27143
2026-07-23 04:51:00,746.5999755859375,746.5999755859375,746.7999877929688,746.5,746.6500244140625,39503
2026-07-23 04:52:00,746.7000122070312,746.7000122070312,746.7000122070312,746.5999755859375,746.7000122070312,19276
2026-07-23 04:53:00,746.5999755859375,746.5999755859375,746.7000122070312,746.5,746.7000122070312,15719
2026-07-23 04:54:00,746.6500244140625,746.6500244140625,746.6500244140625,746.5,746.5499877929688,38717
2026-07-23 04:55:00,746.5999755859375,746.5999755859375,746.7000122070312,746.5499877929688,746.5499877929688,15364
2026-07-23 04:56:00,746.5999755859375,746.5999755859375,746.7000122070312,746.5499877929688,746.5499877929688,22553
2026-07-23 04:57:00,747.1500244140625,747.1500244140625,747.4500122070312,746.5499877929688,746.5499877929688,66393
2026-07-23 04:58:00,747.25,747.25,747.2999877929688,747.0999755859375,747.1500244140625,30699
2026-07-23 04:59:00,747.4500122070312,747.4500122070312,747.4500122070312,747.2000122070312,747.2000122070312,21193
2026-07-23 05:00:00,747.4000244140625,747.4000244140625,747.5499877929688,747.2999877929688,747.4000244140625,55755
2026-07-23 05:01:00,747.7000122070312,747.7000122070312,747.75,747.4000244140625,747.4000244140625,55271
2026-07-23 05:02:00,747.6500244140625,747.6500244140625,747.7000122070312,747.5,747.7000122070312,25301
2026-07-23 05:03:00,747.5999755859375,747.5999755859375,747.75,747.5,747.7000122070312,26238
2026-07-23 05:04:00,747.5999755859375,747.5999755859375,747.7000122070312,747.4000244140625,747.6500244140625,41048
2026-07-23 05:05:00,747.5999755859375,747.5999755859375,747.7000122070312,747.3499755859375,747.5499877929688,77858
2026-07-23 05:06:00,747.5499877929688,747.5499877929688,747.5999755859375,747.3499755859375,747.5999755859375,38778
2026-07-23 05:07:00,747.4500122070312,747.4500122070312,747.7000122070312,747.4500122070312,747.5999755859375,48908
2026-07-23 05:08:00,747.4500122070312,747.4500122070312,747.4500122070312,747.4000244140625,747.4500122070312,57047
2026-07-23 05:09:00,747.2999877929688,747.2999877929688,747.5499877929688,747.2999877929688,747.4500122070312,45469
2026-07-23 05:10:00,747.3499755859375,747.3499755859375,747.4500122070312,747.25,747.4500122070312,34266
2026-07-23 05:11:00,747.0999755859375,747.0999755859375,747.4000244140625,747.0,747.4000244140625,40938
2026-07-23 05:12:00,746.9500122070312,746.9500122070312,747.4000244140625,746.7999877929688,747.1500244140625,322021
2026-07-23 05:13:00,746.7999877929688,746.7999877929688,746.9500122070312,746.5999755859375,746.9500122070312,16996
2026-07-23 05:14:00,746.7000122070312,746.7000122070312,746.7999877929688,746.5499877929688,746.75,16084
2026-07-23 05:15:00,746.7000122070312,746.7000122070312,746.7000122070312,746.5,746.6500244140625,41804
2026-07-23 05:16:00,746.9000244140625,746.9000244140625,746.9000244140625,746.5499877929688,746.6500244140625,39927
2026-07-23 05:17:00,746.8499755859375,746.8499755859375,747.0499877929688,746.7999877929688,746.8499755859375,51516
2026-07-23 05:18:00,747.0,747.0,747.0499877929688,746.7999877929688,746.8499755859375,30447
2026-07-23 05:19:00,747.2999877929688,747.2999877929688,747.2999877929688,747.0,747.0499877929688,60435
2026-07-23 05:20:00,747.5,747.5,747.5,747.25,747.2999877929688,34927
2026-07-23 05:21:00,747.3499755859375,747.3499755859375,747.5,747.0999755859375,747.5,66896
2026-07-23 05:22:00,747.4000244140625,747.4000244140625,747.4000244140625,747.2000122070312,747.2999877929688,17392
2026-07-23 05:23:00,747.2000122070312,747.2000122070312,747.4000244140625,747.0,747.4000244140625,47686
2026-07-23 05:24:00,746.6500244140625,746.6500244140625,747.1500244140625,746.5499877929688,747.1500244140625,46801
2026-07-23 05:25:00,746.75,746.75,746.75,746.5999755859375,746.6500244140625,23534
2026-07-23 05:26:00,747.0499877929688,747.0499877929688,747.0499877929688,746.75,746.75,45495
2026-07-23 05:27:00,747.1500244140625,747.1500244140625,747.3499755859375,747.0,747.0,73398
2026-07-23 05:28:00,747.25,747.25,747.75,747.0999755859375,747.0999755859375,107535
2026-07-23 05:29:00,747.7999877929688,747.7999877929688,747.8499755859375,747.25,747.25,143479
2026-07-23 05:30:00,747.7999877929688,747.7999877929688,747.8499755859375,747.75,747.7999877929688,38498
2026-07-23 05:31:00,747.5,747.5,747.7999877929688,747.5,747.75,25838
2026-07-23 05:32:00,747.7000122070312,747.7000122070312,747.7000122070312,747.5,747.5499877929688,22186
2026-07-23 05:33:00,747.75,747.75,747.75,747.6500244140625,747.7000122070312,19793
2026-07-23 05:34:00,747.7000122070312,747.7000122070312,747.75,747.5999755859375,747.7000122070312,50293
2026-07-23 05:35:00,747.5999755859375,747.5999755859375,747.7000122070312,747.5,747.6500244140625,26367
2026-07-23 05:36:00,747.5499877929688,747.5499877929688,747.5999755859375,747.5,747.5999755859375,12810
2026-07-23 05:37:00,747.5,747.5,747.5499877929688,747.3499755859375,747.5499877929688,47074
2026-07-23 05:38:00,747.7999877929688,747.7999877929688,747.7999877929688,747.5,747.5,65928
2026-07-23 05:39:00,747.7999877929688,747.7999877929688,747.7999877929688,747.75,747.7999877929688,28846
2026-07-23 05:40:00,747.75,747.75,747.7999877929688,747.7000122070312,747.7999877929688,64796
2026-07-23 05:41:00,747.5,747.5,747.7999877929688,747.4000244140625,747.7999877929688,76645
2026-07-23 05:42:00,747.75,747.75,747.7999877929688,747.5,747.5,82552
2026-07-23 05:43:00,747.5499877929688,747.5499877929688,747.75,747.5,747.7000122070312,41145
2026-07-23 05:44:00,747.4000244140625,747.4000244140625,747.5499877929688,747.3499755859375,747.5,24902
2026-07-23 05:45:00,747.1500244140625,747.1500244140625,747.4000244140625,747.0999755859375,747.4000244140625,59013
2026-07-23 05:46:00,746.75,746.75,747.1500244140625,746.75,747.0999755859375,94288
2026-07-23 05:47:00,746.6500244140625,746.6500244140625,746.8499755859375,746.4500122070312,746.8499755859375,30738
2026-07-23 05:48:00,746.5499877929688,746.5499877929688,746.6500244140625,746.5,746.6500244140625,19278
2026-07-23 05:49:00,746.3499755859375,746.3499755859375,746.5999755859375,746.25,746.5999755859375,22672
2026-07-23 05:50:00,746.25,746.25,746.3499755859375,746.0999755859375,746.3499755859375,41906
2026-07-23 05:51:00,746.25,746.25,746.3499755859375,746.25,746.2999877929688,39802
2026-07-23 05:52:00,746.2999877929688,746.2999877929688,746.2999877929688,746.2000122070312,746.25,14763
2026-07-23 05:53:00,746.5499877929688,746.5499877929688,746.5999755859375,746.25,746.2999877929688,22818
2026-07-23 05:54:00,746.5499877929688,746.5499877929688,746.5999755859375,746.5,746.5499877929688,15435
2026-07-23 05:55:00,746.5499877929688,746.5499877929688,746.5999755859375,746.5,746.5999755859375,13356
2026-07-23 05:56:00,746.5499877929688,746.5499877929688,746.5999755859375,746.4500122070312,746.5999755859375,37088
2026-07-23 05:57:00,746.3499755859375,746.3499755859375,746.5499877929688,746.2999877929688,746.5,48031
2026-07-23 05:58:00,746.2000122070312,746.2000122070312,746.3499755859375,746.0499877929688,746.3499755859375,31627
2026-07-23 05:59:00,746.2999877929688,746.2999877929688,746.3499755859375,746.0499877929688,746.1500244140625,22310
2026-07-23 06:00:00,746.25,746.25,746.2999877929688,746.25,746.2999877929688,44421
2026-07-23 06:01:00,746.8499755859375,746.8499755859375,747.0,746.25,746.2999877929688,97290
2026-07-23 06:02:00,746.5499877929688,746.5499877929688,747.0,746.5499877929688,746.9000244140625,66085
2026-07-23 06:03:00,746.4500122070312,746.4500122070312,746.75,746.4500122070312,746.7000122070312,16189
2026-07-23 06:04:00,746.5999755859375,746.5999755859375,746.5999755859375,746.25,746.5,77148
2026-07-23 06:05:00,746.5499877929688,746.5499877929688,746.75,746.5,746.5999755859375,30997
2026-07-23 06:06:00,746.5499877929688,746.5499877929688,746.5999755859375,746.5499877929688,746.5999755859375,51848
2026-07-23 06:07:00,746.4000244140625,746.4000244140625,746.5999755859375,746.25,746.5499877929688,21778
2026-07-23 06:08:00,746.5999755859375,746.5999755859375,746.5999755859375,746.4000244140625,746.4000244140625,19065
2026-07-23 06:09:00,746.5499877929688,746.5499877929688,746.6500244140625,746.5,746.5999755859375,27583
2026-07-23 06:10:00,746.4000244140625,746.4000244140625,746.6500244140625,746.2999877929688,746.5999755859375,69912
2026-07-23 06:11:00,746.2999877929688,746.2999877929688,746.5499877929688,746.2999877929688,746.5,34846
2026-07-23 06:12:00,746.5499877929688,746.5499877929688,746.5499877929688,746.25,746.25,36862
2026-07-23 06:13:00,746.4000244140625,746.4000244140625,746.5499877929688,746.3499755859375,746.5,21392
2026-07-23 06:14:00,746.5999755859375,746.5999755859375,746.5999755859375,746.4000244140625,746.4000244140625,25153
2026-07-23 06:15:00,746.5999755859375,746.5999755859375,746.5999755859375,746.5,746.5999755859375,43015
2026-07-23 06:16:00,746.5499877929688,746.5499877929688,746.5999755859375,746.4000244140625,746.5999755859375,31169
2026-07-23 06:17:00,746.5999755859375,746.5999755859375,746.5999755859375,746.4000244140625,746.4500122070312,35545
2026-07-23 06:18:00,746.6500244140625,746.6500244140625,746.75,746.4000244140625,746.5,117114
2026-07-23 06:19:00,746.4000244140625,746.4000244140625,746.6500244140625,746.3499755859375,746.6500244140625,57894
2026-07-23 06:20:00,746.2999877929688,746.2999877929688,746.4500122070312,746.2999877929688,746.2999877929688,26229
2026-07-23 06:21:00,746.0499877929688,746.0499877929688,746.3499755859375,746.0,746.2999877929688,54648
2026-07-23 06:22:00,745.7000122070312,745.7000122070312,746.0499877929688,745.7000122070312,746.0,114538
2026-07-23 06:23:00,745.5999755859375,745.5999755859375,745.9000244140625,745.5,745.6500244140625,67822
2026-07-23 06:24:00,745.7000122070312,745.7000122070312,745.8499755859375,745.5499877929688,745.7000122070312,29082
2026-07-23 06:25:00,745.9000244140625,745.9000244140625,745.9500122070312,745.6500244140625,745.75,28328
2026-07-23 06:26:00,745.5,745.5,745.9500122070312,745.5,745.9500122070312,80240
2026-07-23 06:27:00,745.7000122070312,745.7000122070312,745.75,745.5,745.5499877929688,43471
2026-07-23 06:28:00,745.7999877929688,745.7999877929688,745.8499755859375,745.5499877929688,745.75,56785
2026-07-23 06:29:00,745.8499755859375,745.8499755859375,745.9500122070312,745.6500244140625,745.7999877929688,49337
2026-07-23 06:30:00,746.4500122070312,746.4500122070312,746.5999755859375,745.7999877929688,745.7999877929688,52229
2026-07-23 06:31:00,746.2000122070312,746.2000122070312,746.5499877929688,746.0999755859375,746.5499877929688,26242
2026-07-23 06:32:00,745.9500122070312,745.9500122070312,746.2000122070312,745.7999877929688,746.2000122070312,57484
2026-07-23 06:33:00,746.0499877929688,746.0499877929688,746.0999755859375,745.9500122070312,745.9500122070312,31901
2026-07-23 06:34:00,746.0,746.0,746.0999755859375,745.7999877929688,746.0999755859375,27350
2026-07-23 06:35:00,745.5999755859375,745.5999755859375,746.0,745.5,746.0,36549
2026-07-23 06:36:00,745.5,745.5,745.7000122070312,745.5,745.5,33010
2026-07-23 06:37:00,745.5999755859375,745.5999755859375,745.7000122070312,745.5,745.5,31900
2026-07-23 06:38:00,745.7000122070312,745.7000122070312,745.75,745.5499877929688,745.5499877929688,34216
2026-07-23 06:39:00,745.8499755859375,745.8499755859375,745.8499755859375,745.7000122070312,745.7000122070312,47049
2026-07-23 06:40:00,745.9000244140625,745.9000244140625,745.9500122070312,745.8499755859375,745.8499755859375,44100
2026-07-23 06:41:00,745.9000244140625,745.9000244140625,745.9000244140625,745.8499755859375,745.8499755859375,48025
2026-07-23 06:42:00,745.9500122070312,745.9500122070312,746.0999755859375,745.8499755859375,745.9000244140625,91866
2026-07-23 06:43:00,745.5999755859375,745.5999755859375,745.9500122070312,745.5999755859375,745.9500122070312,104784
2026-07-23 06:44:00,745.6500244140625,745.6500244140625,745.7000122070312,745.5,745.5999755859375,84154
2026-07-23 06:45:00,745.5499877929688,745.5499877929688,745.7000122070312,745.5,745.7000122070312,48525
2026-07-23 06:46:00,745.9000244140625,745.9000244140625,745.9000244140625,745.5499877929688,745.5999755859375,87761
2026-07-23 06:47:00,745.9500122070312,745.9500122070312,745.9500122070312,745.8499755859375,745.9000244140625,25924
2026-07-23 06:48:00,745.8499755859375,745.8499755859375,745.9500122070312,745.7000122070312,745.9500122070312,29863
2026-07-23 06:49:00,745.9500122070312,745.9500122070312,745.9500122070312,745.7999877929688,745.7999877929688,24801
2026-07-23 06:50:00,745.9000244140625,745.9000244140625,745.9500122070312,745.7999877929688,745.9000244140625,25638
2026-07-23 06:51:00,745.8499755859375,745.8499755859375,745.9500122070312,745.7999877929688,745.9000244140625,52475
2026-07-23 06:52:00,745.8499755859375,745.8499755859375,745.8499755859375,745.7999877929688,745.8499755859375,94160
2026-07-23 06:53:00,745.5499877929688,745.5499877929688,745.8499755859375,745.5,745.8499755859375,60775
2026-07-23 06:54:00,745.5999755859375,745.5999755859375,745.5999755859375,745.5,745.5,43850
2026-07-23 06:55:00,745.2000122070312,745.2000122070312,745.5999755859375,745.0,745.5999755859375,209915
2026-07-23 06:56:00,745.2999877929688,745.2999877929688,745.3499755859375,745.2000122070312,745.2000122070312,36671
2026-07-23 06:57:00,745.3499755859375,745.3499755859375,745.3499755859375,745.1500244140625,745.25,35734
2026-07-23 06:58:00,745.5499877929688,745.5499877929688,745.6500244140625,745.2999877929688,745.2999877929688,97663
2026-07-23 06:59:00,745.5999755859375,745.5999755859375,745.5999755859375,745.5,745.5,33451
2026-07-23 07:00:00,745.4500122070312,745.4500122070312,745.6500244140625,745.4000244140625,745.5999755859375,42727
2026-07-23 07:01:00,745.5999755859375,745.5999755859375,745.5999755859375,745.0,745.25,117417
2026-07-23 07:02:00,745.5499877929688,745.5499877929688,745.5999755859375,745.5,745.5999755859375,42912
2026-07-23 07:03:00,745.7000122070312,745.7000122070312,745.7000122070312,745.5999755859375,745.5999755859375,61299
2026-07-23 07:04:00,745.5,745.5,745.7000122070312,745.5,745.7000122070312,38323
2026-07-23 07:05:00,745.6500244140625,745.6500244140625,745.7000122070312,745.5499877929688,745.5499877929688,30316
2026-07-23 07:06:00,745.5499877929688,745.5499877929688,745.6500244140625,745.2999877929688,745.6500244140625,75035
2026-07-23 07:07:00,746.2999877929688,746.2999877929688,746.3499755859375,745.5,745.5,225491
2026-07-23 07:08:00,746.4000244140625,746.4000244140625,746.4500122070312,746.0499877929688,746.25,67211
2026-07-23 07:09:00,746.25,746.25,746.3499755859375,746.25,746.3499755859375,23400
2026-07-23 07:10:00,746.0999755859375,746.0999755859375,746.2999877929688,746.0999755859375,746.2999877929688,46358
2026-07-23 07:11:00,746.1500244140625,746.1500244140625,746.1500244140625,746.0,746.0999755859375,44640
2026-07-23 07:12:00,745.7999877929688,745.7999877929688,746.0999755859375,745.5999755859375,746.0499877929688,40432
2026-07-23 07:13:00,745.4500122070312,745.4500122070312,745.7999877929688,745.25,745.75,60486
2026-07-23 07:14:00,745.4000244140625,745.4000244140625,745.4500122070312,745.2000122070312,745.4500122070312,31250
2026-07-23 07:15:00,744.25,744.25,745.4000244140625,744.0999755859375,745.4000244140625,372713
2026-07-23 07:16:00,744.7000122070312,744.7000122070312,745.0,744.0,744.2000122070312,188795
2026-07-23 07:17:00,744.7999877929688,744.7999877929688,744.9000244140625,744.5,744.7000122070312,59673
2026-07-23 07:18:00,744.75,744.75,744.8499755859375,744.6500244140625,744.7999877929688,39028
2026-07-23 07:19:00,744.5999755859375,744.5999755859375,744.75,744.5,744.75,36586
2026-07-23 07:20:00,744.5999755859375,744.5999755859375,744.5999755859375,744.4000244140625,744.5,34278
2026-07-23 07:21:00,744.4000244140625,744.4000244140625,744.5999755859375,744.2000122070312,744.5,43574
2026-07-23 07:22:00,744.2999877929688,744.2999877929688,744.4500122070312,744.25,744.4000244140625,45881
2026-07-23 07:23:00,744.3499755859375,744.3499755859375,744.4500122070312,744.1500244140625,744.4000244140625,52731
2026-07-23 07:24:00,744.4000244140625,744.4000244140625,744.4500122070312,744.25,744.2999877929688,27189
2026-07-23 07:25:00,744.4000244140625,744.4000244140625,744.8499755859375,744.1500244140625,744.4500122070312,75111
2026-07-23 07:26:00,744.4000244140625,744.4000244140625,744.6500244140625,744.25,744.6500244140625,69351
2026-07-23 07:27:00,744.0,744.0,744.4500122070312,743.5,744.4000244140625,221741
2026-07-23 07:28:00,744.0,744.0,744.2000122070312,744.0,744.0,34759
2026-07-23 07:29:00,744.2000122070312,744.2000122070312,744.2999877929688,743.9500122070312,744.0499877929688,26635
2026-07-23 07:30:00,744.3499755859375,744.3499755859375,744.5,744.0999755859375,744.0999755859375,47094
2026-07-23 07:31:00,744.0,744.0,744.5,744.0,744.0,237457
2026-07-23 07:32:00,743.9500122070312,743.9500122070312,744.0499877929688,743.8499755859375,744.0,25395
2026-07-23 07:33:00,744.0999755859375,744.0999755859375,744.25,743.9000244140625,743.9500122070312,66994
2026-07-23 07:34:00,743.7999877929688,743.7999877929688,744.2999877929688,743.5999755859375,744.0499877929688,38053
2026-07-23 07:35:00,743.5,743.5,743.7999877929688,743.5,743.7999877929688,44798
2026-07-23 07:36:00,743.6500244140625,743.6500244140625,743.7999877929688,743.4000244140625,743.4500122070312,84378
2026-07-23 07:37:00,743.75,743.75,743.75,743.6500244140625,743.75,23874
2026-07-23 07:38:00,743.75,743.75,743.7999877929688,743.6500244140625,743.75,21677
2026-07-23 07:39:00,743.8499755859375,743.8499755859375,743.8499755859375,743.75,743.75,19288
2026-07-23 07:40:00,743.6500244140625,743.6500244140625,743.9000244140625,743.6500244140625,743.7999877929688,26861
2026-07-23 07:41:00,743.8499755859375,743.8499755859375,743.9000244140625,743.6500244140625,743.75,58269
2026-07-23 07:42:00,743.7999877929688,743.7999877929688,743.8499755859375,743.75,743.8499755859375,27867
2026-07-23 07:43:00,743.7999877929688,743.7999877929688,743.7999877929688,743.75,743.75,21613
2026-07-23 07:44:00,744.0499877929688,744.0499877929688,744.1500244140625,744.0,744.1500244140625,97139
2026-07-23 07:45:00,744.0499877929688,744.0499877929688,744.1500244140625,744.0,744.0,40938
2026-07-23 07:46:00,744.0,744.0,744.0499877929688,744.0,744.0499877929688,51448
2026-07-23 07:47:00,743.9000244140625,743.9000244140625,744.0499877929688,743.6500244140625,744.0499877929688,43349
2026-07-23 07:48:00,743.8499755859375,743.8499755859375,743.9500122070312,743.6500244140625,743.9500122070312,30623
2026-07-23 07:49:00,743.6500244140625,743.6500244140625,743.7999877929688,743.6500244140625,743.75,29422
2026-07-23 07:50:00,743.75,743.75,743.75,743.6500244140625,743.7000122070312,27980
2026-07-23 07:51:00,743.7000122070312,743.7000122070312,743.9000244140625,743.7000122070312,743.7999877929688,31638
2026-07-23 07:52:00,743.7000122070312,743.7000122070312,743.8499755859375,743.6500244140625,743.7999877929688,34858
2026-07-23 07:53:00,743.9500122070312,743.9500122070312,744.0,743.7000122070312,743.75,41897
2026-07-23 07:54:00,744.0,744.0,744.0,743.5499877929688,744.0,100359
2026-07-23 07:55:00,743.9500122070312,743.9500122070312,744.4000244140625,743.7999877929688,744.0,119834
2026-07-23 07:56:00,744.1500244140625,744.1500244140625,744.1500244140625,743.75,744.0,70820
2026-07-23 07:57:00,744.0999755859375,744.0999755859375,744.1500244140625,744.0,744.1500244140625,23217
2026-07-23 07:58:00,744.0,744.0,744.1500244140625,743.9000244140625,744.1500244140625,37859
2026-07-23 07:59:00,743.9500122070312,743.9500122070312,744.0,743.7999877929688,743.9500122070312,30932
2026-07-23 08:00:00,743.9500122070312,743.9500122070312,744.0499877929688,743.8499755859375,743.9500122070312,37673
2026-07-23 08:01:00,743.8499755859375,743.8499755859375,743.9500122070312,743.7999877929688,743.8499755859375,23626
2026-07-23 08:02:00,743.7999877929688,743.7999877929688,743.8499755859375,743.6500244140625,743.8499755859375,24848
2026-07-23 08:03:00,743.75,743.75,743.7999877929688,743.7000122070312,743.7999877929688,20651
2026-07-23 08:04:00,743.75,743.75,743.75,743.6500244140625,743.75,42260
2026-07-23 08:05:00,743.8499755859375,743.8499755859375,743.8499755859375,743.7000122070312,743.75,16106
2026-07-23 08:06:00,743.9000244140625,743.9000244140625,743.9000244140625,743.7999877929688,743.8499755859375,21501
2026-07-23 08:07:00,744.2999877929688,744.2999877929688,744.2999877929688,743.8499755859375,743.9000244140625,44022
2026-07-23 08:08:00,744.3499755859375,744.3499755859375,744.7000122070312,744.25,744.25,134829
2026-07-23 08:09:00,744.0499877929688,744.0499877929688,744.4500122070312,744.0499877929688,744.4500122070312,142106
2026-07-23 08:10:00,744.5999755859375,744.5999755859375,744.6500244140625,744.2000122070312,744.25,203787
2026-07-23 08:11:00,744.5499877929688,744.5499877929688,744.6500244140625,744.4000244140625,744.5499877929688,224907
2026-07-23 08:12:00,744.0,744.0,744.7000122070312,744.0,744.5999755859375,262733
2026-07-23 08:13:00,744.0,744.0,744.3499755859375,743.75,744.0,147314
2026-07-23 08:14:00,744.4000244140625,744.4000244140625,744.4000244140625,743.7000122070312,744.0,73060
2026-07-23 08:15:00,744.9500122070312,744.9500122070312,745.1500244140625,744.3499755859375,744.4000244140625,168097
2026-07-23 08:16:00,745.1500244140625,745.1500244140625,745.4000244140625,744.5999755859375,745.0999755859375,372107
2026-07-23 08:17:00,745.4000244140625,745.4000244140625,745.4000244140625,745.0,745.1500244140625,67328
2026-07-23 08:18:00,745.3499755859375,745.3499755859375,745.4500122070312,745.2000122070312,745.4000244140625,67865
2026-07-23 08:19:00,744.9500122070312,744.9500122070312,745.0,744.5999755859375,745.0,61395
2026-07-23 08:20:00,745.2000122070312,745.2000122070312,745.2000122070312,744.9000244140625,744.9500122070312,74292
2026-07-23 08:21:00,745.5,745.5,745.5999755859375,745.2000122070312,745.25,44130
2026-07-23 08:22:00,745.3499755859375,745.3499755859375,745.5,745.2999877929688,745.5,44611
2026-07-23 08:23:00,745.2000122070312,745.2000122070312,745.5,745.2000122070312,745.3499755859375,43644
2026-07-23 08:24:00,745.5,745.5,745.6500244140625,745.3499755859375,745.3499755859375,48031
2026-07-23 08:25:00,745.5,745.5,745.75,745.4500122070312,745.6500244140625,48720
2026-07-23 08:26:00,745.5499877929688,745.5499877929688,745.6500244140625,745.4000244140625,745.5,44407
2026-07-23 08:27:00,745.5999755859375,745.5999755859375,745.75,745.4000244140625,745.5499877929688,43356
2026-07-23 08:28:00,745.2000122070312,745.2000122070312,745.7000122070312,745.0999755859375,745.5499877929688,41196
2026-07-23 08:29:00,745.1500244140625,745.1500244140625,745.25,745.0,745.25,43470
2026-07-23 08:30:00,745.25,745.25,745.2999877929688,745.1500244140625,745.1500244140625,29470
2026-07-23 08:31:00,745.4500122070312,745.4500122070312,745.5,745.2000122070312,745.25,29614
2026-07-23 08:32:00,745.0999755859375,745.0999755859375,745.5,745.0999755859375,745.4500122070312,33218
2026-07-23 08:33:00,745.0999755859375,745.0999755859375,745.2000122070312,745.0,745.2000122070312,38905
2026-07-23 08:34:00,745.4000244140625,745.4000244140625,745.4000244140625,745.1500244140625,745.1500244140625,39793
2026-07-23 08:35:00,745.5,745.5,745.6500244140625,745.4000244140625,745.4000244140625,48660
2026-07-23 08:36:00,745.3499755859375,745.3499755859375,745.5499877929688,745.25,745.5,42248
2026-07-23 08:37:00,745.5999755859375,745.5999755859375,745.5999755859375,745.3499755859375,745.4000244140625,28152
2026-07-23 08:38:00,745.25,745.25,745.5999755859375,745.0999755859375,745.5499877929688,38096
2026-07-23 08:39:00,745.1500244140625,745.1500244140625,745.4500122070312,745.0,745.2000122070312,35968
2026-07-23 08:40:00,745.2999877929688,745.2999877929688,745.2999877929688,745.0499877929688,745.0999755859375,34486
2026-07-23 08:41:00,745.4500122070312,745.4500122070312,745.4500122070312,745.25,745.2999877929688,28931
2026-07-23 08:42:00,745.4000244140625,745.4000244140625,745.5499877929688,745.2999877929688,745.2999877929688,44612
2026-07-23 08:43:00,745.0499877929688,745.0499877929688,745.4000244140625,745.0,745.4000244140625,47032
2026-07-23 08:44:00,745.0999755859375,745.0999755859375,745.25,745.0,745.0999755859375,29596
2026-07-23 08:45:00,745.0499877929688,745.0499877929688,745.25,744.5499877929688,745.0999755859375,83442
2026-07-23 08:46:00,745.5,745.5,745.5,745.0,745.0499877929688,51281
2026-07-23 08:47:00,745.5499877929688,745.5499877929688,745.9500122070312,745.5,745.5,181723
2026-07-23 08:48:00,745.5,745.5,745.5999755859375,745.2999877929688,745.5499877929688,55109
2026-07-23 08:49:00,745.0999755859375,745.0999755859375,745.7000122070312,744.7999877929688,745.5,173757
2026-07-23 08:50:00,745.4500122070312,745.4500122070312,745.7000122070312,745.0,745.0999755859375,62733
2026-07-23 08:51:00,745.5499877929688,745.5499877929688,745.5999755859375,745.25,745.5,44403
2026-07-23 08:52:00,745.8499755859375,745.8499755859375,745.9500122070312,745.5,745.5999755859375,31500
2026-07-23 08:53:00,746.0999755859375,746.0999755859375,746.2000122070312,745.7999877929688,745.8499755859375,93704
2026-07-23 08:54:00,746.25,746.25,746.2999877929688,746.0499877929688,746.0999755859375,52344
2026-07-23 08:55:00,745.4000244140625,745.4000244140625,746.2999877929688,745.1500244140625,746.25,126218
2026-07-23 08:56:00,745.5499877929688,745.5499877929688,745.8499755859375,745.4000244140625,745.4500122070312,49172
2026-07-23 08:57:00,745.7999877929688,745.7999877929688,745.9500122070312,745.4500122070312,745.7000122070312,72442
2026-07-23 08:58:00,745.5,745.5,745.9000244140625,745.0999755859375,745.9000244140625,71936
2026-07-23 08:59:00,745.8499755859375,745.8499755859375,746.0,745.5,745.5,50852
2026-07-23 09:00:00,745.5499877929688,745.5499877929688,745.5499877929688,745.5499877929688,745.5499877929688,0
