Date,Adj Close,Close,High,Low,Open,Volume
2021-07-23,376.1037292480469,391.75,396.54998779296875,390.79998779296875,394.1000061035156,5217004
2021-07-26,384.0721740722656,400.04998779296875,402.45001220703125,390.20001220703125,393.0,7083799
2021-07-27,400.6812438964844,417.3500061035156,419.70001220703125,403.54998779296875,404.0,28240273
2021-07-28,399.67315673828125,416.29998779296875,419.3999938964844,407.54998779296875,419.0,12775129
2021-07-29,439.8037109375,458.1000061035156,474.0,416.79998779296875,420.5,61414603
2021-07-30,427.0348815917969,444.79998779296875,459.6499938964844,442.1499938964844,458.1000061035156,12987115
2021-08-02,427.99493408203125,445.79998779296875,452.25,442.70001220703125,448.0,7683565
2021-08-03,430.8751525878906,448.79998779296875,450.8500061035156,440.20001220703125,447.75,8879300
2021-08-04,425.0187683105469,442.70001220703125,455.5,441.0,446.0,8621637
2021-08-05,425.4028015136719,443.1000061035156,445.70001220703125,432.8999938964844,445.0,11790679
2021-08-06,424.49072265625,442.1499938964844,455.8500061035156,439.29998779296875,444.70001220703125,18059875
2021-08-09,417.33831787109375,434.70001220703125,445.0,428.79998779296875,441.95001220703125,13778833
2021-08-10,409.8978271484375,426.95001220703125,439.79998779296875,423.25,436.5,10417993
2021-08-11,419.21038818359375,436.6499938964844,444.5,429.04998779296875,429.29998779296875,19239106
2021-08-12,422.6905517578125,437.25,444.29998779296875,433.8500061035156,436.8999938964844,8349354
2021-08-13,427.3307189941406,442.04998779296875,449.6000061035156,435.5,437.3999938964844,13343808
2021-08-16,427.0406799316406,441.75,447.0,436.20001220703125,442.6000061035156,8288547
2021-08-17,422.0622253417969,436.6000061035156,443.8500061035156,429.0,440.1000061035156,8413999
2021-08-18,412.7335205078125,426.95001220703125,439.6499938964844,424.3999938964844,438.79998779296875,12169397
2021-08-20,390.2093505859375,403.6499938964844,416.0,401.1000061035156,416.0,23309477
2021-08-23,393.3027648925781,406.8500061035156,415.75,399.5,411.0,15943020
2021-08-24,406.8366394042969,420.8500061035156,423.75,412.54998779296875,415.0,15050015
2021-08-25,416.3586730957031,430.70001220703125,434.95001220703125,423.70001220703125,423.70001220703125,17974391
2021-08-26,409.9783935546875,424.1000061035156,432.29998779296875,420.79998779296875,431.5,7695674
2021-08-27,423.31890869140625,437.8999938964844,439.0,427.0,427.0,15558923
2021-08-30,433.13092041015625,448.04998779296875,452.5,440.6499938964844,440.95001220703125,11735730
2021-08-31,452.7066345214844,468.29998779296875,471.1499938964844,444.79998779296875,448.0,20847646
2021-09-01,442.8462829589844,458.1000061035156,474.0,455.04998779296875,474.0,10038500
2021-09-02,441.7345886230469,456.95001220703125,465.0,455.70001220703125,460.04998779296875,5360608
2021-09-03,445.939697265625,461.29998779296875,464.5,450.0,457.25,8516918
2021-09-06,453.625,469.25,475.0,461.70001220703125,466.95001220703125,12183840
2021-09-07,446.9064636230469,462.29998779296875,472.3999938964844,460.8999938964844,470.0,5684070
2021-09-08,441.106201171875,456.29998779296875,465.8500061035156,455.20001220703125,464.8500061035156,6689343
2021-09-09,448.1147766113281,463.54998779296875,466.6499938964844,456.0,458.25,6926659
2021-09-13,462.4220275878906,478.3500061035156,480.5,468.54998779296875,476.0,16632808
2021-09-14,462.03533935546875,477.95001220703125,483.45001220703125,473.20001220703125,483.1000061035156,15253798
2021-09-15,470.5906066894531,486.79998779296875,487.6000061035156,474.3500061035156,478.20001220703125,12415050
2021-09-16,467.2071533203125,483.29998779296875,488.0,480.45001220703125,483.0,8011765
2021-09-17,457.2984619140625,473.04998779296875,485.45001220703125,470.1000061035156,484.0,12113274
2021-09-20,429.6024475097656,444.3999938964844,464.0,442.3999938964844,462.0,18031539
2021-09-21,435.9826965332031,451.0,452.45001220703125,438.79998779296875,445.0,18750888
2021-09-22,447.5831298828125,463.0,464.3999938964844,452.20001220703125,452.8999938964844,13613171
2021-09-23,467.15887451171875,483.25,484.79998779296875,468.0,473.5,12757667
2021-09-24,462.8086853027344,478.75,485.6499938964844,473.6000061035156,481.0,9226843
2021-09-27,465.37042236328125,481.3999938964844,489.95001220703125,472.29998779296875,474.8999938964844,6825039
2021-09-28,462.2286071777344,478.1499938964844,486.8999938964844,475.04998779296875,480.8999938964844,6148679
2021-09-29,477.6959228515625,494.1499938964844,496.8999938964844,473.3999938964844,475.0,9508220
2021-09-30,471.7023620605469,487.95001220703125,504.0,485.6000061035156,495.25,14333358
2021-10-01,468.22222900390625,484.3500061035156,486.0,473.45001220703125,483.1000061035156,8072310
2021-10-04,488.8613586425781,505.70001220703125,509.45001220703125,481.0,486.0,10303925
2021-10-05,478.8075866699219,495.29998779296875,506.20001220703125,494.20001220703125,496.0,8162109
2021-10-06,460.0535888671875,475.8999938964844,498.5,474.0,498.0,11231113
2021-10-07,461.6003112792969,477.5,485.6000061035156,473.0,485.0,9774465
2021-10-08,457.8785400390625,473.6499938964844,490.75,472.6499938964844,480.95001220703125,7086881
2021-10-11,471.267333984375,487.5,490.0,476.25,478.5,5565678
2021-10-12,482.0460205078125,498.6499938964844,499.5,487.45001220703125,492.79998779296875,8685800
2021-10-13,491.133056640625,508.04998779296875,512.0,495.0,499.95001220703125,8901206
2021-10-14,498.91497802734375,516.0999755859375,523.3499755859375,508.3500061035156,511.3999938964844,8876529
2021-10-18,524.7259521484375,542.7999877929688,551.8499755859375,526.5,535.4500122070312,23481789
2021-10-19,515.977294921875,533.75,547.7000122070312,526.0499877929688,547.7000122070312,11017925
2021-10-20,495.8699035644531,512.9500122070312,531.0,510.5,531.0,9440844
2021-10-21,477.3092346191406,493.75,520.7999877929688,491.6000061035156,516.2000122070312,14173662
2021-10-22,454.78509521484375,470.45001220703125,492.0,464.5,489.0,19392383
2021-10-25,457.4917907714844,473.25,478.0,459.3500061035156,473.54998779296875,9196105
2021-10-26,469.8655700683594,486.04998779296875,488.0,472.54998779296875,475.04998779296875,8120433
2021-10-27,463.8720397949219,479.8500061035156,487.70001220703125,475.6499938964844,483.0,8972879
2021-10-28,453.19000244140625,468.79998779296875,477.1499938964844,453.45001220703125,455.8500061035156,12659503
2021-10-29,444.4897155761719,459.79998779296875,474.20001220703125,456.6499938964844,469.45001220703125,8306338
2021-11-01,462.2286071777344,478.1499938964844,481.1000061035156,463.3500061035156,463.79998779296875,7466267
2021-11-02,452.80328369140625,468.3999938964844,481.0,467.1499938964844,480.0,5953912
2021-11-03,462.3736572265625,478.29998779296875,480.45001220703125,469.8500061035156,471.0,6928590
2021-11-04,456.8634948730469,472.6000061035156,482.0,470.0,482.0,1615558
2021-11-08,454.15667724609375,469.79998779296875,481.45001220703125,459.20001220703125,480.0,13018619
2021-11-09,449.1298522949219,464.6000061035156,476.20001220703125,462.29998779296875,470.70001220703125,8628327
2021-11-10,434.7743225097656,449.75,464.0,448.5,463.6499938964844,14672997
2021-11-11,438.83447265625,453.95001220703125,456.29998779296875,446.6000061035156,449.04998779296875,7789754
2021-11-12,452.94830322265625,468.54998779296875,470.5,458.95001220703125,460.5,17010073
2021-11-15,440.71954345703125,455.8999938964844,473.6000061035156,455.1499938964844,473.6000061035156,8882843
2021-11-16,430.7625427246094,445.6000061035156,459.8999938964844,443.04998779296875,457.0,8937525
2021-11-17,430.56915283203125,445.3999938964844,449.20001220703125,439.5,442.0,7474301
2021-11-18,425.6390075683594,440.29998779296875,454.0,436.29998779296875,448.1000061035156,9688141
2021-11-22,427.4273681640625,442.1499938964844,447.70001220703125,432.8999938964844,442.6000061035156,10007050
2021-11-23,435.2093505859375,450.20001220703125,453.3999938964844,437.04998779296875,439.25,9020906
2021-11-24,437.04608154296875,452.1000061035156,456.8999938964844,444.20001220703125,453.8999938964844,7761523
2021-11-25,432.1642150878906,447.04998779296875,458.79998779296875,443.6499938964844,451.5,8633424
2021-11-26,403.11480712890625,417.0,442.70001220703125,414.70001220703125,441.79998779296875,14826141
2021-11-29,406.1599426269531,420.1499938964844,433.5,407.1000061035156,414.0,19069247
2021-11-30,399.0063171386719,412.75,430.0,410.0,418.95001220703125,14850682
2021-12-01,410.75177001953125,424.8999938964844,426.1000061035156,416.1000061035156,419.5,8183556
2021-12-02,417.7120056152344,432.1000061035156,433.8999938964844,421.0,428.0,7775405
2021-12-03,410.5101318359375,424.6499938964844,433.79998779296875,424.0,427.79998779296875,5938378
2021-12-06,407.3199768066406,421.3500061035156,432.5,418.20001220703125,424.95001220703125,8160853
2021-12-07,427.7657165527344,442.5,444.3999938964844,425.20001220703125,427.3999938964844,18303734
2021-12-08,442.2179260253906,457.45001220703125,458.45001220703125,440.1000061035156,446.0,13700443
2021-12-09,440.4778747558594,455.6499938964844,458.70001220703125,452.20001220703125,457.45001220703125,5586232
2021-12-10,439.9461669921875,455.1000061035156,460.95001220703125,453.45001220703125,455.3999938964844,5308752
2021-12-13,442.99127197265625,458.25,469.5,457.45001220703125,460.0,9401208
2021-12-14,446.3264465332031,461.70001220703125,464.3999938964844,454.70001220703125,454.8999938964844,8027659
2021-12-15,443.08795166015625,458.3500061035156,463.8500061035156,456.04998779296875,461.6000061035156,3651118
2021-12-16,435.4993896484375,450.5,464.0,448.54998779296875,464.0,8879417
2021-12-17,435.1610107421875,450.1499938964844,457.0,444.75,449.5,14337902
2021-12-20,418.6787109375,433.1000061035156,445.25,426.70001220703125,444.79998779296875,5952052
2021-12-21,430.6175231933594,445.45001220703125,449.70001220703125,437.3500061035156,438.0,5029410
2021-12-22,447.9215087890625,463.3500061035156,464.6499938964844,447.3500061035156,450.8500061035156,7765878
2021-12-23,445.939697265625,461.29998779296875,468.45001220703125,459.29998779296875,465.04998779296875,6986665
2021-12-24,443.61962890625,458.8999938964844,464.3999938964844,452.8500061035156,464.0,3122116
2021-12-27,437.7227783203125,452.79998779296875,458.6000061035156,451.1000061035156,456.8999938964844,6146709
2021-12-28,442.89459228515625,458.1499938964844,459.1499938964844,452.79998779296875,456.6000061035156,2889804
2021-12-29,439.12445068359375,454.25,457.6499938964844,450.5,457.0,3050356
2021-12-30,434.6776123046875,449.6499938964844,456.0,448.3999938964844,454.0,3843627
2021-12-31,459.7152404785156,475.54998779296875,477.3500061035156,455.5,455.5,18257598
2022-01-03,462.1319580078125,478.04998779296875,479.95001220703125,472.1000061035156,475.54998779296875,5549693
2022-01-04,460.2469177246094,476.1000061035156,481.5,472.0,479.0,5063834
2022-01-05,459.5218811035156,475.3500061035156,479.3999938964844,472.0,473.20001220703125,4489031
2022-01-06,463.14703369140625,479.1000061035156,485.70001220703125,473.5,474.5,12132277
2022-01-07,477.0675048828125,493.5,495.25,480.04998779296875,481.1000061035156,9300149
2022-01-10,476.487548828125,492.8999938964844,497.29998779296875,490.04998779296875,497.0,4746931
2022-01-11,470.1556396484375,486.3500061035156,497.20001220703125,485.70001220703125,491.8999938964844,5346073
2022-01-12,481.369384765625,497.95001220703125,500.8500061035156,491.0,494.0,9296587
2022-01-13,490.60137939453125,507.5,509.0,499.1499938964844,502.20001220703125,9366574
2022-01-14,489.4896545410156,506.3500061035156,509.5,503.0,506.0,5461072
2022-01-17,489.1029968261719,505.95001220703125,509.0,496.0,509.0,6721706
2022-01-18,479.4842529296875,496.0,512.3499755859375,493.79998779296875,508.79998779296875,6194537
2022-01-19,487.99127197265625,504.79998779296875,506.25,490.29998779296875,495.20001220703125,5799747
2022-01-20,486.63787841796875,503.3999938964844,508.0,498.1000061035156,503.8500061035156,4243563
2022-01-21,489.8280029296875,506.70001220703125,515.7999877929688,499.25,501.0,14173177
2022-01-24,462.4703369140625,478.3999938964844,500.5,475.5,498.95001220703125,11020372
2022-01-25,469.57562255859375,485.75,486.5,474.6499938964844,475.54998779296875,5498495
2022-01-27,472.86236572265625,489.1499938964844,492.8500061035156,478.45001220703125,482.6000061035156,6746500
2022-01-28,474.0224609375,490.3500061035156,506.6000061035156,488.45001220703125,493.04998779296875,6616401
2022-01-31,472.76568603515625,489.04998779296875,499.75,488.1499938964844,498.8999938964844,4846015
2022-02-01,493.98480224609375,511.0,512.6500244140625,487.70001220703125,492.79998779296875,9809417
2022-02-02,496.8366394042969,513.9500122070312,518.4000244140625,507.6499938964844,515.0,7283452
2022-02-03,495.5799255371094,512.6500244140625,516.5,509.0,513.0,5078613
2022-02-04,507.66375732421875,525.1500244140625,528.5,512.0499877929688,513.0,12631663
2022-02-07,505.1985778808594,522.5999755859375,533.25,519.4500122070312,527.8499755859375,10939353
2022-02-08,509.25872802734375,526.7999877929688,533.0999755859375,514.0499877929688,526.0,9863290
2022-02-09,524.2425537109375,542.2999877929688,544.4000244140625,532.0999755859375,536.0,9235351
2022-02-10,529.0277709960938,547.25,553.5,541.0,547.7000122070312,10906403
2022-02-11,524.6292724609375,542.7000122070312,553.8499755859375,539.5,547.75,9110193
2022-02-14,503.8935241699219,521.25,533.9500122070312,519.7000122070312,531.0,4995178
2022-02-15,516.073974609375,533.8499755859375,536.3499755859375,513.7000122070312,526.4500122070312,8233217
2022-02-16,511.6754150390625,529.2999877929688,538.0,526.2000122070312,536.8499755859375,4348474
2022-02-17,514.8173217773438,532.5499877929688,540.75,528.2999877929688,533.7999877929688,5340469
2022-02-18,511.9654846191406,529.5999755859375,537.7999877929688,528.0,531.0,3344269
2022-02-21,494.9515380859375,512.0,529.0,511.20001220703125,528.5,6308263
2022-02-22,499.01171875,516.2000122070312,519.25,501.54998779296875,501.8999938964844,10664925
2022-02-23,501.4284362792969,518.7000122070312,523.25,515.6500244140625,519.7999877929688,8928934
2022-02-24,500.41339111328125,517.6500244140625,527.4000244140625,505.1000061035156,505.1000061035156,24819208
2022-02-25,516.1223754882812,533.9000244140625,546.9000244140625,523.0999755859375,525.0,13815949
2022-02-28,554.6454467773438,573.75,580.0499877929688,531.7999877929688,537.0,35212827
2022-03-02,580.1180419921875,600.0999755859375,614.25,575.25,575.25,41248362
2022-03-03,586.111572265625,606.2999877929688,613.9000244140625,596.9000244140625,613.9000244140625,18676314
2022-03-04,564.3607788085938,583.7999877929688,618.0,580.5999755859375,607.7999877929688,20490598
2022-03-07,599.1137084960938,619.75,623.0,586.75,586.75,20963374
2022-03-08,570.3059692382812,589.9500122070312,618.0,587.3499755859375,618.0,19477245
2022-03-09,568.46923828125,588.0499877929688,598.9500122070312,585.0999755859375,591.2999877929688,15686460
2022-03-10,574.0277709960938,593.7999877929688,596.5,569.7999877929688,573.5,14824703
2022-03-11,569.4842529296875,589.0999755859375,603.0,585.75,595.0,7635725
2022-03-14,571.127685546875,590.7999877929688,593.5499877929688,578.25,585.9000244140625,7904911
2022-03-15,541.111572265625,559.75,581.9000244140625,555.9500122070312,580.0,13005715
2022-03-16,553.6303100585938,572.7000122070312,575.4000244140625,563.2999877929688,568.7000122070312,10485661
2022-03-17,557.5938110351562,576.7999877929688,584.4000244140625,573.8499755859375,575.0499877929688,11581454
2022-03-21,570.3059692382812,589.9500122070312,600.9500122070312,582.5499877929688,584.0,14159371
2022-03-22,573.689453125,593.4500122070312,602.8499755859375,587.2000122070312,599.7999877929688,7490300
2022-03-23,588.18994140625,608.4500122070312,611.7999877929688,597.5,601.0,13581577
2022-03-24,601.2403564453125,621.9500122070312,626.2000122070312,610.0,610.2000122070312,12139664
2022-03-25,601.9654541015625,622.7000122070312,630.9500122070312,616.6500244140625,621.0499877929688,11087146
2022-03-28,609.2157592773438,630.2000122070312,634.7999877929688,617.0,621.5,7075442
2022-03-29,610.279052734375,631.2999877929688,636.0,624.5,630.0,5245788
2022-03-30,579.8279418945312,599.7999877929688,622.0,598.8499755859375,622.0,11195965
2022-03-31,550.536865234375,569.5,600.2999877929688,568.1500244140625,600.0,23497993
2022-04-01,551.503662109375,570.5,577.0,561.4500122070312,569.9000244140625,15300787
2022-04-04,567.9375610351562,587.5,589.6500244140625,569.0499877929688,572.0,15845385
2022-04-05,567.3091430664062,586.8499755859375,590.9500122070312,582.0499877929688,590.9500122070312,7065571
2022-04-06,561.8956298828125,581.25,589.4500122070312,576.0499877929688,582.9500122070312,9648592
2022-04-07,555.612060546875,574.75,584.9000244140625,569.0,581.4000244140625,9357569
2022-04-08,562.3789672851562,581.75,584.5499877929688,578.2999877929688,579.4000244140625,7157576
2022-04-11,557.1588134765625,576.3499755859375,587.4500122070312,574.5499877929688,583.4000244140625,8297062
2022-04-12,524.2909545898438,542.3499755859375,570.7999877929688,538.5999755859375,570.5999755859375,16701775
2022-04-13,528.5444946289062,546.75,551.9000244140625,543.5499877929688,547.0,7396320
2022-04-18,527.1910400390625,545.3499755859375,555.6500244140625,537.4000244140625,544.9500122070312,7550655
2022-04-19,522.79248046875,540.7999877929688,556.2000122070312,537.5999755859375,552.0,8143101
2022-04-20,526.8526611328125,545.0,549.0,536.5999755859375,544.9500122070312,4725779
2022-04-21,522.2608642578125,540.25,547.3499755859375,531.4500122070312,545.0,8575442
2022-04-22,497.02996826171875,514.1500244140625,529.8499755859375,513.2999877929688,529.0,23871439
2022-04-25,479.0009460449219,495.5,508.5,492.25,502.6499938964844,10749312
2022-04-26,477.01922607421875,493.45001220703125,500.8999938964844,489.75,498.0,11623406
2022-04-27,475.907470703125,492.29998779296875,497.6000061035156,476.45001220703125,489.0,17623544
2022-04-28,472.3306884765625,488.6000061035156,502.0,480.0,502.0,25042778
2022-04-29,466.5788269042969,482.6499938964844,497.79998779296875,479.25,493.0,12462169
2022-05-02,468.2705383300781,484.3999938964844,486.0,469.5,477.8500061035156,14625673
2022-05-04,446.2780456542969,461.6499938964844,483.0,459.0,483.0,10366562
2022-05-05,446.229736328125,461.6000061035156,475.8999938964844,460.20001220703125,470.0,6328868
2022-05-06,428.97412109375,443.75,454.25,439.0,450.0,8595262
2022-05-09,429.3124694824219,444.1000061035156,448.54998779296875,429.5,433.8500061035156,10773327
2022-05-10,408.9150695800781,423.0,442.29998779296875,420.29998779296875,435.0,9661841
2022-05-11,408.4800109863281,422.54998779296875,429.8999938964844,413.95001220703125,423.0,14197501
2022-05-12,392.3360900878906,405.8500061035156,422.0,394.6000061035156,416.0,23831422
2022-05-13,375.0804443359375,388.0,414.45001220703125,384.95001220703125,411.0,17007818
2022-05-16,377.9322509765625,390.95001220703125,400.79998779296875,385.0,395.79998779296875,13900633
2022-05-17,414.1352233886719,428.3999938964844,437.29998779296875,398.04998779296875,399.0,37772554
2022-05-18,421.578857421875,436.1000061035156,438.3999938964844,423.5,434.5,18052317
2022-05-19,403.11480712890625,417.0,425.95001220703125,413.79998779296875,422.1000061035156,10319381
2022-05-20,414.8119812011719,429.1000061035156,435.0,421.04998779296875,432.0,9703961
2022-05-23,399.3930358886719,413.1499938964844,420.70001220703125,399.3500061035156,418.0,15828786
2022-05-24,387.4542236328125,400.79998779296875,415.5,400.0,414.3999938964844,12840838
2022-05-25,383.6357727050781,396.8500061035156,405.04998779296875,389.70001220703125,405.0,11103850
2022-05-26,394.2695007324219,407.8500061035156,410.5,392.6000061035156,406.5,13391224
2022-05-27,395.5262145996094,409.1499938964844,426.95001220703125,406.1000061035156,423.1000061035156,20350558
2022-05-30,402.8731689453125,416.75,419.5,405.6000061035156,410.0,7161082
2022-05-31,408.4800109863281,422.54998779296875,428.5,412.0,414.8999938964844,39115757
2022-06-01,396.97625732421875,410.6499938964844,422.0,406.20001220703125,421.0,12551513
2022-06-02,396.251220703125,409.8999938964844,414.3999938964844,406.3999938964844,408.0,7202046
2022-06-03,393.20611572265625,406.75,416.8999938964844,405.29998779296875,414.0,12229014
2022-06-06,395.5262145996094,409.1499938964844,410.70001220703125,395.95001220703125,402.6000061035156,8810058
2022-06-07,390.74102783203125,404.20001220703125,413.0,402.20001220703125,407.95001220703125,7636671
2022-06-08,390.0643615722656,403.5,407.0,401.1000061035156,402.0,6911005
2022-06-09,386.4391784667969,399.75,402.29998779296875,393.3999938964844,399.0,8798828
2022-06-10,372.9053649902344,385.75,391.79998779296875,382.75,390.0,14541630
2022-06-13,354.248046875,366.45001220703125,377.79998779296875,360.5,377.79998779296875,12269608
2022-06-14,346.369384765625,358.29998779296875,369.6000061035156,357.3500061035156,363.8500061035156,11273145
2022-06-15,345.5960388183594,357.5,362.8999938964844,356.04998779296875,360.0,8393144
2022-06-16,324.9085998535156,336.1000061035156,363.75,332.29998779296875,360.3999938964844,16614475
2022-06-17,322.58856201171875,333.70001220703125,342.54998779296875,325.8500061035156,333.0,18606308
2022-06-20,310.79473876953125,321.5,334.6000061035156,308.95001220703125,331.0,20646347
2022-06-21,327.9537048339844,339.25,343.5,325.6000061035156,327.6000061035156,15208306
2022-06-22,305.9129333496094,316.45001220703125,334.0,315.45001220703125,334.0,19176515
2022-06-23,307.0246276855469,317.6000061035156,327.6499938964844,311.1000061035156,317.0,18756690
2022-06-24,311.568115234375,322.29998779296875,324.95001220703125,316.6000061035156,321.70001220703125,11621311
2022-06-27,318.9634094238281,329.95001220703125,338.0,326.3500061035156,331.5,15014176
2022-06-28,332.1105651855469,343.54998779296875,345.25,325.29998779296875,328.45001220703125,15742835
2022-06-29,332.6905822753906,344.1499938964844,345.6000061035156,335.04998779296875,339.45001220703125,12659696
2022-06-30,327.37371826171875,338.6499938964844,349.8999938964844,337.04998779296875,345.0,21225418
2022-07-01,329.7904357910156,341.1499938964844,342.8999938964844,330.25,335.0,11278576
2022-07-04,329.162109375,340.5,342.0,326.6499938964844,338.0,10905377
2022-07-05,333.75390625,345.25,356.8999938964844,341.75,341.75,20928565
2022-07-06,329.59710693359375,340.95001220703125,342.29998779296875,327.79998779296875,339.79998779296875,22317536
2022-07-07,349.6078186035156,361.6499938964844,364.5,341.29998779296875,347.8500061035156,18699515
2022-07-08,345.6443786621094,357.54998779296875,368.0,351.1000061035156,368.0,25506273
2022-07-11,344.33929443359375,356.20001220703125,363.29998779296875,347.79998779296875,352.0,13745531
2022-07-12,335.3489990234375,346.8999938964844,356.0,341.6000061035156,350.0,16896696
2022-07-13,337.28240966796875,348.8999938964844,351.8999938964844,344.0,346.0,13690887
2022-07-14,337.4757080078125,349.1000061035156,354.5,346.5,354.5,9511166
2022-07-15,338.8774719238281,350.54998779296875,351.8999938964844,344.6000061035156,344.6000061035156,10062417
2022-07-18,354.87640380859375,367.1000061035156,368.1000061035156,354.20001220703125,355.8999938964844,13863266
2022-07-19,355.6981201171875,367.95001220703125,371.3500061035156,363.29998779296875,364.5,10868823
2022-07-20,357.05145263671875,369.3500061035156,376.20001220703125,367.3999938964844,375.0,10150339
2022-07-21,363.4317321777344,375.95001220703125,379.5,370.8500061035156,371.6499938964844,12521152
2022-07-22,368.5552062988281,381.25,382.0,376.75,378.75,9498042
2022-07-25,374.1620788574219,387.04998779296875,388.54998779296875,380.29998779296875,381.0,7734139
2022-07-26,369.18353271484375,381.8999938964844,389.3999938964844,381.04998779296875,387.3999938964844,5532712
2022-07-27,375.70880126953125,388.6499938964844,389.8500061035156,379.1499938964844,381.8999938964844,4744697
2022-07-28,379.3339538574219,392.3999938964844,395.25,385.8999938964844,394.0,7586494
2022-07-29,401.229736328125,415.04998779296875,416.79998779296875,395.20001220703125,396.5,15509534
2022-08-01,409.8817138671875,424.0,428.0,418.8500061035156,420.0,15535311
2022-08-02,404.46820068359375,418.3999938964844,420.5,407.6000061035156,419.0,15535733
2022-08-03,400.45635986328125,414.25,422.5,409.6000061035156,417.0,6883530
2022-08-04,407.6583557128906,421.70001220703125,433.0,418.3999938964844,427.0,20678616
2022-08-05,397.1212158203125,410.79998779296875,426.5,409.04998779296875,422.95001220703125,12217436
2022-08-08,407.3683166503906,421.3999938964844,422.54998779296875,414.0,414.8999938964844,7643955
2022-08-10,425.4456481933594,440.1000061035156,444.3999938964844,416.6000061035156,423.04998779296875,23766201
2022-08-11,422.9091491699219,433.5,446.5,432.0,446.5,14865139
2022-08-12,425.59197998046875,436.25,442.70001220703125,433.0,435.6499938964844,9420634
2022-08-16,418.4215087890625,428.8999938964844,434.75,422.3500061035156,434.0,11154059
2022-08-17,428.22601318359375,438.95001220703125,442.3999938964844,426.6000061035156,430.95001220703125,12297570
2022-08-18,427.3479919433594,438.04998779296875,441.0,433.6499938964844,437.0,6755688
2022-08-19,416.9093933105469,427.3500061035156,442.0,425.1000061035156,442.0,8116871
2022-08-22,408.2756042480469,418.5,425.3999938964844,416.3500061035156,422.0,7407485
2022-08-23,417.4459533691406,427.8999938964844,431.79998779296875,413.8500061035156,415.04998779296875,8605014
2022-08-24,418.3727722167969,428.8500061035156,432.1499938964844,425.20001220703125,430.0,6538727
2022-08-25,422.177490234375,432.75,436.75,429.70001220703125,430.95001220703125,6818164
2022-08-26,429.2991027832031,440.04998779296875,445.45001220703125,436.0,436.20001220703125,11051127
2022-08-29,419.6897888183594,430.20001220703125,433.0,418.04998779296875,418.04998779296875,7716457
2022-08-30,428.2747497558594,439.0,441.6000061035156,433.3500061035156,434.0,8824878
2022-09-01,411.641357421875,421.95001220703125,431.6000061035156,420.79998779296875,424.0,14093149
2022-09-02,404.7635803222656,414.8999938964844,425.20001220703125,413.25,424.1000061035156,10102220
2022-09-05,418.8117370605469,429.29998779296875,430.20001220703125,415.0,415.0,14707728
2022-09-06,420.4214782714844,430.95001220703125,432.8999938964844,427.1000061035156,430.45001220703125,6180669
2022-09-07,422.2750244140625,432.8500061035156,433.54998779296875,422.70001220703125,424.25,7043379
2022-09-08,410.2755126953125,420.54998779296875,436.95001220703125,419.1499938964844,435.5,12076714
2022-09-09,415.5924072265625,426.0,430.6499938964844,423.25,426.0,8000436
2022-09-12,420.6165771484375,431.1499938964844,432.8999938964844,428.6499938964844,432.0,5530132
2022-09-13,425.982177734375,436.6499938964844,439.29998779296875,432.25,432.25,7628228
2022-09-14,431.20147705078125,442.0,447.8999938964844,424.1000061035156,426.0,12387075
2022-09-15,414.0314636230469,424.3999938964844,439.5,423.75,439.5,13039806
2022-09-16,402.4222106933594,412.5,424.29998779296875,405.79998779296875,424.0,14826674
2022-09-19,402.08074951171875,412.1499938964844,416.25,405.6499938964844,414.6000061035156,6080201
2022-09-20,411.1535339355469,421.45001220703125,427.5,415.79998779296875,416.0,8758050
2022-09-21,401.3003234863281,411.3500061035156,423.8999938964844,410.79998779296875,417.8999938964844,6859320
2022-09-22,402.031982421875,412.1000061035156,415.0,403.5,409.0,8704463
2022-09-23,386.6667785644531,396.3500061035156,412.70001220703125,394.45001220703125,410.70001220703125,9228856
2022-09-26,364.2774353027344,373.3999938964844,390.0,369.6000061035156,390.0,13092570
2022-09-27,364.4725646972656,373.6000061035156,379.95001220703125,365.1000061035156,375.29998779296875,14934966
2022-09-28,351.9365234375,360.75,372.1000061035156,358.79998779296875,368.0,10751444
2022-09-29,362.1311950683594,371.20001220703125,376.8999938964844,366.0,366.75,14020084
2022-09-30,381.0084533691406,390.54998779296875,395.3500061035156,375.1499938964844,376.0,17706821
2022-10-03,371.6430358886719,380.95001220703125,389.45001220703125,379.1000061035156,389.0,8504297
2022-10-04,384.4229431152344,394.04998779296875,400.8999938964844,390.29998779296875,396.0,9017446
2022-10-06,402.56854248046875,412.6499938964844,413.95001220703125,399.3999938964844,402.0,11758976
2022-10-07,401.056396484375,411.1000061035156,411.95001220703125,405.79998779296875,409.95001220703125,5241693
2022-10-10,397.5443420410156,407.5,409.1499938964844,400.0,403.5,6519737
2022-10-11,386.3740539550781,396.04998779296875,412.45001220703125,393.8999938964844,403.0,7054654
2022-10-12,390.4227294921875,400.20001220703125,401.3999938964844,391.75,398.04998779296875,6584436
2022-10-13,391.73968505859375,401.54998779296875,416.5,400.0,411.0,16565725
2022-10-14,387.4472351074219,397.1499938964844,411.25,396.3999938964844,411.25,6115990
2022-10-17,378.81341552734375,388.29998779296875,395.8999938964844,386.29998779296875,395.04998779296875,8966396
2022-10-18,383.837646484375,393.45001220703125,398.3999938964844,391.3500061035156,391.5,7081590
2022-10-19,380.7645568847656,390.29998779296875,398.1000061035156,389.5,394.0,6208852
2022-10-20,385.5448913574219,395.20001220703125,396.70001220703125,380.1000061035156,383.0,8222063
2022-10-21,384.1302490234375,393.75,398.04998779296875,386.25,397.20001220703125,7988528
2022-10-24,385.8863220214844,395.54998779296875,398.8500061035156,394.3500061035156,395.0,793366
2022-10-25,388.66668701171875,398.3999938964844,402.79998779296875,391.5,394.3999938964844,6156624
2022-10-27,402.3246765136719,412.3999938964844,413.3999938964844,405.3500061035156,408.0,9752346
2022-10-28,395.0566711425781,404.95001220703125,412.5,399.75,412.5,6569623
2022-10-31,395.7395324707031,405.6499938964844,408.75,403.0,405.0,4257977
2022-11-01,404.2757568359375,414.3999938964844,415.0,406.0,406.0,7483252
2022-11-02,411.0072021484375,421.29998779296875,426.8500061035156,414.0,414.75,11554760
2022-11-03,400.3247375488281,410.3500061035156,415.8999938964844,408.95001220703125,415.0,7304472
2022-11-04,420.0312194824219,430.54998779296875,432.0,412.0,412.45001220703125,13317485
2022-11-07,426.8114318847656,437.5,438.8999938964844,426.29998779296875,432.0,9887999
2022-11-09,406.9098205566406,417.1000061035156,433.0,415.6000061035156,430.1000061035156,13898567
2022-11-10,404.95867919921875,415.1000061035156,420.3999938964844,412.75,415.29998779296875,5574432
2022-11-11,419.34832763671875,429.8500061035156,431.79998779296875,420.29998779296875,420.3500061035156,14060782
2022-11-14,444.4204406738281,455.54998779296875,458.6499938964844,434.04998779296875,435.0,30135088
2022-11-15,445.7374572753906,456.8999938964844,460.54998779296875,449.54998779296875,456.0,11841577
2022-11-16,436.4695739746094,447.3999938964844,455.54998779296875,444.1499938964844,455.54998779296875,7137989
2022-11-17,429.68939208984375,440.45001220703125,444.3999938964844,436.5,443.45001220703125,6533823
2022-11-18,427.8845520019531,438.6000061035156,443.8999938964844,434.45001220703125,440.5,6128677
2022-11-21,420.0312194824219,430.54998779296875,444.45001220703125,428.3999938964844,439.79998779296875,6372470
2022-11-22,420.1287536621094,430.6499938964844,436.3500061035156,429.0,432.75,6108017
2022-11-23,422.7628479003906,433.3500061035156,439.29998779296875,431.54998779296875,434.5,6031033
2022-11-24,427.64068603515625,438.3500061035156,439.6000061035156,432.6499938964844,435.54998779296875,4733568
2022-11-25,429.88446044921875,440.6499938964844,441.79998779296875,434.3500061035156,438.0,4800030
2022-11-28,420.6165771484375,431.1499938964844,436.5,429.0,435.0,5613201
2022-11-29,425.29931640625,435.95001220703125,440.8999938964844,432.25,433.0,6518828
2022-11-30,439.6889343261719,450.70001220703125,451.95001220703125,438.1499938964844,438.75,13921394
2022-12-01,452.0786437988281,463.3999938964844,466.5,454.04998779296875,455.0,13243436
2022-12-02,449.8348388671875,461.1000061035156,470.3999938964844,458.0,463.29998779296875,6621056
2022-12-05,469.4438171386719,481.20001220703125,483.8500061035156,466.1499938964844,466.1499938964844,14599958
2022-12-06,458.5173645019531,470.0,477.5,467.20001220703125,477.5,7409338
2022-12-07,452.9566345214844,464.29998779296875,472.1000061035156,463.1000061035156,470.0,5510513
2022-12-08,460.1270751953125,471.6499938964844,472.95001220703125,461.29998779296875,465.04998779296875,4902003
2022-12-09,451.5421142578125,462.8500061035156,476.0,461.8999938964844,474.0,5405738
2022-12-12,450.66412353515625,461.95001220703125,466.95001220703125,454.45001220703125,459.0,4809486
2022-12-13,446.90814208984375,458.1000061035156,466.0,457.29998779296875,464.29998779296875,4359377
2022-12-14,457.8345031738281,469.29998779296875,470.95001220703125,461.04998779296875,461.6499938964844,6639699
2022-12-15,449.7372741699219,461.0,470.6499938964844,459.0,467.0,3986930
2022-12-16,445.5910949707031,456.75,462.75,452.54998779296875,458.0,6460140
2022-12-19,448.9080810546875,460.1499938964844,463.0,455.04998779296875,459.0,3690005
2022-12-20,445.8837890625,457.04998779296875,459.25,444.25,458.0,7580480
2022-12-21,445.9813537597656,457.1499938964844,463.8999938964844,451.8999938964844,459.29998779296875,5557133
2022-12-22,444.3716735839844,455.5,463.0,447.20001220703125,459.45001220703125,4435416
2022-12-23,419.0556335449219,429.54998779296875,452.8999938964844,427.6000061035156,452.8999938964844,7766201
2022-12-26,432.1282958984375,442.95001220703125,445.3999938964844,429.1000061035156,431.0,3939359
2022-12-27,459.4930114746094,471.0,472.3999938964844,446.75,447.95001220703125,13898138
2022-12-28,454.5663757324219,465.95001220703125,473.70001220703125,463.95001220703125,467.6499938964844,7519133
2022-12-29,458.4198303222656,469.8999938964844,472.20001220703125,455.25,459.29998779296875,8427104
2022-12-30,461.78558349609375,473.3500061035156,482.29998779296875,471.79998779296875,473.95001220703125,8024424
2023-01-02,475.1508483886719,487.04998779296875,491.0,475.1499938964844,475.95001220703125,11255811
2023-01-03,468.175537109375,479.8999938964844,488.45001220703125,478.5,486.5,5906501
2023-01-04,450.22509765625,461.5,477.45001220703125,460.0,477.0,9899885
2023-01-05,454.3224792480469,465.70001220703125,467.45001220703125,458.6499938964844,463.25,7087634
2023-01-06,451.34698486328125,462.6499938964844,474.0,461.1000061035156,467.0,6004013
2023-01-09,459.24908447265625,470.75,474.0,466.20001220703125,471.0,6047398
2023-01-10,465.8829650878906,477.54998779296875,480.5,473.29998779296875,478.0,7092319
2023-01-11,478.95562744140625,490.95001220703125,493.45001220703125,481.0,481.8999938964844,11383752
2023-01-12,473.7850341796875,485.6499938964844,495.6000061035156,482.20001220703125,495.0,7278634
2023-01-13,476.5654296875,488.5,490.0,482.6499938964844,487.6499938964844,7445162
2023-01-16,471.24859619140625,483.04998779296875,492.70001220703125,481.25,490.95001220703125,3294109
2023-01-17,475.9801025390625,487.8999938964844,489.29998779296875,476.95001220703125,481.75,7819426
2023-01-18,490.6624450683594,502.95001220703125,504.0,488.5,488.5,12045667
2023-01-19,486.7113342285156,498.8999938964844,503.0,491.0,493.1499938964844,7945795
2023-01-20,477.9800109863281,489.95001220703125,501.54998779296875,488.25,498.0,5664588
2023-01-23,482.1261901855469,494.20001220703125,500.3500061035156,491.20001220703125,494.0,5559031
2023-01-24,472.8094787597656,484.6499938964844,497.8999938964844,483.54998779296875,496.70001220703125,3293586
2023-01-25,477.1507873535156,489.1000061035156,495.79998779296875,484.1000061035156,484.1000061035156,7341066
2023-01-27,467.2975769042969,479.0,494.79998779296875,467.95001220703125,493.5,4591590
2023-01-30,460.8100280761719,472.3500061035156,483.3500061035156,463.95001220703125,479.0,5804476
2023-01-31,456.95648193359375,468.3999938964844,476.3500061035156,465.5,474.95001220703125,5679604
2023-02-01,456.419921875,467.8500061035156,480.6000061035156,454.6000061035156,473.0,6075062
2023-02-02,454.0298156738281,465.3999938964844,471.0,460.79998779296875,467.0,3356544
2023-02-03,448.4202880859375,459.6499938964844,468.95001220703125,450.20001220703125,467.75,5707642
2023-02-06,436.4207763671875,447.3500061035156,457.0,446.0,457.0,4398369
2023-02-07,419.0556335449219,429.54998779296875,441.8999938964844,425.5,440.0,16652967
2023-02-08,425.8358459472656,436.5,439.79998779296875,432.0,432.0,6121515
2023-02-09,433.6891784667969,444.54998779296875,447.70001220703125,431.75,437.0,11431814
2023-02-10,422.56768798828125,433.1499938964844,444.95001220703125,431.0,444.54998779296875,6648361
2023-02-13,417.2508850097656,427.70001220703125,439.79998779296875,426.54998779296875,434.5,6437475
2023-02-14,424.1773986816406,434.79998779296875,435.25,425.3500061035156,429.5,3951666
2023-02-15,423.3481750488281,433.95001220703125,437.25,430.6000061035156,435.5,3623450
2023-02-16,424.0798645019531,434.70001220703125,438.0,433.0,436.8999938964844,4282249
2023-02-17,419.00689697265625,429.5,438.0,426.6000061035156,434.75,4014137
2023-02-20,423.6408386230469,434.25,435.54998779296875,429.0,429.8999938964844,3749802
2023-02-21,420.9580078125,431.5,438.29998779296875,430.0,437.75,3761409
2023-02-22,419.20196533203125,429.70001220703125,434.5,426.75,430.5,5276939
2023-02-23,425.7870788574219,436.45001220703125,438.5,430.1000061035156,430.3999938964844,5037774
2023-02-24,405.1050109863281,415.25,438.0,414.25,438.0,10814032
2023-02-27,401.73931884765625,411.79998779296875,415.0,401.5,415.0,8301373
2023-02-28,389.4471740722656,399.20001220703125,413.8999938964844,398.0,413.5,12174759
2023-03-01,402.9587707519531,413.04998779296875,414.8999938964844,401.6499938964844,402.0,7935816
2023-03-02,400.763671875,410.79998779296875,416.79998779296875,408.0,415.0,4804013
2023-03-03,406.71466064453125,416.8999938964844,419.3500061035156,412.20001220703125,413.20001220703125,5102333
2023-03-06,404.3733215332031,414.5,422.20001220703125,413.8999938964844,419.0,5071598
2023-03-08,397.7882385253906,407.75,409.95001220703125,396.1000061035156,409.95001220703125,7044653
2023-03-09,398.8614196777344,408.8500061035156,418.5,408.0,411.0,6982179
2023-03-10,395.7395324707031,405.6499938964844,409.5,395.3999938964844,403.0,5239128
2023-03-13,392.422607421875,402.25,414.95001220703125,398.5,409.0,5962595
2023-03-14,392.86163330078125,402.70001220703125,407.95001220703125,399.45001220703125,404.29998779296875,5841181
2023-03-15,396.2273254394531,406.1499938964844,412.75,405.0,407.95001220703125,5681268
2023-03-16,375.5452880859375,384.95001220703125,400.8500061035156,383.1000061035156,400.6000061035156,16739755
2023-03-17,387.00823974609375,396.70001220703125,398.04998779296875,386.54998779296875,389.25,9861244
2023-03-20,376.3257141113281,385.75,394.04998779296875,381.0,393.75,6331283
2023-03-21,379.05731201171875,388.54998779296875,390.6000061035156,384.95001220703125,387.70001220703125,6080002
2023-03-22,383.15472412109375,392.75,396.75,388.25,390.1000061035156,6511605
2023-03-23,389.0569152832031,398.79998779296875,400.6499938964844,386.0,387.0,10453779
2023-03-24,378.91094970703125,388.3999938964844,401.0,386.1499938964844,400.79998779296875,8833099
2023-03-27,380.42315673828125,389.95001220703125,396.6000061035156,389.3999938964844,390.0,7066058
2023-03-28,383.3010559082031,392.8999938964844,399.79998779296875,391.75,393.0,6424209
2023-03-29,389.30078125,399.04998779296875,400.8999938964844,389.8999938964844,394.8999938964844,6959623
2023-03-31,395.4468688964844,405.3500061035156,410.29998779296875,401.1000061035156,404.04998779296875,7468634
2023-04-03,392.71527099609375,402.54998779296875,406.8999938964844,399.54998779296875,406.5,5200766
2023-04-05,393.4469299316406,403.29998779296875,404.6000061035156,394.29998779296875,402.0,5607641
2023-04-06,395.3493347167969,405.25,406.5,398.75,401.0,4174551
2023-04-10,401.3978576660156,411.45001220703125,413.8500061035156,405.5,406.79998779296875,5327008
2023-04-11,407.34881591796875,417.54998779296875,418.04998779296875,411.1499938964844,412.8999938964844,4965642
2023-04-12,407.4464111328125,417.6499938964844,422.3999938964844,415.6000061035156,419.8999938964844,4701591
2023-04-13,411.7388610839844,422.04998779296875,422.75,415.3500061035156,418.04998779296875,6368113
2023-04-17,418.2264404296875,428.70001220703125,429.1499938964844,421.6000061035156,422.3500061035156,6920340
2023-04-18,421.00677490234375,431.54998779296875,433.0,427.8999938964844,430.0,4866068
2023-04-19,422.47015380859375,433.04998779296875,437.3500061035156,431.29998779296875,434.3999938964844,5982454
2023-04-20,419.34832763671875,429.8500061035156,435.70001220703125,428.04998779296875,431.8999938964844,3830118
2023-04-21,412.0315856933594,422.3500061035156,430.8500061035156,419.0,430.0,5139533
2023-04-24,417.348388671875,427.79998779296875,428.95001220703125,418.3500061035156,419.0,2308450
2023-04-25,419.299560546875,429.79998779296875,431.70001220703125,425.0,425.0,3648159
2023-04-26,414.42169189453125,424.79998779296875,427.0,422.1000061035156,425.6000061035156,5184973
2023-04-27,420.27508544921875,430.79998779296875,431.45001220703125,422.04998779296875,425.0,3271257
2023-04-28,425.4456481933594,436.1000061035156,437.0,430.8999938964844,433.5,4913550
2023-05-02,435.2500915527344,446.1499938964844,449.8999938964844,438.0,439.0,5178547
2023-05-03,431.494140625,442.29998779296875,443.8999938964844,434.25,441.0,4826725
2023-05-04,434.615966796875,445.5,446.45001220703125,440.5,445.0,3100187
2023-05-05,423.6408386230469,434.25,443.5,432.6499938964844,443.0,3034975
2023-05-08,434.1769104003906,445.04998779296875,446.8999938964844,436.20001220703125,438.25,4090222
2023-05-09,429.5917663574219,440.3500061035156,446.70001220703125,439.20001220703125,444.54998779296875,2941913
2023-05-10,425.7870788574219,436.45001220703125,442.8500061035156,433.6499938964844,441.0,3075599
2023-05-11,410.5682067871094,420.8500061035156,434.0,419.54998779296875,434.0,11081500
2023-05-12,394.86151123046875,404.75,419.0,403.79998779296875,419.0,11152831
2023-05-15,400.6661682128906,410.70001220703125,412.8500061035156,404.3500061035156,408.5,5148782
2023-05-16,402.3734130859375,412.45001220703125,417.70001220703125,411.0,413.6000061035156,4010692
2023-05-17,397.739501953125,407.70001220703125,413.3999938964844,405.54998779296875,411.79998779296875,3727878
2023-05-18,396.56878662109375,406.5,413.3999938964844,405.6499938964844,411.0,4078918
2023-05-19,396.81268310546875,406.75,408.3999938964844,400.3999938964844,408.0,5523299
2023-05-22,397.739501953125,407.70001220703125,409.0,402.70001220703125,406.0,4237198
2023-05-23,400.27593994140625,410.29998779296875,413.79998779296875,406.8999938964844,409.20001220703125,3690618
2023-05-24,396.9590148925781,406.8999938964844,410.5,403.6000061035156,408.8999938964844,7866105
2023-05-25,394.373779296875,404.25,405.75,397.79998779296875,404.5,8018242
2023-05-26,403.446533203125,413.54998779296875,415.29998779296875,403.1000061035156,405.1000061035156,6401768
2023-05-29,409.64141845703125,419.8999938964844,425.0,415.5,417.0,8350721
2023-05-30,403.0075378417969,413.1000061035156,421.5,411.6000061035156,421.5,5596603
2023-05-31,395.98345947265625,405.8999938964844,410.70001220703125,404.3500061035156,410.5,22945527
2023-06-01,396.4224548339844,406.3500061035156,414.3999938964844,405.8999938964844,409.04998779296875,4269628
2023-06-02,410.47064208984375,420.75,421.8999938964844,412.04998779296875,412.04998779296875,11695310
2023-06-05,409.4462890625,419.70001220703125,426.0,418.3999938964844,424.8500061035156,8039709
2023-06-06,405.3976745605469,415.54998779296875,422.0,413.79998779296875,419.70001220703125,4383684
2023-06-07,412.27545166015625,422.6000061035156,423.70001220703125,413.8500061035156,418.0,6911473
2023-06-08,408.0317077636719,418.25,425.70001220703125,417.70001220703125,423.95001220703125,5571023
2023-06-09,404.9098815917969,415.04998779296875,421.8500061035156,414.5,421.8500061035156,3518826
2023-06-12,406.61712646484375,416.79998779296875,421.0,414.0,417.95001220703125,2813911
2023-06-13,411.1047668457031,421.3999938964844,424.0,416.8999938964844,419.0,4247391
2023-06-14,414.6655578613281,425.04998779296875,430.0,424.1499938964844,427.0,7213168
2023-06-15,412.7144470214844,423.04998779296875,425.6499938964844,420.75,424.8999938964844,4863359
2023-06-16,416.5191955566406,426.95001220703125,431.45001220703125,425.79998779296875,427.70001220703125,7931068
2023-06-19,415.73870849609375,426.1499938964844,432.0,423.04998779296875,424.25,3950931
2023-06-20,418.4703369140625,428.95001220703125,433.25,423.04998779296875,426.1499938964844,5090801
2023-06-21,410.6658020019531,420.95001220703125,429.70001220703125,418.1000061035156,428.95001220703125,5689533
2023-06-22,409.7877502441406,420.04998779296875,425.3999938964844,416.20001220703125,421.8999938964844,3566261
2023-06-23,398.5199279785156,408.5,416.95001220703125,407.45001220703125,416.0,5403772
2023-06-26,404.5684509277344,414.70001220703125,416.0,408.20001220703125,410.0,4460980
2023-06-27,407.5439453125,417.75,419.29998779296875,414.0,416.0,3047635
2023-06-28,409.9341125488281,420.20001220703125,421.54998779296875,418.3500061035156,419.75,4613401
2023-06-30,410.6658020019531,420.95001220703125,422.6499938964844,414.6499938964844,419.8500061035156,4115005
2023-07-03,415.2509460449219,425.6499938964844,428.75,422.1000061035156,424.0,3693861
2023-07-04,415.3972473144531,425.79998779296875,428.95001220703125,423.1499938964844,427.95001220703125,2721964
2023-07-05,411.2023010253906,421.5,427.3999938964844,419.3500061035156,425.0,4783528
2023-07-06,415.98260498046875,426.3999938964844,428.0,417.1499938964844,418.95001220703125,5021705
2023-07-07,412.373046875,422.70001220703125,425.0,418.5,423.8999938964844,6769909
2023-07-10,417.3971862792969,427.8500061035156,436.20001220703125,423.0,423.0,6502214
2023-07-11,414.275390625,424.6499938964844,431.8500061035156,424.0,429.25,3055356
2023-07-12,414.4704895019531,424.8500061035156,428.1000061035156,422.25,425.5,2854995
2023-07-13,424.567626953125,435.20001220703125,439.5,430.20001220703125,430.20001220703125,11590791
2023-07-14,436.03057861328125,446.95001220703125,448.5,439.6000061035156,441.0,10801568
2023-07-17,436.1768798828125,447.1000061035156,454.1499938964844,443.3999938964844,447.79998779296875,8441112
2023-07-18,433.6404113769531,444.5,449.0,442.20001220703125,447.0,3963196
2023-07-19,428.4698791503906,439.20001220703125,444.3999938964844,438.5,444.0,5062700
2023-07-20,430.7624816894531,441.54998779296875,442.8999938964844,438.25,442.0,5156038
2023-07-21,423.8847351074219,434.5,441.45001220703125,433.6499938964844,441.45001220703125,4309067
2023-07-24,422.37255859375,432.95001220703125,437.54998779296875,431.5,434.0,3399581
2023-07-25,438.51824951171875,449.5,450.5,435.0,436.1499938964844,8482756
2023-07-26,438.03045654296875,449.0,451.6499938964844,446.3999938964844,449.5,4218466
2023-07-27,440.371826171875,451.3999938964844,459.6000061035156,448.1000061035156,451.0,5615100
2023-07-28,440.4693908691406,451.5,452.6499938964844,443.3999938964844,450.5,3886408
2023-07-31,451.2982482910156,462.6000061035156,463.25,453.0,453.04998779296875,4974267
2023-08-01,452.7615661621094,464.1000061035156,471.54998779296875,462.1000061035156,465.0,6249656
2023-08-02,443.3960876464844,454.5,461.20001220703125,449.6499938964844,460.0,5986653
2023-08-03,442.2254333496094,453.29998779296875,458.5,445.0,450.0,4026983
2023-08-04,445.8350524902344,457.0,466.0,453.8999938964844,464.0,7576934
2023-08-07,453.49322509765625,464.8500061035156,467.3500061035156,459.1499938964844,459.20001220703125,3770469
2023-08-08,443.6400146484375,454.75,467.25,452.0,464.8500061035156,6448476
2023-08-09,457.44427490234375,468.8999938964844,469.79998779296875,450.8999938964844,454.75,6171305
2023-08-10,457.44427490234375,468.8999938964844,471.0,463.0,468.0,4285159
2023-08-11,451.1518859863281,462.45001220703125,470.0,460.0,467.0,4422888
2023-08-14,442.6581115722656,450.79998779296875,458.6000061035156,447.6000061035156,458.6000061035156,4566085
2023-08-16,437.15924072265625,445.20001220703125,448.0,439.0,447.0,5066857
2023-08-17,439.5158996582031,447.6000061035156,449.25,440.5,443.0,3558210
2023-08-18,431.56219482421875,439.5,447.5,438.1499938964844,447.5,3990678
2023-08-21,441.28338623046875,449.3999938964844,450.8500061035156,439.8999938964844,443.0,3775298
2023-08-22,442.21624755859375,450.3500061035156,454.3999938964844,448.3500061035156,449.75,3254685
2023-08-23,452.91937255859375,461.25,465.29998779296875,452.8999938964844,454.70001220703125,9182054
2023-08-24,448.2551574707031,456.5,465.8999938964844,453.8500061035156,464.0,5950400
2023-08-25,441.87255859375,450.0,454.29998779296875,448.8999938964844,453.0,3304204
2023-08-28,438.2393798828125,446.29998779296875,452.8500061035156,445.5,450.54998779296875,4259997
2023-08-29,447.8132629394531,456.04998779296875,458.5,447.3500061035156,448.0,6062408
2023-08-30,448.5006103515625,456.75,465.1499938964844,455.75,460.20001220703125,5510658
2023-08-31,451.5446472167969,459.8500061035156,465.0,456.75,462.25,9294166
2023-09-01,464.7026062011719,473.25,478.5,462.1000061035156,462.95001220703125,11151562
2023-09-04,477.8606262207031,486.6499938964844,492.29998779296875,475.0,477.6000061035156,10359653
2023-09-05,477.320556640625,486.1000061035156,489.75,478.20001220703125,486.0,4941534
2023-09-06,469.51409912109375,478.1499938964844,484.8999938964844,474.25,484.8999938964844,5138246
2023-09-07,466.51922607421875,475.1000061035156,479.5,473.54998779296875,475.54998779296875,4055611
2023-09-08,467.5502624511719,476.1499938964844,478.79998779296875,467.70001220703125,473.0,5637990
2023-09-11,476.0931396484375,484.8500061035156,487.79998779296875,476.45001220703125,478.0,5960678
2023-09-12,469.1213684082031,477.75,490.8999938964844,475.3999938964844,490.0,6817270
2023-09-13,474.4729309082031,483.20001220703125,484.79998779296875,473.8500061035156,478.5,4162140
2023-09-14,488.36737060546875,497.3500061035156,508.8999938964844,486.0,486.0,16108768
2023-09-15,487.5818176269531,496.54998779296875,508.0,494.95001220703125,507.79998779296875,8515363
2023-09-18,475.74945068359375,484.5,494.0,483.1499938964844,494.0,6238600
2023-09-20,469.6614074707031,478.29998779296875,486.3999938964844,475.25,482.0,5861905
2023-09-21,470.8888244628906,479.54998779296875,486.45001220703125,476.3999938964844,479.0,5146457
2023-09-22,470.2015075683594,478.8500061035156,481.79998779296875,471.5,479.0,3684720
2023-09-25,460.87310791015625,469.3500061035156,478.79998779296875,467.25,478.79998779296875,5768069
2023-09-26,462.9842529296875,471.5,474.29998779296875,466.20001220703125,468.5,4666823
2023-09-27,466.3719482421875,474.95001220703125,475.75,466.25,466.25,5656858
2023-09-28,458.4182434082031,466.8500061035156,479.6000061035156,464.45001220703125,476.0,5869780
2023-09-29,483.75225830078125,492.6499938964844,494.5,474.20001220703125,478.0,11604605
2023-10-03,471.2816162109375,479.95001220703125,484.54998779296875,476.6000061035156,483.1000061035156,4657602
2023-10-04,464.84991455078125,473.3999938964844,477.8999938964844,470.0,474.0,3302259
2023-10-05,462.0513916015625,470.54998779296875,482.3999938964844,468.3500061035156,473.3999938964844,4801287
2023-10-06,464.06439208984375,472.6000061035156,476.45001220703125,469.3500061035156,475.0,3134022
2023-10-09,461.31494140625,469.79998779296875,473.5,464.6000061035156,472.45001220703125,2681298
2023-10-10,471.9689636230469,480.6499938964844,484.79998779296875,467.0,473.0,7863825
2023-10-11,475.1602478027344,483.8999938964844,485.95001220703125,480.1000061035156,485.6499938964844,7006735
2023-10-12,475.6512451171875,484.3999938964844,494.0,482.54998779296875,483.1000061035156,6895255
2023-10-13,471.9198913574219,480.6000061035156,487.5,477.5,479.0,4652247
2023-10-16,474.6693115234375,483.3999938964844,486.5,475.29998779296875,479.75,5043158
2023-10-17,475.6021728515625,484.3500061035156,488.45001220703125,480.70001220703125,486.5,4495043
2023-10-18,476.2895202636719,485.04998779296875,494.79998779296875,483.54998779296875,487.79998779296875,7437952
2023-10-19,471.2816162109375,479.95001220703125,482.25,471.0,478.45001220703125,6035837
2023-10-20,463.229736328125,471.75,479.8500061035156,470.0,475.0,2777724
2023-10-23,448.4515686035156,456.70001220703125,473.95001220703125,455.0,470.79998779296875,2994345
2023-10-25,452.87030029296875,461.20001220703125,473.0,459.3999938964844,466.0,7854105
2023-10-26,448.4024353027344,456.6499938964844,458.45001220703125,448.75,456.70001220703125,6625855
2023-10-27,447.9114685058594,456.1499938964844,464.3999938964844,454.45001220703125,458.0,6193726
2023-10-30,448.4024353027344,456.6499938964844,461.75,454.0,458.75,7523779
2023-10-31,451.20098876953125,459.5,465.0,453.25,465.0,5236060
2023-11-01,454.34320068359375,462.70001220703125,466.0,456.0,458.5,4931538
2023-11-02,465.6354675292969,474.20001220703125,475.79998779296875,463.25,463.25,3933951
2023-11-03,466.617431640625,475.20001220703125,481.45001220703125,474.25,478.95001220703125,3274345
2023-11-06,473.24554443359375,481.95001220703125,484.79998779296875,478.25,480.0,4294682
2023-11-07,475.79852294921875,484.54998779296875,491.5,480.29998779296875,482.0,5425669
2023-11-08,479.2353210449219,488.04998779296875,491.45001220703125,478.1499938964844,491.45001220703125,8220612
2023-11-09,475.70037841796875,484.45001220703125,488.79998779296875,483.1499938964844,488.79998779296875,3271496
2023-11-10,472.60723876953125,481.29998779296875,488.25,479.54998779296875,482.04998779296875,3498064
2023-11-13,478.69525146484375,487.5,492.3500061035156,481.1000061035156,482.0,4918873
2023-11-15,496.27197265625,505.3999938964844,513.5,494.20001220703125,497.0,11674265
2023-11-16,495.19183349609375,504.29998779296875,507.45001220703125,497.1499938964844,504.0,4171759
2023-11-17,488.7601318359375,497.75,506.45001220703125,496.8500061035156,503.04998779296875,3595049
2023-11-20,488.3182678222656,497.29998779296875,505.95001220703125,496.54998779296875,500.1499938964844,4305637
2023-11-21,497.69580078125,506.8500061035156,510.95001220703125,501.8999938964844,502.79998779296875,7154476
2023-11-22,491.2149963378906,500.25,506.8500061035156,498.95001220703125,504.8999938964844,4337970
2023-11-23,492.88427734375,501.95001220703125,503.0,491.6499938964844,499.0,6628259
2023-11-24,498.62860107421875,507.79998779296875,512.75,502.54998779296875,504.8500061035156,5973059
2023-11-28,506.2877197265625,515.5999755859375,518.25,509.79998779296875,511.75,7804926
2023-11-29,508.1043395996094,517.4500122070312,523.3499755859375,513.9000244140625,519.0,6275280
2023-11-30,506.33685302734375,515.6500244140625,519.75,511.3500061035156,519.2999877929688,7599701
2023-12-01,507.8588562011719,517.2000122070312,524.7999877929688,515.2999877929688,520.0499877929688,4933886
2023-12-04,509.871826171875,519.25,526.6500244140625,516.5499877929688,524.0499877929688,5985489
2023-12-05,511.2465515136719,520.6500244140625,528.7999877929688,515.4500122070312,518.3499755859375,6399021
2023-12-06,513.5541381835938,523.0,526.9500122070312,515.5999755859375,521.0,4831956
2023-12-07,506.7296447753906,516.0499877929688,522.4000244140625,515.0999755859375,521.0,4628885
2023-12-08,510.9519348144531,520.3499755859375,525.0499877929688,514.0,519.5,3733998
2023-12-11,512.9649658203125,522.4000244140625,523.7999877929688,517.0999755859375,520.2999877929688,2597347
2023-12-12,517.9237670898438,527.4500122070312,538.5,522.1500244140625,525.0,9498031
2023-12-13,523.2261352539062,532.8499755859375,535.25,523.2999877929688,528.9500122070312,4000017
2023-12-14,533.2910766601562,543.0999755859375,545.9500122070312,537.25,540.0,7190654
2023-12-15,547.185546875,557.25,559.0499877929688,548.2000122070312,556.0,8191005
2023-12-18,556.1702880859375,566.4000244140625,567.4000244140625,551.5,557.0,5076184
2023-12-19,554.6482543945312,564.8499755859375,567.9500122070312,555.7000122070312,567.9500122070312,4484733
2023-12-20,538.2989501953125,548.2000122070312,570.9000244140625,546.25,569.5,6959868
2023-12-21,546.2035522460938,556.25,561.6500244140625,541.6500244140625,544.0,4591119
2023-12-22,560.1471557617188,570.4500122070312,572.0,559.0,559.4000244140625,7865384
2023-12-26,569.3773193359375,579.8499755859375,580.8499755859375,570.5,574.9500122070312,4649730
2023-12-27,594.6622314453125,605.5999755859375,607.6500244140625,580.2999877929688,582.0,12430827
2023-12-28,603.2052001953125,614.2999877929688,616.5,605.2000122070312,608.0,7139743
2023-12-29,603.7451171875,614.8499755859375,618.0,608.0999755859375,614.2999877929688,3995822
2024-01-01,599.3756103515625,610.4000244140625,620.5,606.9500122070312,614.5,2961919
2024-01-02,605.8563232421875,617.0,620.0,607.4000244140625,610.4000244140625,4975013
2024-01-03,582.3389282226562,593.0499877929688,611.4000244140625,592.0,608.25,7226455
2024-01-04,579.8349609375,590.5,595.8499755859375,587.6500244140625,594.0,6592370
2024-01-05,576.398193359375,587.0,597.5999755859375,581.5499877929688,590.5999755859375,2990123
2024-01-08,567.217041015625,577.6500244140625,592.5,576.4500122070312,587.0,4425767
2024-01-09,565.5477905273438,575.9500122070312,584.9000244140625,573.5999755859375,581.9500122070312,5314029
2024-01-10,569.57373046875,580.0499877929688,582.0,570.6500244140625,576.0,2408792
2024-01-11,566.5297241210938,576.9500122070312,587.0,575.5,582.9500122070312,3899383
2024-01-12,571.5375366210938,582.0499877929688,585.5,575.75,581.0,2440863
2024-01-15,564.271240234375,574.6500244140625,586.0,572.25,585.8499755859375,3778987
2024-01-16,569.082763671875,579.5499877929688,584.8499755859375,569.4500122070312,575.9500122070312,5187155
2024-01-17,550.13134765625,560.25,572.7000122070312,558.0999755859375,570.9500122070312,6148035
2024-01-18,544.8779907226562,554.9000244140625,561.3499755859375,547.7999877929688,560.25,3784905
2024-01-19,547.0381469726562,557.0999755859375,561.0,554.5,556.5,4451789
2024-01-23,531.6217651367188,541.4000244140625,561.7999877929688,537.5999755859375,558.0,7867972
2024-01-24,554.94287109375,565.1500244140625,566.7999877929688,547.0,550.0,8619429
2024-01-25,556.955810546875,567.2000122070312,570.0,558.4000244140625,566.5,5366990
2024-01-29,557.6431884765625,567.9000244140625,571.9500122070312,562.0,568.0,5126212
2024-01-30,558.96875,569.25,584.2999877929688,567.25,569.9500122070312,7968815
2024-01-31,568.8863525390625,579.3499755859375,580.5999755859375,568.25,569.2000122070312,5644545
2024-02-01,560.9326782226562,571.25,581.7999877929688,570.2999877929688,578.0,3509803
2024-02-02,572.9613647460938,583.5,589.0,573.0999755859375,577.0,7145858
2024-02-05,569.4264526367188,579.9000244140625,590.9000244140625,576.0499877929688,583.5,4801118
2024-02-06,574.3361206054688,584.9000244140625,587.75,569.25,578.5999755859375,4099573
2024-02-07,581.5534057617188,592.25,602.1500244140625,584.6500244140625,590.4000244140625,9415146
2024-02-08,590.43994140625,601.2999877929688,608.9500122070312,587.8499755859375,592.0,11844758
2024-02-09,580.6204833984375,591.2999877929688,602.0,576.2999877929688,601.0,5105348
2024-02-12,571.930419921875,582.4500122070312,601.7999877929688,579.75,591.9000244140625,4595403
2024-02-13,500.8870849609375,510.1000061035156,540.0,496.3500061035156,539.0,46100123
2024-02-14,498.62860107421875,507.79998779296875,516.9000244140625,503.1499938964844,515.0,16634538
2024-02-15,503.9311218261719,513.2000122070312,518.5,507.6000061035156,512.7000122070312,13303658
2024-02-16,506.38592529296875,515.7000122070312,519.9500122070312,510.95001220703125,519.9500122070312,12066565
2024-02-19,503.0473327636719,512.2999877929688,518.9000244140625,511.79998779296875,518.75,5580597
2024-02-20,502.3600158691406,511.6000061035156,515.9000244140625,507.1499938964844,512.5999755859375,5186970
2024-02-21,502.5563659667969,511.79998779296875,538.0,510.0,535.0,18106978
2024-02-22,511.7375793457031,521.1500244140625,522.1500244140625,514.25,516.2999877929688,8727844
2024-02-23,508.9880676269531,518.3499755859375,524.7999877929688,517.0,524.7000122070312,6445580
2024-02-26,495.92828369140625,505.04998779296875,519.75,504.0,519.4000244140625,7605543
2024-02-27,500.4452209472656,509.6499938964844,512.2000122070312,504.70001220703125,505.5,6741206
2024-02-28,495.2900085449219,504.3999938964844,514.4500122070312,501.75,512.5,4406098
2024-02-29,494.7499694824219,503.8500061035156,508.0,499.0,506.5,16860796
2024-03-01,509.7245178222656,519.0999755859375,522.5,510.0,510.0,9882296
2024-03-04,515.4688720703125,524.9500122070312,529.8499755859375,520.0499877929688,524.0,5989974
2024-03-05,512.6703491210938,522.0999755859375,528.2999877929688,520.2000122070312,524.0,5729926
2024-03-06,517.4328002929688,526.9500122070312,527.9000244140625,513.9500122070312,522.0499877929688,4637732
2024-03-07,527.0066528320312,536.7000122070312,540.8499755859375,529.25,530.7999877929688,7909060
2024-03-11,524.0609130859375,533.7000122070312,543.25,532.0999755859375,540.0,5527908
2024-03-12,519.3966674804688,528.9500122070312,536.8499755859375,525.2999877929688,533.0999755859375,3703670
2024-03-13,497.84307861328125,507.0,530.0,501.20001220703125,529.3499755859375,5712435
2024-03-14,515.7634887695312,525.25,526.3499755859375,507.0,512.0,10349338
2024-03-15,522.931640625,532.5499877929688,534.0499877929688,517.5,522.0,8467660
2024-03-18,521.5569458007812,531.1500244140625,535.5499877929688,527.0,532.0,4282437
2024-03-19,524.01171875,533.6500244140625,539.75,529.25,532.0,7119131
2024-03-20,518.3164672851562,527.8499755859375,535.5,516.3499755859375,533.0,5005234
2024-03-21,529.9524536132812,539.7000122070312,545.75,534.25,538.4000244140625,8795679
2024-03-22,537.8570556640625,547.75,550.6500244140625,537.3499755859375,539.7000122070312,5518261
2024-03-26,548.560302734375,558.6500244140625,561.0,545.0,545.6500244140625,7198061
2024-03-27,547.5783081054688,557.6500244140625,564.6500244140625,556.7999877929688,564.2000122070312,5320703
2024-03-28,550.13134765625,560.25,566.6500244140625,555.2999877929688,561.0,8326754
2024-04-01,558.3304443359375,568.5999755859375,574.0,564.0999755859375,570.0,6192790
2024-04-02,560.8836059570312,571.2000122070312,572.2999877929688,561.5499877929688,571.0,4626877
2024-04-03,566.18603515625,576.5999755859375,584.0999755859375,567.1500244140625,570.2000122070312,7514291
2024-04-04,567.3152465820312,577.75,590.0,568.9500122070312,590.0,7246259
2024-04-05,559.7543334960938,570.0499877929688,575.0,567.5999755859375,572.5,4884617
2024-04-08,566.3824462890625,576.7999877929688,579.7000122070312,570.5,572.0,3276169
2024-04-09,577.9692993164062,588.5999755859375,595.4500122070312,574.0,578.0999755859375,7829711
2024-04-10,592.1583251953125,603.0499877929688,604.9000244140625,591.0499877929688,596.2000122070312,11748104
2024-04-12,587.8378295898438,598.6500244140625,609.0499877929688,595.2999877929688,609.0499877929688,15994496
2024-04-15,601.634033203125,612.7000122070312,625.4000244140625,605.7000122070312,615.0,27067692
2024-04-16,597.853515625,608.8499755859375,621.4000244140625,606.7999877929688,612.7000122070312,10722248
2024-04-18,601.732177734375,612.7999877929688,625.0,609.7999877929688,616.4000244140625,9953539
2024-04-19,603.6470336914062,614.75,616.2999877929688,600.7000122070312,609.0,6443897
2024-04-22,607.37841796875,618.5499877929688,622.4500122070312,612.7000122070312,620.6500244140625,6503652
2024-04-23,600.750244140625,611.7999877929688,618.75,610.4000244140625,618.5,6154126
2024-04-24,624.6113891601562,636.0999755859375,637.6500244140625,608.7000122070312,611.7999877929688,11775700
2024-04-25,635.1181030273438,646.7999877929688,648.25,628.0999755859375,635.7000122070312,11897458
2024-04-26,637.572998046875,649.2999877929688,661.5999755859375,643.0,650.9500122070312,7545608
2024-04-29,638.3094482421875,650.0499877929688,655.4000244140625,641.2000122070312,654.9500122070312,4157501
2024-04-30,632.7615356445312,644.4000244140625,653.7000122070312,642.2999877929688,653.5999755859375,4771959
2024-05-02,629.8648071289062,641.4500122070312,646.9000244140625,628.6500244140625,635.9000244140625,17929526
2024-05-03,635.4127197265625,647.0999755859375,655.0499877929688,638.4000244140625,655.0499877929688,10633995
2024-05-06,627.2626342773438,638.7999877929688,655.0,629.2999877929688,650.0,10094421
2024-05-07,608.9985961914062,620.2000122070312,646.9000244140625,611.75,646.9000244140625,10787196
2024-05-08,622.058349609375,633.5,634.4500122070312,615.0999755859375,615.0999755859375,7683352
2024-05-09,608.2130126953125,619.4000244140625,637.75,615.0,634.0,6588118
2024-05-10,614.3009643554688,625.5999755859375,629.5499877929688,618.0,620.0999755859375,4364788
2024-05-13,622.058349609375,633.5,636.1500244140625,614.2999877929688,625.0999755859375,3582386
2024-05-14,634.9708251953125,646.6500244140625,649.5,638.2000122070312,644.3499755859375,8339846
2024-05-15,641.8935546875,653.7000122070312,659.0,648.7000122070312,653.0,6764257
2024-05-16,641.5498046875,653.3499755859375,666.0,643.25,660.0,8781056
2024-05-17,643.6119384765625,655.4500122070312,658.7999877929688,650.4000244140625,653.0,5026205
2024-05-21,681.0728759765625,693.5999755859375,695.4000244140625,663.2000122070312,666.2999877929688,15976672
2024-05-22,672.1863403320312,684.5499877929688,698.7000122070312,677.4000244140625,698.5499877929688,8004434
2024-05-23,664.5762939453125,676.7999877929688,678.5499877929688,665.9500122070312,675.1500244140625,9749101
2024-05-24,661.0903930664062,673.25,690.4500122070312,671.0499877929688,679.25,15930052
2024-05-27,665.6073608398438,677.8499755859375,689.5,675.5,685.0499877929688,10475785
2024-05-28,668.9950561523438,681.2999877929688,698.0,678.3499755859375,682.0,12925385
2024-05-29,692.5615234375,705.2999877929688,713.5,682.2999877929688,695.0,22684652
2024-05-30,682.5949096679688,695.1500244140625,713.0499877929688,693.3499755859375,704.8499755859375,10361716
2024-05-31,676.899658203125,689.3499755859375,703.4500122070312,684.3499755859375,698.9000244140625,13620282
2024-06-03,683.3804931640625,695.9500122070312,715.25,692.7999877929688,715.0,7081956
2024-06-04,637.3274536132812,649.0499877929688,697.0,594.25,697.0,24250212
2024-06-05,682.693115234375,695.25,700.6500244140625,607.0,627.0,25836374
2024-06-06,665.2636108398438,677.5,695.0,673.0,695.0,10420244
2024-06-07,668.0621337890625,680.3499755859375,687.0,672.4500122070312,677.5,7172942
2024-06-10,664.18359375,676.4000244140625,684.8499755859375,673.0499877929688,677.0499877929688,4054802
2024-06-11,660.7958374023438,672.9500122070312,681.25,672.0499877929688,680.0,5157918
2024-06-12,661.7286987304688,673.9000244140625,683.0,671.8499755859375,674.0,10783822
2024-06-13,668.4059448242188,680.7000122070312,684.6500244140625,676.0499877929688,678.0,9555904
2024-06-14,671.2534790039062,683.5999755859375,690.0,677.4000244140625,690.0,8326865
2024-06-18,666.4910888671875,678.75,688.0,677.0,683.5999755859375,4013739
2024-06-19,650.4364624023438,662.4000244140625,682.0,660.4000244140625,680.0499877929688,4770356
2024-06-20,664.28173828125,676.5,684.3499755859375,661.75,665.0,6646966
2024-06-21,672.1372680664062,684.5,691.2000122070312,677.0,680.0,11973903
2024-06-24,672.8737182617188,685.25,687.7000122070312,675.0999755859375,679.5999755859375,8014595
2024-06-25,673.119140625,685.5,696.0,680.9000244140625,688.7999877929688,5778636
2024-06-26,662.5142211914062,674.7000122070312,683.5499877929688,671.3499755859375,683.5499877929688,6069407
2024-06-27,672.8737182617188,685.25,687.7000122070312,672.0999755859375,678.0,7135387
2024-06-28,681.0238037109375,693.5499877929688,697.5,686.0,690.25,6101211
2024-07-01,677.390625,689.8499755859375,701.8499755859375,688.4000244140625,699.0,4870114
2024-07-02,682.2021484375,694.75,703.2999877929688,688.4000244140625,689.9000244140625,5482768
2024-07-03,679.1581420898438,691.6500244140625,703.0,683.4000244140625,698.9000244140625,5875690
2024-07-04,679.3544311523438,691.8499755859375,705.75,690.5499877929688,697.7000122070312,5924057
2024-07-05,686.522705078125,699.1500244140625,702.5,693.5,694.0,5174673
2024-07-08,684.60791015625,697.2000122070312,705.9000244140625,691.6500244140625,703.6500244140625,2636146
2024-07-09,694.2308959960938,707.0,710.6500244140625,695.5499877929688,702.0,5507357
2024-07-10,680.7782592773438,693.2999877929688,712.0999755859375,685.2999877929688,708.0,5327276
2024-07-11,683.72412109375,696.2999877929688,702.0,692.0,702.0,6856272
2024-07-12,679.5509033203125,692.0499877929688,702.4500122070312,686.0999755859375,697.5,3839953
2024-07-15,687.4555053710938,700.0999755859375,701.5999755859375,688.4500122070312,692.0499877929688,2848268
2024-07-16,678.3234252929688,690.7999877929688,703.1500244140625,689.0,700.2999877929688,4570179
2024-07-18,677.4888305664062,689.9500122070312,695.8499755859375,684.0999755859375,686.0,7841505
2024-07-19,651.0255737304688,663.0,685.7000122070312,658.6500244140625,683.9000244140625,6207375
2024-07-22,660.1575927734375,672.2999877929688,675.0,650.8499755859375,655.0,3291634
2024-07-23,641.6972045898438,653.5,673.2000122070312,638.7000122070312,672.2999877929688,9602846
2024-07-24,639.8314208984375,651.5999755859375,656.6500244140625,645.0,653.0,2610134
2024-07-25,634.8726806640625,646.5499877929688,649.0,633.2999877929688,641.9500122070312,6171776
2024-07-26,655.5424194335938,667.5999755859375,668.5,655.0,660.0,4730539
2024-07-29,654.8059692382812,666.8499755859375,676.75,665.0,676.75,6032470
2024-07-30,648.5706787109375,660.5,665.0,654.5999755859375,665.0,6714850
2024-07-31,657.5062866210938,669.5999755859375,674.0,664.25,667.0,8551592
2024-08-01,661.3359375,673.5,690.9000244140625,667.3499755859375,680.0,8831127
2024-08-02,636.3455810546875,648.0499877929688,665.5999755859375,646.5499877929688,659.7999877929688,6717210
2024-08-05,603.2052001953125,614.2999877929688,633.8499755859375,609.25,628.0499877929688,13451475
2024-08-06,599.27734375,610.2999877929688,629.0,608.0,625.0,7063441
2024-08-07,612.4354248046875,623.7000122070312,629.4500122070312,616.75,625.0,4839670
2024-08-08,602.9595947265625,614.0499877929688,631.0,613.0,625.0,5396272
2024-08-09,615.1561279296875,622.9000244140625,626.5,614.7999877929688,622.0,3629264
2024-08-12,621.5259399414062,629.3499755859375,634.4000244140625,616.5,619.0,3586449
2024-08-13,613.6748046875,621.4000244140625,634.4000244140625,619.2000122070312,634.4000244140625,6793767
2024-08-14,613.72412109375,621.4500122070312,633.9500122070312,611.5999755859375,626.8499755859375,8646288
2024-08-16,626.2662353515625,634.1500244140625,642.0,630.2000122070312,633.9500122070312,6566337
2024-08-19,650.6591796875,658.8499755859375,660.2999877929688,636.5,636.5,9510274
2024-08-20,664.5345458984375,672.9000244140625,674.2999877929688,661.0499877929688,663.0,10295836
2024-08-21,677.0765991210938,685.5999755859375,696.5999755859375,667.7999877929688,668.9000244140625,7815238
2024-08-22,677.0272216796875,685.5499877929688,692.0,677.2000122070312,691.5,6188728
2024-08-23,676.5828247070312,685.0999755859375,694.7000122070312,677.7999877929688,690.0499877929688,7774920
2024-08-26,703.000244140625,711.8499755859375,712.9000244140625,689.5,694.4000244140625,11517668
2024-08-27,694.7540893554688,703.5,712.9500122070312,702.75,711.9000244140625,6465241
2024-08-28,696.2848510742188,705.0499877929688,710.7000122070312,701.1500244140625,706.0,3599946
2024-08-29,691.7913818359375,700.5,702.3499755859375,691.4000244140625,697.6500244140625,5728640
2024-08-30,692.6307983398438,701.3499755859375,708.5,695.0999755859375,699.0,7404373
2024-09-02,675.3977661132812,683.9000244140625,706.7000122070312,683.2000122070312,706.7000122070312,6186645
2024-09-03,670.4599609375,678.9000244140625,692.7000122070312,677.5499877929688,687.6500244140625,4457291
2024-09-04,658.5103759765625,666.7999877929688,673.7999877929688,661.25,666.6500244140625,5816848
2024-09-05,661.6212158203125,669.9500122070312,672.4000244140625,667.25,670.0,3749608
2024-09-06,658.8065795898438,667.0999755859375,677.0,665.4500122070312,668.25,6311131
2024-09-09,650.3629150390625,658.5499877929688,664.0,651.0,664.0,5144488
2024-09-10,651.3011474609375,659.5,666.7999877929688,653.7000122070312,664.9000244140625,3304741
2024-09-11,639.6478271484375,647.7000122070312,658.5999755859375,645.4000244140625,658.5999755859375,3825823
2024-09-12,667.7935180664062,676.2000122070312,677.9000244140625,651.5,658.0,8594764
2024-09-13,664.8801879882812,673.25,686.4000244140625,670.5999755859375,686.0,5977861
2024-09-16,676.6322631835938,685.1500244140625,687.5499877929688,676.5499877929688,680.0999755859375,4258546
2024-09-17,674.5089721679688,683.0,692.0,681.0999755859375,689.0,3395470
2024-09-18,676.73095703125,685.25,687.9500122070312,673.3499755859375,685.0,3404940
2024-09-19,675.6940307617188,684.2000122070312,690.8499755859375,668.2000122070312,690.0,5134590
2024-09-20,685.7672729492188,694.4000244140625,698.7999877929688,688.75,692.0999755859375,9753966
2024-09-23,681.965087890625,690.5499877929688,698.0,687.9500122070312,695.5,2808114
2024-09-24,708.9256591796875,717.8499755859375,719.7000122070312,693.0,697.5999755859375,15201960
2024-09-25,709.5182495117188,718.4500122070312,730.9000244140625,715.5499877929688,725.0,9525319
2024-09-26,725.516845703125,734.6500244140625,736.1500244140625,710.7000122070312,718.4500122070312,10573166
2024-09-27,737.8614501953125,747.1500244140625,757.7000122070312,742.0999755859375,746.9500122070312,12936973
2024-09-30,746.7988891601562,756.2000122070312,764.4500122070312,749.4500122070312,750.0,8566640
2024-10-01,752.0823974609375,761.5499877929688,765.5,745.2000122070312,755.0,4402151
2024-10-03,737.8120727539062,747.0999755859375,772.6500244140625,744.7000122070312,750.0,5649089
2024-10-04,738.6021118164062,747.9000244140625,757.5499877929688,740.0499877929688,742.6500244140625,4624509
2024-10-07,722.2084350585938,731.2999877929688,753.0,722.5,753.0,5862059
2024-10-08,712.8265991210938,721.7999877929688,732.0,708.0,723.5,5418558
2024-10-09,718.505126953125,727.5499877929688,735.75,710.0,710.0,3733320
2024-10-10,721.0728149414062,730.1500244140625,738.2000122070312,726.2999877929688,731.9000244140625,3890250
2024-10-11,738.0588989257812,747.3499755859375,749.9500122070312,733.0499877929688,736.0,5224383
2024-10-14,733.7630615234375,743.0,755.0,739.4500122070312,746.0,2540789
2024-10-15,717.9125366210938,726.9500122070312,750.0,720.6500244140625,746.0,3056619
2024-10-16,723.986083984375,733.0999755859375,738.9000244140625,726.0499877929688,728.5,3207796
2024-10-17,725.6649780273438,734.7999877929688,747.2999877929688,732.3499755859375,741.0999755859375,6213860
2024-10-18,744.1325073242188,753.5,756.4500122070312,725.0499877929688,734.7999877929688,5474367
2024-10-21,730.4052734375,739.5999755859375,765.4500122070312,737.0,760.0,2981749
2024-10-22,711.2958374023438,720.25,745.7999877929688,718.2999877929688,733.0,5672302
2024-10-23,708.1849975585938,717.0999755859375,731.1500244140625,713.2999877929688,716.0,6522834
2024-10-24,682.1132202148438,690.7000122070312,715.0,666.75,715.0,14909729
2024-10-25,670.3118286132812,678.75,694.9000244140625,668.4500122070312,694.5,4091651
2024-10-28,684.285888671875,692.9000244140625,697.0,680.7999877929688,681.0,2587719
2024-10-29,684.9771118164062,693.5999755859375,696.2000122070312,676.4500122070312,692.9000244140625,4293867
2024-10-30,679.841796875,688.4000244140625,698.7999877929688,685.4000244140625,690.9500122070312,3284187
2024-10-31,677.5210571289062,686.0499877929688,689.5499877929688,679.25,686.8499755859375,4478581
2024-11-01,682.3107299804688,690.9000244140625,693.9000244140625,687.2000122070312,687.5,472898
2024-11-04,665.9170532226562,674.2999877929688,689.9000244140625,661.5999755859375,689.0,5245661
2024-11-05,688.8780517578125,697.5499877929688,701.4500122070312,674.7999877929688,675.5999755859375,4931994
2024-11-06,699.3956909179688,708.2000122070312,714.25,687.8499755859375,706.0,5500043
2024-11-07,640.0427856445312,648.0999755859375,687.7000122070312,646.2999877929688,682.0,26671445
2024-11-08,642.3636474609375,650.4500122070312,660.4500122070312,647.0,654.75,7886228
2024-11-11,647.2026977539062,655.3499755859375,657.5999755859375,638.7000122070312,647.4500122070312,4933389
2024-11-12,643.5487060546875,651.6500244140625,673.5,648.1500244140625,668.0,12009560
2024-11-13,618.8101196289062,626.5999755859375,649.9000244140625,622.5499877929688,648.0,7867492
2024-11-14,619.5507202148438,627.3499755859375,636.4500122070312,625.1500244140625,630.0,6937416
2024-11-18,642.9561157226562,651.0499877929688,663.0999755859375,639.9000244140625,641.9000244140625,13618683
2024-11-19,632.0435180664062,640.0,655.5499877929688,637.6500244140625,651.0999755859375,5015887
2024-11-21,639.993408203125,648.0499877929688,653.9000244140625,634.2999877929688,641.0,7910597
2024-11-22,643.9930419921875,652.0999755859375,657.2999877929688,647.4000244140625,652.9500122070312,3586402
2024-11-25,651.646728515625,659.8499755859375,663.0,654.4500122070312,660.0999755859375,5760810
2024-11-26,657.8190307617188,666.0999755859375,670.25,659.25,662.9000244140625,3604133
2024-11-27,652.8812255859375,661.0999755859375,669.7999877929688,660.1500244140625,667.2000122070312,2910507
2024-11-28,642.1660766601562,650.25,663.1500244140625,647.5999755859375,661.0,4686850
2024-11-29,648.0421142578125,656.2000122070312,658.5999755859375,649.0999755859375,652.5,3412007
2024-12-02,654.362548828125,662.5999755859375,663.4000244140625,653.0499877929688,656.2000122070312,2174126
2024-12-03,659.2509765625,667.5499877929688,669.5999755859375,657.0,665.4000244140625,3306465
2024-12-04,654.8069458007812,663.0499877929688,671.25,659.6500244140625,667.5499877929688,2785457
2024-12-05,662.510009765625,670.8499755859375,673.9500122070312,658.7000122070312,664.0,5156111
2024-12-06,661.8187255859375,670.1500244140625,676.5,667.25,673.4500122070312,2723680
2024-12-09,662.5593872070312,670.9000244140625,672.5,654.25,666.9500122070312,5079369
2024-12-10,660.584228515625,668.9000244140625,676.0,664.7000122070312,675.0,3950822
2024-12-11,662.1643676757812,670.5,679.7999877929688,668.0499877929688,671.0,3418716
2024-12-12,660.38671875,668.7000122070312,679.7999877929688,662.0,675.0,6585440
2024-12-13,653.8687133789062,662.0999755859375,665.5499877929688,648.0,663.0,4198819
2024-12-16,645.3756713867188,653.5,666.5999755859375,652.0499877929688,661.2999877929688,2619582
2024-12-17,631.5003662109375,639.4500122070312,653.5999755859375,637.0999755859375,649.5,4800541
2024-12-18,625.1305541992188,633.0,642.0499877929688,628.25,641.9500122070312,3753662
2024-12-19,621.5259399414062,629.3499755859375,633.25,614.0999755859375,620.5999755859375,5198027
2024-12-20,614.9092407226562,622.6500244140625,640.5999755859375,620.7000122070312,629.3499755859375,5964142
2024-12-23,626.2662353515625,634.1500244140625,635.9000244140625,625.5499877929688,625.5499877929688,2921238
2024-12-24,619.6495361328125,627.4500122070312,638.0999755859375,625.75,635.0,4830151
2024-12-26,620.933349609375,628.75,633.4500122070312,626.75,630.0,4476967
2024-12-27,609.7244873046875,617.4000244140625,632.8499755859375,615.7000122070312,628.75,3391148
2024-12-30,593.6270751953125,601.0999755859375,620.2999877929688,599.1500244140625,615.4000244140625,8023050
2024-12-31,594.9603271484375,602.4500122070312,605.9000244140625,597.4500122070312,601.4000244140625,3807525
2025-01-01,585.5784301757812,592.9500122070312,603.75,587.5,601.5,9217246
2025-01-02,591.55322265625,599.0,600.5499877929688,588.5999755859375,594.9000244140625,8525001
2025-01-03,583.8008422851562,591.1500244140625,599.75,590.0,599.0,6291674
2025-01-06,566.9627685546875,574.0999755859375,593.8499755859375,571.5999755859375,592.5999755859375,11202314
2025-01-07,577.2334594726562,584.5,588.4000244140625,572.0499877929688,573.0499877929688,5379682
2025-01-08,579.3568115234375,586.6500244140625,587.5999755859375,577.4500122070312,582.75,4077369
2025-01-09,581.9244384765625,589.25,596.8499755859375,578.6500244140625,580.0,7595188
2025-01-10,567.3084716796875,574.4500122070312,589.25,571.5999755859375,586.0,10613705
2025-01-13,556.741455078125,563.75,573.9500122070312,562.0,571.5999755859375,7689295
2025-01-14,583.553955078125,590.9000244140625,591.9500122070312,568.3499755859375,569.9000244140625,8506497
2025-01-15,584.19580078125,591.5499877929688,596.2000122070312,586.5499877929688,594.0,4390121
2025-01-16,595.1084594726562,602.5999755859375,607.0,590.5499877929688,596.0,4959410
2025-01-17,609.3294677734375,617.0,619.0,603.7000122070312,603.8499755859375,6414327
2025-01-20,610.4652099609375,618.1500244140625,621.9500122070312,612.25,617.0499877929688,2995173
2025-01-21,607.304931640625,614.9500122070312,628.3499755859375,613.4500122070312,626.0499877929688,3529837
2025-01-22,605.8236083984375,613.4500122070312,615.4000244140625,605.3499755859375,615.0,4426051
2025-01-23,600.6882934570312,608.25,616.2000122070312,607.2000122070312,611.0,6826419
2025-01-24,599.3551025390625,606.9000244140625,615.3499755859375,599.9000244140625,608.7000122070312,4608870
2025-01-27,579.6036987304688,586.9000244140625,601.5999755859375,585.3499755859375,600.0499877929688,2919161
2025-01-28,566.7158813476562,573.8499755859375,591.6500244140625,568.2999877929688,590.0999755859375,6250865
2025-01-29,576.8384399414062,584.0999755859375,587.8499755859375,571.5999755859375,576.5,4618198
2025-01-30,580.5418701171875,587.8499755859375,601.8499755859375,581.7000122070312,586.9000244140625,4604752
2025-01-31,586.91162109375,594.2999877929688,596.4000244140625,584.2999877929688,590.0,3750965
2025-02-01,579.1593017578125,586.4500122070312,595.4000244140625,582.0,594.0,1740719
2025-02-03,566.9133911132812,574.0499877929688,576.5999755859375,557.5999755859375,575.0,8169543
2025-02-04,576.6903686523438,583.9500122070312,595.9000244140625,580.2000122070312,580.5,5318376
2025-02-05,593.13330078125,600.5999755859375,604.5,584.5,584.5,3974704
2025-02-06,588.04736328125,595.4500122070312,606.7999877929688,591.25,601.0499877929688,3571342
2025-02-07,599.8488159179688,607.4000244140625,610.5999755859375,594.0,595.4500122070312,4687823
2025-02-10,588.590576171875,596.0,606.0999755859375,589.5,605.0,3434505
2025-02-11,588.4423828125,595.8499755859375,607.0,591.6500244140625,594.0499877929688,5303293
2025-02-12,591.4545288085938,598.9000244140625,604.9500122070312,586.3499755859375,599.0499877929688,3764143
2025-02-13,595.0097045898438,602.5,607.9500122070312,590.0999755859375,596.0499877929688,4415122
2025-02-14,598.6637573242188,606.2000122070312,616.0,595.0499877929688,609.0,11475440
2025-02-17,603.255859375,610.8499755859375,611.9000244140625,589.6500244140625,606.2000122070312,4470099
2025-02-18,603.8485107421875,611.4500122070312,613.7000122070312,601.7000122070312,609.0,2956837
2025-02-19,618.5138549804688,626.2999877929688,628.3499755859375,606.5499877929688,607.0,6101855
2025-02-20,630.8584594726562,638.7999877929688,644.2000122070312,625.0,627.0,6904537
2025-02-21,645.425048828125,653.5499877929688,656.2000122070312,637.9500122070312,639.2000122070312,7490723
2025-02-24,633.919921875,641.9000244140625,647.9000244140625,636.25,642.0,5931712
2025-02-25,611.7490234375,619.4500122070312,638.4500122070312,617.0999755859375,636.0,10249548
2025-02-27,624.0936279296875,631.9500122070312,633.9000244140625,619.5,625.0999755859375,7263151
2025-02-28,626.4637451171875,634.3499755859375,636.5999755859375,619.4500122070312,630.0,13041185
2025-03-03,628.6364135742188,636.5499877929688,643.5,620.7000122070312,634.4500122070312,5368388
2025-03-04,633.6730346679688,641.6500244140625,643.8499755859375,624.0999755859375,628.0,4430660
2025-03-05,649.1777954101562,657.3499755859375,662.5,638.0,638.0,7876653
2025-03-06,673.4720458984375,681.9500122070312,687.5999755859375,661.8499755859375,664.9500122070312,10993614
2025-03-07,682.755126953125,691.3499755859375,694.5999755859375,678.5999755859375,678.5999755859375,8142832
2025-03-10,680.58251953125,689.1500244140625,709.2999877929688,686.5,689.7999877929688,10707412
2025-03-11,686.8535766601562,695.5,699.0,676.7999877929688,684.0,5262297
2025-03-12,681.2738037109375,689.8499755859375,702.0,683.7999877929688,700.0,5219333
2025-03-13,668.9291381835938,677.3499755859375,692.9500122070312,673.25,690.2000122070312,4877884
2025-03-17,672.2869262695312,680.75,687.5,677.8499755859375,678.25,4033068
2025-03-18,672.2869262695312,680.75,680.75,680.75,680.75,0
2025-03-19,689.8656616210938,698.5499877929688,703.0,690.5,703.0,5462686
2025-03-20,697.1736450195312,705.9500122070312,709.8499755859375,697.5999755859375,702.5,4670064
2025-03-21,686.7054443359375,695.3499755859375,715.0,694.2000122070312,715.0,7595841
2025-03-24,692.7789916992188,701.5,705.75,695.0999755859375,704.8499755859375,4296847
2025-03-25,684.8290405273438,693.4500122070312,704.3499755859375,683.25,700.4500122070312,4552278
2025-03-26,682.705810546875,691.2999877929688,702.4000244140625,690.5,695.0,3646226
2025-03-27,684.730224609375,693.3499755859375,697.9000244140625,689.2000122070312,690.9500122070312,5002247
2025-03-28,673.9658203125,682.4500122070312,697.4500122070312,679.2999877929688,690.5,4362212
2025-04-01,655.498291015625,663.75,683.0999755859375,661.9500122070312,672.0,5131883
2025-04-02,652.97998046875,661.2000122070312,669.0,652.75,668.7000122070312,8357384
2025-04-03,644.5363159179688,652.6500244140625,658.0,647.5999755859375,658.0,5646497
2025-04-04,592.491455078125,599.9500122070312,645.0,596.5499877929688,645.0,9393865
2025-04-07,554.815673828125,561.7999877929688,570.0,546.4500122070312,559.0,13117998
2025-04-08,561.2843017578125,568.3499755859375,584.3499755859375,555.9500122070312,575.0,8831753
2025-04-09,556.9884033203125,564.0,567.75,552.2000122070312,567.75,7009318
2025-04-11,592.8370971679688,600.2999877929688,607.9500122070312,576.0999755859375,585.0,12562852
2025-04-15,609.9219360351562,617.5999755859375,619.2999877929688,606.3499755859375,613.0,4871858
2025-04-16,602.3177490234375,609.9000244140625,619.3499755859375,602.0,618.1500244140625,4447732
2025-04-17,601.9226684570312,609.5,616.0,604.0,608.9000244140625,4518317
2025-04-21,614.2672729492188,622.0,624.9000244140625,607.0499877929688,611.5,2655716
2025-04-22,612.390869140625,620.0999755859375,631.0499877929688,619.0499877929688,625.0,4970919
2025-04-23,621.279052734375,629.0999755859375,633.0,620.7000122070312,628.75,4674766
2025-04-24,620.538330078125,628.3499755859375,632.5499877929688,626.0999755859375,630.0,3367773
2025-04-25,614.3660888671875,622.0999755859375,634.2999877929688,612.9500122070312,632.4000244140625,3925971
2025-04-28,620.8346557617188,628.6500244140625,631.5,622.4000244140625,622.4500122070312,3965901
2025-04-29,614.8104858398438,622.5499877929688,634.25,621.6500244140625,631.0499877929688,4528870
2025-04-30,616.8843383789062,624.6500244140625,632.5499877929688,615.0,622.5499877929688,5905186
2025-05-02,622.6616821289062,630.5,650.0999755859375,621.7999877929688,624.0,5494275
2025-05-05,625.525634765625,633.4000244140625,641.5999755859375,629.5499877929688,635.25,2552160
2025-05-06,622.2172241210938,630.0499877929688,642.7000122070312,627.4500122070312,638.9500122070312,2778131
2025-05-07,628.3895263671875,636.2999877929688,638.7000122070312,629.3499755859375,633.0,3587997
2025-05-08,612.4896850585938,620.2000122070312,636.2999877929688,615.0499877929688,635.7999877929688,5791783
2025-05-09,619.353271484375,627.1500244140625,630.2999877929688,603.75,609.0999755859375,3870212
2025-05-12,643.844970703125,651.9500122070312,654.25,638.0499877929688,640.1500244140625,5474816
2025-05-13,626.8588256835938,634.75,646.3499755859375,632.0,645.0,6025310
2025-05-14,642.4623413085938,650.5499877929688,652.9500122070312,634.0,635.5,4819584
2025-05-15,653.1281127929688,661.3499755859375,663.6500244140625,646.2999877929688,649.5,7133226
2025-05-16,649.3753051757812,657.5499877929688,662.9500122070312,654.3499755859375,659.5,2701320
2025-05-19,650.1654052734375,658.3499755859375,661.75,652.0,655.0,3320756
2025-05-20,654.5106811523438,662.75,671.0,655.5499877929688,668.0,7950974
2025-05-21,654.757568359375,663.0,671.0,654.5999755859375,667.0999755859375,8623519
2025-05-22,641.4747924804688,649.5499877929688,663.7000122070312,642.5,663.0,6784976
2025-05-23,642.0179443359375,650.0999755859375,655.5499877929688,642.5999755859375,653.0,3448707
2025-05-26,653.2268676757812,661.4500122070312,669.7000122070312,653.2999877929688,655.0,6826417
2025-05-27,651.2517700195312,659.4500122070312,665.7000122070312,656.5,661.4000244140625,4223074
2025-05-28,641.869873046875,649.9500122070312,662.0,647.9000244140625,659.4500122070312,3546275
2025-05-29,641.9192504882812,650.0,653.5499877929688,645.0999755859375,649.9500122070312,4545776
2025-05-30,625.6243286132812,633.5,650.9000244140625,632.1500244140625,647.7999877929688,9054009
2025-06-02,623.254150390625,631.0999755859375,635.75,618.0,628.9500122070312,8397065
2025-06-03,624.1430053710938,632.0,640.9000244140625,629.5999755859375,636.0,3783426
2025-06-04,627.9451293945312,635.8499755859375,640.9000244140625,630.6500244140625,634.0999755859375,3066925
2025-06-05,629.3277587890625,637.25,641.4000244140625,633.5,638.0,3565664
2025-06-06,642.0673828125,650.1500244140625,651.25,635.0999755859375,637.25,5492102
2025-06-09,642.709228515625,650.7999877929688,654.5999755859375,649.25,653.4000244140625,2822003
2025-06-10,650.1654052734375,658.3499755859375,663.5,652.1500244140625,653.7999877929688,5693888
2025-06-11,647.0545654296875,655.2000122070312,662.9000244140625,654.0999755859375,660.5,3928464
2025-06-12,642.9561157226562,651.0499877929688,661.75,648.2000122070312,656.0,6539340
2025-06-13,633.8211669921875,641.7999877929688,648.0,635.0,635.0,4543933
2025-06-16,641.5241088867188,649.5999755859375,651.0499877929688,636.0,641.7999877929688,3422978
2025-06-17,633.722412109375,641.7000122070312,650.4000244140625,637.5999755859375,649.1500244140625,4199339
2025-06-18,637.3269653320312,645.3499755859375,648.9000244140625,638.0,638.0,3412544
2025-06-19,633.376708984375,641.3499755859375,644.7000122070312,635.0499877929688,643.0,4392425
2025-06-20,641.0797729492188,649.1500244140625,654.5,638.5999755859375,641.3499755859375,7166880
2025-06-23,653.177490234375,661.4000244140625,666.0,640.1500244140625,644.0,6080547
2025-06-24,661.0780639648438,669.4000244140625,674.0,664.7000122070312,668.7999877929688,5510353
2025-06-25,664.2876586914062,672.6500244140625,676.9500122070312,668.4500122070312,676.9500122070312,5533268
2025-06-26,682.0144653320312,690.5999755859375,693.0,672.7000122070312,674.0999755859375,8196123
2025-06-27,688.6805419921875,697.3499755859375,700.0499877929688,691.3499755859375,695.0,5666934
2025-06-30,684.2365112304688,692.8499755859375,700.0,691.4500122070312,700.0,4919088
2025-07-01,685.66845703125,694.2999877929688,699.5999755859375,684.3499755859375,692.4000244140625,5468762
2025-07-02,689.6680908203125,698.3499755859375,705.75,693.6500244140625,695.7000122070312,4566893
2025-07-03,684.2365112304688,692.8499755859375,708.0999755859375,691.7999877929688,701.0,4216075
2025-07-04,690.7544555664062,699.4500122070312,700.75,689.4000244140625,692.0,2680991
2025-07-07,683.4957885742188,692.0999755859375,699.4500122070312,688.0999755859375,699.4500122070312,2481724
2025-07-08,677.0765991210938,685.5999755859375,696.2999877929688,683.0999755859375,692.0999755859375,3923236
2025-07-09,665.5714721679688,673.9500122070312,692.0,664.0999755859375,692.0,6703774
2025-07-10,666.6577758789062,675.0499877929688,679.5,672.5499877929688,675.0,3641238
2025-07-11,662.6087646484375,670.9500122070312,676.0499877929688,661.5499877929688,673.0,4450346
2025-07-14,658.214111328125,666.5,680.5499877929688,665.0,671.0,4338084
2025-07-15,662.510009765625,670.8499755859375,674.25,662.9000244140625,670.0,4815703
2025-07-16,658.4609985351562,666.75,670.5999755859375,664.0,668.0,4497141
2025-07-17,666.1639404296875,674.5499877929688,678.0,668.4000244140625,670.0,4022119
2025-07-18,667.4971923828125,675.9000244140625,679.2999877929688,671.0,676.5,3400654
2025-07-21,674.212646484375,682.7000122070312,687.1500244140625,679.0,679.0,4912558
2025-07-22,681.4713134765625,690.0499877929688,692.5,683.2000122070312,683.2000122070312,3802270
2025-07-23,686.7548217773438,695.4000244140625,696.0,689.5999755859375,692.0,3640968
2025-07-24,686.9523315429688,695.5999755859375,704.4000244140625,691.5999755859375,697.0,4593102
2025-07-25,684.8290405273438,693.4500122070312,698.7999877929688,687.9500122070312,697.0,5220901
2025-07-28,680.7799682617188,689.3499755859375,693.9500122070312,682.7999877929688,693.4500122070312,5031797
2025-07-29,684.08837890625,692.7000122070312,695.0,685.0,686.0999755859375,2985507
2025-07-30,680.2368774414062,688.7999877929688,697.5499877929688,684.7999877929688,689.1500244140625,2829322
2025-07-31,674.558349609375,683.0499877929688,692.2999877929688,674.9500122070312,677.0999755859375,6136890
2025-08-01,664.0901489257812,672.4500122070312,683.2999877929688,670.8499755859375,680.0,3475656
2025-08-04,679.1505126953125,687.7000122070312,688.7999877929688,671.7999877929688,676.0,2286286
2025-08-05,678.5579833984375,687.0999755859375,692.0,682.1500244140625,692.0,3302614
2025-08-06,676.3359375,684.8499755859375,692.0,683.3499755859375,692.0,2498667
2025-08-07,678.2616577148438,686.7999877929688,689.9000244140625,674.3499755859375,681.9000244140625,3417324
2025-08-08,669.2586669921875,672.75,686.4000244140625,669.0499877929688,684.0,3471816
2025-08-11,669.3580932617188,672.8499755859375,683.4500122070312,667.25,673.75,3235082
2025-08-12,663.5882568359375,667.0499877929688,677.75,657.5,658.0,12238878
2025-08-13,696.8646240234375,700.5,704.9500122070312,670.9500122070312,673.0,13151356
2025-08-14,691.6419067382812,695.25,702.3499755859375,688.0,701.0,4179259
2025-08-18,710.44384765625,714.1500244140625,719.0,697.0999755859375,700.0,7211389
2025-08-19,703.032470703125,706.7000122070312,715.1500244140625,705.5499877929688,714.0,5641195
2025-08-20,697.2128295898438,700.8499755859375,705.9000244140625,698.0499877929688,701.0,5358070
2025-08-21,703.6293334960938,707.2999877929688,709.0,700.5,701.0499877929688,3231092
2025-08-22,700.5454711914062,704.2000122070312,709.5999755859375,701.5499877929688,708.0,5623045
2025-08-25,712.1349487304688,715.8499755859375,720.9000244140625,707.5499877929688,708.0,4539337
2025-08-26,702.0376586914062,705.7000122070312,714.0,701.25,714.0,5229246
2025-08-28,697.760009765625,701.4000244140625,707.0,698.0999755859375,700.7999877929688,5620555
2025-08-29,700.2967529296875,703.9500122070312,708.75,697.0,701.0,5335149
2025-09-01,715.865478515625,719.5999755859375,721.0,702.4000244140625,704.5,3771744
2025-09-02,717.2085571289062,720.9500122070312,726.0999755859375,714.2000122070312,720.0,4660894
2025-09-03,739.0943603515625,742.9500122070312,744.0,723.0999755859375,725.0,8986550
2025-09-04,735.214599609375,739.0499877929688,745.0,737.2000122070312,744.0499877929688,3763325
2025-09-05,739.93994140625,743.7999877929688,746.6500244140625,738.0,738.0,2778157
2025-09-08,734.9161376953125,738.75,749.8499755859375,737.4000244140625,745.0,2703395
2025-09-09,739.0446166992188,742.9000244140625,750.5499877929688,739.0,740.7000122070312,3393363
2025-09-10,739.2933349609375,743.1500244140625,749.7999877929688,741.0499877929688,745.0,3351988
2025-09-11,738.7958984375,742.6500244140625,747.9500122070312,738.0,742.0,3756027
2025-09-12,754.115966796875,758.0499877929688,759.5999755859375,745.1500244140625,748.9000244140625,5698959
2025-09-15,749.7388305664062,753.6500244140625,763.4000244140625,752.5999755859375,758.1500244140625,2554957
2025-09-16,752.0269165039062,755.9500122070312,757.2999877929688,749.1500244140625,754.4000244140625,2662690
2025-09-17,746.2072143554688,750.0999755859375,759.7000122070312,744.4000244140625,756.0,4182521
2025-09-18,746.2570190429688,750.1500244140625,751.4500122070312,736.25,746.3499755859375,4915450
2025-09-19,739.4425048828125,743.2999877929688,756.7999877929688,739.0,752.0,5132517
2025-09-22,741.830078125,745.7000122070312,752.5,741.5499877929688,743.2999877929688,2232330
2025-09-23,742.029052734375,745.9000244140625,752.25,739.6500244140625,745.0,3783529
2025-09-24,737.2041625976562,741.0499877929688,748.9500122070312,737.7000122070312,744.0,2415165
2025-09-25,741.7803344726562,745.6500244140625,769.0999755859375,740.0499877929688,746.0,4702510
2025-09-26,739.9896240234375,743.8499755859375,749.5,731.9500122070312,745.9000244140625,3636265
2025-09-29,749.8880004882812,753.7999877929688,758.7999877929688,744.8499755859375,745.0,4347158
2025-09-30,757.9957275390625,761.9500122070312,769.7000122070312,758.0499877929688,759.9500122070312,4718308
2025-10-01,761.9749755859375,765.9500122070312,769.4000244140625,755.2999877929688,761.9000244140625,3663841
2025-10-03,776.3002319335938,780.3499755859375,790.5999755859375,764.0999755859375,766.0,6522416
2025-10-06,772.669189453125,776.7000122070312,784.9500122070312,774.3499755859375,782.0499877929688,3544658
2025-10-07,763.8153686523438,767.7999877929688,780.75,765.9000244140625,771.0,4918764
2025-10-08,764.2133178710938,768.2000122070312,781.5,766.1500244140625,770.0,6393179
2025-10-09,770.0826416015625,774.0999755859375,780.0,769.25,770.25,6806889
2025-10-10,769.9334716796875,773.9500122070312,775.75,764.2999877929688,774.5,4365229
2025-10-13,766.2029418945312,770.2000122070312,774.5999755859375,767.2000122070312,772.25,3077938
2025-10-14,756.1553344726562,760.0999755859375,781.5499877929688,754.4500122070312,776.0499877929688,3510594
2025-10-15,760.2838134765625,764.25,768.7000122070312,759.3499755859375,765.0,5690264
2025-10-16,776.051513671875,780.0999755859375,780.8499755859375,763.5,765.0999755859375,4180590
2025-10-17,768.7894287109375,772.7999877929688,781.9500122070312,766.0,780.0,3254932
2025-10-20,782.2691040039062,786.3499755859375,789.4500122070312,772.0499877929688,774.2999877929688,4845432
2025-10-21,780.8764038085938,784.9500122070312,791.9500122070312,782.5,791.0,457667
2025-10-23,788.2877197265625,792.4000244140625,799.8499755859375,784.0,791.5,5916416
2025-10-24,820.17138671875,824.4500122070312,826.5,811.3499755859375,811.3499755859375,16905398
2025-10-27,836.4862670898438,840.8499755859375,845.0999755859375,827.0,834.9000244140625,7308067
2025-10-28,844.5442504882812,848.9500122070312,859.9000244140625,837.0,838.0,8010504
2025-10-29,851.8063354492188,856.25,858.8499755859375,849.5499877929688,854.0,5663683
2025-10-30,856.8798828125,861.3499755859375,864.0,848.0999755859375,852.0999755859375,4704178
2025-10-31,843.449951171875,847.8499755859375,860.5999755859375,845.7000122070312,856.9500122070312,4138495
2025-11-03,842.8033447265625,847.2000122070312,856.0,842.5999755859375,847.8499755859375,4885067
2025-11-04,827.0853271484375,831.4000244140625,847.0,829.25,841.5499877929688,4673187
2025-11-06,784.3084716796875,788.4000244140625,795.0,770.1500244140625,788.0,34786635
2025-11-07,786.298095703125,790.4000244140625,802.5999755859375,783.0,788.5,13189011
2025-11-10,781.1251220703125,785.2000122070312,799.9000244140625,783.8499755859375,792.0,5914226
2025-11-11,789.6307373046875,793.75,794.7000122070312,778.0999755859375,790.7999877929688,5411465
2025-11-12,790.27734375,794.4000244140625,809.0,791.75,798.0,7589035
2025-11-13,807.7362670898438,811.9500122070312,816.5,799.0,803.0,5854638
2025-11-14,799.4793701171875,803.6500244140625,812.5,796.0,807.0,4113598
2025-11-17,802.961181640625,807.1500244140625,809.0,799.75,801.0,2770547
2025-11-18,793.0130615234375,797.1500244140625,804.5,788.3499755859375,804.5,7299555
2025-11-19,786.8452758789062,790.9500122070312,798.7999877929688,790.0,797.1500244140625,3005726
2025-11-20,795.6492919921875,799.7999877929688,802.6500244140625,789.2999877929688,799.7999877929688,6016713
2025-11-21,773.6640014648438,777.7000122070312,787.0,776.25,786.0,5099356
2025-11-24,770.6298828125,774.6500244140625,788.0999755859375,771.8499755859375,782.8499755859375,5666985
2025-11-25,785.2535400390625,789.3499755859375,791.75,772.6500244140625,777.9500122070312,6090783
2025-11-26,796.6441040039062,800.7999877929688,803.0,787.2000122070312,790.1500244140625,3842280
2025-11-27,803.3590698242188,807.5499877929688,813.9500122070312,800.4500122070312,807.9000244140625,4481695
2025-11-28,804.2047119140625,808.4000244140625,815.0,807.2000122070312,812.2000122070312,3200488
2025-12-01,806.5922241210938,810.7999877929688,817.9500122070312,808.2000122070312,817.9500122070312,2064678
2025-12-02,802.6627197265625,806.8499755859375,813.5,802.5999755859375,811.0,4237151
2025-12-03,812.0636596679688,816.2999877929688,819.5999755859375,800.9500122070312,810.7999877929688,4948661
2025-12-04,806.5922241210938,810.7999877929688,826.25,809.0,824.0,3381601
2025-12-05,818.9776000976562,823.25,831.9000244140625,808.0,811.5499877929688,4273147
2025-12-08,815.1973266601562,819.4500122070312,833.5,817.25,825.7999877929688,4354685
2025-12-09,808.6813354492188,812.9000244140625,819.4000244140625,803.0999755859375,819.0,3394966
2025-12-10,817.4854125976562,821.75,831.75,813.5999755859375,816.0499877929688,5280811
2025-12-11,820.0718994140625,824.3499755859375,830.9000244140625,821.1500244140625,826.0,3098584
2025-12-12,847.6778564453125,852.0999755859375,855.0,830.5999755859375,830.7999877929688,8178645
2025-12-15,843.449951171875,847.8499755859375,856.25,845.2999877929688,851.9500122070312,2521938
2025-12-16,832.8054809570312,837.1500244140625,845.0,831.1500244140625,845.0,2713249
2025-12-17,844.39501953125,848.7999877929688,851.9000244140625,840.0999755859375,844.0499877929688,3270389
2025-12-18,852.2540283203125,856.7000122070312,861.9500122070312,847.5,850.0,4174631
2025-12-19,847.5784301757812,852.0,864.4000244140625,847.5499877929688,858.0,4939377
2025-12-22,860.0632934570312,864.5499877929688,872.3499755859375,857.25,860.0,4865457
2025-12-23,859.3668823242188,863.8499755859375,871.7999877929688,860.8499755859375,871.0,5452783
2025-12-24,859.9638061523438,864.4500122070312,882.2999877929688,862.1500244140625,865.9500122070312,3683590
2025-12-26,868.3699951171875,872.9000244140625,874.75,861.0,865.25,2334952
2025-12-29,860.5109252929688,865.0,887.4500122070312,860.9000244140625,886.0,9836341
2025-12-30,879.5615844726562,884.1500244140625,888.2999877929688,863.8499755859375,868.0,15280248
2025-12-31,882.0983276367188,886.7000122070312,890.0,879.4500122070312,886.4000244140625,3539118
2026-01-01,890.3055419921875,894.9500122070312,895.9500122070312,882.4500122070312,888.0999755859375,2566505
2026-01-02,920.8959350585938,925.7000122070312,927.2999877929688,896.5499877929688,898.0,5357771
2026-01-05,926.8648071289062,931.7000122070312,937.9000244140625,925.8499755859375,932.5,5278463
2026-01-06,937.3600463867188,942.25,970.7999877929688,936.0,936.0,10369133
2026-01-07,933.5797729492188,938.4500122070312,954.5999755859375,935.0999755859375,951.0499877929688,6555117
2026-01-08,899.2588500976562,903.9500122070312,934.2000122070312,898.5999755859375,934.0499877929688,6266789
2026-01-09,896.2744140625,900.9500122070312,908.4500122070312,894.0,902.0,4320582
2026-01-12,915.374755859375,920.1500244140625,921.9500122070312,897.0,909.9500122070312,6884726
2026-01-13,931.44091796875,936.2999877929688,937.9000244140625,922.9500122070312,927.4000244140625,6868939
2026-01-14,950.3920288085938,955.3499755859375,959.0,936.75,941.0,7050653
2026-01-15,950.3920288085938,955.3499755859375,955.3499755859375,955.3499755859375,955.3499755859375,0
2026-01-16,929.7994995117188,934.6500244140625,966.5,930.0,966.5,4037987
2026-01-19,935.072021484375,939.9500122070312,946.7999877929688,928.4500122070312,938.5,4007683
2026-01-20,923.283447265625,928.0999755859375,949.8499755859375,925.7000122070312,944.5,5709976
2026-01-21,934.3258666992188,939.2000122070312,944.1500244140625,926.4000244140625,928.75,5590031
2026-01-22,939.5486450195312,944.4500122070312,951.4000244140625,934.1500244140625,945.0,6165965
2026-01-23,945.3682861328125,950.2999877929688,963.9000244140625,948.5,955.0,5958887
2026-01-27,956.8582763671875,961.8499755859375,985.0,950.75,985.0,10009735
2026-01-28,993.0197143554688,998.2000122070312,1007.9000244140625,963.0499877929688,971.0499877929688,12615677
2026-01-29,1018.735595703125,1024.050048828125,1029.800048828125,1008.5499877929688,1010.25,14615261
2026-01-30,957.6044311523438,962.5999755859375,1000.0,955.5499877929688,1000.0,11977092
2026-02-02,925.6710205078125,930.5,936.75,897.5,905.7000122070312,9659915
2026-02-03,950.34228515625,955.2999877929688,972.5499877929688,945.2000122070312,950.0,10099249
2026-02-04,959.9422607421875,964.9500122070312,970.7999877929688,955.4500122070312,958.9500122070312,4388355
2026-02-05,930.5953369140625,935.4500122070312,943.1500244140625,923.7000122070312,943.1500244140625,4580529
2026-02-06,937.658447265625,942.5499877929688,944.0,922.0,926.0,3830296
2026-02-09,959.245849609375,964.25,970.7000122070312,948.2999877929688,960.5,5294536
2026-02-10,963.8717651367188,968.9000244140625,976.6500244140625,955.0,970.25,4101779
2026-02-11,960.9370727539062,965.9500122070312,972.0,950.1500244140625,970.0,6275356
2026-02-12,959.3951416015625,964.4000244140625,966.5499877929688,943.9500122070312,950.0,4557796
2026-02-13,904.2825927734375,909.0,932.6500244140625,901.0,923.5499877929688,10170485
2026-02-16,902.7406616210938,907.4500122070312,910.2999877929688,889.5,895.0,6943209
2026-02-17,885.4806518554688,890.0999755859375,898.9000244140625,881.0,892.9000244140625,7099432
2026-02-18,894.5831909179688,899.25,907.0,891.3499755859375,893.0,3909665
2026-02-19,900.9500122070312,905.6500244140625,920.5,900.2999877929688,910.5999755859375,3522571
2026-02-20,930.8440551757812,935.7000122070312,937.7000122070312,901.0999755859375,907.5,5855696
2026-02-23,911.4452514648438,916.2000122070312,946.9000244140625,907.6500244140625,946.9000244140625,4932242
2026-02-24,918.0607299804688,922.8499755859375,927.0,908.0499877929688,920.5,5179022
2026-02-25,932.5352172851562,937.4000244140625,946.0,928.5,936.0,5288850
2026-02-26,936.4149780273438,941.2999877929688,943.0999755859375,931.2000122070312,942.0,3075442
2026-02-27,919.901123046875,924.7000122070312,943.3499755859375,922.5999755859375,938.9500122070312,5418634
2026-03-02,935.1217041015625,940.0,945.4000244140625,896.0999755859375,901.0999755859375,5573300
2026-03-04,917.0161743164062,921.7999877929688,945.5,912.0,928.0,7575786
2026-03-05,949.994140625,954.9500122070312,983.5,926.4000244140625,930.0,16533658
2026-03-06,953.9236450195312,958.9000244140625,971.6500244140625,943.1500244140625,955.0,8295000
2026-03-09,940.4439086914062,945.3499755859375,956.25,925.25,940.0,7016889
2026-03-10,951.6355590820312,956.5999755859375,959.75,933.3499755859375,956.0,4839199
2026-03-11,954.12255859375,959.0999755859375,978.9000244140625,952.5,959.9500122070312,4456510
2026-03-12,964.7173461914062,969.75,972.0,934.4500122070312,968.0,4664967
2026-03-13,905.3271484375,910.0499877929688,968.1500244140625,904.2999877929688,967.0,10347187
2026-03-16,916.3695678710938,921.1500244140625,943.1500244140625,901.2999877929688,906.8499755859375,10755610
2026-03-17,931.7891235351562,936.6500244140625,942.0,916.3499755859375,928.9000244140625,4862641
2026-03-18,928.207763671875,933.0499877929688,938.4000244140625,923.0,932.9000244140625,3906519
2026-03-19,892.3945922851562,897.0499877929688,933.0499877929688,892.1500244140625,912.0,4733569
2026-03-20,869.7129516601562,874.25,907.5,870.0,884.9500122070312,10063637
2026-03-23,835.889404296875,840.25,857.3499755859375,835.9500122070312,855.0,11372786
2026-03-24,850.2146606445312,854.6500244140625,864.5,843.5,849.0,3526970
2026-03-25,864.1420288085938,868.6500244140625,874.7999877929688,862.2999877929688,866.0,4491373
2026-03-27,862.2021484375,866.7000122070312,872.9500122070312,854.75,860.0,4104597
2026-03-30,879.8600463867188,884.4500122070312,913.0,876.0,876.0,12727309
2026-04-01,899.9053955078125,904.5999755859375,922.5,900.0999755859375,909.0,7777034
2026-04-02,911.4949951171875,916.25,920.9500122070312,884.7999877929688,898.9500122070312,7698211
2026-04-06,922.6368408203125,927.4500122070312,935.75,917.2000122070312,917.2000122070312,5555538
2026-04-07,949.5464477539062,954.5,964.9000244140625,932.9500122070312,933.9500122070312,11877733
2026-04-08,946.8604736328125,951.7999877929688,977.0,947.3499755859375,975.0,8174489
2026-04-09,980.5348510742188,985.6500244140625,989.8499755859375,952.25,959.0,9386595
2026-04-10,986.9512939453125,992.0999755859375,995.5499877929688,978.6500244140625,995.3499755859375,6013190
2026-04-13,973.1732177734375,978.25,988.5999755859375,965.5999755859375,978.0499877929688,4754347
2026-04-15,1006.200927734375,1011.4500122070312,1038.0,1002.0999755859375,1036.0,11075349
2026-04-16,1034.5032958984375,1039.9000244140625,1048.699951171875,1013.0,1016.9000244140625,10942179
2026-04-17,1033.60791015625,1039.0,1040.75,1025.0,1036.5,4301884
2026-04-20,1009.981201171875,1015.25,1034.0,1011.4000244140625,1031.0,4286182
2026-04-21,1016.3480224609375,1021.6500244140625,1023.2000122070312,1011.4000244140625,1018.0,3002043
2026-04-22,1034.5032958984375,1039.9000244140625,1043.3499755859375,1017.0,1030.0,4474181
2026-04-23,1035.9456787109375,1041.3499755859375,1049.0,1031.1500244140625,1039.75,4370028
2026-04-24,1042.909423828125,1048.3499755859375,1054.0,1027.550048828125,1031.0,4526003
2026-04-27,1056.2896728515625,1061.800048828125,1066.5,1052.0,1058.3499755859375,4241483
2026-04-28,1068.724853515625,1074.300048828125,1079.699951171875,1055.1500244140625,1060.0,7798496
2026-04-29,1061.6614990234375,1067.199951171875,1080.0,1053.0,1078.0,3710080
2026-04-30,1032.6131591796875,1038.0,1063.8499755859375,1030.4000244140625,1058.5,4392857
2026-05-01,1032.6131591796875,1038.0,1038.0,1038.0,1038.0,0
2026-05-04,1037.2886962890625,1042.699951171875,1049.4000244140625,1034.5,1043.300048828125,3349359
2026-05-05,1049.2264404296875,1054.699951171875,1059.0,1031.0999755859375,1036.300048828125,4580696
2026-05-06,1040.3726806640625,1045.800048828125,1073.699951171875,1042.4000244140625,1067.800048828125,5336857
2026-05-07,1050.22119140625,1055.699951171875,1060.9000244140625,1036.5999755859375,1048.0,4290514
2026-05-08,1038.97998046875,1044.4000244140625,1058.0,1035.300048828125,1048.4000244140625,3065690
2026-05-11,1018.1884155273438,1023.5,1042.4000244140625,1022.0999755859375,1031.0999755859375,3746752
2026-05-12,1035.9954833984375,1041.4000244140625,1054.5999755859375,1025.0,1027.199951171875,4323348
2026-05-13,1067.531005859375,1073.0999755859375,1082.4000244140625,1047.0,1048.0,5341453
2026-05-14,1097.5743408203125,1103.300048828125,1105.0,1080.9000244140625,1083.9000244140625,4920811
2026-05-15,1061.9600830078125,1067.5,1101.199951171875,1057.5999755859375,1101.199951171875,6800905
2026-05-18,1047.634765625,1053.0999755859375,1060.0,1044.0,1050.0,4023849
2026-05-19,1042.8597412109375,1048.300048828125,1053.4000244140625,1037.0999755859375,1052.5,3674289
2026-05-20,1079.8665771484375,1085.5,1090.0,1038.4000244140625,1038.4000244140625,11945517
2026-05-21,1093.5950927734375,1099.300048828125,1110.9000244140625,1089.300048828125,1098.699951171875,4584559
2026-05-22,1103.443603515625,1109.199951171875,1115.0,1092.800048828125,1099.0,4136312
2026-05-25,1093.8934326171875,1099.5999755859375,1119.800048828125,1081.199951171875,1110.0,7677225
2026-05-26,1098.0716552734375,1103.800048828125,1118.0,1094.5999755859375,1102.0,5880899
2026-05-27,1143.7333984375,1149.699951171875,1154.0,1118.300048828125,1118.300048828125,7559470
2026-05-28,1143.7333984375,1149.699951171875,1149.699951171875,1149.699951171875,1149.699951171875,0
2026-05-29,1120.852783203125,1126.699951171875,1176.0,1122.0,1176.0,11987286
2026-06-01,1135.3770751953125,1141.300048828125,1150.0,1127.199951171875,1130.0,6934532
2026-06-02,1140.3511962890625,1146.300048828125,1161.0,1136.4000244140625,1141.0,5325199
2026-06-03,1132.989501953125,1138.9000244140625,1159.9000244140625,1126.5999755859375,1155.0,4865978
2026-06-04,1119.758544921875,1125.5999755859375,1137.0999755859375,1121.4000244140625,1134.0,3868557
2026-06-05,1086.9298095703125,1092.5999755859375,1132.300048828125,1090.0999755859375,1126.5999755859375,4546693
2026-06-08,1056.886474609375,1062.4000244140625,1078.5999755859375,1050.800048828125,1061.0,4879594
2026-06-09,1071.1123046875,1076.699951171875,1082.5,1053.800048828125,1074.0,5880133
2026-06-10,1033.906494140625,1039.300048828125,1066.9000244140625,1034.199951171875,1066.9000244140625,8048339
2026-06-11,1018.9842529296875,1024.300048828125,1038.5999755859375,1022.7999877929688,1029.800048828125,6664493
2026-06-12,1016.2982177734375,1021.5999755859375,1049.0,1015.2999877929688,1045.0,9388824
2026-06-15,1008.6382446289062,1013.9000244140625,1039.699951171875,1011.0999755859375,1039.199951171875,8474101
2026-06-16,977.3016967773438,982.4000244140625,990.0,970.0,990.0,11200461
2026-06-17,1002.6693725585938,1007.9000244140625,1011.5999755859375,971.2000122070312,985.0,10853418
2026-06-18,1003.2662353515625,1008.5,1017.4000244140625,999.0,1006.0,6184717
2026-06-19,1004.7584228515625,1010.0,1016.7999877929688,985.2000122070312,998.0,6013455
2026-06-22,1008.9366455078125,1014.2000122070312,1018.0999755859375,1003.5999755859375,1014.0,4244908
2026-06-23,981.6788330078125,986.7999877929688,999.0,978.0,999.0,7191224
2026-06-24,971.53173828125,976.5999755859375,988.5,970.2999877929688,972.0,5029316
2026-06-25,948.2532348632812,953.2000122070312,970.9000244140625,950.2000122070312,965.0,12155741
2026-06-26,948.2532348632812,953.2000122070312,953.2000122070312,953.2000122070312,953.2000122070312,0
2026-06-29,958.7982177734375,963.7999877929688,973.5,952.0,952.0999755859375,9499504
2026-06-30,951.6355590820312,956.5999755859375,966.5999755859375,948.7999877929688,957.0,8514541
2026-07-01,934.8233032226562,939.7000122070312,960.25,937.5,951.9000244140625,5637215
2026-07-02,944.2739868164062,949.2000122070312,962.5,942.0499877929688,942.0499877929688,3505234
2026-07-03,948.2532348632812,953.2000122070312,978.9000244140625,951.0499877929688,965.0,3352734
2026-07-06,975.3120727539062,980.4000244140625,981.5999755859375,954.0,960.8499755859375,4642287
2026-07-07,964.4686279296875,969.5,978.9500122070312,962.9000244140625,970.4000244140625,4411767
2026-07-08,966.6074829101562,971.6500244140625,979.9000244140625,962.0499877929688,962.0499877929688,6547101
2026-07-09,958.4500122070312,963.4500122070312,973.9500122070312,954.6500244140625,971.7000122070312,6043658
2026-07-10,967.4500122070312,967.4500122070312,985.5999755859375,964.7000122070312,976.0,5859033
2026-07-13,966.8499755859375,966.8499755859375,971.7000122070312,956.4500122070312,963.0999755859375,4070887
2026-07-14,974.2999877929688,974.2999877929688,998.0,964.0,964.0,8061017
2026-07-15,955.7999877929688,955.7999877929688,976.0,953.0,972.0,5279138
2026-07-16,959.2999877929688,959.2999877929688,972.4000244140625,957.2000122070312,972.4000244140625,3388958
2026-07-17,944.1500244140625,944.1500244140625,959.0999755859375,939.5,955.0,4222686
2026-07-20,947.7999877929688,947.7999877929688,957.75,944.1500244140625,944.3499755859375,3996887
2026-07-21,951.4000244140625,951.4000244140625,956.2999877929688,941.0,944.1500244140625,4965762
2026-07-22,950.0,950.0,961.9500122070312,945.2000122070312,955.0,4055709
2026-07-23,954.8499755859375,954.8499755859375,964.0,947.5499877929688,950.0,4100726
