Date,Adj Close,Close,High,Low,Open,Volume
2026-05-04 03:45:00,1188.199951171875,1188.199951171875,1195.0,1184.0,1193.0999755859375,289621
2026-05-04 04:00:00,1188.9000244140625,1188.9000244140625,1191.4000244140625,1184.4000244140625,1187.4000244140625,386422
2026-05-04 04:15:00,1184.699951171875,1184.699951171875,1189.199951171875,1183.5,1189.0999755859375,230573
2026-05-04 04:30:00,1178.4000244140625,1178.4000244140625,1186.800048828125,1177.800048828125,1184.699951171875,325234
2026-05-04 04:45:00,1178.699951171875,1178.699951171875,1180.800048828125,1175.300048828125,1178.5,247559
2026-05-04 05:00:00,1179.0,1179.0,1180.0,1177.4000244140625,1178.800048828125,144555
2026-05-04 05:15:00,1179.0999755859375,1179.0999755859375,1180.4000244140625,1177.5,1179.0,158100
2026-05-04 05:30:00,1178.800048828125,1178.800048828125,1180.199951171875,1176.300048828125,1179.0,254236
2026-05-04 05:45:00,1177.0999755859375,1177.0999755859375,1179.5999755859375,1177.0,1178.699951171875,331700
2026-05-04 06:00:00,1175.5999755859375,1175.5999755859375,1177.5,1175.0,1177.4000244140625,265974
2026-05-04 06:15:00,1176.699951171875,1176.699951171875,1177.9000244140625,1175.199951171875,1175.300048828125,145352
2026-05-04 06:30:00,1173.800048828125,1173.800048828125,1176.9000244140625,1173.5999755859375,1176.4000244140625,168953
2026-05-04 06:45:00,1174.199951171875,1174.199951171875,1175.0,1172.199951171875,1173.699951171875,217289
2026-05-04 07:00:00,1170.300048828125,1170.300048828125,1175.0,1170.0,1174.300048828125,191905
2026-05-04 07:15:00,1169.300048828125,1169.300048828125,1171.0999755859375,1169.300048828125,1170.0,184002
2026-05-04 07:30:00,1169.800048828125,1169.800048828125,1170.5999755859375,1169.0,1169.4000244140625,257579
2026-05-04 07:45:00,1166.4000244140625,1166.4000244140625,1170.4000244140625,1166.300048828125,1169.9000244140625,292014
2026-05-04 08:00:00,1167.9000244140625,1167.9000244140625,1168.300048828125,1165.199951171875,1166.699951171875,221023
2026-05-04 08:15:00,1167.5,1167.5,1169.0,1166.5,1168.0,204671
2026-05-04 08:30:00,1169.699951171875,1169.699951171875,1170.5,1166.5999755859375,1167.5999755859375,237686
2026-05-04 08:45:00,1169.800048828125,1169.800048828125,1171.9000244140625,1169.0999755859375,1169.4000244140625,279144
2026-05-04 09:00:00,1169.5,1169.5,1171.300048828125,1169.199951171875,1170.0,369038
2026-05-04 09:15:00,1168.699951171875,1168.699951171875,1170.5999755859375,1168.199951171875,1170.0,396360
2026-05-04 09:30:00,1168.199951171875,1168.199951171875,1170.0999755859375,1168.0,1169.699951171875,612455
2026-05-04 09:45:00,1167.9000244140625,1167.9000244140625,1169.4000244140625,1166.5999755859375,1167.800048828125,737113
2026-05-05 03:45:00,1171.800048828125,1171.800048828125,1184.9000244140625,1160.800048828125,1169.5,563821
2026-05-05 04:00:00,1170.9000244140625,1170.9000244140625,1173.5,1170.0999755859375,1171.800048828125,241452
2026-05-05 04:15:00,1174.5999755859375,1174.5999755859375,1177.0,1170.0999755859375,1170.300048828125,235189
2026-05-05 04:30:00,1172.4000244140625,1172.4000244140625,1175.300048828125,1172.0,1174.4000244140625,144146
2026-05-05 04:45:00,1173.300048828125,1173.300048828125,1173.9000244140625,1171.0,1172.5999755859375,112748
2026-05-05 05:00:00,1174.300048828125,1174.300048828125,1175.5999755859375,1173.0,1173.5999755859375,108030
2026-05-05 05:15:00,1174.300048828125,1174.300048828125,1174.5999755859375,1172.5999755859375,1174.300048828125,74230
2026-05-05 05:30:00,1177.699951171875,1177.699951171875,1179.0,1173.800048828125,1174.4000244140625,322830
2026-05-05 05:45:00,1177.0,1177.0,1178.0,1175.5999755859375,1177.699951171875,420549
2026-05-05 06:00:00,1174.0,1174.0,1178.5999755859375,1174.0,1177.0,176478
2026-05-05 06:15:00,1172.800048828125,1172.800048828125,1175.0,1171.5999755859375,1174.199951171875,187102
2026-05-05 06:30:00,1172.0999755859375,1172.0999755859375,1173.4000244140625,1171.5,1173.0,138755
2026-05-05 06:45:00,1170.5999755859375,1170.5999755859375,1172.800048828125,1170.199951171875,1172.199951171875,121501
2026-05-05 07:00:00,1171.5,1171.5,1172.800048828125,1170.5,1170.5,227390
2026-05-05 07:15:00,1171.5,1171.5,1172.5,1170.4000244140625,1171.800048828125,140539
2026-05-05 07:30:00,1173.0999755859375,1173.0999755859375,1173.9000244140625,1170.699951171875,1172.0,217729
2026-05-05 07:45:00,1172.0,1172.0,1174.4000244140625,1170.4000244140625,1172.5999755859375,321653
2026-05-05 08:00:00,1173.300048828125,1173.300048828125,1174.0999755859375,1170.199951171875,1171.199951171875,354319
2026-05-05 08:15:00,1171.4000244140625,1171.4000244140625,1173.9000244140625,1171.199951171875,1173.300048828125,293350
2026-05-05 08:30:00,1172.0,1172.0,1173.4000244140625,1171.0,1171.5999755859375,195070
2026-05-05 08:45:00,1175.9000244140625,1175.9000244140625,1175.9000244140625,1171.699951171875,1172.0,321213
2026-05-05 09:00:00,1176.4000244140625,1176.4000244140625,1176.699951171875,1173.9000244140625,1175.9000244140625,363859
2026-05-05 09:15:00,1173.699951171875,1173.699951171875,1176.4000244140625,1173.4000244140625,1176.199951171875,251109
2026-05-05 09:30:00,1178.300048828125,1178.300048828125,1179.0,1173.0999755859375,1173.9000244140625,1110222
2026-05-05 09:45:00,1177.5999755859375,1177.5999755859375,1180.0,1177.5,1178.5,874061
2026-05-06 03:45:00,1188.9000244140625,1188.9000244140625,1191.199951171875,1185.0999755859375,1188.300048828125,333308
2026-05-06 04:00:00,1178.5,1178.5,1190.0,1177.800048828125,1188.9000244140625,481936
2026-05-06 04:15:00,1177.0,1177.0,1179.0,1175.800048828125,1178.5,359021
2026-05-06 04:30:00,1179.4000244140625,1179.4000244140625,1179.9000244140625,1176.4000244140625,1177.0,218002
2026-05-06 04:45:00,1177.5,1177.5,1180.0,1177.0999755859375,1179.300048828125,129843
2026-05-06 05:00:00,1174.9000244140625,1174.9000244140625,1177.5,1173.5,1177.5,275281
2026-05-06 05:15:00,1174.199951171875,1174.199951171875,1175.0,1173.4000244140625,1175.0,127943
2026-05-06 05:30:00,1173.800048828125,1173.800048828125,1175.0,1172.5,1174.300048828125,205116
2026-05-06 05:45:00,1174.199951171875,1174.199951171875,1175.0999755859375,1173.5999755859375,1173.5999755859375,239566
2026-05-06 06:00:00,1174.699951171875,1174.699951171875,1175.0,1172.4000244140625,1174.0,170247
2026-05-06 06:15:00,1174.0,1174.0,1175.800048828125,1173.9000244140625,1174.300048828125,101146
2026-05-06 06:30:00,1171.300048828125,1171.300048828125,1174.5999755859375,1171.300048828125,1174.300048828125,194652
2026-05-06 06:45:00,1171.199951171875,1171.199951171875,1171.5,1170.0,1171.0999755859375,307966
2026-05-06 07:00:00,1170.0,1170.0,1171.5,1169.800048828125,1171.199951171875,456590
2026-05-06 07:15:00,1168.5999755859375,1168.5999755859375,1170.199951171875,1167.4000244140625,1170.0,479703
2026-05-06 07:30:00,1169.4000244140625,1169.4000244140625,1170.0999755859375,1166.800048828125,1168.699951171875,174598
2026-05-06 07:45:00,1169.199951171875,1169.199951171875,1171.0,1168.699951171875,1169.4000244140625,237872
2026-05-06 08:00:00,1167.5,1167.5,1169.300048828125,1167.5,1168.699951171875,174514
2026-05-06 08:15:00,1165.699951171875,1165.699951171875,1168.199951171875,1165.5,1167.5,265110
2026-05-06 08:30:00,1166.0999755859375,1166.0999755859375,1166.9000244140625,1164.5,1165.699951171875,281580
2026-05-06 08:45:00,1173.0,1173.0,1173.5999755859375,1165.699951171875,1166.0,654055
2026-05-06 09:00:00,1169.9000244140625,1169.9000244140625,1173.699951171875,1167.300048828125,1173.0,888078
2026-05-06 09:15:00,1169.199951171875,1169.199951171875,1170.5,1168.199951171875,1169.9000244140625,410953
2026-05-06 09:30:00,1166.4000244140625,1166.4000244140625,1169.4000244140625,1166.0,1169.199951171875,1084517
2026-05-06 09:45:00,1170.4000244140625,1170.4000244140625,1170.9000244140625,1165.5999755859375,1166.4000244140625,1148412
2026-05-07 03:45:00,1165.9000244140625,1165.9000244140625,1174.4000244140625,1165.9000244140625,1174.0,333520
2026-05-07 04:00:00,1169.0,1169.0,1169.4000244140625,1163.0,1165.4000244140625,472680
2026-05-07 04:15:00,1167.5999755859375,1167.5999755859375,1169.300048828125,1166.0,1169.0999755859375,275776
2026-05-07 04:30:00,1168.4000244140625,1168.4000244140625,1169.4000244140625,1167.300048828125,1168.0,246530
2026-05-07 04:45:00,1168.9000244140625,1168.9000244140625,1169.5,1167.5,1168.5999755859375,196010
2026-05-07 05:00:00,1166.5999755859375,1166.5999755859375,1169.9000244140625,1166.199951171875,1168.9000244140625,191482
2026-05-07 05:15:00,1166.699951171875,1166.699951171875,1167.199951171875,1165.5,1166.699951171875,160889
2026-05-07 05:30:00,1166.0,1166.0,1167.0,1164.800048828125,1166.800048828125,222402
2026-05-07 05:45:00,1165.800048828125,1165.800048828125,1166.699951171875,1164.199951171875,1166.199951171875,159763
2026-05-07 06:00:00,1164.0,1164.0,1168.0,1163.199951171875,1165.800048828125,330615
2026-05-07 06:15:00,1166.0999755859375,1166.0999755859375,1166.5999755859375,1164.0,1164.0,415386
2026-05-07 06:30:00,1167.199951171875,1167.199951171875,1168.0,1165.800048828125,1166.0,285961
2026-05-07 06:45:00,1168.0,1168.0,1169.199951171875,1167.199951171875,1167.5999755859375,442287
2026-05-07 07:00:00,1171.699951171875,1171.699951171875,1172.300048828125,1166.699951171875,1168.0,650061
2026-05-07 07:15:00,1170.0,1170.0,1172.4000244140625,1167.699951171875,1171.699951171875,485653
2026-05-07 07:30:00,1172.300048828125,1172.300048828125,1173.199951171875,1169.199951171875,1169.5,311466
2026-05-07 07:45:00,1170.0,1170.0,1172.5,1169.5,1172.4000244140625,323326
2026-05-07 08:00:00,1169.4000244140625,1169.4000244140625,1170.800048828125,1168.699951171875,1170.0,237970
2026-05-07 08:15:00,1169.300048828125,1169.300048828125,1170.9000244140625,1169.199951171875,1169.5,271665
2026-05-07 08:30:00,1168.0999755859375,1168.0999755859375,1169.800048828125,1166.699951171875,1169.5999755859375,336091
2026-05-07 08:45:00,1168.4000244140625,1168.4000244140625,1169.699951171875,1166.699951171875,1168.199951171875,314776
2026-05-07 09:00:00,1165.4000244140625,1165.4000244140625,1169.0999755859375,1165.0,1168.5,562304
2026-05-07 09:15:00,1164.5,1164.5,1166.199951171875,1164.0999755859375,1165.5,347758
2026-05-07 09:30:00,1163.0,1163.0,1164.5999755859375,1159.9000244140625,1164.5999755859375,2160844
2026-05-07 09:45:00,1165.9000244140625,1165.9000244140625,1166.0,1163.0,1163.0,1698581
2026-05-08 03:45:00,1169.699951171875,1169.699951171875,1171.699951171875,1160.4000244140625,1161.5,308371
2026-05-08 04:00:00,1168.5999755859375,1168.5999755859375,1170.9000244140625,1166.5999755859375,1169.699951171875,327109
2026-05-08 04:15:00,1170.5,1170.5,1170.699951171875,1166.5999755859375,1168.300048828125,230893
2026-05-08 04:30:00,1170.0,1170.0,1171.4000244140625,1169.0,1170.5,229236
2026-05-08 04:45:00,1172.5,1172.5,1172.800048828125,1168.800048828125,1170.0,376555
2026-05-08 05:00:00,1174.699951171875,1174.699951171875,1175.0,1172.4000244140625,1172.5,363626
2026-05-08 05:15:00,1173.0999755859375,1173.0999755859375,1174.699951171875,1172.5999755859375,1174.699951171875,102072
2026-05-08 05:30:00,1171.0,1171.0,1173.199951171875,1170.699951171875,1173.0,178721
2026-05-08 05:45:00,1169.800048828125,1169.800048828125,1171.0,1168.800048828125,1171.0,156033
2026-05-08 06:00:00,1169.4000244140625,1169.4000244140625,1172.0,1169.300048828125,1169.4000244140625,200573
2026-05-08 06:15:00,1170.199951171875,1170.199951171875,1171.300048828125,1169.0,1169.0999755859375,223927
2026-05-08 06:30:00,1170.0999755859375,1170.0999755859375,1170.5,1169.199951171875,1170.199951171875,100894
2026-05-08 06:45:00,1170.300048828125,1170.300048828125,1170.699951171875,1167.9000244140625,1169.800048828125,182644
2026-05-08 07:00:00,1171.699951171875,1171.699951171875,1173.5,1170.0,1170.0999755859375,323701
2026-05-08 07:15:00,1173.0,1173.0,1173.5,1171.300048828125,1171.5,152100
2026-05-08 07:30:00,1175.5,1175.5,1176.800048828125,1172.4000244140625,1172.800048828125,354560
2026-05-08 07:45:00,1176.699951171875,1176.699951171875,1177.4000244140625,1174.5,1176.0,234521
2026-05-08 08:00:00,1175.0,1175.0,1178.4000244140625,1174.9000244140625,1176.800048828125,225582
2026-05-08 08:15:00,1174.4000244140625,1174.4000244140625,1176.4000244140625,1173.9000244140625,1175.5,156872
2026-05-08 08:30:00,1178.0,1178.0,1178.5,1173.5999755859375,1174.300048828125,265841
2026-05-08 08:45:00,1179.300048828125,1179.300048828125,1179.4000244140625,1177.5,1178.0,406686
2026-05-08 09:00:00,1182.300048828125,1182.300048828125,1183.5,1179.0,1179.4000244140625,569064
2026-05-08 09:15:00,1181.300048828125,1181.300048828125,1183.199951171875,1180.699951171875,1182.0999755859375,352904
2026-05-08 09:30:00,1178.5,1178.5,1180.9000244140625,1178.199951171875,1180.9000244140625,566897
2026-05-08 09:45:00,1179.9000244140625,1179.9000244140625,1180.0,1178.300048828125,1178.5,486269
2026-05-11 03:45:00,1177.300048828125,1177.300048828125,1178.9000244140625,1172.199951171875,1172.699951171875,265380
2026-05-11 04:00:00,1175.300048828125,1175.300048828125,1178.0,1175.300048828125,1176.9000244140625,200384
2026-05-11 04:15:00,1178.0,1178.0,1180.699951171875,1175.300048828125,1175.300048828125,226948
2026-05-11 04:30:00,1177.4000244140625,1177.4000244140625,1179.0999755859375,1176.5,1178.199951171875,121368
2026-05-11 04:45:00,1177.0,1177.0,1178.5999755859375,1174.199951171875,1177.0,162124
2026-05-11 05:00:00,1181.199951171875,1181.199951171875,1181.5,1177.0,1177.4000244140625,209646
2026-05-11 05:15:00,1182.800048828125,1182.800048828125,1183.0,1179.5999755859375,1181.0999755859375,271829
2026-05-11 05:30:00,1183.199951171875,1183.199951171875,1184.9000244140625,1182.5,1183.0,223929
2026-05-11 05:45:00,1183.5999755859375,1183.5999755859375,1184.4000244140625,1180.800048828125,1183.699951171875,275090
2026-05-11 06:00:00,1185.800048828125,1185.800048828125,1185.9000244140625,1181.0,1183.800048828125,378101
2026-05-11 06:15:00,1186.199951171875,1186.199951171875,1186.800048828125,1184.5999755859375,1185.699951171875,332705
2026-05-11 06:30:00,1184.4000244140625,1184.4000244140625,1186.9000244140625,1184.0,1186.300048828125,274021
2026-05-11 06:45:00,1183.5999755859375,1183.5999755859375,1185.0,1183.0,1184.5,238327
2026-05-11 07:00:00,1184.199951171875,1184.199951171875,1184.699951171875,1182.4000244140625,1183.5999755859375,226726
2026-05-11 07:15:00,1183.0,1183.0,1184.300048828125,1183.0,1184.300048828125,175369
2026-05-11 07:30:00,1182.699951171875,1182.699951171875,1183.5,1181.0999755859375,1182.9000244140625,380259
2026-05-11 07:45:00,1183.5,1183.5,1184.0,1181.9000244140625,1183.0,221667
2026-05-11 08:00:00,1181.0999755859375,1181.0999755859375,1183.699951171875,1181.0999755859375,1183.699951171875,293787
2026-05-11 08:15:00,1181.699951171875,1181.699951171875,1182.800048828125,1181.199951171875,1181.5999755859375,200372
2026-05-11 08:30:00,1181.5999755859375,1181.5999755859375,1183.4000244140625,1181.0999755859375,1181.699951171875,242025
2026-05-11 08:45:00,1178.800048828125,1178.800048828125,1181.699951171875,1178.5999755859375,1181.5999755859375,219735
2026-05-11 09:00:00,1178.300048828125,1178.300048828125,1181.0999755859375,1176.5,1178.9000244140625,214508
2026-05-11 09:15:00,1178.5999755859375,1178.5999755859375,1179.699951171875,1177.0999755859375,1178.699951171875,228665
2026-05-11 09:30:00,1177.300048828125,1177.300048828125,1178.5999755859375,1175.0,1178.5999755859375,766960
2026-05-11 09:45:00,1176.0,1176.0,1178.699951171875,1175.0999755859375,1177.300048828125,615279
2026-05-12 03:45:00,1138.9000244140625,1138.9000244140625,1162.0,1136.699951171875,1162.0,834072
2026-05-12 04:00:00,1138.300048828125,1138.300048828125,1141.5,1133.0999755859375,1138.5,1004859
2026-05-12 04:15:00,1132.800048828125,1132.800048828125,1138.4000244140625,1132.0999755859375,1138.4000244140625,661640
2026-05-12 04:30:00,1134.5,1134.5,1135.0,1131.5,1132.800048828125,446184
2026-05-12 04:45:00,1131.5999755859375,1131.5999755859375,1135.5,1131.0,1134.4000244140625,381940
2026-05-12 05:00:00,1131.5,1131.5,1131.699951171875,1130.4000244140625,1131.5,286627
2026-05-12 05:15:00,1133.300048828125,1133.300048828125,1133.800048828125,1131.0,1131.5,286531
2026-05-12 05:30:00,1131.800048828125,1131.800048828125,1133.5,1131.300048828125,1132.9000244140625,258568
2026-05-12 05:45:00,1130.9000244140625,1130.9000244140625,1132.5999755859375,1130.5,1131.800048828125,385900
2026-05-12 06:00:00,1131.9000244140625,1131.9000244140625,1134.199951171875,1130.4000244140625,1131.0,358799
2026-05-12 06:15:00,1132.0999755859375,1132.0999755859375,1133.0,1130.699951171875,1131.9000244140625,211943
2026-05-12 06:30:00,1126.9000244140625,1126.9000244140625,1132.300048828125,1126.4000244140625,1132.199951171875,526624
2026-05-12 06:45:00,1126.300048828125,1126.300048828125,1126.9000244140625,1123.0999755859375,1126.9000244140625,697493
2026-05-12 07:00:00,1132.300048828125,1132.300048828125,1132.4000244140625,1125.0999755859375,1126.0999755859375,372485
2026-05-12 07:15:00,1132.0,1132.0,1133.0,1130.0,1132.300048828125,274538
2026-05-12 07:30:00,1138.800048828125,1138.800048828125,1138.9000244140625,1131.9000244140625,1132.0,694999
2026-05-12 07:45:00,1137.9000244140625,1137.9000244140625,1140.5,1137.300048828125,1139.300048828125,646277
2026-05-12 08:00:00,1138.0,1138.0,1140.199951171875,1136.5999755859375,1138.0999755859375,382533
2026-05-12 08:15:00,1138.0999755859375,1138.0999755859375,1139.5999755859375,1138.0,1138.0,398019
2026-05-12 08:30:00,1139.199951171875,1139.199951171875,1139.9000244140625,1135.0,1138.300048828125,824449
2026-05-12 08:45:00,1141.0999755859375,1141.0999755859375,1141.9000244140625,1138.300048828125,1139.199951171875,509569
2026-05-12 09:00:00,1139.9000244140625,1139.9000244140625,1141.199951171875,1139.0999755859375,1140.9000244140625,498345
2026-05-12 09:15:00,1140.5,1140.5,1140.5999755859375,1138.300048828125,1140.0,1285439
2026-05-12 09:30:00,1139.699951171875,1139.699951171875,1142.699951171875,1138.5,1140.800048828125,2419116
2026-05-12 09:45:00,1140.199951171875,1140.199951171875,1140.699951171875,1138.800048828125,1139.699951171875,1143239
2026-05-13 03:45:00,1132.9000244140625,1132.9000244140625,1141.800048828125,1131.5,1138.800048828125,303379
2026-05-13 04:00:00,1132.5,1132.5,1135.0999755859375,1131.4000244140625,1132.9000244140625,285582
2026-05-13 04:15:00,1134.5999755859375,1134.5999755859375,1134.699951171875,1129.199951171875,1131.5999755859375,243312
2026-05-13 04:30:00,1135.5999755859375,1135.5999755859375,1137.0,1133.0,1134.5999755859375,143229
2026-05-13 04:45:00,1135.199951171875,1135.199951171875,1136.0,1133.800048828125,1135.5,114343
2026-05-13 05:00:00,1131.9000244140625,1131.9000244140625,1135.4000244140625,1130.199951171875,1135.300048828125,168822
2026-05-13 05:15:00,1130.5,1130.5,1133.800048828125,1130.4000244140625,1131.5999755859375,115425
2026-05-13 05:30:00,1131.0,1131.0,1131.5,1129.699951171875,1130.5,146506
2026-05-13 05:45:00,1134.199951171875,1134.199951171875,1134.9000244140625,1130.5999755859375,1131.0,126701
2026-05-13 06:00:00,1137.199951171875,1137.199951171875,1138.5,1133.699951171875,1134.5,222366
2026-05-13 06:15:00,1131.0,1131.0,1137.300048828125,1130.5999755859375,1137.199951171875,154343
2026-05-13 06:30:00,1134.300048828125,1134.300048828125,1134.9000244140625,1130.5,1131.199951171875,160887
2026-05-13 06:45:00,1131.800048828125,1131.800048828125,1134.5,1131.0,1134.5,157858
2026-05-13 07:00:00,1130.5999755859375,1130.5999755859375,1132.5999755859375,1130.0999755859375,1131.800048828125,137048
2026-05-13 07:15:00,1134.0999755859375,1134.0999755859375,1134.199951171875,1130.4000244140625,1130.5999755859375,148933
2026-05-13 07:30:00,1130.5999755859375,1130.5999755859375,1134.199951171875,1129.300048828125,1133.800048828125,226308
2026-05-13 07:45:00,1128.199951171875,1128.199951171875,1130.9000244140625,1127.699951171875,1130.5,109010
2026-05-13 08:00:00,1129.4000244140625,1129.4000244140625,1130.199951171875,1128.199951171875,1128.199951171875,98061
2026-05-13 08:15:00,1127.9000244140625,1127.9000244140625,1130.4000244140625,1127.0999755859375,1129.4000244140625,225808
2026-05-13 08:30:00,1127.5,1127.5,1128.4000244140625,1127.0,1127.9000244140625,173265
2026-05-13 08:45:00,1125.4000244140625,1125.4000244140625,1127.699951171875,1124.199951171875,1127.699951171875,314125
2026-05-13 09:00:00,1122.9000244140625,1122.9000244140625,1126.4000244140625,1121.199951171875,1125.800048828125,439085
2026-05-13 09:15:00,1124.300048828125,1124.300048828125,1125.5999755859375,1122.0,1122.800048828125,362971
2026-05-13 09:30:00,1123.800048828125,1123.800048828125,1124.300048828125,1121.0,1124.199951171875,860195
2026-05-13 09:45:00,1123.4000244140625,1123.4000244140625,1124.699951171875,1122.5,1123.9000244140625,767683
2026-05-14 03:45:00,1113.199951171875,1113.199951171875,1120.0999755859375,1110.0,1119.699951171875,778528
2026-05-14 04:00:00,1107.5,1107.5,1113.5,1104.199951171875,1113.300048828125,850872
2026-05-14 04:15:00,1103.0,1103.0,1108.5,1101.800048828125,1108.0,350583
2026-05-14 04:30:00,1105.5999755859375,1105.5999755859375,1108.300048828125,1102.9000244140625,1103.0999755859375,283683
2026-05-14 04:45:00,1104.9000244140625,1104.9000244140625,1106.300048828125,1102.4000244140625,1105.800048828125,303003
2026-05-14 05:00:00,1105.199951171875,1105.199951171875,1107.5999755859375,1104.5999755859375,1104.9000244140625,238527
2026-05-14 05:15:00,1097.199951171875,1097.199951171875,1105.5,1097.199951171875,1105.5,510584
2026-05-14 05:30:00,1093.5,1093.5,1098.4000244140625,1093.0,1097.199951171875,518019
2026-05-14 05:45:00,1094.300048828125,1094.300048828125,1096.4000244140625,1092.5,1093.4000244140625,601608
2026-05-14 06:00:00,1096.300048828125,1096.300048828125,1096.800048828125,1093.300048828125,1094.199951171875,421335
2026-05-14 06:15:00,1096.0999755859375,1096.0999755859375,1098.5999755859375,1095.699951171875,1096.199951171875,544053
2026-05-14 06:30:00,1092.9000244140625,1092.9000244140625,1096.5,1091.4000244140625,1096.0999755859375,490607
2026-05-14 06:45:00,1091.800048828125,1091.800048828125,1093.800048828125,1091.699951171875,1092.800048828125,528825
2026-05-14 07:00:00,1091.5,1091.5,1093.4000244140625,1090.5,1091.9000244140625,476814
2026-05-14 07:15:00,1090.0,1090.0,1092.9000244140625,1089.0999755859375,1091.699951171875,562118
2026-05-14 07:30:00,1094.5999755859375,1094.5999755859375,1095.4000244140625,1090.0,1090.0999755859375,565565
2026-05-14 07:45:00,1094.5,1094.5,1098.300048828125,1094.0999755859375,1094.5999755859375,761887
2026-05-14 08:00:00,1095.300048828125,1095.300048828125,1097.0999755859375,1094.0,1094.5,475635
2026-05-14 08:15:00,1097.5,1097.5,1099.9000244140625,1094.4000244140625,1095.300048828125,1594355
2026-05-14 08:30:00,1097.0999755859375,1097.0999755859375,1098.5,1096.0999755859375,1097.9000244140625,733512
2026-05-14 08:45:00,1097.0,1097.0,1098.199951171875,1096.5,1097.0999755859375,460557
2026-05-14 09:00:00,1095.4000244140625,1095.4000244140625,1098.0999755859375,1095.0999755859375,1097.0999755859375,621041
2026-05-14 09:15:00,1094.800048828125,1094.800048828125,1096.4000244140625,1094.0999755859375,1095.4000244140625,540265
2026-05-14 09:30:00,1096.800048828125,1096.800048828125,1097.5,1094.5999755859375,1094.9000244140625,1572816
2026-05-14 09:45:00,1094.5,1094.5,1096.9000244140625,1092.4000244140625,1096.699951171875,1561841
2026-05-15 03:45:00,1129.699951171875,1129.699951171875,1130.5999755859375,1103.199951171875,1103.199951171875,1072926
2026-05-15 04:00:00,1126.0,1126.0,1129.5999755859375,1123.9000244140625,1129.5999755859375,541899
2026-05-15 04:15:00,1128.5,1128.5,1133.0,1124.0,1125.800048828125,836644
2026-05-15 04:30:00,1123.800048828125,1123.800048828125,1130.0,1121.300048828125,1128.300048828125,721858
2026-05-15 04:45:00,1123.5999755859375,1123.5999755859375,1126.5,1122.0999755859375,1124.0,325880
2026-05-15 05:00:00,1122.300048828125,1122.300048828125,1123.4000244140625,1119.5,1123.4000244140625,339164
2026-05-15 05:15:00,1124.800048828125,1124.800048828125,1127.0,1122.199951171875,1122.5,309651
2026-05-15 05:30:00,1119.9000244140625,1119.9000244140625,1124.9000244140625,1118.5999755859375,1124.800048828125,331829
2026-05-15 05:45:00,1120.199951171875,1120.199951171875,1121.699951171875,1119.199951171875,1119.699951171875,258343
2026-05-15 06:00:00,1120.699951171875,1120.699951171875,1122.0,1118.4000244140625,1120.0,268907
2026-05-15 06:15:00,1121.0,1121.0,1122.5,1120.0,1120.699951171875,246595
2026-05-15 06:30:00,1122.0,1122.0,1124.300048828125,1120.5999755859375,1121.0,284487
2026-05-15 06:45:00,1120.5,1120.5,1122.5999755859375,1119.9000244140625,1122.0,262765
2026-05-15 07:00:00,1123.4000244140625,1123.4000244140625,1125.0,1120.300048828125,1120.5,413495
2026-05-15 07:15:00,1123.9000244140625,1123.9000244140625,1124.5999755859375,1122.0,1123.4000244140625,472629
2026-05-15 07:30:00,1126.800048828125,1126.800048828125,1126.800048828125,1122.4000244140625,1123.9000244140625,402367
2026-05-15 07:45:00,1125.300048828125,1125.300048828125,1127.4000244140625,1124.0999755859375,1126.800048828125,318900
2026-05-15 08:00:00,1119.0,1119.0,1125.199951171875,1119.0,1124.9000244140625,399321
2026-05-15 08:15:00,1115.699951171875,1115.699951171875,1119.5,1115.5,1118.800048828125,377853
2026-05-15 08:30:00,1115.199951171875,1115.199951171875,1116.0,1114.0999755859375,1115.699951171875,376515
2026-05-15 08:45:00,1115.4000244140625,1115.4000244140625,1115.800048828125,1112.800048828125,1115.199951171875,246321
2026-05-15 09:00:00,1118.300048828125,1118.300048828125,1118.300048828125,1114.800048828125,1115.4000244140625,291004
2026-05-15 09:15:00,1118.9000244140625,1118.9000244140625,1118.9000244140625,1114.9000244140625,1118.0,533957
2026-05-15 09:30:00,1119.5,1119.5,1122.9000244140625,1114.699951171875,1118.5999755859375,3829139
2026-05-15 09:45:00,1119.0,1119.0,1121.0,1115.0,1119.9000244140625,3131058
2026-05-18 03:45:00,1128.0,1128.0,1136.5,1120.0,1120.0999755859375,572821
2026-05-18 04:00:00,1129.5999755859375,1129.5999755859375,1132.199951171875,1124.0,1127.800048828125,653531
2026-05-18 04:15:00,1129.9000244140625,1129.9000244140625,1130.699951171875,1127.5,1129.5999755859375,273747
2026-05-18 04:30:00,1127.0,1127.0,1130.800048828125,1126.4000244140625,1129.800048828125,245861
2026-05-18 04:45:00,1128.0,1128.0,1130.0,1126.800048828125,1127.0,183967
2026-05-18 05:00:00,1129.0,1129.0,1133.5999755859375,1127.699951171875,1128.0,720998
2026-05-18 05:15:00,1132.5,1132.5,1133.4000244140625,1125.9000244140625,1128.5999755859375,588576
2026-05-18 05:30:00,1127.0,1127.0,1133.9000244140625,1127.0,1132.5,660651
2026-05-18 05:45:00,1131.0,1131.0,1131.5999755859375,1125.5,1127.0999755859375,519961
2026-05-18 06:00:00,1132.4000244140625,1132.4000244140625,1132.4000244140625,1128.9000244140625,1131.0,359098
2026-05-18 06:15:00,1132.699951171875,1132.699951171875,1134.5,1131.0999755859375,1132.5999755859375,392249
2026-05-18 06:30:00,1139.699951171875,1139.699951171875,1139.800048828125,1132.5999755859375,1132.699951171875,564830
2026-05-18 06:45:00,1138.5999755859375,1138.5999755859375,1141.800048828125,1136.0,1139.5,515127
2026-05-18 07:00:00,1138.800048828125,1138.800048828125,1141.199951171875,1138.5,1138.5999755859375,280483
2026-05-18 07:15:00,1138.5,1138.5,1140.4000244140625,1138.300048828125,1139.0999755859375,227361
2026-05-18 07:30:00,1138.5999755859375,1138.5999755859375,1140.0,1136.5999755859375,1138.5999755859375,156825
2026-05-18 07:45:00,1138.300048828125,1138.300048828125,1139.9000244140625,1137.199951171875,1138.4000244140625,162842
2026-05-18 08:00:00,1137.5,1137.5,1139.5,1135.300048828125,1138.5,339227
2026-05-18 08:15:00,1138.0,1138.0,1138.0,1134.9000244140625,1137.5999755859375,197501
2026-05-18 08:30:00,1136.699951171875,1136.699951171875,1138.4000244140625,1135.5,1138.0,256382
2026-05-18 08:45:00,1140.300048828125,1140.300048828125,1141.0,1134.5999755859375,1136.699951171875,422141
2026-05-18 09:00:00,1141.0,1141.0,1142.0,1139.5999755859375,1140.199951171875,401471
2026-05-18 09:15:00,1140.0999755859375,1140.0999755859375,1141.300048828125,1139.0999755859375,1141.199951171875,237454
2026-05-18 09:30:00,1141.0,1141.0,1145.5,1139.9000244140625,1140.300048828125,1296043
2026-05-18 09:45:00,1142.5,1142.5,1146.0999755859375,1139.9000244140625,1141.0,1138567
2026-05-19 03:45:00,1192.300048828125,1192.300048828125,1197.199951171875,1163.0,1163.0,2049038
2026-05-19 04:00:00,1193.5999755859375,1193.5999755859375,1196.0999755859375,1190.5,1192.5,1386366
2026-05-19 04:15:00,1189.5999755859375,1189.5999755859375,1194.5,1188.300048828125,1193.5999755859375,906426
2026-05-19 04:30:00,1192.4000244140625,1192.4000244140625,1193.0,1188.699951171875,1189.699951171875,510089
2026-05-19 04:45:00,1191.0999755859375,1191.0999755859375,1193.0,1188.800048828125,1192.4000244140625,865539
2026-05-19 05:00:00,1195.0999755859375,1195.0999755859375,1195.0999755859375,1189.4000244140625,1191.199951171875,1948488
2026-05-19 05:15:00,1190.9000244140625,1190.9000244140625,1195.0999755859375,1188.4000244140625,1195.0999755859375,1180628
2026-05-19 05:30:00,1190.5,1190.5,1191.9000244140625,1189.199951171875,1191.0,909809
2026-05-19 05:45:00,1188.800048828125,1188.800048828125,1190.9000244140625,1188.0,1190.4000244140625,903906
2026-05-19 06:00:00,1188.699951171875,1188.699951171875,1190.0,1186.5999755859375,1189.0,1185435
2026-05-19 06:15:00,1189.5,1189.5,1189.800048828125,1187.4000244140625,1188.699951171875,922230
2026-05-19 06:30:00,1187.199951171875,1187.199951171875,1189.9000244140625,1186.199951171875,1189.5999755859375,1257663
2026-05-19 06:45:00,1187.0,1187.0,1189.0999755859375,1185.699951171875,1187.300048828125,1058840
2026-05-19 07:00:00,1188.4000244140625,1188.4000244140625,1189.0,1186.0999755859375,1187.300048828125,901158
2026-05-19 07:15:00,1188.800048828125,1188.800048828125,1189.199951171875,1187.5,1188.4000244140625,981957
2026-05-19 07:30:00,1189.800048828125,1189.800048828125,1191.4000244140625,1188.4000244140625,1188.9000244140625,1060122
2026-05-19 07:45:00,1189.5999755859375,1189.5999755859375,1190.5,1189.300048828125,1189.9000244140625,1099168
2026-05-19 08:00:00,1186.0999755859375,1186.0999755859375,1190.5999755859375,1186.0999755859375,1189.5,1277708
2026-05-19 08:15:00,1185.9000244140625,1185.9000244140625,1188.800048828125,1184.5,1186.199951171875,1291365
2026-05-19 08:30:00,1190.699951171875,1190.699951171875,1190.9000244140625,1185.5999755859375,1185.800048828125,993238
2026-05-19 08:45:00,1190.0,1190.0,1193.300048828125,1190.0,1190.9000244140625,1345393
2026-05-19 09:00:00,1193.199951171875,1193.199951171875,1193.9000244140625,1189.0,1190.0,689994
2026-05-19 09:15:00,1195.9000244140625,1195.9000244140625,1196.0,1192.0999755859375,1192.9000244140625,1179938
2026-05-19 09:30:00,1198.199951171875,1198.199951171875,1198.4000244140625,1195.0,1196.199951171875,2273428
2026-05-19 09:45:00,1194.0,1194.0,1198.199951171875,1193.0,1198.199951171875,2031685
2026-05-20 03:45:00,1199.800048828125,1199.800048828125,1201.0,1187.0,1187.0,594615
2026-05-20 04:00:00,1203.199951171875,1203.199951171875,1205.4000244140625,1199.5999755859375,1199.9000244140625,902708
2026-05-20 04:15:00,1203.5,1203.5,1206.699951171875,1201.800048828125,1203.300048828125,742032
2026-05-20 04:30:00,1195.800048828125,1195.800048828125,1205.0,1195.0,1204.0999755859375,643747
2026-05-20 04:45:00,1195.199951171875,1195.199951171875,1197.5999755859375,1192.4000244140625,1196.0,497794
2026-05-20 05:00:00,1195.0,1195.0,1196.300048828125,1193.9000244140625,1195.199951171875,369759
2026-05-20 05:15:00,1196.0999755859375,1196.0999755859375,1197.9000244140625,1193.4000244140625,1195.0999755859375,697320
2026-05-20 05:30:00,1195.0,1195.0,1196.9000244140625,1194.0999755859375,1196.0999755859375,615624
2026-05-20 05:45:00,1192.5,1192.5,1195.5,1192.0,1195.0999755859375,514517
2026-05-20 06:00:00,1190.0999755859375,1190.0999755859375,1193.0,1189.5,1192.699951171875,375895
2026-05-20 06:15:00,1191.5999755859375,1191.5999755859375,1194.300048828125,1189.5,1190.300048828125,387812
2026-05-20 06:30:00,1192.800048828125,1192.800048828125,1193.800048828125,1189.4000244140625,1191.699951171875,379586
2026-05-20 06:45:00,1191.300048828125,1191.300048828125,1193.300048828125,1191.0,1192.9000244140625,357231
2026-05-20 07:00:00,1191.199951171875,1191.199951171875,1193.0999755859375,1191.0,1191.300048828125,331597
2026-05-20 07:15:00,1192.5999755859375,1192.5999755859375,1192.9000244140625,1190.300048828125,1191.300048828125,370768
2026-05-20 07:30:00,1192.5,1192.5,1194.199951171875,1191.199951171875,1192.699951171875,550024
2026-05-20 07:45:00,1191.0,1191.0,1193.5,1190.300048828125,1192.4000244140625,559603
2026-05-20 08:00:00,1193.300048828125,1193.300048828125,1193.5,1190.9000244140625,1191.0,436616
2026-05-20 08:15:00,1194.300048828125,1194.300048828125,1195.5,1193.300048828125,1193.300048828125,446786
2026-05-20 08:30:00,1197.300048828125,1197.300048828125,1198.5999755859375,1192.5999755859375,1194.4000244140625,324031
2026-05-20 08:45:00,1197.5999755859375,1197.5999755859375,1198.5,1196.199951171875,1197.199951171875,316901
2026-05-20 09:00:00,1198.800048828125,1198.800048828125,1199.0999755859375,1196.0999755859375,1197.699951171875,379100
2026-05-20 09:15:00,1195.199951171875,1195.199951171875,1199.0999755859375,1195.199951171875,1198.800048828125,428295
2026-05-20 09:30:00,1197.0999755859375,1197.0999755859375,1197.9000244140625,1193.699951171875,1195.300048828125,1171386
2026-05-20 09:45:00,1189.699951171875,1189.699951171875,1197.300048828125,1186.199951171875,1197.0999755859375,1677100
2026-05-21 03:45:00,1192.199951171875,1192.199951171875,1198.199951171875,1189.699951171875,1197.300048828125,373372
2026-05-21 04:00:00,1191.0,1191.0,1193.9000244140625,1187.300048828125,1193.0,390512
2026-05-21 04:15:00,1191.5,1191.5,1195.4000244140625,1190.4000244140625,1190.9000244140625,382677
2026-05-21 04:30:00,1189.5999755859375,1189.5999755859375,1191.5999755859375,1189.0999755859375,1191.199951171875,255461
2026-05-21 04:45:00,1189.5,1189.5,1192.0,1188.4000244140625,1189.9000244140625,318844
2026-05-21 05:00:00,1185.699951171875,1185.699951171875,1190.0,1183.5,1188.9000244140625,451591
2026-05-21 05:15:00,1184.800048828125,1184.800048828125,1187.300048828125,1183.800048828125,1185.800048828125,279663
2026-05-21 05:30:00,1186.0,1186.0,1189.0,1183.9000244140625,1185.0,256648
2026-05-21 05:45:00,1188.300048828125,1188.300048828125,1189.4000244140625,1183.0,1186.0,339041
2026-05-21 06:00:00,1187.9000244140625,1187.9000244140625,1190.199951171875,1187.0999755859375,1188.0,270597
2026-05-21 06:15:00,1189.699951171875,1189.699951171875,1189.699951171875,1186.5,1188.0999755859375,202005
2026-05-21 06:30:00,1187.9000244140625,1187.9000244140625,1190.5,1187.9000244140625,1189.699951171875,336545
2026-05-21 06:45:00,1185.699951171875,1185.699951171875,1188.0999755859375,1185.300048828125,1188.0999755859375,286245
2026-05-21 07:00:00,1185.699951171875,1185.699951171875,1186.5999755859375,1183.199951171875,1185.699951171875,216612
2026-05-21 07:15:00,1185.199951171875,1185.199951171875,1186.0,1183.199951171875,1185.699951171875,232216
2026-05-21 07:30:00,1184.199951171875,1184.199951171875,1186.4000244140625,1183.800048828125,1185.300048828125,229086
2026-05-21 07:45:00,1181.800048828125,1181.800048828125,1184.800048828125,1181.699951171875,1184.300048828125,244963
2026-05-21 08:00:00,1183.699951171875,1183.699951171875,1184.0,1181.5999755859375,1182.0,302568
2026-05-21 08:15:00,1184.699951171875,1184.699951171875,1185.300048828125,1183.0,1183.800048828125,332623
2026-05-21 08:30:00,1180.5999755859375,1180.5999755859375,1185.0999755859375,1180.300048828125,1184.800048828125,378510
2026-05-21 08:45:00,1181.199951171875,1181.199951171875,1182.5,1179.4000244140625,1180.9000244140625,240307
2026-05-21 09:00:00,1178.9000244140625,1178.9000244140625,1184.0,1178.5,1181.5,493102
2026-05-21 09:15:00,1181.199951171875,1181.199951171875,1181.5999755859375,1178.199951171875,1178.9000244140625,399112
2026-05-21 09:30:00,1181.0,1181.0,1183.800048828125,1180.0999755859375,1180.9000244140625,1211292
2026-05-21 09:45:00,1178.5,1178.5,1183.0,1177.0999755859375,1181.0,898188
2026-05-22 03:45:00,1174.800048828125,1174.800048828125,1185.0,1172.5999755859375,1185.0,313694
2026-05-22 04:00:00,1178.300048828125,1178.300048828125,1181.9000244140625,1175.0,1175.0,374161
2026-05-22 04:15:00,1181.0,1181.0,1183.0,1175.4000244140625,1178.5999755859375,323250
2026-05-22 04:30:00,1179.5,1179.5,1182.300048828125,1179.0999755859375,1181.0,294381
2026-05-22 04:45:00,1182.0,1182.0,1183.199951171875,1176.5999755859375,1179.5,316241
2026-05-22 05:00:00,1189.199951171875,1189.199951171875,1191.800048828125,1181.9000244140625,1182.0,318459
2026-05-22 05:15:00,1187.4000244140625,1187.4000244140625,1190.0,1186.699951171875,1189.5999755859375,238468
2026-05-22 05:30:00,1186.4000244140625,1186.4000244140625,1187.5999755859375,1184.800048828125,1187.4000244140625,242622
2026-05-22 05:45:00,1186.5,1186.5,1187.699951171875,1185.0999755859375,1186.199951171875,247792
2026-05-22 06:00:00,1185.9000244140625,1185.9000244140625,1187.300048828125,1183.4000244140625,1186.5,316984
2026-05-22 06:15:00,1186.0,1186.0,1187.5,1184.5,1185.800048828125,361476
2026-05-22 06:30:00,1184.5999755859375,1184.5999755859375,1186.4000244140625,1182.9000244140625,1186.4000244140625,413605
2026-05-22 06:45:00,1181.5,1181.5,1185.4000244140625,1181.300048828125,1184.699951171875,300000
2026-05-22 07:00:00,1181.0999755859375,1181.0999755859375,1181.800048828125,1179.300048828125,1181.5,226941
2026-05-22 07:15:00,1180.0,1180.0,1182.800048828125,1180.0,1181.5,199713
2026-05-22 07:30:00,1179.0999755859375,1179.0999755859375,1180.800048828125,1178.300048828125,1180.0,196664
2026-05-22 07:45:00,1177.800048828125,1177.800048828125,1179.699951171875,1176.0,1179.199951171875,252819
2026-05-22 08:00:00,1177.4000244140625,1177.4000244140625,1178.0,1175.699951171875,1177.5999755859375,255378
2026-05-22 08:15:00,1176.0,1176.0,1179.5999755859375,1175.4000244140625,1177.5,292437
2026-05-22 08:30:00,1175.800048828125,1175.800048828125,1177.300048828125,1175.199951171875,1176.300048828125,263562
2026-05-22 08:45:00,1174.800048828125,1174.800048828125,1177.9000244140625,1174.800048828125,1175.800048828125,334912
2026-05-22 09:00:00,1174.0,1174.0,1176.199951171875,1173.9000244140625,1174.699951171875,224483
2026-05-22 09:15:00,1177.5,1177.5,1177.699951171875,1174.0,1174.0,359712
2026-05-22 09:30:00,1175.199951171875,1175.199951171875,1177.300048828125,1173.0,1177.300048828125,965374
2026-05-22 09:45:00,1175.0,1175.0,1176.800048828125,1173.5999755859375,1175.199951171875,788302
2026-05-25 03:45:00,1175.5,1175.5,1184.9000244140625,1169.699951171875,1184.9000244140625,311788
2026-05-25 04:00:00,1174.5999755859375,1174.5999755859375,1177.0,1172.0999755859375,1175.5,339907
2026-05-25 04:15:00,1173.300048828125,1173.300048828125,1175.300048828125,1172.9000244140625,1174.0999755859375,201017
2026-05-25 04:30:00,1173.699951171875,1173.699951171875,1174.699951171875,1171.0,1173.9000244140625,240070
2026-05-25 04:45:00,1173.4000244140625,1173.4000244140625,1177.800048828125,1172.800048828125,1173.800048828125,214737
2026-05-25 05:00:00,1177.0,1177.0,1177.5,1173.0999755859375,1173.4000244140625,177575
2026-05-25 05:15:00,1178.0999755859375,1178.0999755859375,1178.5,1175.5999755859375,1177.0999755859375,169581
2026-05-25 05:30:00,1177.5,1177.5,1179.0,1176.800048828125,1178.199951171875,140215
2026-05-25 05:45:00,1178.4000244140625,1178.4000244140625,1178.5,1176.300048828125,1178.0,116681
2026-05-25 06:00:00,1177.800048828125,1177.800048828125,1178.5999755859375,1176.699951171875,1178.4000244140625,89775
2026-05-25 06:15:00,1175.5999755859375,1175.5999755859375,1178.0999755859375,1175.0,1177.9000244140625,156252
2026-05-25 06:30:00,1174.0999755859375,1174.0999755859375,1176.9000244140625,1173.699951171875,1175.4000244140625,168772
2026-05-25 06:45:00,1172.699951171875,1172.699951171875,1174.0999755859375,1172.199951171875,1174.0999755859375,161259
2026-05-25 07:00:00,1174.0,1174.0,1174.0999755859375,1172.300048828125,1172.699951171875,117914
2026-05-25 07:15:00,1172.0,1172.0,1173.9000244140625,1171.0999755859375,1173.800048828125,135435
2026-05-25 07:30:00,1172.5,1172.5,1174.5999755859375,1171.5999755859375,1172.199951171875,143146
2026-05-25 07:45:00,1177.0,1177.0,1177.5,1172.5,1172.800048828125,308606
2026-05-25 08:00:00,1173.4000244140625,1173.4000244140625,1178.0999755859375,1173.199951171875,1177.0999755859375,288978
2026-05-25 08:15:00,1171.699951171875,1171.699951171875,1173.5999755859375,1171.5,1173.4000244140625,134612
2026-05-25 08:30:00,1171.699951171875,1171.699951171875,1172.9000244140625,1171.4000244140625,1172.0,102368
2026-05-25 08:45:00,1172.0,1172.0,1173.199951171875,1170.699951171875,1172.0,212440
2026-05-25 09:00:00,1172.199951171875,1172.199951171875,1173.0,1171.199951171875,1171.9000244140625,289995
2026-05-25 09:15:00,1171.699951171875,1171.699951171875,1172.300048828125,1170.199951171875,1172.300048828125,225683
2026-05-25 09:30:00,1169.199951171875,1169.199951171875,1171.5999755859375,1168.5999755859375,1171.5999755859375,433746
2026-05-25 09:45:00,1168.0,1168.0,1169.199951171875,1166.5,1169.0,588203
2026-05-26 03:45:00,1175.0999755859375,1175.0999755859375,1179.800048828125,1163.9000244140625,1165.0999755859375,263175
2026-05-26 04:00:00,1178.800048828125,1178.800048828125,1180.699951171875,1173.0,1174.9000244140625,371537
2026-05-26 04:15:00,1176.5999755859375,1176.5999755859375,1178.800048828125,1175.5,1178.5,196677
2026-05-26 04:30:00,1176.5999755859375,1176.5999755859375,1177.300048828125,1172.300048828125,1176.699951171875,195315
2026-05-26 04:45:00,1177.0,1177.0,1178.0,1174.800048828125,1176.9000244140625,234913
2026-05-26 05:00:00,1178.5999755859375,1178.5999755859375,1179.0,1176.199951171875,1177.0,178221
2026-05-26 05:15:00,1178.4000244140625,1178.4000244140625,1178.9000244140625,1177.4000244140625,1178.699951171875,161889
2026-05-26 05:30:00,1179.4000244140625,1179.4000244140625,1179.9000244140625,1177.9000244140625,1177.9000244140625,233896
2026-05-26 05:45:00,1174.800048828125,1174.800048828125,1180.0,1174.800048828125,1179.300048828125,216708
2026-05-26 06:00:00,1177.0999755859375,1177.0999755859375,1178.300048828125,1173.199951171875,1174.800048828125,228013
2026-05-26 06:15:00,1175.5,1175.5,1177.800048828125,1175.0999755859375,1177.0999755859375,157444
2026-05-26 06:30:00,1173.199951171875,1173.199951171875,1176.0,1172.5999755859375,1175.4000244140625,218323
2026-05-26 06:45:00,1175.5999755859375,1175.5999755859375,1175.800048828125,1173.199951171875,1173.199951171875,130537
2026-05-26 07:00:00,1175.0999755859375,1175.0999755859375,1177.0,1174.0999755859375,1175.5,149737
2026-05-26 07:15:00,1175.5,1175.5,1176.300048828125,1173.800048828125,1175.0999755859375,207016
2026-05-26 07:30:00,1174.800048828125,1174.800048828125,1175.800048828125,1171.699951171875,1175.5,278186
2026-05-26 07:45:00,1174.800048828125,1174.800048828125,1175.4000244140625,1173.5999755859375,1174.800048828125,202330
2026-05-26 08:00:00,1173.0999755859375,1173.0999755859375,1177.0,1172.9000244140625,1175.0,231056
2026-05-26 08:15:00,1168.699951171875,1168.699951171875,1173.5,1168.5,1172.800048828125,402772
2026-05-26 08:30:00,1168.5999755859375,1168.5999755859375,1169.4000244140625,1165.5999755859375,1168.699951171875,275100
2026-05-26 08:45:00,1168.300048828125,1168.300048828125,1169.5999755859375,1167.800048828125,1168.5999755859375,196935
2026-05-26 09:00:00,1166.699951171875,1166.699951171875,1169.0,1165.5,1168.300048828125,361093
2026-05-26 09:15:00,1168.4000244140625,1168.4000244140625,1168.5999755859375,1165.699951171875,1166.699951171875,256002
2026-05-26 09:30:00,1167.5,1167.5,1170.5,1166.0999755859375,1168.0999755859375,1330291
2026-05-26 09:45:00,1166.5,1166.5,1168.0,1163.0,1167.5,948779
2026-05-27 03:45:00,1159.4000244140625,1159.4000244140625,1166.800048828125,1155.300048828125,1160.9000244140625,293770
2026-05-27 04:00:00,1160.699951171875,1160.699951171875,1162.800048828125,1159.300048828125,1159.4000244140625,336809
2026-05-27 04:15:00,1157.0,1157.0,1160.0999755859375,1157.0,1160.0999755859375,212868
2026-05-27 04:30:00,1159.800048828125,1159.800048828125,1159.800048828125,1156.5,1157.0,174662
2026-05-27 04:45:00,1158.699951171875,1158.699951171875,1162.699951171875,1157.5,1159.5999755859375,215031
2026-05-27 05:00:00,1159.0,1159.0,1159.800048828125,1158.0,1158.5999755859375,151833
2026-05-27 05:15:00,1162.5,1162.5,1162.699951171875,1158.0999755859375,1159.0,180841
2026-05-27 05:30:00,1165.199951171875,1165.199951171875,1167.0,1161.5999755859375,1162.5,316942
2026-05-27 05:45:00,1162.0,1162.0,1165.4000244140625,1161.699951171875,1165.4000244140625,149979
2026-05-27 06:00:00,1162.5,1162.5,1163.800048828125,1161.0999755859375,1162.0,134269
2026-05-27 06:15:00,1162.199951171875,1162.199951171875,1164.300048828125,1162.0,1162.0999755859375,134063
2026-05-27 06:30:00,1163.199951171875,1163.199951171875,1163.699951171875,1162.0999755859375,1162.4000244140625,99395
2026-05-27 06:45:00,1161.0999755859375,1161.0999755859375,1164.0,1160.5,1163.5,187814
2026-05-27 07:00:00,1162.0,1162.0,1162.5,1160.0,1161.0,91875
2026-05-27 07:15:00,1160.5,1160.5,1162.5999755859375,1160.0999755859375,1162.5999755859375,74135
2026-05-27 07:30:00,1160.0999755859375,1160.0999755859375,1162.0,1159.5,1160.5,160215
2026-05-27 07:45:00,1160.800048828125,1160.800048828125,1161.300048828125,1158.199951171875,1160.0,181810
2026-05-27 08:00:00,1160.0,1160.0,1162.800048828125,1159.699951171875,1161.0,154397
2026-05-27 08:15:00,1160.5,1160.5,1161.0999755859375,1158.199951171875,1159.800048828125,161500
2026-05-27 08:30:00,1159.199951171875,1159.199951171875,1161.300048828125,1159.0,1160.5999755859375,190376
2026-05-27 08:45:00,1158.199951171875,1158.199951171875,1162.0,1158.0,1159.199951171875,372884
2026-05-27 09:00:00,1155.9000244140625,1155.9000244140625,1159.0999755859375,1155.800048828125,1158.4000244140625,393678
2026-05-27 09:15:00,1157.699951171875,1157.699951171875,1157.9000244140625,1155.199951171875,1156.0,250374
2026-05-27 09:30:00,1159.300048828125,1159.300048828125,1159.5,1156.0999755859375,1157.699951171875,476324
2026-05-27 09:45:00,1161.800048828125,1161.800048828125,1162.9000244140625,1159.199951171875,1159.300048828125,493331
2026-05-29 03:45:00,1195.4000244140625,1195.4000244140625,1205.0,1180.5,1183.5999755859375,1243900
2026-05-29 04:00:00,1201.4000244140625,1201.4000244140625,1205.0,1192.699951171875,1195.4000244140625,1058208
2026-05-29 04:15:00,1205.5999755859375,1205.5999755859375,1207.9000244140625,1201.199951171875,1202.0,1035752
2026-05-29 04:30:00,1207.5,1207.5,1210.0,1204.699951171875,1205.5,741090
2026-05-29 04:45:00,1204.5,1204.5,1209.0,1204.0999755859375,1207.5,392525
2026-05-29 05:00:00,1205.0,1205.0,1206.0,1202.699951171875,1204.699951171875,298492
2026-05-29 05:15:00,1201.800048828125,1201.800048828125,1206.0,1200.699951171875,1205.0,449582
2026-05-29 05:30:00,1203.800048828125,1203.800048828125,1205.0,1199.0,1201.699951171875,557790
2026-05-29 05:45:00,1202.699951171875,1202.699951171875,1205.699951171875,1202.699951171875,1204.0,580262
2026-05-29 06:00:00,1204.800048828125,1204.800048828125,1206.9000244140625,1199.5999755859375,1203.0999755859375,650186
2026-05-29 06:15:00,1204.800048828125,1204.800048828125,1206.5,1202.800048828125,1204.5999755859375,488878
2026-05-29 06:30:00,1203.199951171875,1203.199951171875,1205.0,1202.4000244140625,1204.300048828125,482077
2026-05-29 06:45:00,1202.0,1202.0,1204.0,1201.4000244140625,1203.199951171875,544310
2026-05-29 07:00:00,1201.300048828125,1201.300048828125,1202.5,1200.4000244140625,1201.800048828125,437610
2026-05-29 07:15:00,1201.0,1201.0,1203.0,1200.4000244140625,1201.300048828125,452924
2026-05-29 07:30:00,1199.5999755859375,1199.5999755859375,1201.699951171875,1199.199951171875,1201.199951171875,490194
2026-05-29 07:45:00,1196.9000244140625,1196.9000244140625,1200.0,1195.199951171875,1199.5,682516
2026-05-29 08:00:00,1193.0999755859375,1193.0999755859375,1197.5,1193.0,1196.800048828125,626867
2026-05-29 08:15:00,1191.199951171875,1191.199951171875,1193.5999755859375,1187.5999755859375,1193.199951171875,751406
2026-05-29 08:30:00,1189.5999755859375,1189.5999755859375,1191.4000244140625,1188.300048828125,1191.199951171875,631082
2026-05-29 08:45:00,1188.5999755859375,1188.5999755859375,1191.5,1188.0,1189.5999755859375,485042
2026-05-29 09:00:00,1192.199951171875,1192.199951171875,1194.199951171875,1187.0,1188.5,563024
2026-05-29 09:15:00,1192.4000244140625,1192.4000244140625,1196.800048828125,1190.800048828125,1192.0999755859375,605904
2026-05-29 09:30:00,1160.0999755859375,1160.0999755859375,1192.300048828125,1154.0,1192.300048828125,31812590
2026-05-29 09:45:00,1156.5,1156.5,1166.0,1154.5,1161.4000244140625,21724546
2026-06-01 03:45:00,1196.0999755859375,1196.0999755859375,1196.9000244140625,1175.800048828125,1175.800048828125,856055
2026-06-01 04:00:00,1199.5,1199.5,1199.9000244140625,1193.699951171875,1196.199951171875,1028175
2026-06-01 04:15:00,1207.5999755859375,1207.5999755859375,1212.5,1198.5,1200.5999755859375,1662091
2026-06-01 04:30:00,1209.5,1209.5,1209.800048828125,1205.0,1207.5,549593
2026-06-01 04:45:00,1212.4000244140625,1212.4000244140625,1215.699951171875,1208.0,1209.4000244140625,1030043
2026-06-01 05:00:00,1208.300048828125,1208.300048828125,1212.5,1208.0,1212.0,507412
2026-06-01 05:15:00,1211.199951171875,1211.199951171875,1211.4000244140625,1205.5999755859375,1207.800048828125,419330
2026-06-01 05:30:00,1214.0,1214.0,1214.5,1211.199951171875,1211.199951171875,546492
2026-06-01 05:45:00,1213.4000244140625,1213.4000244140625,1214.4000244140625,1212.0,1213.9000244140625,369514
2026-06-01 06:00:00,1211.300048828125,1211.300048828125,1213.800048828125,1211.199951171875,1213.5999755859375,315791
2026-06-01 06:15:00,1209.9000244140625,1209.9000244140625,1213.5,1209.300048828125,1211.300048828125,293761
2026-06-01 06:30:00,1213.0999755859375,1213.0999755859375,1213.800048828125,1208.4000244140625,1209.699951171875,381361
2026-06-01 06:45:00,1214.699951171875,1214.699951171875,1217.0,1213.0,1213.0999755859375,628865
2026-06-01 07:00:00,1212.4000244140625,1212.4000244140625,1214.9000244140625,1211.5999755859375,1214.9000244140625,206272
2026-06-01 07:15:00,1213.5,1213.5,1213.699951171875,1212.300048828125,1212.5,350881
2026-06-01 07:30:00,1213.5,1213.5,1213.800048828125,1210.5999755859375,1213.5,590986
2026-06-01 07:45:00,1213.9000244140625,1213.9000244140625,1214.0999755859375,1212.699951171875,1213.300048828125,332791
2026-06-01 08:00:00,1213.300048828125,1213.300048828125,1214.300048828125,1212.800048828125,1213.800048828125,368501
2026-06-01 08:15:00,1212.800048828125,1212.800048828125,1213.699951171875,1212.0,1213.300048828125,318066
2026-06-01 08:30:00,1210.4000244140625,1210.4000244140625,1213.0,1210.0,1212.800048828125,345967
2026-06-01 08:45:00,1205.9000244140625,1205.9000244140625,1211.4000244140625,1205.5,1210.5,416565
2026-06-01 09:00:00,1206.5,1206.5,1207.5,1204.0,1205.800048828125,518341
2026-06-01 09:15:00,1206.300048828125,1206.300048828125,1207.5,1204.5999755859375,1206.5999755859375,481127
2026-06-01 09:30:00,1202.4000244140625,1202.4000244140625,1205.800048828125,1200.4000244140625,1205.5999755859375,3053205
2026-06-01 09:45:00,1203.5,1203.5,1204.0999755859375,1200.199951171875,1202.5,2437530
2026-06-02 03:45:00,1244.4000244140625,1244.4000244140625,1251.0,1233.5,1233.5,2048856
2026-06-02 04:00:00,1255.199951171875,1255.199951171875,1255.5,1244.300048828125,1244.4000244140625,3597991
2026-06-02 04:15:00,1259.5,1259.5,1259.699951171875,1252.800048828125,1254.800048828125,2453314
2026-06-02 04:30:00,1260.800048828125,1260.800048828125,1264.5,1257.5,1259.800048828125,1505598
2026-06-02 04:45:00,1267.4000244140625,1267.4000244140625,1267.5,1260.4000244140625,1260.800048828125,1197998
2026-06-02 05:00:00,1275.0999755859375,1275.0999755859375,1276.9000244140625,1266.5999755859375,1267.4000244140625,2016519
2026-06-02 05:15:00,1266.699951171875,1266.699951171875,1274.800048828125,1266.300048828125,1274.800048828125,999075
2026-06-02 05:30:00,1272.300048828125,1272.300048828125,1273.300048828125,1266.699951171875,1266.699951171875,883318
2026-06-02 05:45:00,1274.300048828125,1274.300048828125,1274.9000244140625,1271.9000244140625,1272.300048828125,884385
2026-06-02 06:00:00,1276.800048828125,1276.800048828125,1278.0,1273.199951171875,1274.5,1130110
2026-06-02 06:15:00,1276.800048828125,1276.800048828125,1278.800048828125,1275.4000244140625,1277.199951171875,1115746
2026-06-02 06:30:00,1271.0,1271.0,1277.4000244140625,1270.800048828125,1276.800048828125,937268
2026-06-02 06:45:00,1272.0,1272.0,1272.699951171875,1267.199951171875,1271.0999755859375,1119154
2026-06-02 07:00:00,1272.4000244140625,1272.4000244140625,1275.0,1271.9000244140625,1271.9000244140625,708498
2026-06-02 07:15:00,1266.9000244140625,1266.9000244140625,1274.9000244140625,1266.0999755859375,1272.0999755859375,1067151
2026-06-02 07:30:00,1268.0999755859375,1268.0999755859375,1269.800048828125,1266.300048828125,1267.0,712294
2026-06-02 07:45:00,1264.9000244140625,1264.9000244140625,1268.0,1264.0999755859375,1268.0,855302
2026-06-02 08:00:00,1264.5,1264.5,1266.0,1263.0999755859375,1265.0,897705
2026-06-02 08:15:00,1266.0999755859375,1266.0999755859375,1268.4000244140625,1263.0999755859375,1264.699951171875,1106113
2026-06-02 08:30:00,1270.9000244140625,1270.9000244140625,1271.699951171875,1265.199951171875,1265.9000244140625,1172819
2026-06-02 08:45:00,1267.0,1267.0,1270.9000244140625,1266.800048828125,1270.9000244140625,1062590
2026-06-02 09:00:00,1267.5999755859375,1267.5999755859375,1268.9000244140625,1265.5,1267.0,648064
2026-06-02 09:15:00,1267.699951171875,1267.699951171875,1269.9000244140625,1267.0,1267.699951171875,702966
2026-06-02 09:30:00,1271.9000244140625,1271.9000244140625,1272.0,1267.5999755859375,1267.699951171875,1866784
2026-06-02 09:45:00,1268.0999755859375,1268.0999755859375,1273.0,1268.0,1271.9000244140625,2674663
2026-06-03 03:45:00,1235.0999755859375,1235.0999755859375,1246.5,1230.0999755859375,1243.9000244140625,1575586
2026-06-03 04:00:00,1224.300048828125,1224.300048828125,1235.699951171875,1223.699951171875,1235.199951171875,1387954
2026-06-03 04:15:00,1223.5,1223.5,1227.4000244140625,1222.0,1224.5999755859375,964289
2026-06-03 04:30:00,1220.0,1220.0,1224.5999755859375,1219.5,1223.5,783895
2026-06-03 04:45:00,1224.300048828125,1224.300048828125,1224.5999755859375,1217.300048828125,1219.9000244140625,735243
2026-06-03 05:00:00,1224.800048828125,1224.800048828125,1228.5,1221.5999755859375,1224.4000244140625,692260
2026-06-03 05:15:00,1228.699951171875,1228.699951171875,1231.800048828125,1223.699951171875,1224.699951171875,552848
2026-06-03 05:30:00,1226.0,1226.0,1229.199951171875,1223.4000244140625,1228.4000244140625,513438
2026-06-03 05:45:00,1223.800048828125,1223.800048828125,1228.0999755859375,1222.4000244140625,1226.0,447064
2026-06-03 06:00:00,1223.300048828125,1223.300048828125,1225.5,1222.800048828125,1223.800048828125,346108
2026-06-03 06:15:00,1216.4000244140625,1216.4000244140625,1225.5,1216.0,1223.699951171875,596036
2026-06-03 06:30:00,1216.5999755859375,1216.5999755859375,1219.9000244140625,1216.0,1216.300048828125,584202
2026-06-03 06:45:00,1220.800048828125,1220.800048828125,1221.5999755859375,1216.5,1216.5999755859375,445346
2026-06-03 07:00:00,1223.0999755859375,1223.0999755859375,1224.9000244140625,1220.4000244140625,1221.0,535080
2026-06-03 07:15:00,1221.199951171875,1221.199951171875,1223.199951171875,1220.5,1222.9000244140625,362366
2026-06-03 07:30:00,1222.5,1222.5,1222.800048828125,1220.5999755859375,1221.199951171875,331691
2026-06-03 07:45:00,1223.0,1223.0,1224.300048828125,1221.5999755859375,1223.5,385835
2026-06-03 08:00:00,1220.5999755859375,1220.5999755859375,1223.5999755859375,1220.4000244140625,1223.0,353463
2026-06-03 08:15:00,1222.800048828125,1222.800048828125,1226.0,1220.5,1220.699951171875,444739
2026-06-03 08:30:00,1220.9000244140625,1220.9000244140625,1224.0999755859375,1219.699951171875,1222.699951171875,486711
2026-06-03 08:45:00,1221.0,1221.0,1222.9000244140625,1219.199951171875,1220.5999755859375,456801
2026-06-03 09:00:00,1221.5,1221.5,1223.0,1220.300048828125,1221.0999755859375,441313
2026-06-03 09:15:00,1221.4000244140625,1221.4000244140625,1222.699951171875,1220.5,1221.5,479176
2026-06-03 09:30:00,1224.5999755859375,1224.5999755859375,1224.5999755859375,1219.800048828125,1221.5,1365139
2026-06-03 09:45:00,1220.5,1220.5,1224.699951171875,1218.800048828125,1224.699951171875,1308945
2026-06-04 03:45:00,1207.9000244140625,1207.9000244140625,1214.800048828125,1201.4000244140625,1208.0,411298
2026-06-04 04:00:00,1206.5999755859375,1206.5999755859375,1210.0,1206.5999755859375,1207.9000244140625,459942
2026-06-04 04:15:00,1207.300048828125,1207.300048828125,1208.0,1204.0999755859375,1207.4000244140625,534864
2026-06-04 04:30:00,1204.300048828125,1204.300048828125,1207.300048828125,1203.4000244140625,1207.300048828125,400887
2026-06-04 04:45:00,1200.199951171875,1200.199951171875,1205.699951171875,1196.199951171875,1204.4000244140625,800087
2026-06-04 05:00:00,1200.300048828125,1200.300048828125,1203.5999755859375,1199.800048828125,1200.199951171875,279692
2026-06-04 05:15:00,1204.300048828125,1204.300048828125,1205.0,1200.4000244140625,1200.4000244140625,219192
2026-06-04 05:30:00,1203.199951171875,1203.199951171875,1204.4000244140625,1202.0999755859375,1204.300048828125,173051
2026-06-04 05:45:00,1203.0999755859375,1203.0999755859375,1203.9000244140625,1202.0999755859375,1203.4000244140625,168111
2026-06-04 06:00:00,1205.0999755859375,1205.0999755859375,1206.5,1202.5,1202.5,280962
2026-06-04 06:15:00,1204.0999755859375,1204.0999755859375,1205.5,1203.5,1204.699951171875,313258
2026-06-04 06:30:00,1203.5,1203.5,1204.5,1202.4000244140625,1203.699951171875,556736
2026-06-04 06:45:00,1201.300048828125,1201.300048828125,1204.300048828125,1200.5999755859375,1203.5,391371
2026-06-04 07:00:00,1199.0999755859375,1199.0999755859375,1201.300048828125,1199.0999755859375,1201.300048828125,379486
2026-06-04 07:15:00,1205.5,1205.5,1205.5,1199.0,1199.199951171875,315085
2026-06-04 07:30:00,1202.199951171875,1202.199951171875,1205.800048828125,1202.0999755859375,1205.5,361075
2026-06-04 07:45:00,1203.699951171875,1203.699951171875,1205.300048828125,1201.199951171875,1202.199951171875,882431
2026-06-04 08:00:00,1203.699951171875,1203.699951171875,1205.5,1202.4000244140625,1203.800048828125,176484
2026-06-04 08:15:00,1202.699951171875,1202.699951171875,1203.9000244140625,1201.5999755859375,1203.699951171875,342912
2026-06-04 08:30:00,1203.9000244140625,1203.9000244140625,1204.5999755859375,1202.699951171875,1202.699951171875,315925
2026-06-04 08:45:00,1204.5,1204.5,1204.5999755859375,1202.9000244140625,1203.9000244140625,165421
2026-06-04 09:00:00,1203.5,1203.5,1206.4000244140625,1203.0,1204.5,372085
2026-06-04 09:15:00,1203.0,1203.0,1204.0,1201.300048828125,1203.5999755859375,423849
2026-06-04 09:30:00,1201.800048828125,1201.800048828125,1202.800048828125,1199.0,1202.800048828125,1496637
2026-06-04 09:45:00,1206.0,1206.0,1206.0,1200.5,1201.800048828125,1491678
2026-06-05 03:45:00,1207.4000244140625,1207.4000244140625,1221.800048828125,1206.300048828125,1218.0,427574
2026-06-05 04:00:00,1207.9000244140625,1207.9000244140625,1208.5999755859375,1205.0,1207.9000244140625,461453
2026-06-05 04:15:00,1207.5999755859375,1207.5999755859375,1211.199951171875,1207.5999755859375,1208.0,177308
2026-06-05 04:30:00,1209.5,1209.5,1210.0,1206.0999755859375,1207.5,200563
2026-06-05 04:45:00,1205.300048828125,1205.300048828125,1209.800048828125,1204.9000244140625,1209.5,407771
2026-06-05 05:00:00,1206.5,1206.5,1206.5999755859375,1202.199951171875,1205.300048828125,242932
2026-06-05 05:15:00,1202.800048828125,1202.800048828125,1206.5999755859375,1201.0,1206.0,213400
2026-06-05 05:30:00,1202.800048828125,1202.800048828125,1205.199951171875,1202.0999755859375,1203.0,224909
2026-06-05 05:45:00,1200.699951171875,1200.699951171875,1202.800048828125,1200.300048828125,1202.800048828125,331432
2026-06-05 06:00:00,1203.9000244140625,1203.9000244140625,1204.800048828125,1201.199951171875,1201.4000244140625,138270
2026-06-05 06:15:00,1201.9000244140625,1201.9000244140625,1204.5999755859375,1201.199951171875,1204.4000244140625,128162
2026-06-05 06:30:00,1201.800048828125,1201.800048828125,1202.0,1200.4000244140625,1202.0,278543
2026-06-05 06:45:00,1201.699951171875,1201.699951171875,1202.5,1201.199951171875,1201.800048828125,87708
2026-06-05 07:00:00,1200.0,1200.0,1201.9000244140625,1199.4000244140625,1201.699951171875,240645
2026-06-05 07:15:00,1199.9000244140625,1199.9000244140625,1201.0,1199.300048828125,1200.0,210200
2026-06-05 07:30:00,1201.0,1201.0,1201.9000244140625,1199.699951171875,1199.699951171875,92000
2026-06-05 07:45:00,1199.800048828125,1199.800048828125,1201.9000244140625,1199.5,1200.699951171875,110351
2026-06-05 08:00:00,1200.0,1200.0,1201.199951171875,1199.0999755859375,1199.4000244140625,152039
2026-06-05 08:15:00,1197.699951171875,1197.699951171875,1200.5999755859375,1197.300048828125,1200.0999755859375,399835
2026-06-05 08:30:00,1197.699951171875,1197.699951171875,1198.5999755859375,1196.5,1197.800048828125,159502
2026-06-05 08:45:00,1198.5999755859375,1198.5999755859375,1199.0,1197.199951171875,1197.5999755859375,132420
2026-06-05 09:00:00,1197.5,1197.5,1200.800048828125,1194.5,1198.9000244140625,560634
2026-06-05 09:15:00,1198.800048828125,1198.800048828125,1200.0,1197.5,1197.699951171875,239220
2026-06-05 09:30:00,1197.300048828125,1197.300048828125,1199.199951171875,1195.199951171875,1199.0,1232093
2026-06-05 09:45:00,1199.0,1199.0,1199.4000244140625,1196.5999755859375,1197.4000244140625,1213663
2026-06-08 03:45:00,1178.800048828125,1178.800048828125,1187.5,1176.9000244140625,1179.0,408807
2026-06-08 04:00:00,1179.5999755859375,1179.5999755859375,1181.699951171875,1177.0,1178.5999755859375,279009
2026-06-08 04:15:00,1186.4000244140625,1186.4000244140625,1186.699951171875,1179.5999755859375,1179.5999755859375,293054
2026-06-08 04:30:00,1187.5,1187.5,1191.0,1186.0,1186.4000244140625,399639
2026-06-08 04:45:00,1187.5,1187.5,1188.9000244140625,1185.5999755859375,1187.0999755859375,111402
2026-06-08 05:00:00,1197.300048828125,1197.300048828125,1197.5999755859375,1187.0,1187.5,561305
2026-06-08 05:15:00,1199.199951171875,1199.199951171875,1200.0,1195.0,1197.0,714805
2026-06-08 05:30:00,1193.699951171875,1193.699951171875,1200.199951171875,1193.0,1199.199951171875,344697
2026-06-08 05:45:00,1192.9000244140625,1192.9000244140625,1194.4000244140625,1190.800048828125,1194.0,290759
2026-06-08 06:00:00,1194.800048828125,1194.800048828125,1196.199951171875,1192.9000244140625,1192.9000244140625,238339
2026-06-08 06:15:00,1196.0999755859375,1196.0999755859375,1197.5999755859375,1194.0,1194.800048828125,183186
2026-06-08 06:30:00,1195.199951171875,1195.199951171875,1197.199951171875,1194.5999755859375,1196.0999755859375,116425
2026-06-08 06:45:00,1195.0,1195.0,1195.800048828125,1194.5,1195.199951171875,133901
2026-06-08 07:00:00,1192.0,1192.0,1195.199951171875,1191.5999755859375,1194.5999755859375,184639
2026-06-08 07:15:00,1191.5,1191.5,1194.5999755859375,1191.4000244140625,1192.300048828125,104871
2026-06-08 07:30:00,1191.699951171875,1191.699951171875,1192.300048828125,1187.5,1191.5,257900
2026-06-08 07:45:00,1191.9000244140625,1191.9000244140625,1192.5,1190.800048828125,1191.800048828125,157894
2026-06-08 08:00:00,1190.699951171875,1190.699951171875,1192.4000244140625,1190.699951171875,1191.9000244140625,250984
2026-06-08 08:15:00,1191.0999755859375,1191.0999755859375,1191.5999755859375,1188.5999755859375,1190.800048828125,701493
2026-06-08 08:30:00,1188.699951171875,1188.699951171875,1191.5999755859375,1188.0999755859375,1191.0999755859375,156268
2026-06-08 08:45:00,1186.5,1186.5,1188.800048828125,1186.5,1188.5999755859375,130390
2026-06-08 09:00:00,1187.800048828125,1187.800048828125,1188.5,1186.199951171875,1186.300048828125,144959
2026-06-08 09:15:00,1190.800048828125,1190.800048828125,1191.4000244140625,1187.5,1188.199951171875,204642
2026-06-08 09:30:00,1186.4000244140625,1186.4000244140625,1190.5,1185.300048828125,1190.5,718954
2026-06-08 09:45:00,1187.0,1187.0,1191.0,1184.699951171875,1186.5999755859375,905788
2026-06-09 03:45:00,1176.699951171875,1176.699951171875,1193.5,1176.199951171875,1193.5,494329
2026-06-09 04:00:00,1171.5,1171.5,1177.5999755859375,1171.5,1176.4000244140625,634454
2026-06-09 04:15:00,1172.9000244140625,1172.9000244140625,1174.9000244140625,1170.199951171875,1171.300048828125,375727
2026-06-09 04:30:00,1167.9000244140625,1167.9000244140625,1174.4000244140625,1167.5,1173.0999755859375,341992
2026-06-09 04:45:00,1170.699951171875,1170.699951171875,1171.300048828125,1167.699951171875,1168.0,305268
2026-06-09 05:00:00,1171.5999755859375,1171.5999755859375,1171.9000244140625,1170.0,1170.699951171875,302806
2026-06-09 05:15:00,1171.0999755859375,1171.0999755859375,1172.9000244140625,1170.300048828125,1171.800048828125,180718
2026-06-09 05:30:00,1175.0999755859375,1175.0999755859375,1176.5999755859375,1170.5,1171.0999755859375,262354
2026-06-09 05:45:00,1174.4000244140625,1174.4000244140625,1176.4000244140625,1173.0999755859375,1175.0999755859375,272202
2026-06-09 06:00:00,1173.5,1173.5,1175.9000244140625,1173.0,1174.300048828125,387927
2026-06-09 06:15:00,1174.699951171875,1174.699951171875,1175.9000244140625,1173.0,1173.5,395651
2026-06-09 06:30:00,1175.699951171875,1175.699951171875,1176.300048828125,1174.5,1174.699951171875,210188
2026-06-09 06:45:00,1174.0999755859375,1174.0999755859375,1176.199951171875,1174.0999755859375,1175.699951171875,230995
2026-06-09 07:00:00,1169.5999755859375,1169.5999755859375,1174.699951171875,1169.0999755859375,1174.0999755859375,331352
2026-06-09 07:15:00,1171.5,1171.5,1171.800048828125,1169.0,1169.800048828125,231360
2026-06-09 07:30:00,1172.800048828125,1172.800048828125,1172.9000244140625,1170.5,1171.5,270133
2026-06-09 07:45:00,1172.0999755859375,1172.0999755859375,1175.0,1170.9000244140625,1172.800048828125,372489
2026-06-09 08:00:00,1174.0999755859375,1174.0999755859375,1175.4000244140625,1171.0,1172.0999755859375,275802
2026-06-09 08:15:00,1173.199951171875,1173.199951171875,1174.5,1172.4000244140625,1174.0999755859375,279317
2026-06-09 08:30:00,1173.0,1173.0,1173.5999755859375,1172.0,1173.5999755859375,233941
2026-06-09 08:45:00,1174.9000244140625,1174.9000244140625,1175.0,1173.0,1173.699951171875,311372
2026-06-09 09:00:00,1174.5,1174.5,1175.5,1173.800048828125,1174.9000244140625,282878
2026-06-09 09:15:00,1178.199951171875,1178.199951171875,1178.5,1173.9000244140625,1174.4000244140625,543753
2026-06-09 09:30:00,1180.0999755859375,1180.0999755859375,1183.800048828125,1176.9000244140625,1177.699951171875,1426865
2026-06-09 09:45:00,1181.699951171875,1181.699951171875,1183.0999755859375,1179.5,1180.0999755859375,1272104
2026-06-10 03:45:00,1161.5,1161.5,1166.4000244140625,1159.9000244140625,1162.0,257527
2026-06-10 04:00:00,1165.300048828125,1165.300048828125,1166.4000244140625,1160.199951171875,1161.5,374157
2026-06-10 04:15:00,1168.0,1168.0,1171.4000244140625,1165.199951171875,1165.199951171875,682213
2026-06-10 04:30:00,1163.300048828125,1163.300048828125,1169.199951171875,1163.199951171875,1168.300048828125,339902
2026-06-10 04:45:00,1160.5999755859375,1160.5999755859375,1165.4000244140625,1160.5999755859375,1163.0,233533
2026-06-10 05:00:00,1158.5,1158.5,1160.4000244140625,1157.699951171875,1160.199951171875,235167
2026-06-10 05:15:00,1158.5999755859375,1158.5999755859375,1159.4000244140625,1158.0,1158.5,138053
2026-06-10 05:30:00,1158.800048828125,1158.800048828125,1160.5999755859375,1158.0,1159.4000244140625,215890
2026-06-10 05:45:00,1155.5,1155.5,1160.5999755859375,1154.5,1158.800048828125,398457
2026-06-10 06:00:00,1155.0999755859375,1155.0999755859375,1156.300048828125,1155.0,1155.5,152922
2026-06-10 06:15:00,1156.800048828125,1156.800048828125,1157.5,1152.5,1155.0999755859375,293237
2026-06-10 06:30:00,1154.5999755859375,1154.5999755859375,1157.300048828125,1153.9000244140625,1157.199951171875,101318
2026-06-10 06:45:00,1151.5,1151.5,1154.800048828125,1150.9000244140625,1154.800048828125,185092
2026-06-10 07:00:00,1151.0999755859375,1151.0999755859375,1152.9000244140625,1150.9000244140625,1151.5,117831
2026-06-10 07:15:00,1151.199951171875,1151.199951171875,1152.5999755859375,1150.0,1151.0999755859375,347936
2026-06-10 07:30:00,1149.300048828125,1149.300048828125,1151.9000244140625,1149.0,1151.199951171875,170113
2026-06-10 07:45:00,1150.300048828125,1150.300048828125,1150.300048828125,1146.199951171875,1149.300048828125,381883
2026-06-10 08:00:00,1150.5,1150.5,1152.9000244140625,1149.199951171875,1150.5999755859375,506602
2026-06-10 08:15:00,1149.800048828125,1149.800048828125,1150.800048828125,1148.5,1150.4000244140625,241141
2026-06-10 08:30:00,1149.300048828125,1149.300048828125,1150.4000244140625,1148.800048828125,1149.699951171875,112340
2026-06-10 08:45:00,1148.0,1148.0,1150.199951171875,1147.5,1149.4000244140625,232695
2026-06-10 09:00:00,1147.0,1147.0,1150.300048828125,1146.0999755859375,1148.0,510569
2026-06-10 09:15:00,1145.5999755859375,1145.5999755859375,1147.300048828125,1145.0,1147.0,235822
2026-06-10 09:30:00,1145.0999755859375,1145.0999755859375,1146.5999755859375,1143.5999755859375,1145.5,870121
2026-06-10 09:45:00,1145.300048828125,1145.300048828125,1147.300048828125,1143.699951171875,1145.0,891681
2026-06-11 03:45:00,1114.800048828125,1114.800048828125,1129.9000244140625,1111.300048828125,1128.800048828125,626828
2026-06-11 04:00:00,1112.9000244140625,1112.9000244140625,1116.0,1109.300048828125,1114.699951171875,712446
2026-06-11 04:15:00,1111.5999755859375,1111.5999755859375,1116.5,1110.199951171875,1112.800048828125,532023
2026-06-11 04:30:00,1111.300048828125,1111.300048828125,1114.199951171875,1110.699951171875,1111.800048828125,383292
2026-06-11 04:45:00,1116.800048828125,1116.800048828125,1120.800048828125,1110.199951171875,1111.4000244140625,586055
2026-06-11 05:00:00,1118.4000244140625,1118.4000244140625,1122.0,1116.5999755859375,1116.800048828125,496180
2026-06-11 05:15:00,1118.5,1118.5,1119.5,1116.300048828125,1118.0999755859375,217053
2026-06-11 05:30:00,1118.0999755859375,1118.0999755859375,1122.4000244140625,1118.0,1118.5,237196
2026-06-11 05:45:00,1116.699951171875,1116.699951171875,1121.4000244140625,1116.0999755859375,1118.300048828125,223761
2026-06-11 06:00:00,1120.4000244140625,1120.4000244140625,1121.5,1116.199951171875,1116.800048828125,236069
2026-06-11 06:15:00,1123.0999755859375,1123.0999755859375,1124.9000244140625,1120.0,1120.5,270072
2026-06-11 06:30:00,1122.5,1122.5,1125.5999755859375,1121.5999755859375,1123.0999755859375,190431
2026-06-11 06:45:00,1120.300048828125,1120.300048828125,1124.9000244140625,1120.0,1122.5,152112
2026-06-11 07:00:00,1120.4000244140625,1120.4000244140625,1124.800048828125,1120.0,1120.800048828125,173600
2026-06-11 07:15:00,1120.4000244140625,1120.4000244140625,1121.0,1117.5999755859375,1120.4000244140625,141086
2026-06-11 07:30:00,1119.199951171875,1119.199951171875,1121.800048828125,1118.0999755859375,1120.4000244140625,102808
2026-06-11 07:45:00,1119.0,1119.0,1120.300048828125,1118.0,1119.0999755859375,136534
2026-06-11 08:00:00,1116.0999755859375,1116.0999755859375,1119.9000244140625,1116.0,1119.0,159868
2026-06-11 08:15:00,1115.5999755859375,1115.5999755859375,1117.0,1114.5,1116.0,197199
2026-06-11 08:30:00,1116.0,1116.0,1116.800048828125,1114.9000244140625,1115.5999755859375,199899
2026-06-11 08:45:00,1118.800048828125,1118.800048828125,1119.699951171875,1115.699951171875,1116.0,205970
2026-06-11 09:00:00,1116.9000244140625,1116.9000244140625,1120.0,1116.5999755859375,1118.800048828125,299960
2026-06-11 09:15:00,1115.800048828125,1115.800048828125,1117.9000244140625,1115.300048828125,1117.0,406172
2026-06-11 09:30:00,1114.0,1114.0,1117.4000244140625,1112.0,1116.0999755859375,988468
2026-06-11 09:45:00,1119.5,1119.5,1119.5999755859375,1113.9000244140625,1114.0,905546
2026-06-12 03:45:00,1116.300048828125,1116.300048828125,1123.0999755859375,1114.5999755859375,1121.0999755859375,282788
2026-06-12 04:00:00,1115.5,1115.5,1118.4000244140625,1114.300048828125,1116.4000244140625,229315
2026-06-12 04:15:00,1112.4000244140625,1112.4000244140625,1114.800048828125,1111.5999755859375,1114.800048828125,234290
2026-06-12 04:30:00,1114.4000244140625,1114.4000244140625,1114.5,1111.9000244140625,1112.5999755859375,156191
2026-06-12 04:45:00,1116.699951171875,1116.699951171875,1117.300048828125,1113.699951171875,1114.5999755859375,211852
2026-06-12 05:00:00,1120.5999755859375,1120.5999755859375,1120.800048828125,1115.199951171875,1117.0,250181
2026-06-12 05:15:00,1118.800048828125,1118.800048828125,1121.5999755859375,1118.5999755859375,1120.5,183055
2026-06-12 05:30:00,1120.800048828125,1120.800048828125,1123.0,1118.5,1118.9000244140625,153598
2026-06-12 05:45:00,1117.5999755859375,1117.5999755859375,1121.4000244140625,1117.0999755859375,1120.800048828125,99325
2026-06-12 06:00:00,1117.699951171875,1117.699951171875,1118.4000244140625,1117.0,1117.5999755859375,78713
2026-06-12 06:15:00,1118.5999755859375,1118.5999755859375,1119.0,1117.5,1117.9000244140625,72278
2026-06-12 06:30:00,1118.0999755859375,1118.0999755859375,1119.5,1117.800048828125,1118.5,142860
2026-06-12 06:45:00,1118.9000244140625,1118.9000244140625,1119.300048828125,1117.5999755859375,1118.0,106783
2026-06-12 07:00:00,1117.9000244140625,1117.9000244140625,1119.9000244140625,1117.300048828125,1119.0,186689
2026-06-12 07:15:00,1117.0999755859375,1117.0999755859375,1118.0999755859375,1116.699951171875,1117.9000244140625,160435
2026-06-12 07:30:00,1115.5999755859375,1115.5999755859375,1117.300048828125,1115.4000244140625,1117.0,156759
2026-06-12 07:45:00,1117.0,1117.0,1118.5,1114.199951171875,1115.699951171875,120828
2026-06-12 08:00:00,1117.199951171875,1117.199951171875,1118.0999755859375,1115.699951171875,1116.9000244140625,141424
2026-06-12 08:15:00,1118.300048828125,1118.300048828125,1119.4000244140625,1117.199951171875,1117.9000244140625,149920
2026-06-12 08:30:00,1117.699951171875,1117.699951171875,1118.9000244140625,1117.0999755859375,1118.5,114434
2026-06-12 08:45:00,1114.5,1114.5,1118.5,1113.4000244140625,1117.800048828125,443473
2026-06-12 09:00:00,1113.800048828125,1113.800048828125,1115.0,1112.5,1114.5999755859375,637423
2026-06-12 09:15:00,1114.9000244140625,1114.9000244140625,1115.800048828125,1113.5,1113.800048828125,591120
2026-06-12 09:30:00,1116.0,1116.0,1119.5999755859375,1113.800048828125,1115.0,980376
2026-06-12 09:45:00,1116.4000244140625,1116.4000244140625,1119.0,1115.0,1115.9000244140625,1796179
2026-06-15 03:45:00,1127.5999755859375,1127.5999755859375,1134.0,1123.5,1130.0,216456
2026-06-15 04:00:00,1129.9000244140625,1129.9000244140625,1129.9000244140625,1124.0,1128.199951171875,261428
2026-06-15 04:15:00,1126.0,1126.0,1130.800048828125,1125.5,1129.800048828125,200804
2026-06-15 04:30:00,1125.199951171875,1125.199951171875,1127.0,1124.5,1126.300048828125,122086
2026-06-15 04:45:00,1131.5999755859375,1131.5999755859375,1132.199951171875,1124.5999755859375,1125.5,328104
2026-06-15 05:00:00,1132.800048828125,1132.800048828125,1133.5,1130.5,1132.0,304207
2026-06-15 05:15:00,1146.0999755859375,1146.0999755859375,1148.800048828125,1132.0999755859375,1132.9000244140625,630830
2026-06-15 05:30:00,1147.800048828125,1147.800048828125,1151.0,1140.800048828125,1146.4000244140625,501071
2026-06-15 05:45:00,1143.9000244140625,1143.9000244140625,1147.699951171875,1143.300048828125,1147.699951171875,212818
2026-06-15 06:00:00,1138.0,1138.0,1143.9000244140625,1137.699951171875,1143.9000244140625,358186
2026-06-15 06:15:00,1140.4000244140625,1140.4000244140625,1142.699951171875,1135.699951171875,1137.699951171875,371412
2026-06-15 06:30:00,1140.699951171875,1140.699951171875,1141.699951171875,1139.199951171875,1140.800048828125,119778
2026-06-15 06:45:00,1137.0,1137.0,1140.699951171875,1135.699951171875,1140.699951171875,289382
2026-06-15 07:00:00,1138.4000244140625,1138.4000244140625,1138.4000244140625,1136.4000244140625,1137.0,71877
2026-06-15 07:15:00,1136.0,1136.0,1139.9000244140625,1135.300048828125,1138.4000244140625,287286
2026-06-15 07:30:00,1135.5999755859375,1135.5999755859375,1136.9000244140625,1135.199951171875,1136.0,509910
2026-06-15 07:45:00,1136.199951171875,1136.199951171875,1136.800048828125,1135.0,1135.5999755859375,110700
2026-06-15 08:00:00,1135.5,1135.5,1137.0999755859375,1135.0,1136.5999755859375,206605
2026-06-15 08:15:00,1136.800048828125,1136.800048828125,1137.5999755859375,1134.199951171875,1135.699951171875,152029
2026-06-15 08:30:00,1137.300048828125,1137.300048828125,1138.699951171875,1136.800048828125,1137.199951171875,173842
2026-06-15 08:45:00,1136.300048828125,1136.300048828125,1138.0,1135.5999755859375,1137.5,344183
2026-06-15 09:00:00,1136.0,1136.0,1137.9000244140625,1135.699951171875,1136.699951171875,194445
2026-06-15 09:15:00,1135.5,1135.5,1137.0,1135.300048828125,1136.0999755859375,204784
2026-06-15 09:30:00,1134.699951171875,1134.699951171875,1137.0,1132.5999755859375,1136.0999755859375,684927
2026-06-15 09:45:00,1134.9000244140625,1134.9000244140625,1136.800048828125,1134.4000244140625,1134.699951171875,577495
2026-06-16 03:45:00,1136.5999755859375,1136.5999755859375,1139.5,1123.4000244140625,1131.5,569846
2026-06-16 04:00:00,1142.5999755859375,1142.5999755859375,1145.4000244140625,1136.0,1136.5999755859375,595917
2026-06-16 04:15:00,1143.0999755859375,1143.0999755859375,1144.0,1140.4000244140625,1142.800048828125,292429
2026-06-16 04:30:00,1141.800048828125,1141.800048828125,1144.800048828125,1140.199951171875,1143.300048828125,214686
2026-06-16 04:45:00,1148.199951171875,1148.199951171875,1153.300048828125,1141.699951171875,1141.800048828125,535990
2026-06-16 05:00:00,1145.199951171875,1145.199951171875,1153.699951171875,1144.800048828125,1148.199951171875,274239
2026-06-16 05:15:00,1144.800048828125,1144.800048828125,1146.0999755859375,1143.5,1145.0999755859375,272282
2026-06-16 05:30:00,1143.300048828125,1143.300048828125,1145.800048828125,1142.0,1144.9000244140625,199099
2026-06-16 05:45:00,1136.5999755859375,1136.5999755859375,1143.800048828125,1136.4000244140625,1143.300048828125,318743
2026-06-16 06:00:00,1135.5,1135.5,1138.800048828125,1134.800048828125,1136.5999755859375,377400
2026-06-16 06:15:00,1137.4000244140625,1137.4000244140625,1139.5999755859375,1134.0,1135.5,349981
2026-06-16 06:30:00,1136.9000244140625,1136.9000244140625,1138.0,1136.300048828125,1137.300048828125,122154
2026-06-16 06:45:00,1138.300048828125,1138.300048828125,1138.4000244140625,1135.800048828125,1136.800048828125,120962
2026-06-16 07:00:00,1138.0,1138.0,1139.4000244140625,1136.5999755859375,1138.300048828125,211403
2026-06-16 07:15:00,1138.5,1138.5,1139.5,1137.199951171875,1137.800048828125,105083
2026-06-16 07:30:00,1140.0999755859375,1140.0999755859375,1141.300048828125,1137.4000244140625,1138.5999755859375,1120956
2026-06-16 07:45:00,1142.0,1142.0,1142.0999755859375,1139.0,1140.0999755859375,278006
2026-06-16 08:00:00,1141.5999755859375,1141.5999755859375,1142.5999755859375,1141.0999755859375,1142.0,190839
2026-06-16 08:15:00,1141.0,1141.0,1141.800048828125,1139.0,1141.300048828125,124071
2026-06-16 08:30:00,1142.5,1142.5,1142.800048828125,1140.5,1140.9000244140625,421237
2026-06-16 08:45:00,1143.0999755859375,1143.0999755859375,1143.699951171875,1141.800048828125,1142.699951171875,191586
2026-06-16 09:00:00,1145.5,1145.5,1148.5999755859375,1142.199951171875,1143.0,384644
2026-06-16 09:15:00,1145.5,1145.5,1148.0,1144.199951171875,1145.5,464077
2026-06-16 09:30:00,1143.4000244140625,1143.4000244140625,1146.4000244140625,1141.5999755859375,1145.9000244140625,950728
2026-06-16 09:45:00,1145.0,1145.0,1146.0,1142.300048828125,1143.4000244140625,864949
2026-06-17 03:45:00,1158.199951171875,1158.199951171875,1160.5,1148.0,1149.199951171875,380843
2026-06-17 04:00:00,1156.699951171875,1156.699951171875,1162.5,1156.699951171875,1157.300048828125,458524
2026-06-17 04:15:00,1157.699951171875,1157.699951171875,1158.5999755859375,1154.0999755859375,1157.0,256880
2026-06-17 04:30:00,1151.9000244140625,1151.9000244140625,1158.0,1151.4000244140625,1158.0,229400
2026-06-17 04:45:00,1155.199951171875,1155.199951171875,1156.9000244140625,1151.5999755859375,1151.9000244140625,160108
2026-06-17 05:00:00,1157.800048828125,1157.800048828125,1157.9000244140625,1154.9000244140625,1155.5,202342
2026-06-17 05:15:00,1160.300048828125,1160.300048828125,1162.4000244140625,1157.300048828125,1158.199951171875,293822
2026-06-17 05:30:00,1158.300048828125,1158.300048828125,1161.5,1157.0,1160.5999755859375,166068
2026-06-17 05:45:00,1157.0999755859375,1157.0999755859375,1158.5,1156.5999755859375,1158.4000244140625,121032
2026-06-17 06:00:00,1155.699951171875,1155.699951171875,1159.5,1155.0999755859375,1157.0999755859375,162377
2026-06-17 06:15:00,1155.4000244140625,1155.4000244140625,1156.800048828125,1154.0999755859375,1155.699951171875,194802
2026-06-17 06:30:00,1155.9000244140625,1155.9000244140625,1156.0,1154.0,1156.0,145996
2026-06-17 06:45:00,1154.9000244140625,1154.9000244140625,1156.0999755859375,1154.300048828125,1155.9000244140625,117095
2026-06-17 07:00:00,1155.5,1155.5,1155.699951171875,1153.5999755859375,1154.9000244140625,139751
2026-06-17 07:15:00,1157.4000244140625,1157.4000244140625,1158.0,1155.0999755859375,1155.4000244140625,131980
2026-06-17 07:30:00,1156.5999755859375,1156.5999755859375,1157.9000244140625,1156.4000244140625,1157.9000244140625,81504
2026-06-17 07:45:00,1158.199951171875,1158.199951171875,1158.699951171875,1156.199951171875,1156.300048828125,102418
2026-06-17 08:00:00,1158.699951171875,1158.699951171875,1159.199951171875,1157.5,1158.199951171875,91288
2026-06-17 08:15:00,1157.5999755859375,1157.5999755859375,1159.5,1156.5999755859375,1159.0999755859375,140426
2026-06-17 08:30:00,1157.4000244140625,1157.4000244140625,1160.0,1157.199951171875,1157.699951171875,104306
2026-06-17 08:45:00,1156.0999755859375,1156.0999755859375,1158.5,1156.0,1157.4000244140625,143338
2026-06-17 09:00:00,1159.0,1159.0,1159.5,1155.5,1156.0999755859375,182867
2026-06-17 09:15:00,1160.0,1160.0,1160.5,1158.4000244140625,1158.9000244140625,609743
2026-06-17 09:30:00,1157.0999755859375,1157.0999755859375,1160.300048828125,1156.5,1159.9000244140625,458023
2026-06-17 09:45:00,1156.4000244140625,1156.4000244140625,1157.5,1155.0,1157.0,434570
2026-06-18 03:45:00,1130.300048828125,1130.300048828125,1142.0999755859375,1125.5999755859375,1142.0999755859375,923594
2026-06-18 04:00:00,1129.5999755859375,1129.5999755859375,1130.800048828125,1127.0,1130.300048828125,985832
2026-06-18 04:15:00,1131.699951171875,1131.699951171875,1133.0,1129.0999755859375,1129.0999755859375,509411
2026-06-18 04:30:00,1135.0,1135.0,1138.300048828125,1130.5,1131.9000244140625,681690
2026-06-18 04:45:00,1136.0999755859375,1136.0999755859375,1136.699951171875,1132.5,1135.0,387548
2026-06-18 05:00:00,1135.0,1135.0,1137.0,1134.0,1136.0999755859375,337030
2026-06-18 05:15:00,1134.9000244140625,1134.9000244140625,1136.0,1134.0999755859375,1134.9000244140625,196784
2026-06-18 05:30:00,1133.4000244140625,1133.4000244140625,1136.5,1133.0,1134.9000244140625,265966
2026-06-18 05:45:00,1130.5,1130.5,1133.800048828125,1128.5999755859375,1133.699951171875,691533
2026-06-18 06:00:00,1131.800048828125,1131.800048828125,1132.199951171875,1130.199951171875,1130.800048828125,683993
2026-06-18 06:15:00,1132.5,1132.5,1132.800048828125,1131.0999755859375,1131.800048828125,420047
2026-06-18 06:30:00,1132.199951171875,1132.199951171875,1134.0999755859375,1131.5999755859375,1132.5,299191
2026-06-18 06:45:00,1131.9000244140625,1131.9000244140625,1132.5,1131.0,1132.199951171875,546394
2026-06-18 07:00:00,1131.5,1131.5,1132.5,1130.0999755859375,1132.0,536394
2026-06-18 07:15:00,1132.0999755859375,1132.0999755859375,1132.9000244140625,1130.800048828125,1131.5,234659
2026-06-18 07:30:00,1132.300048828125,1132.300048828125,1132.5,1131.300048828125,1132.199951171875,306558
2026-06-18 07:45:00,1131.5,1131.5,1132.800048828125,1131.5,1132.300048828125,269610
2026-06-18 08:00:00,1131.800048828125,1131.800048828125,1132.4000244140625,1130.800048828125,1131.5999755859375,395987
2026-06-18 08:15:00,1132.300048828125,1132.300048828125,1132.9000244140625,1131.4000244140625,1131.800048828125,354679
2026-06-18 08:30:00,1131.4000244140625,1131.4000244140625,1132.300048828125,1131.0,1132.300048828125,406369
2026-06-18 08:45:00,1128.5,1128.5,1131.5,1128.199951171875,1131.0999755859375,560620
2026-06-18 09:00:00,1128.300048828125,1128.300048828125,1129.9000244140625,1127.5,1128.5999755859375,596289
2026-06-18 09:15:00,1127.9000244140625,1127.9000244140625,1129.5,1127.699951171875,1128.4000244140625,771162
2026-06-18 09:30:00,1127.199951171875,1127.199951171875,1128.5999755859375,1126.0,1128.0,2249296
2026-06-18 09:45:00,1128.0,1128.0,1128.5,1126.199951171875,1127.4000244140625,1754319
2026-06-19 03:45:00,1032.5,1032.5,1057.800048828125,1032.5,1057.800048828125,4230785
2026-06-19 04:00:00,1036.9000244140625,1036.9000244140625,1040.5,1030.0999755859375,1032.5,3871280
2026-06-19 04:15:00,1041.0,1041.0,1044.4000244140625,1035.0,1036.699951171875,2544050
2026-06-19 04:30:00,1043.5,1043.5,1046.4000244140625,1040.199951171875,1040.9000244140625,2110104
2026-06-19 04:45:00,1041.0999755859375,1041.0999755859375,1044.4000244140625,1040.0999755859375,1043.300048828125,1579595
2026-06-19 05:00:00,1040.699951171875,1040.699951171875,1042.0,1040.0,1041.199951171875,818863
2026-06-19 05:15:00,1037.300048828125,1037.300048828125,1042.800048828125,1037.0,1040.699951171875,1211996
2026-06-19 05:30:00,1038.4000244140625,1038.4000244140625,1040.5,1037.0999755859375,1037.300048828125,743706
2026-06-19 05:45:00,1038.800048828125,1038.800048828125,1040.0,1038.0,1038.699951171875,628148
2026-06-19 06:00:00,1039.5,1039.5,1039.800048828125,1038.0,1039.0,572865
2026-06-19 06:15:00,1038.0999755859375,1038.0999755859375,1039.5999755859375,1037.5999755859375,1039.5,608810
2026-06-19 06:30:00,1042.5999755859375,1042.5999755859375,1043.0,1038.0,1038.0,1025385
2026-06-19 06:45:00,1041.800048828125,1041.800048828125,1042.9000244140625,1041.199951171875,1042.800048828125,682228
2026-06-19 07:00:00,1042.0,1042.0,1042.4000244140625,1040.0,1041.800048828125,706442
2026-06-19 07:15:00,1041.9000244140625,1041.9000244140625,1044.0,1040.4000244140625,1041.9000244140625,836652
2026-06-19 07:30:00,1039.9000244140625,1039.9000244140625,1041.9000244140625,1039.300048828125,1041.5,541718
2026-06-19 07:45:00,1040.0,1040.0,1040.699951171875,1039.0999755859375,1039.699951171875,441211
2026-06-19 08:00:00,1040.5,1040.5,1040.800048828125,1039.5,1040.300048828125,576908
2026-06-19 08:15:00,1042.5999755859375,1042.5999755859375,1043.0,1040.0,1040.5,798951
2026-06-19 08:30:00,1041.5999755859375,1041.5999755859375,1042.800048828125,1040.5999755859375,1042.5999755859375,610620
2026-06-19 08:45:00,1042.300048828125,1042.300048828125,1043.300048828125,1041.0,1042.0,634149
2026-06-19 09:00:00,1042.0,1042.0,1042.9000244140625,1041.300048828125,1042.300048828125,673270
2026-06-19 09:15:00,1041.0,1041.0,1043.699951171875,1040.0999755859375,1042.0999755859375,1105164
2026-06-19 09:30:00,1054.699951171875,1054.699951171875,1055.0,1040.800048828125,1040.800048828125,6636132
2026-06-19 09:45:00,1054.5999755859375,1054.5999755859375,1056.9000244140625,1052.5999755859375,1054.699951171875,4973481
2026-06-22 03:45:00,1063.699951171875,1063.699951171875,1071.5999755859375,1056.9000244140625,1056.9000244140625,672705
2026-06-22 04:00:00,1063.9000244140625,1063.9000244140625,1065.0,1059.5,1063.800048828125,622379
2026-06-22 04:15:00,1065.5,1065.5,1066.699951171875,1063.0999755859375,1064.0,452193
2026-06-22 04:30:00,1064.5999755859375,1064.5999755859375,1065.5,1063.5,1065.300048828125,189055
2026-06-22 04:45:00,1063.699951171875,1063.699951171875,1065.0,1063.4000244140625,1064.300048828125,143601
2026-06-22 05:00:00,1062.0999755859375,1062.0999755859375,1063.699951171875,1059.5999755859375,1063.699951171875,256913
2026-06-22 05:15:00,1069.0999755859375,1069.0999755859375,1070.0,1061.699951171875,1062.300048828125,533293
2026-06-22 05:30:00,1069.5999755859375,1069.5999755859375,1070.9000244140625,1068.0,1069.0,415365
2026-06-22 05:45:00,1068.0999755859375,1068.0999755859375,1069.699951171875,1067.0999755859375,1069.699951171875,149431
2026-06-22 06:00:00,1067.199951171875,1067.199951171875,1068.5,1067.0,1068.0,117922
2026-06-22 06:15:00,1065.9000244140625,1065.9000244140625,1067.800048828125,1065.300048828125,1067.300048828125,108247
2026-06-22 06:30:00,1066.0,1066.0,1066.5,1065.199951171875,1066.0,103586
2026-06-22 06:45:00,1066.5999755859375,1066.5999755859375,1067.699951171875,1064.4000244140625,1066.0,162323
2026-06-22 07:00:00,1067.5999755859375,1067.5999755859375,1069.0,1066.0,1066.5,156923
2026-06-22 07:15:00,1067.5,1067.5,1068.300048828125,1066.9000244140625,1067.5,111247
2026-06-22 07:30:00,1066.4000244140625,1066.4000244140625,1067.699951171875,1066.0,1067.5999755859375,107236
2026-06-22 07:45:00,1066.9000244140625,1066.9000244140625,1067.300048828125,1066.0,1066.300048828125,111670
2026-06-22 08:00:00,1066.5999755859375,1066.5999755859375,1067.5,1065.0,1067.0,173744
2026-06-22 08:15:00,1070.0,1070.0,1070.0999755859375,1065.9000244140625,1066.9000244140625,449153
2026-06-22 08:30:00,1074.699951171875,1074.699951171875,1075.5999755859375,1069.699951171875,1070.0,730381
2026-06-22 08:45:00,1080.0,1080.0,1080.0999755859375,1073.5,1075.0,793947
2026-06-22 09:00:00,1072.699951171875,1072.699951171875,1080.0999755859375,1072.199951171875,1080.0999755859375,615598
2026-06-22 09:15:00,1070.5,1070.5,1073.5,1070.5,1072.699951171875,253166
2026-06-22 09:30:00,1064.5999755859375,1064.5999755859375,1071.199951171875,1064.0999755859375,1071.0,702061
2026-06-22 09:45:00,1065.0,1065.0,1066.0999755859375,1062.0,1064.5999755859375,782761
2026-06-23 03:45:00,1040.0999755859375,1040.0999755859375,1053.0,1034.300048828125,1053.0,1183609
2026-06-23 04:00:00,1037.5,1037.5,1041.0,1036.699951171875,1040.0999755859375,1286966
2026-06-23 04:15:00,1035.5999755859375,1035.5999755859375,1037.5999755859375,1034.300048828125,1037.4000244140625,1431059
2026-06-23 04:30:00,1035.800048828125,1035.800048828125,1037.699951171875,1035.5,1035.5999755859375,631412
2026-06-23 04:45:00,1035.0,1035.0,1037.300048828125,1034.5,1035.800048828125,585892
2026-06-23 05:00:00,1034.300048828125,1034.300048828125,1035.4000244140625,1033.5,1035.199951171875,638707
2026-06-23 05:15:00,1032.5,1032.5,1034.300048828125,1031.5,1034.300048828125,639155
2026-06-23 05:30:00,1035.300048828125,1035.300048828125,1035.699951171875,1031.5,1032.5,710398
2026-06-23 05:45:00,1034.699951171875,1034.699951171875,1038.5,1034.5999755859375,1035.300048828125,755859
2026-06-23 06:00:00,1034.4000244140625,1034.4000244140625,1035.0,1033.300048828125,1034.9000244140625,320986
2026-06-23 06:15:00,1033.0999755859375,1033.0999755859375,1034.699951171875,1032.5,1034.4000244140625,365840
2026-06-23 06:30:00,1033.699951171875,1033.699951171875,1035.0,1033.300048828125,1033.300048828125,326114
2026-06-23 06:45:00,1034.699951171875,1034.699951171875,1035.0,1033.4000244140625,1033.699951171875,300185
2026-06-23 07:00:00,1033.5,1033.5,1034.9000244140625,1033.0,1034.699951171875,253104
2026-06-23 07:15:00,1034.300048828125,1034.300048828125,1034.699951171875,1032.5999755859375,1033.0999755859375,321411
2026-06-23 07:30:00,1032.800048828125,1032.800048828125,1034.800048828125,1032.199951171875,1034.5999755859375,312527
2026-06-23 07:45:00,1032.5,1032.5,1033.300048828125,1032.199951171875,1032.5,273438
2026-06-23 08:00:00,1031.5,1031.5,1032.5,1031.0,1032.5,404465
2026-06-23 08:15:00,1032.0,1032.0,1032.5999755859375,1031.0,1031.800048828125,391739
2026-06-23 08:30:00,1034.800048828125,1034.800048828125,1035.4000244140625,1031.5999755859375,1031.9000244140625,426170
2026-06-23 08:45:00,1037.0,1037.0,1037.800048828125,1034.199951171875,1034.699951171875,444773
2026-06-23 09:00:00,1036.0,1036.0,1038.300048828125,1035.300048828125,1036.800048828125,749664
2026-06-23 09:15:00,1036.300048828125,1036.300048828125,1038.199951171875,1035.0999755859375,1036.0,777453
2026-06-23 09:30:00,1028.199951171875,1028.199951171875,1036.199951171875,1028.0,1036.199951171875,2144248
2026-06-23 09:45:00,1029.0,1029.0,1029.800048828125,1026.0999755859375,1028.199951171875,1961949
2026-06-24 03:45:00,1040.5,1040.5,1046.4000244140625,1038.5,1040.800048828125,619931
2026-06-24 04:00:00,1044.0,1044.0,1044.5,1039.300048828125,1041.0,589221
2026-06-24 04:15:00,1042.0,1042.0,1048.5,1041.5,1043.9000244140625,740868
2026-06-24 04:30:00,1044.199951171875,1044.199951171875,1044.5,1040.5999755859375,1042.4000244140625,233450
2026-06-24 04:45:00,1050.5,1050.5,1051.5999755859375,1043.9000244140625,1044.199951171875,727659
2026-06-24 05:00:00,1050.9000244140625,1050.9000244140625,1053.5999755859375,1049.699951171875,1050.5,482340
2026-06-24 05:15:00,1048.0,1048.0,1051.5,1046.300048828125,1050.5,346879
2026-06-24 05:30:00,1049.4000244140625,1049.4000244140625,1049.5,1045.5,1048.0,207921
2026-06-24 05:45:00,1047.5,1047.5,1050.699951171875,1047.0999755859375,1049.199951171875,262178
2026-06-24 06:00:00,1050.199951171875,1050.199951171875,1050.5,1047.0,1047.800048828125,208722
2026-06-24 06:15:00,1049.699951171875,1049.699951171875,1051.5,1048.699951171875,1050.300048828125,186627
2026-06-24 06:30:00,1046.9000244140625,1046.9000244140625,1051.5,1046.5,1049.9000244140625,218969
2026-06-24 06:45:00,1045.199951171875,1045.199951171875,1047.300048828125,1044.5,1046.800048828125,298589
2026-06-24 07:00:00,1044.800048828125,1044.800048828125,1045.800048828125,1044.0,1045.199951171875,243031
2026-06-24 07:15:00,1045.699951171875,1045.699951171875,1047.0,1044.4000244140625,1044.800048828125,257588
2026-06-24 07:30:00,1050.199951171875,1050.199951171875,1051.0,1045.5999755859375,1045.800048828125,367769
2026-06-24 07:45:00,1049.800048828125,1049.800048828125,1051.199951171875,1049.0,1050.5,351122
2026-06-24 08:00:00,1053.199951171875,1053.199951171875,1053.5999755859375,1049.0,1049.800048828125,505277
2026-06-24 08:15:00,1055.5999755859375,1055.5999755859375,1057.0,1053.0999755859375,1053.199951171875,518306
2026-06-24 08:30:00,1063.0,1063.0,1063.300048828125,1054.699951171875,1055.5,632256
2026-06-24 08:45:00,1062.300048828125,1062.300048828125,1065.0999755859375,1060.800048828125,1063.199951171875,632125
2026-06-24 09:00:00,1062.4000244140625,1062.4000244140625,1063.0,1059.300048828125,1062.4000244140625,407798
2026-06-24 09:15:00,1058.199951171875,1058.199951171875,1063.5999755859375,1058.0,1062.5999755859375,487061
2026-06-24 09:30:00,1056.300048828125,1056.300048828125,1058.9000244140625,1055.800048828125,1058.199951171875,808177
2026-06-24 09:45:00,1056.0,1056.0,1057.199951171875,1055.0,1056.199951171875,870690
2026-06-25 03:45:00,1048.699951171875,1048.699951171875,1067.699951171875,1048.199951171875,1064.5,552812
2026-06-25 04:00:00,1047.5,1047.5,1048.800048828125,1044.0999755859375,1048.800048828125,739888
2026-06-25 04:15:00,1049.5,1049.5,1050.199951171875,1047.0,1047.5,450110
2026-06-25 04:30:00,1057.300048828125,1057.300048828125,1058.9000244140625,1049.0,1049.5,782880
2026-06-25 04:45:00,1054.199951171875,1054.199951171875,1057.300048828125,1052.699951171875,1057.300048828125,315556
2026-06-25 05:00:00,1052.800048828125,1052.800048828125,1056.5999755859375,1052.300048828125,1054.4000244140625,291303
2026-06-25 05:15:00,1053.0,1053.0,1053.5,1051.5999755859375,1053.0,243502
2026-06-25 05:30:00,1054.800048828125,1054.800048828125,1055.0999755859375,1050.0,1053.0,372847
2026-06-25 05:45:00,1050.5999755859375,1050.5999755859375,1055.5,1049.9000244140625,1055.0,376919
2026-06-25 06:00:00,1053.300048828125,1053.300048828125,1054.199951171875,1050.199951171875,1050.5,392893
2026-06-25 06:15:00,1053.4000244140625,1053.4000244140625,1054.5,1052.199951171875,1053.5,280292
2026-06-25 06:30:00,1053.300048828125,1053.300048828125,1056.5,1052.5,1053.5,394399
2026-06-25 06:45:00,1051.300048828125,1051.300048828125,1053.5999755859375,1050.9000244140625,1053.5,327820
2026-06-25 07:00:00,1048.699951171875,1048.699951171875,1051.5,1047.5999755859375,1051.300048828125,440311
2026-06-25 07:15:00,1047.9000244140625,1047.9000244140625,1049.4000244140625,1047.4000244140625,1048.699951171875,231263
2026-06-25 07:30:00,1045.800048828125,1045.800048828125,1048.5,1045.5999755859375,1047.9000244140625,445415
2026-06-25 07:45:00,1046.5,1046.5,1048.5999755859375,1045.199951171875,1045.5999755859375,579490
2026-06-25 08:00:00,1047.699951171875,1047.699951171875,1048.5,1046.0,1046.5,690487
2026-06-25 08:15:00,1048.5,1048.5,1050.0,1046.9000244140625,1047.800048828125,971428
2026-06-25 08:30:00,1049.5999755859375,1049.5999755859375,1052.4000244140625,1047.800048828125,1048.5,422236
2026-06-25 08:45:00,1043.5,1043.5,1050.9000244140625,1042.5999755859375,1049.800048828125,657595
2026-06-25 09:00:00,1043.0,1043.0,1045.5,1042.5999755859375,1043.300048828125,913683
2026-06-25 09:15:00,1043.5,1043.5,1045.5,1043.0,1043.0999755859375,844308
2026-06-25 09:30:00,1040.199951171875,1040.199951171875,1043.9000244140625,1040.0999755859375,1043.9000244140625,1709371
2026-06-25 09:45:00,1042.9000244140625,1042.9000244140625,1043.0,1039.0999755859375,1040.199951171875,1296507
2026-06-29 03:45:00,1035.800048828125,1035.800048828125,1046.0,1029.4000244140625,1039.300048828125,486006
2026-06-29 04:00:00,1035.199951171875,1035.199951171875,1036.5,1033.0,1035.5999755859375,389801
2026-06-29 04:15:00,1034.9000244140625,1034.9000244140625,1034.9000244140625,1031.4000244140625,1034.800048828125,331213
2026-06-29 04:30:00,1032.0,1032.0,1038.0,1031.699951171875,1034.9000244140625,388605
2026-06-29 04:45:00,1037.300048828125,1037.300048828125,1040.9000244140625,1031.5999755859375,1031.9000244140625,512118
2026-06-29 05:00:00,1033.9000244140625,1033.9000244140625,1037.300048828125,1032.0999755859375,1037.0999755859375,278749
2026-06-29 05:15:00,1033.699951171875,1033.699951171875,1034.9000244140625,1033.0,1033.9000244140625,183044
2026-06-29 05:30:00,1034.5,1034.5,1035.4000244140625,1033.800048828125,1033.800048828125,190877
2026-06-29 05:45:00,1034.800048828125,1034.800048828125,1036.0,1033.5999755859375,1034.4000244140625,212491
2026-06-29 06:00:00,1032.5999755859375,1032.5999755859375,1035.5,1031.5,1034.5999755859375,354773
2026-06-29 06:15:00,1031.300048828125,1031.300048828125,1033.300048828125,1031.199951171875,1032.5999755859375,300434
2026-06-29 06:30:00,1033.199951171875,1033.199951171875,1034.300048828125,1031.0,1031.5,324636
2026-06-29 06:45:00,1032.199951171875,1032.199951171875,1033.5999755859375,1031.199951171875,1033.300048828125,165411
2026-06-29 07:00:00,1032.0,1032.0,1033.0,1031.199951171875,1032.300048828125,193832
2026-06-29 07:15:00,1033.5,1033.5,1034.0,1032.0,1032.4000244140625,193736
2026-06-29 07:30:00,1031.9000244140625,1031.9000244140625,1034.9000244140625,1031.5999755859375,1033.699951171875,212475
2026-06-29 07:45:00,1031.800048828125,1031.800048828125,1032.0,1029.300048828125,1031.699951171875,347444
2026-06-29 08:00:00,1032.199951171875,1032.199951171875,1035.699951171875,1030.9000244140625,1031.699951171875,802655
2026-06-29 08:15:00,1032.5,1032.5,1035.0,1032.0999755859375,1032.199951171875,469359
2026-06-29 08:30:00,1033.300048828125,1033.300048828125,1034.9000244140625,1032.0999755859375,1032.4000244140625,444266
2026-06-29 08:45:00,1036.0,1036.0,1036.800048828125,1033.300048828125,1033.5999755859375,530930
2026-06-29 09:00:00,1034.0999755859375,1034.0999755859375,1036.4000244140625,1032.4000244140625,1036.300048828125,321597
2026-06-29 09:15:00,1034.0,1034.0,1035.0,1032.9000244140625,1034.199951171875,429931
2026-06-29 09:30:00,1036.0,1036.0,1043.5999755859375,1033.5999755859375,1035.0999755859375,2999258
2026-06-29 09:45:00,1034.0,1034.0,1038.5,1030.199951171875,1036.0,3055600
2026-06-30 03:45:00,1016.5999755859375,1016.5999755859375,1030.0,1014.0,1029.9000244140625,799640
2026-06-30 04:00:00,1007.7000122070312,1007.7000122070312,1016.5,1006.2000122070312,1016.5,1593604
2026-06-30 04:15:00,1012.0,1012.0,1012.2000122070312,1006.0,1007.7999877929688,833676
2026-06-30 04:30:00,1011.4000244140625,1011.4000244140625,1013.2999877929688,1010.4000244140625,1012.0,618520
2026-06-30 04:45:00,1012.5999755859375,1012.5999755859375,1016.5999755859375,1010.9000244140625,1011.5,784730
2026-06-30 05:00:00,1011.5999755859375,1011.5999755859375,1013.5,1010.4000244140625,1012.7000122070312,338896
2026-06-30 05:15:00,1011.5999755859375,1011.5999755859375,1012.7000122070312,1010.5,1011.5999755859375,277248
2026-06-30 05:30:00,1015.2000122070312,1015.2000122070312,1015.9000244140625,1010.5,1011.5999755859375,397293
2026-06-30 05:45:00,1015.0999755859375,1015.0999755859375,1017.0,1013.0999755859375,1015.2000122070312,563123
2026-06-30 06:00:00,1010.0,1010.0,1015.2000122070312,1009.4000244140625,1015.0999755859375,587520
2026-06-30 06:15:00,1010.0,1010.0,1011.0,1009.0,1010.4000244140625,368547
2026-06-30 06:30:00,1007.5,1007.5,1010.2000122070312,1007.2999877929688,1010.2000122070312,477827
2026-06-30 06:45:00,1010.2000122070312,1010.2000122070312,1010.2999877929688,1007.4000244140625,1007.7000122070312,294772
2026-06-30 07:00:00,1014.9000244140625,1014.9000244140625,1015.0,1010.0,1010.2000122070312,377126
2026-06-30 07:15:00,1012.7999877929688,1012.7999877929688,1015.0,1012.2000122070312,1015.0,598738
2026-06-30 07:30:00,1011.2999877929688,1011.2999877929688,1013.0,1010.7999877929688,1012.7999877929688,350470
2026-06-30 07:45:00,1011.4000244140625,1011.4000244140625,1012.7999877929688,1010.7999877929688,1011.4000244140625,314865
2026-06-30 08:00:00,1010.5999755859375,1010.5999755859375,1012.0,1009.4000244140625,1011.5999755859375,432120
2026-06-30 08:15:00,1010.2000122070312,1010.2000122070312,1011.9000244140625,1009.5999755859375,1010.2999877929688,342141
2026-06-30 08:30:00,1005.2999877929688,1005.2999877929688,1010.4000244140625,1005.0,1010.2000122070312,776210
2026-06-30 08:45:00,1005.5,1005.5,1007.7999877929688,1002.7000122070312,1005.2999877929688,1124629
2026-06-30 09:00:00,1004.5,1004.5,1005.9000244140625,1003.0,1004.5,792050
2026-06-30 09:15:00,1001.7999877929688,1001.7999877929688,1004.7000122070312,1000.5,1004.7000122070312,866167
2026-06-30 09:30:00,1000.5999755859375,1000.5999755859375,1001.9000244140625,996.2000122070312,1001.9000244140625,4843787
2026-06-30 09:45:00,1005.9000244140625,1005.9000244140625,1006.0,999.5999755859375,1000.5999755859375,4070421
2026-07-01 03:45:00,1009.5999755859375,1009.5999755859375,1013.9000244140625,1005.7999877929688,1007.0,393423
2026-07-01 04:00:00,1002.4000244140625,1002.4000244140625,1009.0,1001.5,1009.0,615539
2026-07-01 04:15:00,1001.2000122070312,1001.2000122070312,1006.7999877929688,1001.0,1002.2999877929688,537164
2026-07-01 04:30:00,1000.2000122070312,1000.2000122070312,1001.4000244140625,999.2000122070312,1001.0999755859375,714629
2026-07-01 04:45:00,998.0,998.0,1002.0,997.5,1000.4000244140625,546736
2026-07-01 05:00:00,997.5999755859375,997.5999755859375,998.7000122070312,996.7000122070312,998.0,476510
2026-07-01 05:15:00,999.0,999.0,999.4000244140625,997.9000244140625,997.9000244140625,207741
2026-07-01 05:30:00,999.5999755859375,999.5999755859375,999.9000244140625,998.5,998.9000244140625,185774
2026-07-01 05:45:00,998.0,998.0,999.9000244140625,997.7000122070312,999.5999755859375,218853
2026-07-01 06:00:00,997.7999877929688,997.7999877929688,998.4000244140625,996.5,997.9000244140625,248879
2026-07-01 06:15:00,997.9000244140625,997.9000244140625,999.0,996.5999755859375,997.7000122070312,183710
2026-07-01 06:30:00,995.4000244140625,995.4000244140625,998.5,994.5999755859375,997.7000122070312,398304
2026-07-01 06:45:00,992.2000122070312,992.2000122070312,995.5,992.0,995.5,444960
2026-07-01 07:00:00,995.0999755859375,995.0999755859375,995.5,992.0,992.0,284329
2026-07-01 07:15:00,992.9000244140625,992.9000244140625,995.0999755859375,992.2999877929688,995.0999755859375,256284
2026-07-01 07:30:00,992.5999755859375,992.5999755859375,993.4000244140625,992.0999755859375,992.9000244140625,216780
2026-07-01 07:45:00,988.0999755859375,988.0999755859375,993.0,988.0,992.9000244140625,638209
2026-07-01 08:00:00,988.5999755859375,988.5999755859375,989.4000244140625,987.0999755859375,988.0999755859375,431710
2026-07-01 08:15:00,988.5,988.5,989.4000244140625,987.5999755859375,988.5999755859375,384759
2026-07-01 08:30:00,988.7999877929688,988.7999877929688,989.7999877929688,987.2000122070312,988.5,390580
2026-07-01 08:45:00,988.2000122070312,988.2000122070312,991.0,987.7000122070312,988.7000122070312,306679
2026-07-01 09:00:00,990.4000244140625,990.4000244140625,990.7999877929688,984.4000244140625,987.7999877929688,743466
2026-07-01 09:15:00,988.2999877929688,988.2999877929688,992.4000244140625,986.5999755859375,990.2999877929688,780067
2026-07-01 09:30:00,985.4000244140625,985.4000244140625,989.7999877929688,984.0999755859375,989.0,1128802
2026-07-01 09:45:00,986.0,986.0,986.7000122070312,983.2999877929688,985.5999755859375,1548519
2026-07-02 03:45:00,1027.300048828125,1027.300048828125,1029.0999755859375,1007.9000244140625,1008.7000122070312,1685844
2026-07-02 04:00:00,1034.300048828125,1034.300048828125,1034.4000244140625,1027.0999755859375,1027.0999755859375,1553460
2026-07-02 04:15:00,1034.4000244140625,1034.4000244140625,1035.0,1028.800048828125,1034.0,901640
2026-07-02 04:30:00,1033.0,1033.0,1034.5999755859375,1031.0,1034.4000244140625,576302
2026-07-02 04:45:00,1037.199951171875,1037.199951171875,1039.0,1032.5999755859375,1033.0,1007313
2026-07-02 05:00:00,1036.0,1036.0,1037.800048828125,1033.199951171875,1037.199951171875,576472
2026-07-02 05:15:00,1036.5,1036.5,1038.300048828125,1033.5999755859375,1035.800048828125,398482
2026-07-02 05:30:00,1037.4000244140625,1037.4000244140625,1037.699951171875,1035.0999755859375,1036.5,247159
2026-07-02 05:45:00,1037.800048828125,1037.800048828125,1040.0,1036.699951171875,1037.4000244140625,559209
2026-07-02 06:00:00,1036.0999755859375,1036.0999755859375,1038.9000244140625,1035.5999755859375,1037.5999755859375,278811
2026-07-02 06:15:00,1039.0999755859375,1039.0999755859375,1039.699951171875,1035.9000244140625,1036.199951171875,355241
2026-07-02 06:30:00,1039.9000244140625,1039.9000244140625,1040.0999755859375,1038.0,1039.300048828125,443342
2026-07-02 06:45:00,1039.5999755859375,1039.5999755859375,1040.0,1038.5,1039.800048828125,245252
2026-07-02 07:00:00,1038.5999755859375,1038.5999755859375,1039.800048828125,1038.5,1039.699951171875,222582
2026-07-02 07:15:00,1038.5,1038.5,1040.800048828125,1038.0,1038.5,418824
2026-07-02 07:30:00,1038.9000244140625,1038.9000244140625,1039.9000244140625,1038.0999755859375,1038.5999755859375,291552
2026-07-02 07:45:00,1040.300048828125,1040.300048828125,1040.5,1038.5999755859375,1038.9000244140625,427800
2026-07-02 08:00:00,1040.9000244140625,1040.9000244140625,1041.300048828125,1039.800048828125,1040.4000244140625,301178
2026-07-02 08:15:00,1039.0999755859375,1039.0999755859375,1041.699951171875,1038.699951171875,1040.699951171875,352908
2026-07-02 08:30:00,1038.9000244140625,1038.9000244140625,1039.800048828125,1037.199951171875,1039.0999755859375,380129
2026-07-02 08:45:00,1039.0,1039.0,1040.0,1038.199951171875,1039.0,316607
2026-07-02 09:00:00,1040.9000244140625,1040.9000244140625,1041.0,1038.300048828125,1038.9000244140625,412614
2026-07-02 09:15:00,1037.0,1037.0,1041.699951171875,1036.4000244140625,1040.9000244140625,782065
2026-07-02 09:30:00,1040.4000244140625,1040.4000244140625,1041.5999755859375,1036.699951171875,1037.0999755859375,1688324
2026-07-02 09:45:00,1042.199951171875,1042.199951171875,1044.4000244140625,1040.0999755859375,1040.199951171875,2087434
2026-07-03 03:45:00,1053.5,1053.5,1067.699951171875,1052.4000244140625,1059.9000244140625,547493
2026-07-03 04:00:00,1045.300048828125,1045.300048828125,1054.199951171875,1045.0,1054.0999755859375,687938
2026-07-03 04:15:00,1045.5999755859375,1045.5999755859375,1047.4000244140625,1042.0,1045.300048828125,653402
2026-07-03 04:30:00,1047.0999755859375,1047.0999755859375,1049.5,1043.300048828125,1045.800048828125,568352
2026-07-03 04:45:00,1046.4000244140625,1046.4000244140625,1047.800048828125,1044.699951171875,1047.199951171875,461168
2026-07-03 05:00:00,1048.199951171875,1048.199951171875,1049.9000244140625,1045.5,1046.4000244140625,396350
2026-07-03 05:15:00,1051.5999755859375,1051.5999755859375,1052.699951171875,1047.9000244140625,1048.199951171875,675810
2026-07-03 05:30:00,1053.699951171875,1053.699951171875,1057.0999755859375,1051.4000244140625,1051.800048828125,788384
2026-07-03 05:45:00,1053.0999755859375,1053.0999755859375,1054.5,1051.9000244140625,1053.699951171875,280885
2026-07-03 06:00:00,1054.300048828125,1054.300048828125,1054.9000244140625,1051.699951171875,1053.0999755859375,225824
2026-07-03 06:15:00,1050.5,1050.5,1054.300048828125,1050.0,1054.300048828125,257579
2026-07-03 06:30:00,1052.800048828125,1052.800048828125,1053.0,1049.4000244140625,1050.5,272940
2026-07-03 06:45:00,1056.800048828125,1056.800048828125,1058.5999755859375,1052.699951171875,1052.800048828125,578994
2026-07-03 07:00:00,1051.4000244140625,1051.4000244140625,1057.5,1050.5999755859375,1056.9000244140625,474746
2026-07-03 07:15:00,1051.300048828125,1051.300048828125,1052.5,1050.9000244140625,1051.699951171875,235403
2026-07-03 07:30:00,1050.699951171875,1050.699951171875,1051.5999755859375,1049.0999755859375,1051.5,243542
2026-07-03 07:45:00,1046.0,1046.0,1050.800048828125,1045.699951171875,1050.699951171875,391170
2026-07-03 08:00:00,1045.5999755859375,1045.5999755859375,1046.300048828125,1044.5,1046.0,274074
2026-07-03 08:15:00,1045.0,1045.0,1046.0,1043.699951171875,1045.800048828125,284700
2026-07-03 08:30:00,1047.0999755859375,1047.0999755859375,1047.5,1044.5,1045.0,237116
2026-07-03 08:45:00,1048.5999755859375,1048.5999755859375,1049.0,1046.199951171875,1046.9000244140625,239326
2026-07-03 09:00:00,1047.699951171875,1047.699951171875,1050.0,1047.199951171875,1048.5999755859375,202301
2026-07-03 09:15:00,1047.4000244140625,1047.4000244140625,1048.5999755859375,1047.0,1047.699951171875,226517
2026-07-03 09:30:00,1047.0,1047.0,1049.5999755859375,1046.5,1047.199951171875,462794
2026-07-03 09:45:00,1047.0999755859375,1047.0999755859375,1047.699951171875,1045.5,1047.0,549424
2026-07-06 03:45:00,1046.800048828125,1046.800048828125,1051.0999755859375,1041.5,1051.0999755859375,197436
2026-07-06 04:00:00,1045.4000244140625,1045.4000244140625,1048.699951171875,1043.199951171875,1046.699951171875,346154
2026-07-06 04:15:00,1038.300048828125,1038.300048828125,1045.9000244140625,1037.5,1045.4000244140625,540593
2026-07-06 04:30:00,1035.300048828125,1035.300048828125,1038.4000244140625,1035.0999755859375,1038.4000244140625,575519
2026-07-06 04:45:00,1039.0,1039.0,1039.9000244140625,1034.300048828125,1035.199951171875,234675
2026-07-06 05:00:00,1038.300048828125,1038.300048828125,1040.5,1037.0,1039.0,192344
2026-07-06 05:15:00,1039.0999755859375,1039.0999755859375,1039.9000244140625,1038.0,1038.300048828125,136009
2026-07-06 05:30:00,1035.0,1035.0,1039.199951171875,1033.0,1039.199951171875,251064
2026-07-06 05:45:00,1035.199951171875,1035.199951171875,1036.300048828125,1034.4000244140625,1035.0,116706
2026-07-06 06:00:00,1036.199951171875,1036.199951171875,1038.0999755859375,1034.199951171875,1035.300048828125,341515
2026-07-06 06:15:00,1036.699951171875,1036.699951171875,1037.800048828125,1036.5,1036.5,67598
2026-07-06 06:30:00,1035.199951171875,1035.199951171875,1037.5,1034.199951171875,1036.699951171875,86609
2026-07-06 06:45:00,1034.699951171875,1034.699951171875,1036.4000244140625,1034.0,1035.199951171875,118791
2026-07-06 07:00:00,1035.199951171875,1035.199951171875,1035.699951171875,1034.300048828125,1034.5999755859375,90562
2026-07-06 07:15:00,1035.0,1035.0,1036.300048828125,1034.0999755859375,1035.5999755859375,87798
2026-07-06 07:30:00,1035.5,1035.5,1036.0,1034.5,1034.5999755859375,50156
2026-07-06 07:45:00,1035.699951171875,1035.699951171875,1036.0,1034.0999755859375,1035.4000244140625,72064
2026-07-06 08:00:00,1037.199951171875,1037.199951171875,1037.800048828125,1035.199951171875,1035.4000244140625,81160
2026-07-06 08:15:00,1035.300048828125,1035.300048828125,1037.4000244140625,1034.0,1037.4000244140625,107831
2026-07-06 08:30:00,1033.5,1033.5,1035.699951171875,1033.199951171875,1035.5,126551
2026-07-06 08:45:00,1034.300048828125,1034.300048828125,1035.699951171875,1033.300048828125,1033.5,95899
2026-07-06 09:00:00,1034.199951171875,1034.199951171875,1035.0,1033.300048828125,1034.4000244140625,96431
2026-07-06 09:15:00,1038.4000244140625,1038.4000244140625,1038.800048828125,1033.800048828125,1034.199951171875,256323
2026-07-06 09:30:00,1042.5,1042.5,1043.0999755859375,1038.800048828125,1038.9000244140625,482341
2026-07-06 09:45:00,1043.9000244140625,1043.9000244140625,1045.199951171875,1040.0999755859375,1042.5999755859375,509577
2026-07-07 03:45:00,1059.699951171875,1059.699951171875,1067.300048828125,1043.0,1043.0,673752
2026-07-07 04:00:00,1069.199951171875,1069.199951171875,1069.5,1058.5999755859375,1061.0999755859375,1057453
2026-07-07 04:15:00,1069.5,1069.5,1074.5,1065.800048828125,1069.199951171875,1197710
2026-07-07 04:30:00,1077.0,1077.0,1077.699951171875,1069.0,1069.0,1751393
2026-07-07 04:45:00,1075.800048828125,1075.800048828125,1082.5,1075.199951171875,1077.0,2008835
2026-07-07 05:00:00,1067.300048828125,1067.300048828125,1076.0,1066.5999755859375,1075.5999755859375,883657
2026-07-07 05:15:00,1071.0999755859375,1071.0999755859375,1071.4000244140625,1066.9000244140625,1067.300048828125,245768
2026-07-07 05:30:00,1076.5,1076.5,1077.0,1071.199951171875,1071.199951171875,659259
2026-07-07 05:45:00,1078.300048828125,1078.300048828125,1079.4000244140625,1075.5,1076.5,704485
2026-07-07 06:00:00,1085.0,1085.0,1085.0999755859375,1077.699951171875,1078.5,1636954
2026-07-07 06:15:00,1085.0,1085.0,1087.300048828125,1083.800048828125,1085.0999755859375,866775
2026-07-07 06:30:00,1081.5999755859375,1081.5999755859375,1086.0,1081.0999755859375,1084.800048828125,444817
2026-07-07 06:45:00,1080.199951171875,1080.199951171875,1082.9000244140625,1079.699951171875,1081.5999755859375,575324
2026-07-07 07:00:00,1079.699951171875,1079.699951171875,1080.9000244140625,1078.0,1080.199951171875,481170
2026-07-07 07:15:00,1078.9000244140625,1078.9000244140625,1080.0999755859375,1077.300048828125,1079.5,538316
2026-07-07 07:30:00,1078.4000244140625,1078.4000244140625,1079.699951171875,1077.800048828125,1078.5999755859375,288310
2026-07-07 07:45:00,1077.9000244140625,1077.9000244140625,1078.800048828125,1076.5999755859375,1078.800048828125,285023
2026-07-07 08:00:00,1077.5999755859375,1077.5999755859375,1078.5,1076.5999755859375,1077.800048828125,320557
2026-07-07 08:15:00,1079.199951171875,1079.199951171875,1080.0,1077.0999755859375,1077.800048828125,376659
2026-07-07 08:30:00,1079.0,1079.0,1079.800048828125,1077.0999755859375,1079.300048828125,301173
2026-07-07 08:45:00,1075.9000244140625,1075.9000244140625,1079.0999755859375,1074.9000244140625,1078.5999755859375,362840
2026-07-07 09:00:00,1074.199951171875,1074.199951171875,1077.4000244140625,1073.800048828125,1075.800048828125,363177
2026-07-07 09:15:00,1074.199951171875,1074.199951171875,1075.800048828125,1073.5999755859375,1074.5999755859375,402132
2026-07-07 09:30:00,1072.0,1072.0,1074.5999755859375,1070.4000244140625,1074.199951171875,1032099
2026-07-07 09:45:00,1071.5,1071.5,1072.699951171875,1070.5,1071.800048828125,860976
2026-07-08 03:45:00,1074.300048828125,1074.300048828125,1079.699951171875,1069.199951171875,1069.199951171875,401516
2026-07-08 04:00:00,1070.5,1070.5,1074.0999755859375,1068.0,1074.0999755859375,737982
2026-07-08 04:15:00,1071.0,1071.0,1072.4000244140625,1068.0,1070.4000244140625,263911
2026-07-08 04:30:00,1071.0999755859375,1071.0999755859375,1072.9000244140625,1068.4000244140625,1070.9000244140625,403003
2026-07-08 04:45:00,1068.699951171875,1068.699951171875,1071.5,1067.0,1071.300048828125,395379
2026-07-08 05:00:00,1069.5,1069.5,1070.5999755859375,1067.199951171875,1068.300048828125,234340
2026-07-08 05:15:00,1070.0999755859375,1070.0999755859375,1070.800048828125,1066.0,1069.0999755859375,299116
2026-07-08 05:30:00,1070.4000244140625,1070.4000244140625,1070.800048828125,1068.5999755859375,1070.199951171875,222490
2026-07-08 05:45:00,1073.800048828125,1073.800048828125,1077.5,1070.5999755859375,1070.699951171875,509688
2026-07-08 06:00:00,1072.699951171875,1072.699951171875,1073.800048828125,1071.5999755859375,1073.800048828125,134342
2026-07-08 06:15:00,1074.5999755859375,1074.5999755859375,1074.5999755859375,1071.5,1072.699951171875,161545
2026-07-08 06:30:00,1073.0999755859375,1073.0999755859375,1074.5999755859375,1071.5999755859375,1074.4000244140625,184222
2026-07-08 06:45:00,1074.4000244140625,1074.4000244140625,1075.0,1071.9000244140625,1073.0999755859375,301259
2026-07-08 07:00:00,1074.0999755859375,1074.0999755859375,1074.800048828125,1073.0,1074.4000244140625,297708
2026-07-08 07:15:00,1072.9000244140625,1072.9000244140625,1074.5,1072.199951171875,1074.0999755859375,262188
2026-07-08 07:30:00,1073.5999755859375,1073.5999755859375,1073.5999755859375,1072.300048828125,1072.4000244140625,282536
2026-07-08 07:45:00,1073.9000244140625,1073.9000244140625,1075.0999755859375,1073.300048828125,1073.5999755859375,254149
2026-07-08 08:00:00,1075.4000244140625,1075.4000244140625,1075.5,1073.800048828125,1074.4000244140625,231239
2026-07-08 08:15:00,1070.5999755859375,1070.5999755859375,1075.4000244140625,1070.0,1075.4000244140625,1123196
2026-07-08 08:30:00,1067.4000244140625,1067.4000244140625,1071.9000244140625,1067.0,1070.4000244140625,1145820
2026-07-08 08:45:00,1067.699951171875,1067.699951171875,1069.4000244140625,1066.800048828125,1067.0,530270
2026-07-08 09:00:00,1067.300048828125,1067.300048828125,1068.300048828125,1064.9000244140625,1067.5,877390
2026-07-08 09:15:00,1066.699951171875,1066.699951171875,1067.9000244140625,1065.300048828125,1066.800048828125,803267
2026-07-08 09:30:00,1070.5999755859375,1070.5999755859375,1070.9000244140625,1066.0,1066.800048828125,1242460
2026-07-08 09:45:00,1069.300048828125,1069.300048828125,1071.0,1068.4000244140625,1070.5999755859375,1162267
2026-07-09 03:45:00,1045.5,1045.5,1059.9000244140625,1040.5999755859375,1059.9000244140625,457880
2026-07-09 04:00:00,1049.800048828125,1049.800048828125,1050.4000244140625,1045.0,1045.5,525303
2026-07-09 04:15:00,1050.0,1050.0,1051.0,1046.300048828125,1049.699951171875,286096
2026-07-09 04:30:00,1051.0999755859375,1051.0999755859375,1053.800048828125,1047.800048828125,1050.0,697157
2026-07-09 04:45:00,1051.4000244140625,1051.4000244140625,1052.9000244140625,1050.199951171875,1051.5999755859375,181150
2026-07-09 05:00:00,1052.9000244140625,1052.9000244140625,1056.4000244140625,1050.0999755859375,1051.5,341263
2026-07-09 05:15:00,1048.9000244140625,1048.9000244140625,1053.800048828125,1047.4000244140625,1053.0,290992
2026-07-09 05:30:00,1048.199951171875,1048.199951171875,1049.0999755859375,1047.0,1048.4000244140625,137947
2026-07-09 05:45:00,1048.9000244140625,1048.9000244140625,1049.0999755859375,1047.9000244140625,1048.0999755859375,165149
2026-07-09 06:00:00,1049.699951171875,1049.699951171875,1049.9000244140625,1047.0,1048.800048828125,159366
2026-07-09 06:15:00,1054.0,1054.0,1054.199951171875,1049.699951171875,1049.699951171875,193793
2026-07-09 06:30:00,1053.199951171875,1053.199951171875,1056.5,1052.800048828125,1054.0,209938
2026-07-09 06:45:00,1054.0,1054.0,1055.0,1052.199951171875,1053.199951171875,140401
2026-07-09 07:00:00,1055.300048828125,1055.300048828125,1055.5999755859375,1053.0,1054.4000244140625,127084
2026-07-09 07:15:00,1057.5,1057.5,1059.9000244140625,1054.4000244140625,1055.0,287818
2026-07-09 07:30:00,1057.0999755859375,1057.0999755859375,1058.9000244140625,1056.199951171875,1057.4000244140625,195599
2026-07-09 07:45:00,1055.800048828125,1055.800048828125,1060.0999755859375,1055.699951171875,1057.0,353719
2026-07-09 08:00:00,1057.5999755859375,1057.5999755859375,1059.800048828125,1055.800048828125,1056.0,173633
2026-07-09 08:15:00,1057.0999755859375,1057.0999755859375,1058.199951171875,1056.5,1057.5999755859375,134531
2026-07-09 08:30:00,1058.800048828125,1058.800048828125,1058.800048828125,1056.199951171875,1057.0999755859375,224705
2026-07-09 08:45:00,1058.0999755859375,1058.0999755859375,1059.5,1057.0,1058.800048828125,186683
2026-07-09 09:00:00,1058.0,1058.0,1061.5999755859375,1054.5,1058.0999755859375,858378
2026-07-09 09:15:00,1057.9000244140625,1057.9000244140625,1058.9000244140625,1056.9000244140625,1058.0,234450
2026-07-09 09:30:00,1048.300048828125,1048.300048828125,1057.300048828125,1047.5999755859375,1057.300048828125,1086372
2026-07-09 09:45:00,1050.800048828125,1050.800048828125,1055.9000244140625,1048.0999755859375,1048.0999755859375,902163
2026-07-10 03:45:00,1071.800048828125,1071.800048828125,1090.300048828125,1069.199951171875,1079.699951171875,897483
2026-07-10 04:00:00,1068.800048828125,1068.800048828125,1071.699951171875,1065.0,1071.199951171875,796135
2026-07-10 04:15:00,1069.5999755859375,1069.5999755859375,1072.9000244140625,1066.0,1068.5999755859375,412171
2026-07-10 04:30:00,1069.0,1069.0,1070.300048828125,1067.0,1069.699951171875,354337
2026-07-10 04:45:00,1070.0999755859375,1070.0999755859375,1071.300048828125,1068.0,1069.300048828125,252829
2026-07-10 05:00:00,1073.199951171875,1073.199951171875,1073.800048828125,1066.4000244140625,1070.199951171875,337155
2026-07-10 05:15:00,1070.0999755859375,1070.0999755859375,1073.4000244140625,1069.0999755859375,1073.4000244140625,184129
2026-07-10 05:30:00,1069.699951171875,1069.699951171875,1071.0,1068.699951171875,1070.0999755859375,239215
2026-07-10 05:45:00,1070.5,1070.5,1072.0,1069.0,1069.800048828125,167845
2026-07-10 06:00:00,1073.0,1073.0,1073.4000244140625,1069.4000244140625,1070.5,431969
2026-07-10 06:15:00,1067.699951171875,1067.699951171875,1074.4000244140625,1066.5,1073.199951171875,513454
2026-07-10 06:30:00,1070.699951171875,1070.699951171875,1070.800048828125,1067.4000244140625,1067.699951171875,161051
2026-07-10 06:45:00,1073.0,1073.0,1073.0,1070.5,1070.800048828125,176468
2026-07-10 07:00:00,1069.800048828125,1069.800048828125,1073.199951171875,1069.5,1073.0,241327
2026-07-10 07:15:00,1070.800048828125,1070.800048828125,1071.5999755859375,1067.699951171875,1069.800048828125,252807
2026-07-10 07:30:00,1073.5,1073.5,1073.800048828125,1070.0,1070.300048828125,244560
2026-07-10 07:45:00,1071.4000244140625,1071.4000244140625,1073.5,1069.0,1073.5,262214
2026-07-10 08:00:00,1071.199951171875,1071.199951171875,1073.0,1070.199951171875,1071.4000244140625,135805
2026-07-10 08:15:00,1070.5,1070.5,1072.199951171875,1070.0999755859375,1071.4000244140625,141141
2026-07-10 08:30:00,1069.300048828125,1069.300048828125,1070.5,1068.5999755859375,1070.5,155534
2026-07-10 08:45:00,1070.5999755859375,1070.5999755859375,1070.699951171875,1068.5999755859375,1069.5999755859375,161788
2026-07-10 09:00:00,1069.199951171875,1069.199951171875,1070.699951171875,1068.5999755859375,1070.5999755859375,192929
2026-07-10 09:15:00,1067.0,1067.0,1069.300048828125,1066.9000244140625,1069.199951171875,380404
2026-07-10 09:30:00,1067.9000244140625,1067.9000244140625,1068.5999755859375,1065.5,1067.0,819872
2026-07-10 09:45:00,1068.0,1068.0,1070.0,1067.0999755859375,1068.0,800895
2026-07-13 03:45:00,1061.4000244140625,1061.4000244140625,1073.300048828125,1058.300048828125,1058.300048828125,537144
2026-07-13 04:00:00,1067.199951171875,1067.199951171875,1068.5,1060.5999755859375,1061.5,493620
2026-07-13 04:15:00,1069.300048828125,1069.300048828125,1074.5,1066.199951171875,1067.0,614596
2026-07-13 04:30:00,1068.800048828125,1068.800048828125,1070.800048828125,1067.0999755859375,1070.0,258700
2026-07-13 04:45:00,1072.5,1072.5,1073.199951171875,1067.5,1068.800048828125,260135
2026-07-13 05:00:00,1075.4000244140625,1075.4000244140625,1075.800048828125,1070.300048828125,1072.5,474022
2026-07-13 05:15:00,1080.699951171875,1080.699951171875,1081.800048828125,1074.9000244140625,1075.0,698273
2026-07-13 05:30:00,1084.9000244140625,1084.9000244140625,1085.800048828125,1078.0,1080.800048828125,747450
2026-07-13 05:45:00,1084.4000244140625,1084.4000244140625,1086.199951171875,1081.9000244140625,1085.0,771343
2026-07-13 06:00:00,1090.5999755859375,1090.5999755859375,1091.0999755859375,1084.0999755859375,1084.300048828125,897012
2026-07-13 06:15:00,1097.0999755859375,1097.0999755859375,1097.5,1090.300048828125,1090.300048828125,1454726
2026-07-13 06:30:00,1104.0999755859375,1104.0999755859375,1104.800048828125,1096.0,1096.800048828125,1435877
2026-07-13 06:45:00,1101.0999755859375,1101.0999755859375,1104.300048828125,1100.5999755859375,1104.0999755859375,787138
2026-07-13 07:00:00,1111.300048828125,1111.300048828125,1112.5,1101.0999755859375,1101.0999755859375,1819644
2026-07-13 07:15:00,1111.9000244140625,1111.9000244140625,1113.199951171875,1108.0,1111.5,863100
2026-07-13 07:30:00,1114.199951171875,1114.199951171875,1114.800048828125,1109.0999755859375,1111.9000244140625,704905
2026-07-13 07:45:00,1104.5,1104.5,1113.9000244140625,1104.0,1113.9000244140625,919448
2026-07-13 08:00:00,1105.199951171875,1105.199951171875,1108.699951171875,1104.300048828125,1104.5999755859375,592597
2026-07-13 08:15:00,1103.9000244140625,1103.9000244140625,1106.4000244140625,1103.699951171875,1105.300048828125,624770
2026-07-13 08:30:00,1102.800048828125,1102.800048828125,1105.0,1102.4000244140625,1103.5999755859375,473470
2026-07-13 08:45:00,1103.199951171875,1103.199951171875,1104.9000244140625,1102.0,1103.0,488811
2026-07-13 09:00:00,1103.9000244140625,1103.9000244140625,1104.5,1102.800048828125,1103.199951171875,448864
2026-07-13 09:15:00,1105.0,1105.0,1108.300048828125,1101.5999755859375,1103.9000244140625,1264839
2026-07-13 09:30:00,1100.0999755859375,1100.0999755859375,1105.699951171875,1100.0,1104.800048828125,1559034
2026-07-13 09:45:00,1101.0999755859375,1101.0999755859375,1103.300048828125,1099.5,1100.300048828125,1172262
2026-07-14 03:45:00,1106.699951171875,1106.699951171875,1113.0,1102.9000244140625,1107.0,981686
2026-07-14 04:00:00,1098.699951171875,1098.699951171875,1106.5999755859375,1098.0,1106.5999755859375,1027520
2026-07-14 04:15:00,1095.800048828125,1095.800048828125,1100.699951171875,1095.0999755859375,1098.9000244140625,517063
2026-07-14 04:30:00,1095.4000244140625,1095.4000244140625,1097.300048828125,1094.199951171875,1095.9000244140625,454293
2026-07-14 04:45:00,1102.9000244140625,1102.9000244140625,1103.5,1092.199951171875,1095.199951171875,1052037
2026-07-14 05:00:00,1100.5,1100.5,1112.0,1100.300048828125,1103.199951171875,2135839
2026-07-14 05:15:00,1100.300048828125,1100.300048828125,1101.0999755859375,1096.5,1100.199951171875,422424
2026-07-14 05:30:00,1101.199951171875,1101.199951171875,1103.5,1099.4000244140625,1100.0,360481
2026-07-14 05:45:00,1101.699951171875,1101.699951171875,1102.800048828125,1100.199951171875,1101.9000244140625,295947
2026-07-14 06:00:00,1098.9000244140625,1098.9000244140625,1101.699951171875,1097.9000244140625,1101.699951171875,285206
2026-07-14 06:15:00,1098.0,1098.0,1099.699951171875,1096.5999755859375,1098.9000244140625,358560
2026-07-14 06:30:00,1093.699951171875,1093.699951171875,1098.0999755859375,1093.4000244140625,1098.0999755859375,277505
2026-07-14 06:45:00,1095.5999755859375,1095.5999755859375,1096.5,1093.199951171875,1093.5999755859375,256732
2026-07-14 07:00:00,1092.699951171875,1092.699951171875,1096.5,1091.199951171875,1095.5999755859375,437113
2026-07-14 07:15:00,1093.5999755859375,1093.5999755859375,1095.699951171875,1092.0,1092.699951171875,231373
2026-07-14 07:30:00,1091.199951171875,1091.199951171875,1094.5,1091.199951171875,1093.699951171875,298496
2026-07-14 07:45:00,1092.300048828125,1092.300048828125,1092.9000244140625,1090.0,1091.300048828125,311709
2026-07-14 08:00:00,1093.5,1093.5,1094.4000244140625,1091.0,1092.4000244140625,248404
2026-07-14 08:15:00,1095.199951171875,1095.199951171875,1096.0,1092.4000244140625,1093.5,417742
2026-07-14 08:30:00,1097.0,1097.0,1097.5999755859375,1093.0999755859375,1095.199951171875,336882
2026-07-14 08:45:00,1095.199951171875,1095.199951171875,1097.699951171875,1095.0,1097.0,775597
2026-07-14 09:00:00,1094.5999755859375,1094.5999755859375,1097.5,1094.300048828125,1095.199951171875,336736
2026-07-14 09:15:00,1093.0,1093.0,1095.199951171875,1092.5,1094.5999755859375,487995
2026-07-14 09:30:00,1092.0,1092.0,1095.5999755859375,1091.5,1093.300048828125,937211
2026-07-14 09:45:00,1092.0,1092.0,1093.199951171875,1090.300048828125,1092.0999755859375,748156
2026-07-15 03:45:00,1085.300048828125,1085.300048828125,1087.0,1074.0,1078.5,1434992
2026-07-15 04:00:00,1081.0,1081.0,1088.0,1078.800048828125,1085.0,904390
2026-07-15 04:15:00,1080.0999755859375,1080.0999755859375,1082.699951171875,1078.0,1081.199951171875,415969
2026-07-15 04:30:00,1085.300048828125,1085.300048828125,1086.0,1079.9000244140625,1080.4000244140625,345187
2026-07-15 04:45:00,1082.300048828125,1082.300048828125,1087.5,1082.199951171875,1085.0999755859375,289180
2026-07-15 05:00:00,1079.199951171875,1079.199951171875,1082.5,1074.5999755859375,1082.300048828125,505452
2026-07-15 05:15:00,1078.5,1078.5,1080.0,1077.0,1078.800048828125,221681
2026-07-15 05:30:00,1076.0999755859375,1076.0999755859375,1079.800048828125,1076.0999755859375,1078.5999755859375,154531
2026-07-15 05:45:00,1079.800048828125,1079.800048828125,1080.800048828125,1076.0,1076.5,217560
2026-07-15 06:00:00,1080.0,1080.0,1081.0,1078.800048828125,1079.800048828125,142165
2026-07-15 06:15:00,1078.9000244140625,1078.9000244140625,1080.5,1078.0999755859375,1079.5999755859375,117198
2026-07-15 06:30:00,1080.199951171875,1080.199951171875,1081.800048828125,1079.300048828125,1079.4000244140625,180455
2026-07-15 06:45:00,1081.4000244140625,1081.4000244140625,1082.0999755859375,1078.9000244140625,1080.5999755859375,150957
2026-07-15 07:00:00,1080.199951171875,1080.199951171875,1082.4000244140625,1079.0,1081.300048828125,157919
2026-07-15 07:15:00,1074.800048828125,1074.800048828125,1080.9000244140625,1073.0999755859375,1080.300048828125,331184
2026-07-15 07:30:00,1078.0,1078.0,1078.4000244140625,1074.0999755859375,1074.800048828125,275742
2026-07-15 07:45:00,1078.300048828125,1078.300048828125,1079.699951171875,1077.5999755859375,1078.0999755859375,194355
2026-07-15 08:00:00,1079.0,1079.0,1079.4000244140625,1077.5,1078.800048828125,127548
2026-07-15 08:15:00,1080.0999755859375,1080.0999755859375,1080.300048828125,1076.5999755859375,1078.800048828125,199179
2026-07-15 08:30:00,1079.4000244140625,1079.4000244140625,1081.0,1078.300048828125,1080.0999755859375,172691
2026-07-15 08:45:00,1080.5,1080.5,1081.9000244140625,1079.4000244140625,1079.5,259354
2026-07-15 09:00:00,1081.0,1081.0,1081.5999755859375,1079.199951171875,1080.800048828125,195891
2026-07-15 09:15:00,1077.4000244140625,1077.4000244140625,1081.4000244140625,1077.0999755859375,1081.0999755859375,256669
2026-07-15 09:30:00,1076.0,1076.0,1078.699951171875,1075.0,1077.300048828125,646196
2026-07-15 09:45:00,1076.300048828125,1076.300048828125,1077.699951171875,1075.0,1076.5,435007
2026-07-16 03:45:00,1090.800048828125,1090.800048828125,1097.199951171875,1082.5999755859375,1082.5999755859375,854325
2026-07-16 04:00:00,1085.5,1085.5,1091.0999755859375,1084.5999755859375,1090.5,307579
2026-07-16 04:15:00,1087.9000244140625,1087.9000244140625,1090.4000244140625,1082.0,1085.5,340614
2026-07-16 04:30:00,1089.4000244140625,1089.4000244140625,1091.5,1085.0999755859375,1088.0999755859375,285696
2026-07-16 04:45:00,1090.4000244140625,1090.4000244140625,1092.0,1087.0,1089.5,248440
2026-07-16 05:00:00,1090.0,1090.0,1093.0,1089.5,1090.5,203484
2026-07-16 05:15:00,1091.5999755859375,1091.5999755859375,1092.800048828125,1088.699951171875,1089.5999755859375,371433
2026-07-16 05:30:00,1087.800048828125,1087.800048828125,1092.4000244140625,1087.800048828125,1091.5999755859375,312145
2026-07-16 05:45:00,1088.4000244140625,1088.4000244140625,1088.5,1085.699951171875,1087.800048828125,230124
2026-07-16 06:00:00,1088.5,1088.5,1089.199951171875,1086.699951171875,1088.0999755859375,205500
2026-07-16 06:15:00,1090.800048828125,1090.800048828125,1092.0999755859375,1087.5,1088.4000244140625,462201
2026-07-16 06:30:00,1090.0,1090.0,1092.800048828125,1089.5,1091.199951171875,388229
2026-07-16 06:45:00,1092.0,1092.0,1093.4000244140625,1089.800048828125,1090.300048828125,239830
2026-07-16 07:00:00,1091.4000244140625,1091.4000244140625,1093.5,1091.300048828125,1092.0,245954
2026-07-16 07:15:00,1091.0,1091.0,1092.800048828125,1090.199951171875,1091.800048828125,163057
2026-07-16 07:30:00,1091.5,1091.5,1092.199951171875,1089.9000244140625,1090.9000244140625,214254
2026-07-16 07:45:00,1089.300048828125,1089.300048828125,1091.5,1088.4000244140625,1091.5,210333
2026-07-16 08:00:00,1087.5,1087.5,1089.4000244140625,1087.5,1089.300048828125,204493
2026-07-16 08:15:00,1089.5999755859375,1089.5999755859375,1090.0,1087.5,1087.5,225984
2026-07-16 08:30:00,1089.0999755859375,1089.0999755859375,1090.0,1088.4000244140625,1089.5999755859375,214295
2026-07-16 08:45:00,1089.300048828125,1089.300048828125,1089.5999755859375,1087.699951171875,1089.0999755859375,298930
2026-07-16 09:00:00,1088.9000244140625,1088.9000244140625,1090.199951171875,1088.0999755859375,1089.4000244140625,407411
2026-07-16 09:15:00,1088.9000244140625,1088.9000244140625,1089.9000244140625,1087.699951171875,1088.9000244140625,160018
2026-07-16 09:30:00,1081.199951171875,1081.199951171875,1088.800048828125,1081.0,1088.800048828125,783418
2026-07-16 09:45:00,1084.0,1084.0,1085.5999755859375,1079.5,1081.199951171875,1012677
2026-07-17 03:45:00,1105.0,1105.0,1116.0,1104.199951171875,1104.199951171875,1082768
2026-07-17 04:00:00,1103.9000244140625,1103.9000244140625,1109.300048828125,1100.5999755859375,1105.0,838946
2026-07-17 04:15:00,1099.9000244140625,1099.9000244140625,1104.5,1097.5,1104.5,1112017
2026-07-17 04:30:00,1101.300048828125,1101.300048828125,1102.0,1098.0,1099.4000244140625,465006
2026-07-17 04:45:00,1098.300048828125,1098.300048828125,1101.9000244140625,1096.5,1101.199951171875,301576
2026-07-17 05:00:00,1098.5999755859375,1098.5999755859375,1100.9000244140625,1097.699951171875,1098.5,215934
2026-07-17 05:15:00,1098.800048828125,1098.800048828125,1099.5999755859375,1096.0999755859375,1098.0999755859375,294470
2026-07-17 05:30:00,1096.5,1096.5,1100.0,1095.199951171875,1098.699951171875,237954
2026-07-17 05:45:00,1096.0999755859375,1096.0999755859375,1099.4000244140625,1095.5,1096.5999755859375,216988
2026-07-17 06:00:00,1098.5,1098.5,1099.9000244140625,1095.699951171875,1095.699951171875,132463
2026-07-17 06:15:00,1098.4000244140625,1098.4000244140625,1099.4000244140625,1097.0999755859375,1098.699951171875,126640
2026-07-17 06:30:00,1099.300048828125,1099.300048828125,1101.9000244140625,1096.699951171875,1098.199951171875,351653
2026-07-17 06:45:00,1101.300048828125,1101.300048828125,1102.0,1099.0,1099.4000244140625,297038
2026-07-17 07:00:00,1102.0999755859375,1102.0999755859375,1102.9000244140625,1100.5999755859375,1101.300048828125,345581
2026-07-17 07:15:00,1102.699951171875,1102.699951171875,1103.0,1099.699951171875,1102.199951171875,258512
2026-07-17 07:30:00,1101.9000244140625,1101.9000244140625,1102.9000244140625,1101.4000244140625,1102.699951171875,189278
2026-07-17 07:45:00,1101.5,1101.5,1102.9000244140625,1100.0999755859375,1101.9000244140625,366878
2026-07-17 08:00:00,1098.9000244140625,1098.9000244140625,1102.0999755859375,1097.0,1101.5,472535
2026-07-17 08:15:00,1099.199951171875,1099.199951171875,1099.5,1097.199951171875,1098.699951171875,200591
2026-07-17 08:30:00,1100.5,1100.5,1101.5,1099.199951171875,1099.4000244140625,173730
2026-07-17 08:45:00,1095.0,1095.0,1102.0,1094.0999755859375,1100.5,466022
2026-07-17 09:00:00,1097.5,1097.5,1099.0999755859375,1095.0,1095.4000244140625,288008
2026-07-17 09:15:00,1101.300048828125,1101.300048828125,1102.0,1100.4000244140625,1100.9000244140625,763919
2026-07-17 09:30:00,1095.300048828125,1095.300048828125,1101.699951171875,1095.0999755859375,1101.199951171875,749706
2026-07-17 09:45:00,1093.0,1093.0,1096.9000244140625,1092.0,1095.4000244140625,990326
2026-07-20 03:45:00,1096.800048828125,1096.800048828125,1103.0999755859375,1091.0,1101.0,341341
2026-07-20 04:00:00,1096.9000244140625,1096.9000244140625,1098.800048828125,1093.5999755859375,1096.5,345534
2026-07-20 04:15:00,1092.699951171875,1092.699951171875,1097.800048828125,1091.0,1096.9000244140625,440469
2026-07-20 04:30:00,1090.4000244140625,1090.4000244140625,1094.5999755859375,1090.199951171875,1092.699951171875,255373
2026-07-20 04:45:00,1093.5999755859375,1093.5999755859375,1094.699951171875,1089.5,1090.5,321358
2026-07-20 05:00:00,1092.699951171875,1092.699951171875,1095.4000244140625,1092.0,1093.5,422153
2026-07-20 05:15:00,1094.5,1094.5,1094.800048828125,1092.4000244140625,1092.699951171875,205776
2026-07-20 05:30:00,1093.9000244140625,1093.9000244140625,1095.5,1093.0,1094.5999755859375,170362
2026-07-20 05:45:00,1092.4000244140625,1092.4000244140625,1096.699951171875,1092.4000244140625,1093.699951171875,217653
2026-07-20 06:00:00,1090.9000244140625,1090.9000244140625,1093.300048828125,1090.5,1092.4000244140625,193278
2026-07-20 06:15:00,1088.699951171875,1088.699951171875,1091.699951171875,1088.5,1090.9000244140625,187090
2026-07-20 06:30:00,1085.699951171875,1085.699951171875,1090.0,1085.4000244140625,1088.9000244140625,207507
2026-07-20 06:45:00,1087.0,1087.0,1087.300048828125,1083.5,1085.699951171875,176622
2026-07-20 07:00:00,1088.199951171875,1088.199951171875,1088.300048828125,1084.699951171875,1087.300048828125,129996
2026-07-20 07:15:00,1089.5,1089.5,1089.699951171875,1087.0,1088.199951171875,254355
2026-07-20 07:30:00,1090.9000244140625,1090.9000244140625,1091.0,1087.4000244140625,1089.0,162030
2026-07-20 07:45:00,1089.5,1089.5,1091.300048828125,1088.5,1090.9000244140625,148686
2026-07-20 08:00:00,1089.5,1089.5,1090.9000244140625,1089.0,1089.5,162766
2026-07-20 08:15:00,1089.800048828125,1089.800048828125,1091.9000244140625,1089.5,1089.5,137661
2026-07-20 08:30:00,1089.699951171875,1089.699951171875,1090.800048828125,1089.0,1089.5999755859375,123370
2026-07-20 08:45:00,1089.699951171875,1089.699951171875,1090.300048828125,1088.5999755859375,1089.9000244140625,111370
2026-07-20 09:00:00,1090.4000244140625,1090.4000244140625,1090.9000244140625,1088.5999755859375,1089.800048828125,167536
2026-07-20 09:15:00,1088.9000244140625,1088.9000244140625,1090.800048828125,1088.9000244140625,1090.199951171875,134610
2026-07-20 09:30:00,1086.699951171875,1086.699951171875,1089.199951171875,1085.5,1089.199951171875,419537
2026-07-20 09:45:00,1087.9000244140625,1087.9000244140625,1088.9000244140625,1086.300048828125,1086.300048828125,499760
2026-07-21 03:45:00,1093.800048828125,1093.800048828125,1094.4000244140625,1078.300048828125,1083.199951171875,346760
2026-07-21 04:00:00,1084.5,1084.5,1094.5,1083.199951171875,1093.9000244140625,334946
2026-07-21 04:15:00,1078.0,1078.0,1084.9000244140625,1076.300048828125,1084.5999755859375,407483
2026-07-21 04:30:00,1080.0,1080.0,1081.4000244140625,1077.5,1078.5,107506
2026-07-21 04:45:00,1074.4000244140625,1074.4000244140625,1080.199951171875,1072.199951171875,1080.0,334839
2026-07-21 05:00:00,1072.699951171875,1072.699951171875,1075.800048828125,1071.699951171875,1074.699951171875,353417
2026-07-21 05:15:00,1068.0,1068.0,1072.699951171875,1067.199951171875,1072.699951171875,563748
2026-07-21 05:30:00,1075.699951171875,1075.699951171875,1077.0,1067.5999755859375,1067.9000244140625,316305
2026-07-21 05:45:00,1075.5,1075.5,1078.0,1075.199951171875,1076.0,229627
2026-07-21 06:00:00,1075.300048828125,1075.300048828125,1076.9000244140625,1074.4000244140625,1075.800048828125,186882
2026-07-21 06:15:00,1077.4000244140625,1077.4000244140625,1078.5,1075.0,1075.300048828125,220894
2026-07-21 06:30:00,1076.699951171875,1076.699951171875,1078.4000244140625,1076.4000244140625,1077.4000244140625,154844
2026-07-21 06:45:00,1072.0999755859375,1072.0999755859375,1076.9000244140625,1071.699951171875,1076.5,272862
2026-07-21 07:00:00,1069.5999755859375,1069.5999755859375,1072.4000244140625,1069.0,1072.199951171875,369463
2026-07-21 07:15:00,1071.5,1071.5,1072.699951171875,1069.0999755859375,1069.0999755859375,244665
2026-07-21 07:30:00,1070.699951171875,1070.699951171875,1073.0999755859375,1070.4000244140625,1071.5999755859375,256600
2026-07-21 07:45:00,1070.0,1070.0,1071.5999755859375,1069.0999755859375,1070.5999755859375,207181
2026-07-21 08:00:00,1070.800048828125,1070.800048828125,1072.800048828125,1069.5,1070.0,291927
2026-07-21 08:15:00,1070.9000244140625,1070.9000244140625,1072.4000244140625,1070.5,1070.800048828125,344457
2026-07-21 08:30:00,1071.300048828125,1071.300048828125,1072.4000244140625,1070.0999755859375,1071.0,276002
2026-07-21 08:45:00,1071.699951171875,1071.699951171875,1074.0,1071.0,1071.199951171875,423687
2026-07-21 09:00:00,1070.4000244140625,1070.4000244140625,1072.300048828125,1069.199951171875,1071.300048828125,536840
2026-07-21 09:15:00,1074.9000244140625,1074.9000244140625,1075.0,1069.5999755859375,1070.5999755859375,654533
2026-07-21 09:30:00,1073.4000244140625,1073.4000244140625,1075.199951171875,1072.0999755859375,1074.0999755859375,915341
2026-07-21 09:45:00,1070.5999755859375,1070.5999755859375,1074.4000244140625,1070.0,1073.4000244140625,751380
2026-07-22 03:45:00,1066.5,1066.5,1067.199951171875,1058.5,1065.199951171875,238007
2026-07-22 04:00:00,1066.199951171875,1066.199951171875,1067.199951171875,1063.5999755859375,1066.5,234217
2026-07-22 04:15:00,1064.699951171875,1064.699951171875,1066.4000244140625,1062.300048828125,1065.9000244140625,169664
2026-07-22 04:30:00,1064.0999755859375,1064.0999755859375,1069.0,1063.300048828125,1065.4000244140625,154201
2026-07-22 04:45:00,1059.300048828125,1059.300048828125,1064.0999755859375,1056.5999755859375,1064.0999755859375,318931
2026-07-22 05:00:00,1056.800048828125,1056.800048828125,1059.9000244140625,1056.0,1059.0,173047
2026-07-22 05:15:00,1060.9000244140625,1060.9000244140625,1060.9000244140625,1056.5999755859375,1056.9000244140625,166954
2026-07-22 05:30:00,1056.800048828125,1056.800048828125,1060.800048828125,1056.800048828125,1060.800048828125,144739
2026-07-22 05:45:00,1061.0999755859375,1061.0999755859375,1062.199951171875,1055.0,1056.800048828125,213425
2026-07-22 06:00:00,1059.4000244140625,1059.4000244140625,1061.699951171875,1058.699951171875,1060.699951171875,123112
2026-07-22 06:15:00,1057.4000244140625,1057.4000244140625,1060.300048828125,1057.199951171875,1059.4000244140625,155918
2026-07-22 06:30:00,1056.800048828125,1056.800048828125,1057.800048828125,1056.0,1057.4000244140625,103604
2026-07-22 06:45:00,1053.800048828125,1053.800048828125,1057.800048828125,1053.4000244140625,1056.5999755859375,217209
2026-07-22 07:00:00,1049.300048828125,1049.300048828125,1054.0999755859375,1048.300048828125,1053.5,472344
2026-07-22 07:15:00,1049.0999755859375,1049.0999755859375,1050.4000244140625,1049.0,1049.300048828125,318935
2026-07-22 07:30:00,1048.0,1048.0,1049.5999755859375,1046.300048828125,1049.0999755859375,226706
2026-07-22 07:45:00,1046.5,1046.5,1049.0,1046.4000244140625,1048.0,200228
2026-07-22 08:00:00,1047.699951171875,1047.699951171875,1049.800048828125,1046.4000244140625,1046.9000244140625,296799
2026-07-22 08:15:00,1047.9000244140625,1047.9000244140625,1049.5,1047.0999755859375,1047.5,257182
2026-07-22 08:30:00,1047.4000244140625,1047.4000244140625,1048.9000244140625,1047.0999755859375,1047.9000244140625,231222
2026-07-22 08:45:00,1048.4000244140625,1048.4000244140625,1049.5999755859375,1047.4000244140625,1047.5,194872
2026-07-22 09:00:00,1049.300048828125,1049.300048828125,1049.9000244140625,1047.5,1048.5,342278
2026-07-22 09:15:00,1050.199951171875,1050.199951171875,1051.0999755859375,1048.800048828125,1049.0999755859375,545642
2026-07-22 09:30:00,1053.800048828125,1053.800048828125,1053.800048828125,1050.5,1050.5,850480
2026-07-22 09:45:00,1052.0,1052.0,1054.0,1049.0999755859375,1053.300048828125,793111
2026-07-23 03:45:00,1034.0,1034.0,1046.0,1032.5,1045.9000244140625,1138151
2026-07-23 04:00:00,1042.0,1042.0,1044.800048828125,1033.5999755859375,1034.0,647178
2026-07-23 04:15:00,1042.5,1042.5,1046.5,1041.5,1042.0,306135
2026-07-23 04:30:00,1042.5,1042.5,1045.0999755859375,1041.0,1042.5,223650
2026-07-23 04:45:00,1043.800048828125,1043.800048828125,1044.5,1041.5,1042.9000244140625,197679
2026-07-23 05:00:00,1044.9000244140625,1044.9000244140625,1044.9000244140625,1042.199951171875,1044.0,193299
2026-07-23 05:15:00,1046.300048828125,1046.300048828125,1048.199951171875,1044.800048828125,1044.800048828125,385006
2026-07-23 05:30:00,1048.199951171875,1048.199951171875,1049.5999755859375,1044.0,1046.300048828125,417201
2026-07-23 05:45:00,1043.4000244140625,1043.4000244140625,1050.300048828125,1043.0,1048.5999755859375,1328368
2026-07-23 06:00:00,1046.199951171875,1046.199951171875,1046.800048828125,1041.199951171875,1043.0,325397
2026-07-23 06:15:00,1052.0999755859375,1052.0999755859375,1052.300048828125,1046.0999755859375,1046.4000244140625,399043
2026-07-23 06:30:00,1053.199951171875,1053.199951171875,1057.199951171875,1051.9000244140625,1052.300048828125,530160
2026-07-23 06:45:00,1048.199951171875,1048.199951171875,1053.5,1047.699951171875,1053.0999755859375,358283
2026-07-23 07:00:00,1043.9000244140625,1043.9000244140625,1049.0999755859375,1043.0,1048.199951171875,349668
2026-07-23 07:15:00,1043.5,1043.5,1044.699951171875,1043.0999755859375,1043.800048828125,328188
2026-07-23 07:30:00,1044.0999755859375,1044.0999755859375,1045.0,1040.5,1043.5999755859375,462816
2026-07-23 07:45:00,1042.800048828125,1042.800048828125,1045.5,1041.5999755859375,1044.0999755859375,460159
2026-07-23 08:00:00,1044.0999755859375,1044.0999755859375,1044.4000244140625,1041.4000244140625,1042.800048828125,463951
2026-07-23 08:15:00,1045.9000244140625,1045.9000244140625,1046.0,1042.300048828125,1044.300048828125,439587
2026-07-23 08:30:00,1045.0999755859375,1045.0999755859375,1047.0999755859375,1044.5999755859375,1045.699951171875,418957
2026-07-23 08:45:00,1048.800048828125,1048.800048828125,1048.800048828125,1045.0,1045.0999755859375,39613
