Date,Adj Close,Close,High,Low,Open,Volume
2021-07-23,52.152565002441406,70.66666412353516,71.46666717529297,70.30000305175781,71.13333129882812,10996716
2021-07-26,51.48835372924805,69.76666259765625,70.83333587646484,69.66666412353516,70.66666412353516,10937572
2021-07-27,51.14395523071289,69.30000305175781,70.23332977294922,68.83333587646484,69.83333587646484,11591373
2021-07-28,51.16855239868164,69.33333587646484,69.83333587646484,68.73332977294922,69.33333587646484,13733836
2021-07-29,51.11935043334961,69.26666259765625,69.66666412353516,68.80000305175781,69.5,15139800
2021-07-30,50.750343322753906,68.76666259765625,70.86666870117188,68.5999984741211,69.5,39367890
2021-08-02,51.90656280517578,70.33333587646484,70.56666564941406,69.0999984741211,69.66666412353516,19968907
2021-08-03,52.22636413574219,70.76666259765625,71.0,70.19999694824219,70.66666412353516,15159726
2021-08-04,51.80815887451172,70.19999694824219,71.66666412353516,69.93333435058594,71.0,17376739
2021-08-05,51.883033752441406,69.30000305175781,69.86666870117188,68.36666870117188,69.66666412353516,20246398
2021-08-06,52.85630416870117,70.5999984741211,70.83333587646484,69.19999694824219,69.30000305175781,13803814
2021-08-09,52.10762405395508,69.5999984741211,70.96666717529297,69.30000305175781,70.80000305175781,12460222
2021-08-10,51.03452682495117,68.16666412353516,69.93333435058594,67.93333435058594,69.93333435058594,12318604
2021-08-11,52.23240661621094,69.76666259765625,69.96666717529297,68.19999694824219,68.53333282470703,16287054
2021-08-12,51.9578971862793,69.4000015258789,70.33333587646484,69.16666412353516,69.76666259765625,13442644
2021-08-13,52.23240661621094,69.76666259765625,70.0,69.16666412353516,69.33333587646484,10050325
2021-08-16,53.505149841308594,71.46666717529297,71.63333129882812,69.53333282470703,69.83333587646484,32819128
2021-08-17,52.7564811706543,70.46666717529297,72.16666412353516,69.80000305175781,71.53333282470703,25693791
2021-08-18,53.00603485107422,70.80000305175781,71.0,69.80000305175781,70.93333435058594,18888795
2021-08-20,51.65842056274414,69.0,70.33333587646484,68.66666412353516,70.30000305175781,15736258
2021-08-23,51.40886688232422,68.66666412353516,69.93333435058594,68.13333129882812,69.93333435058594,10432123
2021-08-24,52.85630416870117,70.5999984741211,70.80000305175781,69.0999984741211,69.26666259765625,17847588
2021-08-25,52.956119537353516,70.73332977294922,71.30000305175781,70.26666259765625,71.0,11312487
2021-08-26,52.70656204223633,70.4000015258789,70.69999694824219,69.80000305175781,70.5999984741211,11929699
2021-08-27,52.88125991821289,70.63333129882812,70.96666717529297,70.19999694824219,70.5,8356207
2021-08-30,53.58001708984375,71.56666564941406,72.13333129882812,70.73332977294922,70.93333435058594,19240269
2021-08-31,55.326927185058594,73.9000015258789,74.19999694824219,71.5999984741211,72.0,33485407
2021-09-01,55.27702331542969,73.83333587646484,74.46666717529297,73.06666564941406,74.0,17700178
2021-09-02,54.97754669189453,73.43333435058594,73.56666564941406,72.66666412353516,73.19999694824219,17265598
2021-09-03,56.44993591308594,75.4000015258789,75.66666412353516,73.4000015258789,73.80000305175781,22906791
2021-09-06,55.70125198364258,74.4000015258789,75.86666870117188,74.16666412353516,75.83333587646484,11302936
2021-09-07,55.82603454589844,74.56666564941406,74.96666717529297,73.80000305175781,74.4000015258789,11374723
2021-09-08,56.200374603271484,75.06666564941406,75.26666259765625,74.06666564941406,74.06666564941406,12497221
2021-09-09,56.300193786621094,75.19999694824219,76.43333435058594,74.93333435058594,75.0999984741211,19983877
2021-09-13,56.899139404296875,76.0,76.16666412353516,75.0,75.19999694824219,13133424
2021-09-14,57.523033142089844,76.83333587646484,77.26666259765625,76.0,76.0,13852611
2021-09-15,58.09701156616211,77.5999984741211,77.9000015258789,76.80000305175781,76.96666717529297,19025859
2021-09-16,59.070289611816406,78.9000015258789,79.33333587646484,77.43333435058594,77.80000305175781,21129102
2021-09-17,59.02037048339844,78.83333587646484,79.63333129882812,77.4000015258789,79.13333129882812,52041975
2021-09-20,57.198604583740234,76.4000015258789,78.46666717529297,76.26666259765625,77.66666412353516,13756386
2021-09-21,57.39825439453125,76.66666412353516,77.0999984741211,75.56666564941406,76.36666870117188,14070891
2021-09-22,58.12196731567383,77.63333129882812,77.86666870117188,76.69999694824219,76.69999694824219,11751877
2021-09-23,58.89558792114258,78.66666412353516,79.0999984741211,77.86666870117188,78.0,13392397
2021-09-24,58.52125930786133,78.16666412353516,79.30000305175781,77.33333587646484,78.66666412353516,11883868
2021-09-27,59.22002410888672,79.0999984741211,79.23332977294922,78.33333587646484,78.76666259765625,14908830
2021-09-28,61.3662223815918,81.96666717529297,82.5999984741211,79.13333129882812,79.13333129882812,30580264
2021-09-29,63.612239837646484,84.96666717529297,85.33333587646484,81.33333587646484,81.5,29772804
2021-09-30,62.539146423339844,83.53333282470703,85.66666412353516,82.9000015258789,84.96666717529297,17995564
2021-10-01,63.58727264404297,84.93333435058594,85.9000015258789,83.33333587646484,83.76666259765625,20085250
2021-10-04,63.01329803466797,84.16666412353516,85.56666564941406,83.66666412353516,85.19999694824219,11345266
2021-10-05,64.8350601196289,86.5999984741211,87.06666564941406,84.16666412353516,84.16666412353516,30310881
2021-10-06,64.93488311767578,86.73332977294922,89.93333435058594,86.23332977294922,87.26666259765625,38136735
2021-10-07,66.00798797607422,88.16666412353516,88.5999984741211,86.56666564941406,87.0,19049433
2021-10-08,65.78339385986328,87.86666870117188,89.63333129882812,87.23332977294922,89.03333282470703,13639896
2021-10-11,65.65859985351562,87.69999694824219,89.30000305175781,87.46666717529297,88.0999984741211,9461719
2021-10-12,65.50886535644531,87.5,88.36666870117188,86.19999694824219,87.9000015258789,14989111
2021-10-13,65.50886535644531,87.5,88.23332977294922,86.86666870117188,87.96666717529297,13747222
2021-10-14,67.08109283447266,89.5999984741211,90.33333587646484,87.33333587646484,88.0,21061104
2021-10-18,68.05435943603516,90.9000015258789,93.33333587646484,90.46666717529297,93.33333587646484,22145724
2021-10-19,66.78160095214844,89.19999694824219,91.5,88.9000015258789,91.0999984741211,15474921
2021-10-20,65.15949249267578,87.03333282470703,89.53333282470703,86.43333435058594,88.80000305175781,16132831
2021-10-21,65.7085189819336,87.76666259765625,90.33333587646484,87.13333129882812,88.03333282470703,27519955
2021-10-22,65.23435974121094,87.13333129882812,89.0999984741211,86.66666412353516,88.36666870117188,16376905
2021-10-25,65.10957336425781,86.96666717529297,88.26666259765625,85.63333129882812,87.73332977294922,15055837
2021-10-26,65.63365173339844,87.66666412353516,88.26666259765625,86.69999694824219,87.33333587646484,15198604
2021-10-27,65.28426361083984,87.19999694824219,88.66666412353516,86.83333587646484,87.83333587646484,13412194
2021-10-28,64.21117401123047,85.76666259765625,87.5999984741211,85.16666412353516,87.19999694824219,13901230
2021-10-29,63.86180114746094,85.30000305175781,86.66666412353516,84.30000305175781,85.33333587646484,12613387
2021-11-01,65.7085189819336,87.76666259765625,88.56666564941406,84.4000015258789,88.06666564941406,26818699
2021-11-02,65.28426361083984,87.19999694824219,88.66666412353516,87.03333282470703,88.36666870117188,14533176
2021-11-03,66.15773010253906,88.36666870117188,90.0,86.93333435058594,87.19999694824219,31141038
2021-11-04,67.20586395263672,89.76666259765625,90.0,89.03333282470703,89.96666717529297,4986216
2021-11-08,70.1007308959961,93.63333129882812,93.93333435058594,89.5,90.0,37249699
2021-11-09,69.72640991210938,93.13333129882812,94.33333587646484,92.63333129882812,94.30000305175781,19382632
2021-11-10,69.60160827636719,92.96666717529297,94.19999694824219,92.46666717529297,92.93333435058594,15366904
2021-11-11,69.00628662109375,88.86666870117188,90.4000015258789,88.4000015258789,89.43333435058594,19049466
2021-11-12,68.8250961303711,88.63333129882812,89.86666870117188,88.03333282470703,89.33333587646484,14255041
2021-11-15,68.77333068847656,88.56666564941406,89.43333435058594,88.0,88.83333587646484,8808997
2021-11-16,67.81563568115234,87.33333587646484,89.0,87.0999984741211,88.93333435058594,9738892
2021-11-17,66.49553680419922,85.63333129882812,87.5999984741211,85.43333435058594,87.26666259765625,9331351
2021-11-18,66.96147918701172,86.23332977294922,86.83333587646484,85.06666564941406,85.63333129882812,10891344
2021-11-22,64.45073699951172,83.0,86.5999984741211,82.69999694824219,86.36666870117188,11624364
2021-11-23,65.30489349365234,84.0999984741211,84.56666564941406,82.5,82.66666412353516,18446718
2021-11-24,66.05552673339844,85.06666564941406,86.19999694824219,84.26666259765625,84.46666717529297,12152407
2021-11-25,65.04606628417969,83.76666259765625,85.33333587646484,83.0,85.06666564941406,9581943
2021-11-26,62.61298370361328,80.63333129882812,83.73332977294922,80.33333587646484,83.73332977294922,11587932
2021-11-29,61.499977111816406,79.19999694824219,80.63333129882812,78.56666564941406,79.69999694824219,15803560
2021-11-30,61.57763671875,79.30000305175781,80.5999984741211,78.56666564941406,79.33333587646484,27563893
2021-12-01,60.93052673339844,78.46666717529297,79.96666717529297,77.66666412353516,79.76666259765625,19871665
2021-12-02,62.457679748535156,80.43333435058594,80.73332977294922,78.5999984741211,78.66666412353516,20686078
2021-12-03,63.26007843017578,81.46666717529297,81.9000015258789,80.5,80.66666412353516,14866089
2021-12-06,62.61298370361328,80.63333129882812,82.06666564941406,80.33333587646484,81.63333129882812,9379269
2021-12-07,62.431793212890625,80.4000015258789,82.23332977294922,80.16666412353516,81.19999694824219,14464680
2021-12-08,62.32825469970703,80.26666259765625,81.69999694824219,80.0,81.0999984741211,14700337
2021-12-09,61.965885162353516,79.80000305175781,81.0,79.63333129882812,80.66666412353516,19297434
2021-12-10,62.14707565307617,80.03333282470703,80.86666870117188,79.73332977294922,80.0,20332264
2021-12-13,61.24113464355469,78.86666870117188,80.86666870117188,78.56666564941406,80.66666412353516,20362045
2021-12-14,61.0340690612793,78.5999984741211,79.46666717529297,78.0999984741211,79.33333587646484,17422254
2021-12-15,59.89517593383789,77.13333129882812,78.93333435058594,77.0,78.46666717529297,17936938
2021-12-16,59.921058654785156,77.16666412353516,78.0999984741211,76.96666717529297,77.80000305175781,15950560
2021-12-17,58.41979217529297,75.23332977294922,77.33333587646484,74.9000015258789,77.30000305175781,17648721
2021-12-20,56.29732894897461,72.5,75.0,72.0999984741211,74.66666412353516,17713881
2021-12-21,56.68558120727539,73.0,73.53333282470703,72.43333435058594,73.0,12582459
2021-12-22,56.45262145996094,72.69999694824219,73.36666870117188,72.16666412353516,73.36666870117188,16343983
2021-12-23,58.057430267333984,74.76666259765625,74.96666717529297,73.13333129882812,73.26666259765625,15427636
2021-12-24,57.073848724365234,73.5,75.66666412353516,73.19999694824219,75.63333129882812,17403219
2021-12-27,57.33268737792969,73.83333587646484,74.0,72.69999694824219,73.46666717529297,6689944
2021-12-28,58.13507843017578,74.86666870117188,75.0,74.13333129882812,74.16666412353516,8475690
2021-12-29,57.720947265625,74.33333587646484,75.0,74.0,74.93333435058594,6332934
2021-12-30,57.2291374206543,73.69999694824219,74.5,73.26666259765625,74.33333587646484,8269432
2021-12-31,57.720947265625,74.33333587646484,75.06666564941406,73.73332977294922,73.73332977294922,8717971
2022-01-03,58.47157669067383,75.30000305175781,75.53333282470703,74.23332977294922,74.33333587646484,10026562
2022-01-04,59.041019439697266,76.03333282470703,76.5999984741211,75.5,75.80000305175781,8322088
2022-01-05,60.697574615478516,78.16666412353516,78.30000305175781,75.86666870117188,76.03333282470703,21374004
2022-01-06,60.697574615478516,78.16666412353516,78.43333435058594,75.36666870117188,78.19999694824219,10795557
2022-01-07,61.34467315673828,79.0,79.46666717529297,77.96666717529297,78.43333435058594,11303518
2022-01-10,61.965885162353516,79.80000305175781,80.0999984741211,78.86666870117188,79.33333587646484,9923601
2022-01-11,61.39643478393555,79.06666564941406,80.30000305175781,78.80000305175781,80.30000305175781,8919054
2022-01-12,61.681175231933594,79.43333435058594,80.0,78.9000015258789,79.46666717529297,10748385
2022-01-13,62.71652603149414,80.76666259765625,81.0,79.23332977294922,79.76666259765625,12559629
2022-01-14,63.829524993896484,82.19999694824219,82.93333435058594,80.9000015258789,81.0,22431007
2022-01-17,64.0624771118164,82.5,83.33333587646484,82.13333129882812,83.33333587646484,14548522
2022-01-18,64.16600799560547,82.63333129882812,83.69999694824219,82.23332977294922,82.80000305175781,21395779
2022-01-19,64.76133728027344,83.4000015258789,83.73332977294922,82.0,82.4000015258789,14870110
2022-01-20,64.96841430664062,83.66666412353516,83.96666717529297,82.9000015258789,83.4000015258789,10007508
2022-01-21,63.00123977661133,81.13333129882812,83.66666412353516,80.5,82.66666412353516,14728332
2022-01-24,62.3023681640625,80.23332977294922,81.63333129882812,79.93333435058594,80.66666412353516,19665838
2022-01-25,62.871829986572266,80.96666717529297,81.13333129882812,79.53333282470703,80.13333129882812,9651480
2022-01-27,63.518924713134766,81.80000305175781,82.5,79.86666870117188,80.5999984741211,12890338
2022-01-28,64.24365234375,82.73332977294922,84.69999694824219,82.19999694824219,82.19999694824219,14995069
2022-01-31,64.81310272216797,83.46666717529297,85.33333587646484,82.80000305175781,84.46666717529297,19787082
2022-02-01,63.02711868286133,81.16666412353516,84.0,79.66666412353516,84.0,34627617
2022-02-02,64.42485046386719,82.96666717529297,83.30000305175781,81.46666717529297,81.66666412353516,14749194
2022-02-03,64.52838897705078,83.0999984741211,83.9000015258789,82.76666259765625,83.5999984741211,13117138
2022-02-04,64.26954650878906,82.76666259765625,83.56666564941406,82.46666717529297,83.26666259765625,10723602
2022-02-07,63.6224479675293,81.93333435058594,83.06666564941406,81.66666412353516,83.0,13452373
2022-02-08,62.82004928588867,80.9000015258789,82.36666870117188,80.0,82.06666564941406,23545662
2022-02-09,64.80073547363281,80.69999694824219,81.13333129882812,78.5,79.0,17581473
2022-02-10,64.2118911743164,79.96666717529297,80.96666717529297,79.76666259765625,80.73332977294922,18120168
2022-02-11,65.3360595703125,81.36666870117188,81.76666259765625,79.36666870117188,79.66666412353516,26486850
2022-02-14,62.391788482666016,77.69999694824219,80.66666412353516,77.43333435058594,80.66666412353516,16463770
2022-02-15,63.569488525390625,79.16666412353516,79.33333587646484,76.33333587646484,78.0,12978223
2022-02-16,65.04163360595703,81.0,81.46666717529297,79.5,79.5,17673190
2022-02-17,64.98810577392578,80.93333435058594,82.63333129882812,80.33333587646484,81.9000015258789,16774602
2022-02-18,64.85428619384766,80.76666259765625,81.53333282470703,80.4000015258789,80.93333435058594,7978566
2022-02-21,63.81039810180664,79.46666717529297,80.76666259765625,79.06666564941406,80.0,8595442
2022-02-22,62.68623352050781,78.06666564941406,79.0999984741211,77.66666412353516,78.0,11409610
2022-02-23,62.71299362182617,78.0999984741211,78.86666870117188,77.66666412353516,78.53333282470703,8525215
2022-02-24,58.885433197021484,73.33333587646484,77.46666717529297,72.86666870117188,76.63333129882812,19848141
2022-02-25,60.1434440612793,74.9000015258789,79.0,74.0,75.33333587646484,28048713
2022-02-28,61.56205368041992,76.66666412353516,77.46666717529297,73.73332977294922,75.19999694824219,24781798
2022-03-02,60.08991241455078,74.83333587646484,77.5999984741211,74.30000305175781,75.83333587646484,22390246
2022-03-03,61.37468338012695,76.43333435058594,77.66666412353516,75.33333587646484,76.66666412353516,28291584
2022-03-04,60.62522888183594,75.5,76.93333435058594,75.19999694824219,76.63333129882812,25005861
2022-03-07,60.08991241455078,74.83333587646484,75.96666717529297,74.13333129882812,75.96666717529297,25392553
2022-03-08,62.65945816040039,78.03333282470703,78.5,74.4000015258789,74.66666412353516,33483859
2022-03-09,62.60592269897461,77.96666717529297,79.26666259765625,77.19999694824219,79.26666259765625,23476054
2022-03-10,64.74722290039062,80.63333129882812,80.93333435058594,78.46666717529297,79.36666870117188,27592384
2022-03-11,66.21935272216797,82.46666717529297,82.93333435058594,80.26666259765625,80.53333282470703,18598243
2022-03-14,64.66691589355469,80.53333282470703,83.23332977294922,80.03333282470703,83.23332977294922,22317814
2022-03-15,63.70333480834961,79.33333587646484,80.69999694824219,78.80000305175781,80.53333282470703,16501842
2022-03-16,65.28253936767578,81.30000305175781,81.73332977294922,79.63333129882812,80.19999694824219,15176752
2022-03-17,64.96134185791016,80.9000015258789,81.93333435058594,80.06666564941406,81.5999984741211,41700111
2022-03-21,63.16801452636719,78.66666412353516,81.19999694824219,78.53333282470703,81.19999694824219,18166521
2022-03-22,64.58661651611328,80.43333435058594,81.23332977294922,79.0,79.33333587646484,30929289
2022-03-23,65.14871215820312,81.13333129882812,82.0,80.43333435058594,81.23332977294922,25271163
2022-03-24,64.55984497070312,80.4000015258789,81.43333435058594,80.23332977294922,81.19999694824219,12377631
2022-03-25,63.59627151489258,79.19999694824219,80.56666564941406,79.06666564941406,80.03333282470703,12238471
2022-03-28,64.2118911743164,79.96666717529297,80.46666717529297,78.46666717529297,79.5999984741211,15342876
2022-03-29,63.32860565185547,78.86666870117188,80.86666870117188,78.66666412353516,80.19999694824219,14627074
2022-03-30,62.73975372314453,78.13333129882812,79.80000305175781,77.4000015258789,79.80000305175781,159640347
2022-03-31,63.67657470703125,79.30000305175781,80.63333129882812,78.66666412353516,78.66666412353516,31701618
2022-04-01,65.36283874511719,81.4000015258789,81.63333129882812,79.33333587646484,79.4000015258789,16052676
2022-04-04,65.46989440917969,81.53333282470703,82.0,81.13333129882812,81.4000015258789,14095200
2022-04-05,65.65726470947266,81.76666259765625,82.33333587646484,81.56666564941406,81.86666870117188,13071195
2022-04-06,67.47736358642578,84.03333282470703,84.26666259765625,81.0,81.63333129882812,23580340
2022-04-07,66.13904571533203,82.36666870117188,84.5,82.16666412353516,82.86666870117188,30238785
2022-04-08,67.95913696289062,84.63333129882812,85.0,82.69999694824219,83.26666259765625,21699732
2022-04-11,68.97626495361328,85.9000015258789,86.30000305175781,84.4000015258789,84.5999984741211,19137451
2022-04-12,67.47736358642578,84.03333282470703,85.86666870117188,83.46666717529297,85.63333129882812,14583673
2022-04-13,68.46769714355469,85.26666259765625,86.0,83.76666259765625,84.03333282470703,17675811
2022-04-18,68.57477569580078,85.4000015258789,85.66666412353516,84.33333587646484,85.13333129882812,17471850
2022-04-19,69.7524642944336,86.86666870117188,88.66666412353516,85.66666412353516,86.19999694824219,30183165
2022-04-20,71.41197204589844,88.93333435058594,89.53333282470703,87.0999984741211,87.33333587646484,28690066
2022-04-21,72.29525756835938,90.03333282470703,90.26666259765625,88.93333435058594,89.63333129882812,22154311
2022-04-22,71.9205322265625,89.56666564941406,90.69999694824219,89.23332977294922,89.93333435058594,13678113
2022-04-25,68.38739013671875,85.16666412353516,88.63333129882812,84.93333435058594,88.53333282470703,16604310
2022-04-26,69.08332824707031,86.03333282470703,86.66666412353516,85.16666412353516,86.26666259765625,14133414
2022-04-27,68.17327880859375,84.9000015258789,86.0,83.4000015258789,85.06666564941406,14967738
2022-04-28,69.56510925292969,86.63333129882812,86.83333587646484,85.06666564941406,86.33333587646484,15773589
2022-04-29,67.45059204101562,84.0,87.5999984741211,83.73332977294922,87.5999984741211,13013304
2022-05-02,67.79853820800781,84.43333435058594,84.86666870117188,82.66666412353516,83.96666717529297,8623737
2022-05-04,67.37029266357422,83.9000015258789,85.80000305175781,83.4000015258789,84.56666564941406,8118435
2022-05-05,67.28998565673828,83.80000305175781,85.43333435058594,83.46666717529297,84.66666412353516,8015140
2022-05-06,67.58441925048828,84.16666412353516,85.16666412353516,81.73332977294922,83.33333587646484,13680673
2022-05-09,66.37995147705078,82.66666412353516,83.76666259765625,80.9000015258789,83.76666259765625,12361746
2022-05-10,65.3093032836914,81.33333587646484,84.19999694824219,80.83333587646484,82.93333435058594,15563373
2022-05-11,64.47956085205078,80.30000305175781,82.93333435058594,79.23332977294922,82.26666259765625,14615373
2022-05-12,65.36283874511719,81.4000015258789,82.66666412353516,79.69999694824219,80.30000305175781,30617643
2022-05-13,64.9345703125,80.86666870117188,83.5,80.46666717529297,83.33333587646484,22601469
2022-05-16,65.36283874511719,81.4000015258789,82.66666412353516,80.43333435058594,82.66666412353516,12566889
2022-05-17,66.59407043457031,82.93333435058594,84.0,81.06666564941406,84.0,27391533
2022-05-18,63.19477462768555,78.69999694824219,82.93333435058594,78.5,82.66666412353516,64902469
2022-05-19,62.76651382446289,78.16666412353516,78.93333435058594,77.0,78.0,21865050
2022-05-20,62.60592269897461,77.96666717529297,79.46666717529297,77.43333435058594,79.33333587646484,24237945
2022-05-23,63.007415771484375,78.46666717529297,79.06666564941406,77.80000305175781,78.4000015258789,17487906
2022-05-24,63.54274368286133,79.13333129882812,79.73332977294922,78.13333129882812,78.46666717529297,18454173
2022-05-25,61.45498275756836,76.53333282470703,79.63333129882812,76.13333129882812,79.53333282470703,17317285
2022-05-26,61.13378143310547,76.13333129882812,77.19999694824219,74.56666564941406,76.66666412353516,23782918
2022-05-27,61.107017517089844,76.0999984741211,77.03333282470703,75.43333435058594,76.93333435058594,11616970
2022-05-30,62.150901794433594,77.4000015258789,77.5,76.03333282470703,76.83333587646484,12222628
2022-05-31,62.09736633300781,77.33333587646484,78.33333587646484,77.0,77.13333129882812,19925845
2022-06-01,63.27507781982422,78.80000305175781,79.36666870117188,77.83333587646484,78.0,16686021
2022-06-02,62.980648040771484,78.43333435058594,79.5,77.33333587646484,79.23332977294922,16274652
2022-06-03,63.32860565185547,78.86666870117188,79.33333587646484,78.56666564941406,78.69999694824219,13564659
2022-06-06,62.927120208740234,78.36666870117188,79.06666564941406,77.63333129882812,78.86666870117188,12162841
2022-06-07,63.27507781982422,78.80000305175781,79.66666412353516,77.76666259765625,78.23332977294922,14801011
2022-06-08,63.16801452636719,78.66666412353516,79.43333435058594,78.43333435058594,79.0999984741211,12953038
2022-06-09,63.32860565185547,78.86666870117188,80.46666717529297,77.93333435058594,78.66666412353516,32112393
2022-06-10,62.76651382446289,78.16666412353516,78.66666412353516,77.66666412353516,78.5999984741211,16173466
2022-06-13,60.81259536743164,75.73332977294922,77.53333282470703,75.36666870117188,77.53333282470703,15123129
2022-06-14,59.01927185058594,73.5,76.0,73.36666870117188,75.69999694824219,23524399
2022-06-15,58.45718002319336,72.80000305175781,74.0,72.19999694824219,74.0,14386729
2022-06-16,57.89508819580078,72.0999984741211,73.80000305175781,71.66666412353516,73.69999694824219,14897512
2022-06-17,55.78055953979492,69.46666717529297,72.0,69.03333282470703,72.0,23651413
2022-06-20,55.164939880371094,68.69999694824219,70.30000305175781,67.69999694824219,70.06666564941406,19163382
2022-06-21,56.61031723022461,70.5,70.83333587646484,69.03333282470703,69.36666870117188,14169558
2022-06-22,56.50325012207031,70.36666870117188,71.06666564941406,69.06666564941406,70.63333129882812,18641673
2022-06-23,57.4400634765625,71.53333282470703,71.73332977294922,70.0999984741211,70.66666412353516,16579252
2022-06-24,58.08245849609375,72.33333587646484,72.43333435058594,71.53333282470703,71.73332977294922,11807979
2022-06-27,58.644535064697266,73.03333282470703,73.9000015258789,72.53333282470703,73.33333587646484,17830735
2022-06-28,57.97538757324219,72.19999694824219,73.76666259765625,71.69999694824219,73.0,22631172
2022-06-29,58.77836227416992,73.19999694824219,73.36666870117188,72.0,72.4000015258789,18903900
2022-06-30,59.62149429321289,74.25,76.0,73.69999694824219,73.94999694824219,34424950
2022-07-01,59.86240005493164,74.55000305175781,75.1500015258789,72.8499984741211,75.0,22029311
2022-07-04,59.70180130004883,74.3499984741211,74.69999694824219,73.30000305175781,74.69999694824219,12798384
2022-07-05,59.09955596923828,73.5999984741211,74.5,73.4000015258789,74.5,17464685
2022-07-06,58.29657745361328,72.5999984741211,74.5999984741211,72.25,74.0,21856830
2022-07-07,58.376869201660156,72.69999694824219,73.30000305175781,72.1500015258789,73.30000305175781,17846046
2022-07-08,58.376869201660156,72.69999694824219,73.25,72.19999694824219,73.0,11692575
2022-07-11,58.256431579589844,72.55000305175781,72.8499984741211,72.05000305175781,72.69999694824219,11548617
2022-07-12,56.73076248168945,70.6500015258789,72.5,70.4000015258789,72.44999694824219,16729806
2022-07-13,56.5300178527832,70.4000015258789,70.94999694824219,70.25,70.6500015258789,13704386
2022-07-14,56.811058044433594,70.75,71.0,70.19999694824219,70.4000015258789,8917897
2022-07-15,56.489864349365234,70.3499984741211,71.0999984741211,70.0,70.69999694824219,7310057
2022-07-18,57.13225555419922,71.1500015258789,71.25,70.3499984741211,70.69999694824219,6697658
2022-07-19,57.81479263305664,72.0,72.1500015258789,71.0,71.25,7585011
2022-07-20,58.09583282470703,72.3499984741211,73.0999984741211,72.19999694824219,73.0,10590222
2022-07-21,58.256431579589844,72.55000305175781,72.75,71.3499984741211,72.3499984741211,9537111
2022-07-22,57.93523406982422,72.1500015258789,72.94999694824219,72.0,72.9000015258789,8740051
2022-07-25,57.89508819580078,72.0999984741211,72.3499984741211,71.25,72.19999694824219,10124538
2022-07-26,57.533748626708984,71.6500015258789,72.1500015258789,71.44999694824219,72.0999984741211,8202210
2022-07-27,57.89508819580078,72.0999984741211,72.30000305175781,71.4000015258789,71.75,8726504
2022-07-28,57.85494613647461,72.05000305175781,72.6500015258789,71.9000015258789,72.05000305175781,11715079
2022-07-29,58.57762908935547,72.94999694824219,73.25,72.25,72.5,16983013
2022-08-01,57.092105865478516,71.0999984741211,72.5,70.80000305175781,72.5,30168751
2022-08-02,57.77464294433594,71.94999694824219,72.0999984741211,71.25,71.4000015258789,15655719
2022-08-03,57.01180648803711,71.0,72.4000015258789,70.75,72.30000305175781,18893830
2022-08-04,57.172401428222656,71.19999694824219,71.5999984741211,70.55000305175781,71.5,25024630
2022-08-05,58.69807052612305,73.0999984741211,73.30000305175781,70.9000015258789,71.44999694824219,48935830
2022-08-08,58.89881134033203,73.3499984741211,73.75,72.4000015258789,73.0999984741211,16091607
2022-08-10,58.216285705566406,72.5,73.69999694824219,72.4000015258789,73.6500015258789,29085499
2022-08-11,58.92219161987305,70.94999694824219,71.3499984741211,70.5999984741211,71.3499984741211,16670568
2022-08-12,59.42047882080078,71.55000305175781,71.69999694824219,70.80000305175781,70.94999694824219,12294928
2022-08-16,60.749229431152344,73.1500015258789,73.25,71.25,71.75,26772067
2022-08-17,60.91531753540039,73.3499984741211,73.80000305175781,73.19999694824219,73.30000305175781,18542371
2022-08-18,60.33399963378906,72.6500015258789,73.6500015258789,72.44999694824219,73.5,18850835
2022-08-19,59.918758392333984,72.1500015258789,72.75,71.80000305175781,72.6500015258789,13357442
2022-08-22,59.212860107421875,71.30000305175781,72.1500015258789,70.9000015258789,72.0999984741211,13714233
2022-08-23,59.005245208740234,71.05000305175781,71.5999984741211,70.75,70.80000305175781,11581331
2022-08-24,58.58999252319336,70.55000305175781,71.44999694824219,70.25,71.25,19584234
2022-08-25,59.33741760253906,71.44999694824219,71.94999694824219,70.80000305175781,70.9000015258789,13090152
2022-08-26,59.711143493652344,71.9000015258789,72.30000305175781,71.69999694824219,71.8499984741211,10546886
2022-08-29,59.005245208740234,71.05000305175781,71.44999694824219,70.3499984741211,71.1500015258789,14387511
2022-08-30,59.37894821166992,71.5,71.8499984741211,71.3499984741211,71.44999694824219,14284488
2022-09-01,59.088279724121094,71.1500015258789,71.5,70.80000305175781,71.0,17854146
2022-09-02,59.212860107421875,71.30000305175781,71.55000305175781,70.8499984741211,71.44999694824219,13349456
2022-09-05,58.92219161987305,70.94999694824219,71.6500015258789,70.8499984741211,71.5,11658725
2022-09-06,58.71455764770508,70.69999694824219,71.19999694824219,70.5999984741211,71.1500015258789,10545363
2022-09-07,59.2959098815918,71.4000015258789,71.55000305175781,70.69999694824219,70.80000305175781,19254652
2022-09-08,60.66618347167969,73.05000305175781,73.75,71.80000305175781,71.9000015258789,24401527
2022-09-09,60.25094223022461,72.55000305175781,73.4000015258789,72.3499984741211,73.30000305175781,9906299
2022-09-12,60.33399963378906,72.6500015258789,72.94999694824219,71.94999694824219,72.8499984741211,21463828
2022-09-13,60.00180435180664,72.25,73.0999984741211,72.0,73.05000305175781,11555561
2022-09-14,59.628089904785156,71.80000305175781,72.25,71.5999984741211,71.94999694824219,9024753
2022-09-15,59.42047882080078,71.55000305175781,72.19999694824219,71.30000305175781,72.0,9985561
2022-09-16,58.09170913696289,69.94999694824219,71.69999694824219,69.5,71.55000305175781,25993505
2022-09-19,57.842567443847656,69.6500015258789,70.4000015258789,69.5999984741211,70.25,13595148
2022-09-20,57.38581085205078,69.0999984741211,70.1500015258789,69.05000305175781,70.0,20693245
2022-09-21,56.84600067138672,68.44999694824219,69.30000305175781,68.19999694824219,69.30000305175781,24710729
2022-09-22,56.30619430541992,67.80000305175781,68.25,67.5,68.19999694824219,15775504
2022-09-23,56.015525817871094,67.44999694824219,67.94999694824219,67.19999694824219,67.80000305175781,13578280
2022-09-26,54.85285949707031,66.05000305175781,67.4000015258789,65.9000015258789,67.19999694824219,19194238
2022-09-27,55.43418884277344,66.75,67.0999984741211,66.0999984741211,66.4000015258789,14140070
2022-09-28,54.603721618652344,65.75,66.4000015258789,65.55000305175781,66.4000015258789,15974881
2022-09-29,54.72829055786133,65.9000015258789,67.30000305175781,65.19999694824219,66.0999984741211,24560255
2022-09-30,55.600284576416016,66.94999694824219,67.19999694824219,65.5,65.94999694824219,16041026
2022-10-03,55.392669677734375,66.69999694824219,68.05000305175781,66.55000305175781,67.25,13288633
2022-10-04,55.89095687866211,67.30000305175781,68.0,67.0999984741211,68.0,10513995
2022-10-06,56.26466751098633,67.75,68.0999984741211,67.3499984741211,67.94999694824219,13000167
2022-10-07,56.015525817871094,67.44999694824219,67.8499984741211,67.05000305175781,67.6500015258789,14879891
2022-10-10,56.09858322143555,67.55000305175781,67.69999694824219,66.8499984741211,67.0,9042660
2022-10-11,54.76980972290039,65.94999694824219,67.69999694824219,65.80000305175781,67.69999694824219,14905741
2022-10-12,55.84942626953125,67.25,67.8499984741211,65.94999694824219,66.0,14459865
2022-10-13,55.51723861694336,66.8499984741211,67.75,66.44999694824219,67.30000305175781,9890714
2022-10-14,55.060482025146484,66.30000305175781,68.0,66.19999694824219,68.0,10119406
2022-10-17,54.85285949707031,66.05000305175781,66.69999694824219,65.55000305175781,66.5,10841451
2022-10-18,55.392669677734375,66.69999694824219,66.80000305175781,66.0999984741211,66.4000015258789,8153819
2022-10-19,55.641807556152344,67.0,67.25,66.44999694824219,66.80000305175781,7157066
2022-10-20,56.34771728515625,67.8499984741211,68.19999694824219,66.55000305175781,66.6500015258789,19426605
2022-10-21,56.05704879760742,67.5,68.05000305175781,67.19999694824219,67.4000015258789,9542021
2022-10-24,56.51380920410156,68.05000305175781,68.44999694824219,67.94999694824219,68.25,3745316
2022-10-25,56.38924026489258,67.9000015258789,68.25,67.19999694824219,67.8499984741211,12609170
2022-10-27,56.721435546875,68.30000305175781,68.5,67.8499984741211,67.9000015258789,10404151
2022-10-28,56.84600067138672,68.44999694824219,69.19999694824219,68.05000305175781,68.5,9586976
2022-10-31,56.679908752441406,68.25,68.80000305175781,68.0999984741211,68.5,10549071
2022-11-01,56.88752746582031,68.5,68.6500015258789,68.1500015258789,68.4000015258789,7840600
2022-11-02,56.9705696105957,68.5999984741211,69.05000305175781,68.3499984741211,68.55000305175781,6785578
2022-11-03,57.05361557006836,68.69999694824219,69.1500015258789,68.5,68.5,6466688
2022-11-04,56.88752746582031,68.5,69.0,68.30000305175781,68.6500015258789,8971834
2022-11-07,58.21628189086914,70.0999984741211,70.30000305175781,68.69999694824219,68.8499984741211,13032194
2022-11-09,57.759525299072266,69.55000305175781,70.5,69.4000015258789,70.3499984741211,10410493
2022-11-10,57.80104064941406,69.5999984741211,69.8499984741211,69.4000015258789,69.44999694824219,5974147
2022-11-11,57.92561340332031,69.75,70.0,69.4000015258789,69.94999694824219,8792244
2022-11-14,57.67646789550781,69.44999694824219,70.1500015258789,68.8499984741211,70.0,10222979
2022-11-15,57.80104064941406,69.5999984741211,69.80000305175781,69.1500015258789,69.80000305175781,6477425
2022-11-16,57.55190658569336,69.30000305175781,69.69999694824219,69.05000305175781,69.6500015258789,5638631
2022-11-17,57.38581085205078,69.0999984741211,69.69999694824219,69.0,69.44999694824219,5264089
2022-11-18,57.510379791259766,69.25,69.5,68.75,69.3499984741211,6231903
2022-11-21,58.174766540527344,70.05000305175781,70.4000015258789,69.1500015258789,69.3499984741211,14820946
2022-11-22,58.133235931396484,70.0,70.19999694824219,69.44999694824219,70.05000305175781,13456815
2022-11-23,58.0501823425293,69.9000015258789,70.30000305175781,69.69999694824219,70.05000305175781,7949141
2022-11-24,59.83572006225586,72.05000305175781,72.69999694824219,70.1500015258789,70.1500015258789,29444796
2022-11-25,60.91531753540039,73.3499984741211,73.94999694824219,71.6500015258789,72.19999694824219,22422462
2022-11-28,63.28218078613281,76.19999694824219,76.44999694824219,73.9000015258789,73.9000015258789,40695313
2022-11-29,62.53475570678711,75.30000305175781,76.69999694824219,75.0,76.44999694824219,17421133
2022-11-30,63.65589904785156,76.6500015258789,77.0,74.44999694824219,74.5,29122442
2022-12-01,63.28218078613281,76.19999694824219,77.1500015258789,76.0,77.0,15072561
2022-12-02,63.94655227661133,77.0,77.19999694824219,76.0,76.19999694824219,18220281
2022-12-05,63.98808288574219,77.05000305175781,77.69999694824219,76.69999694824219,77.05000305175781,10947250
2022-12-06,62.94998550415039,75.80000305175781,77.4000015258789,75.6500015258789,77.0,10369691
2022-12-07,63.69740676879883,76.69999694824219,77.80000305175781,76.1500015258789,76.75,20909569
2022-12-08,63.73894119262695,76.75,77.5,76.5,77.44999694824219,11996025
2022-12-09,63.94655227661133,77.0,78.3499984741211,76.69999694824219,77.5,24702723
2022-12-12,65.52446746826172,78.9000015258789,79.05000305175781,76.80000305175781,77.0,20455051
2022-12-13,64.56941986083984,77.75,79.25,77.44999694824219,79.19999694824219,16409283
2022-12-14,64.901611328125,78.1500015258789,78.69999694824219,77.55000305175781,77.9000015258789,16268873
2022-12-15,64.86007690429688,78.0999984741211,78.5,77.80000305175781,78.1500015258789,9555282
2022-12-16,63.9050407409668,76.94999694824219,78.94999694824219,76.6500015258789,78.25,18672807
2022-12-19,64.73550415039062,77.94999694824219,78.1500015258789,76.5999984741211,77.19999694824219,12681354
2022-12-20,64.61093139648438,77.80000305175781,78.1500015258789,77.05000305175781,77.94999694824219,9368946
2022-12-21,63.448272705078125,76.4000015258789,78.1500015258789,76.1500015258789,77.80000305175781,8618706
2022-12-22,62.3686637878418,75.0999984741211,76.75,74.6500015258789,76.4000015258789,15215404
2022-12-23,60.62465286254883,73.0,75.0999984741211,72.80000305175781,74.5999984741211,15286836
2022-12-26,61.78731918334961,74.4000015258789,74.5999984741211,72.3499984741211,73.0,9571856
2022-12-27,62.3686637878418,75.0999984741211,75.19999694824219,74.3499984741211,74.9000015258789,5815217
2022-12-28,62.11952209472656,74.80000305175781,75.1500015258789,74.44999694824219,74.8499984741211,6599386
2022-12-29,62.07799530029297,74.75,75.1500015258789,74.0999984741211,74.80000305175781,10191269
2022-12-30,63.53132247924805,76.5,77.5,75.19999694824219,75.19999694824219,15567911
2023-01-02,64.77703857421875,78.0,78.55000305175781,76.44999694824219,77.0,16878293
2023-01-03,65.19227600097656,78.5,78.9000015258789,77.69999694824219,78.0,11509540
2023-01-04,64.86007690429688,78.0999984741211,79.5,77.4000015258789,78.9000015258789,11974831
2023-01-05,65.69056701660156,79.0999984741211,79.25,78.3499984741211,78.75,14449439
2023-01-06,66.4795150756836,80.05000305175781,80.80000305175781,79.0,79.30000305175781,19075518
2023-01-09,66.52102661132812,80.0999984741211,81.0,79.6500015258789,80.8499984741211,16438468
2023-01-10,66.93626403808594,80.5999984741211,80.80000305175781,79.69999694824219,80.55000305175781,11953196
2023-01-11,69.38616943359375,83.55000305175781,84.05000305175781,80.5999984741211,80.8499984741211,44099830
2023-01-12,67.7667465209961,81.5999984741211,83.9000015258789,81.19999694824219,83.75,16440461
2023-01-13,68.34807586669922,82.30000305175781,82.44999694824219,81.0999984741211,81.55000305175781,8018070
2023-01-16,68.30654907226562,82.25,82.69999694824219,81.75,82.44999694824219,9367702
2023-01-17,67.7667465209961,81.5999984741211,82.69999694824219,81.0,82.30000305175781,8776414
2023-01-18,68.2235107421875,82.1500015258789,82.9000015258789,81.25,81.44999694824219,7980164
2023-01-19,69.13702392578125,83.25,83.4000015258789,81.9000015258789,82.1500015258789,9857262
2023-01-20,68.84636688232422,82.9000015258789,83.55000305175781,82.75,83.19999694824219,9411562
2023-01-23,69.3031234741211,83.44999694824219,83.5999984741211,82.5999984741211,83.1500015258789,6972772
2023-01-24,69.0539779663086,83.1500015258789,83.80000305175781,82.69999694824219,83.80000305175781,7069973
2023-01-25,68.51417541503906,82.5,83.4000015258789,82.30000305175781,82.9000015258789,8188678
2023-01-27,67.2684555053711,81.0,83.05000305175781,80.0,82.55000305175781,10838959
2023-01-30,67.89132690429688,81.75,82.5,80.4000015258789,81.0,10783051
2023-01-31,67.89132690429688,81.75,83.30000305175781,81.1500015258789,82.5,21752061
2023-02-01,66.27188873291016,79.80000305175781,81.94999694824219,78.3499984741211,81.69999694824219,20031377
2023-02-02,65.23379516601562,78.55000305175781,80.0,78.1500015258789,79.5999984741211,10817457
2023-02-03,65.15074920654297,78.44999694824219,78.9000015258789,76.9000015258789,78.9000015258789,11116563
2023-02-06,65.81513214111328,79.25,79.5999984741211,78.0999984741211,78.5,9507602
2023-02-07,65.64903259277344,79.05000305175781,79.75,78.6500015258789,79.25,6876198
2023-02-08,65.81513214111328,79.25,79.4000015258789,78.30000305175781,79.0,6093832
2023-02-09,66.10579681396484,79.5999984741211,80.69999694824219,78.9000015258789,79.19999694824219,8609974
2023-02-10,66.27188873291016,79.80000305175781,80.44999694824219,79.5,79.6500015258789,6286269
2023-02-13,66.02273559570312,79.5,80.25,79.25,80.0,6470826
2023-02-14,65.7320785522461,79.1500015258789,79.8499984741211,78.6500015258789,79.44999694824219,5013825
2023-02-15,66.02273559570312,79.5,79.75,78.44999694824219,78.44999694824219,3686045
2023-02-16,66.27188873291016,79.80000305175781,80.05000305175781,79.19999694824219,79.8499984741211,8603036
2023-02-17,66.89474487304688,80.55000305175781,81.05000305175781,79.5999984741211,79.9000015258789,9145422
2023-02-20,66.06427001953125,79.55000305175781,80.94999694824219,79.30000305175781,80.69999694824219,6867570
2023-02-21,65.77360534667969,79.19999694824219,80.25,79.0,80.0,4633296
2023-02-22,64.19570922851562,77.30000305175781,78.80000305175781,77.0999984741211,78.6500015258789,9878001
2023-02-23,64.1126480102539,77.19999694824219,77.9000015258789,76.75,77.69999694824219,6290065
2023-02-24,64.23722076416016,77.3499984741211,77.6500015258789,77.0999984741211,77.5,6103178
2023-02-27,63.821983337402344,76.8499984741211,77.4000015258789,76.19999694824219,77.3499984741211,6945215
2023-02-28,63.15761184692383,76.05000305175781,77.05000305175781,75.80000305175781,76.9000015258789,10000095
2023-03-01,63.9050407409668,76.94999694824219,77.19999694824219,75.8499984741211,76.0,6694749
2023-03-02,64.6939926147461,77.9000015258789,78.1500015258789,76.80000305175781,77.0,5273986
2023-03-03,64.9431381225586,78.19999694824219,78.44999694824219,77.69999694824219,78.1500015258789,5522499
2023-03-06,65.81513214111328,79.25,79.80000305175781,78.05000305175781,78.30000305175781,8582554
2023-03-08,65.77360534667969,79.19999694824219,79.3499984741211,78.5,78.75,5969771
2023-03-09,65.35836029052734,78.69999694824219,79.44999694824219,78.55000305175781,79.30000305175781,6135751
2023-03-10,65.52446746826172,78.9000015258789,79.25,77.5,78.5,6305111
2023-03-13,64.61093139648438,77.80000305175781,78.9000015258789,77.6500015258789,78.5,7151999
2023-03-14,64.52788543701172,77.69999694824219,78.0999984741211,77.25,77.8499984741211,8316642
2023-03-15,65.27531433105469,78.5999984741211,79.05000305175781,78.0,78.25,8183051
2023-03-16,66.35494232177734,79.9000015258789,80.44999694824219,78.75,79.0,27348566
2023-03-17,65.85665130615234,79.30000305175781,80.8499984741211,78.8499984741211,80.5999984741211,22904016
2023-03-20,66.93626403808594,80.5999984741211,80.69999694824219,78.69999694824219,79.19999694824219,18090005
2023-03-21,66.06427001953125,79.55000305175781,81.1500015258789,79.30000305175781,80.80000305175781,9942587
2023-03-22,66.10579681396484,79.5999984741211,79.94999694824219,79.0999984741211,79.80000305175781,8162089
2023-03-23,65.60750579833984,79.0,79.5999984741211,78.80000305175781,79.3499984741211,7065528
2023-03-24,65.1092300415039,78.4000015258789,79.19999694824219,78.0,78.8499984741211,10269895
2023-03-27,64.02960968017578,77.0999984741211,78.4000015258789,76.75,78.0,4845906
2023-03-28,63.86351013183594,76.9000015258789,77.4000015258789,75.75,76.9000015258789,7446988
2023-03-29,63.86351013183594,76.9000015258789,77.55000305175781,76.6500015258789,76.8499984741211,9921198
2023-03-31,64.6939926147461,77.9000015258789,78.3499984741211,77.19999694824219,77.30000305175781,9748505
2023-04-03,64.36178588867188,77.5,78.25,76.9000015258789,77.25,11416090
2023-04-05,64.07112884521484,77.1500015258789,78.25,77.0,78.05000305175781,6867318
2023-04-06,64.52788543701172,77.69999694824219,77.8499984741211,76.9000015258789,77.1500015258789,5063531
2023-04-10,64.61093139648438,77.80000305175781,78.19999694824219,77.4000015258789,77.69999694824219,5706517
2023-04-11,64.6939926147461,77.9000015258789,78.0999984741211,77.6500015258789,77.80000305175781,2998570
2023-04-12,64.77703857421875,78.0,78.19999694824219,77.55000305175781,77.9000015258789,4182972
2023-04-13,64.1126480102539,77.19999694824219,78.1500015258789,77.0,78.0,6411454
2023-04-17,64.15418243408203,77.25,77.44999694824219,76.80000305175781,77.19999694824219,7736935
2023-04-18,64.77703857421875,78.0,78.0999984741211,77.19999694824219,77.19999694824219,5096362
2023-04-19,65.23379516601562,78.55000305175781,78.75,77.69999694824219,77.94999694824219,7940271
2023-04-20,64.9431381225586,78.19999694824219,79.0999984741211,78.0999984741211,78.9000015258789,7789377
2023-04-21,64.98464965820312,78.25,78.75,77.8499984741211,78.75,5001767
2023-04-24,64.98464965820312,78.25,78.5999984741211,77.94999694824219,78.30000305175781,7060879
2023-04-25,65.15074920654297,78.44999694824219,78.8499984741211,78.05000305175781,78.25,4656411
2023-04-26,65.15074920654297,78.44999694824219,78.8499984741211,78.1500015258789,78.3499984741211,5090493
2023-04-27,66.81169128417969,80.44999694824219,80.75,78.55000305175781,78.55000305175781,17036886
2023-04-28,67.60064697265625,81.4000015258789,81.55000305175781,80.4000015258789,80.94999694824219,11996476
2023-05-02,68.2235107421875,82.1500015258789,82.69999694824219,81.4000015258789,81.75,11768608
2023-05-03,68.68025970458984,82.69999694824219,83.5999984741211,82.44999694824219,82.44999694824219,12067736
2023-05-04,69.17854309082031,83.30000305175781,84.5,82.9000015258789,83.0999984741211,15811123
2023-05-05,68.76332092285156,82.80000305175781,83.44999694824219,82.4000015258789,83.30000305175781,5895640
2023-05-08,69.13702392578125,83.25,83.44999694824219,82.4000015258789,83.0,6051050
2023-05-09,69.75988006591797,84.0,84.30000305175781,83.5,83.75,7286472
2023-05-10,69.96749877929688,84.25,84.5999984741211,83.8499984741211,84.5,7349573
2023-05-11,69.71834564208984,83.94999694824219,84.44999694824219,83.80000305175781,84.30000305175781,4455253
2023-05-12,69.38616943359375,83.55000305175781,84.1500015258789,83.3499984741211,83.8499984741211,4700410
2023-05-15,69.92597961425781,84.19999694824219,84.55000305175781,83.55000305175781,83.80000305175781,7167177
2023-05-16,72.25130462646484,87.0,87.6500015258789,85.0,85.4000015258789,44298431
2023-05-17,72.70806884765625,87.55000305175781,88.5999984741211,87.30000305175781,87.80000305175781,20861152
2023-05-18,71.42083740234375,86.0,87.75,85.80000305175781,87.5999984741211,16119484
2023-05-19,71.46236419677734,86.05000305175781,86.25,84.80000305175781,86.0,11201198
2023-05-22,72.3758773803711,87.1500015258789,87.30000305175781,85.30000305175781,86.05000305175781,9226502
2023-05-23,73.91226196289062,89.0,89.9000015258789,86.75,87.44999694824219,27392800
2023-05-24,74.45205688476562,89.6500015258789,89.9000015258789,88.75,89.0999984741211,19866440
2023-05-25,74.03682708740234,89.1500015258789,89.8499984741211,88.5999984741211,89.8499984741211,9684940
2023-05-26,74.90882873535156,90.19999694824219,90.30000305175781,89.0,89.19999694824219,9846321
2023-05-29,74.78426361083984,90.05000305175781,90.44999694824219,89.4000015258789,90.30000305175781,6891927
2023-05-30,74.99187469482422,90.30000305175781,90.94999694824219,89.80000305175781,90.0,9269698
2023-05-31,74.74273681640625,90.0,91.4000015258789,89.55000305175781,90.4000015258789,17157711
2023-06-01,75.15796661376953,90.5,91.1500015258789,89.9000015258789,90.5,11770478
2023-06-02,74.5766372680664,89.80000305175781,90.9000015258789,89.69999694824219,90.5,7123634
2023-06-05,74.11988067626953,89.25,90.0,88.6500015258789,89.9000015258789,9227005
2023-06-06,74.24444580078125,89.4000015258789,89.80000305175781,88.8499984741211,89.4000015258789,5740801
2023-06-07,75.4486312866211,90.8499984741211,91.0999984741211,89.5,89.55000305175781,11403972
2023-06-08,74.78426361083984,90.05000305175781,90.8499984741211,89.69999694824219,90.75,10809055
2023-06-09,74.99187469482422,90.30000305175781,91.6500015258789,90.1500015258789,90.19999694824219,9921823
2023-06-12,76.27911376953125,91.8499984741211,92.0,90.19999694824219,90.69999694824219,10813997
2023-06-13,76.32064819335938,91.9000015258789,93.0999984741211,91.69999694824219,92.8499984741211,19796495
2023-06-14,77.35872650146484,93.1500015258789,93.5,92.0,92.19999694824219,19246845
2023-06-15,77.15110778808594,92.9000015258789,93.69999694824219,92.5999984741211,93.30000305175781,8742159
2023-06-16,76.52825927734375,92.1500015258789,93.19999694824219,91.9000015258789,93.0,15146569
2023-06-19,76.32064819335938,91.9000015258789,92.8499984741211,91.6500015258789,92.1500015258789,6800507
2023-06-20,76.32064819335938,91.9000015258789,92.5999984741211,91.30000305175781,91.9000015258789,9394894
2023-06-21,76.4036865234375,92.0,92.8499984741211,91.69999694824219,91.94999694824219,9499893
2023-06-22,76.4036865234375,92.0,92.8499984741211,91.75,92.0,9694937
2023-06-23,74.1613998413086,89.30000305175781,92.4000015258789,88.8499984741211,92.30000305175781,18134295
2023-06-26,74.36902618408203,89.55000305175781,89.94999694824219,88.69999694824219,89.30000305175781,10963542
2023-06-27,74.20291900634766,89.3499984741211,90.5,88.9000015258789,89.75,10668117
2023-06-28,75.28253936767578,90.6500015258789,91.1500015258789,89.0,89.69999694824219,14388441
2023-06-30,75.82234191894531,91.30000305175781,91.94999694824219,90.6500015258789,90.94999694824219,12595671
2023-07-03,79.10272979736328,95.25,96.0999984741211,91.30000305175781,91.5999984741211,32972732
2023-07-04,78.60443878173828,94.6500015258789,96.4000015258789,94.3499984741211,96.0,11918401
2023-07-05,79.31034088134766,95.5,95.69999694824219,93.4000015258789,95.1500015258789,14283796
2023-07-06,81.88481903076172,98.5999984741211,98.80000305175781,96.0,96.0,32778334
2023-07-07,82.38309478759766,99.19999694824219,101.25,98.80000305175781,99.44999694824219,37546405
2023-07-10,80.88824462890625,97.4000015258789,101.44999694824219,97.0999984741211,101.0,24042759
2023-07-11,81.46956634521484,98.0999984741211,98.9000015258789,96.9000015258789,97.80000305175781,17508261
2023-07-12,81.3034896850586,97.9000015258789,99.3499984741211,97.69999694824219,98.25,14979586
2023-07-13,79.89167022705078,96.19999694824219,98.69999694824219,96.0,98.4000015258789,11491737
2023-07-14,80.22386169433594,96.5999984741211,97.6500015258789,95.80000305175781,96.5,24048036
2023-07-17,80.84671783447266,97.3499984741211,97.9000015258789,96.9000015258789,97.4000015258789,19126927
2023-07-18,81.0543441772461,97.5999984741211,98.4000015258789,97.19999694824219,98.05000305175781,9527821
2023-07-19,81.59414672851562,98.25,99.05000305175781,97.69999694824219,98.0,15283446
2023-07-20,82.00938415527344,98.75,99.30000305175781,98.44999694824219,98.69999694824219,8940131
2023-07-21,82.50767517089844,99.3499984741211,99.8499984741211,98.5999984741211,98.8499984741211,18598910
2023-07-24,82.92290496826172,99.8499984741211,100.69999694824219,99.5,99.80000305175781,19073238
2023-07-25,82.21700286865234,99.0,100.25,98.69999694824219,99.94999694824219,11983867
2023-07-26,82.71530151367188,99.5999984741211,100.19999694824219,98.8499984741211,99.8499984741211,14912431
2023-07-27,81.88481903076172,98.5999984741211,100.44999694824219,98.0999984741211,100.4000015258789,16349608
2023-07-28,81.58503723144531,95.25,96.5999984741211,94.25,96.19999694824219,27278447
2023-07-31,80.30022430419922,93.75,96.19999694824219,93.0,96.0,25418124
2023-08-01,80.51435089111328,94.0,94.75,93.30000305175781,93.80000305175781,16132927
2023-08-02,80.38587188720703,93.8499984741211,94.6500015258789,93.0,94.4000015258789,16780965
2023-08-03,80.0860824584961,93.5,94.19999694824219,93.1500015258789,93.9000015258789,8703991
2023-08-04,79.0582504272461,92.30000305175781,93.9000015258789,92.05000305175781,93.55000305175781,10743670
2023-08-07,79.52934265136719,92.8499984741211,93.0,92.0,92.44999694824219,6947500
2023-08-08,79.10108184814453,92.3499984741211,93.44999694824219,91.94999694824219,93.0,14652588
2023-08-09,80.4287109375,93.9000015258789,94.05000305175781,92.19999694824219,92.44999694824219,9339961
2023-08-10,80.38587188720703,93.8499984741211,94.30000305175781,93.5,93.9000015258789,6480305
2023-08-11,80.0860824584961,93.5,94.30000305175781,93.3499984741211,94.0,9294868
2023-08-14,79.3152084350586,92.5999984741211,93.55000305175781,91.5,93.5,6762888
2023-08-16,79.91478729248047,93.30000305175781,93.44999694824219,92.05000305175781,92.5999984741211,7026509
2023-08-17,79.01541900634766,92.25,93.5,92.0,93.30000305175781,6856243
2023-08-18,78.28736114501953,91.4000015258789,92.3499984741211,91.0999984741211,92.1500015258789,7603578
2023-08-21,78.8012924194336,92.0,92.1500015258789,90.75,91.30000305175781,7450923
2023-08-22,78.67280578613281,91.8499984741211,92.4000015258789,91.6500015258789,92.4000015258789,5274379
2023-08-23,78.20170593261719,91.30000305175781,92.0,91.19999694824219,91.8499984741211,6805550
2023-08-24,79.01541900634766,92.25,93.25,91.55000305175781,91.69999694824219,9936618
2023-08-25,78.6299819946289,91.80000305175781,93.19999694824219,91.6500015258789,91.94999694824219,7021529
2023-08-28,78.71564483642578,91.9000015258789,92.5,91.69999694824219,92.25,6866040
2023-08-29,78.71564483642578,91.9000015258789,92.4000015258789,91.5999984741211,92.05000305175781,6510089
2023-08-30,77.7306137084961,90.75,91.5,90.5999984741211,91.5,10926964
2023-08-31,76.31733703613281,89.0999984741211,91.55000305175781,88.94999694824219,90.75,15918998
2023-09-01,76.27450561523438,89.05000305175781,90.0,88.75,89.3499984741211,14735373
2023-09-04,77.13105010986328,90.05000305175781,90.5,89.30000305175781,89.30000305175781,13063008
2023-09-05,78.2445297241211,91.3499984741211,91.69999694824219,90.4000015258789,90.55000305175781,12849665
2023-09-06,78.2445297241211,91.3499984741211,91.69999694824219,90.5,91.44999694824219,8805552
2023-09-07,78.54432678222656,91.69999694824219,91.9000015258789,91.05000305175781,91.44999694824219,7697172
2023-09-08,80.51435089111328,94.0,94.94999694824219,91.55000305175781,92.19999694824219,29294769
2023-09-11,81.54219818115234,95.19999694824219,96.0,94.0999984741211,95.5,23997873
2023-09-12,78.41584777832031,91.55000305175781,95.9000015258789,91.3499984741211,95.9000015258789,21373206
2023-09-13,79.74347686767578,93.0999984741211,93.5,91.3499984741211,91.9000015258789,11716054
2023-09-14,81.07110595703125,94.6500015258789,95.0999984741211,93.1500015258789,93.5999984741211,16430876
2023-09-15,78.75845336914062,91.94999694824219,94.55000305175781,91.75,94.3499984741211,35184771
2023-09-18,79.3152084350586,92.5999984741211,93.4000015258789,91.80000305175781,92.80000305175781,17302409
2023-09-20,78.67280578613281,91.8499984741211,92.94999694824219,91.4000015258789,92.44999694824219,18228395
2023-09-21,79.44368743896484,92.75,93.1500015258789,91.80000305175781,91.9000015258789,15173388
2023-09-22,79.01541900634766,92.25,93.3499984741211,92.0,92.80000305175781,10983768
2023-09-25,78.75845336914062,91.94999694824219,92.5999984741211,91.80000305175781,92.5,10885789
2023-09-26,78.8012924194336,92.0,92.80000305175781,91.9000015258789,92.19999694824219,8786944
2023-09-27,77.43082427978516,90.4000015258789,92.4000015258789,90.0999984741211,92.05000305175781,17576586
2023-09-28,76.91690826416016,89.80000305175781,91.4000015258789,89.5,90.80000305175781,17116633
2023-09-29,77.90192413330078,90.94999694824219,91.1500015258789,90.25,90.5999984741211,7353379
2023-10-03,77.08821868896484,90.0,91.4000015258789,89.80000305175781,91.4000015258789,12491467
2023-10-04,76.31733703613281,89.0999984741211,90.1500015258789,88.69999694824219,90.0,10554372
2023-10-05,76.78842163085938,89.6500015258789,90.75,89.19999694824219,90.44999694824219,9293183
2023-10-06,76.87408447265625,89.75,90.0,89.3499984741211,90.0,8500414
2023-10-09,74.904052734375,87.44999694824219,88.5999984741211,87.0,88.44999694824219,10345543
2023-10-10,75.67494201660156,88.3499984741211,88.55000305175781,87.30000305175781,87.44999694824219,9460129
2023-10-11,76.83125305175781,89.69999694824219,90.25,88.6500015258789,89.0,12124613
2023-10-12,77.34517669677734,90.30000305175781,90.69999694824219,89.8499984741211,89.8499984741211,9922340
2023-10-13,77.81626892089844,90.8499984741211,91.25,90.05000305175781,90.30000305175781,12881848
2023-10-16,77.85910034179688,90.9000015258789,91.1500015258789,90.19999694824219,91.0,8631278
2023-10-17,78.67280578613281,91.8499984741211,92.30000305175781,90.75,91.0,13355267
2023-10-18,77.7306137084961,90.75,92.5,90.5,92.5,11466227
2023-10-19,77.64496612548828,90.6500015258789,90.9000015258789,90.0999984741211,90.1500015258789,6724121
2023-10-20,77.34517669677734,90.30000305175781,90.8499984741211,89.5,90.55000305175781,8772287
2023-10-23,75.33230590820312,87.94999694824219,90.30000305175781,87.6500015258789,90.30000305175781,9592121
2023-10-25,75.03253173828125,87.5999984741211,89.19999694824219,86.80000305175781,88.44999694824219,9057651
2023-10-26,73.83338165283203,86.19999694824219,87.80000305175781,85.5,87.55000305175781,10108394
2023-10-27,74.43295288085938,86.9000015258789,87.5,86.55000305175781,86.55000305175781,6454064
2023-10-30,75.58927917480469,88.25,88.5999984741211,86.75,87.44999694824219,10175983
2023-10-31,76.83125305175781,89.69999694824219,90.0,87.6500015258789,89.0,29025469
2023-11-01,79.18672943115234,92.44999694824219,93.0,90.44999694824219,92.0,54027867
2023-11-02,81.4137191772461,95.05000305175781,96.5,93.30000305175781,93.8499984741211,63995437
2023-11-03,82.14178466796875,95.9000015258789,96.75,95.4000015258789,96.5,34490201
2023-11-06,84.79703521728516,99.0,100.5,96.5999984741211,97.0,63500708
2023-11-07,89.12255096435547,104.05000305175781,104.30000305175781,98.75,100.0,79534919
2023-11-08,88.6086196899414,103.44999694824219,106.9000015258789,103.05000305175781,105.4000015258789,69412828
2023-11-09,88.18035125732422,102.94999694824219,104.5,102.5,104.0999984741211,32091128
2023-11-10,88.2703857421875,98.05000305175781,98.8499984741211,97.4000015258789,97.8499984741211,28403392
2023-11-13,89.1256332397461,99.0,99.25,97.55000305175781,98.30000305175781,23502134
2023-11-15,91.55632019042969,101.69999694824219,102.0,99.1500015258789,100.0,35721107
2023-11-16,93.71694946289062,104.0999984741211,105.1500015258789,101.69999694824219,102.0,43421272
2023-11-17,92.45658874511719,102.69999694824219,106.30000305175781,101.5,105.0,50796419
2023-11-20,92.59162902832031,102.8499984741211,103.94999694824219,102.0,103.0,16980763
2023-11-21,90.97116088867188,101.05000305175781,103.19999694824219,100.8499984741211,103.0,20429383
2023-11-22,91.15120697021484,101.25,102.69999694824219,100.3499984741211,101.0,16652996
2023-11-23,93.4468765258789,103.80000305175781,104.19999694824219,100.75,102.0,18589035
2023-11-24,93.13177490234375,103.44999694824219,105.30000305175781,103.0,104.0999984741211,26009963
2023-11-28,97.40800476074219,108.19999694824219,108.5999984741211,104.0999984741211,104.69999694824219,61127565
2023-11-29,97.72309875488281,108.55000305175781,109.75,107.44999694824219,108.69999694824219,36828919
2023-11-30,100.60392761230469,111.75,112.5,107.0999984741211,108.55000305175781,46269884
2023-12-01,100.15379333496094,111.25,113.94999694824219,110.5999984741211,112.8499984741211,24131009
2023-12-04,104.33999633789062,115.9000015258789,118.1500015258789,113.0999984741211,114.5,50645500
2023-12-05,105.96046447753906,117.69999694824219,120.0,115.5999984741211,120.0,47272168
2023-12-06,107.40088653564453,119.30000305175781,119.94999694824219,117.4000015258789,118.80000305175781,31094949
2023-12-07,109.24641418457031,121.3499984741211,122.5,119.55000305175781,120.30000305175781,38173544
2023-12-08,106.95075225830078,118.80000305175781,122.44999694824219,117.3499984741211,122.1500015258789,22610433
2023-12-11,105.7804183959961,117.5,121.0,116.5999984741211,119.9000015258789,28917089
2023-12-12,105.82543182373047,117.55000305175781,118.9000015258789,116.9000015258789,118.0,15735665
2023-12-13,107.71598052978516,119.6500015258789,119.8499984741211,118.05000305175781,118.5,23660687
2023-12-14,108.12109375,120.0999984741211,120.5,119.3499984741211,120.5,20038925
2023-12-15,111.45205688476562,123.80000305175781,124.94999694824219,119.6500015258789,120.30000305175781,43200717
2023-12-18,111.94718933105469,124.3499984741211,125.80000305175781,123.19999694824219,124.44999694824219,19345644
2023-12-19,112.26227569580078,124.69999694824219,125.94999694824219,124.19999694824219,125.0,22074723
2023-12-20,108.07608032226562,120.05000305175781,126.4000015258789,119.0,125.5999984741211,27660494
2023-12-21,111.76714324951172,124.1500015258789,124.5,117.3499984741211,118.0,20805929
2023-12-22,111.36201477050781,123.69999694824219,125.0,122.0999984741211,124.25,12915880
2023-12-26,115.27814483642578,128.0500030517578,128.5,123.5999984741211,123.9000015258789,30770511
2023-12-27,113.9727783203125,126.5999984741211,128.89999389648438,125.44999694824219,128.39999389648438,16455934
2023-12-28,119.9594955444336,133.25,133.9499969482422,126.5,127.0,54672874
2023-12-29,116.89862823486328,129.85000610351562,132.0500030517578,128.3000030517578,129.6999969482422,30650133
2024-01-01,117.3037338256836,130.3000030517578,132.5,130.0,132.10000610351562,18629028
2024-01-02,117.52879333496094,130.5500030517578,131.4499969482422,128.60000610351562,131.0,17271309
2024-01-03,119.46434783935547,132.6999969482422,133.85000610351562,130.3000030517578,130.5500030517578,24221613
2024-01-04,118.11396026611328,131.1999969482422,132.0,128.8000030517578,132.0,23880980
2024-01-05,119.46434783935547,132.6999969482422,134.60000610351562,131.5500030517578,132.8000030517578,21903222
2024-01-08,119.41932678222656,132.64999389648438,136.10000610351562,132.25,134.0,26199907
2024-01-09,118.744140625,131.89999389648438,134.89999389648438,131.5500030517578,134.89999389648438,15051378
2024-01-10,117.52879333496094,130.5500030517578,131.0,128.5,130.9499969482422,17547639
2024-01-11,119.9594955444336,133.25,133.89999389648438,131.10000610351562,131.35000610351562,21653666
2024-01-12,121.8050308227539,135.3000030517578,135.85000610351562,132.75,133.4499969482422,24471509
2024-01-15,123.92061614990234,137.64999389648438,138.0,135.1999969482422,136.4499969482422,22824583
2024-01-16,129.2771759033203,143.60000610351562,144.35000610351562,137.5,138.25,54350562
2024-01-17,129.72732543945312,144.10000610351562,145.39999389648438,141.5500030517578,143.0,43031636
2024-01-18,130.08740234375,144.5,145.64999389648438,139.89999389648438,143.8000030517578,26958686
2024-01-19,133.82347106933594,148.64999389648438,149.3000030517578,143.8000030517578,145.10000610351562,23970656
2024-01-23,125.0909652709961,138.9499969482422,151.8000030517578,137.85000610351562,151.5,38167576
2024-01-24,129.1421356201172,143.4499969482422,145.25,138.0500030517578,138.9499969482422,40122151
2024-01-25,129.36720275878906,143.6999969482422,145.89999389648438,142.0,145.89999389648438,38252600
2024-01-29,132.06796264648438,146.6999969482422,148.39999389648438,143.5,143.6999969482422,28420760
2024-01-30,132.96823120117188,147.6999969482422,152.1999969482422,146.5,148.39999389648438,41378967
2024-01-31,132.29302978515625,146.9499969482422,150.10000610351562,146.10000610351562,147.8000030517578,27393172
2024-02-01,134.8137664794922,149.75,150.6999969482422,147.0500030517578,148.5,27883335
2024-02-02,146.6521759033203,162.89999389648438,166.8000030517578,151.0500030517578,151.89999389648438,94675914
2024-02-05,156.60003662109375,173.9499969482422,177.1999969482422,164.6999969482422,167.9499969482422,101043319
2024-02-06,166.09776306152344,184.5,186.0,171.35000610351562,176.5500030517578,97077698
2024-02-07,167.85325622558594,186.4499969482422,192.64999389648438,185.0500030517578,188.1999969482422,82890137
2024-02-08,173.2097930908203,192.39999389648438,196.8000030517578,186.75,187.89999389648438,83103687
2024-02-09,164.2972412109375,182.5,193.85000610351562,177.75,193.39999389648438,84137345
2024-02-12,157.9053955078125,175.39999389648438,184.35000610351562,173.14999389648438,182.5,54071070
2024-02-13,157.05015563964844,174.4499969482422,177.4499969482422,172.35000610351562,174.9499969482422,37121416
2024-02-14,165.24252319335938,183.5500030517578,184.35000610351562,170.89999389648438,173.0,52764452
2024-02-15,170.91415405273438,189.85000610351562,191.35000610351562,183.5,185.0,70678699
2024-02-16,168.34840393066406,187.0,194.10000610351562,186.14999389648438,190.0,54056644
2024-02-19,169.6988067626953,188.5,190.89999389648438,186.39999389648438,188.60000610351562,30664067
2024-02-20,169.9238739013672,188.75,189.6999969482422,183.8000030517578,187.5,34936800
2024-02-21,164.11720275878906,182.3000030517578,190.6999969482422,181.10000610351562,189.60000610351562,22131487
2024-02-22,161.77650451660156,179.6999969482422,181.5,175.39999389648438,181.5,39618423
2024-02-23,158.31053161621094,175.85000610351562,180.6999969482422,175.0500030517578,179.6999969482422,31342100
2024-02-26,159.7959442138672,177.5,178.8000030517578,172.5500030517578,175.89999389648438,36264939
2024-02-27,155.9698486328125,173.25,178.35000610351562,172.10000610351562,177.5,27603342
2024-02-28,150.7033233642578,167.39999389648438,173.4499969482422,166.6999969482422,172.5,35971734
2024-02-29,149.03785705566406,165.5500030517578,168.4499969482422,164.35000610351562,167.39999389648438,52797150
2024-03-01,152.5038299560547,169.39999389648438,171.8000030517578,167.39999389648438,167.9499969482422,33401242
2024-03-04,157.77035522460938,175.25,176.4499969482422,170.5,172.1999969482422,28643745
2024-03-05,158.31053161621094,175.85000610351562,177.3000030517578,174.5500030517578,176.4499969482422,21719198
2024-03-06,159.66091918945312,177.35000610351562,178.1999969482422,172.10000610351562,176.1999969482422,37730619
2024-03-07,157.18519592285156,174.60000610351562,178.35000610351562,174.0,177.35000610351562,17880714
2024-03-11,156.8701171875,174.25,177.5,172.10000610351562,173.9499969482422,22843402
2024-03-12,155.65475463867188,172.89999389648438,175.89999389648438,171.4499969482422,175.0,20208400
2024-03-13,147.0572967529297,163.35000610351562,173.89999389648438,161.75,173.0,26725350
2024-03-14,153.3590850830078,170.35000610351562,171.39999389648438,160.60000610351562,161.25,25912125
2024-03-15,144.94166564941406,161.0,168.6999969482422,153.60000610351562,166.0,108719847
2024-03-18,144.76161193847656,160.8000030517578,163.25,160.14999389648438,162.5500030517578,22670787
2024-03-19,139.76519775390625,155.25,158.89999389648438,154.25,158.89999389648438,50547948
2024-03-20,142.46595764160156,158.25,158.5500030517578,155.0,156.0,23956154
2024-03-21,148.0925750732422,164.5,164.75,159.8000030517578,161.0,26756447
2024-03-22,148.677734375,165.14999389648438,167.14999389648438,163.5500030517578,165.6999969482422,25141774
2024-03-26,150.74835205078125,167.4499969482422,168.75,163.5500030517578,164.35000610351562,21189137
2024-03-27,149.62303161621094,166.1999969482422,171.4499969482422,165.35000610351562,169.0,31466480
2024-03-28,151.0184326171875,167.75,169.5,166.6999969482422,166.75,17007401
2024-04-01,152.36880493164062,169.25,171.25,168.75,169.9499969482422,14548989
2024-04-02,156.82508850097656,174.1999969482422,174.5,169.3000030517578,169.39999389648438,29081495
2024-04-03,156.37496948242188,173.6999969482422,175.1999969482422,173.14999389648438,174.1999969482422,18996701
2024-04-04,152.72891235351562,169.64999389648438,174.9499969482422,169.0500030517578,174.0,17913673
2024-04-05,151.2434844970703,168.0,168.85000610351562,164.60000610351562,168.8000030517578,26551221
2024-04-08,153.31410217285156,170.3000030517578,171.85000610351562,168.75,169.0,14541348
2024-04-09,152.0537109375,168.89999389648438,170.85000610351562,168.0,170.5,10074537
2024-04-10,155.78981018066406,173.0500030517578,174.1999969482422,168.89999389648438,169.0,26458888
2024-04-12,153.1790313720703,170.14999389648438,173.4499969482422,169.75,172.9499969482422,23635268
2024-04-15,149.80307006835938,166.39999389648438,169.9499969482422,162.64999389648438,166.8000030517578,30165832
2024-04-16,152.14373779296875,169.0,170.8000030517578,165.5,166.39999389648438,19347109
2024-04-18,152.14373779296875,169.0,175.10000610351562,168.0500030517578,172.3000030517578,29756025
2024-04-19,150.02813720703125,166.64999389648438,167.5,162.1999969482422,163.5,28613815
2024-04-22,153.854248046875,170.89999389648438,172.1999969482422,168.5,169.9499969482422,19022799
2024-04-23,151.33351135253906,168.10000610351562,173.6999969482422,167.9499969482422,173.6999969482422,19730937
2024-04-24,151.91868591308594,168.75,170.60000610351562,167.5500030517578,169.39999389648438,17496649
2024-04-25,153.2240753173828,170.1999969482422,171.0,168.75,169.4499969482422,14757776
2024-04-26,154.4394073486328,171.5500030517578,172.60000610351562,169.85000610351562,170.6999969482422,17306072
2024-04-29,159.12075805664062,176.75,178.0,172.1999969482422,173.0,40527426
2024-04-30,152.0087127685547,168.85000610351562,179.8000030517578,167.85000610351562,179.5,67530236
2024-05-02,156.10488891601562,173.39999389648438,174.60000610351562,168.25,172.0,60555113
2024-05-03,153.7191925048828,170.75,174.89999389648438,169.39999389648438,174.8000030517578,30968452
2024-05-06,149.6680450439453,166.25,172.0,165.10000610351562,171.85000610351562,28686100
2024-05-07,144.04141235351562,160.0,168.1999969482422,159.5,167.5,40995072
2024-05-08,146.87722778320312,163.14999389648438,164.3000030517578,159.64999389648438,161.5,28458714
2024-05-09,140.98056030273438,156.60000610351562,163.0,156.0500030517578,163.0,27225782
2024-05-10,143.09613037109375,158.9499969482422,160.14999389648438,155.5500030517578,158.5,24021566
2024-05-13,142.42095947265625,158.1999969482422,160.6999969482422,154.75,159.85000610351562,28720880
2024-05-14,143.45626831054688,159.35000610351562,160.6999969482422,157.0500030517578,158.1999969482422,17592865
2024-05-15,145.66188049316406,161.8000030517578,162.60000610351562,159.75,160.60000610351562,17906679
2024-05-16,146.607177734375,162.85000610351562,164.39999389648438,161.14999389648438,163.0500030517578,23017120
2024-05-17,147.68746948242188,164.0500030517578,164.60000610351562,162.64999389648438,162.85000610351562,13305287
2024-05-21,150.25320434570312,166.89999389648438,168.39999389648438,163.5500030517578,165.0,26148240
2024-05-22,150.2982177734375,166.9499969482422,168.1999969482422,164.25,168.1999969482422,20053145
2024-05-23,151.198486328125,167.9499969482422,169.35000610351562,166.6999969482422,167.5,17423296
2024-05-24,151.96368408203125,168.8000030517578,170.4499969482422,167.3000030517578,167.89999389648438,17579600
2024-05-27,152.0537109375,168.89999389648438,170.4499969482422,166.8000030517578,169.10000610351562,14367479
2024-05-28,150.38824462890625,167.0500030517578,169.8000030517578,165.8000030517578,169.10000610351562,12934677
2024-05-29,148.58773803710938,165.0500030517578,166.89999389648438,164.5,166.0,12374782
2024-05-30,145.79693603515625,161.9499969482422,165.25,161.35000610351562,164.6999969482422,13980050
2024-05-31,146.2020263671875,162.39999389648438,163.75,161.0500030517578,163.39999389648438,34520338
2024-06-03,157.8153839111328,175.3000030517578,176.39999389648438,168.0,170.8000030517578,62214295
2024-06-04,139.08999633789062,154.5,177.0,149.0,177.0,88989411
2024-06-05,143.3662109375,159.25,159.89999389648438,147.8000030517578,158.5,36919071
2024-06-06,147.28236389160156,163.60000610351562,168.10000610351562,162.14999389648438,164.0,35722401
2024-06-07,147.822509765625,164.1999969482422,164.5500030517578,161.39999389648438,163.6999969482422,33444357
2024-06-10,148.73178100585938,165.2100067138672,166.39999389648438,164.10000610351562,165.6999969482422,19825323
2024-06-11,150.95541381835938,167.67999267578125,169.0,164.3000030517578,165.89999389648438,28559865
2024-06-12,151.9997100830078,168.83999633789062,171.24000549316406,168.50999450683594,169.0,28047986
2024-06-13,152.09873962402344,168.9499969482422,170.1999969482422,168.0500030517578,170.0,17279580
2024-06-14,153.36810302734375,170.36000061035156,172.10000610351562,169.16000366210938,169.1999969482422,22000973
2024-06-18,152.67489624023438,169.58999633789062,171.89999389648438,169.0,171.89999389648438,17723479
2024-06-19,150.1181640625,166.75,170.3000030517578,166.0500030517578,170.0,18053095
2024-06-20,152.11672973632812,168.97000122070312,169.72000122070312,166.10000610351562,167.35000610351562,15794096
2024-06-21,150.00111389160156,166.6199951171875,169.5,166.25999450683594,169.19000244140625,19269862
2024-06-24,149.7130584716797,166.3000030517578,167.69000244140625,164.7100067138672,166.6199951171875,13445384
2024-06-25,147.9755401611328,164.3699951171875,167.13999938964844,164.0500030517578,166.97999572753906,14775324
2024-06-26,147.8855438232422,164.27000427246094,165.24000549316406,164.0,165.14999389648438,10441389
2024-06-27,147.26434326171875,163.5800018310547,164.8800048828125,162.17999267578125,164.5,24654739
2024-06-28,149.10987854003906,165.6300048828125,166.63999938964844,163.8000030517578,163.89999389648438,15335579
2024-07-01,150.93739318847656,167.66000366210938,167.9499969482422,165.6199951171875,166.0,19014104
2024-07-02,151.51356506347656,168.3000030517578,169.7100067138672,167.00999450683594,168.0,31012683
2024-07-03,152.42282104492188,169.30999755859375,169.8000030517578,167.75,169.39999389648438,20184032
2024-07-04,153.19703674316406,170.1699981689453,171.3000030517578,169.17999267578125,170.10000610351562,26156046
2024-07-05,154.1963348388672,171.27999877929688,171.94000244140625,169.7100067138672,170.89999389648438,26431264
2024-07-08,153.10704040527344,170.07000732421875,172.80999755859375,169.75,172.2100067138672,30322381
2024-07-09,154.54745483398438,171.6699981689453,172.6999969482422,170.5,171.2899932861328,28600182
2024-07-10,154.75448608398438,171.89999389648438,172.49000549316406,167.1999969482422,172.3000030517578,34673112
2024-07-11,157.04116821289062,174.44000244140625,175.8000030517578,172.25,172.89999389648438,55143055
2024-07-12,156.66598510742188,167.0399932861328,169.25,166.11000061035156,168.49000549316406,35355791
2024-07-15,159.1608123779297,169.6999969482422,170.32000732421875,166.39999389648438,167.5,32915517
2024-07-16,160.13621520996094,170.74000549316406,172.3000030517578,169.25,169.5,33837471
2024-07-18,159.07638549804688,169.61000061035156,171.66000366210938,168.66000366210938,170.0,22673600
2024-07-19,155.21226501464844,165.49000549316406,170.89999389648438,165.14999389648438,170.89999389648438,26361146
2024-07-22,157.7445831298828,168.19000244140625,169.0,163.8800048828125,165.49000549316406,17140562
2024-07-23,155.5217742919922,165.82000732421875,169.35000610351562,160.66000366210938,169.35000610351562,21714840
2024-07-24,158.30731201171875,168.7899932861328,169.25,165.55999755859375,165.82000732421875,16076455
2024-07-25,165.8667449951172,176.85000610351562,177.55999755859375,166.5399932861328,166.88999938964844,75894556
2024-07-26,165.58538818359375,176.5500030517578,178.9199981689453,175.5500030517578,178.33999633789062,27261949
2024-07-29,169.18690490722656,180.38999938964844,181.6999969482422,178.0,178.0,42913186
2024-07-30,171.58790588378906,182.9499969482422,185.97000122070312,178.30999755859375,180.0,75819147
2024-07-31,170.3874053955078,181.6699981689453,184.85000610351562,180.0800018310547,183.5,32726809
2024-08-01,168.56787109375,179.72999572753906,182.49000549316406,177.8699951171875,182.0,26184112
2024-08-02,166.27940368652344,177.2899932861328,179.2899932861328,174.63999938964844,178.0,27097002
2024-08-05,159.9955291748047,170.58999633789062,174.8800048828125,166.99000549316406,172.0,37579908
2024-08-06,156.6378631591797,167.00999450683594,174.39999389648438,166.27999877929688,172.0,18084781
2024-08-07,161.5242919921875,172.22000122070312,172.5,169.07000732421875,171.24000549316406,15591095
2024-08-08,159.65786743164062,170.22999572753906,172.1199951171875,169.1999969482422,171.99000549316406,14932165
2024-08-09,158.5886993408203,169.08999633789062,173.0,168.8000030517578,172.10000610351562,14137851
2024-08-12,158.6543426513672,169.16000366210938,171.0,167.7899932861328,168.0,11563339
2024-08-13,153.92733764648438,164.1199951171875,168.69000244140625,163.00999450683594,168.30999755859375,16620160
2024-08-14,153.57095336914062,163.74000549316406,165.63999938964844,163.10000610351562,165.00999450683594,14369897
2024-08-16,156.7879180908203,167.1699981689453,167.4499969482422,164.85000610351562,165.25,10622879
2024-08-19,159.5172119140625,170.0800018310547,170.80999755859375,169.32000732421875,170.0,11457875
2024-08-20,161.53366088867188,172.22999572753906,173.39999389648438,171.02999877929688,171.99000549316406,15526789
2024-08-21,163.090576171875,173.88999938964844,174.85000610351562,172.11000061035156,173.0,15640289
2024-08-22,162.9967803955078,173.7899932861328,175.49000549316406,173.39999389648438,174.8800048828125,11809546
2024-08-23,162.37779235839844,173.1300048828125,175.49000549316406,172.6699981689453,173.60000610351562,13815705
2024-08-26,162.68728637695312,173.4600067138672,174.3699951171875,172.39999389648438,174.0,8952470
2024-08-27,162.49032592773438,173.25,174.6300048828125,171.75,172.8000030517578,11132430
2024-08-28,162.9592742919922,173.75,176.5,173.22999572753906,173.25,14449023
2024-08-29,165.8573760986328,176.83999633789062,177.3000030517578,173.16000366210938,173.88999938964844,21375638
2024-08-30,165.97930908203125,176.97000122070312,178.77999877929688,176.1199951171875,178.0,22288432
2024-09-02,167.62998962402344,178.72999572753906,181.1999969482422,177.00999450683594,179.25,26940504
2024-09-03,165.19146728515625,176.1300048828125,178.91000366210938,175.60000610351562,178.60000610351562,11874065
2024-09-04,166.03558349609375,177.02999877929688,179.6999969482422,176.11000061035156,177.0,23923887
2024-09-05,170.07789611816406,181.33999633789062,184.0,177.91000366210938,178.64999389648438,46162315
2024-09-06,165.66978454589844,176.63999938964844,181.2899932861328,174.6999969482422,181.08999633789062,31875186
2024-09-09,164.45053100585938,175.33999633789062,177.2100067138672,173.64999389648438,175.5,15121584
2024-09-10,164.64749145507812,175.5500030517578,176.74000549316406,174.5500030517578,176.11000061035156,14875095
2024-09-11,159.1983184814453,169.74000549316406,177.88999938964844,169.08999633789062,176.99000549316406,29731172
2024-09-12,162.49969482421875,173.25999450683594,173.6999969482422,170.07000732421875,171.49000549316406,18368650
2024-09-13,162.43405151367188,173.19000244140625,176.0,172.4499969482422,173.25,15061240
2024-09-16,161.14913940429688,171.82000732421875,174.11000061035156,171.58999633789062,173.8000030517578,8492383
2024-09-17,159.9204864501953,170.50999450683594,171.9499969482422,170.0500030517578,171.32000732421875,6417946
2024-09-18,157.98843383789062,168.4499969482422,171.05999755859375,167.60000610351562,170.60000610351562,10726650
2024-09-19,154.79019165039062,165.0399932861328,169.94000244140625,162.19000244140625,168.88999938964844,19197503
2024-09-20,156.6753692626953,167.0500030517578,167.75,165.0,165.39999389648438,20652037
2024-09-23,159.1889190673828,169.72999572753906,170.1999969482422,167.0,167.5500030517578,9393577
2024-09-24,159.33900451660156,169.88999938964844,170.9499969482422,168.8000030517578,169.1699981689453,10027795
2024-09-25,159.2733612060547,169.82000732421875,170.94000244140625,168.5,169.60000610351562,8749024
2024-09-26,160.7176971435547,171.36000061035156,171.89999389648438,168.61000061035156,170.2100067138672,11349547
2024-09-27,168.83050537109375,180.00999450683594,180.75,171.5,171.60000610351562,52095985
2024-09-30,168.96180725097656,180.14999389648438,182.4600067138672,176.1699981689453,179.7100067138672,33375167
2024-10-01,167.9394989013672,179.05999755859375,181.33999633789062,177.27000427246094,180.0,17390545
2024-10-03,160.6895751953125,171.3300018310547,176.1999969482422,170.72999572753906,173.22000122070312,25392543
2024-10-04,158.17601013183594,168.64999389648438,170.49000549316406,165.60000610351562,169.5,25223563
2024-10-07,152.633056640625,162.74000549316406,170.7899932861328,162.10000610351562,170.7899932861328,19798152
2024-10-08,154.03988647460938,164.24000549316406,165.0,160.75999450683594,162.0500030517578,14948163
2024-10-09,154.5088348388672,164.74000549316406,169.24000549316406,164.4600067138672,167.7899932861328,20278252
2024-10-10,154.1805877685547,164.38999938964844,167.1999969482422,164.00999450683594,165.1699981689453,10145184
2024-10-11,153.017578125,163.14999389648438,164.74000549316406,162.60000610351562,164.38999938964844,8750905
2024-10-14,155.19349670410156,165.47000122070312,166.00999450683594,162.85000610351562,164.14999389648438,14345120
2024-10-15,157.50071716308594,167.92999267578125,169.64999389648438,166.5,168.0,22551022
2024-10-16,157.93215942382812,168.38999938964844,171.64999389648438,167.61000061035156,168.25,21433632
2024-10-17,154.07740783691406,164.27999877929688,168.60000610351562,164.0,168.0,13215492
2024-10-18,155.08094787597656,165.35000610351562,165.97000122070312,161.74000549316406,163.3000030517578,11701011
2024-10-21,150.17576599121094,160.1199951171875,166.67999267578125,159.75,165.10000610351562,20627025
2024-10-22,145.66448974609375,155.30999755859375,160.74000549316406,154.86000061035156,160.0,15190259
2024-10-23,143.44168090820312,152.94000244140625,155.5399932861328,150.14999389648438,154.89999389648438,16503290
2024-10-24,143.7511749267578,153.27000427246094,154.33999633789062,152.52000427246094,152.94000244140625,8648491
2024-10-25,137.2234344482422,146.30999755859375,153.9499969482422,145.4499969482422,153.5,20505003
2024-10-28,137.88934326171875,147.02000427246094,149.72999572753906,145.0,148.60000610351562,21349891
2024-10-29,135.16943359375,144.1199951171875,145.10000610351562,140.55999755859375,141.00999450683594,35275184
2024-10-30,134.49415588378906,143.39999389648438,145.44000244140625,142.25,143.60000610351562,17388536
2024-10-31,133.76260375976562,142.6199951171875,144.39999389648438,141.60000610351562,143.39999389648438,18657930
2024-11-01,135.9854278564453,144.99000549316406,145.5,143.0,144.3000030517578,4076745
2024-11-04,130.3017578125,138.92999267578125,144.5800018310547,136.36000061035156,144.5800018310547,46651179
2024-11-05,132.05563354492188,140.8000030517578,141.10000610351562,137.6699981689453,137.99000549316406,18594095
2024-11-06,135.62901306152344,144.61000061035156,145.13999938964844,141.3699951171875,141.61000061035156,18107864
2024-11-07,135.19757080078125,144.14999389648438,145.74000549316406,143.1199951171875,144.66000366210938,14637973
2024-11-08,131.6241912841797,140.33999633789062,144.38999938964844,140.0,143.80999755859375,15316464
2024-11-11,130.7707061767578,139.42999267578125,140.6999969482422,137.6699981689453,138.8000030517578,17669364
2024-11-12,130.1704559326172,138.7899932861328,141.9600067138672,138.5,139.60000610351562,10561738
2024-11-13,127.54435729980469,135.99000549316406,139.3000030517578,135.5,138.24000549316406,12503679
2024-11-14,126.39073181152344,134.75999450683594,136.83999633789062,133.75,135.5,17425507
2024-11-18,125.80924224853516,134.13999938964844,135.82000732421875,133.3300018310547,135.1300048828125,12693551
2024-11-19,124.85260009765625,133.1199951171875,136.67999267578125,132.64999389648438,134.86000061035156,12696762
2024-11-21,122.59226989746094,130.7100067138672,133.39999389648438,129.5,133.1199951171875,15787410
2024-11-22,124.37427520751953,132.61000061035156,133.10000610351562,130.72999572753906,131.49000549316406,12070416
2024-11-25,127.92887878417969,136.39999389648438,137.9600067138672,135.17999267578125,135.77000427246094,22201129
2024-11-26,128.45411682128906,136.9600067138672,137.75,136.13999938964844,137.3000030517578,9265539
2024-11-27,130.36741638183594,139.0,139.75,135.25,138.13999938964844,18242345
2024-11-28,129.19505310058594,137.75,141.10000610351562,137.25,139.1999969482422,17331637
2024-11-29,130.02040100097656,138.6300048828125,139.25999450683594,136.8699951171875,137.0,14012364
2024-12-02,129.1012420654297,137.64999389648438,138.64999389648438,136.8800048828125,138.22000122070312,16069119
2024-12-03,130.84573364257812,139.50999450683594,139.75,137.9199981689453,138.0,13089770
2024-12-04,131.17401123046875,139.86000061035156,141.10000610351562,139.14999389648438,139.50999450683594,12745610
2024-12-05,130.7801055908203,139.44000244140625,140.38999938964844,138.05999755859375,140.38999938964844,14056789
2024-12-06,133.14358520507812,141.9600067138672,143.5399932861328,140.3000030517578,140.64999389648438,20687458
2024-12-09,133.4906005859375,142.3300018310547,143.14999389648438,141.30999755859375,141.9600067138672,16119047
2024-12-10,134.62545776367188,143.5399932861328,144.44000244140625,141.92999267578125,142.10000610351562,13694082
2024-12-11,134.29721069335938,143.19000244140625,144.44000244140625,142.94000244140625,143.49000549316406,9714837
2024-12-12,132.69338989257812,141.47999572753906,143.19000244140625,140.8699951171875,142.25,14929334
2024-12-13,135.28199768066406,144.24000549316406,145.10000610351562,140.8800048828125,144.74000549316406,36825429
2024-12-16,134.26907348632812,143.16000366210938,144.9499969482422,142.1999969482422,144.32000732421875,12428446
2024-12-17,131.60545349121094,140.32000732421875,143.1999969482422,140.0,143.0,11896291
2024-12-18,128.2196502685547,136.7100067138672,140.69000244140625,136.3300018310547,139.14999389648438,12013629
2024-12-19,130.94891357421875,139.6199951171875,140.3000030517578,133.5399932861328,134.0,18879012
2024-12-20,128.56666564941406,137.0800018310547,141.64999389648438,136.60000610351562,139.67999267578125,19545043
2024-12-23,129.22317504882812,137.77999877929688,139.8000030517578,137.27000427246094,138.0800018310547,12517478
2024-12-24,129.68275451660156,138.27000427246094,139.4600067138672,137.41000366210938,137.91000366210938,7802858
2024-12-26,129.28884887695312,137.85000610351562,139.6199951171875,137.11000061035156,138.3000030517578,8620779
2024-12-27,127.78821563720703,136.25,138.7899932861328,136.10000610351562,138.0500030517578,6146307
2024-12-30,126.25006866455078,134.61000061035156,136.8300018310547,134.10000610351562,136.25,29229520
2024-12-31,127.93827819824219,136.41000366210938,137.24000549316406,134.22000122070312,134.52000427246094,8243910
2025-01-01,128.5291290283203,137.0399932861328,137.36000061035156,135.6999969482422,135.8000030517578,4144374
2025-01-02,129.39199829101562,137.9600067138672,138.2100067138672,135.64999389648438,136.41000366210938,10625223
2025-01-03,129.56082153320312,138.13999938964844,139.8300018310547,137.1300048828125,137.72000122070312,14567050
2025-01-06,124.62750244140625,132.8800048828125,138.47999572753906,132.0500030517578,138.13999938964844,19711596
2025-01-07,125.98744201660156,134.3300018310547,136.27999877929688,133.1999969482422,133.49000549316406,13658286
2025-01-08,126.24068450927734,134.60000610351562,135.5,133.08999633789062,134.14999389648438,14259056
2025-01-09,123.9897232055664,132.1999969482422,134.8000030517578,132.0,134.63999938964844,9734279
2025-01-10,122.18897247314453,130.27999877929688,133.0,129.75,132.1999969482422,12948066
2025-01-13,114.413818359375,121.98999786376953,128.38999938964844,121.16000366210938,128.02999877929688,30291583
2025-01-14,118.76565551757812,126.62999725341797,127.19999694824219,122.72000122070312,123.0,17430438
2025-01-15,119.06578826904297,126.94999694824219,128.8699951171875,126.22000122070312,128.25999450683594,11472116
2025-01-16,119.20646667480469,127.0999984741211,128.27000427246094,126.55000305175781,127.94999694824219,11843193
2025-01-17,120.1162338256836,128.07000732421875,128.49000549316406,126.30000305175781,127.0,24617689
2025-01-20,122.39531707763672,130.5,131.17999267578125,126.80999755859375,128.85000610351562,8234561
2025-01-21,122.93928527832031,131.0800018310547,133.66000366210938,130.64999389648438,131.6999969482422,20272605
2025-01-22,122.41407012939453,130.52000427246094,132.60000610351562,128.44000244140625,132.1999969482422,9202153
2025-01-23,121.76691436767578,129.8300018310547,130.69000244140625,128.83999633789062,130.39999389648438,7058477
2025-01-24,120.29442596435547,128.25999450683594,132.75,127.9000015258789,130.99000549316406,12630632
2025-01-27,116.45843505859375,124.16999816894531,127.97000122070312,122.5,127.97000122070312,18934026
2025-01-28,114.9671859741211,122.58000183105469,125.8499984741211,121.83999633789062,124.16999816894531,19861475
2025-01-29,115.96134185791016,123.63999938964844,124.38999938964844,122.9000015258789,123.19000244140625,12017314
2025-01-30,119.22522735595703,127.12000274658203,128.5,123.86000061035156,124.4000015258789,17776744
2025-01-31,120.51013946533203,128.49000549316406,128.85000610351562,126.1500015258789,127.12000274658203,9686000
2025-02-01,117.63080596923828,125.41999816894531,129.75,124.61000061035156,128.85000610351562,10535114
2025-02-03,113.44778442382812,120.95999908447266,124.19999694824219,120.0999984741211,124.11000061035156,26047332
2025-02-04,116.73042297363281,124.45999908447266,124.68000030517578,122.5,122.69999694824219,14405748
2025-02-05,118.57807922363281,126.43000030517578,128.47999572753906,125.45999908447266,125.48999786376953,11469878
2025-02-06,118.19353485107422,126.0199966430664,128.22000122070312,125.31999969482422,128.0500030517578,9804040
2025-02-07,117.34004974365234,125.11000061035156,126.75,124.43000030517578,126.02999877929688,8892600
2025-02-10,115.52991485595703,123.18000030517578,126.62000274658203,122.86000061035156,125.0,12773729
2025-02-11,112.98822021484375,120.47000122070312,123.73999786376953,120.0,123.18000030517578,14532810
2025-02-12,112.94132232666016,120.41999816894531,121.19999694824219,117.27999877929688,120.69000244140625,14799271
2025-02-13,112.62244415283203,120.08000183105469,122.0,119.94999694824219,121.0,10136689
2025-02-14,109.96820068359375,117.25,121.23999786376953,116.0,120.5,12351973
2025-02-17,111.09366607666016,118.44999694824219,118.80000305175781,114.4000015258789,117.25,12518983
2025-02-18,111.6095199584961,119.0,119.25,116.30999755859375,118.44999694824219,8678689
2025-02-19,112.42549133300781,119.87000274658203,120.16999816894531,117.9000015258789,118.11000061035156,9158990
2025-02-20,115.16413879394531,122.79000091552734,122.94999694824219,118.9800033569336,119.83999633789062,9940851
2025-02-21,113.79481506347656,121.33000183105469,123.70999908447266,120.83000183105469,122.0,9657933
2025-02-24,112.75375366210938,120.22000122070312,121.30999755859375,119.4000015258789,120.25,8764985
2025-02-25,111.28125762939453,118.6500015258789,120.70999908447266,118.4000015258789,120.22000122070312,7607411
2025-02-27,109.18975067138672,116.41999816894531,119.0,116.08999633789062,118.26000213623047,10709253
2025-02-28,106.44171905517578,113.48999786376953,116.20999908447266,112.91999816894531,116.0,24161878
2025-03-03,107.44526672363281,114.55999755859375,115.3499984741211,110.72000122070312,114.69999694824219,18881646
2025-03-04,110.70913696289062,118.04000091552734,118.44999694824219,111.91000366210938,113.0999984741211,14145658
2025-03-05,114.65767669677734,122.25,122.58000183105469,117.75,118.04000091552734,19577861
2025-03-06,118.02471160888672,125.83999633789062,126.87999725341797,123.94999694824219,124.5999984741211,19384187
2025-03-07,117.08682250976562,124.83999633789062,126.30000305175781,123.69999694824219,125.75,14763396
2025-03-10,114.03865814208984,121.58999633789062,125.44000244140625,121.0999984741211,124.0,12727300
2025-03-11,117.06806945800781,124.81999969482422,125.25,120.33999633789062,121.19000244140625,18090217
2025-03-12,117.50888061523438,125.29000091552734,127.80000305175781,124.18000030517578,125.0,14079943
2025-03-13,117.86528015136719,125.66999816894531,126.47000122070312,124.33000183105469,125.0,10882226
2025-03-17,116.40216064453125,124.11000061035156,126.0,123.1500015258789,125.43000030517578,13126112
2025-03-18,116.40216064453125,124.11000061035156,124.11000061035156,124.11000061035156,124.11000061035156,0
2025-03-19,119.81610107421875,127.75,127.9000015258789,125.30999755859375,125.30999755859375,11273526
2025-03-20,121.18543243408203,129.2100067138672,131.0,127.41999816894531,128.39999389648438,13947925
2025-03-21,123.34257507324219,131.50999450683594,133.4499969482422,128.75,129.25999450683594,42928510
2025-03-24,125.36843872070312,133.6699981689453,134.3300018310547,131.3699951171875,133.0,13965745
2025-03-25,122.89239501953125,131.02999877929688,134.22999572753906,130.4499969482422,134.0,12380949
2025-03-26,121.0728759765625,129.08999633789062,133.3000030517578,128.89999389648438,130.89999389648438,16379725
2025-03-27,122.2640151977539,130.36000061035156,130.9499969482422,128.52000427246094,129.0500030517578,13141045
2025-03-28,119.76920318603516,127.69999694824219,131.27000427246094,127.5,130.0,15396398
2025-04-01,123.08936309814453,131.24000549316406,131.5,127.25,128.0,12740476
2025-04-02,123.15501403808594,131.30999755859375,131.5,128.0,130.82000732421875,8531198
2025-04-03,122.9205322265625,131.05999755859375,133.1999969482422,129.8800048828125,130.10000610351562,9909642
2025-04-04,122.05766296386719,130.13999938964844,134.25,128.8800048828125,132.91000366210938,21497796
2025-04-07,120.13497924804688,128.08999633789062,129.61000061035156,122.3499984741211,122.44999694824219,24739154
2025-04-08,122.84549713134766,130.97999572753906,131.72000122070312,128.1999969482422,129.47999572753906,12634136
2025-04-09,123.44575500488281,131.6199951171875,132.5,128.77999877929688,132.0,14769184
2025-04-11,123.64270782470703,131.8300018310547,132.60000610351562,131.05999755859375,132.5,10020795
2025-04-15,124.61811828613281,132.8699951171875,133.39999389648438,132.0,133.39999389648438,10142685
2025-04-16,125.51850128173828,133.8300018310547,134.14999389648438,132.30999755859375,132.99000549316406,9200167
2025-04-17,125.9593276977539,134.3000030517578,134.8000030517578,132.89999389648438,133.5,10404917
2025-04-21,130.06729125976562,138.67999267578125,139.6999969482422,134.30999755859375,135.1699981689453,20249817
2025-04-22,129.72027587890625,138.30999755859375,139.42999267578125,137.1999969482422,139.14999389648438,12648948
2025-04-23,129.1012420654297,137.64999389648438,139.17999267578125,135.77000427246094,138.9499969482422,12689457
2025-04-24,129.7952880859375,138.38999938964844,139.3300018310547,137.30999755859375,137.64999389648438,8177419
2025-04-25,126.28756713867188,134.64999389648438,139.5,132.82000732421875,138.39999389648438,14663542
2025-04-28,128.0133056640625,136.49000549316406,137.35000610351562,133.64999389648438,133.80999755859375,10943944
2025-04-29,127.3473892211914,135.77999877929688,138.25,135.52999877929688,137.3000030517578,15222917
2025-04-30,129.29823303222656,137.86000061035156,139.89999389648438,136.4499969482422,136.5,39902398
2025-05-02,134.10025024414062,142.97999572753906,144.08999633789062,138.11000061035156,139.7899932861328,45858781
2025-05-05,139.3336944580078,148.55999755859375,149.74000549316406,144.75,145.0,47549493
2025-05-06,135.13192749023438,144.0800018310547,149.8000030517578,143.6300048828125,149.3000030517578,18018626
2025-05-07,135.51646423339844,144.49000549316406,145.13999938964844,140.0,140.0,19316740
2025-05-08,132.2338409423828,140.99000549316406,146.38999938964844,139.5,144.5399932861328,12047287
2025-05-09,131.2959442138672,139.99000549316406,140.85000610351562,137.61000061035156,138.0,15348575
2025-05-12,133.50936889648438,142.35000610351562,144.4499969482422,141.7100067138672,144.0,13526883
2025-05-13,132.89035034179688,141.69000244140625,142.97999572753906,141.0,142.35000610351562,9484801
2025-05-14,134.559814453125,143.47000122070312,143.91000366210938,141.9499969482422,141.99000549316406,9987794
2025-05-15,135.9947967529297,145.0,146.0,143.57000732421875,144.0,10181275
2025-05-16,135.732177734375,144.72000122070312,146.85000610351562,144.42999267578125,145.0,14529013
2025-05-19,135.7040557861328,144.69000244140625,145.82000732421875,144.10000610351562,145.0,6802870
2025-05-20,133.10606384277344,141.9199981689453,145.80999755859375,141.38999938964844,145.0,11330045
2025-05-21,134.48477172851562,143.38999938964844,143.6300048828125,140.5500030517578,141.60000610351562,8705960
2025-05-22,134.3909912109375,143.2899932861328,144.1999969482422,141.8699951171875,142.58999633789062,7157328
2025-05-23,135.1131591796875,144.05999755859375,145.42999267578125,143.0,143.27999877929688,9699995
2025-05-26,134.6629638671875,143.5800018310547,144.72000122070312,142.89999389648438,144.05999755859375,5996548
2025-05-27,134.5035400390625,143.41000366210938,144.1199951171875,142.5,143.5800018310547,4970656
2025-05-28,135.24447631835938,144.1999969482422,144.4499969482422,142.7100067138672,143.38999938964844,6390053
2025-05-29,134.7755126953125,143.6999969482422,144.8300018310547,142.6199951171875,144.25,7054326
2025-05-30,133.15296936035156,141.97000122070312,144.39999389648438,141.2100067138672,143.6999969482422,28315951
2025-06-02,134.47540283203125,143.3800048828125,143.5,141.4600067138672,141.97000122070312,7051525
2025-06-03,132.2807159423828,141.0399932861328,144.0,140.60000610351562,143.89999389648438,7002799
2025-06-04,131.93370056152344,140.6699981689453,141.39999389648438,139.10000610351562,141.0,11904779
2025-06-05,130.59251403808594,139.24000549316406,141.66000366210938,139.02999877929688,140.66000366210938,9478214
2025-06-06,132.03688049316406,140.77999877929688,141.0800018310547,139.24000549316406,139.24000549316406,5702365
2025-06-09,134.4191436767578,143.32000732421875,143.49000549316406,140.8300018310547,141.0,9972191
2025-06-10,133.35931396484375,142.19000244140625,143.39999389648438,142.0,143.14999389648438,7906157
2025-06-11,136.13546752929688,145.14999389648438,147.1999969482422,142.19000244140625,142.39999389648438,28652440
2025-06-12,134.10963439941406,142.99000549316406,144.77000427246094,141.5,144.67999267578125,30425949
2025-06-13,131.6241912841797,140.33999633789062,143.19000244140625,137.00999450683594,139.0,23705826
2025-06-16,133.04042053222656,141.85000610351562,142.1999969482422,138.89999389648438,140.0,15176810
2025-06-17,132.88096618652344,141.67999267578125,143.47000122070312,141.1999969482422,141.3000030517578,9983651
2025-06-18,132.07440185546875,140.82000732421875,142.08999633789062,139.5,141.02000427246094,9045315
2025-06-19,130.0579071044922,138.6699981689453,141.19000244140625,138.3300018310547,140.75999450683594,5943647
2025-06-20,130.03915405273438,138.64999389648438,139.16000366210938,137.0,138.2899932861328,33690253
2025-06-23,131.2302703857422,139.9199981689453,140.1699981689453,136.39999389648438,137.0,14001242
2025-06-24,133.9689178466797,142.83999633789062,145.3000030517578,142.16000366210938,144.39999389648438,25393037
2025-06-25,133.16233825683594,141.97999572753906,144.0,141.6699981689453,143.30999755859375,15297425
2025-06-26,137.19529724121094,146.27999877929688,146.9499969482422,142.00999450683594,142.10000610351562,24194161
2025-06-27,138.07691955566406,147.22000122070312,148.3000030517578,146.0,146.27999877929688,19189378
2025-06-30,137.83306884765625,146.9600067138672,149.5,146.4199981689453,147.25999450683594,10645295
2025-07-01,138.0018768310547,147.13999938964844,148.1999969482422,146.19000244140625,146.50999450683594,9899904
2025-07-02,138.72406005859375,147.91000366210938,148.9499969482422,147.02000427246094,148.0,7881728
2025-07-03,138.68655395507812,147.8699951171875,148.75,147.5,147.99000549316406,8006482
2025-07-04,142.20364379882812,151.6199951171875,151.99000549316406,147.86000061035156,149.6999969482422,22612766
2025-07-07,144.2013702392578,153.75,154.89999389648438,151.80999755859375,152.02000427246094,24354631
2025-07-08,144.26702880859375,153.82000732421875,154.97000122070312,152.8300018310547,154.8000030517578,13876094
2025-07-09,140.9187469482422,150.25,153.72999572753906,150.08999633789062,153.4600067138672,12440150
2025-07-10,142.86956787109375,152.3300018310547,152.64999389648438,150.0,150.75,14545796
2025-07-11,141.29388427734375,150.64999389648438,155.0,150.25999450683594,155.0,12767735
2025-07-14,140.77804565429688,150.10000610351562,151.60000610351562,149.6199951171875,150.64999389648438,8021902
2025-07-15,141.997314453125,151.39999389648438,151.89999389648438,150.5399932861328,150.5500030517578,4853043
2025-07-16,142.59756469726562,152.0399932861328,152.67999267578125,150.6300048828125,151.1999969482422,7218210
2025-07-17,141.5846405029297,150.9600067138672,152.47000122070312,150.6199951171875,152.3699951171875,6727858
2025-07-18,140.74053955078125,150.05999755859375,151.61000061035156,148.60000610351562,150.50999450683594,9017783
2025-07-21,141.6878204345703,151.07000732421875,151.1999969482422,149.07000732421875,149.52000427246094,5030900
2025-07-22,142.54129028320312,151.97999572753906,152.44000244140625,150.64999389648438,151.3000030517578,11381024
2025-07-23,142.88832092285156,152.35000610351562,152.60000610351562,150.72000122070312,152.00999450683594,7597121
2025-07-24,141.82850646972656,151.22000122070312,152.75,150.7100067138672,152.02000427246094,5879844
2025-07-25,137.83306884765625,146.9600067138672,151.74000549316406,146.5800018310547,151.0,11646131
2025-07-28,138.39581298828125,147.55999755859375,148.63999938964844,146.6999969482422,146.9600067138672,6023438
2025-07-29,138.75221252441406,147.94000244140625,148.1999969482422,146.5,146.5,4240012
2025-07-30,139.78387451171875,149.0399932861328,150.19000244140625,146.25,147.5,9331773
2025-07-31,136.57627868652344,145.6199951171875,147.1999969482422,144.32000732421875,146.5500030517578,11960546
2025-08-01,132.27134704589844,141.02999877929688,146.2899932861328,140.66000366210938,145.3300018310547,8981850
2025-08-04,133.5375213623047,142.3800048828125,142.89999389648438,139.72000122070312,141.72000122070312,8163596
2025-08-05,132.49644470214844,141.27000427246094,143.0,139.39999389648438,142.52000427246094,11034758
2025-08-06,133.43434143066406,142.27000427246094,143.27999877929688,141.7100067138672,142.49000549316406,7574568
2025-08-07,132.87159729003906,141.6699981689453,143.0,140.0,141.00999450683594,8365458
2025-08-08,134.05975341796875,139.91000366210938,142.0,139.30999755859375,139.99000549316406,9551412
2025-08-11,135.4970245361328,141.41000366210938,142.9499969482422,139.35000610351562,141.60000610351562,11260944
2025-08-12,136.68516540527344,142.64999389648438,143.85000610351562,140.86000061035156,141.11000061035156,12858483
2025-08-13,136.47438049316406,142.42999267578125,143.39999389648438,141.6999969482422,142.64999389648438,4990372
2025-08-14,134.27056884765625,140.1300048828125,143.16000366210938,139.86000061035156,143.0,11453732
2025-08-18,134.44302368164062,140.30999755859375,142.60000610351562,139.25,142.0,11766741
2025-08-19,136.0719451904297,142.00999450683594,142.1300048828125,138.8000030517578,140.39999389648438,8913748
2025-08-20,135.52578735351562,141.44000244140625,142.6999969482422,141.2100067138672,142.00999450683594,5531826
2025-08-21,135.52578735351562,141.44000244140625,142.89999389648438,141.27999877929688,141.64999389648438,8746473
2025-08-22,134.0980682373047,139.9499969482422,141.8000030517578,139.4499969482422,141.39999389648438,5874783
2025-08-25,134.107666015625,139.9600067138672,140.3699951171875,139.19000244140625,139.9499969482422,8282860
2025-08-26,133.14947509765625,138.9600067138672,140.4199981689453,138.5500030517578,139.5,10846493
2025-08-28,132.6991424560547,138.49000549316406,139.92999267578125,138.10000610351562,139.0,8420916
2025-08-29,130.90731811523438,136.6199951171875,139.49000549316406,136.4600067138672,138.49000549316406,10577763
2025-09-01,133.72438049316406,139.55999755859375,139.74000549316406,136.75999450683594,137.0,6229505
2025-09-02,133.78187561035156,139.6199951171875,140.66000366210938,139.10000610351562,139.55999755859375,3714758
2025-09-03,134.61550903320312,140.49000549316406,141.39999389648438,139.50999450683594,139.60000610351562,4902101
2025-09-04,133.83937072753906,139.67999267578125,141.6999969482422,139.35000610351562,141.17999267578125,4768126
2025-09-05,133.81060791015625,139.64999389648438,140.6999969482422,138.47000122070312,139.4499969482422,4533550
2025-09-08,135.0083465576172,140.89999389648438,141.88999938964844,140.0,140.0,5069174
2025-09-09,135.04669189453125,140.94000244140625,142.10000610351562,140.5,141.13999938964844,3636766
2025-09-10,135.23831176757812,141.13999938964844,141.7100067138672,140.80999755859375,141.25999450683594,4302236
2025-09-11,137.91165161132812,143.92999267578125,145.38999938964844,140.8699951171875,141.0500030517578,15031791
2025-09-12,136.6468505859375,142.61000061035156,145.1999969482422,142.4199981689453,144.97999572753906,9001678
2025-09-15,137.9691619873047,143.99000549316406,144.19000244140625,142.30999755859375,142.74000549316406,8158591
2025-09-16,138.91773986816406,144.97999572753906,145.13999938964844,143.82000732421875,144.0500030517578,6389632
2025-09-17,139.83761596679688,145.94000244140625,147.24000549316406,144.9199981689453,145.0399932861328,9549049
2025-09-18,140.99700927734375,147.14999389648438,147.27000427246094,145.50999450683594,146.0500030517578,8002633
2025-09-19,142.2905731201172,148.5,149.9499969482422,146.72999572753906,146.99000549316406,14995288
2025-09-22,142.09893798828125,148.3000030517578,149.10000610351562,147.25999450683594,148.5,9720233
2025-09-23,142.04144287109375,148.24000549316406,149.13999938964844,147.5500030517578,148.08999633789062,7296186
2025-09-24,140.63290405273438,146.77000427246094,148.88999938964844,146.50999450683594,148.02999877929688,6288775
2025-09-25,140.10589599609375,146.22000122070312,148.1300048828125,145.74000549316406,146.02000427246094,8605676
2025-09-26,138.97523498535156,145.0399932861328,146.22000122070312,143.8000030517578,146.02000427246094,11925305
2025-09-29,143.0666961669922,149.30999755859375,149.9499969482422,145.0399932861328,145.0399932861328,16918652
2025-09-30,143.526611328125,149.7899932861328,151.25,149.0,150.0399932861328,13201863
2025-10-01,143.4403839111328,149.6999969482422,151.97999572753906,149.00999450683594,150.39999389648438,7658596
2025-10-03,144.10154724121094,150.38999938964844,150.83999633789062,148.63999938964844,150.0,5989839
2025-10-06,148.36544799804688,154.83999633789062,155.2899932861328,150.52000427246094,150.97999572753906,18473741
2025-10-07,147.9151153564453,154.3699951171875,155.75,153.8000030517578,154.75999450683594,11389659
2025-10-08,147.14857482910156,153.57000732421875,156.27999877929688,153.3800048828125,154.0,9953844
2025-10-09,148.75831604003906,155.25,157.1999969482422,153.3300018310547,154.02000427246094,13999206
2025-10-10,147.66598510742188,154.11000061035156,156.99000549316406,153.6999969482422,155.50999450683594,7992863
2025-10-13,148.7678985595703,155.25999450683594,155.6999969482422,152.1199951171875,153.7100067138672,11375913
2025-10-14,146.42034912109375,152.80999755859375,156.77999877929688,152.60000610351562,155.74000549316406,5976061
2025-10-15,147.2635498046875,153.69000244140625,154.9499969482422,152.8300018310547,153.24000549316406,19147599
2025-10-16,147.244384765625,153.6699981689453,154.5,152.10000610351562,153.89999389648438,7119984
2025-10-17,146.5161590576172,152.91000366210938,154.60000610351562,152.02999877929688,153.75,7126668
2025-10-20,147.41685485839844,153.85000610351562,154.35000610351562,152.7100067138672,153.3000030517578,5564426
2025-10-21,147.68516540527344,154.1300048828125,155.0,153.6999969482422,153.89999389648438,1188949
2025-10-23,143.8428192138672,150.1199951171875,154.0,149.80999755859375,154.0,13612250
2025-10-24,144.08236694335938,150.3699951171875,151.2899932861328,149.14999389648438,150.0,8519673
2025-10-27,148.71041870117188,155.1999969482422,155.3699951171875,151.1300048828125,151.3000030517578,16809115
2025-10-28,148.058837890625,154.52000427246094,157.47999572753906,153.4499969482422,156.39999389648438,22709449
2025-10-29,156.27047729492188,163.08999633789062,163.72999572753906,155.0,155.0,58449093
2025-10-30,156.6729278564453,163.50999450683594,167.10000610351562,162.14999389648438,163.08999633789062,33405636
2025-10-31,158.96299743652344,165.89999389648438,166.91000366210938,163.08999633789062,163.50999450683594,25385134
2025-11-03,160.71646118164062,167.72999572753906,168.6999969482422,165.89999389648438,167.0,19190570
2025-11-04,162.17291259765625,169.25,170.14999389648438,167.1300048828125,168.0,23469790
2025-11-06,161.3297119140625,168.3699951171875,170.02999877929688,167.35000610351562,170.02000427246094,19729771
2025-11-07,162.086669921875,169.16000366210938,169.5500030517578,166.10000610351562,167.2100067138672,12104934
2025-11-10,162.30706787109375,169.38999938964844,171.38999938964844,168.5,169.13999938964844,12402893
2025-11-11,165.2295379638672,172.44000244140625,173.49000549316406,167.32000732421875,168.89999389648438,20113006
2025-11-12,165.0953826904297,172.3000030517578,174.5,171.50999450683594,172.6999969482422,16003745
2025-11-13,165.23910522460938,172.4499969482422,174.4499969482422,171.4499969482422,172.69000244140625,11618468
2025-11-14,164.08929443359375,171.25,174.2100067138672,170.39999389648438,172.39999389648438,11051895
2025-11-17,165.88108825683594,173.1199951171875,174.39999389648438,171.16000366210938,171.16000366210938,13233156
2025-11-18,164.41506958007812,171.58999633789062,174.0,169.8000030517578,173.5,17543851
2025-11-19,162.24957275390625,169.3300018310547,172.22999572753906,168.85000610351562,171.50999450683594,10315121
2025-11-20,161.6459197998047,168.6999969482422,170.6999969482422,168.13999938964844,170.10000610351562,9529662
2025-11-21,160.3523712158203,167.35000610351562,168.61000061035156,166.1999969482422,168.0,9261908
2025-11-24,158.76177978515625,165.69000244140625,167.80999755859375,165.0500030517578,167.0,16397744
2025-11-25,157.25741577148438,164.1199951171875,165.39999389648438,163.08999633789062,164.89999389648438,9625540
2025-11-26,158.66595458984375,165.58999633789062,166.0,163.57000732421875,164.1199951171875,5855993
2025-11-27,156.96038818359375,163.80999755859375,166.0,162.5500030517578,165.58999633789062,4631417
2025-11-28,154.9865264892578,161.75,163.6999969482422,161.5,163.5,5937318
2025-12-01,156.15550231933594,162.97000122070312,164.44000244140625,162.02999877929688,162.02999877929688,10208196
2025-12-02,155.55184936523438,162.33999633789062,165.1199951171875,161.72999572753906,163.50999450683594,13247668
2025-12-03,157.24783325195312,164.11000061035156,164.55999755859375,161.0,162.1999969482422,11250522
2025-12-04,155.95428466796875,162.75999450683594,164.6999969482422,162.00999450683594,164.0,6382061
2025-12-05,156.816650390625,163.66000366210938,163.83999633789062,161.89999389648438,162.7100067138672,6124074
2025-12-08,155.32188415527344,162.10000610351562,164.4199981689453,161.0,163.66000366210938,8744916
2025-12-09,156.19383239746094,163.00999450683594,163.3300018310547,160.3300018310547,162.1999969482422,10272407
2025-12-10,156.2513427734375,163.07000732421875,166.49000549316406,162.4499969482422,163.25,12155035
2025-12-11,154.9865264892578,161.75,164.0,160.5,163.27000427246094,8829634
2025-12-12,156.82623291015625,163.6699981689453,164.89999389648438,162.05999755859375,162.35000610351562,13492656
2025-12-15,161.50218200683594,168.5500030517578,169.0,162.4499969482422,165.1699981689453,33661881
2025-12-16,160.72605895996094,167.74000549316406,169.7100067138672,166.00999450683594,169.50999450683594,26675256
2025-12-17,161.1284942626953,168.16000366210938,169.39999389648438,167.25,168.63999938964844,17416464
2025-12-18,159.73605346679688,161.75,163.8000030517578,161.27999877929688,162.0,10014354
2025-12-19,160.57546997070312,162.60000610351562,162.89999389648438,160.41000366210938,161.1999969482422,14335462
2025-12-22,161.6222686767578,163.66000366210938,164.39999389648438,162.1199951171875,162.60000610351562,9224512
2025-12-23,161.2371368408203,163.27000427246094,165.5,162.66000366210938,163.64999389648438,8439146
2025-12-24,159.16326904296875,161.1699981689453,163.41000366210938,161.0,163.3000030517578,7879339
2025-12-26,158.30410766601562,160.3000030517578,161.94000244140625,159.61000061035156,161.10000610351562,7762050
2025-12-29,159.9631805419922,161.97999572753906,162.8000030517578,159.52999877929688,159.55999755859375,8219066
2025-12-30,159.5583038330078,161.57000732421875,162.88999938964844,160.97999572753906,162.0,8132881
2025-12-31,164.38742065429688,166.4600067138672,167.3300018310547,161.42999267578125,161.57000732421875,24383706
2026-01-01,163.81463623046875,165.8800048828125,168.1999969482422,164.9199981689453,167.0,9679405
2026-01-02,164.71328735351562,166.7899932861328,167.35000610351562,164.91000366210938,166.6999969482422,9638213
2026-01-05,162.95545959472656,165.00999450683594,168.7899932861328,163.60000610351562,166.8000030517578,9692902
2026-01-06,161.95803833007812,164.0,164.88999938964844,161.3000030517578,164.6999969482422,11514726
2026-01-07,160.64459228515625,162.6699981689453,165.0,162.0,164.10000610351562,10582454
2026-01-08,154.42303466796875,156.3699951171875,162.6999969482422,155.8000030517578,162.6699981689453,13567688
2026-01-09,155.64759826660156,157.61000061035156,158.4199981689453,155.11000061035156,155.1999969482422,10896400
2026-01-12,156.26976013183594,158.24000549316406,158.61000061035156,154.77000427246094,157.0,6011542
2026-01-13,155.44020080566406,157.39999389648438,159.39999389648438,155.75,158.6999969482422,7763679
2026-01-14,157.1782989501953,159.16000366210938,159.58999633789062,156.08999633789062,157.0,10309941
2026-01-15,157.1782989501953,159.16000366210938,159.16000366210938,159.16000366210938,159.16000366210938,0
2026-01-16,159.31141662597656,161.32000732421875,162.14999389648438,159.85000610351562,160.0,15011308
2026-01-19,158.89662170410156,160.89999389648438,162.25,159.33999633789062,161.0,8651736
2026-01-20,156.45738220214844,158.42999267578125,161.35000610351562,158.0,160.89999389648438,10243937
2026-01-21,156.84254455566406,158.82000732421875,160.44000244140625,156.61000061035156,158.42999267578125,11797545
2026-01-22,157.06967163085938,159.0500030517578,161.9499969482422,158.05999755859375,159.8000030517578,8809678
2026-01-23,154.08726501464844,156.02999877929688,160.39999389648438,155.61000061035156,159.08999633789062,9542103
2026-01-27,156.92152404785156,158.89999389648438,159.89999389648438,155.63999938964844,156.6999969482422,11148012
2026-01-28,160.82235717773438,162.85000610351562,164.0,158.5399932861328,159.0,15795631
2026-01-29,161.05935668945312,163.08999633789062,164.64999389648438,161.77000427246094,162.72000122070312,16100725
2026-01-30,161.20750427246094,163.24000549316406,163.82000732421875,160.8300018310547,163.0,11627532
2026-02-02,162.56044006347656,164.61000061035156,165.39999389648438,159.0500030517578,160.5,14590517
2026-02-03,165.49346923828125,167.5800018310547,168.69000244140625,164.39999389648438,168.5,14585846
2026-02-04,170.62872314453125,172.77999877929688,173.6999969482422,166.32000732421875,167.0,28164545
2026-02-05,173.5814971923828,175.77000427246094,177.89999389648438,172.4199981689453,174.24000549316406,34830200
2026-02-06,173.01858520507812,175.1999969482422,180.89999389648438,173.27999877929688,176.99000549316406,34240417
2026-02-09,173.96664428710938,176.16000366210938,177.2899932861328,175.0,175.9499969482422,12380924
2026-02-10,175.99111938476562,178.2100067138672,178.89999389648438,175.1999969482422,176.7899932861328,21506950
2026-02-11,179.05250549316406,181.30999755859375,181.60000610351562,176.82000732421875,178.0,25578553
2026-02-12,175.89234924316406,178.11000061035156,182.25,175.3000030517578,182.25,24014261
2026-02-13,174.5690460205078,176.77000427246094,177.89999389648438,176.0399932861328,177.27999877929688,9835632
2026-02-16,172.96920776367188,175.14999389648438,175.89999389648438,173.4499969482422,175.89999389648438,6184219
2026-02-17,173.62098693847656,175.80999755859375,176.14999389648438,172.1699981689453,174.9499969482422,5249228
2026-02-18,176.51451110839844,178.74000549316406,179.0,175.86000061035156,175.86000061035156,8191312
2026-02-19,172.12979125976562,174.3000030517578,177.99000549316406,173.38999938964844,177.7100067138672,13677449
2026-02-20,171.62612915039062,173.7899932861328,174.44000244140625,172.3000030517578,173.60000610351562,8935995
2026-02-23,174.26290893554688,176.4600067138672,177.3000030517578,173.6699981689453,174.88999938964844,11422407
2026-02-24,177.9464569091797,180.19000244140625,181.0,176.50999450683594,176.99000549316406,22691029
2026-02-25,180.7510986328125,183.02999877929688,183.8000030517578,180.50999450683594,181.0,24353791
2026-02-26,184.1482696533203,186.47000122070312,186.8000030517578,182.42999267578125,183.5,17206460
2026-02-27,185.1358184814453,187.47000122070312,188.9600067138672,185.77000427246094,187.11000061035156,24422609
2026-03-02,176.87989807128906,179.11000061035156,182.39999389648438,176.85000610351562,181.30999755859375,31464579
2026-03-04,168.31785583496094,170.44000244140625,176.1699981689453,169.2100067138672,175.0,27718538
2026-03-05,169.40414428710938,171.5399932861328,175.4199981689453,169.27999877929688,171.0,32355154
2026-03-06,166.5797576904297,168.67999267578125,172.94000244140625,168.0500030517578,172.05999755859375,20979104
2026-03-09,159.212646484375,161.22000122070312,162.14999389648438,156.3000030517578,158.0,40458725
2026-03-10,157.94859313964844,159.94000244140625,166.86000061035156,159.1199951171875,164.44000244140625,26772223
2026-03-11,158.6300048828125,160.6300048828125,162.99000549316406,159.66000366210938,160.5,22703344
2026-03-12,160.16000366210938,160.16000366210938,162.25,154.05999755859375,157.39999389648438,21636039
2026-03-13,156.5399932861328,156.5399932861328,160.33999633789062,155.8000030517578,158.99000549316406,11958819
2026-03-16,148.9600067138672,148.9600067138672,154.60000610351562,146.8800048828125,153.00999450683594,35687077
2026-03-17,146.67999267578125,146.67999267578125,149.8000030517578,145.50999450683594,149.0,19101788
2026-03-18,148.27000427246094,148.27000427246094,149.0800018310547,145.9600067138672,146.8000030517578,20318430
2026-03-19,142.72999572753906,142.72999572753906,146.6300048828125,142.0500030517578,145.88999938964844,20076945
2026-03-20,144.60000610351562,144.60000610351562,148.1300048828125,143.60000610351562,143.60000610351562,34636614
2026-03-23,138.11000061035156,138.11000061035156,142.69000244140625,137.75,141.49000549316406,21048472
2026-03-24,138.6999969482422,138.6999969482422,142.5,137.02000427246094,141.5800018310547,30509694
2026-03-25,140.52000427246094,140.52000427246094,141.69000244140625,139.0,141.32000732421875,22848464
2026-03-27,137.75999450683594,137.75999450683594,144.3699951171875,137.35000610351562,142.99000549316406,29985724
2026-03-30,135.39999389648438,135.39999389648438,138.6300048828125,134.0399932861328,135.3800048828125,28375902
2026-04-01,135.72000122070312,135.72000122070312,140.0,134.5,140.0,26367709
2026-04-02,134.1300048828125,134.1300048828125,134.6699981689453,130.22000122070312,134.1999969482422,22834708
2026-04-06,134.0500030517578,134.0500030517578,134.8000030517578,130.50999450683594,134.1300048828125,25356388
2026-04-07,134.44000244140625,134.44000244140625,134.85000610351562,131.6999969482422,132.3000030517578,20626751
2026-04-08,143.35000610351562,143.35000610351562,144.3000030517578,141.10000610351562,143.0,45807508
2026-04-09,141.6699981689453,141.6699981689453,142.88999938964844,140.5,142.88999938964844,22052191
2026-04-10,142.9600067138672,142.9600067138672,144.10000610351562,141.91000366210938,142.25999450683594,13681094
2026-04-13,141.0800018310547,141.0800018310547,141.39999389648438,137.55999755859375,139.10000610351562,21941388
2026-04-15,145.22000122070312,145.22000122070312,145.6699981689453,144.10000610351562,144.9499969482422,16020870
2026-04-16,144.19000244140625,144.19000244140625,146.42999267578125,143.5,146.0,13154143
2026-04-17,145.8800048828125,145.8800048828125,146.3300018310547,143.41000366210938,144.39999389648438,11855228
2026-04-20,146.8699951171875,146.8699951171875,147.8699951171875,144.3000030517578,145.00999450683594,14174808
2026-04-21,147.30999755859375,147.30999755859375,148.33999633789062,147.0,147.05999755859375,8952350
2026-04-22,147.36000061035156,147.36000061035156,147.89999389648438,146.10000610351562,146.44000244140625,7680576
2026-04-23,145.47999572753906,145.47999572753906,147.35000610351562,145.10000610351562,146.39999389648438,11146793
2026-04-24,143.47000122070312,143.47000122070312,145.60000610351562,142.89999389648438,145.0,8204012
2026-04-27,146.25999450683594,146.25999450683594,146.60000610351562,143.69000244140625,144.0,8409968
2026-04-28,145.38999938964844,145.38999938964844,146.19000244140625,144.30999755859375,146.14999389648438,11294936
2026-04-29,144.19000244140625,144.19000244140625,147.2899932861328,143.94000244140625,146.11000061035156,12575213
2026-04-30,142.25,142.25,143.39999389648438,141.1199951171875,142.5,16384926
2026-05-01,142.25,142.25,142.25,142.25,142.25,0
2026-05-04,142.25999450683594,142.25999450683594,144.4199981689453,142.0,143.5,9094894
2026-05-05,142.13999938964844,142.13999938964844,142.6199951171875,140.5,142.0,8418500
2026-05-06,148.2100067138672,148.2100067138672,148.75,143.22000122070312,143.5,16440452
2026-05-07,146.88999938964844,146.88999938964844,149.3000030517578,145.1300048828125,148.89999389648438,17332587
2026-05-08,144.69000244140625,144.69000244140625,146.3000030517578,144.19000244140625,145.8000030517578,9904272
2026-05-11,140.3699951171875,140.3699951171875,143.0,140.0399932861328,143.0,11542960
2026-05-12,137.64999389648438,137.64999389648438,139.75999450683594,137.25,139.38999938964844,13482227
2026-05-13,141.69000244140625,141.69000244140625,142.60000610351562,137.83999633789062,138.0,15901973
2026-05-14,140.25999450683594,140.25999450683594,143.0,139.10000610351562,143.0,14516032
2026-05-15,134.47999572753906,134.47999572753906,141.1999969482422,134.0399932861328,140.5,30353032
2026-05-18,131.80999755859375,131.80999755859375,134.0,130.52999877929688,134.0,15772188
2026-05-19,135.0,135.0,136.19000244140625,133.33999633789062,134.10000610351562,22333093
2026-05-20,138.0399932861328,138.0399932861328,138.52000427246094,133.0,134.6699981689453,24216502
2026-05-21,140.52999877929688,140.52999877929688,141.0,138.24000549316406,139.60000610351562,26345901
2026-05-22,139.47000122070312,139.47000122070312,140.55999755859375,138.02999877929688,140.52999877929688,12077225
2026-05-25,143.9499969482422,143.9499969482422,145.3000030517578,143.14999389648438,144.05999755859375,24525241
2026-05-26,142.3800048828125,142.3800048828125,144.11000061035156,141.57000732421875,143.6999969482422,9355269
2026-05-27,143.94000244140625,143.94000244140625,144.85000610351562,141.4199981689453,142.08999633789062,10981894
2026-05-28,143.94000244140625,143.94000244140625,143.94000244140625,143.94000244140625,143.94000244140625,0
2026-05-29,140.24000549316406,140.24000549316406,147.0,139.6300048828125,146.0,36212028
2026-06-01,138.8000030517578,138.8000030517578,141.47999572753906,138.60000610351562,140.5,13055381
2026-06-02,138.8300018310547,138.8300018310547,139.63999938964844,137.30999755859375,137.99000549316406,9425916
2026-06-03,137.3800048828125,137.3800048828125,138.3300018310547,136.60000610351562,138.19000244140625,14280727
2026-06-04,138.9499969482422,138.9499969482422,139.99000549316406,136.8000030517578,137.69000244140625,10664527
2026-06-05,138.25999450683594,138.25999450683594,139.38999938964844,137.63999938964844,139.0,10644029
2026-06-08,135.60000610351562,135.60000610351562,136.99000549316406,135.25,136.74000549316406,9213602
2026-06-09,138.1300048828125,138.1300048828125,138.44000244140625,136.35000610351562,137.0,12417792
2026-06-10,136.8800048828125,136.8800048828125,139.72000122070312,136.5,138.1300048828125,10347575
2026-06-11,134.24000549316406,134.24000549316406,135.64999389648438,133.5500030517578,135.0,11817601
2026-06-12,140.94000244140625,140.94000244140625,141.4499969482422,136.72999572753906,137.0,18813847
2026-06-15,144.49000549316406,144.49000549316406,148.47000122070312,144.2100067138672,147.0,23010555
2026-06-16,145.11000061035156,145.11000061035156,145.4499969482422,143.72999572753906,144.9499969482422,10255674
2026-06-17,145.4199981689453,145.4199981689453,147.47000122070312,144.9499969482422,147.0,14039760
2026-06-18,146.11000061035156,146.11000061035156,147.25,145.17999267578125,145.8000030517578,10920308
2026-06-19,143.42999267578125,143.42999267578125,145.74000549316406,142.6699981689453,144.97999572753906,15764700
2026-06-22,144.3800048828125,144.3800048828125,145.42999267578125,143.5399932861328,145.42999267578125,10482678
2026-06-23,143.1699981689453,143.1699981689453,145.9499969482422,142.8000030517578,145.0,14059612
2026-06-24,146.3000030517578,146.3000030517578,146.8000030517578,143.25,143.99000549316406,17387166
2026-06-25,143.88999938964844,143.88999938964844,148.24000549316406,143.3800048828125,148.0,14235354
2026-06-26,143.88999938964844,143.88999938964844,143.88999938964844,143.88999938964844,143.88999938964844,0
2026-06-29,139.17999267578125,139.17999267578125,143.41000366210938,138.89999389648438,143.3000030517578,14942414
2026-06-30,139.3800048828125,139.3800048828125,140.22999572753906,138.3800048828125,139.50999450683594,19013315
2026-07-01,139.8300018310547,139.8300018310547,140.32000732421875,138.4199981689453,139.6999969482422,10736348
2026-07-02,141.6199951171875,141.6199951171875,143.77000427246094,140.3000030517578,140.3000030517578,23991977
2026-07-03,141.55999755859375,141.55999755859375,142.32000732421875,141.00999450683594,142.32000732421875,5661461
2026-07-06,141.67999267578125,141.67999267578125,143.75,140.9199981689453,141.60000610351562,8310545
2026-07-07,142.17999267578125,142.17999267578125,144.11000061035156,141.8000030517578,142.75,16961635
2026-07-08,137.6300048828125,137.6300048828125,140.35000610351562,136.60000610351562,139.6999969482422,33976686
2026-07-09,138.25999450683594,138.25999450683594,138.69000244140625,136.60000610351562,137.6300048828125,14352065
2026-07-10,138.9600067138672,138.9600067138672,140.5500030517578,138.6999969482422,139.3800048828125,8402022
2026-07-13,139.9499969482422,139.9499969482422,140.1699981689453,136.6199951171875,137.0,11620086
2026-07-14,137.0500030517578,137.0500030517578,138.69000244140625,136.6999969482422,137.99000549316406,14151551
2026-07-15,140.24000549316406,140.24000549316406,140.5,137.16000366210938,137.89999389648438,21309498
2026-07-16,141.8000030517578,141.8000030517578,143.38999938964844,139.33999633789062,140.5,22023161
2026-07-17,141.69000244140625,141.69000244140625,142.3000030517578,140.19000244140625,141.6999969482422,11266555
2026-07-20,142.41000366210938,142.41000366210938,143.14999389648438,139.77000427246094,140.19000244140625,13180933
2026-07-21,143.3000030517578,143.3000030517578,143.99000549316406,142.22999572753906,142.99000549316406,12235450
2026-07-22,142.02999877929688,142.02999877929688,143.1699981689453,141.07000732421875,142.4499969482422,9024642
2026-07-23,140.00999450683594,140.00999450683594,142.3300018310547,138.83999633789062,140.1999969482422,7967732
