Date,Adj Close,Close,High,Low,Open,Volume
2021-07-23,681.9716796875,717.5499877929688,727.0,712.0,726.9000244140625,8731309
2021-07-26,669.6162719726562,704.5499877929688,729.5,701.0,729.5,14645713
2021-07-27,675.413818359375,710.6500244140625,717.9000244140625,703.2999877929688,709.8499755859375,6840353
2021-07-28,685.9159545898438,721.7000122070312,725.4000244140625,701.4500122070312,712.0,8329455
2021-07-29,711.2921142578125,748.4000244140625,758.0999755859375,723.0499877929688,725.5,18513875
2021-07-30,700.4097900390625,736.9500122070312,757.8499755859375,733.5499877929688,746.1500244140625,9971622
2021-08-02,709.6763305664062,746.7000122070312,751.4500122070312,733.5,741.4000244140625,6971560
2021-08-03,703.5936889648438,740.2999877929688,746.0,728.4000244140625,746.0,6939253
2021-08-04,710.1991577148438,747.25,754.0,736.4000244140625,741.0,6680733
2021-08-05,725.40576171875,763.25,765.4000244140625,740.5,747.25,8613347
2021-08-06,719.7982177734375,757.3499755859375,776.5,755.7000122070312,767.5,8973665
2021-08-09,710.2941284179688,747.3499755859375,762.5,742.4500122070312,761.8499755859375,5119564
2021-08-10,686.3436889648438,722.1500244140625,750.0,719.5999755859375,748.9000244140625,6382357
2021-08-11,711.9573974609375,749.0999755859375,752.0,727.0,727.0,11909486
2021-08-12,711.767333984375,748.9000244140625,754.2999877929688,741.4000244140625,753.0499877929688,3506281
2021-08-13,711.9098510742188,749.0499877929688,757.5499877929688,732.4000244140625,746.9000244140625,5611264
2021-08-16,723.8851318359375,761.6500244140625,770.5999755859375,739.2000122070312,745.0,9095337
2021-08-17,707.3478393554688,744.25,762.4500122070312,735.8499755859375,758.5999755859375,6482187
2021-08-18,700.8849487304688,737.4500122070312,748.9000244140625,732.9000244140625,748.0,5905871
2021-08-20,650.6553955078125,684.5999755859375,722.0,681.5,722.0,13126219
2021-08-23,650.275390625,684.2000122070312,700.7000122070312,664.0,696.0,11781361
2021-08-24,657.35595703125,691.6500244140625,697.0,683.0,690.0999755859375,8283854
2021-08-25,649.942626953125,683.8499755859375,701.0,680.0,696.0,5539409
2021-08-26,638.68017578125,672.0,685.0,669.2999877929688,683.0,5659963
2021-08-27,643.907470703125,677.5,681.4000244140625,671.75,672.9000244140625,4978277
2021-08-30,652.5087890625,686.5499877929688,694.0,683.0499877929688,683.0499877929688,5891576
2021-08-31,653.5067749023438,687.5999755859375,692.4500122070312,680.4500122070312,688.25,5399215
2021-09-01,643.099609375,676.6500244140625,689.0,675.0,688.0,4316801
2021-09-02,651.0831909179688,685.0499877929688,689.0,678.0,681.0499877929688,3635439
2021-09-03,656.6431884765625,690.9000244140625,695.25,682.4000244140625,686.0999755859375,4145359
2021-09-06,652.6038818359375,686.6500244140625,697.0,681.5999755859375,697.0,5179490
2021-09-07,649.8950805664062,683.7999877929688,697.7999877929688,682.5,689.4500122070312,3555927
2021-09-08,652.9840087890625,687.0499877929688,691.5,681.7000122070312,684.0,3288571
2021-09-09,654.789794921875,688.9500122070312,691.5,683.0499877929688,683.8499755859375,2381494
2021-09-13,659.9696655273438,694.4000244140625,700.0,687.5,693.25,3778975
2021-09-14,659.2567749023438,693.6500244140625,702.0,692.25,696.4000244140625,3185808
2021-09-15,662.1080322265625,696.6500244140625,698.0,687.0499877929688,697.0,2871538
2021-09-16,655.2650146484375,689.4500122070312,700.9500122070312,688.0,700.0499877929688,3372499
2021-09-17,648.469482421875,682.2999877929688,692.0,668.7000122070312,692.0,7804735
2021-09-20,601.8041381835938,633.2000122070312,669.9000244140625,628.0999755859375,669.9000244140625,10340874
2021-09-21,635.781494140625,668.9500122070312,672.0,628.7000122070312,633.25,14289169
2021-09-22,644.9053955078125,678.5499877929688,683.4000244140625,666.2000122070312,671.7999877929688,8147214
2021-09-23,643.669921875,677.25,687.25,674.0999755859375,685.2999877929688,4039612
2021-09-24,626.4674682617188,659.1500244140625,679.0,650.75,677.25,7363339
2021-09-27,616.488037109375,648.6500244140625,663.75,646.2999877929688,660.4500122070312,5889365
2021-09-28,628.0830688476562,660.8499755859375,667.9000244140625,648.0999755859375,650.0,4735779
2021-09-29,646.0934448242188,679.7999877929688,684.2999877929688,653.5999755859375,658.9000244140625,7345149
2021-09-30,635.1636352539062,668.2999877929688,683.2000122070312,666.3499755859375,683.2000122070312,4934499
2021-10-01,640.8186645507812,674.25,686.7000122070312,658.9000244140625,660.0,5193048
2021-10-04,647.3765869140625,681.1500244140625,686.7999877929688,662.0999755859375,674.5,5617530
2021-10-05,645.665771484375,679.3499755859375,690.8499755859375,677.1500244140625,681.1500244140625,4186464
2021-10-06,626.5624389648438,659.25,684.0,655.5499877929688,680.0,5994344
2021-10-07,633.50048828125,666.5499877929688,670.0,659.0,666.0,3042177
2021-10-08,632.8351440429688,665.8499755859375,683.0,664.5,670.0499877929688,3826818
2021-10-11,639.0604248046875,672.4000244140625,678.0,666.7000122070312,671.0499877929688,2257738
2021-10-12,640.3434448242188,673.75,681.0,665.4000244140625,672.4000244140625,2930894
2021-10-13,647.6616821289062,681.4500122070312,692.0,671.0,673.7999877929688,5601758
2021-10-14,658.4963989257812,692.8499755859375,699.0,682.9500122070312,690.0,4751065
2021-10-18,680.3084716796875,715.7999877929688,727.2999877929688,695.5,695.5,9493244
2021-10-19,657.2608642578125,691.5499877929688,722.5,688.4500122070312,722.5,4164143
2021-10-20,651.17822265625,685.1500244140625,695.7000122070312,675.4000244140625,692.0,3256699
2021-10-21,640.676025390625,674.0999755859375,693.9500122070312,655.0999755859375,691.3499755859375,5811087
2021-10-22,634.6884765625,667.7999877929688,690.0,658.0499877929688,676.0,10162556
2021-10-25,640.8186645507812,674.25,678.0,653.0499877929688,670.0,3987950
2021-10-26,659.9219970703125,694.3499755859375,697.4500122070312,674.5,678.7000122070312,4238644
2021-10-27,650.9406127929688,684.9000244140625,699.5,682.0999755859375,694.3499755859375,3330934
2021-10-28,634.3558349609375,667.4500122070312,684.4000244140625,664.0499877929688,682.9000244140625,3080237
2021-10-29,635.9715576171875,669.1500244140625,684.7999877929688,663.0,670.0,3612552
2021-11-01,654.789794921875,688.9500122070312,690.75,672.5,680.0,3234840
2021-11-02,639.488037109375,672.8499755859375,693.4000244140625,671.5,693.4000244140625,3204544
2021-11-03,646.5211181640625,680.25,683.5499877929688,673.5499877929688,677.4500122070312,2265795
2021-11-04,646.5211181640625,680.25,680.25,680.25,680.25,0
2021-11-08,651.8434448242188,685.8499755859375,687.9500122070312,668.0499877929688,683.0,2919045
2021-11-09,643.099609375,676.6500244140625,691.3499755859375,675.1500244140625,686.0,2494969
2021-11-10,629.5562744140625,662.4000244140625,676.0499877929688,652.2000122070312,675.0,6871348
2021-11-11,634.308349609375,667.4000244140625,669.8499755859375,660.25,662.4000244140625,3868489
2021-11-12,638.0624389648438,671.3499755859375,675.75,663.3499755859375,672.0499877929688,2542949
2021-11-15,628.7008056640625,661.5,675.0499877929688,658.0499877929688,675.0,3143670
2021-11-16,631.9322509765625,664.9000244140625,674.0,655.7000122070312,658.0,2795558
2021-11-17,629.5086059570312,662.3499755859375,671.7000122070312,658.5999755859375,660.2999877929688,2882577
2021-11-18,618.2937622070312,650.5499877929688,666.9000244140625,643.0,663.0,4010171
2021-11-22,624.4239501953125,657.0,663.5,645.0499877929688,654.9500122070312,3944981
2021-11-23,649.419921875,683.2999877929688,689.7000122070312,657.0999755859375,657.0999755859375,9033812
2021-11-24,649.3724365234375,683.25,696.0,670.0,683.2999877929688,4374307
2021-11-25,647.1389770507812,680.9000244140625,687.7999877929688,674.2000122070312,683.25,2850008
2021-11-26,597.4796752929688,628.6500244140625,672.5499877929688,624.25,668.25,8921840
2021-11-29,594.580810546875,625.5999755859375,637.7999877929688,618.0999755859375,631.7000122070312,4230776
2021-11-30,578.2337646484375,608.4000244140625,632.5999755859375,604.2999877929688,621.5,6606473
2021-12-01,605.6057739257812,637.2000122070312,639.7999877929688,614.0,614.9500122070312,6580138
2021-12-02,614.6822509765625,646.75,648.75,630.7999877929688,638.0,4017457
2021-12-03,612.5911865234375,644.5499877929688,654.8499755859375,637.0,637.0,4885753
2021-12-06,610.9755249023438,642.8499755859375,661.0,636.75,644.7000122070312,13699768
2021-12-07,627.8930053710938,660.6500244140625,663.6500244140625,647.1500244140625,648.9500122070312,12896360
2021-12-08,639.5831298828125,672.9500122070312,676.0,660.1500244140625,665.5499877929688,9676621
2021-12-09,640.676025390625,674.0999755859375,678.3499755859375,661.0499877929688,676.0,9692290
2021-12-10,645.8558959960938,679.5499877929688,681.4500122070312,670.0,670.0,2430834
2021-12-13,637.3020629882812,670.5499877929688,692.9500122070312,667.5999755859375,682.0,4149735
2021-12-14,637.064453125,670.2999877929688,676.0,661.25,665.5499877929688,2942047
2021-12-15,625.849609375,658.5,677.6500244140625,656.5999755859375,670.2999877929688,4724542
2021-12-16,629.318603515625,662.1500244140625,666.2000122070312,653.5,665.0,2474595
2021-12-17,627.5128173828125,660.25,665.0,653.0499877929688,662.1500244140625,3003978
2021-12-20,610.7379760742188,642.5999755859375,656.0,630.5,650.0999755859375,4070706
2021-12-21,625.6594848632812,658.2999877929688,666.0,645.4000244140625,647.0,3127861
2021-12-22,628.2256469726562,661.0,666.1500244140625,657.6500244140625,663.1500244140625,1273217
2021-12-23,618.0086669921875,650.25,670.9000244140625,647.2000122070312,665.7999877929688,2971327
2021-12-24,619.006591796875,651.2999877929688,655.4500122070312,639.2999877929688,652.0499877929688,3973912
2021-12-27,620.6697998046875,653.0499877929688,654.7999877929688,643.1500244140625,648.0,1838919
2021-12-28,624.756591796875,657.3499755859375,661.4000244140625,652.4500122070312,655.0499877929688,2232852
2021-12-29,623.3786010742188,655.9000244140625,657.2000122070312,644.9500122070312,655.0999755859375,3014867
2021-12-30,613.779296875,645.7999877929688,659.4000244140625,643.5499877929688,656.0,3713255
2021-12-31,623.4260864257812,655.9500122070312,665.0,647.2999877929688,647.7999877929688,2499623
2022-01-03,633.9756469726562,667.0499877929688,671.0,654.7000122070312,655.9500122070312,2383218
2022-01-04,637.1596069335938,670.4000244140625,673.9000244140625,663.4000244140625,670.0,1999008
2022-01-05,660.0646362304688,694.5,697.0,666.3499755859375,668.0999755859375,6342812
2022-01-06,640.5335693359375,673.9500122070312,692.5,672.2000122070312,692.0,4714784
2022-01-07,639.488037109375,672.8499755859375,679.0,667.5,676.0,2862614
2022-01-10,638.7752075195312,672.0999755859375,679.5,670.0,677.9000244140625,1841965
2022-01-11,613.6843872070312,645.7000122070312,668.5499877929688,643.25,664.0,6912370
2022-01-12,624.471435546875,657.0499877929688,659.2000122070312,649.0,652.0,5343630
2022-01-13,653.744384765625,687.8499755859375,691.5499877929688,657.25,659.0,7202966
2022-01-14,648.8497314453125,682.7000122070312,689.5499877929688,677.25,679.9000244140625,2054419
2022-01-17,664.7216796875,699.4000244140625,704.8499755859375,675.4000244140625,682.0,5920282
2022-01-18,646.4736938476562,680.2000122070312,704.5499877929688,677.5499877929688,703.3499755859375,3450193
2022-01-19,641.1987915039062,674.6500244140625,689.25,660.0,681.0,4889920
2022-01-20,648.6596069335938,682.5,686.0,672.4000244140625,679.0,2862609
2022-01-21,633.21533203125,666.25,680.0,662.1500244140625,678.9000244140625,3836844
2022-01-24,590.96923828125,621.7999877929688,657.0,618.0,656.5,7296421
2022-01-25,599.8557739257812,631.1500244140625,640.5999755859375,612.5999755859375,620.0,5007835
2022-01-27,595.0560913085938,626.0999755859375,632.1500244140625,612.0499877929688,619.0,4760551
2022-01-28,596.9093627929688,628.0499877929688,645.9000244140625,625.5499877929688,631.0,3719102
2022-01-31,597.7648315429688,628.9500122070312,639.0,628.0,636.0,2892647
2022-02-01,621.8577880859375,654.2999877929688,658.8499755859375,628.0,633.9500122070312,5150345
2022-02-02,627.1326293945312,659.8499755859375,663.7999877929688,652.2000122070312,660.0,2562721
2022-02-03,620.7648315429688,653.1500244140625,667.4000244140625,650.0,657.0,2456228
2022-02-04,624.756591796875,657.3499755859375,665.9000244140625,647.0,647.0,3284062
2022-02-07,618.864013671875,651.1500244140625,666.6500244140625,645.5999755859375,659.4000244140625,2768417
2022-02-08,627.3702392578125,660.0999755859375,662.9000244140625,644.25,655.5999755859375,3184065
2022-02-09,630.1739501953125,663.0499877929688,666.5999755859375,657.8499755859375,662.8499755859375,2200828
2022-02-10,639.2029418945312,672.5499877929688,678.0,664.0999755859375,666.2000122070312,4284880
2022-02-11,638.1099853515625,671.4000244140625,675.0,659.6500244140625,668.9500122070312,3122555
2022-02-14,595.4837646484375,626.5499877929688,665.0,604.2999877929688,656.2999877929688,6491576
2022-02-15,608.8846435546875,640.6500244140625,643.4500122070312,617.0999755859375,635.8499755859375,4001839
2022-02-16,606.3660278320312,638.0,646.1500244140625,635.0,641.1500244140625,1939683
2022-02-17,606.55615234375,638.2000122070312,649.4500122070312,634.4000244140625,641.7999877929688,2382178
2022-02-18,601.4713745117188,632.8499755859375,642.5,631.1500244140625,635.2000122070312,1458069
2022-02-21,592.204833984375,623.0999755859375,635.0,621.25,631.9000244140625,1857572
2022-02-22,591.1593627929688,622.0,624.7000122070312,602.5,611.0,3353278
2022-02-23,584.2213134765625,614.7000122070312,627.9500122070312,612.8499755859375,624.5,2339927
2022-02-24,541.119873046875,569.3499755859375,604.5,566.0,599.0,5487481
2022-02-25,568.9195556640625,598.5999755859375,605.9500122070312,576.1500244140625,576.1500244140625,4524909
2022-02-28,596.3391723632812,627.4500122070312,629.7999877929688,590.2000122070312,591.5,7142843
2022-03-02,612.6387939453125,644.5999755859375,654.0,622.1500244140625,625.0,8894940
2022-03-03,622.238037109375,654.7000122070312,662.5,649.2999877929688,650.5,5940599
2022-03-04,600.6160888671875,631.9500122070312,660.4000244140625,628.7000122070312,654.7000122070312,7605400
2022-03-07,605.5582275390625,637.1500244140625,643.0,622.5,630.0,5507113
2022-03-08,598.6201171875,629.8499755859375,639.9500122070312,613.0999755859375,639.9500122070312,5422987
2022-03-09,596.0540771484375,627.1500244140625,634.25,618.0,629.0,3784214
2022-03-10,618.4838256835938,650.75,652.1500244140625,624.0,632.0,5201836
2022-03-11,636.5416870117188,669.75,673.0,647.2000122070312,648.5,8172290
2022-03-14,631.884765625,664.8499755859375,673.0,658.5999755859375,667.0,2529995
2022-03-15,609.35986328125,641.1500244140625,660.7999877929688,635.0,659.0,4754984
2022-03-16,622.7606811523438,655.25,662.75,647.5,648.6500244140625,3150421
2022-03-17,651.1306762695312,685.0999755859375,692.9500122070312,660.3499755859375,662.0,9991824
2022-03-21,647.51904296875,681.2999877929688,699.0,679.0,689.7000122070312,4609771
2022-03-22,661.9654541015625,696.5,699.9000244140625,677.4500122070312,678.8499755859375,4811589
2022-03-23,669.4737548828125,704.4000244140625,710.0,692.25,702.9000244140625,8964532
2022-03-24,679.6431884765625,715.0999755859375,719.5,704.2000122070312,704.5,6069039
2022-03-25,685.583251953125,721.3499755859375,726.5,710.25,718.0,16121868
2022-03-28,693.8994750976562,730.0999755859375,731.4500122070312,718.1500244140625,722.0,8935680
2022-03-29,716.5194702148438,753.9000244140625,764.75,726.6500244140625,731.5,7285191
2022-03-30,681.9716796875,717.5499877929688,750.7000122070312,714.9500122070312,750.0,5994838
2022-03-31,696.3230590820312,732.6500244140625,737.5,720.5499877929688,724.0,5946576
2022-04-01,695.8953247070312,732.2000122070312,749.9500122070312,728.5,735.0,5079937
2022-04-04,696.3705444335938,732.7000122070312,738.0,726.7999877929688,732.5,4901374
2022-04-05,697.0833129882812,733.4500122070312,746.0,730.1500244140625,737.9000244140625,3524949
2022-04-06,700.8375244140625,737.4000244140625,746.5,729.7999877929688,730.5,4111360
2022-04-07,691.9511108398438,728.0499877929688,742.75,725.75,735.0,2954985
2022-04-08,719.08544921875,756.5999755859375,762.0499877929688,731.2000122070312,734.4500122070312,8125253
2022-04-11,729.3500366210938,767.4000244140625,775.0,756.0,756.0,7926472
2022-04-12,718.4202880859375,755.9000244140625,773.75,738.1500244140625,769.4000244140625,8595936
2022-04-13,728.35205078125,766.3499755859375,781.0999755859375,760.0,760.0,6722613
2022-04-18,729.7776489257812,767.8499755859375,775.8499755859375,758.4000244140625,764.0,5866740
2022-04-19,709.3912963867188,746.4000244140625,790.0,736.0999755859375,772.7000122070312,7301285
2022-04-20,702.215576171875,738.8499755859375,758.0,732.5,758.0,4679947
2022-04-21,697.796142578125,734.2000122070312,747.25,725.5,744.0,3995936
2022-04-22,687.5316772460938,723.4000244140625,737.0,722.0499877929688,730.0,2244262
2022-04-25,680.2135009765625,715.7000122070312,719.5,695.25,711.0,4935672
2022-04-26,685.4407348632812,721.2000122070312,724.2999877929688,713.0499877929688,722.3499755859375,3260695
2022-04-27,684.8704223632812,720.5999755859375,734.2000122070312,711.0,713.0,3391522
2022-04-28,692.9490356445312,729.0999755859375,734.25,722.6500244140625,729.8499755859375,4079934
2022-04-29,691.0958251953125,727.1500244140625,740.0,723.2999877929688,731.0999755859375,3622889
2022-05-02,695.65771484375,731.9500122070312,734.2000122070312,709.0499877929688,720.0,2802163
2022-05-04,676.2692260742188,711.5499877929688,736.0,708.0499877929688,734.0,3011231
2022-05-05,672.6576538085938,707.75,726.4000244140625,705.0999755859375,720.0,3131221
2022-05-06,656.1679077148438,690.4000244140625,700.9000244140625,680.6500244140625,695.4000244140625,3930624
2022-05-09,644.71533203125,678.3499755859375,686.0999755859375,668.0999755859375,681.0,3380947
2022-05-10,613.3040161132812,645.2999877929688,677.0,643.0999755859375,674.0,4293241
2022-05-11,616.773193359375,648.9500122070312,658.0,635.3499755859375,644.5,4158341
2022-05-12,593.820556640625,624.7999877929688,651.5499877929688,620.0,647.7000122070312,4123927
2022-05-13,570.6779174804688,600.4500122070312,637.0,594.1500244140625,634.0499877929688,5567335
2022-05-16,572.4361572265625,602.2999877929688,626.7000122070312,599.0499877929688,616.0,4641172
2022-05-17,610.025146484375,641.8499755859375,645.7999877929688,609.1500244140625,610.0,6309092
2022-05-18,599.7606201171875,631.0499877929688,644.9000244140625,628.0,642.9500122070312,4941565
2022-05-19,570.4403076171875,600.2000122070312,624.9500122070312,592.0499877929688,619.0,5816509
2022-05-20,599.80810546875,631.0999755859375,634.2999877929688,616.7000122070312,621.0,6187868
2022-05-23,520.4008178710938,547.5499877929688,594.0,537.5,594.0,17554373
2022-05-24,512.9401245117188,539.7000122070312,556.4000244140625,537.25,548.9500122070312,7517949
2022-05-25,502.2478942871094,528.4500122070312,545.0,521.0,541.9000244140625,4725882
2022-05-26,524.3450927734375,551.7000122070312,555.7000122070312,520.0499877929688,530.5,8178844
2022-05-27,521.2086791992188,548.4000244140625,561.2999877929688,539.4000244140625,558.0,5193961
2022-05-30,512.1321411132812,538.8499755859375,544.75,525.5999755859375,530.0,12211769
2022-05-31,523.9173583984375,551.25,558.2999877929688,532.2000122070312,537.5999755859375,20152169
2022-06-01,541.262451171875,569.5,572.3499755859375,549.2000122070312,554.0499877929688,8495547
2022-06-02,544.9691772460938,573.4000244140625,575.0,557.6500244140625,570.9000244140625,7010273
2022-06-03,534.5620727539062,562.4500122070312,581.9500122070312,559.5499877929688,576.0,6367536
2022-06-06,550.2913818359375,579.0,583.25,553.0,553.0,10383944
2022-06-07,543.7335205078125,572.0999755859375,579.4500122070312,567.0999755859375,575.0,3735461
2022-06-08,547.582763671875,576.1500244140625,583.0,572.2000122070312,573.5999755859375,4138705
2022-06-09,543.82861328125,572.2000122070312,575.7000122070312,564.0,570.0,3922515
2022-06-10,544.1137084960938,572.5,574.0,561.3499755859375,565.0,3374125
2022-06-13,536.03515625,564.0,567.9500122070312,555.0,563.0999755859375,4071346
2022-06-14,534.0393676757812,561.9000244140625,576.7999877929688,560.1500244140625,562.7999877929688,3413396
2022-06-15,535.0847778320312,563.0,569.0,557.0499877929688,562.0999755859375,3803101
2022-06-16,518.7850952148438,545.8499755859375,571.5,544.4500122070312,571.5,4899759
2022-06-17,527.1012573242188,554.5999755859375,561.7000122070312,539.7000122070312,540.0999755859375,6776372
2022-06-20,523.06201171875,550.3499755859375,554.5999755859375,536.0999755859375,550.5999755859375,5614520
2022-06-21,547.6303100585938,576.2000122070312,580.7999877929688,552.7000122070312,556.0,4657829
2022-06-22,523.1094970703125,550.4000244140625,569.9000244140625,542.5,567.25,8511658
2022-06-23,531.235595703125,558.9500122070312,565.5,548.0,550.0,5037690
2022-06-24,539.6467895507812,567.7999877929688,572.9000244140625,560.25,561.7000122070312,3406061
2022-06-27,543.3059692382812,571.6500244140625,588.5,570.0499877929688,575.7000122070312,6550599
2022-06-28,549.72119140625,578.4000244140625,580.5499877929688,568.0,573.4500122070312,4285360
2022-06-29,547.4876708984375,576.0499877929688,581.1500244140625,569.1500244140625,573.5,3334027
2022-06-30,536.5103759765625,564.5,582.7999877929688,556.2000122070312,577.0,5646362
2022-07-01,550.1488647460938,578.8499755859375,580.5,556.5499877929688,556.5499877929688,3737790
2022-07-04,540.3510131835938,551.5,568.75,544.2000122070312,562.0999755859375,6026463
2022-07-05,541.4778442382812,552.6500244140625,564.0,550.5999755859375,555.5,3562565
2022-07-06,543.3394165039062,554.5499877929688,557.2999877929688,541.0,548.0,3281658
2022-07-07,562.9840698242188,574.5999755859375,578.0,551.5999755859375,560.5499877929688,4952962
2022-07-08,554.7538452148438,566.2000122070312,581.0999755859375,562.5499877929688,580.0,3313755
2022-07-11,565.6294555664062,577.2999877929688,591.3499755859375,561.0999755859375,564.0,4900994
2022-07-12,562.837158203125,574.4500122070312,581.4500122070312,563.5,573.9000244140625,3425619
2022-07-13,576.7009887695312,588.5999755859375,593.75,574.5999755859375,575.5499877929688,4569908
2022-07-14,572.1939697265625,584.0,591.4500122070312,574.25,589.0,4660656
2022-07-15,564.7476806640625,576.4000244140625,584.0,569.3499755859375,582.0,3051005
2022-07-18,574.1046142578125,585.9500122070312,592.0,578.0,582.9000244140625,3583550
2022-07-19,573.0267944335938,584.8499755859375,589.5999755859375,577.4000244140625,580.8499755859375,3586372
2022-07-20,578.4156494140625,590.3499755859375,599.9500122070312,587.0,595.5,4550328
2022-07-21,575.6722412109375,587.5499877929688,595.9000244140625,585.0499877929688,589.9000244140625,3773423
2022-07-22,570.6754150390625,582.4500122070312,592.5499877929688,579.2000122070312,588.0,4351458
2022-07-25,573.6636962890625,585.5,588.4000244140625,573.5,573.5,5783353
2022-07-26,585.666015625,597.75,599.6500244140625,581.5999755859375,584.0,6031921
2022-07-27,590.5160522460938,602.7000122070312,603.7999877929688,590.0,596.0,2913380
2022-07-28,604.2329711914062,616.7000122070312,626.9500122070312,603.0499877929688,605.0999755859375,5104503
2022-07-29,616.8721923828125,629.5999755859375,637.9500122070312,620.5499877929688,623.0,4732970
2022-08-01,626.2781372070312,639.2000122070312,641.0,628.25,634.5999755859375,3055387
2022-08-02,635.5860595703125,648.7000122070312,649.9500122070312,626.2999877929688,637.75,3053206
2022-08-03,639.6031494140625,652.7999877929688,660.7999877929688,645.0,650.0,4446383
2022-08-04,650.9196166992188,664.3499755859375,673.4500122070312,652.9000244140625,652.9000244140625,4705675
2022-08-05,653.6630859375,667.1500244140625,674.0,665.0,665.0999755859375,2455459
2022-08-08,655.6716918945312,669.2000122070312,676.0,662.4500122070312,670.5,2446698
2022-08-10,656.5534057617188,670.0999755859375,674.7999877929688,660.0,672.5499877929688,3252353
2022-08-11,659.982666015625,673.5999755859375,678.2999877929688,669.4500122070312,673.0999755859375,3480693
2022-08-12,664.4896850585938,678.2000122070312,685.0,673.0,673.5999755859375,3476671
2022-08-16,660.2276000976562,673.8499755859375,680.9000244140625,670.4000244140625,678.0,2747244
2022-08-17,659.0029296875,672.5999755859375,676.4500122070312,668.4000244140625,672.5499877929688,2349839
2022-08-18,659.7867431640625,673.4000244140625,677.75,668.9000244140625,670.0,1806855
2022-08-19,651.1156616210938,664.5499877929688,676.7999877929688,663.0999755859375,676.7999877929688,1961510
2022-08-22,629.9523315429688,642.9500122070312,663.0999755859375,641.0,660.9000244140625,2303053
2022-08-23,639.6521606445312,652.8499755859375,655.0,636.7000122070312,642.0,1751341
2022-08-24,638.3294067382812,651.5,657.2999877929688,647.0,654.5,1781643
2022-08-25,635.5860595703125,648.7000122070312,659.8499755859375,647.0499877929688,654.0,1525852
2022-08-26,653.51611328125,667.0,670.5499877929688,654.0,656.0,3070661
2022-08-29,636.4677734375,649.5999755859375,659.9500122070312,642.5999755859375,654.0,2728484
2022-08-30,653.4181518554688,666.9000244140625,668.0,651.5,652.8499755859375,2321586
2022-09-01,648.2252807617188,661.5999755859375,669.7999877929688,653.25,655.0,2472832
2022-09-02,648.0293579101562,661.4000244140625,669.0,654.0,660.0,2022058
2022-09-05,668.1639404296875,681.9500122070312,683.5499877929688,662.0,662.0,4930594
2022-09-06,670.7113037109375,684.5499877929688,687.0,678.5,682.0,3295941
2022-09-07,670.76025390625,684.5999755859375,687.75,675.7999877929688,678.0,2310672
2022-09-08,671.4951171875,685.3499755859375,691.0999755859375,679.2999877929688,687.0,1889770
2022-09-09,673.0628662109375,686.9500122070312,701.75,685.0999755859375,687.0,3953738
2022-09-12,673.0628662109375,686.9500122070312,686.9500122070312,686.9500122070312,686.9500122070312,0
2022-09-13,677.0798950195312,691.0499877929688,697.9500122070312,686.5999755859375,690.0,2094822
2022-09-14,678.8435668945312,692.8499755859375,701.7999877929688,682.0,685.0,2755630
2022-09-15,675.708251953125,689.6500244140625,698.0,684.5,692.0999755859375,2887795
2022-09-16,671.9850463867188,685.8499755859375,694.5,679.0,685.0,4073365
2022-09-19,666.204345703125,679.9500122070312,691.5,675.3499755859375,682.0,1708723
2022-09-20,675.0713500976562,689.0,698.25,682.0499877929688,683.3499755859375,1802967
2022-09-21,671.0051879882812,684.8499755859375,692.5,682.0,685.2000122070312,1806929
2022-09-22,665.6163940429688,679.3499755859375,687.0,674.0,681.0,1504203
2022-09-23,655.4757080078125,669.0,686.9500122070312,667.0,681.5,1558314
2022-09-26,633.0877075195312,646.1500244140625,661.9500122070312,638.0,659.2000122070312,2192702
2022-09-27,624.12255859375,637.0,650.9500122070312,633.0,649.4000244140625,2512782
2022-09-28,604.0369873046875,616.5,632.5,615.0,629.0999755859375,2164186
2022-09-29,605.7515869140625,618.25,628.0,617.0499877929688,620.5,3577828
2022-09-30,618.880859375,631.6500244140625,633.9500122070312,614.2000122070312,621.0,1588501
2022-10-03,610.9444580078125,623.5499877929688,631.0,621.25,631.0,1285991
2022-10-04,630.1973266601562,643.2000122070312,645.0,632.1500244140625,633.7999877929688,1384242
2022-10-06,660.8155517578125,674.4500122070312,678.0,648.4000244140625,648.4000244140625,3704140
2022-10-07,652.5853271484375,666.0499877929688,673.0,659.5499877929688,671.4000244140625,1601796
2022-10-10,652.5362548828125,666.0,668.0,654.5,655.6500244140625,1089870
2022-10-11,629.75634765625,642.75,669.3499755859375,640.0,669.3499755859375,1644047
2022-10-12,637.9375,651.0999755859375,653.75,638.2000122070312,646.0,1530483
2022-10-13,635.2431640625,648.3499755859375,656.0,641.7000122070312,652.5,938662
2022-10-14,627.306884765625,640.25,659.5,639.0,658.0,1386827
2022-10-17,618.684814453125,631.4500122070312,636.25,624.0,633.1500244140625,2281559
2022-10-18,623.8776245117188,636.75,638.5,631.1500244140625,634.5999755859375,1809430
2022-10-19,613.2470703125,625.9000244140625,639.9500122070312,625.0,639.9500122070312,2157157
2022-10-20,615.6964721679688,628.4000244140625,630.0,615.0,618.5999755859375,2686775
2022-10-21,609.4747924804688,622.0499877929688,630.5,616.5,630.0999755859375,2547197
2022-10-24,609.4747924804688,622.0499877929688,622.0499877929688,622.0499877929688,622.0499877929688,0
2022-10-25,631.323974609375,644.3499755859375,650.9500122070312,624.2000122070312,624.2000122070312,4787246
2022-10-27,665.861328125,679.5999755859375,683.0,648.0,650.0,8328955
2022-10-28,656.8474731445312,670.4000244140625,678.4500122070312,663.4500122070312,676.5999755859375,2500826
2022-10-31,660.3256225585938,673.9500122070312,676.4500122070312,669.0499877929688,672.0,1380329
2022-11-01,672.4749755859375,686.3499755859375,688.25,670.0,670.0,2846573
2022-11-02,670.3684692382812,684.2000122070312,693.9500122070312,682.2999877929688,685.0,1912908
2022-11-03,666.4492797851562,680.2000122070312,688.0,677.9500122070312,678.7000122070312,1639039
2022-11-04,687.5635986328125,701.75,703.9500122070312,682.3499755859375,683.2000122070312,3624889
2022-11-07,695.6468505859375,710.0,715.4500122070312,700.0,705.2999877929688,3121786
2022-11-09,692.2665405273438,706.5499877929688,716.2000122070312,703.0499877929688,716.0,1632827
2022-11-10,686.8777465820312,701.0499877929688,705.7000122070312,697.2000122070312,699.7999877929688,932886
2022-11-11,704.46484375,719.0,721.9500122070312,705.1500244140625,706.0,2607860
2022-11-14,704.8568115234375,719.4000244140625,731.4000244140625,716.6500244140625,722.5999755859375,2089880
2022-11-15,707.7471313476562,722.3499755859375,724.8499755859375,712.7999877929688,720.4000244140625,1065114
2022-11-16,693.9322509765625,708.25,721.9500122070312,704.0,720.5,1395043
2022-11-17,694.275146484375,708.5999755859375,712.9500122070312,697.5499877929688,705.0,1391449
2022-11-18,693.8832397460938,708.2000122070312,711.5999755859375,701.2000122070312,710.0,893816
2022-11-21,682.4686889648438,696.5499877929688,722.8499755859375,692.6500244140625,720.0,3360316
2022-11-22,693.9322509765625,708.25,709.9000244140625,691.0,696.5,2421572
2022-11-23,705.9835205078125,720.5499877929688,722.0,708.0,710.0999755859375,1735389
2022-11-24,711.2743530273438,725.9500122070312,728.4500122070312,717.0999755859375,722.0,1654760
2022-11-25,711.5193481445312,726.2000122070312,728.5999755859375,720.0999755859375,722.0,1466688
2022-11-28,701.1826171875,715.6500244140625,724.75,710.0,718.5,2418509
2022-11-29,717.740966796875,732.5499877929688,735.9000244140625,713.8499755859375,714.5,3306817
2022-11-30,728.3717041015625,743.4000244140625,745.6500244140625,731.0999755859375,734.0999755859375,3962572
2022-12-01,731.2130126953125,746.2999877929688,752.9500122070312,743.0999755859375,747.1500244140625,1942307
2022-12-02,728.0286865234375,743.0499877929688,751.2999877929688,740.5499877929688,746.6500244140625,1392199
2022-12-05,741.3047485351562,756.5999755859375,759.0,746.0,746.4500122070312,2129340
2022-12-06,731.6539306640625,746.75,755.75,740.2000122070312,754.9500122070312,1468238
2022-12-07,723.227783203125,738.1500244140625,751.0,736.25,747.0499877929688,1162282
2022-12-08,729.6453247070312,744.7000122070312,746.7000122070312,736.0499877929688,738.1500244140625,1053397
2022-12-09,725.4323120117188,740.4000244140625,750.7999877929688,738.2000122070312,748.4500122070312,1338271
2022-12-12,725.8731689453125,740.8499755859375,742.0,727.5,738.0,1224081
2022-12-13,729.2044067382812,744.25,746.0,735.6500244140625,744.5,1201367
2022-12-14,742.62744140625,757.9500122070312,759.6500244140625,745.8499755859375,747.9500122070312,1471083
2022-12-15,728.3226318359375,743.3499755859375,762.9000244140625,741.0,756.0,1690335
2022-12-16,728.4205932617188,743.4500122070312,747.5499877929688,735.0,739.7999877929688,1498658
2022-12-19,734.29931640625,749.4500122070312,750.7999877929688,739.75,742.0,944749
2022-12-20,730.7230834960938,745.7999877929688,747.1500244140625,733.0999755859375,740.4500122070312,1512103
2022-12-21,728.07763671875,743.0999755859375,752.9500122070312,739.6500244140625,750.0,1605753
2022-12-22,722.6398315429688,737.5499877929688,749.0,734.4500122070312,743.0999755859375,1403642
2022-12-23,713.1359252929688,727.8499755859375,736.5499877929688,722.4000244140625,729.9500122070312,1687270
2022-12-26,717.3980102539062,732.2000122070312,737.3499755859375,723.25,727.5499877929688,1168456
2022-12-27,749.4860229492188,764.9500122070312,769.2999877929688,734.4500122070312,735.9000244140625,4992699
2022-12-28,746.3016357421875,761.7000122070312,767.0999755859375,757.1500244140625,761.0,1917734
2022-12-29,753.8460693359375,769.4000244140625,771.4500122070312,752.5,756.0,2103907
2022-12-30,752.5233154296875,768.0499877929688,777.5,765.25,773.0,2190914
2023-01-02,759.626708984375,775.2999877929688,783.5,766.1500244140625,771.9000244140625,3360043
2023-01-03,752.3764038085938,767.9000244140625,776.5,763.5999755859375,776.1500244140625,1635681
2023-01-04,721.4151000976562,736.2999877929688,767.6500244140625,734.5499877929688,766.4000244140625,2819669
2023-01-05,735.5239868164062,750.7000122070312,752.8499755859375,736.5499877929688,741.8499755859375,2452379
2023-01-06,713.6258544921875,728.3499755859375,754.4000244140625,725.9500122070312,750.0,3536096
2023-01-09,727.3427734375,742.3499755859375,746.6500244140625,735.1500244140625,736.75,1761359
2023-01-10,730.13525390625,745.2000122070312,751.4500122070312,735.0499877929688,744.25,2289489
2023-01-11,738.9533081054688,754.2000122070312,758.4500122070312,748.0499877929688,750.0,2794465
2023-01-12,748.0162963867188,763.4500122070312,764.4000244140625,752.5999755859375,758.4000244140625,2422254
2023-01-13,752.9641723632812,768.5,771.9500122070312,761.7000122070312,765.0,1816006
2023-01-16,743.8522338867188,759.2000122070312,771.0,753.7000122070312,768.75,1673126
2023-01-17,742.1865234375,757.5,763.75,747.2999877929688,758.4500122070312,1480994
2023-01-18,751.6416015625,767.1500244140625,769.5,755.2000122070312,759.0,1740579
2023-01-19,744.6849975585938,760.0499877929688,774.0,757.0499877929688,762.9500122070312,2185302
2023-01-20,726.4609985351562,741.4500122070312,764.0,738.4000244140625,760.0,3001352
2023-01-23,719.1126708984375,733.9500122070312,747.1500244140625,726.0,737.5499877929688,3335294
2023-01-24,707.4532470703125,722.0499877929688,737.9000244140625,719.0,735.0,3146984
2023-01-25,710.000732421875,724.6500244140625,726.9000244140625,717.0,723.0,1567673
2023-01-27,706.7673950195312,721.3499755859375,728.25,711.5999755859375,727.7999877929688,2706934
2023-01-30,687.5146484375,701.7000122070312,725.0,692.7999877929688,725.0,2277856
2023-01-31,701.9664916992188,716.4500122070312,719.7999877929688,704.1500244140625,708.7000122070312,2294866
2023-02-01,714.9485473632812,729.7000122070312,738.7000122070312,719.7999877929688,722.0,3271508
2023-02-02,712.6951293945312,727.4000244140625,736.9000244140625,721.75,729.75,2299091
2023-02-03,717.0551147460938,731.8499755859375,734.2999877929688,719.5,727.0,2558496
2023-02-06,696.6755981445312,711.0499877929688,731.2999877929688,709.0999755859375,727.8499755859375,1202963
2023-02-07,699.6639404296875,714.0999755859375,720.6500244140625,706.0999755859375,708.0,1946683
2023-02-08,717.153076171875,731.9500122070312,736.0,712.5499877929688,717.7999877929688,1793312
2023-02-09,709.1188354492188,723.75,737.4000244140625,722.4500122070312,733.0,956700
2023-02-10,704.4158935546875,718.9500122070312,726.6500244140625,712.0,722.0,997205
2023-02-13,703.5341186523438,718.0499877929688,727.7000122070312,715.0,716.0,863438
2023-02-14,709.216796875,723.8499755859375,726.0,715.4500122070312,721.6500244140625,931784
2023-02-15,712.4501953125,727.1500244140625,728.5999755859375,720.0999755859375,720.0999755859375,859372
2023-02-16,713.23388671875,727.9500122070312,731.4500122070312,723.9500122070312,730.7999877929688,649802
2023-02-17,713.6749877929688,728.4000244140625,735.9000244140625,725.4000244140625,726.0,1142716
2023-02-20,708.7269287109375,723.3499755859375,733.0,721.4000244140625,728.4000244140625,606435
2023-02-21,705.5426025390625,720.0999755859375,736.0,717.2999877929688,730.0,1749017
2023-02-22,685.800048828125,699.9500122070312,723.25,695.0,720.0999755859375,1810091
2023-02-23,687.1226806640625,701.2999877929688,714.2999877929688,700.0999755859375,701.9000244140625,1824396
2023-02-24,671.1521606445312,685.0,706.75,677.2000122070312,705.0,2142286
2023-02-27,666.7431030273438,680.5,685.0,665.8499755859375,684.5,1814311
2023-02-28,653.712158203125,667.2000122070312,683.9500122070312,664.9000244140625,683.9500122070312,1915622
2023-03-01,663.0200805664062,676.7000122070312,678.7999877929688,668.0,668.0,1464537
2023-03-02,661.4523315429688,675.0999755859375,683.7000122070312,673.5999755859375,680.1500244140625,1091983
2023-03-03,668.5067749023438,682.2999877929688,686.0,676.0499877929688,681.5,1084202
2023-03-06,660.6195678710938,674.25,683.7999877929688,673.3499755859375,683.5,1215223
2023-03-08,661.746337890625,675.4000244140625,677.0,664.0,670.0,1539129
2023-03-09,666.4492797851562,680.2000122070312,691.9500122070312,672.5499877929688,677.0999755859375,6336933
2023-03-10,665.66552734375,679.4000244140625,681.3499755859375,666.0999755859375,668.25,5369878
2023-03-13,661.9421997070312,675.5999755859375,691.4500122070312,673.0499877929688,682.7999877929688,1602921
2023-03-14,658.4639892578125,672.0499877929688,682.7999877929688,667.7000122070312,678.0,1555671
2023-03-15,665.9104614257812,679.6500244140625,684.7999877929688,674.7000122070312,681.0,1173429
2023-03-16,649.0091552734375,662.4000244140625,675.7000122070312,649.0499877929688,675.2000122070312,2512474
2023-03-17,662.72607421875,676.4000244140625,678.0,664.5,670.0,1667707
2023-03-20,654.6428833007812,668.1500244140625,672.9000244140625,660.0,672.9000244140625,1480884
2023-03-21,652.2913208007812,665.75,671.5,662.0,671.5,1133592
2023-03-22,648.8621215820312,662.25,671.25,660.0499877929688,666.0,949388
2023-03-23,654.2999267578125,667.7999877929688,670.7999877929688,658.25,661.9000244140625,1099501
2023-03-24,644.5020141601562,657.7999877929688,671.1500244140625,655.75,671.1500244140625,1563002
2023-03-27,645.5308837890625,658.8499755859375,666.5,655.8499755859375,661.0999755859375,1134491
2023-03-28,646.6575927734375,660.0,662.9500122070312,655.9500122070312,662.1500244140625,1190600
2023-03-29,665.1755981445312,678.9000244140625,685.4500122070312,658.5999755859375,663.2999877929688,2208428
2023-03-31,674.1895751953125,688.0999755859375,692.5,676.7999877929688,679.0,1447293
2023-04-03,668.4088745117188,682.2000122070312,691.6500244140625,676.1500244140625,690.4000244140625,1335604
2023-04-05,672.6708374023438,686.5499877929688,690.0,675.0499877929688,678.5,1188370
2023-04-06,668.8987426757812,682.7000122070312,688.0,680.25,688.0,726290
2023-04-10,674.5814819335938,688.5,693.25,682.7999877929688,684.0499877929688,600036
2023-04-11,699.1740112304688,713.5999755859375,715.0,688.5,693.75,4076632
2023-04-12,703.7300415039062,718.25,722.5,711.4000244140625,719.9000244140625,1810361
2023-04-13,706.0816040039062,720.6500244140625,722.0,714.25,717.0,835749
2023-04-17,706.6204223632812,721.2000122070312,723.6500244140625,714.0,714.0,1253589
2023-04-18,704.8078002929688,719.3499755859375,725.0,712.4000244140625,720.0499877929688,837349
2023-04-19,707.7471313476562,722.3499755859375,733.7000122070312,715.3499755859375,715.3499755859375,2268330
2023-04-20,701.3295288085938,715.7999877929688,727.0,712.7000122070312,726.0,1033900
2023-04-21,696.28369140625,710.6500244140625,719.0,703.0999755859375,719.0,1416385
2023-04-24,705.78759765625,720.3499755859375,723.9000244140625,705.1500244140625,708.5499877929688,729151
2023-04-25,710.3436279296875,725.0,730.5999755859375,717.7999877929688,720.3499755859375,1079227
2023-04-26,708.824951171875,723.4500122070312,724.6500244140625,712.0,720.0,1277410
2023-04-27,717.300048828125,732.0999755859375,734.75,717.5999755859375,723.0,1247848
2023-04-28,710.6375122070312,725.2999877929688,736.0,721.5499877929688,736.0,1593083
2023-05-02,722.9828491210938,737.9000244140625,746.5,728.5,731.9500122070312,1965606
2023-05-03,717.6429443359375,732.4500122070312,735.5,725.9000244140625,731.0,1215913
2023-05-04,723.7666625976562,738.7000122070312,742.0,730.25,733.9500122070312,1464468
2023-05-05,718.5247802734375,733.3499755859375,741.6500244140625,730.5,736.2999877929688,945667
2023-05-08,717.9859008789062,732.7999877929688,741.0,730.0499877929688,735.5999755859375,1132367
2023-05-09,709.95166015625,724.5999755859375,740.5,722.5,733.5999755859375,1179219
2023-05-10,709.7067260742188,724.3499755859375,729.5999755859375,719.4000244140625,725.0,919645
2023-05-11,696.2347412109375,710.5999755859375,729.4000244140625,708.5,727.5,1284636
2023-05-12,688.4454345703125,702.6500244140625,708.9000244140625,691.1500244140625,699.9000244140625,1499306
2023-05-15,691.2868041992188,705.5499877929688,710.5,697.0,701.9000244140625,998259
2023-05-16,688.54345703125,702.75,711.0499877929688,700.5499877929688,710.4500122070312,874913
2023-05-17,681.0480346679688,695.0999755859375,701.3499755859375,691.7999877929688,701.3499755859375,1686465
2023-05-18,678.0596923828125,692.0499877929688,709.5,689.25,700.7999877929688,3667407
2023-05-19,679.8233032226562,693.8499755859375,696.5999755859375,681.0499877929688,696.0,2329260
2023-05-22,690.3560180664062,704.5999755859375,707.7999877929688,687.4500122070312,692.0,2182824
2023-05-23,689.8660888671875,704.0999755859375,711.9000244140625,702.5,710.0,2324758
2023-05-24,681.9298095703125,696.0,706.5499877929688,694.5,700.0,1185182
2023-05-25,682.5667724609375,696.6500244140625,702.6500244140625,690.0,693.0,1213068
2023-05-26,687.5146484375,701.7000122070312,705.4500122070312,694.1500244140625,696.6500244140625,1461749
2023-05-29,688.0045166015625,702.2000122070312,708.9500122070312,701.0999755859375,703.25,1467219
2023-05-30,690.3560180664062,704.5999755859375,717.9000244140625,697.9000244140625,701.0999755859375,3317461
2023-05-31,682.2237548828125,696.2999877929688,704.9500122070312,691.0,701.1500244140625,14943096
2023-06-01,679.8233032226562,693.8499755859375,701.9000244140625,691.1500244140625,698.9000244140625,1995511
2023-06-02,692.3156127929688,706.5999755859375,709.0499877929688,695.75,698.0,3405152
2023-06-05,697.75341796875,712.1500244140625,714.0,703.0,708.9500122070312,2454283
2023-06-06,698.4391479492188,712.8499755859375,717.5,708.7999877929688,714.0,2436996
2023-06-07,714.99755859375,729.75,732.2000122070312,714.0,715.25,3667486
2023-06-08,733.6624755859375,748.7999877929688,764.4500122070312,727.8499755859375,729.75,9618332
2023-06-09,733.3684692382812,748.5,756.9500122070312,741.5,751.5,2408734
2023-06-12,732.1927490234375,747.2999877929688,757.9500122070312,744.6500244140625,754.5999755859375,1703619
2023-06-13,741.3538208007812,756.6500244140625,762.5999755859375,751.1500244140625,755.0,3419413
2023-06-14,757.2262573242188,772.8499755859375,779.0,759.1500244140625,761.5499877929688,4758206
2023-06-15,755.021728515625,770.5999755859375,778.0,768.5,778.0,2222061
2023-06-16,760.4105224609375,776.0999755859375,781.7999877929688,772.7000122070312,776.9500122070312,2285788
2023-06-19,756.0505981445312,771.6500244140625,782.0,767.8499755859375,780.5,1422461
2023-06-20,757.520263671875,773.1500244140625,786.5,768.5499877929688,772.2000122070312,2282549
2023-06-21,743.4112548828125,758.75,774.0,752.0499877929688,773.1500244140625,2768203
2023-06-22,737.1406860351562,752.3499755859375,763.75,745.9500122070312,754.2000122070312,1972478
2023-06-23,731.408935546875,746.5,758.7000122070312,743.8499755859375,750.0,1704679
2023-06-26,733.6624755859375,748.7999877929688,751.3499755859375,737.1500244140625,749.9000244140625,1602537
2023-06-27,747.08544921875,762.5,765.0,749.0499877929688,750.0,2783577
2023-06-28,767.5630493164062,783.4000244140625,791.4500122070312,762.0,768.0,8340755
2023-06-30,768.9346923828125,784.7999877929688,789.0,780.0,786.2999877929688,2515440
2023-07-03,777.94873046875,794.0,808.2999877929688,787.0499877929688,788.0,4781944
2023-07-04,780.5452270507812,796.6500244140625,802.75,789.2999877929688,798.0,2473106
2023-07-05,775.8912353515625,791.9000244140625,803.5999755859375,788.0999755859375,796.7000122070312,2526894
2023-07-06,779.4673461914062,795.5499877929688,804.5499877929688,789.0,804.4500122070312,3316923
2023-07-07,772.4619140625,788.4000244140625,801.9000244140625,784.4000244140625,796.0,2547821
2023-07-10,794.213134765625,810.5999755859375,813.7999877929688,787.75,789.0,4777540
2023-07-11,784.5708618164062,797.4000244140625,815.7000122070312,793.2999877929688,815.5499877929688,3085989
2023-07-12,792.7372436523438,805.7000122070312,814.7999877929688,788.6500244140625,804.5,25929716
2023-07-13,789.2444458007812,802.1500244140625,814.2000122070312,796.7999877929688,810.7000122070312,3049961
2023-07-14,791.9009399414062,804.8499755859375,807.9000244140625,792.0999755859375,807.9000244140625,2011903
2023-07-17,785.3087768554688,798.1500244140625,812.0,797.0,805.6500244140625,1769593
2023-07-18,778.1754760742188,790.9000244140625,801.0,788.5,799.7999877929688,1527919
2023-07-19,779.1593627929688,791.9000244140625,797.8499755859375,789.0499877929688,796.0,1563134
2023-07-20,786.1942749023438,799.0499877929688,801.4500122070312,785.75,795.0,1780010
2023-07-21,773.7969970703125,786.4500122070312,823.3499755859375,782.5999755859375,798.0,8469798
2023-07-24,763.1708374023438,775.6500244140625,789.0,773.2000122070312,789.0,2710762
2023-07-25,787.6701049804688,800.5499877929688,805.5,777.0,778.0,4850069
2023-07-26,792.4912719726562,805.4500122070312,809.0,800.0999755859375,807.4500122070312,3062011
2023-07-27,780.9795532226562,793.75,814.5,791.0,806.0,2865447
2023-07-28,791.2122802734375,804.1500244140625,806.0,786.0,795.0,2111325
2023-07-31,803.6094970703125,816.75,821.2000122070312,806.2000122070312,806.2000122070312,4226070
2023-08-01,807.6928100585938,820.9000244140625,825.0,816.9500122070312,823.0,2406158
2023-08-02,791.3106079101562,804.25,817.8499755859375,798.3499755859375,817.0,1975596
2023-08-03,791.5073852539062,804.4500122070312,809.0,794.2000122070312,804.25,1829238
2023-08-04,792.9832153320312,805.9500122070312,814.7999877929688,802.7999877929688,808.0,1275614
2023-08-07,799.9690551757812,813.0499877929688,816.5999755859375,803.5499877929688,808.0,1422051
2023-08-08,788.4080810546875,801.2999877929688,816.5,799.5,815.0499877929688,933777
2023-08-09,810.2017211914062,823.4500122070312,828.9000244140625,801.3499755859375,801.7000122070312,3133311
2023-08-10,818.1221313476562,831.5,835.0,819.25,825.0,6313077
2023-08-11,807.44677734375,820.6500244140625,831.3499755859375,815.5999755859375,830.0,3239511
2023-08-14,786.5878295898438,799.4500122070312,815.0,793.5499877929688,815.0,1866848
2023-08-16,782.5045776367188,795.2999877929688,803.7000122070312,789.0,803.7000122070312,1317570
2023-08-17,777.0438842773438,789.75,796.6500244140625,783.5999755859375,794.8499755859375,1434401
2023-08-18,774.4365234375,787.0999755859375,793.9000244140625,783.2999877929688,789.9000244140625,1546387
2023-08-21,781.9634399414062,794.75,797.5999755859375,787.7999877929688,793.0,1033216
2023-08-22,782.4061889648438,795.2000122070312,799.9500122070312,792.2999877929688,799.9000244140625,823108
2023-08-23,785.0628051757812,797.9000244140625,802.9000244140625,793.0499877929688,799.0,1274976
2023-08-24,775.2236938476562,787.9000244140625,806.7000122070312,786.1500244140625,800.0,1726077
2023-08-25,760.7109985351562,773.1500244140625,787.5499877929688,770.5499877929688,781.0,1502054
2023-08-28,760.5633544921875,773.0,780.9500122070312,771.0,775.5,1769280
2023-08-29,770.0582275390625,782.6500244140625,785.9000244140625,775.5499877929688,778.9000244140625,1807893
2023-08-30,774.4857788085938,787.1500244140625,791.9500122070312,784.0999755859375,784.7000122070312,1978468
2023-08-31,767.1064453125,779.6500244140625,791.7999877929688,777.0,787.1500244140625,3999415
2023-09-01,793.426025390625,806.4000244140625,807.7000122070312,778.0,779.0,3513798
2023-09-04,796.7713012695312,809.7999877929688,826.5999755859375,808.5,811.9500122070312,3571051
2023-09-05,802.8223266601562,815.9500122070312,818.0,800.5,808.9500122070312,1770212
2023-09-06,801.789306640625,814.9000244140625,817.5,803.2999877929688,816.0499877929688,2225037
2023-09-07,806.1184692382812,819.2999877929688,821.4000244140625,805.5,812.0499877929688,2652562
2023-09-08,802.6256103515625,815.75,824.0,810.5999755859375,819.2999877929688,1866220
2023-09-11,810.9888305664062,824.25,829.3499755859375,816.4500122070312,820.0,1715172
2023-09-12,803.068359375,816.2000122070312,840.0,811.9000244140625,833.7999877929688,2776481
2023-09-13,797.6567993164062,810.7000122070312,820.1500244140625,808.0,818.0,1380634
2023-09-14,797.3125,810.3499755859375,825.0,808.8499755859375,812.9500122070312,2398032
2023-09-15,799.772216796875,812.8499755859375,819.7000122070312,805.0,813.0499877929688,4454542
2023-09-18,795.787353515625,808.7999877929688,814.9500122070312,807.5499877929688,812.8499755859375,1335464
2023-09-20,774.0921630859375,786.75,810.7999877929688,785.2000122070312,808.0499877929688,3359951
2023-09-21,765.8273315429688,778.3499755859375,791.5999755859375,774.0,790.0,2875491
2023-09-22,761.5964965820312,774.0499877929688,783.7000122070312,772.7000122070312,780.0,2147621
2023-09-25,767.3524169921875,779.9000244140625,783.4500122070312,774.3499755859375,776.9500122070312,2326745
2023-09-26,767.1064453125,779.6500244140625,788.4000244140625,777.9500122070312,779.9000244140625,1727679
2023-09-27,767.0571899414062,779.5999755859375,785.7000122070312,774.6500244140625,780.0,2612372
2023-09-28,755.7421875,768.0999755859375,787.4000244140625,764.3499755859375,780.7000122070312,3157286
2023-09-29,767.0571899414062,779.5999755859375,783.9000244140625,771.4500122070312,775.8499755859375,1704218
2023-10-03,757.8576049804688,770.25,776.5499877929688,768.0,776.5499877929688,1099773
2023-10-04,744.42724609375,756.5999755859375,768.0,753.1500244140625,767.9500122070312,1654158
2023-10-05,743.3449096679688,755.5,762.6500244140625,752.9000244140625,762.0,1459736
2023-10-06,752.8888549804688,765.2000122070312,771.1500244140625,758.6500244140625,760.3499755859375,2026927
2023-10-09,745.3619384765625,757.5499877929688,761.4000244140625,749.1500244140625,756.5,725323
2023-10-10,759.4811401367188,771.9000244140625,774.2000122070312,757.2999877929688,759.6500244140625,1351582
2023-10-11,764.7449951171875,777.25,782.5499877929688,774.5499877929688,776.0,1841618
2023-10-12,770.84521484375,783.4500122070312,789.9500122070312,779.4500122070312,782.4000244140625,2139718
2023-10-13,764.7449951171875,777.25,780.0,773.0,778.0,998547
2023-10-16,777.9785766601562,790.7000122070312,794.3499755859375,773.0,777.25,2157341
2023-10-17,777.4375,790.1500244140625,796.0,788.1500244140625,792.7000122070312,1050381
2023-10-18,771.780029296875,784.4000244140625,801.0,781.2000122070312,793.0999755859375,1250892
2023-10-19,767.8934936523438,780.4500122070312,782.7000122070312,769.1500244140625,780.1500244140625,2130597
2023-10-20,757.0213012695312,769.4000244140625,779.75,761.9000244140625,779.5999755859375,1501944
2023-10-23,736.9003295898438,748.9500122070312,774.7999877929688,746.0999755859375,770.7999877929688,1715908
2023-10-25,736.2607421875,748.2999877929688,761.8499755859375,741.5,754.0999755859375,2417579
2023-10-26,716.97607421875,728.7000122070312,745.0,725.5,744.7000122070312,2519570
2023-10-27,720.2229614257812,732.0,735.4500122070312,725.25,729.7000122070312,1588987
2023-10-30,722.6828002929688,734.5,736.7999877929688,726.0,734.7999877929688,1162173
2023-10-31,724.5030517578125,736.3499755859375,738.5499877929688,727.0,737.0,1363728
2023-11-01,712.7944946289062,724.4500122070312,737.2999877929688,723.0,736.9000244140625,1845107
2023-11-02,721.55126953125,733.3499755859375,734.4000244140625,725.0,728.0,1095177
2023-11-03,734.0469360351562,746.0499877929688,748.0,735.0,735.9500122070312,2526039
2023-11-06,741.8690185546875,754.0,756.4500122070312,744.9000244140625,748.0999755859375,2782755
2023-11-07,736.555908203125,748.5999755859375,759.5999755859375,746.9500122070312,757.0,2288975
2023-11-08,744.5255737304688,756.7000122070312,757.75,745.0,750.0,2664277
2023-11-09,738.7697143554688,750.8499755859375,759.9000244140625,749.0499877929688,756.7000122070312,2579350
2023-11-10,742.6069946289062,754.75,759.0,745.0499877929688,751.9000244140625,1108868
2023-11-13,748.8547973632812,761.0999755859375,763.25,753.0,756.5499877929688,942603
2023-11-15,760.415771484375,772.8499755859375,782.5,769.0,769.0,2443652
2023-11-16,756.775390625,769.1500244140625,774.2999877929688,763.4000244140625,770.5,1699954
2023-11-17,756.4309692382812,768.7999877929688,774.9000244140625,766.0,772.0,1567731
2023-11-20,749.5927124023438,761.8499755859375,772.0,760.6500244140625,769.9000244140625,1024654
2023-11-21,763.318359375,775.7999877929688,779.5999755859375,765.9500122070312,766.8499755859375,1846834
2023-11-22,756.0865478515625,768.4500122070312,776.75,765.5,775.7999877929688,1312655
2023-11-23,763.0723266601562,775.5499877929688,777.9500122070312,767.1500244140625,771.9500122070312,1068229
2023-11-24,769.4677734375,782.0499877929688,786.25,776.4000244140625,779.0,2069730
2023-11-28,769.762939453125,782.3499755859375,785.5499877929688,778.75,785.0,858569
2023-11-29,780.487548828125,793.25,794.7000122070312,783.2000122070312,783.2000122070312,1481172
2023-11-30,788.2112426757812,801.0999755859375,808.1500244140625,789.5999755859375,794.0,3142500
2023-12-01,797.7551879882812,810.7999877929688,815.0,796.9000244140625,805.0,2064512
2023-12-04,806.4136352539062,819.5999755859375,823.4000244140625,812.3499755859375,820.0,2789349
2023-12-05,808.4798583984375,821.7000122070312,826.0,814.2000122070312,816.0,1338828
2023-12-06,811.4315795898438,824.7000122070312,833.4000244140625,815.2000122070312,824.9500122070312,1543909
2023-12-07,805.970947265625,819.1500244140625,830.0,817.8499755859375,828.9500122070312,1717648
2023-12-08,825.8458251953125,839.3499755859375,853.4500122070312,822.0999755859375,824.7999877929688,7142037
2023-12-11,831.5033569335938,845.0999755859375,847.0,831.7999877929688,841.5499877929688,1630946
2023-12-12,840.1126098632812,853.8499755859375,862.7999877929688,845.25,846.5999755859375,2518863
2023-12-13,837.7020874023438,851.4000244140625,859.2000122070312,840.0,854.8499755859375,2170707
2023-12-14,833.7664184570312,847.4000244140625,861.5499877929688,845.7999877929688,860.0,2711444
2023-12-15,853.247802734375,867.2000122070312,870.5499877929688,851.5999755859375,854.0499877929688,4058044
2023-12-18,841.1458129882812,854.9000244140625,865.5499877929688,836.1500244140625,844.0,4324786
2023-12-19,844.8845825195312,858.7000122070312,861.5,847.5999755859375,855.5499877929688,1285256
2023-12-20,828.69921875,842.25,863.75,839.7000122070312,859.0,1764901
2023-12-21,828.3549194335938,841.9000244140625,847.6500244140625,820.0999755859375,830.0,2106856
2023-12-22,841.539306640625,855.2999877929688,857.5499877929688,843.0999755859375,845.0,1846933
2023-12-26,838.5875244140625,852.2999877929688,863.0,849.9500122070312,857.5,1294151
2023-12-27,861.807861328125,875.9000244140625,881.5,855.6500244140625,858.4500122070312,2466359
2023-12-28,866.6289672851562,880.7999877929688,895.75,874.0,882.9000244140625,4482599
2023-12-29,866.0878295898438,880.25,887.5,873.2999877929688,882.0,1906630
2024-01-01,863.4805297851562,877.5999755859375,884.7999877929688,875.0,880.25,778184
2024-01-02,856.1995239257812,870.2000122070312,883.8499755859375,859.0999755859375,883.8499755859375,1615515
2024-01-03,824.1732788085938,837.6500244140625,870.0,836.0,870.0,3983411
2024-01-04,823.632080078125,837.0999755859375,843.7999877929688,835.0,840.25,1878399
2024-01-05,816.0560302734375,829.4000244140625,845.7999877929688,827.2000122070312,838.9500122070312,2060548
2024-01-08,808.725830078125,821.9500122070312,836.6500244140625,820.7000122070312,835.75,1107367
2024-01-09,808.1847534179688,821.4000244140625,831.9500122070312,819.25,828.5,1458862
2024-01-10,816.4495239257812,829.7999877929688,831.3499755859375,811.2000122070312,823.8499755859375,1265739
2024-01-11,808.82421875,822.0499877929688,836.75,820.0999755859375,834.7999877929688,1205504
2024-01-12,812.5138549804688,825.7999877929688,830.7999877929688,821.25,824.5,1326357
2024-01-15,811.8743896484375,825.1500244140625,830.5,820.0,827.7000122070312,1497605
2024-01-16,818.9093017578125,832.2999877929688,839.5,819.3499755859375,827.6500244140625,1920936
2024-01-17,799.5755004882812,812.6500244140625,830.0,810.0499877929688,830.0,1433551
2024-01-18,790.7202758789062,803.6500244140625,814.5,792.5999755859375,812.5,1991900
2024-01-19,803.5111083984375,816.6500244140625,820.7000122070312,805.25,805.25,1358166
2024-01-23,777.6834716796875,790.4000244140625,816.0,788.4500122070312,808.25,1533222
2024-01-24,799.1326904296875,812.2000122070312,814.0,784.0,795.0,1490515
2024-01-25,802.5763549804688,815.7000122070312,821.0,792.7999877929688,815.0,3240065
2024-01-29,798.6407470703125,811.7000122070312,823.5999755859375,804.0,819.0499877929688,1574830
2024-01-30,798.9359130859375,812.0,829.3499755859375,810.1500244140625,818.0,1892910
2024-01-31,805.4789428710938,818.6500244140625,822.0,808.0499877929688,812.0,1954023
2024-02-01,788.8016357421875,801.7000122070312,822.0,800.0999755859375,822.0,2287350
2024-02-02,810.300048828125,823.5499877929688,826.2999877929688,805.0999755859375,809.25,2871131
2024-02-05,801.5433349609375,814.6500244140625,834.0,811.0,824.1500244140625,2056107
2024-02-06,805.5773315429688,818.75,820.75,805.0999755859375,814.6500244140625,1547506
2024-02-07,823.14013671875,836.5999755859375,842.9000244140625,823.0,827.4000244140625,3647454
2024-02-08,808.8734130859375,822.0999755859375,841.4500122070312,818.0,841.4500122070312,2294805
2024-02-09,798.68994140625,811.75,825.0,800.4500122070312,824.9000244140625,1396058
2024-02-12,798.4439086914062,811.5,819.5999755859375,802.4500122070312,818.0,1408603
2024-02-13,799.5755004882812,812.6500244140625,814.7000122070312,790.5499877929688,812.9500122070312,1675844
2024-02-14,800.165771484375,813.25,815.7999877929688,796.5499877929688,798.0,1546826
2024-02-15,799.2803344726562,812.3499755859375,820.75,805.5999755859375,818.0,1482200
2024-02-16,806.7579956054688,819.9500122070312,824.4000244140625,813.5,818.1500244140625,1774587
2024-02-19,807.0040283203125,820.2000122070312,825.9500122070312,814.0,825.9500122070312,829517
2024-02-20,807.9879150390625,821.2000122070312,825.0,811.7999877929688,825.0,1384043
2024-02-21,814.9244384765625,828.25,850.0,820.9500122070312,821.0,6419882
2024-02-22,815.3180541992188,828.6500244140625,835.1500244140625,820.0499877929688,831.0,2366934
2024-02-23,807.7911376953125,821.0,836.2999877929688,819.25,835.0,1736000
2024-02-26,795.7382202148438,808.75,827.7999877929688,806.2000122070312,825.2000122070312,1188689
2024-02-27,805.7740478515625,818.9500122070312,820.5499877929688,805.7000122070312,808.9500122070312,1331211
2024-02-28,785.7515258789062,798.5999755859375,822.75,795.0,822.7000122070312,1851909
2024-02-29,787.2273559570312,800.0999755859375,805.9000244140625,790.0,801.0,3155812
2024-03-01,822.74658203125,836.2000122070312,839.7000122070312,804.25,804.25,5377896
2024-03-04,811.0380249023438,824.2999877929688,839.0,818.5,839.0,3821690
2024-03-05,806.1184692382812,819.2999877929688,826.6500244140625,811.0,825.0999755859375,2630517
2024-03-06,799.821533203125,812.9000244140625,823.0,800.0,820.4000244140625,2041620
2024-03-07,816.6463012695312,830.0,844.9000244140625,818.0499877929688,820.0,5074846
2024-03-11,816.4495239257812,829.7999877929688,836.5999755859375,822.1500244140625,832.0,1622850
2024-03-12,804.642578125,817.7999877929688,829.2999877929688,815.0,829.0,1231413
2024-03-13,780.1923828125,792.9500122070312,820.5999755859375,788.4500122070312,818.4000244140625,3047464
2024-03-14,772.8130493164062,785.4500122070312,792.9500122070312,761.75,792.0,5262918
2024-03-15,768.0903930664062,780.6500244140625,790.2000122070312,774.5499877929688,782.0999755859375,3992861
2024-03-18,791.458251953125,804.4000244140625,808.5,778.5,780.6500244140625,3561533
2024-03-19,788.162109375,801.0499877929688,809.9500122070312,793.75,802.0,2192986
2024-03-20,781.8651123046875,794.6500244140625,810.0,789.2999877929688,802.2000122070312,1538050
2024-03-21,799.2803344726562,812.3499755859375,819.4500122070312,803.0999755859375,804.0,2783067
2024-03-22,811.5299682617188,824.7999877929688,832.9500122070312,806.75,808.0,3983433
2024-03-26,808.6766967773438,821.9000244140625,834.0,818.0499877929688,820.5499877929688,2454193
2024-03-27,804.8886108398438,818.0499877929688,832.4000244140625,815.4000244140625,825.0,1884038
2024-03-28,816.8431396484375,830.2000122070312,840.8499755859375,820.0,827.0,3722941
2024-04-01,857.92138671875,871.9500122070312,876.4500122070312,838.0,838.0,6053539
2024-04-02,865.1039428710938,879.25,881.8499755859375,861.5499877929688,871.0999755859375,2784783
2024-04-03,855.0188598632812,869.0,879.5499877929688,867.0999755859375,877.8499755859375,1980049
2024-04-04,848.6234130859375,862.5,878.6500244140625,853.5499877929688,876.2999877929688,2790334
2024-04-05,843.310302734375,857.0999755859375,864.5499877929688,846.9500122070312,860.0,1847243
2024-04-08,862.3489990234375,876.4500122070312,878.0,860.25,864.0,2462906
2024-04-09,860.52880859375,874.5999755859375,891.4500122070312,870.5499877929688,881.7999877929688,2512308
2024-04-10,869.7283325195312,883.9500122070312,889.0,875.3499755859375,881.3499755859375,2519596
2024-04-12,852.5098876953125,866.4500122070312,883.9000244140625,862.0,883.9000244140625,4129109
2024-04-15,846.6064453125,860.4500122070312,882.0,850.25,862.9000244140625,1974756
2024-04-16,831.6509399414062,845.25,863.5999755859375,842.75,859.5,1706563
2024-04-18,831.2081909179688,844.7999877929688,858.0,841.7000122070312,846.0999755859375,3437879
2024-04-19,850.8864135742188,864.7999877929688,867.2999877929688,833.2000122070312,842.8499755859375,3157898
2024-04-22,841.0473022460938,854.7999877929688,870.9000244140625,853.4500122070312,867.0999755859375,1584578
2024-04-23,837.6527709960938,851.3499755859375,865.0,848.5499877929688,858.5,1755588
2024-04-24,868.4984741210938,882.7000122070312,886.0,850.0,851.3499755859375,4257548
2024-04-25,891.226806640625,905.7999877929688,909.4000244140625,874.3499755859375,882.7000122070312,4893459
2024-04-26,872.9752197265625,887.25,914.0,884.6500244140625,910.0,3626999
2024-04-29,881.3384399414062,895.75,902.5,886.1500244140625,898.4000244140625,1956431
2024-04-30,868.0064697265625,882.2000122070312,902.75,880.0499877929688,902.4500122070312,1831578
2024-05-02,876.0253295898438,890.3499755859375,894.5999755859375,883.0,883.0,2448369
2024-05-03,860.1351928710938,874.2000122070312,903.7000122070312,866.0,895.8499755859375,3672279
2024-05-06,866.4814453125,880.6500244140625,893.0,874.3499755859375,879.7000122070312,2556178
2024-05-07,843.5562744140625,857.3499755859375,881.0499877929688,845.75,880.6500244140625,2369111
2024-05-08,850.7388916015625,864.6500244140625,866.5999755859375,850.4000244140625,850.4000244140625,1849894
2024-05-09,821.1231079101562,834.5499877929688,868.7999877929688,831.0499877929688,864.7000122070312,2282517
2024-05-10,839.8666381835938,853.5999755859375,855.9500122070312,835.9500122070312,835.9500122070312,1947295
2024-05-13,846.7540283203125,860.5999755859375,862.5,830.0,847.8499755859375,1735081
2024-05-14,867.3177490234375,881.5,884.9500122070312,861.2000122070312,864.1500244140625,2706050
2024-05-15,856.9375,870.9500122070312,883.5,863.4000244140625,882.0,2194086
2024-05-16,872.1389770507812,886.4000244140625,888.4500122070312,864.4500122070312,872.7999877929688,3282175
2024-05-17,892.8502197265625,907.4500122070312,914.9500122070312,878.7000122070312,888.0,4635724
2024-05-21,908.5927734375,923.4500122070312,928.9500122070312,890.7999877929688,892.0,5938708
2024-05-22,901.06591796875,915.7999877929688,927.2999877929688,906.0499877929688,925.0,2938404
2024-05-23,902.2466430664062,917.0,920.8499755859375,890.7000122070312,912.0,3800388
2024-05-24,894.031005859375,908.6500244140625,925.0,906.0499877929688,915.0,2113036
2024-05-27,887.438720703125,901.9500122070312,919.1500244140625,900.0999755859375,910.5,1893682
2024-05-28,892.7518310546875,907.3499755859375,915.8499755859375,901.2000122070312,905.8499755859375,1931419
2024-05-29,887.3895874023438,901.9000244140625,910.0,896.4500122070312,899.5999755859375,1740879
2024-05-30,869.4823608398438,883.7000122070312,900.7999877929688,873.25,900.0,3993159
2024-05-31,866.383056640625,880.5499877929688,895.4500122070312,877.0,892.0,5249761
2024-06-03,900.573974609375,915.2999877929688,917.7000122070312,897.7999877929688,912.0,2541803
2024-06-04,828.3056640625,841.8499755859375,914.0,823.7999877929688,914.0,4022430
2024-06-05,864.2677001953125,878.4000244140625,881.7000122070312,829.1500244140625,857.0,1969854
2024-06-06,873.8115844726562,888.0999755859375,892.9000244140625,877.5,884.0,3095781
2024-06-07,897.4747314453125,912.1500244140625,915.4000244140625,877.0999755859375,888.0999755859375,3609817
2024-06-10,901.164306640625,915.9000244140625,920.0,900.75,907.0,1765715
2024-06-11,895.4575805664062,910.0999755859375,918.7999877929688,905.0499877929688,915.9500122070312,2003998
2024-06-12,902.1482543945312,916.9000244140625,924.2999877929688,908.0499877929688,910.0499877929688,1782777
2024-06-13,901.0166625976562,915.75,925.0499877929688,908.0499877929688,917.5499877929688,1788757
2024-06-14,906.329833984375,921.1500244140625,923.5,903.5999755859375,914.0,2625892
2024-06-18,910.4622192382812,925.3499755859375,927.4500122070312,914.2999877929688,921.1500244140625,2395045
2024-06-19,900.2295532226562,914.9500122070312,936.9000244140625,913.2999877929688,929.0,1793533
2024-06-20,914.6930541992188,929.6500244140625,938.0,911.2999877929688,914.9500122070312,3120339
2024-06-21,921.826416015625,936.9000244140625,944.0,923.1500244140625,929.0,4299319
2024-06-24,920.3013305664062,935.3499755859375,941.6500244140625,922.0,936.0,1857847
2024-06-25,914.9390258789062,929.9000244140625,940.0,927.9500122070312,936.9000244140625,1733931
2024-06-26,904.4111938476562,919.2000122070312,932.4500122070312,918.0999755859375,930.9000244140625,1341496
2024-06-27,927.975830078125,943.1500244140625,945.5999755859375,915.2999877929688,916.2000122070312,4700053
2024-06-28,916.5133056640625,931.5,949.4000244140625,928.75,943.1500244140625,2402672
2024-07-01,928.7138061523438,943.9000244140625,947.5,931.5999755859375,935.0,2562034
2024-07-02,923.1547241210938,938.25,953.7000122070312,936.5,945.0,1936180
2024-07-03,935.1092529296875,950.4000244140625,953.4000244140625,939.0499877929688,939.5,1369238
2024-07-04,929.1565551757812,944.3499755859375,959.4000244140625,943.0,950.4000244140625,1384884
2024-07-05,938.7005004882812,954.0499877929688,956.0,945.2000122070312,948.0,1583550
2024-07-08,924.0894165039062,939.2000122070312,955.9000244140625,934.0499877929688,955.9000244140625,1569620
2024-07-09,927.4609375,935.2999877929688,940.7999877929688,932.2999877929688,939.0,1489629
2024-07-10,917.6439208984375,925.4000244140625,935.2999877929688,918.9000244140625,931.0,1483892
2024-07-11,917.2472534179688,925.0,932.0,915.4500122070312,927.1500244140625,2348723
2024-07-12,926.5684814453125,934.4000244140625,937.75,924.0,929.9500122070312,1498780
2024-07-15,923.89111328125,931.7000122070312,938.7000122070312,926.1500244140625,937.9500122070312,1337839
2024-07-16,926.5188598632812,934.3499755859375,939.3499755859375,928.1500244140625,932.1500244140625,1442535
2024-07-18,923.6431884765625,931.4500122070312,935.3499755859375,921.3499755859375,934.3499755859375,1812254
2024-07-19,881.9951782226562,889.4500122070312,927.5,886.5499877929688,927.0,3001973
2024-07-22,881.1027221679688,888.5499877929688,893.4000244140625,865.1500244140625,875.5,2725373
2024-07-23,886.4574584960938,893.9500122070312,896.1500244140625,872.0,890.0,1640412
2024-07-24,873.9630737304688,881.3499755859375,895.0,880.0,895.0,1519772
2024-07-25,867.1705322265625,874.5,880.0,862.4000244140625,870.0,1636466
2024-07-26,893.002197265625,900.5499877929688,908.7999877929688,875.2999877929688,880.0,2056457
2024-07-29,891.0189208984375,898.5499877929688,909.9000244140625,895.0499877929688,909.9000244140625,1066351
2024-07-30,894.5391845703125,902.0999755859375,907.9500122070312,890.1500244140625,895.0499877929688,979026
2024-07-31,920.4700317382812,928.25,936.3499755859375,902.7000122070312,908.9500122070312,2716481
2024-08-01,926.7172241210938,934.5499877929688,957.9500122070312,927.75,937.5499877929688,4039078
2024-08-02,892.0105590820312,899.5499877929688,923.8499755859375,896.0,919.9000244140625,3306705
2024-08-05,856.5601806640625,863.7999877929688,884.0,854.1500244140625,884.0,4059902
2024-08-06,876.5908813476562,884.0,893.0499877929688,867.0499877929688,867.0499877929688,2665068
2024-08-07,898.8527221679688,906.4500122070312,910.6500244140625,895.0,899.0,2262055
2024-08-08,880.1111450195312,887.5499877929688,902.9500122070312,883.4000244140625,900.0,2796559
2024-08-09,897.5140380859375,905.0999755859375,914.75,889.0,896.0499877929688,1722454
2024-08-12,909.661376953125,917.3499755859375,926.2000122070312,898.0999755859375,904.7999877929688,3822527
2024-08-13,900.240966796875,907.8499755859375,927.5,905.0,925.0,1329629
2024-08-14,882.8380737304688,890.2999877929688,911.9500122070312,885.4000244140625,911.9500122070312,2024615
2024-08-16,900.8359375,908.4500122070312,910.7000122070312,882.5499877929688,900.0,2208842
2024-08-19,910.0579833984375,917.75,920.0,903.9000244140625,910.0,847523
2024-08-20,909.4630737304688,917.1500244140625,923.9000244140625,910.7999877929688,923.9000244140625,696605
2024-08-21,918.04052734375,925.7999877929688,927.0,908.0999755859375,910.0,1600466
2024-08-22,925.4281005859375,933.25,934.8499755859375,924.7999877929688,927.0499877929688,1073406
2024-08-23,933.1627197265625,941.0499877929688,943.9500122070312,929.1500244140625,934.5999755859375,1441218
2024-08-26,955.424560546875,963.5,968.9000244140625,937.2000122070312,945.5,2364465
2024-08-27,936.0880126953125,944.0,966.9500122070312,942.75,963.4500122070312,2480788
2024-08-28,941.2940063476562,949.25,951.5,935.0,947.5,2285575
2024-08-29,931.8240356445312,939.7000122070312,950.5,930.7999877929688,945.0,2233515
2024-08-30,933.2122802734375,941.0999755859375,954.75,938.6500244140625,947.9000244140625,2896103
2024-09-02,932.5677490234375,940.4500122070312,951.4500122070312,936.1500244140625,941.0999755859375,1316611
2024-09-03,923.1473999023438,930.9500122070312,941.5499877929688,929.9500122070312,937.0999755859375,1116938
2024-09-04,925.2297973632812,933.0499877929688,934.7000122070312,912.0,920.0,3020790
2024-09-05,917.6934814453125,925.4500122070312,944.5499877929688,923.75,934.5499877929688,1482001
2024-09-06,924.9818725585938,932.7999877929688,939.4000244140625,911.7000122070312,925.4500122070312,1984209
2024-09-09,926.4197387695312,934.25,936.7000122070312,919.0499877929688,923.0,1793548
2024-09-10,930.8820190429688,938.75,948.5,929.7999877929688,934.0999755859375,1388455
2024-09-11,919.9741821289062,927.75,944.2999877929688,924.25,941.0499877929688,1087490
2024-09-12,946.7974853515625,954.7999877929688,957.5999755859375,929.0,935.7999877929688,3061006
2024-09-13,946.549560546875,954.5499877929688,972.4500122070312,951.3499755859375,958.0,2445329
2024-09-16,962.8616943359375,971.0,978.5499877929688,957.0999755859375,961.4000244140625,2186706
2024-09-17,956.1682739257812,964.25,974.5499877929688,961.7000122070312,971.0,543055
2024-09-18,948.6815795898438,956.7000122070312,970.9500122070312,950.0,962.0499877929688,644373
2024-09-19,940.4511108398438,948.4000244140625,965.9500122070312,944.0,960.0,1278919
2024-09-20,973.3233032226562,981.5499877929688,988.0,965.2000122070312,970.0,8035572
2024-09-23,973.86865234375,982.0999755859375,987.9500122070312,976.2000122070312,986.0,1714600
2024-09-24,981.4049682617188,989.7000122070312,1009.7999877929688,985.1500244140625,991.2999877929688,5545642
2024-09-25,974.4140625,982.6500244140625,998.6500244140625,972.7000122070312,996.0,1309311
2024-09-26,997.1221313476562,1005.5499877929688,1007.9500122070312,975.4500122070312,984.0,2706617
2024-09-27,993.1556396484375,1001.5499877929688,1018.9000244140625,997.5,1008.0,2757284
2024-09-30,1021.4168090820312,1030.050048828125,1032.9000244140625,1004.0,1004.0,4250590
2024-10-01,1018.6898803710938,1027.300048828125,1029.949951171875,1014.4000244140625,1029.0,1392457
2024-10-03,1030.390869140625,1039.0999755859375,1060.0,1025.449951171875,1028.0,6615927
2024-10-04,1025.0858154296875,1033.75,1063.0,1027.300048828125,1042.0,4855592
2024-10-07,1010.2114868164062,1018.75,1044.0999755859375,1012.5,1039.949951171875,2708970
2024-10-08,989.833740234375,998.2000122070312,1014.4000244140625,984.0,1014.4000244140625,4115797
2024-10-09,986.1647338867188,994.5,1011.5,985.0,999.9000244140625,2138939
2024-10-10,998.9566040039062,1007.4000244140625,1012.9500122070312,996.75,999.0,1368830
2024-10-11,1003.567626953125,1012.0499877929688,1025.949951171875,1006.0,1007.2999877929688,1957211
2024-10-14,1004.0138549804688,1012.5,1032.0,1009.4000244140625,1017.0,1831080
2024-10-15,992.4615478515625,1000.8499755859375,1020.5999755859375,992.0,1012.5,1444250
2024-10-16,981.0579223632812,989.3499755859375,1004.7999877929688,982.0499877929688,995.0,1248745
2024-10-17,971.2904663085938,979.5,995.2000122070312,969.75,991.0999755859375,1079467
2024-10-18,984.2807006835938,992.5999755859375,998.25,973.0999755859375,978.5,1291683
2024-10-21,973.22412109375,981.4500122070312,1005.0,980.0499877929688,997.0,953143
2024-10-22,955.5733032226562,963.6500244140625,983.2999877929688,960.4000244140625,981.0,1318146
2024-10-23,946.450439453125,954.4500122070312,971.0,952.1500244140625,963.6500244140625,1306503
2024-10-24,950.06982421875,958.0999755859375,962.0499877929688,952.4500122070312,954.4500122070312,650392
2024-10-25,935.9392700195312,943.8499755859375,959.9500122070312,926.7999877929688,958.0999755859375,2541293
2024-10-28,959.1431274414062,967.25,972.4500122070312,909.0,936.0,1737402
2024-10-29,950.7639770507812,958.7999877929688,972.7999877929688,947.0,972.4500122070312,1032874
2024-10-30,949.2765502929688,957.2999877929688,968.5499877929688,952.2999877929688,966.2000122070312,733890
2024-10-31,955.5733032226562,963.6500244140625,967.8499755859375,954.4500122070312,958.0,1445602
2024-11-01,960.184326171875,968.2999877929688,978.0,965.0,969.9000244140625,136508
2024-11-04,946.8966674804688,954.9000244140625,968.8499755859375,941.0999755859375,965.0499877929688,957723
2024-11-05,991.1228637695312,999.5,1003.0,952.0,954.9000244140625,5177028
2024-11-06,1000.1961669921875,1008.6500244140625,1015.0499877929688,984.7000122070312,1000.0,2761749
2024-11-07,981.504150390625,989.7999877929688,1018.9500122070312,985.6500244140625,1014.0,2477876
2024-11-08,988.048828125,996.4000244140625,1001.5499877929688,976.5,994.0,3568198
2024-11-11,970.794677734375,979.0,995.4500122070312,972.0,988.0,1336153
2024-11-12,949.2269287109375,957.25,987.7999877929688,953.6500244140625,987.0,731821
2024-11-13,928.10546875,935.9500122070312,958.25,928.0499877929688,953.5,1167594
2024-11-14,931.1795043945312,939.0499877929688,949.3499755859375,932.4500122070312,935.0499877929688,1662673
2024-11-18,941.8889770507812,949.8499755859375,956.0499877929688,934.9000244140625,935.0499877929688,1143965
2024-11-19,939.3603515625,947.2999877929688,960.9500122070312,945.0,949.8499755859375,617409
2024-11-21,936.2367553710938,944.1500244140625,950.9500122070312,936.4500122070312,941.0,1669641
2024-11-22,969.1585083007812,977.3499755859375,981.2999877929688,939.0499877929688,947.9000244140625,1889389
2024-11-25,945.31005859375,953.2999877929688,980.4500122070312,945.6500244140625,975.0,4563438
2024-11-26,955.5237426757812,963.5999755859375,966.7999877929688,950.5999755859375,955.0,1184177
2024-11-27,960.729736328125,968.8499755859375,972.0,955.25,963.3499755859375,1327011
2024-11-28,946.1529541015625,954.1500244140625,974.9500122070312,949.0499877929688,968.8499755859375,2959350
2024-11-29,957.9036254882812,966.0,971.7000122070312,953.4000244140625,959.0,1326686
2024-12-02,981.504150390625,989.7999877929688,991.5499877929688,961.75,965.9000244140625,1272868
2024-12-03,990.4287109375,998.7999877929688,1015.5,991.0499877929688,995.0,2118830
2024-12-04,986.5118408203125,994.8499755859375,1003.0,985.3499755859375,996.0999755859375,1030877
2024-12-05,990.8253784179688,999.2000122070312,1009.9500122070312,977.0,991.0,2221958
2024-12-06,995.3867797851562,1003.7999877929688,1008.0,994.6500244140625,999.9000244140625,1218982
2024-12-09,1003.4188842773438,1011.9000244140625,1015.5,993.7999877929688,1005.5,1457470
2024-12-10,1004.4600830078125,1012.9500122070312,1023.5,1006.6500244140625,1021.0,2227505
2024-12-11,991.8169555664062,1000.2000122070312,1020.5,997.0999755859375,1015.9000244140625,1246315
2024-12-12,997.3700561523438,1005.7999877929688,1012.9500122070312,991.0,1005.0,1510341
2024-12-13,991.4699096679688,999.8499755859375,1003.5,973.0499877929688,995.0,2444182
2024-12-16,982.049560546875,990.3499755859375,1006.2999877929688,984.0,1004.0,1220082
2024-12-17,958.7465209960938,966.8499755859375,990.7999877929688,961.0,990.3499755859375,1673092
2024-12-18,938.9141235351562,946.8499755859375,969.5,941.5499877929688,967.0499877929688,1612799
2024-12-19,918.1892700195312,925.9500122070312,942.7000122070312,921.5999755859375,934.0499877929688,1926448
2024-12-20,909.661376953125,917.3499755859375,941.7000122070312,912.0499877929688,926.0,29003345
2024-12-23,929.1962280273438,937.0499877929688,950.9500122070312,921.5999755859375,936.0,3988457
2024-12-24,914.1236572265625,921.8499755859375,937.9500122070312,918.4500122070312,937.0499877929688,2048135
2024-12-26,906.78564453125,914.4500122070312,929.4000244140625,913.0999755859375,921.8499755859375,2056005
2024-12-27,905.6453247070312,913.2999877929688,926.5,911.25,914.6500244140625,1917836
2024-12-30,891.4155883789062,898.9500122070312,916.7000122070312,895.5999755859375,913.2999877929688,1959379
2024-12-31,893.9442138671875,901.5,906.4000244140625,896.5999755859375,898.0499877929688,1031176
2025-01-01,897.861083984375,905.4500122070312,910.0,890.7000122070312,901.1500244140625,1020555
2025-01-02,904.8519897460938,912.5,915.7000122070312,901.4500122070312,909.5,1636373
2025-01-03,907.380615234375,915.0499877929688,924.7000122070312,908.5,914.0,2691743
2025-01-06,893.3493041992188,900.9000244140625,919.8499755859375,897.9000244140625,915.0499877929688,1104617
2025-01-07,904.1578979492188,911.7999877929688,913.7000122070312,899.2000122070312,901.5499877929688,688211
2025-01-08,894.7374877929688,902.2999877929688,911.9500122070312,895.1500244140625,910.0,744601
2025-01-09,883.4826049804688,890.9500122070312,908.9500122070312,888.7999877929688,901.0,1459142
2025-01-10,892.5559692382812,900.0999755859375,908.0,880.25,890.9500122070312,1614629
2025-01-13,876.3429565429688,883.75,898.7000122070312,880.0,895.9500122070312,1416585
2025-01-14,898.4560546875,906.0499877929688,911.2999877929688,882.5,882.5,1948192
2025-01-15,896.4728393554688,904.0499877929688,912.7000122070312,901.5,910.0,1581897
2025-01-16,899.1997680664062,906.7999877929688,914.4000244140625,900.0999755859375,910.0,1946590
2025-01-17,900.9846801757812,908.5999755859375,917.5,905.25,906.7999877929688,911260
2025-01-20,911.495849609375,919.2000122070312,925.6500244140625,900.5,908.5999755859375,1299378
2025-01-21,919.0817260742188,926.8499755859375,933.0,919.5499877929688,925.0,1474919
2025-01-22,911.6942138671875,919.4000244140625,932.0,907.1500244140625,932.0,1080075
2025-01-23,922.106201171875,929.9000244140625,937.3499755859375,912.7999877929688,919.0499877929688,1267989
2025-01-24,924.6348266601562,932.4500122070312,953.0,925.1500244140625,930.0,3538998
2025-01-27,911.6445922851562,919.3499755859375,927.0,901.0999755859375,901.0999755859375,3908402
2025-01-28,908.4714965820312,916.1500244140625,925.5999755859375,904.5,923.4000244140625,1101031
2025-01-29,929.7416381835938,937.5999755859375,941.0499877929688,908.0,913.5999755859375,1298065
2025-01-30,942.880615234375,950.8499755859375,956.0,936.2000122070312,937.9000244140625,2020147
2025-01-31,937.0796508789062,945.0,959.9000244140625,940.5499877929688,949.75,2037829
2025-02-01,926.4197387695312,934.25,955.2000122070312,911.6500244140625,947.8499755859375,1339508
2025-02-03,926.1222534179688,933.9500122070312,937.4500122070312,914.0,915.0,1130056
2025-02-04,936.3359375,944.25,949.4500122070312,934.2999877929688,936.3499755859375,1262634
2025-02-05,941.9385375976562,949.9000244140625,954.7999877929688,941.0999755859375,941.0999755859375,1209743
2025-02-06,940.4511108398438,948.4000244140625,956.5499877929688,942.0,950.5499877929688,3060140
2025-02-07,972.5299682617188,980.75,985.0,947.7999877929688,950.9500122070312,2846285
2025-02-10,951.1110229492188,959.1500244140625,974.0,948.25,974.0,1665049
2025-02-11,946.5,954.5,967.5,948.5499877929688,950.0499877929688,2535726
2025-02-12,948.3840942382812,956.4000244140625,962.9500122070312,938.0999755859375,952.9000244140625,2768806
2025-02-13,961.6717529296875,969.7999877929688,984.0,953.25,954.0,1414535
2025-02-14,956.5153198242188,964.5999755859375,983.7000122070312,954.25,972.9000244140625,2690126
2025-02-17,965.3903198242188,973.5499877929688,975.0,954.0999755859375,964.5999755859375,1321057
2025-02-18,970.5963134765625,978.7999877929688,981.2000122070312,962.7999877929688,975.0,1800070
2025-02-19,969.1585083007812,977.3499755859375,989.9000244140625,971.0999755859375,975.5999755859375,1581818
2025-02-20,972.9266357421875,981.1500244140625,987.6500244140625,975.0,977.0,1474610
2025-02-21,973.6703491210938,981.9000244140625,990.9500122070312,975.5499877929688,979.0999755859375,1599075
2025-02-24,958.6968994140625,966.7999877929688,984.9000244140625,957.75,971.0,1898963
2025-02-25,950.71435546875,958.75,973.4500122070312,957.5,967.0,1095348
2025-02-27,966.8281860351562,975.0,981.0,958.7000122070312,958.75,2049890
2025-02-28,942.7318725585938,950.7000122070312,968.5999755859375,940.5499877929688,968.0999755859375,2553800
2025-03-03,967.869384765625,976.0499877929688,981.5499877929688,953.0,959.0,1744769
2025-03-04,965.9357299804688,974.0999755859375,978.0999755859375,959.9500122070312,960.0,1077034
2025-03-05,994.2960205078125,1002.7000122070312,1008.0,970.9000244140625,975.0,2472192
2025-03-06,1002.6256103515625,1011.0999755859375,1016.2000122070312,997.0999755859375,1013.0,2203409
2025-03-07,1002.6751708984375,1011.1500244140625,1020.4000244140625,1005.5499877929688,1011.0,759943
2025-03-10,1005.0054931640625,1013.5,1032.75,1010.25,1011.1500244140625,1855010
2025-03-11,1010.1123657226562,1018.6500244140625,1021.0,1001.4500122070312,1003.8499755859375,1595868
2025-03-12,1001.9314575195312,1010.4000244140625,1024.949951171875,994.0999755859375,1024.699951171875,1263600
2025-03-13,992.80859375,1001.2000122070312,1016.4500122070312,998.7999877929688,1014.9000244140625,1218174
2025-03-17,997.2708740234375,1005.7000122070312,1015.4500122070312,1000.1500244140625,1007.5499877929688,1522656
2025-03-18,997.2708740234375,1005.7000122070312,1005.7000122070312,1005.7000122070312,1005.7000122070312,0
2025-03-19,1024.6890869140625,1033.3499755859375,1047.0,1024.0,1036.0,2652155
2025-03-20,1041.447509765625,1050.25,1052.800048828125,1027.199951171875,1038.0,2301795
2025-03-21,1049.82666015625,1058.699951171875,1062.550048828125,1047.699951171875,1052.0,2630144
2025-03-24,1052.4544677734375,1061.3499755859375,1072.0,1056.5,1063.0,2267252
2025-03-25,1052.801513671875,1061.699951171875,1074.9000244140625,1052.0,1061.3499755859375,1571677
2025-03-26,1047.5955810546875,1056.449951171875,1068.050048828125,1052.199951171875,1068.050048828125,1254060
2025-03-27,1050.867919921875,1059.75,1069.0,1050.0,1051.949951171875,2514499
2025-03-28,1054.2889404296875,1063.199951171875,1068.199951171875,1053.949951171875,1059.75,1674204
2025-04-01,1047.397216796875,1056.25,1070.449951171875,1053.3499755859375,1063.0,1776263
2025-04-02,1047.0501708984375,1055.9000244140625,1066.3499755859375,1046.25,1058.0999755859375,878958
2025-04-03,1035.2994384765625,1044.050048828125,1055.800048828125,1041.550048828125,1045.0,1607693
2025-04-04,997.3204345703125,1005.75,1038.949951171875,997.8499755859375,1032.300048828125,3818643
2025-04-07,922.5028076171875,930.2999877929688,959.0,905.2000122070312,906.0,4581682
2025-04-08,946.5991821289062,954.5999755859375,970.4500122070312,933.7999877929688,949.3499755859375,1717533
2025-04-09,937.625,945.5499877929688,953.4000244140625,938.0499877929688,945.1500244140625,1773658
2025-04-11,981.9503784179688,990.25,997.0,968.3499755859375,972.4500122070312,3641633
2025-04-15,999.5515747070312,1008.0,1015.7000122070312,1002.2000122070312,1010.0,1287903
2025-04-16,1000.9398803710938,1009.4000244140625,1015.0999755859375,992.0999755859375,1003.0,1281034
2025-04-17,998.75830078125,1007.2000122070312,1008.5999755859375,987.0999755859375,996.0,2074019
2025-04-21,1025.3336181640625,1034.0,1043.800048828125,1000.5,1001.0,1345056
2025-04-22,1035.4481201171875,1044.199951171875,1060.4000244140625,1037.0,1060.0,2153582
2025-04-23,1030.489990234375,1039.199951171875,1053.9000244140625,1028.5,1051.0,893969
2025-04-24,1035.74560546875,1044.5,1047.5,1029.5,1035.5,1242921
2025-04-25,1019.7807006835938,1028.4000244140625,1056.9000244140625,1017.5999755859375,1050.0,2784217
2025-04-28,1045.562744140625,1054.4000244140625,1058.9000244140625,1019.2000122070312,1021.4000244140625,1485915
2025-04-29,1026.920166015625,1035.5999755859375,1061.5999755859375,1034.0999755859375,1055.0,1206750
2025-04-30,1021.1689453125,1029.800048828125,1042.300048828125,1021.0,1030.0,1755328
2025-05-02,959.3910522460938,967.5,1037.0,948.2999877929688,1021.2000122070312,6209775
2025-05-05,947.4916381835938,955.5,972.4000244140625,952.7000122070312,959.7999877929688,1646426
2025-05-06,959.3910522460938,967.5,971.9000244140625,955.0,960.0,1462046
2025-05-07,958.0027465820312,966.0999755859375,975.0,957.9000244140625,957.9000244140625,1014461
2025-05-08,945.2108764648438,953.2000122070312,969.5,949.0,962.5,1646385
2025-05-09,948.9790649414062,957.0,959.0,935.0,935.0,1481537
2025-05-12,996.7750854492188,1005.2000122070312,1007.7000122070312,969.7000122070312,973.0,1335817
2025-05-13,981.6033325195312,989.9000244140625,1010.9000244140625,988.0999755859375,1005.2000122070312,934177
2025-05-14,981.00830078125,989.2999877929688,1012.0999755859375,987.0,995.2000122070312,1650066
2025-05-15,1029.59765625,1038.300048828125,1040.5999755859375,990.0,993.0,5297654
2025-05-16,1013.2359619140625,1021.7999877929688,1044.5999755859375,1020.2999877929688,1043.4000244140625,1048380
2025-05-19,1011.0543823242188,1019.5999755859375,1034.0,1016.7000122070312,1033.9000244140625,1434608
2025-05-20,1004.2122192382812,1012.7000122070312,1034.5,1010.7999877929688,1031.0,1624336
2025-05-21,992.5111083984375,1000.9000244140625,1018.9000244140625,999.0999755859375,1016.0,875245
2025-05-22,997.1716918945312,1005.5999755859375,1011.5,987.9000244140625,1002.0,1283310
2025-05-23,1000.0474243164062,1008.5,1022.5,1005.0999755859375,1011.0,1568154
2025-05-26,1023.6480102539062,1032.300048828125,1036.0,979.5,1009.2000122070312,4716572
2025-05-27,1005.203857421875,1013.7000122070312,1033.0999755859375,1009.0,1032.0,1158374
2025-05-28,992.6102905273438,1001.0,1017.9000244140625,998.5,1014.9000244140625,1790498
2025-05-29,997.7666625976562,1006.2000122070312,1023.7000122070312,998.2000122070312,1020.4000244140625,3282246
2025-05-30,985.1731567382812,993.5,1012.5,990.5,1003.0,1710817
2025-06-02,970.5963134765625,978.7999877929688,987.0,969.25,987.0,1790184
2025-06-03,965.6382446289062,973.7999877929688,987.3499755859375,972.0499877929688,980.0499877929688,1138571
2025-06-04,960.4322509765625,968.5499877929688,979.5,962.1500244140625,973.0,2398032
2025-06-05,960.6305541992188,968.75,976.9000244140625,964.6500244140625,972.7999877929688,2182562
2025-06-06,996.4776000976562,1004.9000244140625,1010.6500244140625,967.6500244140625,968.75,2089570
2025-06-09,999.5515747070312,1008.0,1017.0,1001.9500122070312,1006.2999877929688,1864322
2025-06-10,994.6926879882812,1003.0999755859375,1019.1500244140625,1000.7999877929688,1015.0,1747781
2025-06-11,998.6591186523438,1007.0999755859375,1016.0,1003.9500122070312,1003.9500122070312,1003090
2025-06-12,987.3051147460938,995.6500244140625,1010.0,992.5499877929688,1007.0999755859375,2223026
2025-06-13,978.9755249023438,987.25,994.0499877929688,981.3499755859375,984.7000122070312,1044815
2025-06-16,995.3867797851562,1003.7999877929688,1011.0,984.2000122070312,987.25,871032
2025-06-17,991.2716064453125,999.6500244140625,1010.4500122070312,997.9000244140625,1004.5,1075499
2025-06-18,978.0830688476562,986.3499755859375,998.9500122070312,983.75,997.0,854561
2025-06-19,987.7017822265625,996.0499877929688,997.9500122070312,985.0,986.9000244140625,1391083
2025-06-20,997.1221313476562,1005.5499877929688,1024.0,993.5999755859375,993.9500122070312,9697195
2025-06-23,988.643798828125,997.0,1005.2000122070312,983.5,1005.0,1132847
2025-06-24,998.5599975585938,1007.0,1022.5499877929688,1001.2999877929688,1006.0,1434360
2025-06-25,1015.8636474609375,1024.449951171875,1027.800048828125,1008.0,1008.0,2029126
2025-06-26,1023.8958129882812,1032.550048828125,1040.5,1017.1500244140625,1030.0,3892783
2025-06-27,1020.2764892578125,1028.9000244140625,1045.699951171875,1023.2000122070312,1038.449951171875,1941604
2025-06-30,1011.9468383789062,1020.5,1033.0999755859375,1014.5,1033.050048828125,765716
2025-07-01,1020.9705200195312,1029.5999755859375,1031.5999755859375,1016.2000122070312,1023.7000122070312,988673
2025-07-02,1051.0167236328125,1059.9000244140625,1064.9000244140625,1031.0,1031.0,3166924
2025-07-03,1037.3321533203125,1046.0999755859375,1067.800048828125,1042.5999755859375,1065.0,1703765
2025-07-04,1032.6717529296875,1041.4000244140625,1051.699951171875,1032.0999755859375,1051.699951171875,961108
2025-07-07,1033.861572265625,1042.5999755859375,1045.0,1035.300048828125,1041.0,871937
2025-07-08,1039.031982421875,1045.0,1049.5999755859375,1039.300048828125,1042.0,828011
2025-07-09,1034.458251953125,1040.4000244140625,1052.0,1033.4000244140625,1051.699951171875,1666607
2025-07-10,1037.3416748046875,1043.300048828125,1049.5999755859375,1034.0999755859375,1040.9000244140625,1101654
2025-07-11,1031.2763671875,1037.199951171875,1051.199951171875,1034.0999755859375,1043.0,931901
2025-07-14,1032.966796875,1038.9000244140625,1044.9000244140625,1031.800048828125,1040.0,1238524
2025-07-15,1029.0889892578125,1035.0,1044.699951171875,1028.199951171875,1044.699951171875,982842
2025-07-16,1023.9187622070312,1029.800048828125,1035.0,1020.5,1034.0,1099243
2025-07-17,1028.2935791015625,1034.199951171875,1041.699951171875,1023.5,1030.5,1553977
2025-07-18,1028.492431640625,1034.4000244140625,1053.5,1027.0,1039.0,1694015
2025-07-21,1028.8902587890625,1034.800048828125,1053.5,1018.2999877929688,1051.0,2771028
2025-07-22,1024.8135986328125,1030.699951171875,1043.199951171875,1028.5999755859375,1038.5999755859375,1237568
2025-07-23,1027.89599609375,1033.800048828125,1037.800048828125,1025.0,1034.0,1192492
2025-07-24,1027.89599609375,1033.800048828125,1048.800048828125,1031.800048828125,1039.0,1462398
2025-07-25,1021.0353393554688,1026.9000244140625,1035.0,1020.0999755859375,1033.800048828125,912255
2025-07-28,1022.9244995117188,1028.800048828125,1034.0,1017.4000244140625,1029.0,1839488
2025-07-29,1028.9896240234375,1034.9000244140625,1051.300048828125,1023.7999877929688,1023.7999877929688,2215340
2025-07-30,1031.9725341796875,1037.9000244140625,1052.300048828125,1031.699951171875,1046.4000244140625,1781038
2025-07-31,1042.3131103515625,1048.300048828125,1058.5999755859375,1018.0,1018.0,3144726
2025-08-01,1021.93017578125,1027.800048828125,1054.0,1023.5999755859375,1054.0,1604653
2025-08-04,1049.8697509765625,1055.9000244140625,1058.9000244140625,1026.4000244140625,1029.699951171875,1835680
2025-08-05,1047.384033203125,1053.4000244140625,1063.4000244140625,1048.699951171875,1059.0,1524968
2025-08-06,1046.5885009765625,1052.5999755859375,1061.5,1045.800048828125,1059.0,1797515
2025-08-07,1058.7188720703125,1064.800048828125,1074.9000244140625,1046.0,1052.5999755859375,1837589
2025-08-08,1043.2078857421875,1049.199951171875,1071.4000244140625,1041.699951171875,1070.0,2234463
2025-08-11,1046.6878662109375,1052.699951171875,1065.0,1046.300048828125,1049.199951171875,1492814
2025-08-12,1042.213623046875,1048.199951171875,1059.9000244140625,1045.5999755859375,1054.800048828125,1231299
2025-08-13,1047.68212890625,1053.699951171875,1059.5999755859375,1050.300048828125,1052.199951171875,1125769
2025-08-14,1039.529052734375,1045.5,1058.0999755859375,1038.9000244140625,1055.0,870899
2025-08-18,1073.6331787109375,1079.800048828125,1084.0,1050.0,1060.0,3252940
2025-08-19,1067.269775390625,1073.4000244140625,1088.0,1070.699951171875,1080.0,1867228
2025-08-20,1076.4171142578125,1082.5999755859375,1089.199951171875,1067.300048828125,1072.0,1321114
2025-08-21,1065.678955078125,1071.800048828125,1086.0999755859375,1069.300048828125,1080.5999755859375,2069244
2025-08-22,1048.5770263671875,1054.5999755859375,1071.4000244140625,1051.300048828125,1068.5,1950366
2025-08-25,1051.7589111328125,1057.800048828125,1062.699951171875,1049.800048828125,1059.5,1552036
2025-08-26,1041.119873046875,1047.0999755859375,1057.0,1044.699951171875,1051.199951171875,1758169
2025-08-28,1029.884521484375,1035.800048828125,1055.0999755859375,1033.9000244140625,1047.0999755859375,1313061
2025-08-29,1020.7369995117188,1026.5999755859375,1038.300048828125,1022.2999877929688,1032.0,1062037
2025-09-01,1029.586181640625,1035.5,1038.5999755859375,1026.0999755859375,1026.5999755859375,624424
2025-09-02,1038.03759765625,1044.0,1049.5,1031.199951171875,1035.5999755859375,1071341
2025-09-03,1066.0765380859375,1072.199951171875,1079.9000244140625,1040.0,1042.0,3357124
2025-09-04,1066.2755126953125,1072.4000244140625,1076.4000244140625,1066.0999755859375,1075.0,922622
2025-09-05,1066.971435546875,1073.0999755859375,1076.5999755859375,1063.0,1069.0,748933
2025-09-08,1095.10986328125,1101.4000244140625,1112.300048828125,1080.0999755859375,1080.0999755859375,3219380
2025-09-09,1098.192138671875,1104.5,1110.0,1095.699951171875,1100.0,1058374
2025-09-10,1094.910888671875,1101.199951171875,1115.5,1097.300048828125,1108.0,1305818
2025-09-11,1092.7235107421875,1099.0,1108.0,1095.199951171875,1101.199951171875,852085
2025-09-12,1092.7235107421875,1099.0,1107.9000244140625,1093.0,1099.0,1057815
2025-09-15,1094.6126708984375,1100.9000244140625,1105.0,1090.5,1100.0,565667
2025-09-16,1108.8309326171875,1115.199951171875,1117.9000244140625,1100.0,1100.5,1644497
2025-09-17,1104.655029296875,1111.0,1122.5999755859375,1107.0999755859375,1119.5,950577
2025-09-18,1114.697265625,1121.0999755859375,1122.9000244140625,1105.0,1111.9000244140625,824725
2025-09-19,1116.3876953125,1122.800048828125,1126.0,1113.699951171875,1121.0999755859375,1351221
2025-09-22,1110.6207275390625,1117.0,1126.800048828125,1111.5999755859375,1122.0,786218
2025-09-23,1131.8985595703125,1138.4000244140625,1148.0,1117.0999755859375,1125.0,2075493
2025-09-24,1142.537353515625,1149.0999755859375,1161.0,1133.0,1138.4000244140625,2111388
2025-09-25,1141.9407958984375,1148.5,1157.5,1140.0,1149.0999755859375,1581307
2025-09-26,1124.3419189453125,1130.800048828125,1167.9000244140625,1127.9000244140625,1155.0,2999892
2025-09-29,1115.791015625,1122.199951171875,1143.9000244140625,1119.699951171875,1130.0,2615670
2025-09-30,1136.1739501953125,1142.699951171875,1149.9000244140625,1127.0999755859375,1128.800048828125,2771126
2025-10-01,1139.5545654296875,1146.0999755859375,1148.5999755859375,1132.199951171875,1145.0,1129506
2025-10-03,1155.0654296875,1161.699951171875,1175.800048828125,1145.9000244140625,1146.0999755859375,2179883
2025-10-06,1153.2757568359375,1159.9000244140625,1164.9000244140625,1149.199951171875,1161.699951171875,1013304
2025-10-07,1150.1934814453125,1156.800048828125,1173.0,1154.199951171875,1159.9000244140625,1565661
2025-10-08,1138.65966796875,1145.199951171875,1162.699951171875,1142.699951171875,1158.0,737972
2025-10-09,1168.48828125,1175.199951171875,1178.800048828125,1146.0,1146.0,2001612
2025-10-10,1161.130615234375,1167.800048828125,1175.0,1156.4000244140625,1174.0,1457768
2025-10-13,1154.7672119140625,1161.4000244140625,1164.9000244140625,1153.5999755859375,1160.9000244140625,488298
2025-10-14,1141.244873046875,1147.800048828125,1169.5999755859375,1139.4000244140625,1165.0,1408990
2025-10-15,1154.170654296875,1160.800048828125,1163.699951171875,1145.0,1147.800048828125,1284749
2025-10-16,1165.406005859375,1172.0999755859375,1173.5,1158.5999755859375,1165.0,655759
2025-10-17,1156.6563720703125,1163.300048828125,1178.0,1149.5999755859375,1175.0,2207267
2025-10-20,1138.65966796875,1145.199951171875,1174.5999755859375,1139.4000244140625,1174.5999755859375,1214428
2025-10-21,1145.91796875,1152.5,1154.699951171875,1148.5999755859375,1150.0,115719
2025-10-23,1131.6995849609375,1138.199951171875,1162.5,1135.0999755859375,1161.0,1740322
2025-10-24,1134.88134765625,1141.4000244140625,1151.0,1131.5,1140.0,1320560
2025-10-27,1144.02880859375,1150.5999755859375,1156.699951171875,1143.199951171875,1147.800048828125,1275776
2025-10-28,1177.4368896484375,1184.199951171875,1186.4000244140625,1145.0,1145.5999755859375,3451230
2025-10-29,1201.0015869140625,1207.9000244140625,1223.9000244140625,1185.5,1189.199951171875,3819737
2025-10-30,1203.089599609375,1210.0,1211.5999755859375,1199.4000244140625,1207.9000244140625,1273913
2025-10-31,1199.1124267578125,1206.0,1216.0,1199.0,1210.0,1337807
2025-11-03,1188.17529296875,1195.0,1217.5,1190.0,1213.9000244140625,1486643
2025-11-04,1174.6529541015625,1181.4000244140625,1202.5999755859375,1175.199951171875,1202.5999755859375,1110884
2025-11-06,1162.125,1168.800048828125,1183.5,1161.5999755859375,1181.4000244140625,1304994
2025-11-07,1165.00830078125,1171.699951171875,1182.9000244140625,1151.199951171875,1160.0999755859375,845047
2025-11-10,1172.56494140625,1179.300048828125,1185.0,1172.0,1174.0,740226
2025-11-11,1184.6951904296875,1191.5,1206.699951171875,1166.0999755859375,1187.0,1588730
2025-11-12,1175.0506591796875,1181.800048828125,1194.9000244140625,1178.0,1192.0,976290
2025-11-13,1177.138671875,1183.9000244140625,1200.4000244140625,1178.0999755859375,1191.699951171875,1427189
2025-11-14,1161.130615234375,1167.800048828125,1182.9000244140625,1159.0,1182.0999755859375,1059030
2025-11-17,1168.78662109375,1175.5,1178.0,1165.4000244140625,1173.9000244140625,1102752
2025-11-18,1156.3580322265625,1163.0,1179.9000244140625,1152.9000244140625,1179.9000244140625,1912105
2025-11-19,1158.2471923828125,1164.9000244140625,1170.9000244140625,1157.5999755859375,1167.5,522344
2025-11-20,1163.3179931640625,1170.0,1174.9000244140625,1161.0,1170.5999755859375,908758
2025-11-21,1133.7877197265625,1140.300048828125,1166.9000244140625,1133.0999755859375,1166.0,1045627
2025-11-24,1099.68359375,1106.0,1145.0,1104.300048828125,1142.0,2209717
2025-11-25,1105.6492919921875,1112.0,1123.9000244140625,1107.300048828125,1107.300048828125,1394051
2025-11-26,1147.80712890625,1154.4000244140625,1157.0,1112.0,1112.0,2167703
2025-11-27,1153.9716796875,1160.5999755859375,1163.0,1136.300048828125,1159.0,2342042
2025-11-28,1153.6734619140625,1160.300048828125,1172.5999755859375,1153.300048828125,1160.0,1243394
2025-12-01,1161.7271728515625,1168.4000244140625,1185.0,1157.300048828125,1164.9000244140625,3039396
2025-12-02,1155.36376953125,1162.0,1172.800048828125,1159.300048828125,1168.4000244140625,2834317
2025-12-03,1137.0687255859375,1143.5999755859375,1171.199951171875,1104.9000244140625,1162.0,6026786
2025-12-04,1144.02880859375,1150.5999755859375,1165.0,1143.0999755859375,1159.0,2285777
2025-12-05,1155.5625,1162.199951171875,1170.0,1143.4000244140625,1150.0,2326439
2025-12-08,1112.708740234375,1119.0999755859375,1168.0,1114.800048828125,1164.9000244140625,1727184
2025-12-09,1101.4732666015625,1107.800048828125,1120.5999755859375,1099.300048828125,1118.0,1947088
2025-12-10,1090.5361328125,1096.800048828125,1113.0999755859375,1090.0,1101.300048828125,1222924
2025-12-11,1099.0870361328125,1105.4000244140625,1111.300048828125,1095.5,1100.9000244140625,759090
2025-12-12,1119.0721435546875,1125.5,1128.800048828125,1108.800048828125,1110.0,827546
2025-12-15,1108.433349609375,1114.800048828125,1122.5999755859375,1110.0,1120.0999755859375,1017965
2025-12-16,1076.4171142578125,1082.5999755859375,1114.0,1080.5,1114.0,2000325
2025-12-17,1073.1361083984375,1079.300048828125,1093.699951171875,1075.5999755859375,1088.300048828125,1781774
2025-12-18,1076.0194091796875,1082.199951171875,1091.5,1073.199951171875,1079.0,1134603
2025-12-19,1073.434326171875,1079.5999755859375,1091.0,1075.699951171875,1091.0,1068212
2025-12-22,1088.64697265625,1094.9000244140625,1100.300048828125,1077.699951171875,1085.0,1086319
2025-12-23,1090.5361328125,1096.800048828125,1102.9000244140625,1092.0,1095.0,961759
2025-12-24,1085.0675048828125,1091.300048828125,1103.300048828125,1088.0999755859375,1099.5,806530
2025-12-26,1088.1497802734375,1094.4000244140625,1099.699951171875,1082.0,1092.0999755859375,1317269
2025-12-29,1086.360107421875,1092.5999755859375,1111.0,1089.4000244140625,1100.0,3084525
2025-12-30,1105.2515869140625,1111.5999755859375,1114.0,1089.5,1093.0,1609086
2025-12-31,1158.1478271484375,1164.800048828125,1169.0,1132.5999755859375,1156.0,5881898
2026-01-01,1164.8094482421875,1171.5,1176.800048828125,1161.0,1163.5,1173697
2026-01-02,1173.9569091796875,1180.699951171875,1184.0,1169.0999755859375,1172.0,903240
2026-01-05,1179.127197265625,1185.9000244140625,1192.9000244140625,1179.0,1180.699951171875,1017822
2026-01-06,1169.5821533203125,1176.300048828125,1197.5999755859375,1169.0,1185.9000244140625,1395370
2026-01-07,1183.0050048828125,1189.800048828125,1193.5,1169.4000244140625,1174.9000244140625,1161485
2026-01-08,1149.298583984375,1155.9000244140625,1190.0,1153.9000244140625,1190.0,1275035
2026-01-09,1152.1820068359375,1158.800048828125,1170.699951171875,1154.4000244140625,1160.0,1387896
2026-01-12,1175.9454345703125,1182.699951171875,1185.0,1146.4000244140625,1160.0,1391748
2026-01-13,1171.3717041015625,1178.0999755859375,1194.800048828125,1168.4000244140625,1182.699951171875,1570887
2026-01-14,1175.0506591796875,1181.800048828125,1201.9000244140625,1170.300048828125,1179.9000244140625,2281726
2026-01-15,1175.0506591796875,1181.800048828125,1181.800048828125,1181.800048828125,1181.800048828125,0
2026-01-16,1180.519287109375,1187.300048828125,1199.300048828125,1179.199951171875,1181.800048828125,1883089
2026-01-19,1177.3375244140625,1184.0999755859375,1195.800048828125,1176.4000244140625,1187.4000244140625,2213860
2026-01-20,1153.3751220703125,1160.0,1195.0,1156.5,1188.0,1106893
2026-01-21,1167.8917236328125,1174.5999755859375,1178.9000244140625,1159.5999755859375,1163.5,1401954
2026-01-22,1177.6358642578125,1184.4000244140625,1192.0,1176.0999755859375,1180.0,1428697
2026-01-23,1163.3179931640625,1170.0,1193.300048828125,1164.800048828125,1193.300048828125,2406992
2026-01-27,1215.0211181640625,1222.0,1230.4000244140625,1182.699951171875,1197.0,3808562
2026-01-28,1211.7398681640625,1218.699951171875,1232.0,1208.199951171875,1232.0,2214293
2026-01-29,1230.4324951171875,1237.5,1245.0,1217.9000244140625,1227.5,2471027
2026-01-30,1207.4644775390625,1214.4000244140625,1228.0,1194.5,1228.0,2876505
2026-02-02,1192.3511962890625,1199.199951171875,1203.800048828125,1174.0,1200.0,1839134
2026-02-03,1222.3787841796875,1229.4000244140625,1244.699951171875,1212.800048828125,1225.0,2093172
2026-02-04,1221.185546875,1228.199951171875,1240.0999755859375,1223.9000244140625,1229.0,1062043
2026-02-05,1232.719482421875,1239.800048828125,1241.800048828125,1214.199951171875,1218.5999755859375,1198051
2026-02-06,1229.139892578125,1236.199951171875,1238.5999755859375,1222.4000244140625,1233.9000244140625,918161
2026-02-09,1237.8896484375,1245.0,1254.699951171875,1235.0999755859375,1248.5,1503210
2026-02-10,1236.994873046875,1244.0999755859375,1261.9000244140625,1236.699951171875,1245.0,1150559
2026-02-11,1242.065673828125,1249.199951171875,1254.800048828125,1238.0,1248.5,835404
2026-02-12,1240.773193359375,1247.9000244140625,1254.199951171875,1240.4000244140625,1254.199951171875,762998
2026-02-13,1224.9639892578125,1232.0,1247.800048828125,1225.199951171875,1240.0,1726700
2026-02-16,1241.0714111328125,1248.199951171875,1249.9000244140625,1226.5,1229.9000244140625,627073
2026-02-17,1237.491943359375,1244.5999755859375,1248.0,1233.199951171875,1246.0,1115057
2026-02-18,1244.05419921875,1251.199951171875,1264.0,1244.199951171875,1244.5999755859375,1389762
2026-02-19,1221.384521484375,1228.4000244140625,1255.5,1223.0999755859375,1252.0,824461
2026-02-20,1228.7423095703125,1235.800048828125,1253.0,1222.5999755859375,1230.5,876475
2026-02-23,1233.4154052734375,1240.5,1248.0,1228.300048828125,1240.0,787962
2026-02-24,1247.33544921875,1254.5,1259.0,1230.199951171875,1230.199951171875,1515571
2026-02-25,1267.7183837890625,1275.0,1284.699951171875,1257.300048828125,1261.0,2095033
2026-02-26,1273.286376953125,1280.5999755859375,1282.300048828125,1270.0,1275.5,779191
2026-02-27,1257.4771728515625,1264.699951171875,1277.800048828125,1260.5,1272.0,2081751
2026-03-02,1260.0623779296875,1267.300048828125,1272.0,1244.699951171875,1253.199951171875,1608917
2026-03-04,1206.072509765625,1213.0,1253.9000244140625,1200.0,1236.0,1682849
2026-03-05,1240.971923828125,1248.0999755859375,1253.4000244140625,1214.5,1214.5,1696077
2026-03-06,1226.6541748046875,1233.699951171875,1249.0999755859375,1229.199951171875,1240.699951171875,1140348
2026-03-09,1185.7889404296875,1192.5999755859375,1213.0,1170.199951171875,1203.0,2145649
2026-03-10,1207.3651123046875,1214.300048828125,1219.9000244140625,1195.199951171875,1196.0999755859375,1131600
2026-03-11,1172.06787109375,1178.800048828125,1222.9000244140625,1171.0,1212.0,1802500
2026-03-12,1165.9031982421875,1172.5999755859375,1182.5,1150.0,1175.0,1265744
2026-03-13,1112.9075927734375,1119.300048828125,1169.199951171875,1115.5,1166.699951171875,2284551
2026-03-16,1139.057373046875,1145.5999755859375,1150.0,1120.0999755859375,1121.5,2593202
2026-03-17,1160.533935546875,1167.199951171875,1169.300048828125,1139.199951171875,1147.0,1760476
2026-03-18,1173.5592041015625,1180.300048828125,1184.0999755859375,1160.0999755859375,1164.300048828125,1284823
2026-03-19,1124.44140625,1130.9000244140625,1165.9000244140625,1126.699951171875,1159.300048828125,2207126
2026-03-20,1162.9202880859375,1169.5999755859375,1186.5,1138.0,1139.0999755859375,3580084
2026-03-23,1103.262939453125,1109.5999755859375,1153.800048828125,1102.5,1153.800048828125,2532216
2026-03-24,1127.225341796875,1133.699951171875,1142.699951171875,1112.0,1131.9000244140625,1218013
2026-03-25,1149.39794921875,1156.0,1170.0999755859375,1137.300048828125,1140.0,1632217
2026-03-27,1123.8448486328125,1130.300048828125,1150.800048828125,1126.9000244140625,1150.0,2750813
2026-03-30,1116.08935546875,1122.5,1136.5,1114.0,1130.0,2454814
2026-04-01,1133.8870849609375,1140.4000244140625,1159.0,1134.5,1141.9000244140625,2025282
2026-04-02,1134.781982421875,1141.300048828125,1145.800048828125,1106.4000244140625,1135.0,2208479
2026-04-06,1127.1258544921875,1133.5999755859375,1145.699951171875,1115.0999755859375,1132.0,3213623
2026-04-07,1145.3214111328125,1151.9000244140625,1157.5999755859375,1122.300048828125,1139.0,3158128
2026-04-08,1187.479248046875,1194.300048828125,1204.5999755859375,1170.0,1170.0,2383883
2026-04-09,1202.791259765625,1209.699951171875,1218.0,1185.0,1187.199951171875,2563654
2026-04-10,1207.8621826171875,1214.800048828125,1224.800048828125,1203.9000244140625,1210.0,1719725
2026-04-13,1197.3226318359375,1204.199951171875,1213.4000244140625,1189.300048828125,1199.0999755859375,1031668
2026-04-15,1211.6405029296875,1218.5999755859375,1232.0,1210.5999755859375,1222.9000244140625,1404182
2026-04-16,1207.961669921875,1214.9000244140625,1242.9000244140625,1211.300048828125,1221.199951171875,2686363
2026-04-17,1233.216552734375,1240.300048828125,1242.300048828125,1198.5999755859375,1213.0,1875945
2026-04-20,1267.22119140625,1274.5,1279.0,1233.0,1241.0999755859375,4606071
2026-04-21,1272.2921142578125,1279.5999755859375,1296.4000244140625,1273.699951171875,1284.4000244140625,2108883
2026-04-22,1256.1846923828125,1263.4000244140625,1286.5999755859375,1258.4000244140625,1283.0,2882614
2026-04-23,1249.8211669921875,1257.0,1269.9000244140625,1251.0,1263.4000244140625,1715185
2026-04-24,1248.528564453125,1255.699951171875,1268.0,1246.5,1264.0,1996768
2026-04-27,1275.3743896484375,1282.699951171875,1297.0,1268.0999755859375,1273.0,2309506
2026-04-28,1274.2806396484375,1281.5999755859375,1306.800048828125,1275.5999755859375,1284.0,1902689
2026-04-29,1272.3914794921875,1279.699951171875,1287.800048828125,1257.0,1283.0,2364369
2026-04-30,1257.2783203125,1264.5,1273.4000244140625,1250.4000244140625,1272.5,1366233
2026-05-01,1257.2783203125,1264.5,1264.5,1264.5,1264.5,0
2026-05-04,1259.3663330078125,1266.5999755859375,1287.9000244140625,1259.9000244140625,1278.0,1550369
2026-05-05,1245.2474365234375,1252.4000244140625,1264.9000244140625,1245.800048828125,1260.5,1471611
2026-05-06,1266.028076171875,1273.300048828125,1278.5999755859375,1253.0,1262.5,988216
2026-05-07,1276.0704345703125,1283.4000244140625,1293.5999755859375,1268.5999755859375,1272.0999755859375,1773360
2026-05-08,1270.50244140625,1277.800048828125,1284.9000244140625,1266.800048828125,1283.4000244140625,811858
2026-05-11,1255.38916015625,1262.5999755859375,1282.199951171875,1258.5999755859375,1276.0,1023862
2026-05-12,1245.1480712890625,1252.300048828125,1272.5999755859375,1246.199951171875,1262.0,1475577
2026-05-13,1267.6190185546875,1274.9000244140625,1282.4000244140625,1255.0,1255.0,2366540
2026-05-14,1289.4932861328125,1296.9000244140625,1306.0,1281.9000244140625,1287.9000244140625,3292597
2026-05-15,1271.4967041015625,1278.800048828125,1314.0,1274.199951171875,1314.0,3871553
2026-05-18,1285.416748046875,1292.800048828125,1302.0,1258.300048828125,1280.0,2965138
2026-05-19,1277.860107421875,1285.199951171875,1299.699951171875,1282.699951171875,1298.0,1136358
2026-05-20,1275.8714599609375,1283.199951171875,1289.0,1261.5,1278.0,1039407
2026-05-21,1273.982421875,1281.300048828125,1293.0,1272.800048828125,1293.0,5339554
2026-05-22,1278.158447265625,1285.5,1289.9000244140625,1278.0999755859375,1284.199951171875,588674
2026-05-25,1282.0361328125,1289.4000244140625,1297.4000244140625,1284.0,1290.699951171875,922291
2026-05-26,1286.212158203125,1293.5999755859375,1301.0,1282.699951171875,1289.4000244140625,1712866
2026-05-27,1301.822509765625,1309.300048828125,1328.0,1295.0,1295.0,2030720
2026-05-28,1301.822509765625,1309.300048828125,1309.300048828125,1309.300048828125,1309.300048828125,0
2026-05-29,1270.7012939453125,1278.0,1312.199951171875,1270.300048828125,1309.5,3129836
2026-06-01,1291.97900390625,1299.4000244140625,1304.800048828125,1279.5,1279.5,1388242
2026-06-02,1303.31396484375,1310.800048828125,1316.9000244140625,1290.199951171875,1297.5,1602109
2026-06-03,1305.4019775390625,1312.9000244140625,1318.5,1297.300048828125,1315.0,814920
2026-06-04,1293.6693115234375,1301.0999755859375,1314.0,1294.199951171875,1311.0,958385
2026-06-05,1276.6669921875,1284.0,1309.800048828125,1266.5,1301.0999755859375,1618038
2026-06-08,1253.5,1260.699951171875,1273.0,1255.0,1270.0,1172766
2026-06-09,1254.4942626953125,1261.699951171875,1273.0,1257.0999755859375,1265.0,1070798
2026-06-10,1262.548095703125,1269.800048828125,1292.0,1252.5,1266.0,3053155
2026-06-11,1274.9766845703125,1282.300048828125,1293.4000244140625,1261.0,1266.0,1915489
2026-06-12,1290.1893310546875,1297.5999755859375,1305.5,1285.0999755859375,1298.0,1091577
2026-06-15,1289.0955810546875,1296.5,1320.199951171875,1294.199951171875,1312.5999755859375,1168850
2026-06-16,1267.0224609375,1274.300048828125,1302.5,1269.0,1300.0,1110628
2026-06-17,1279.8486328125,1287.199951171875,1289.5,1269.0999755859375,1280.0,1194899
2026-06-18,1286.510498046875,1293.9000244140625,1297.0,1284.0999755859375,1288.0,685833
2026-06-19,1280.3458251953125,1287.699951171875,1295.0,1267.0999755859375,1289.0,1138608
2026-06-22,1275.076171875,1282.4000244140625,1296.9000244140625,1275.0,1290.0,961383
2026-06-23,1235.1055908203125,1242.199951171875,1278.4000244140625,1233.4000244140625,1270.0,2156617
2026-06-24,1224.16845703125,1231.199951171875,1244.9000244140625,1222.0,1240.0,2339439
2026-06-25,1223.9696044921875,1231.0,1238.5999755859375,1224.0999755859375,1224.699951171875,1706161
2026-06-26,1223.9696044921875,1231.0,1231.0,1231.0,1231.0,0
2026-06-29,1225.3616943359375,1232.4000244140625,1250.699951171875,1226.5999755859375,1239.0,2091046
2026-06-30,1219.39599609375,1226.4000244140625,1238.699951171875,1221.5,1232.0,1242580
2026-07-01,1209.254150390625,1216.199951171875,1231.9000244140625,1210.699951171875,1229.5999755859375,1634758
2026-07-02,1216.810791015625,1223.800048828125,1234.199951171875,1217.0999755859375,1226.0,1302096
2026-07-03,1223.1741943359375,1230.199951171875,1245.199951171875,1226.0999755859375,1232.0,1153646
2026-07-06,1236.0999755859375,1243.199951171875,1244.5,1225.4000244140625,1230.0,1090418
2026-07-07,1246.4000244140625,1246.4000244140625,1252.800048828125,1221.199951171875,1236.0,2548642
2026-07-08,1219.5,1219.5,1245.800048828125,1212.199951171875,1231.0,1038782
2026-07-09,1225.800048828125,1225.800048828125,1240.5,1220.300048828125,1224.0,1151162
2026-07-10,1245.4000244140625,1245.4000244140625,1259.0,1232.300048828125,1232.300048828125,1504035
2026-07-13,1237.4000244140625,1237.4000244140625,1240.0999755859375,1220.4000244140625,1235.199951171875,1403822
2026-07-14,1247.699951171875,1247.699951171875,1254.800048828125,1225.0999755859375,1225.0999755859375,1042163
2026-07-15,1226.9000244140625,1226.9000244140625,1252.5999755859375,1224.9000244140625,1249.5999755859375,836306
2026-07-16,1221.0,1221.0,1233.300048828125,1219.4000244140625,1232.9000244140625,1342230
2026-07-17,1237.300048828125,1237.300048828125,1243.9000244140625,1218.0,1221.0,2800390
2026-07-20,1257.0,1257.0,1266.5999755859375,1247.199951171875,1252.699951171875,2686712
2026-07-21,1267.4000244140625,1267.4000244140625,1271.4000244140625,1252.0,1259.0,1941639
2026-07-22,1266.9000244140625,1266.9000244140625,1279.300048828125,1261.699951171875,1264.5,3988761
2026-07-23,1246.800048828125,1246.800048828125,1274.699951171875,1238.5,1256.0,2453085
