Date,Adj Close,Close,High,Low,Open,Volume
2021-07-23,342.5649108886719,344.5899963378906,345.4599914550781,338.8299865722656,342.0,9979000
2021-07-26,346.07421875,348.1199951171875,350.0,334.6700134277344,342.32000732421875,19695475
2021-07-27,337.5943298339844,339.5899963378906,350.6000061035156,338.7699890136719,350.3999938964844,21505655
2021-07-28,328.6273498535156,330.57000732421875,341.1600036621094,329.20001220703125,341.0,25263775
2021-07-29,326.4005126953125,328.3299865722656,332.79998779296875,327.0199890136719,332.79998779296875,14971325
2021-07-30,329.01507568359375,330.9599914550781,333.9800109863281,325.20001220703125,328.3299865722656,16110005
2021-08-02,331.06292724609375,333.0199890136719,335.4599914550781,331.5,333.0,12954880
2021-08-03,335.1488342285156,337.1300048828125,337.8500061035156,333.0,333.0,16150700
2021-08-04,347.9332275390625,349.989990234375,350.6499938964844,337.0,339.739990234375,35020800
2021-08-05,352.2676086425781,354.3500061035156,358.6000061035156,350.510009765625,352.3399963378906,30260460
2021-08-06,353.3511962890625,355.44000244140625,356.94000244140625,351.2300109863281,353.79998779296875,18202345
2021-08-09,354.08685302734375,356.17999267578125,357.9200134277344,352.4200134277344,355.44000244140625,7984430
2021-08-10,360.5187683105469,362.6499938964844,364.9800109863281,355.8599853515625,357.0,22974240
2021-08-11,354.2030029296875,356.1199951171875,364.0,352.42999267578125,364.0,15509515
2021-08-12,355.6153869628906,357.5400085449219,358.20001220703125,352.3999938964844,355.0199890136719,8208450
2021-08-13,355.675048828125,357.6000061035156,359.79998779296875,354.7699890136719,356.79998779296875,9199585
2021-08-16,354.5511169433594,356.4700012207031,360.239990234375,354.3500061035156,356.79998779296875,7768305
2021-08-17,355.7446594238281,357.6700134277344,359.0,355.4100036621094,355.79998779296875,7096685
2021-08-18,348.0563049316406,349.94000244140625,358.1099853515625,349.1199951171875,357.6700134277344,13818265
2021-08-20,338.8759460449219,340.7099914550781,346.3999938964844,339.3999938964844,346.3999938964844,28216210
2021-08-23,341.5216369628906,343.3699951171875,344.9100036621094,340.0,344.9100036621094,15465845
2021-08-24,339.1445007324219,340.9800109863281,345.0,338.32000732421875,345.0,23539855
2021-08-25,337.61279296875,339.44000244140625,343.3399963378906,338.79998779296875,341.0,14569050
2021-08-26,337.6724548339844,339.5,343.29998779296875,337.7799987792969,338.760009765625,21912885
2021-08-27,340.8652038574219,342.7099914550781,344.760009765625,339.0,339.0,18306575
2021-08-30,345.30120849609375,347.1700134277344,347.9100036621094,343.19000244140625,343.19000244140625,12806265
2021-08-31,348.8518981933594,350.739990234375,351.9200134277344,347.80999755859375,348.80999755859375,22463045
2021-09-01,347.4495544433594,349.3299865722656,350.7699890136719,347.6000061035156,350.75,36331770
2021-09-02,353.3675231933594,355.2799987792969,357.67999267578125,348.79998779296875,350.3999938964844,28819220
2021-09-03,356.44091796875,358.3699951171875,362.2900085449219,355.510009765625,358.6000061035156,24225670
2021-09-06,352.99951171875,354.9100036621094,361.6000061035156,354.0,361.6000061035156,9509655
2021-09-07,351.0699768066406,352.9700012207031,355.8900146484375,349.20001220703125,354.9100036621094,14614185
2021-09-08,361.1156005859375,363.07000732421875,365.6000061035156,351.0,352.0199890136719,76247785
2021-09-09,361.6129150390625,363.57000732421875,368.3399963378906,361.3599853515625,365.20001220703125,18214625
2021-09-13,366.02899169921875,368.010009765625,369.9599914550781,358.95001220703125,365.70001220703125,16358075
2021-09-14,371.5391540527344,373.54998779296875,375.79998779296875,369.0299987792969,370.0,20840400
2021-09-15,372.3249206542969,374.3399963378906,379.69000244140625,371.6000061035156,374.79998779296875,24070115
2021-09-16,379.3071594238281,381.3599853515625,382.0,373.6000061035156,375.3999938964844,20643915
2021-09-17,399.42828369140625,401.5899963378906,403.3999938964844,382.6000061035156,383.20001220703125,73192445
2021-09-20,398.1352233886719,400.2900085449219,407.44000244140625,396.2699890136719,398.0,29405445
2021-09-21,400.0249938964844,402.19000244140625,405.5299987792969,399.2200012207031,403.3999938964844,19334440
2021-09-22,394.9723205566406,397.1099853515625,404.4800109863281,395.760009765625,403.29998779296875,9559045
2021-09-23,402.6209716796875,404.79998779296875,410.3999938964844,398.17999267578125,400.79998779296875,14945535
2021-09-24,403.4365539550781,405.6199951171875,410.4700012207031,402.7799987792969,406.0,10574440
2021-09-27,404.4809265136719,406.6700134277344,411.6000061035156,405.1000061035156,406.239990234375,9150320
2021-09-28,411.41339111328125,413.6400146484375,415.55999755859375,402.5799865722656,408.0,19496335
2021-09-29,403.90399169921875,406.0899963378906,412.0,404.0299987792969,411.9800109863281,17101570
2021-09-30,398.9408874511719,401.1000061035156,407.0,399.3599853515625,405.0899963378906,22863740
2021-10-01,396.5637512207031,398.7099914550781,402.1600036621094,394.3800048828125,399.3999938964844,16869890
2021-10-04,396.0465087890625,398.19000244140625,402.9800109863281,397.6000061035156,399.0,10215265
2021-10-05,394.3358154296875,396.4700012207031,399.5899963378906,395.1000061035156,398.9800109863281,13599035
2021-10-06,389.0444030761719,391.1499938964844,401.0,388.4200134277344,395.2099914550781,14896375
2021-10-07,388.3879699707031,390.489990234375,396.45001220703125,389.8500061035156,393.6000061035156,11110650
2021-10-08,385.1853332519531,387.2699890136719,393.2300109863281,386.20001220703125,390.0,9689170
2021-10-11,392.9532470703125,395.0799865722656,401.0,389.0,389.79998779296875,11880835
2021-10-12,396.8720703125,399.0199890136719,400.79998779296875,393.0,396.0,9454510
2021-10-13,399.70672607421875,401.8699951171875,404.3999938964844,398.9100036621094,400.79998779296875,8712390
2021-10-14,401.38763427734375,403.55999755859375,405.1000061035156,397.0,401.6000061035156,8261780
2021-10-18,400.154296875,402.32000732421875,409.3900146484375,401.5899963378906,403.55999755859375,10833895
2021-10-19,404.8787841796875,407.07000732421875,408.989990234375,398.4200134277344,402.3800048828125,8476015
2021-10-20,400.9201354980469,403.0899963378906,408.989990234375,399.6400146484375,408.3999938964844,8974465
2021-10-21,426.4420166015625,428.75,431.0,404.3999938964844,406.20001220703125,47477590
2021-10-22,431.9422302246094,434.2799987792969,440.3299865722656,424.54998779296875,430.9800109863281,29659130
2021-10-25,428.5804748535156,430.8999938964844,436.5899963378906,423.010009765625,430.3999938964844,33886310
2021-10-26,439.8096923828125,442.19000244140625,448.0,424.739990234375,430.8999938964844,53345005
2021-10-27,435.2940979003906,437.6499938964844,450.6000061035156,435.32000732421875,440.0,22752840
2021-10-28,417.4407653808594,419.70001220703125,438.0,418.0799865722656,437.6499938964844,15511445
2021-10-29,404.04327392578125,406.2300109863281,419.3900146484375,403.0,415.510009765625,23331725
2021-11-01,413.0644226074219,415.29998779296875,417.3599853515625,406.9599914550781,411.0,9832940
2021-11-02,413.0942687988281,415.3299865722656,418.70001220703125,412.0,413.2300109863281,7681030
2021-11-03,405.3163757324219,407.510009765625,422.32000732421875,405.6000061035156,416.0,10336455
2021-11-04,409.1854248046875,411.3999938964844,412.3999938964844,407.79998779296875,408.0,1025885
2021-11-08,421.48883056640625,423.7699890136719,425.5199890136719,411.0,411.0,10609980
2021-11-09,417.18212890625,419.44000244140625,425.3900146484375,416.6600036621094,424.0,8887865
2021-11-10,412.974853515625,415.2099914550781,418.2699890136719,412.6099853515625,417.0,7228940
2021-11-11,408.6085510253906,410.82000732421875,415.5400085449219,409.510009765625,414.6000061035156,7735765
2021-11-12,412.7064208984375,414.94000244140625,416.0,410.6099853515625,413.6000061035156,7172140
2021-11-15,417.2020568847656,419.4599914550781,421.6000061035156,416.0,416.0199890136719,9096640
2021-11-16,414.32763671875,416.57000732421875,420.7699890136719,414.0,419.9800109863281,7725535
2021-11-17,408.4095764160156,410.6199951171875,416.3699951171875,409.1000061035156,414.0,7233815
2021-11-18,402.7105407714844,404.8900146484375,412.489990234375,401.7799987792969,410.0,13965995
2021-11-22,388.9847717285156,391.0899963378906,408.79998779296875,388.20001220703125,408.79998779296875,13741645
2021-11-23,394.4452209472656,396.5799865722656,398.6300048828125,386.5400085449219,387.6000061035156,16148125
2021-11-24,400.1145324707031,402.2799987792969,404.989990234375,394.0,395.9100036621094,9737415
2021-11-25,404.8289794921875,407.0199890136719,409.6000061035156,402.6099853515625,404.0,15822140
2021-11-26,390.7452392578125,392.8599853515625,401.3999938964844,391.0199890136719,400.3999938964844,13237765
2021-11-29,401.7457275390625,403.9200134277344,409.0,387.44000244140625,398.6000061035156,20859500
2021-11-30,390.267822265625,392.3800048828125,407.9200134277344,389.3800048828125,404.6000061035156,21329080
2021-12-01,388.5670166015625,390.6700134277344,397.17999267578125,388.0,395.79998779296875,12928465
2021-12-02,390.7352600097656,392.8500061035156,396.19000244140625,389.1199951171875,389.510009765625,9664645
2021-12-03,380.7791748046875,382.8399963378906,397.9800109863281,381.0400085449219,393.3399963378906,17458620
2021-12-06,375.0103759765625,377.0400085449219,385.29998779296875,375.3999938964844,384.0,15406680
2021-12-07,385.34442138671875,387.42999267578125,392.760009765625,382.0400085449219,382.3999938964844,36722375
2021-12-08,382.0224609375,384.0899963378906,394.0,383.0899963378906,394.0,25627975
2021-12-09,381.2068176269531,383.2699890136719,387.3800048828125,377.2200012207031,385.20001220703125,23272265
2021-12-10,377.3079528808594,379.3500061035156,384.0,377.70001220703125,383.0,15274610
2021-12-13,372.60345458984375,374.6199951171875,383.20001220703125,372.45001220703125,382.0,20425550
2021-12-14,366.0986328125,368.0799865722656,374.79998779296875,363.2099914550781,374.6199951171875,50556260
2021-12-15,371.46954345703125,373.4800109863281,376.3500061035156,367.3500061035156,369.1199951171875,26528735
2021-12-16,370.1466979980469,372.1499938964844,378.19000244140625,370.17999267578125,377.17999267578125,15272310
2021-12-17,356.82879638671875,358.760009765625,371.989990234375,358.0,371.0,14675630
2021-12-20,346.6240234375,348.5,356.0,344.4800109863281,356.0,16345895
2021-12-21,345.4404296875,347.30999755859375,353.6000061035156,344.20001220703125,352.2099914550781,11321155
2021-12-22,350.58258056640625,352.4800109863281,354.0,346.6300048828125,349.6000061035156,17269195
2021-12-23,353.2083435058594,355.1199951171875,357.739990234375,353.4700012207031,356.9800109863281,9598245
2021-12-24,347.7976379394531,349.67999267578125,356.0,346.0,356.0,11357850
2021-12-27,352.7807312011719,354.69000244140625,355.7900085449219,344.20001220703125,348.6199951171875,8269165
2021-12-28,353.0691223144531,354.9800109863281,357.94000244140625,353.1099853515625,357.0,6428355
2021-12-29,350.940673828125,352.8399963378906,356.0,350.82000732421875,354.79998779296875,7059540
2021-12-30,349.1602783203125,351.04998779296875,353.989990234375,348.7300109863281,351.79998779296875,12491975
2021-12-31,357.2863464355469,359.2200012207031,360.20001220703125,352.010009765625,352.3999938964844,11064460
2022-01-03,362.9258117675781,364.8900146484375,365.6199951171875,358.32000732421875,359.3999938964844,9925545
2022-01-04,368.52545166015625,370.5199890136719,371.3999938964844,363.05999755859375,366.0,13177875
2022-01-05,382.360595703125,384.42999267578125,385.6700134277344,368.0199890136719,371.3999938964844,21040835
2022-01-06,376.3431701660156,378.3800048828125,383.0,375.0,381.4200134277344,11290150
2022-01-07,378.7998962402344,380.8500061035156,385.0799865722656,376.7200012207031,378.3800048828125,11516755
2022-01-10,387.4928283691406,389.5899963378906,391.05999755859375,380.2699890136719,380.8500061035156,14310435
2022-01-11,385.27484130859375,387.3599853515625,390.8500061035156,384.0400085449219,389.6000061035156,13570095
2022-01-12,389.2135314941406,391.32000732421875,395.2300109863281,389.42999267578125,390.9599914550781,10746980
2022-01-13,383.19610595703125,385.2699890136719,393.3800048828125,384.510009765625,392.0,7435760
2022-01-14,385.5533447265625,387.6400146484375,389.0,379.6000061035156,381.79998779296875,9143810
2022-01-17,385.4041442871094,387.489990234375,390.5899963378906,383.7200012207031,384.3999938964844,8382365
2022-01-18,386.3390808105469,388.42999267578125,395.0,386.0,386.0,10407280
2022-01-19,379.0783996582031,381.1300048828125,389.0,380.0199890136719,389.0,7608510
2022-01-20,376.4823913574219,378.5199890136719,385.0,375.3999938964844,385.0,7449105
2022-01-21,376.711181640625,378.75,380.20001220703125,369.9100036621094,373.6499938964844,8769480
2022-01-24,364.2088317871094,366.17999267578125,377.5799865722656,362.0,376.82000732421875,12737170
2022-01-25,368.9332580566406,370.92999267578125,374.7799987792969,356.44000244140625,362.94000244140625,12845325
2022-01-27,375.8160400390625,377.8500061035156,379.7099914550781,364.2300109863281,368.0,18593095
2022-01-28,377.61627197265625,379.6600036621094,391.3800048828125,377.7300109863281,379.0,24859820
2022-01-31,369.45050048828125,371.45001220703125,387.7799987792969,368.20001220703125,384.0,22583125
2022-02-01,374.4335021972656,376.4599914550781,381.0,366.82000732421875,376.3999938964844,15485430
2022-02-02,386.4285888671875,388.5199890136719,389.6000061035156,379.3800048828125,382.1600036621094,13552540
2022-02-03,379.75469970703125,381.80999755859375,388.489990234375,379.2099914550781,387.9800109863281,11198565
2022-02-04,374.81146240234375,376.8399963378906,383.6000061035156,376.04998779296875,382.79998779296875,8856335
2022-02-07,363.7214660644531,365.69000244140625,378.0,364.0,370.0,10269795
2022-02-08,361.6029357910156,363.55999755859375,369.6099853515625,358.6199951171875,367.0,17846850
2022-02-09,365.0244140625,367.0,369.55999755859375,364.5299987792969,367.1199951171875,8120290
2022-02-10,371.42974853515625,373.44000244140625,377.7799987792969,366.04998779296875,367.0,12540405
2022-02-11,363.68170166015625,365.6499938964844,370.82000732421875,364.3999938964844,370.82000732421875,9298775
2022-02-14,347.48931884765625,349.3699951171875,364.7699890136719,347.5899963378906,358.010009765625,15134105
2022-02-15,360.6679992675781,362.6199951171875,363.79998779296875,349.2099914550781,351.20001220703125,10276375
2022-02-16,364.039794921875,366.010009765625,370.57000732421875,360.0,363.0199890136719,11348780
2022-02-17,361.50347900390625,363.4599914550781,368.8500061035156,362.0799865722656,367.0,14051145
2022-02-18,363.3435363769531,365.30999755859375,366.20001220703125,361.1700134277344,361.80999755859375,6148340
2022-02-21,363.4529724121094,365.4200134277344,370.260009765625,360.4200134277344,361.6000061035156,6719555
2022-02-22,366.3671875,368.3500061035156,369.82000732421875,358.0,358.0,15110375
2022-02-23,375.189453125,377.2200012207031,382.57000732421875,370.5799865722656,370.5799865722656,34579605
2022-02-24,357.0376892089844,358.9700012207031,374.8800048828125,355.3500061035156,366.8699951171875,24780215
2022-02-25,369.341064453125,371.3399963378906,373.25,360.2099914550781,364.19000244140625,19969430
2022-02-28,366.5660705566406,368.54998779296875,370.3999938964844,362.94000244140625,367.3999938964844,13562810
2022-03-02,359.2556457519531,361.20001220703125,363.8699951171875,355.05999755859375,362.3599853515625,14154775
2022-03-03,356.5204772949219,358.45001220703125,363.9200134277344,354.5199890136719,362.5899963378906,14810715
2022-03-04,348.5436096191406,350.42999267578125,357.19000244140625,346.739990234375,354.0,12745970
2022-03-07,340.5369567871094,342.3800048828125,346.17999267578125,336.010009765625,338.70001220703125,13489675
2022-03-08,342.764892578125,344.6199951171875,345.8999938964844,334.510009765625,340.0,27182480
2022-03-09,345.94769287109375,347.82000732421875,349.6300048828125,338.3999938964844,344.6199951171875,34597305
2022-03-10,348.9812927246094,350.8699951171875,362.6000061035156,347.20001220703125,360.0,20942345
2022-03-11,350.70196533203125,352.6000061035156,355.9800109863281,347.20001220703125,349.0,12531700
2022-03-14,355.82421875,357.75,359.4700012207031,348.3999938964844,349.0899963378906,16583245
2022-03-15,344.88348388671875,346.75,357.989990234375,342.79998779296875,356.79998779296875,24037275
2022-03-16,350.2046813964844,352.1000061035156,354.9599914550781,350.54998779296875,352.0,14636205
2022-03-17,362.04058837890625,364.0,365.5199890136719,356.510009765625,358.0,16795035
2022-03-21,353.50677490234375,355.4200134277344,366.0,354.6000061035156,363.1300048828125,11988495
2022-03-22,359.6236572265625,361.57000732421875,362.7200012207031,351.07000732421875,355.4200134277344,16987280
2022-03-23,352.044677734375,353.95001220703125,365.45001220703125,351.6000061035156,363.0,16131700
2022-03-24,340.9845275878906,342.8299865722656,345.7799987792969,340.20001220703125,343.0,98550890
2022-03-25,342.5958251953125,344.45001220703125,346.3599853515625,342.3999938964844,345.6000061035156,15195750
2022-03-28,343.1826477050781,345.0400085449219,345.6000061035156,338.4100036621094,345.6000061035156,15351020
2022-03-29,344.1374816894531,346.0,348.17999267578125,343.75,347.6000061035156,12928950
2022-03-30,350.7218322753906,352.6199951171875,353.7699890136719,347.20001220703125,349.8800048828125,16790770
2022-03-31,348.8818054199219,350.7699890136719,355.75,349.3999938964844,351.0199890136719,14242040
2022-04-01,353.417236328125,355.3299865722656,356.0,349.1199951171875,349.8599853515625,11868865
2022-04-04,365.2332763671875,367.2099914550781,368.0,347.0,357.3999938964844,19987830
2022-04-05,358.499755859375,360.44000244140625,367.6099853515625,358.8399963378906,367.2099914550781,10664355
2022-04-06,353.9642639160156,355.8800048828125,358.6000061035156,354.3500061035156,357.5,11745005
2022-04-07,351.38824462890625,353.2900085449219,358.3999938964844,352.6000061035156,354.20001220703125,21943915
2022-04-08,354.9787902832031,356.8999938964844,358.0,351.2200012207031,355.04998779296875,11908355
2022-04-11,354.76995849609375,356.69000244140625,361.2300109863281,352.6600036621094,355.0,9589710
2022-04-12,358.43011474609375,360.3699951171875,362.5299987792969,354.0,354.2099914550781,12061210
2022-04-13,354.0041198730469,355.9200134277344,363.70001220703125,354.54998779296875,361.5400085449219,9618460
2022-04-18,348.19549560546875,350.0799865722656,355.1199951171875,346.0,355.1199951171875,9800705
2022-04-19,339.6617431640625,341.5,353.3399963378906,337.3999938964844,352.6000061035156,11947870
2022-04-20,342.4068298339844,344.260009765625,345.3999938964844,336.67999267578125,342.6000061035156,16007725
2022-04-21,350.2742919921875,352.1700134277344,354.69000244140625,344.80999755859375,345.0,13653455
2022-04-22,343.68988037109375,345.54998779296875,349.7799987792969,344.2799987792969,348.0,11280190
2022-04-25,343.90869140625,345.7699890136719,347.5799865722656,338.79998779296875,340.5,10746970
2022-04-26,346.663818359375,348.5400085449219,349.6000061035156,346.25,349.2200012207031,7273885
2022-04-27,346.4250793457031,348.29998779296875,350.3999938964844,344.79998779296875,344.79998779296875,14112960
2022-04-28,351.2291259765625,353.1300048828125,354.6000061035156,346.4800109863281,349.79998779296875,11712485
2022-04-29,356.2220764160156,358.1499938964844,362.05999755859375,353.3999938964844,353.7900085449219,18443295
2022-05-02,352.9596862792969,354.8699951171875,356.0899963378906,350.010009765625,353.1099853515625,9897330
2022-05-04,353.2083435058594,355.1199951171875,364.739990234375,353.6000061035156,353.6000061035156,28732370
2022-05-05,357.5846862792969,359.5199890136719,364.20001220703125,356.8599853515625,360.20001220703125,17840235
2022-05-06,353.14874267578125,355.05999755859375,358.989990234375,350.0,351.0299987792969,14237415
2022-05-09,351.59710693359375,353.5,356.79998779296875,348.6000061035156,349.0,10846810
2022-05-10,357.49517822265625,359.42999267578125,361.760009765625,353.5,354.0,9949270
2022-05-11,360.04144287109375,361.989990234375,363.6000061035156,359.20001220703125,359.6000061035156,13109420
2022-05-12,350.2842102050781,352.17999267578125,361.32000732421875,351.3999938964844,360.55999755859375,21411340
2022-05-13,353.994140625,355.9100036621094,359.0,351.20001220703125,357.0,13685110
2022-05-16,360.6182861328125,362.57000732421875,365.0,353.2300109863281,356.20001220703125,15195905
2022-05-17,366.07867431640625,368.05999755859375,368.9800109863281,363.5199890136719,364.6000061035156,15103905
2022-05-18,367.3717041015625,369.3599853515625,372.79998779296875,368.1700134277344,369.3900146484375,26608920
2022-05-19,354.7599792480469,356.67999267578125,365.4599914550781,355.6700134277344,362.3999938964844,15541605
2022-05-20,363.8607177734375,365.8299865722656,367.9800109863281,358.8900146484375,362.20001220703125,13248360
2022-05-23,368.8636474609375,370.8599853515625,374.29998779296875,368.25,370.3999938964844,14130390
2022-05-24,374.4931640625,376.5199890136719,378.0,368.55999755859375,371.5899963378906,17109500
2022-05-25,379.45635986328125,381.510009765625,388.29998779296875,377.260009765625,379.57000732421875,31263010
2022-05-26,379.6751403808594,381.7300109863281,384.3999938964844,376.80999755859375,382.989990234375,24749145
2022-05-27,387.14471435546875,389.239990234375,390.0,382.6000061035156,384.20001220703125,12201835
2022-05-30,378.59100341796875,380.6400146484375,390.3500061035156,379.1099853515625,389.04998779296875,19939000
2022-05-31,367.3816833496094,369.3699951171875,379.2300109863281,365.6700134277344,378.2200012207031,74151530
2022-06-01,371.01202392578125,373.0199890136719,374.79998779296875,367.07000732421875,368.0,11913225
2022-06-02,369.530029296875,371.5299987792969,375.79998779296875,369.20001220703125,369.6400146484375,13321505
2022-06-03,369.7289733886719,371.7300109863281,375.79998779296875,370.6199951171875,375.79998779296875,9076875
2022-06-06,371.8475036621094,373.8599853515625,375.3999938964844,368.6300048828125,369.0,12940485
2022-06-07,369.6295166015625,371.6300048828125,373.0,366.3999938964844,372.79998779296875,8558195
2022-06-08,367.11309814453125,369.1000061035156,376.0199890136719,367.75,372.0,7328080
2022-06-09,371.03192138671875,373.0400085449219,374.57000732421875,365.5400085449219,367.75,6404340
2022-06-10,356.4309387207031,358.3599853515625,370.8399963378906,356.80999755859375,368.0,14299750
2022-06-13,345.59954833984375,347.4700012207031,350.5199890136719,343.7300109863281,348.6000061035156,11747225
2022-06-14,346.0670166015625,347.94000244140625,349.7300109863281,344.32000732421875,347.1199951171875,7755235
2022-06-15,345.4602966308594,347.3299865722656,350.0,345.7799987792969,347.6000061035156,8850845
2022-06-16,333.3558349609375,335.1600036621094,350.7099914550781,334.0,348.3999938964844,14866460
2022-06-17,332.9181823730469,334.7200012207031,336.739990234375,329.7200012207031,332.20001220703125,15819320
2022-06-20,334.03216552734375,335.8399963378906,337.9700012207031,330.3999938964844,334.7200012207031,8837885
2022-06-21,334.48968505859375,336.29998779296875,341.79998779296875,334.510009765625,338.0,12518015
2022-06-22,332.1423645019531,333.94000244140625,335.1700134277344,330.6000061035156,333.0,8859625
2022-06-23,335.00689697265625,336.82000732421875,339.0,329.760009765625,335.0,12454005
2022-06-24,337.8514709472656,339.67999267578125,342.9800109863281,338.0299987792969,340.0,8088605
2022-06-27,336.4888916015625,338.30999755859375,343.9800109863281,337.0,343.44000244140625,10640560
2022-06-28,331.96337890625,333.760009765625,338.4700012207031,332.94000244140625,336.9800109863281,13997215
2022-06-29,326.7217102050781,328.489990234375,331.7900085449219,327.3399963378906,330.0,14664150
2022-06-30,330.4316711425781,332.2200012207031,335.3800048828125,326.20001220703125,326.3999938964844,19910320
2022-07-01,331.7544860839844,333.54998779296875,335.8999938964844,327.20001220703125,329.0,11502570
2022-07-04,332.381103515625,334.17999267578125,336.8900146484375,332.010009765625,333.30999755859375,9343905
2022-07-05,330.81951904296875,332.6099853515625,338.9599914550781,331.3900146484375,335.0,13210485
2022-07-06,339.0649108886719,340.8999938964844,342.4800109863281,334.20001220703125,336.3999938964844,27864745
2022-07-07,345.8283386230469,347.70001220703125,348.79998779296875,343.2099914550781,343.6000061035156,15850325
2022-07-08,347.07159423828125,348.95001220703125,351.2900085449219,346.44000244140625,351.0,8890745
2022-07-11,346.3753662109375,348.25,349.3999938964844,345.6400146484375,348.6000061035156,7665895
2022-07-12,341.9394226074219,343.7900085449219,347.79998779296875,342.3900146484375,344.29998779296875,9144160
2022-07-13,346.5345153808594,348.4100036621094,349.19000244140625,344.67999267578125,344.79998779296875,18067340
2022-07-14,352.1043701171875,354.010009765625,355.3999938964844,347.4100036621094,348.0,32854910
2022-07-15,355.6153869628906,357.5400085449219,358.0,354.0,354.4599914550781,11668660
2022-07-18,367.1429748535156,369.1300048828125,370.0,358.8500061035156,360.0,15585190
2022-07-19,365.01446533203125,366.989990234375,370.3999938964844,365.6099853515625,367.0,14475875
2022-07-20,363.5822448730469,365.54998779296875,370.0,363.6199951171875,369.25,12857345
2022-07-21,358.1715087890625,360.1099853515625,365.0,357.55999755859375,365.0,10933370
2022-07-22,363.4529724121094,365.4200134277344,368.3999938964844,357.94000244140625,360.20001220703125,16747900
2022-07-25,357.1769104003906,359.1099853515625,369.760009765625,357.0199890136719,363.20001220703125,9432575
2022-07-26,350.4234619140625,352.32000732421875,358.989990234375,350.3999938964844,358.20001220703125,9012235
2022-07-27,348.9315185546875,350.82000732421875,352.2300109863281,346.4700012207031,352.2300109863281,17398225
2022-07-28,363.7314453125,365.70001220703125,366.3699951171875,353.0,354.9599914550781,10772005
2022-07-29,360.1209716796875,362.07000732421875,371.3800048828125,360.7300109863281,367.5299987792969,11939990
2022-08-01,369.152099609375,371.1499938964844,372.3999938964844,362.3999938964844,363.0,8277685
2022-08-02,374.89105224609375,376.9200134277344,378.6000061035156,366.8399963378906,370.3399963378906,16788030
2022-08-03,368.2270812988281,370.2200012207031,375.9599914550781,368.0,375.0,12678395
2022-08-04,365.1338195800781,367.1099853515625,371.79998779296875,362.8500061035156,371.32000732421875,11805930
2022-08-05,364.80560302734375,366.7799987792969,370.0,364.5299987792969,368.95001220703125,8322855
2022-08-08,366.9142150878906,368.8999938964844,369.8999938964844,363.3599853515625,366.0,7779625
2022-08-10,363.70159912109375,365.6700134277344,369.8500061035156,364.2099914550781,369.6000061035156,8286635
2022-08-11,368.9264831542969,370.70001220703125,371.3299865722656,366.6000061035156,369.79998779296875,13891690
2022-08-12,366.478271484375,368.239990234375,372.0,367.29998779296875,372.0,6982610
2022-08-16,367.5033264160156,369.2699890136719,372.3599853515625,367.7099914550781,370.0899963378906,6568120
2022-08-17,366.1797180175781,367.94000244140625,370.79998779296875,366.2300109863281,370.79998779296875,16916670
2022-08-18,379.07769775390625,380.8999938964844,382.3999938964844,366.3999938964844,367.79998779296875,18306580
2022-08-19,373.60400390625,375.3999938964844,388.489990234375,374.20001220703125,383.79998779296875,22819530
2022-08-22,364.656982421875,366.4100036621094,367.6000061035156,362.260009765625,365.3900146484375,20813785
2022-08-23,369.37432861328125,371.1499938964844,373.79998779296875,364.0,364.79998779296875,11071500
2022-08-24,371.73297119140625,373.5199890136719,374.7900085449219,368.2799987792969,370.20001220703125,7078125
2022-08-25,371.9618835449219,373.75,381.0899963378906,371.2300109863281,375.0199890136719,11022045
2022-08-26,378.5900573730469,380.4100036621094,385.3999938964844,373.7799987792969,374.4700012207031,16715440
2022-08-29,368.2298278808594,370.0,375.5899963378906,369.0,371.6000061035156,18198365
2022-08-30,381.2572021484375,383.0899963378906,384.0,371.3999938964844,372.9700012207031,19429250
2022-09-01,378.749267578125,380.57000732421875,385.1000061035156,375.0,375.0,21039210
2022-09-02,381.9339599609375,383.7699890136719,385.79998779296875,380.8800048828125,383.3900146484375,16656880
2022-09-05,385.7257080078125,387.5799865722656,391.3999938964844,382.20001220703125,382.20001220703125,19033850
2022-09-06,381.3069763183594,383.1400146484375,389.989990234375,382.0,388.989990234375,13839270
2022-09-07,379.8240661621094,381.6499938964844,383.0199890136719,377.1400146484375,380.0,9881290
2022-09-08,384.1632385253906,386.010009765625,387.6000061035156,382.3999938964844,384.0199890136719,12060915
2022-09-09,383.4267883300781,385.2699890136719,390.1400146484375,383.29998779296875,390.0,14089865
2022-09-12,382.958984375,384.79998779296875,388.79998779296875,383.54998779296875,385.0,7418405
2022-09-13,382.8395690917969,384.67999267578125,388.0,384.0299987792969,386.6000061035156,7922905
2022-09-14,389.0696716308594,390.94000244140625,395.55999755859375,378.3999938964844,378.3999938964844,18712145
2022-09-15,384.97930908203125,386.8299865722656,397.44000244140625,384.6000061035156,393.5,18737490
2022-09-16,384.21295166015625,386.05999755859375,396.0,382.0199890136719,385.25,25844110
2022-09-19,384.05377197265625,385.8999938964844,388.0,381.510009765625,384.6199951171875,8379560
2022-09-20,386.0939636230469,387.95001220703125,392.3399963378906,386.6000061035156,388.79998779296875,8063650
2022-09-21,381.86431884765625,383.70001220703125,390.0,379.67999267578125,385.3999938964844,11191380
2022-09-22,376.7389221191406,378.54998779296875,384.9200134277344,376.239990234375,381.1099853515625,9286135
2022-09-23,370.7576904296875,372.5400085449219,377.739990234375,368.3800048828125,374.0199890136719,13068795
2022-09-26,364.0498962402344,365.79998779296875,371.6000061035156,363.3299865722656,367.20001220703125,11425880
2022-09-27,358.13836669921875,359.8599853515625,366.9700012207031,358.4100036621094,366.44000244140625,13700720
2022-09-28,356.80474853515625,358.5199890136719,361.6000061035156,355.0199890136719,358.0,8855585
2022-09-29,351.370849609375,353.05999755859375,362.0,351.95001220703125,360.3999938964844,13998135
2022-09-30,362.0992736816406,363.8399963378906,365.2900085449219,351.5400085449219,353.6000061035156,14023265
2022-10-03,355.0730895996094,356.7799987792969,362.6000061035156,354.6600036621094,361.6000061035156,12200320
2022-10-04,362.7064208984375,364.45001220703125,365.55999755859375,360.3999938964844,361.6000061035156,8344610
2022-10-06,362.03961181640625,363.7799987792969,368.0,362.3699951171875,365.0,8740755
2022-10-07,363.3333435058594,365.0799865722656,366.0,360.44000244140625,362.1000061035156,5319220
2022-10-10,359.9197692871094,361.6499938964844,364.3500061035156,358.9100036621094,360.2200012207031,5188610
2022-10-11,355.86920166015625,357.5799865722656,361.9700012207031,356.6600036621094,361.9700012207031,7483590
2022-10-12,360.3079528808594,362.0400085449219,362.6000061035156,356.0400085449219,357.6000061035156,5175590
2022-10-13,358.57623291015625,360.29998779296875,363.17999267578125,358.6000061035156,361.0,5864895
2022-10-14,365.0451354980469,366.79998779296875,371.6000061035156,364.5,365.6000061035156,8351190
2022-10-17,369.85205078125,371.6300048828125,372.44000244140625,364.04998779296875,365.6099853515625,5521415
2022-10-18,370.1605529785156,371.94000244140625,375.17999267578125,371.0199890136719,373.489990234375,8049290
2022-10-19,372.0813293457031,373.8699951171875,375.489990234375,371.0,373.79998779296875,4566430
2022-10-20,370.9268493652344,372.7099914550781,376.5899963378906,371.07000732421875,372.0,7955535
2022-10-21,378.70941162109375,380.5299987792969,385.0,373.260009765625,374.0,19709855
2022-10-24,377.34600830078125,379.1600036621094,383.0,378.0,380.5,3245405
2022-10-25,367.5531005859375,369.32000732421875,382.32000732421875,368.3999938964844,382.20001220703125,17558250
2022-10-27,371.2154846191406,373.0,377.6000061035156,369.8900146484375,376.739990234375,22967460
2022-10-28,375.0470886230469,376.8500061035156,378.9700012207031,374.2099914550781,374.79998779296875,15243435
2022-10-31,378.57012939453125,380.3900146484375,382.3999938964844,377.79998779296875,379.79998779296875,9371740
2022-11-01,380.0131530761719,381.8399963378906,388.29998779296875,380.67999267578125,381.6000061035156,12727085
2022-11-02,380.1624755859375,381.989990234375,384.0,379.5,383.75,9320405
2022-11-03,378.21185302734375,380.0299987792969,382.6000061035156,378.7200012207031,380.9599914550781,7959355
2022-11-04,378.17205810546875,379.989990234375,381.6000061035156,378.8599853515625,381.20001220703125,10407065
2022-11-07,374.7186279296875,376.5199890136719,382.0,374.3299865722656,381.6000061035156,13123005
2022-11-09,376.8682861328125,378.67999267578125,380.7200012207031,376.1400146484375,379.6000061035156,11613170
2022-11-10,380.600341796875,382.42999267578125,383.0,378.3399963378906,379.0,12550620
2022-11-11,378.0028381347656,379.82000732421875,386.7799987792969,378.17999267578125,386.6000061035156,17120150
2022-11-14,382.7201843261719,384.55999755859375,385.739990234375,380.20001220703125,380.57000732421875,10711335
2022-11-15,380.6501159667969,382.4800109863281,386.6600036621094,379.05999755859375,385.0,9951460
2022-11-16,391.2989501953125,393.17999267578125,393.7300109863281,382.7900085449219,382.79998779296875,32188255
2022-11-17,388.24359130859375,390.1099853515625,393.0,388.6499938964844,392.760009765625,12043355
2022-11-18,390.0350341796875,391.9100036621094,399.510009765625,389.5799865722656,392.19000244140625,21360200
2022-11-21,386.9598388671875,388.82000732421875,390.9100036621094,386.55999755859375,390.9100036621094,5963050
2022-11-22,386.0939636230469,387.95001220703125,390.7699890136719,386.0199890136719,390.7699890136719,5833775
2022-11-23,388.8009338378906,390.6700134277344,392.29998779296875,389.1300048828125,390.1000061035156,12502815
2022-11-24,387.10906982421875,388.9700012207031,391.260009765625,386.6099853515625,390.8999938964844,7002105
2022-11-25,383.8348083496094,385.67999267578125,389.79998779296875,384.0,389.79998779296875,10487705
2022-11-28,383.78509521484375,385.6300048828125,388.5899963378906,383.20001220703125,383.20001220703125,7822520
2022-11-29,383.26751708984375,385.1099853515625,387.79998779296875,384.6499938964844,386.32000732421875,6817525
2022-11-30,387.5469665527344,389.4100036621094,391.0,383.20001220703125,387.79998779296875,14753670
2022-12-01,385.0091552734375,386.8599853515625,392.3500061035156,385.57000732421875,391.0,12355025
2022-12-02,384.31256103515625,386.1600036621094,386.9800109863281,383.4200134277344,383.4200134277344,7954840
2022-12-05,385.8351745605469,387.69000244140625,388.7900085449219,384.0,388.3999938964844,6227545
2022-12-06,385.1982421875,387.04998779296875,388.6199951171875,384.1099853515625,384.1099853515625,6833490
2022-12-07,380.4610290527344,382.2900085449219,386.5,381.1000061035156,386.5,11811400
2022-12-08,377.5848693847656,379.3999938964844,380.9599914550781,375.4200134277344,379.7799987792969,63099190
2022-12-09,375.80340576171875,377.6099853515625,383.3500061035156,375.8500061035156,382.79998779296875,13242275
2022-12-12,371.36474609375,373.1499938964844,375.94000244140625,372.6000061035156,373.0,16407235
2022-12-13,371.9121398925781,373.70001220703125,374.3500061035156,371.6400146484375,372.75,34697825
2022-12-14,372.84765625,374.6400146484375,375.19000244140625,372.75,374.2200012207031,18735705
2022-12-15,370.85723876953125,372.6400146484375,376.3599853515625,370.9800109863281,375.1099853515625,10208995
2022-12-16,366.3488464355469,368.1099853515625,371.3900146484375,367.0400085449219,370.94000244140625,12439140
2022-12-19,369.85205078125,371.6300048828125,372.79998779296875,368.1000061035156,368.1099853515625,8568235
2022-12-20,367.6526184082031,369.4200134277344,372.3900146484375,366.95001220703125,369.0,7052930
2022-12-21,361.1837158203125,362.9200134277344,372.19000244140625,361.79998779296875,372.1000061035156,11914345
2022-12-22,363.46270751953125,365.2099914550781,367.0,363.79998779296875,365.20001220703125,8570465
2022-12-23,362.64666748046875,364.3900146484375,367.8299865722656,362.3900146484375,363.19000244140625,10510630
2022-12-26,360.9747009277344,362.7099914550781,365.2200012207031,358.8399963378906,364.3900146484375,23733690
2022-12-27,362.4376525878906,364.17999267578125,365.5899963378906,361.3999938964844,364.5299987792969,7741430
2022-12-28,362.2784118652344,364.0199890136719,366.2799987792969,363.04998779296875,364.8800048828125,9521340
2022-12-29,362.0097351074219,363.75,364.0,360.20001220703125,362.8800048828125,10772450
2022-12-30,363.70159912109375,365.45001220703125,367.6000061035156,364.4599914550781,365.0199890136719,13463440
2023-01-02,363.26373291015625,365.010009765625,366.6000061035156,363.2900085449219,365.55999755859375,5625005
2023-01-03,364.8162536621094,366.57000732421875,367.29998779296875,364.20001220703125,364.45001220703125,8317240
2023-01-04,362.4078063964844,364.1499938964844,366.9800109863281,362.7900085449219,366.9800109863281,8320520
2023-01-05,362.3182678222656,364.05999755859375,366.55999755859375,361.2300109863281,364.0,8663090
2023-01-06,355.6502990722656,357.3599853515625,365.20001220703125,354.1300048828125,365.20001220703125,18998275
2023-01-09,360.6463317871094,362.3800048828125,363.20001220703125,357.79998779296875,360.20001220703125,17134340
2023-01-10,357.3919372558594,359.1099853515625,363.20001220703125,357.7799987792969,361.7099914550781,7370655
2023-01-11,358.6459045410156,360.3699951171875,360.8299865722656,356.82000732421875,360.0,8018505
2023-01-12,354.197265625,355.8999938964844,361.3999938964844,354.4800109863281,361.3999938964844,17648025
2023-01-13,354.35650634765625,356.05999755859375,357.4599914550781,351.79998779296875,355.8999938964844,19915985
2023-01-16,355.2522277832031,356.9599914550781,359.79998779296875,356.0,357.3999938964844,10590805
2023-01-17,357.8099060058594,359.5299987792969,360.3900146484375,355.32000732421875,356.0,10661970
2023-01-18,358.0985412597656,359.82000732421875,365.3999938964844,359.20001220703125,360.5899963378906,14176160
2023-01-19,351.7689514160156,353.4599914550781,360.70001220703125,353.0,360.70001220703125,22128220
2023-01-20,350.8931579589844,352.5799865722656,355.7799987792969,351.3999938964844,355.7799987792969,21351470
2023-01-23,355.043212890625,356.75,359.92999267578125,354.0,358.0,38823135
2023-01-24,350.36566162109375,352.04998779296875,358.5400085449219,349.75,358.5400085449219,20795940
2023-01-25,348.2856750488281,349.9599914550781,352.0799865722656,346.6000061035156,351.3999938964844,21401665
2023-01-27,340.9808349609375,342.6199951171875,350.4200134277344,340.79998779296875,350.4200134277344,37584895
2023-01-30,343.5982360839844,345.25,346.1199951171875,336.7699890136719,342.6199951171875,24697780
2023-01-31,344.5437316894531,346.20001220703125,347.7200012207031,342.6099853515625,346.1000061035156,21926920
2023-02-01,347.2705993652344,348.94000244140625,356.79998779296875,344.1499938964844,349.0,18260490
2023-02-02,350.664306640625,352.3500061035156,353.6000061035156,344.0,344.0,20922350
2023-02-03,354.35650634765625,356.05999755859375,356.739990234375,349.0400085449219,354.1199951171875,13376060
2023-02-06,347.7283935546875,349.3999938964844,355.6499938964844,348.0,355.0,15201045
2023-02-07,353.38116455078125,355.0799865722656,356.0,349.4100036621094,350.44000244140625,18215935
2023-02-08,351.41070556640625,353.1000061035156,356.0,352.2200012207031,355.760009765625,7233450
2023-02-09,352.4855041503906,354.17999267578125,355.0400085449219,349.5899963378906,353.5899963378906,10819125
2023-02-10,352.71441650390625,354.4100036621094,355.7300109863281,353.0,353.5799865722656,7229710
2023-02-13,353.062744140625,354.760009765625,356.8900146484375,352.3299865722656,355.0199890136719,11945710
2023-02-14,352.37603759765625,354.07000732421875,355.3999938964844,352.75,354.0,8074465
2023-02-15,355.3915710449219,357.1000061035156,358.0,352.04998779296875,353.69000244140625,12046460
2023-02-16,355.87921142578125,357.5899963378906,360.7799987792969,356.7099914550781,358.79998779296875,11458010
2023-02-17,350.16668701171875,351.8500061035156,358.2799987792969,350.2099914550781,356.6199951171875,12939545
2023-02-20,345.79766845703125,347.4599914550781,353.6099853515625,346.0199890136719,353.6099853515625,16124195
2023-02-21,344.38446044921875,346.0400085449219,349.0,345.010009765625,349.0,14684670
2023-02-22,338.4828186035156,340.1099853515625,345.2200012207031,339.6000061035156,344.7900085449219,17695745
2023-02-23,339.7965087890625,341.42999267578125,342.75,337.54998779296875,341.4800109863281,13850550
2023-02-24,337.8359680175781,339.4599914550781,344.8500061035156,338.79998779296875,342.6000061035156,10401815
2023-02-27,343.5385437011719,345.19000244140625,345.9599914550781,338.1600036621094,339.6600036621094,11718990
2023-02-28,344.1953430175781,345.8500061035156,348.2799987792969,344.3299865722656,345.19000244140625,21975490
2023-03-01,347.3104248046875,348.9800109863281,350.1199951171875,345.20001220703125,345.8500061035156,28066930
2023-03-02,342.6925964355469,344.3399963378906,349.2699890136719,343.6000061035156,347.1199951171875,20599675
2023-03-03,348.52459716796875,350.20001220703125,353.0,343.9800109863281,346.3999938964844,18131345
2023-03-06,348.52459716796875,350.20001220703125,352.9200134277344,348.2900085449219,351.260009765625,25934230
2023-03-08,346.3749084472656,348.0400085449219,348.8599853515625,345.3699951171875,347.20001220703125,26013040
2023-03-09,341.6973876953125,343.3399963378906,348.9100036621094,342.739990234375,347.8599853515625,34641580
2023-03-10,338.2340393066406,339.8599853515625,342.70001220703125,338.3999938964844,341.3999938964844,24380720
2023-03-13,333.1783447265625,334.7799987792969,344.6600036621094,333.239990234375,339.79998779296875,44894690
2023-03-14,328.0728454589844,329.6499938964844,335.510009765625,328.70001220703125,334.6000061035156,70694930
2023-03-15,331.595947265625,333.19000244140625,337.6000061035156,332.32000732421875,333.6000061035156,23461815
2023-03-16,331.1181945800781,332.7099914550781,335.7699890136719,329.6400146484375,334.0,18160315
2023-03-17,336.99993896484375,338.6199951171875,341.239990234375,334.2300109863281,335.9200134277344,44641505
2023-03-20,338.3036804199219,339.92999267578125,340.5899963378906,336.2099914550781,337.3999938964844,22319685
2023-03-21,339.73681640625,341.3699951171875,342.3900146484375,338.3999938964844,341.510009765625,9025900
2023-03-22,339.3984375,341.0299987792969,342.6400146484375,338.4200134277344,342.0,16630495
2023-03-23,334.3327941894531,335.94000244140625,340.0,335.0,339.8299865722656,28210755
2023-03-24,336.81085205078125,338.42999267578125,341.7900085449219,335.0,335.2099914550781,27403045
2023-03-27,339.40838623046875,341.0400085449219,342.57000732421875,338.6199951171875,340.1300048828125,14186020
2023-03-28,338.1544189453125,339.7799987792969,341.9599914550781,337.0899963378906,341.7900085449219,11858260
2023-03-29,342.5632019042969,344.2099914550781,345.3999938964844,339.0,340.0199890136719,14105000
2023-03-31,344.91192626953125,346.57000732421875,348.1300048828125,344.20001220703125,345.1000061035156,17828775
2023-04-03,347.46966552734375,349.1400146484375,350.44000244140625,346.6400146484375,346.79998779296875,12184330
2023-04-05,348.7037048339844,350.3800048828125,351.94000244140625,347.80999755859375,349.0,12631750
2023-04-06,349.7387390136719,351.4200134277344,352.2900085449219,347.8699951171875,350.0,7786775
2023-04-10,350.17657470703125,351.8599853515625,353.6000061035156,349.92999267578125,351.42999267578125,6265855
2023-04-11,367.5331726074219,369.29998779296875,371.79998779296875,365.20001220703125,369.44000244140625,46468815
2023-04-12,367.0455322265625,368.80999755859375,370.19000244140625,366.29998779296875,368.3999938964844,17043565
2023-04-13,372.1111755371094,373.8999938964844,374.8599853515625,366.20001220703125,367.6000061035156,14620580
2023-04-17,377.2166442871094,379.0299987792969,382.760009765625,365.2200012207031,377.7900085449219,51771495
2023-04-18,375.8531799316406,377.6600036621094,380.9200134277344,377.17999267578125,380.19000244140625,14863605
2023-04-19,375.17645263671875,376.9800109863281,377.6700134277344,375.2300109863281,377.6600036621094,9383280
2023-04-20,374.997314453125,376.79998779296875,380.67999267578125,374.4100036621094,376.8599853515625,11613885
2023-04-21,376.9180908203125,378.7300109863281,380.7300109863281,375.42999267578125,376.3999938964844,8356705
2023-04-24,377.6346130371094,379.45001220703125,380.3999938964844,375.510009765625,378.0400085449219,10087030
2023-04-25,376.0522155761719,377.8599853515625,381.3999938964844,375.3999938964844,380.3999938964844,23692095
2023-04-26,373.9224548339844,375.7200012207031,378.8800048828125,372.6700134277344,375.5,15797590
2023-04-27,379.8937683105469,381.7200012207031,382.6000061035156,375.3699951171875,375.3800048828125,25306465
2023-04-28,385.75555419921875,387.6099853515625,388.6600036621094,379.2200012207031,381.20001220703125,21838060
2023-05-02,382.39178466796875,384.2300109863281,387.489990234375,378.0,383.6000061035156,23028855
2023-05-03,384.3424072265625,386.19000244140625,386.7699890136719,382.5400085449219,383.79998779296875,17245035
2023-05-04,387.65643310546875,389.5199890136719,390.2200012207031,384.3500061035156,385.989990234375,17257895
2023-05-05,383.89453125,385.739990234375,394.79998779296875,383.1000061035156,390.42999267578125,17421090
2023-05-08,389.8956604003906,391.7699890136719,393.70001220703125,384.20001220703125,387.17999267578125,19354705
2023-05-09,388.9900207519531,390.8599853515625,394.0,389.6300048828125,392.9700012207031,18115375
2023-05-10,389.8658142089844,391.739990234375,392.79998779296875,386.3299865722656,392.0,19562195
2023-05-11,389.7165222167969,391.5899963378906,396.0,390.3699951171875,394.0,22059120
2023-05-12,390.2439880371094,392.1199951171875,393.6000061035156,388.7300109863281,390.79998779296875,16085405
2023-05-15,392.7121276855469,394.6000061035156,395.3999938964844,390.4800109863281,391.4100036621094,14858460
2023-05-16,387.5469665527344,389.4100036621094,395.6000061035156,387.6000061035156,395.6000061035156,22847485
2023-05-17,380.00323486328125,381.8299865722656,390.17999267578125,379.1099853515625,389.9599914550781,27410085
2023-05-18,383.6357727050781,385.4800109863281,386.7300109863281,382.239990234375,384.79998779296875,20726140
2023-05-19,386.47210693359375,388.3299865722656,389.3699951171875,384.70001220703125,386.0,19734635
2023-05-22,386.18353271484375,388.0400085449219,390.5,384.7300109863281,389.0,17004400
2023-05-23,382.46142578125,384.29998779296875,388.0400085449219,383.0,388.0400085449219,21677620
2023-05-24,380.2420959472656,382.07000732421875,388.0,379.4800109863281,384.3900146484375,17787685
2023-05-25,384.143310546875,385.989990234375,386.7099914550781,381.510009765625,383.6000061035156,29833785
2023-05-26,387.14892578125,389.010009765625,389.989990234375,384.70001220703125,389.989990234375,16477060
2023-05-29,388.7710876464844,390.6400146484375,394.6600036621094,389.6499938964844,392.6199951171875,18877545
2023-05-30,393.050537109375,394.94000244140625,395.82000732421875,390.4700012207031,391.57000732421875,37148525
2023-05-31,400.94256591796875,402.8699951171875,412.8800048828125,390.7799987792969,396.989990234375,442990630
2023-06-01,384.1632385253906,386.010009765625,395.8299865722656,385.0,393.6000061035156,29837160
2023-06-02,385.8949279785156,387.75,390.2699890136719,385.6000061035156,388.989990234375,17790360
2023-06-05,383.1381530761719,384.9800109863281,390.29998779296875,384.45001220703125,389.0,12029545
2023-06-06,389.93548583984375,391.80999755859375,393.2799987792969,386.0299987792969,386.9800109863281,20564205
2023-06-07,386.0242919921875,387.8800048828125,394.3999938964844,387.20001220703125,394.3999938964844,15502070
2023-06-08,375.4949035644531,377.29998779296875,387.3800048828125,375.9100036621094,387.3800048828125,27458070
2023-06-09,372.6087951660156,374.3999938964844,379.5400085449219,372.1400146484375,372.3999938964844,70984620
2023-06-12,374.0916442871094,375.8900146484375,376.79998779296875,372.8900146484375,374.9700012207031,14075865
2023-06-13,369.41412353515625,371.19000244140625,376.6000061035156,370.3999938964844,375.07000732421875,47809135
2023-06-14,371.1457824707031,372.92999267578125,373.5899963378906,369.2799987792969,371.19000244140625,27892715
2023-06-15,364.94561767578125,366.70001220703125,373.79998779296875,365.739990234375,373.5899963378906,24190940
2023-06-16,369.7027587890625,371.4800109863281,372.3299865722656,366.6000061035156,367.3900146484375,15988285
2023-06-19,363.1641845703125,364.9100036621094,373.69000244140625,363.6000061035156,372.7699890136719,38049565
2023-06-20,367.0355529785156,368.79998779296875,369.3999938964844,363.05999755859375,364.0,23114525
2023-06-21,367.3440856933594,369.1099853515625,369.95001220703125,367.2200012207031,369.4100036621094,11995540
2023-06-22,365.463134765625,367.2200012207031,369.4599914550781,366.0799865722656,369.1099853515625,17141050
2023-06-23,363.96038818359375,365.7099914550781,369.1099853515625,364.7799987792969,366.6000061035156,12920315
2023-06-26,362.8457336425781,364.5899963378906,366.3900146484375,363.9800109863281,366.3900146484375,11068395
2023-06-27,367.1748962402344,368.94000244140625,369.3999938964844,364.1300048828125,365.5400085449219,10693325
2023-06-28,366.3488464355469,368.1099853515625,369.6199951171875,365.8800048828125,369.20001220703125,26699910
2023-06-30,367.54315185546875,369.30999755859375,370.1099853515625,366.5899963378906,369.5799865722656,19673600
2023-07-03,367.025634765625,368.7900085449219,371.79998779296875,367.6000061035156,371.20001220703125,16042700
2023-07-04,370.5586242675781,372.3399963378906,373.6700134277344,367.2099914550781,370.0,32877935
2023-07-05,371.1856384277344,372.9700012207031,373.55999755859375,370.6300048828125,372.55999755859375,15595925
2023-07-06,373.6636962890625,375.4599914550781,376.57000732421875,371.80999755859375,372.0,18271205
2023-07-07,368.9264831542969,370.70001220703125,374.8800048828125,370.1000061035156,374.3999938964844,10382720
2023-07-10,371.5936584472656,373.3800048828125,374.8699951171875,369.0,370.6000061035156,17187710
2023-07-11,371.5339660644531,373.32000732421875,378.760009765625,372.6600036621094,374.79998779296875,20483785
2023-07-12,373.82293701171875,375.6199951171875,378.17999267578125,373.5799865722656,374.9800109863281,21775415
2023-07-13,372.1509704589844,373.94000244140625,380.32000732421875,373.2900085449219,377.79998779296875,26326850
2023-07-14,372.0116271972656,373.79998779296875,377.4700012207031,372.0,374.0199890136719,35659580
2023-07-17,377.5948181152344,379.4100036621094,379.8900146484375,373.3299865722656,374.239990234375,16649280
2023-07-18,376.36077880859375,378.1700134277344,381.6000061035156,375.8699951171875,379.07000732421875,28978225
2023-07-19,379.4956970214844,381.32000732421875,383.0,378.30999755859375,378.9599914550781,16888935
2023-07-20,389.5075378417969,391.3800048828125,392.4800109863281,378.5799865722656,380.20001220703125,46527925
2023-07-21,392.1548156738281,394.0400085449219,397.54998779296875,390.1199951171875,390.3800048828125,19248750
2023-07-24,377.6346130371094,379.45001220703125,390.0,377.6400146484375,390.0,35165465
2023-07-25,373.30548095703125,375.1000061035156,380.3999938964844,371.2900085449219,380.20001220703125,39724580
2023-07-26,377.2464904785156,379.05999755859375,379.5799865722656,375.1300048828125,376.0,12310365
2023-07-27,372.9571228027344,374.75,380.5199890136719,372.510009765625,377.79998779296875,31450005
2023-07-28,373.5741271972656,375.3699951171875,377.1600036621094,372.2200012207031,373.9200134277344,11510165
2023-07-31,369.5335693359375,371.30999755859375,375.0,369.8299865722656,373.20001220703125,20126035
2023-08-01,368.2298278808594,370.0,373.1499938964844,368.8800048828125,370.0,22339710
2023-08-02,362.9949645996094,364.739990234375,369.5799865722656,363.6099853515625,368.1099853515625,20902255
2023-08-03,362.9053649902344,364.6499938964844,366.7699890136719,361.1700134277344,364.0199890136719,35076460
2023-08-04,366.24212646484375,367.70001220703125,368.55999755859375,362.2300109863281,365.79998779296875,27217660
2023-08-07,364.857666015625,366.30999755859375,369.0,365.2799987792969,369.0,18541550
2023-08-08,364.1504821777344,365.6000061035156,368.5299987792969,364.4100036621094,366.29998779296875,20448115
2023-08-09,364.8476867675781,366.29998779296875,366.79998779296875,363.3500061035156,366.79998779296875,13121620
2023-08-10,358.7420349121094,360.1700134277344,366.4800109863281,359.20001220703125,365.1499938964844,25560495
2023-08-11,356.8694763183594,358.2900085449219,360.0,356.3999938964844,359.6000061035156,21328080
2023-08-14,357.39739990234375,358.82000732421875,360.4700012207031,357.0,357.79998779296875,16499595
2023-08-16,355.8236083984375,357.239990234375,357.9700012207031,355.5,357.3999938964844,9419700
2023-08-17,351.7398986816406,353.1400146484375,357.4800109863281,352.6000061035156,356.3999938964844,25658695
2023-08-18,348.7716979980469,350.1600036621094,353.67999267578125,349.29998779296875,351.4200134277344,20566460
2023-08-21,350.67413330078125,352.07000732421875,354.5199890136719,349.7699890136719,350.20001220703125,19777340
2023-08-22,351.2219543457031,352.6199951171875,354.3999938964844,351.69000244140625,353.79998779296875,16644060
2023-08-23,354.5984802246094,356.010009765625,356.3800048828125,350.79998779296875,353.9599914550781,16691425
2023-08-24,354.7778015136719,356.19000244140625,359.79998779296875,355.25,357.79998779296875,20618955
2023-08-25,354.35943603515625,355.7699890136719,357.8699951171875,353.3999938964844,354.239990234375,10216750
2023-08-28,356.65032958984375,358.07000732421875,359.32000732421875,354.92999267578125,355.7699890136719,9902680
2023-08-29,355.2060546875,356.6199951171875,359.510009765625,355.79998779296875,359.3900146484375,13543460
2023-08-30,353.5726013183594,354.9800109863281,358.5899963378906,353.0,358.20001220703125,12979480
2023-08-31,350.35540771484375,351.75,356.760009765625,350.8599853515625,354.9800109863281,41570050
2023-09-01,352.81561279296875,354.2200012207031,355.9200134277344,350.8699951171875,352.7799987792969,13476050
2023-09-04,351.04266357421875,352.44000244140625,357.79998779296875,351.4599914550781,355.4800109863281,23488415
2023-09-05,352.8056335449219,354.2099914550781,356.6000061035156,352.6199951171875,353.0,21286715
2023-09-06,352.65625,354.05999755859375,355.3999938964844,352.0400085449219,354.20001220703125,31101115
2023-09-07,356.3813781738281,357.79998779296875,358.4700012207031,353.4599914550781,355.0,11040445
2023-09-08,357.21807861328125,358.6400146484375,361.0,356.30999755859375,359.3999938964844,11930910
2023-09-11,360.14642333984375,361.5799865722656,362.29998779296875,359.04998779296875,360.0,11584510
2023-09-12,360.8038024902344,362.239990234375,363.79998779296875,359.2799987792969,363.79998779296875,17044830
2023-09-13,363.4731750488281,364.9200134277344,367.20001220703125,360.1199951171875,360.1199951171875,29659350
2023-09-14,362.8656005859375,364.30999755859375,366.3500061035156,362.79998779296875,365.6000061035156,12797115
2023-09-15,361.3416748046875,362.7799987792969,364.69000244140625,362.20001220703125,363.239990234375,20607700
2023-09-18,358.2440185546875,359.6700134277344,362.3999938964844,358.79998779296875,362.20001220703125,19850560
2023-09-20,356.4710693359375,357.8900146484375,360.69000244140625,355.1400146484375,357.3900146484375,26840715
2023-09-21,349.74786376953125,351.1400146484375,358.1600036621094,350.20001220703125,356.79998779296875,23923755
2023-09-22,349.897216796875,351.2900085449219,353.9800109863281,350.42999267578125,351.6000061035156,18550615
2023-09-25,355.4650573730469,356.8800048828125,357.8599853515625,351.3599853515625,352.79998779296875,11132835
2023-09-26,351.421142578125,352.82000732421875,356.3599853515625,350.739990234375,355.2200012207031,18280835
2023-09-27,351.63031005859375,353.0299987792969,354.2200012207031,350.0,352.79998779296875,15021030
2023-09-28,345.26568603515625,346.6400146484375,354.3800048828125,345.79998779296875,352.44000244140625,41315985
2023-09-29,345.763671875,347.1400146484375,348.79998779296875,346.5899963378906,348.79998779296875,17858645
2023-10-03,344.04052734375,345.4100036621094,347.0,343.0899963378906,346.0,27674345
2023-10-04,343.0445251464844,344.4100036621094,345.3999938964844,341.79998779296875,343.0,31104895
2023-10-05,345.4748229980469,346.8500061035156,349.3999938964844,344.2300109863281,346.0,14834005
2023-10-06,347.39715576171875,348.7799987792969,349.3999938964844,346.0400085449219,347.05999755859375,9961615
2023-10-09,342.4966735839844,343.8599853515625,346.760009765625,343.4100036621094,346.0,9197565
2023-10-10,349.8275146484375,351.2200012207031,353.739990234375,344.1199951171875,345.5,16844910
2023-10-11,352.8753356933594,354.2799987792969,355.989990234375,352.010009765625,352.010009765625,17499220
2023-10-12,351.3713073730469,352.7699890136719,355.3800048828125,352.25,355.0,11919135
2023-10-13,351.0027770996094,352.3999938964844,353.989990234375,350.42999267578125,351.0,10619635
2023-10-16,348.5625305175781,349.95001220703125,352.42999267578125,349.2900085449219,352.20001220703125,7899785
2023-10-17,352.90521240234375,354.30999755859375,354.9599914550781,350.1600036621094,351.0,16086785
2023-10-18,349.28961181640625,350.67999267578125,355.0400085449219,349.0199890136719,354.6000061035156,15258400
2023-10-19,346.31146240234375,347.69000244140625,350.67999267578125,347.1199951171875,348.3999938964844,9965895
2023-10-20,352.5168151855469,353.9200134277344,354.6400146484375,346.5299987792969,346.70001220703125,20361915
2023-10-23,346.7696533203125,348.1499938964844,353.79998779296875,344.489990234375,353.79998779296875,37732210
2023-10-25,344.23974609375,345.6099853515625,352.3500061035156,344.3999938964844,349.79998779296875,17563340
2023-10-26,337.6260681152344,338.9700012207031,345.5400085449219,337.79998779296875,345.5400085449219,31396400
2023-10-27,339.1898193359375,340.5400085449219,341.6000061035156,337.79998779296875,341.6000061035156,14874150
2023-10-30,342.1380920410156,343.5,344.17999267578125,337.67999267578125,340.3999938964844,7557815
2023-10-31,346.500732421875,347.8800048828125,349.3999938964844,343.3699951171875,345.5400085449219,24196680
2023-11-01,343.51263427734375,344.8800048828125,347.19000244140625,343.57000732421875,346.20001220703125,12640525
2023-11-02,346.1620788574219,347.5400085449219,351.7300109863281,346.4200134277344,347.0,12752790
2023-11-03,345.2756042480469,346.6499938964844,348.8500061035156,346.0199890136719,348.0,7794790
2023-11-06,346.6601257324219,348.0400085449219,349.3999938964844,346.3999938964844,348.79998779296875,5933425
2023-11-07,348.861328125,350.25,350.8800048828125,345.2200012207031,347.0299987792969,17998015
2023-11-08,347.86529541015625,349.25,352.19000244140625,348.0,350.6000061035156,18214185
2023-11-09,347.6063232421875,348.989990234375,351.3399963378906,347.82000732421875,349.17999267578125,9718555
2023-11-10,347.7059326171875,349.0899963378906,349.8500061035156,346.9200134277344,346.9200134277344,8173995
2023-11-13,348.2537536621094,349.6400146484375,350.44000244140625,346.70001220703125,350.20001220703125,14276385
2023-11-15,352.49688720703125,353.8999938964844,354.4599914550781,350.0299987792969,352.20001220703125,17161355
2023-11-16,353.16424560546875,354.57000732421875,356.67999267578125,353.0,354.20001220703125,10395580
2023-11-17,351.5207824707031,352.9200134277344,356.8500061035156,351.8599853515625,352.0,13554350
2023-11-20,352.7060241699219,354.1099853515625,355.19000244140625,350.0199890136719,351.20001220703125,9618255
2023-11-21,352.0386962890625,353.44000244140625,355.7900085449219,352.1300048828125,355.7900085449219,13528825
2023-11-22,347.74578857421875,349.1300048828125,352.6000061035156,347.5,351.6000061035156,22568660
2023-11-23,346.4808044433594,347.8599853515625,349.760009765625,347.3999938964844,348.010009765625,14181445
2023-11-24,347.4170837402344,348.79998779296875,349.8999938964844,346.739990234375,347.8999938964844,12809895
2023-11-28,347.0684814453125,348.45001220703125,349.6000061035156,347.6000061035156,349.0,16746460
2023-11-29,349.29962158203125,350.69000244140625,351.8500061035156,348.0400085449219,349.70001220703125,17365700
2023-11-30,349.6979675292969,351.0899963378906,353.20001220703125,349.19000244140625,351.2900085449219,31274735
2023-12-01,348.7119445800781,350.1000061035156,353.20001220703125,349.6499938964844,352.0,10011890
2023-12-04,362.2679748535156,363.7099914550781,365.19000244140625,350.5299987792969,354.0,22895865
2023-12-05,364.2401123046875,365.69000244140625,367.3999938964844,361.70001220703125,365.6000061035156,27857360
2023-12-06,362.835693359375,364.2799987792969,367.8699951171875,362.6300048828125,366.4100036621094,23479400
2023-12-07,363.92138671875,365.3699951171875,367.3699951171875,362.67999267578125,365.0,12503210
2023-12-08,366.2322082519531,367.69000244140625,368.6000061035156,364.1400146484375,365.3699951171875,14927330
2023-12-11,367.3477783203125,368.80999755859375,372.3299865722656,368.05999755859375,369.0,16029165
2023-12-12,363.4233703613281,364.8699951171875,370.6000061035156,363.80999755859375,369.6000061035156,19074810
2023-12-13,363.7919006347656,365.239990234375,367.1499938964844,362.6199951171875,364.79998779296875,16256660
2023-12-14,369.29998779296875,370.7699890136719,373.0899963378906,366.489990234375,368.79998779296875,24394315
2023-12-15,368.6525573730469,370.1199951171875,373.0,368.54998779296875,373.0,19385985
2023-12-18,367.92547607421875,369.3900146484375,371.17999267578125,368.0,369.0400085449219,18793650
2023-12-19,367.84576416015625,369.30999755859375,370.9700012207031,367.1400146484375,369.9700012207031,15444615
2023-12-20,363.8516540527344,365.29998779296875,372.79998779296875,363.05999755859375,370.42999267578125,19842810
2023-12-21,369.0709228515625,370.5400085449219,371.489990234375,361.0,364.20001220703125,12019200
2023-12-22,370.6247253417969,372.1000061035156,375.92999267578125,370.20001220703125,370.94000244140625,16546475
2023-12-26,375.8738098144531,377.3699951171875,379.79998779296875,371.42999267578125,373.3999938964844,21753345
2023-12-27,378.9615173339844,380.4700012207031,382.0,376.6300048828125,378.79998779296875,17036215
2023-12-28,382.7464599609375,384.2699890136719,385.29998779296875,380.6199951171875,382.20001220703125,24750070
2023-12-29,380.1069641113281,381.6199951171875,383.54998779296875,378.010009765625,382.4200134277344,12230850
2024-01-01,380.31610107421875,381.8299865722656,383.79998779296875,378.6199951171875,381.79998779296875,7129510
2024-01-02,371.5310974121094,373.010009765625,381.6000061035156,372.0199890136719,381.6000061035156,25603980
2024-01-03,371.7004089355469,373.17999267578125,374.0,369.5299987792969,372.79998779296875,18907575
2024-01-04,371.2422790527344,372.7200012207031,374.29998779296875,372.1099853515625,374.29998779296875,14328830
2024-01-05,368.054931640625,369.5199890136719,373.9800109863281,368.2799987792969,373.1000061035156,38996705
2024-01-08,363.77197265625,365.2200012207031,370.2900085449219,363.7200012207031,369.6000061035156,61265835
2024-01-09,363.88153076171875,365.3299865722656,371.6000061035156,364.20001220703125,367.3999938964844,21696115
2024-01-10,362.7161865234375,364.1600036621094,366.5,362.32000732421875,364.1600036621094,35263790
2024-01-11,363.12457275390625,364.57000732421875,368.2799987792969,363.07000732421875,366.3999938964844,20850350
2024-01-12,365.1963195800781,366.6499938964844,368.510009765625,362.8800048828125,365.0,10863105
2024-01-15,368.8318176269531,370.29998779296875,370.7200012207031,367.25,368.6000061035156,30861560
2024-01-16,368.1346130371094,369.6000061035156,372.19000244140625,368.20001220703125,370.1099853515625,23254490
2024-01-17,354.518798828125,355.92999267578125,366.92999267578125,355.2200012207031,364.6099853515625,54184415
2024-01-18,354.04071044921875,355.45001220703125,358.5400085449219,352.9200134277344,354.0,21467250
2024-01-19,351.4609680175781,352.8599853515625,359.989990234375,350.8299865722656,357.4100036621094,22801645
2024-01-23,355.4849548339844,356.8999938964844,364.9800109863281,352.7799987792969,360.20001220703125,33904120
2024-01-24,356.3017272949219,357.7200012207031,360.70001220703125,352.5799865722656,357.79998779296875,16341755
2024-01-25,352.2777404785156,353.67999267578125,359.5199890136719,350.4800109863281,358.0,33510850
2024-01-29,363.1344909667969,364.5799865722656,366.010009765625,355.20001220703125,357.05999755859375,26180740
2024-01-30,363.27398681640625,364.7200012207031,367.8900146484375,360.6700134277344,365.0,19145935
2024-01-31,363.6026306152344,365.04998779296875,368.2900085449219,357.70001220703125,363.20001220703125,40587005
2024-02-01,363.1046142578125,364.54998779296875,366.4100036621094,362.6400146484375,366.0,10360840
2024-02-02,363.14447021484375,364.5899963378906,370.0,363.67999267578125,368.3599853515625,25249380
2024-02-05,360.2360534667969,361.6700134277344,365.3900146484375,359.79998779296875,365.0,17304030
2024-02-06,355.98297119140625,357.3999938964844,362.79998779296875,356.6300048828125,362.79998779296875,23459485
2024-02-07,357.0985412597656,358.5199890136719,361.9599914550781,356.79998779296875,358.20001220703125,22961120
2024-02-08,344.56842041015625,345.94000244140625,360.760009765625,345.4100036621094,360.30999755859375,22713870
2024-02-09,347.1082763671875,348.489990234375,349.79998779296875,343.79998779296875,346.0,20319880
2024-02-12,340.5544128417969,341.9100036621094,349.79998779296875,338.2200012207031,348.6000061035156,22532445
2024-02-13,346.052490234375,347.42999267578125,349.0199890136719,341.79998779296875,342.6000061035156,22461670
2024-02-14,348.4031677246094,349.7900085449219,352.9599914550781,342.42999267578125,344.7300109863281,19251615
2024-02-15,346.4708251953125,347.8500061035156,351.489990234375,344.010009765625,351.0,12708350
2024-02-16,345.6739807128906,347.04998779296875,350.20001220703125,346.44000244140625,349.989990234375,8215730
2024-02-19,344.9070739746094,346.2799987792969,348.79998779296875,345.2300109863281,348.79998779296875,22239770
2024-02-20,351.1024169921875,352.5,353.7300109863281,347.4700012207031,347.94000244140625,38055620
2024-02-21,347.8354187011719,349.2200012207031,353.79998779296875,348.1099853515625,353.79998779296875,20924355
2024-02-22,343.5823669433594,344.95001220703125,349.0,342.8399963378906,348.8999938964844,31003800
2024-02-23,343.4329528808594,344.79998779296875,346.54998779296875,343.0799865722656,344.8999938964844,17268830
2024-02-26,339.9069519042969,341.260009765625,345.0799865722656,340.3900146484375,344.4200134277344,29790330
2024-02-27,339.9966125488281,341.3500061035156,342.989990234375,339.3999938964844,342.6000061035156,22158260
2024-02-28,335.3849792480469,336.7200012207031,342.57000732421875,335.0400085449219,342.20001220703125,15381635
2024-02-29,336.55035400390625,337.8900146484375,340.45001220703125,333.4800109863281,337.3999938964844,33034875
2024-03-01,344.1700134277344,345.5400085449219,346.04998779296875,339.0,339.1000061035156,17220745
2024-03-04,344.0704040527344,345.44000244140625,348.29998779296875,343.70001220703125,345.5899963378906,13885990
2024-03-05,341.779541015625,343.1400146484375,345.44000244140625,341.7900085449219,345.3800048828125,15610970
2024-03-06,350.55462646484375,351.95001220703125,354.3900146484375,343.67999267578125,344.57000732421875,37258560
2024-03-07,348.2238464355469,349.6099853515625,352.9800109863281,349.0,351.95001220703125,15696800
2024-03-11,344.5584716796875,345.92999267578125,353.9700012207031,344.8500061035156,353.17999267578125,18200715
2024-03-12,342.70587158203125,344.07000732421875,348.69000244140625,341.4700012207031,346.9800109863281,51216490
2024-03-13,344.5385437011719,345.9100036621094,348.54998779296875,343.44000244140625,344.07000732421875,29080415
2024-03-14,347.098388671875,348.4800109863281,351.57000732421875,343.8299865722656,345.0,24048165
2024-03-15,346.2816162109375,347.6600036621094,351.20001220703125,344.239990234375,347.1600036621094,77537270
2024-03-18,346.2019348144531,347.5799865722656,348.9700012207031,343.05999755859375,347.4800109863281,11570715
2024-03-19,348.5426025390625,349.92999267578125,351.3800048828125,346.1099853515625,346.9700012207031,22405375
2024-03-20,351.68011474609375,353.0799865722656,353.70001220703125,346.1600036621094,350.2799987792969,22104430
2024-03-21,353.0247802734375,354.42999267578125,358.1300048828125,352.8599853515625,354.4200134277344,18918405
2024-03-22,353.87139892578125,355.2799987792969,356.5,353.0,353.9800109863281,35306415
2024-03-26,349.3493957519531,350.739990234375,355.0799865722656,350.0,353.0,26518150
2024-03-27,353.7120361328125,355.1199951171875,355.9599914550781,350.7799987792969,351.6000061035156,41155650
2024-03-28,355.6841735839844,357.1000061035156,360.7799987792969,354.8399963378906,355.5899963378906,33150360
2024-04-01,356.7200622558594,358.1400146484375,363.5299987792969,357.29998779296875,359.0,14429400
2024-04-02,350.0864562988281,351.4800109863281,359.6000061035156,350.8900146484375,358.7799987792969,34255950
2024-04-03,344.8572692871094,346.2300109863281,351.3399963378906,345.79998779296875,350.70001220703125,63417755
2024-04-04,348.4429626464844,349.8299865722656,350.3399963378906,344.6600036621094,349.3999938964844,65626460
2024-04-05,355.6144714355469,357.0299987792969,357.44000244140625,348.0199890136719,349.80999755859375,32790115
2024-04-08,356.2618408203125,357.67999267578125,360.3699951171875,357.0199890136719,358.760009765625,13174055
2024-04-09,354.7080383300781,356.1199951171875,358.6000061035156,355.1400146484375,358.07000732421875,11866155
2024-04-10,363.7420959472656,365.19000244140625,365.9800109863281,356.79998779296875,357.7799987792969,27629090
2024-04-12,361.1723327636719,362.6099853515625,363.6199951171875,359.8699951171875,362.20001220703125,19831135
2024-04-15,358.20416259765625,359.6300048828125,361.94000244140625,356.0,357.989990234375,21599340
2024-04-16,357.0985412597656,358.5199890136719,360.9200134277344,355.1300048828125,355.6000061035156,20483890
2024-04-18,355.9331970214844,357.3500061035156,362.6000061035156,356.6199951171875,358.010009765625,21253700
2024-04-19,357.1084899902344,358.5299987792969,361.0,352.6000061035156,352.79998779296875,19351900
2024-04-22,360.5547790527344,361.989990234375,364.5,360.0,362.6000061035156,30755695
2024-04-23,361.1723327636719,362.6099853515625,365.79998779296875,360.6199951171875,362.0,29780025
2024-04-24,367.0987548828125,368.55999755859375,369.1000061035156,361.55999755859375,362.3999938964844,16475385
2024-04-25,327.1876220703125,328.489990234375,339.55999755859375,320.3999938964844,333.0,330895395
2024-04-26,320.4245300292969,321.70001220703125,331.0,321.0,328.489990234375,110734245
2024-04-29,326.7792053222656,328.0799865722656,329.45001220703125,321.8999938964844,322.0199890136719,56137045
2024-04-30,323.5022888183594,324.7900085449219,329.3999938964844,324.0,328.0799865722656,91032240
2024-05-02,313.8805847167969,315.1300048828125,318.8999938964844,310.4800109863281,318.0,133202390
2024-05-03,308.1135559082031,309.3399963378906,317.5799865722656,308.7699890136719,316.6000061035156,80617945
2024-05-06,323.572021484375,324.8599853515625,326.6000061035156,318.79998779296875,321.0,108041055
2024-05-07,327.4764404296875,328.7799987792969,329.4700012207031,323.6000061035156,325.739990234375,49333925
2024-05-08,328.3629455566406,329.6700134277344,331.489990234375,327.2200012207031,328.0,49268765
2024-05-09,327.31707763671875,328.6199951171875,332.3699951171875,327.3999938964844,329.6000061035156,23280220
2024-05-10,324.2991027832031,325.5899963378906,330.6199951171875,323.17999267578125,328.6000061035156,58847010
2024-05-13,326.9385986328125,328.239990234375,328.7300109863281,323.20001220703125,325.3999938964844,29196240
2024-05-14,327.9545593261719,329.260009765625,330.0,326.5,328.3999938964844,21410130
2024-05-15,328.8509826660156,330.1600036621094,330.79998779296875,327.4100036621094,329.94000244140625,26304500
2024-05-16,333.0841369628906,334.4100036621094,335.0,329.44000244140625,331.0,34991785
2024-05-17,337.9647216796875,339.30999755859375,341.1300048828125,333.0,334.79998779296875,48087255
2024-05-21,338.3033447265625,339.6499938964844,343.0,338.0,338.3999938964844,29050835
2024-05-22,338.5623474121094,339.9100036621094,340.989990234375,336.2200012207031,340.55999755859375,30293485
2024-05-23,340.4548034667969,341.80999755859375,342.7200012207031,339.4100036621094,340.0,28406475
2024-05-24,339.3392639160156,340.69000244140625,343.57000732421875,338.94000244140625,342.20001220703125,24680885
2024-05-27,340.84326171875,342.20001220703125,344.3999938964844,340.5,340.69000244140625,17271435
2024-05-28,339.3790588378906,340.7300109863281,343.20001220703125,339.6000061035156,342.4599914550781,18580705
2024-05-29,336.23162841796875,337.57000732421875,342.17999267578125,336.44000244140625,339.6000061035156,24762360
2024-05-30,336.6797790527344,338.0199890136719,341.5199890136719,336.6000061035156,336.8699951171875,27902445
2024-05-31,334.74749755859375,336.0799865722656,340.6000061035156,332.1099853515625,340.6000061035156,64022380
2024-06-03,342.2476501464844,343.6099853515625,347.7699890136719,340.0199890136719,344.2900085449219,49005355
2024-06-04,326.2911682128906,327.5899963378906,343.1000061035156,320.489990234375,340.6499938964844,76147340
2024-06-05,342.25762939453125,343.6199951171875,344.95001220703125,329.0,332.510009765625,72131590
2024-06-06,345.5644836425781,346.94000244140625,347.70001220703125,340.760009765625,344.20001220703125,31799505
2024-06-07,349.3493957519531,350.739990234375,351.7300109863281,344.3999938964844,346.010009765625,23040730
2024-06-10,347.74578857421875,349.1300048828125,354.69000244140625,347.2300109863281,350.0199890136719,24240220
2024-06-11,342.6361083984375,344.0,349.44000244140625,343.4200134277344,349.32000732421875,20528235
2024-06-12,341.78948974609375,343.1499938964844,346.79998779296875,342.5799865722656,344.0199890136719,29407880
2024-06-13,343.90106201171875,345.2699890136719,347.510009765625,343.79998779296875,346.2799987792969,30080725
2024-06-14,342.07830810546875,343.44000244140625,346.9800109863281,342.0799865722656,344.6000061035156,15768330
2024-06-18,342.5166320800781,343.8800048828125,344.92999267578125,340.6499938964844,343.7200012207031,28536650
2024-06-19,347.9549255371094,349.3399963378906,352.6099853515625,343.0,345.79998779296875,49798990
2024-06-20,351.84942626953125,353.25,357.9700012207031,352.05999755859375,353.0,46215520
2024-06-21,353.72198486328125,355.1300048828125,357.79998779296875,349.05999755859375,354.0,95158445
2024-06-24,353.1044616699219,354.510009765625,355.0400085449219,349.95001220703125,351.42999267578125,21144440
2024-06-25,354.967041015625,356.3800048828125,359.6499938964844,352.6000061035156,355.30999755859375,29669295
2024-06-26,358.20416259765625,359.6300048828125,363.20001220703125,355.2200012207031,356.0,33429660
2024-06-27,364.6584167480469,366.1099853515625,367.6000061035156,357.0,358.20001220703125,66713845
2024-06-28,359.0706787109375,360.5,369.5899963378906,359.7799987792969,364.44000244140625,24845035
2024-07-01,360.1862487792969,361.6199951171875,362.6300048828125,358.0,360.5,14507550
2024-07-02,352.5168151855469,353.9200134277344,364.19000244140625,347.4200134277344,364.19000244140625,48125085
2024-07-03,360.7042236328125,362.1400146484375,363.1700134277344,350.44000244140625,353.1600036621094,44905015
2024-07-04,365.3158264160156,366.7699890136719,367.7099914550781,360.260009765625,361.32000732421875,25344465
2024-07-05,369.0709228515625,370.5400085449219,371.5899963378906,363.69000244140625,364.0,17328265
2024-07-08,369.1705017089844,370.6400146484375,371.45001220703125,367.0899963378906,370.79998779296875,19306015
2024-07-09,368.1047668457031,369.57000732421875,374.0,366.0,372.239990234375,19601055
2024-07-10,364.5190124511719,365.9700012207031,368.8999938964844,364.0400085449219,368.6000061035156,28148945
2024-07-11,367.4374084472656,368.8999938964844,370.3999938964844,364.30999755859375,366.1700134277344,23076860
2024-07-12,365.11663818359375,366.57000732421875,370.20001220703125,365.25,368.8999938964844,21204275
2024-07-15,367.24810791015625,368.7099914550781,371.5799865722656,365.3299865722656,367.79998779296875,29549980
2024-07-16,359.6284484863281,361.05999755859375,369.82000732421875,360.17999267578125,368.4200134277344,32713510
2024-07-18,363.9014892578125,365.3500061035156,366.239990234375,358.6300048828125,361.0,37954190
2024-07-19,363.2732849121094,364.32000732421875,366.20001220703125,361.19000244140625,363.70001220703125,20694325
2024-07-22,350.5000915527344,351.510009765625,364.20001220703125,349.7799987792969,364.20001220703125,53711805
2024-07-23,352.7635498046875,353.7799987792969,356.1000061035156,347.8299865722656,353.79998779296875,30775980
2024-07-24,348.2366027832031,349.239990234375,356.17999267578125,345.80999755859375,353.5899963378906,37436035
2024-07-25,354.0099792480469,355.0299987792969,355.79998779296875,346.3999938964844,346.3999938964844,15481985
2024-07-26,361.72772216796875,362.7699890136719,365.9700012207031,351.6199951171875,351.6199951171875,26546755
2024-07-29,357.7491760253906,358.7799987792969,365.3999938964844,356.70001220703125,364.94000244140625,40031835
2024-07-30,356.19366455078125,357.2200012207031,361.3299865722656,356.260009765625,358.7799987792969,28397685
2024-07-31,360.5411376953125,361.5799865722656,363.20001220703125,354.6300048828125,358.6000061035156,29031285
2024-08-01,357.4999084472656,358.5299987792969,363.6499938964844,357.25,361.4200134277344,19080220
2024-08-02,359.6536865234375,360.69000244140625,362.0,355.0,356.2200012207031,16212945
2024-08-05,353.7108459472656,354.7300109863281,361.1199951171875,353.7099914550781,354.0400085449219,24559090
2024-08-06,353.09259033203125,354.1099853515625,358.44000244140625,352.0,357.0,19620110
2024-08-07,354.2891540527344,355.30999755859375,357.32000732421875,352.010009765625,357.0,17688725
2024-08-08,353.5313415527344,354.54998779296875,356.3599853515625,352.5299987792969,353.3299865722656,12361105
2024-08-09,352.9131164550781,353.92999267578125,357.0899963378906,353.0,357.010009765625,12322215
2024-08-12,353.491455078125,354.510009765625,358.2099914550781,350.25,352.20001220703125,22722215
2024-08-13,349.40325927734375,350.4100036621094,358.29998779296875,349.2200012207031,352.6000061035156,17651595
2024-08-14,348.57562255859375,349.5799865722656,352.0,348.9100036621094,351.0,12928245
2024-08-16,354.438720703125,355.4599914550781,357.1499938964844,349.20001220703125,352.3999938964844,14809355
2024-08-19,355.24639892578125,356.2699890136719,358.0,354.20001220703125,356.1099853515625,10861395
2024-08-20,360.0924377441406,361.1300048828125,362.6099853515625,355.25,356.6000061035156,15577430
2024-08-21,361.5482482910156,362.5899963378906,363.3999938964844,357.4700012207031,360.0,28585950
2024-08-22,363.2532958984375,364.29998779296875,364.8599853515625,361.1600036621094,362.79998779296875,16089940
2024-08-23,362.55535888671875,363.6000061035156,365.5799865722656,362.5400085449219,364.29998779296875,9075930
2024-08-26,361.45849609375,362.5,364.5899963378906,361.94000244140625,364.0,11781285
2024-08-27,359.6337585449219,360.6700134277344,362.6199951171875,358.3399963378906,362.2099914550781,22708480
2024-08-28,357.2306823730469,358.260009765625,361.17999267578125,357.1700134277344,359.20001220703125,21403980
2024-08-29,354.42877197265625,355.45001220703125,359.70001220703125,354.6000061035156,356.6499938964844,27655790
2024-08-30,355.13671875,356.1600036621094,358.0,354.8699951171875,355.4599914550781,37290860
2024-09-02,355.0270080566406,356.04998779296875,358.69000244140625,354.5400085449219,356.3999938964844,20242600
2024-09-03,355.7349853515625,356.760009765625,357.2900085449219,354.4700012207031,356.010009765625,25981365
2024-09-04,355.7349853515625,356.760009765625,357.6600036621094,352.70001220703125,354.0,15962215
2024-09-05,354.5683288574219,355.5899963378906,357.2699890136719,352.0,356.25,17865025
2024-09-06,351.8162536621094,352.8299865722656,356.3900146484375,351.29998779296875,353.510009765625,16274400
2024-09-09,357.0013427734375,358.0299987792969,358.7900085449219,351.69000244140625,353.5400085449219,17182305
2024-09-10,357.29052734375,358.32000732421875,359.92999267578125,355.6099853515625,359.6000061035156,17488060
2024-09-11,356.8218688964844,357.8500061035156,361.0899963378906,357.0,359.0,18669360
2024-09-12,364.4399108886719,365.489990234375,366.8299865722656,359.0299987792969,360.7799987792969,31827540
2024-09-13,363.02398681640625,364.07000732421875,367.3999938964844,363.3500061035156,367.3999938964844,10283600
2024-09-16,365.2077331542969,366.260009765625,369.1400146484375,365.6600036621094,366.6000061035156,13653170
2024-09-17,368.26885986328125,369.3299865722656,370.67999267578125,366.1300048828125,367.8800048828125,18374310
2024-09-18,366.88287353515625,367.94000244140625,371.8900146484375,367.1199951171875,370.0,34387495
2024-09-19,373.3143310546875,374.3900146484375,375.0,369.0199890136719,369.9800109863281,14462150
2024-09-20,379.8056335449219,380.8999938964844,385.260009765625,374.0,374.79998779296875,94247895
2024-09-23,385.8282775878906,386.94000244140625,388.3999938964844,381.6400146484375,382.989990234375,18431360
2024-09-24,381.83978271484375,382.94000244140625,387.7200012207031,381.9200134277344,387.0,18546930
2024-09-25,378.4993896484375,379.5899963378906,384.5400085449219,378.8599853515625,382.010009765625,16537335
2024-09-26,379.3669128417969,380.4599914550781,382.6600036621094,376.8599853515625,379.0,21022565
2024-09-27,373.4140319824219,374.489990234375,382.0,373.260009765625,380.0,33215560
2024-09-30,369.7247009277344,370.7900085449219,376.8900146484375,368.6199951171875,371.3399963378906,16234200
2024-10-01,374.800048828125,375.8800048828125,376.95001220703125,369.3999938964844,369.3999938964844,24357630
2024-10-03,363.5126037597656,364.55999755859375,372.7300109863281,363.1600036621094,371.5799865722656,31816160
2024-10-04,360.760498046875,361.79998779296875,370.0,359.6700134277344,363.1000061035156,18673160
2024-10-07,357.0212707519531,358.04998779296875,367.2799987792969,353.8800048828125,362.0,37233165
2024-10-08,359.64373779296875,360.67999267578125,362.79998779296875,356.3699951171875,360.0,25485515
2024-10-09,359.1252136230469,360.1600036621094,364.0,357.9800109863281,360.20001220703125,35394010
2024-10-10,374.1419677734375,375.2200012207031,376.79998779296875,361.05999755859375,361.9800109863281,29528990
2024-10-11,375.3983459472656,376.4800109863281,378.7200012207031,372.2300109863281,374.44000244140625,26057900
2024-10-14,381.0620422363281,382.1600036621094,383.20001220703125,376.489990234375,377.010009765625,21955690
2024-10-15,377.95098876953125,379.0400085449219,383.07000732421875,377.489990234375,382.44000244140625,21477465
2024-10-16,374.1918029785156,375.2699890136719,378.489990234375,373.6300048828125,376.79998779296875,15727780
2024-10-17,371.7388916015625,372.80999755859375,375.6600036621094,370.260009765625,375.2699890136719,17707160
2024-10-18,373.1348571777344,374.2099914550781,375.70001220703125,369.6000061035156,373.6000061035156,19173835
2024-10-21,356.8118896484375,357.8399963378906,371.0,347.0,370.0,65890685
2024-10-22,351.6168518066406,352.6300048828125,359.1000061035156,351.7699890136719,358.3900146484375,27471910
2024-10-23,352.544189453125,353.55999755859375,357.4100036621094,351.6199951171875,352.2300109863281,14180685
2024-10-24,351.4273986816406,352.44000244140625,354.54998779296875,350.05999755859375,353.20001220703125,11584100
2024-10-25,352.7535705566406,353.7699890136719,357.29998779296875,351.3999938964844,353.0,14146135
2024-10-28,348.9645080566406,349.9700012207031,356.1300048828125,349.010009765625,353.6000061035156,16510740
2024-10-29,351.028564453125,352.0400085449219,353.42999267578125,346.1400146484375,348.70001220703125,20790595
2024-10-30,345.92327880859375,346.9200134277344,352.0,345.32000732421875,345.3999938964844,21929745
2024-10-31,345.2252502441406,346.2200012207031,349.32000732421875,344.7900085449219,345.4700012207031,14723350
2024-11-01,347.87762451171875,348.8800048828125,350.8299865722656,347.2699890136719,347.9200134277344,912445
2024-11-04,344.87628173828125,345.8699951171875,348.79998779296875,344.8500061035156,348.79998779296875,14424150
2024-11-05,350.4202880859375,351.42999267578125,352.1000061035156,342.20001220703125,344.29998779296875,20143075
2024-11-06,351.5071716308594,352.5199890136719,353.69000244140625,349.32000732421875,352.0199890136719,18261260
2024-11-07,348.3761901855469,349.3800048828125,353.0,346.6000061035156,352.6000061035156,15304920
2024-11-08,348.1568298339844,349.1600036621094,352.82000732421875,347.7799987792969,349.0,18234125
2024-11-11,347.7978515625,348.79998779296875,352.6600036621094,347.44000244140625,349.0,16025150
2024-11-12,343.2908630371094,344.2799987792969,349.8800048828125,343.0400085449219,348.9599914550781,16141950
2024-11-13,336.6001281738281,337.57000732421875,345.6300048828125,335.80999755859375,342.79998779296875,17967450
2024-11-14,340.59857177734375,341.5799865722656,342.5199890136719,337.9599914550781,338.0,16638790
2024-11-18,343.56005859375,344.54998779296875,345.6499938964844,339.94000244140625,342.79998779296875,10412075
2024-11-19,344.55718994140625,345.54998779296875,347.9599914550781,342.70001220703125,345.9599914550781,13798315
2024-11-21,346.4218444824219,347.4200134277344,348.1499938964844,340.75,343.0199890136719,16470295
2024-11-22,351.2778625488281,352.2900085449219,354.44000244140625,346.5799865722656,346.79998779296875,17768630
2024-11-25,357.1210021972656,358.1499938964844,358.9200134277344,353.3800048828125,356.3999938964844,34357160
2024-11-26,355.6950988769531,356.7200012207031,359.19000244140625,355.0,359.0,11563695
2024-11-27,355.6153564453125,356.6400146484375,361.1000061035156,355.82000732421875,356.19000244140625,16012220
2024-11-28,350.8291320800781,351.8399963378906,357.7799987792969,350.70001220703125,356.6499938964844,19856975
2024-11-29,352.03564453125,353.04998779296875,354.7200012207031,351.3999938964844,351.3999938964844,14939970
2024-12-02,349.7821350097656,350.7900085449219,354.5199890136719,349.20001220703125,353.0,21326400
2024-12-03,348.9744873046875,349.9800109863281,352.239990234375,348.0,352.0,19858250
2024-12-04,350.4901123046875,351.5,353.3999938964844,349.2799987792969,350.3999938964844,15933930
2024-12-05,354.0099792480469,355.0299987792969,357.7300109863281,349.6000061035156,352.79998779296875,28486145
2024-12-06,354.3689270019531,355.3900146484375,357.010009765625,352.20001220703125,354.7799987792969,12979410
2024-12-09,356.22357177734375,357.25,360.989990234375,353.6199951171875,353.6199951171875,12770115
2024-12-10,357.9087219238281,358.94000244140625,360.55999755859375,356.6499938964844,356.6499938964844,9899420
2024-12-11,357.9087219238281,358.94000244140625,361.3599853515625,357.989990234375,359.20001220703125,11967140
2024-12-12,352.7236633300781,353.739990234375,359.2900085449219,353.07000732421875,358.0,17441295
2024-12-13,360.0924377441406,361.1300048828125,361.79998779296875,349.6099853515625,351.6700134277344,19467655
2024-12-16,359.8531494140625,360.8900146484375,362.6000061035156,358.7699890136719,360.6000061035156,14946965
2024-12-17,355.78485107421875,356.80999755859375,361.3699951171875,355.0,359.2200012207031,17964305
2024-12-18,354.9771728515625,356.0,357.3399963378906,354.07000732421875,356.3999938964844,17647150
2024-12-19,351.407470703125,352.4200134277344,353.6000061035156,349.0799865722656,352.69000244140625,20370400
2024-12-20,347.7081298828125,348.7099914550781,353.7699890136719,346.6700134277344,351.0,73428440
2024-12-23,348.06707763671875,349.07000732421875,352.8399963378906,348.0,349.5,13740180
2024-12-24,348.8049621582031,349.80999755859375,350.92999267578125,347.6099853515625,348.510009765625,13563125
2024-12-26,349.55279541015625,350.55999755859375,353.8900146484375,348.4100036621094,351.3599853515625,5660030
2024-12-27,350.9687194824219,351.9800109863281,355.44000244140625,350.79998779296875,352.0,12241355
2024-12-30,347.1397705078125,348.1400146484375,356.20001220703125,346.70001220703125,353.0,27513860
2024-12-31,356.1836853027344,357.2099914550781,359.32000732421875,347.010009765625,347.010009765625,23658490
2025-01-01,356.65234375,357.67999267578125,359.3500061035156,355.3999938964844,355.8500061035156,7424140
2025-01-02,366.37432861328125,367.42999267578125,368.0400085449219,359.3800048828125,360.0,25484935
2025-01-03,366.6734924316406,367.7300109863281,370.6000061035156,363.4200134277344,370.20001220703125,21385745
2025-01-06,354.9073791503906,355.92999267578125,365.0,354.5799865722656,364.20001220703125,19961975
2025-01-07,353.3917541503906,354.4100036621094,359.489990234375,353.9800109863281,357.3999938964844,21999690
2025-01-08,352.7137145996094,353.7300109863281,356.94000244140625,352.489990234375,356.0199890136719,21823395
2025-01-09,357.0113220214844,358.0400085449219,361.739990234375,354.79998779296875,354.79998779296875,27349135
2025-01-10,350.2308349609375,351.239990234375,357.92999267578125,350.6700134277344,356.8399963378906,17513090
2025-01-13,346.6810607910156,347.67999267578125,348.9100036621094,344.75,346.5799865722656,15461940
2025-01-14,349.11407470703125,350.1199951171875,353.7699890136719,345.9200134277344,349.9200134277344,24744805
2025-01-15,356.8916931152344,357.9200134277344,359.0,352.0199890136719,352.0199890136719,17549305
2025-01-16,360.0724792480469,361.1099853515625,362.989990234375,357.07000732421875,359.1600036621094,22257670
2025-01-17,350.70947265625,351.7200012207031,361.1000061035156,349.6600036621094,359.3999938964844,17608640
2025-01-20,382.9964294433594,384.1000061035156,385.9800109863281,373.20001220703125,378.0,66621575
2025-01-21,377.5720520019531,378.6600036621094,384.19000244140625,378.20001220703125,384.19000244140625,22078315
2025-01-22,382.3981628417969,383.5,384.1000061035156,377.4100036621094,379.79998779296875,20883345
2025-01-23,377.8811950683594,378.9700012207031,384.7900085449219,378.4200134277344,381.4200134277344,15805795
2025-01-24,376.1561584472656,377.239990234375,383.70001220703125,374.6099853515625,378.20001220703125,20126830
2025-01-27,375.19891357421875,376.2799987792969,379.760009765625,372.54998779296875,375.0,9642515
2025-01-28,376.4652404785156,377.54998779296875,381.0,374.1600036621094,379.0,25786920
2025-01-29,382.966552734375,384.07000732421875,384.94000244140625,377.0,377.55999755859375,11758155
2025-01-30,379.2073669433594,380.29998779296875,387.6199951171875,375.489990234375,384.07000732421875,21195905
2025-01-31,379.16748046875,380.260009765625,381.7900085449219,377.9200134277344,380.6099853515625,11666145
2025-02-01,379.5264587402344,380.6199951171875,383.42999267578125,374.32000732421875,379.79998779296875,5481785
2025-02-03,375.817138671875,376.8999938964844,380.760009765625,376.30999755859375,378.7200012207031,16599040
2025-02-04,384.59185791015625,385.70001220703125,388.239990234375,375.44000244140625,378.2099914550781,26663090
2025-02-05,381.25146484375,382.3500061035156,387.7900085449219,380.4700012207031,387.55999755859375,17136925
2025-02-06,382.08905029296875,383.19000244140625,384.0,379.2900085449219,383.3999938964844,15969855
2025-02-07,384.7414245605469,385.8500061035156,392.1199951171875,381.5799865722656,384.20001220703125,22070870
2025-02-10,390.9036560058594,392.0299987792969,393.0,384.7099914550781,387.05999755859375,17846865
2025-02-11,382.6175537109375,383.7200012207031,394.1000061035156,381.32000732421875,392.9200134277344,17533410
2025-02-12,387.6729736328125,388.7900085449219,389.79998779296875,380.989990234375,384.69000244140625,16095020
2025-02-13,393.4263610839844,394.55999755859375,398.55999755859375,392.1099853515625,392.6000061035156,63391865
2025-02-14,389.3581237792969,390.4800109863281,394.79998779296875,386.6700134277344,394.79998779296875,13050240
2025-02-17,387.94219970703125,389.05999755859375,392.7900085449219,386.5299987792969,391.0,11500595
2025-02-18,391.5418395996094,392.6700134277344,393.20001220703125,387.8299865722656,388.4100036621094,21720625
2025-02-19,395.859375,397.0,398.9800109863281,392.3999938964844,392.7900085449219,19570825
2025-02-20,392.9776611328125,394.1099853515625,396.4700012207031,392.0,396.4599914550781,23621860
2025-02-21,389.4877014160156,390.6099853515625,395.6700134277344,386.8999938964844,394.1099853515625,20042760
2025-02-24,392.0902404785156,393.2200012207031,394.0,386.7099914550781,387.6600036621094,11090405
2025-02-25,392.319580078125,393.45001220703125,395.9100036621094,391.7200012207031,393.79998779296875,20099470
2025-02-27,388.39093017578125,389.510009765625,395.0,387.9800109863281,394.3999938964844,18540340
2025-02-28,379.49652099609375,380.5899963378906,387.4100036621094,378.7799987792969,387.4100036621094,34851575
2025-03-03,381.8198547363281,382.9200134277344,384.7300109863281,379.0400085449219,381.1099853515625,13038950
2025-03-04,380.4637451171875,381.55999755859375,383.20001220703125,379.3500061035156,380.2300109863281,15860250
2025-03-05,385.50921630859375,386.6199951171875,390.7300109863281,379.0799865722656,380.6199951171875,19058440
2025-03-06,383.2357482910156,384.3399963378906,388.989990234375,381.9700012207031,388.79998779296875,25965465
2025-03-07,385.9678649902344,387.0799865722656,388.1199951171875,382.010009765625,383.3999938964844,13901690
2025-03-10,383.2457275390625,384.3500061035156,388.010009765625,383.2699890136719,386.5,11142670
2025-03-11,385.9280090332031,387.0400085449219,388.79998779296875,380.8900146484375,384.6000061035156,16035260
2025-03-12,395.37078857421875,396.510009765625,399.5400085449219,387.6000061035156,388.0,33522470
2025-03-13,395.8793029785156,397.0199890136719,398.6700134277344,393.9100036621094,395.1400146484375,24628970
2025-03-17,397.4747009277344,398.6199951171875,399.7699890136719,394.8500061035156,396.0199890136719,15854645
2025-03-18,397.4747009277344,398.6199951171875,398.6199951171875,398.6199951171875,398.6199951171875,0
2025-03-19,403.14837646484375,404.30999755859375,410.20001220703125,403.45001220703125,407.8500061035156,26691440
2025-03-20,405.96026611328125,407.1300048828125,407.7799987792969,403.29998779296875,406.20001220703125,13416530
2025-03-21,414.6053466796875,415.79998779296875,419.5199890136719,407.0,408.0,94254040
2025-03-24,433.97955322265625,435.2300109863281,436.8500061035156,418.04998779296875,420.0,42541755
2025-03-25,432.7530822753906,434.0,440.5,432.0,435.9800109863281,36712165
2025-03-26,427.7475280761719,428.9800109863281,435.20001220703125,425.9800109863281,435.0,15084580
2025-03-27,424.5068359375,425.7300109863281,430.2799987792969,422.3699951171875,428.79998779296875,47106120
2025-03-28,432.99237060546875,434.239990234375,435.9800109863281,427.79998779296875,427.8599853515625,18361265
2025-04-01,427.9468994140625,429.17999267578125,435.70001220703125,427.17999267578125,434.8599853515625,18754695
2025-04-02,429.68194580078125,430.9200134277344,432.1300048828125,427.92999267578125,428.20001220703125,10660960
2025-04-03,425.2945251464844,426.5199890136719,430.3399963378906,425.42999267578125,425.79998779296875,8470190
2025-04-04,425.1649475097656,426.3900146484375,429.260009765625,423.6300048828125,426.17999267578125,18942015
2025-04-07,406.3990173339844,407.57000732421875,416.7200012207031,400.1600036621094,403.739990234375,35695245
2025-04-08,409.84906005859375,411.0299987792969,415.9800109863281,407.6000061035156,412.489990234375,20471695
2025-04-09,409.3604736328125,410.5400085449219,413.0,408.4200134277344,410.79998779296875,19597890
2025-04-11,421.02685546875,422.239990234375,427.8999938964844,411.70001220703125,413.0,27973445
2025-04-15,422.82171630859375,424.0400085449219,429.3999938964844,419.9200134277344,429.0,28178320
2025-04-16,423.4598388671875,424.67999267578125,430.32000732421875,422.6600036621094,424.0,14498895
2025-04-17,436.3626708984375,437.6199951171875,438.7799987792969,419.5400085449219,423.0,26943160
2025-04-21,446.9920654296875,448.2799987792969,452.239990234375,435.0799865722656,439.0,24432490
2025-04-22,452.456298828125,453.760009765625,460.3800048828125,449.0799865722656,449.79998779296875,33664915
2025-04-23,444.12030029296875,445.3999938964844,458.0,444.0,457.0,17619395
2025-04-24,443.3226013183594,444.6000061035156,447.5799865722656,442.739990234375,443.6000061035156,20842685
2025-04-25,439.61328125,440.8800048828125,446.67999267578125,435.6400146484375,444.0,10680015
2025-04-28,443.84112548828125,445.1199951171875,446.3599853515625,437.8800048828125,439.3999938964844,12190890
2025-04-29,439.73297119140625,441.0,449.3999938964844,439.760009765625,445.1199951171875,15291325
2025-04-30,440.3511962890625,441.6199951171875,446.20001220703125,437.6400146484375,442.7799987792969,23114585
2025-05-02,435.08636474609375,436.3399963378906,444.7200012207031,434.239990234375,440.79998779296875,9079030
2025-05-05,415.781982421875,416.9800109863281,426.760009765625,411.6000061035156,421.0199890136719,44108085
2025-05-06,413.60821533203125,414.79998779296875,418.2799987792969,413.0,417.20001220703125,17025485
2025-05-07,417.7762145996094,418.9800109863281,420.3599853515625,410.8999938964844,412.739990234375,18697280
2025-05-08,421.3060302734375,422.5199890136719,427.739990234375,418.9800109863281,419.79998779296875,34624355
2025-05-09,419.4115295410156,420.6199951171875,424.0,415.0,415.0,23271500
2025-05-12,427.7674255371094,429.0,432.7200012207031,425.2200012207031,426.79998779296875,15109370
2025-05-13,421.9043273925781,423.1199951171875,429.2200012207031,420.2200012207031,427.0,21539120
2025-05-14,417.2776794433594,418.4800109863281,423.9800109863281,416.79998779296875,422.20001220703125,10687970
2025-05-15,420.0696105957031,421.2799987792969,422.3999938964844,413.0799865722656,417.0199890136719,21311795
2025-05-16,420.4285888671875,421.6400146484375,422.9800109863281,418.0199890136719,419.9800109863281,10289540
2025-05-19,421.02685546875,422.239990234375,424.79998779296875,420.0799865722656,420.3999938964844,7528520
2025-05-20,416.8189697265625,418.0199890136719,423.5799865722656,416.94000244140625,422.9599914550781,19545490
2025-05-21,413.0697937011719,414.260009765625,419.260009765625,412.0,419.0,10708700
2025-05-22,411.97296142578125,413.1600036621094,415.5199890136719,410.1400146484375,414.79998779296875,16446640
2025-05-23,418.9528503417969,420.1600036621094,421.8599853515625,413.1600036621094,413.1600036621094,8254765
2025-05-26,416.6594543457031,417.8599853515625,422.3999938964844,417.0199890136719,418.0199890136719,10201425
2025-05-27,414.2862854003906,415.4800109863281,419.79998779296875,412.239990234375,418.0,17299700
2025-05-28,413.6680603027344,414.8599853515625,416.0799865722656,412.67999267578125,415.0,8173180
2025-05-29,415.1238708496094,416.32000732421875,419.20001220703125,411.0,415.4599914550781,24936910
2025-05-30,413.7478332519531,414.94000244140625,418.0400085449219,413.1000061035156,416.32000732421875,49038640
2025-06-02,411.5342102050781,412.7200012207031,415.1600036621094,410.239990234375,413.3999938964844,13505700
2025-06-03,407.7251892089844,408.8999938964844,415.1600036621094,406.8399963378906,414.0,32319090
2025-06-04,408.08416748046875,409.260009765625,411.70001220703125,408.1600036621094,409.4200134277344,11655570
2025-06-05,406.8078308105469,407.9800109863281,411.2799987792969,406.8399963378906,410.9599914550781,18626660
2025-06-06,413.4885559082031,414.67999267578125,416.9800109863281,406.760009765625,408.7799987792969,22121620
2025-06-09,426.4113464355469,427.6400146484375,428.4800109863281,418.0,422.20001220703125,28895440
2025-06-10,428.9839172363281,430.2200012207031,434.5799865722656,427.6400146484375,429.3399963378906,24578710
2025-06-11,427.8272705078125,429.05999755859375,432.1400146484375,426.6000061035156,429.79998779296875,8910305
2025-06-12,424.13787841796875,425.3599853515625,429.760009765625,424.44000244140625,429.05999755859375,14890860
2025-06-13,420.26904296875,421.4800109863281,424.3999938964844,414.3999938964844,414.3999938964844,22336370
2025-06-16,426.57086181640625,427.79998779296875,428.94000244140625,417.760009765625,421.5799865722656,14707980
2025-06-17,426.13214111328125,427.3599853515625,431.1600036621094,426.0400085449219,427.79998779296875,15541500
2025-06-18,425.25469970703125,426.4800109863281,427.4800109863281,421.739990234375,425.0,19503255
2025-06-19,428.046630859375,429.2799987792969,430.94000244140625,426.6199951171875,427.8999938964844,17025995
2025-06-20,432.7131652832031,433.9599914550781,435.20001220703125,426.260009765625,429.0,16863180
2025-06-23,435.5649719238281,436.82000732421875,437.94000244140625,430.239990234375,431.6199951171875,8603070
2025-06-24,443.4422912597656,444.7200012207031,446.7200012207031,438.2799987792969,441.6000061035156,28022600
2025-06-25,438.39678955078125,439.6600036621094,444.7200012207031,438.20001220703125,444.6000061035156,17877145
2025-06-26,439.5135803222656,440.7799987792969,442.0,436.0,440.4800109863281,28350635
2025-06-27,440.311279296875,441.5799865722656,443.4599914550781,436.5199890136719,442.0,48247195
2025-06-30,431.4568176269531,432.70001220703125,441.79998779296875,430.8999938964844,441.5799865722656,18638285
2025-07-01,435.4652404785156,436.7200012207031,437.29998779296875,431.8599853515625,432.70001220703125,20128770
2025-07-02,432.5735778808594,433.82000732421875,439.44000244140625,432.20001220703125,437.0,9382555
2025-07-03,424.0980224609375,425.32000732421875,430.3800048828125,424.3800048828125,427.82000732421875,23336995
2025-07-04,424.7361755371094,425.9599914550781,427.4599914550781,422.20001220703125,424.79998779296875,8431075
2025-07-07,428.72467041015625,429.9599914550781,431.3599853515625,424.3599853515625,426.0,10852925
2025-07-08,443.6217346191406,444.8999938964844,448.29998779296875,435.239990234375,437.0,37631455
2025-07-09,444.5789794921875,445.8599853515625,446.82000732421875,442.79998779296875,443.3999938964844,10104510
2025-07-10,439.49365234375,440.760009765625,448.5400085449219,437.3800048828125,445.82000732421875,28609065
2025-07-11,442.8439636230469,444.1199951171875,445.0,439.7200012207031,440.3599853515625,13395830
2025-07-14,439.49365234375,440.760009765625,445.3999938964844,439.4599914550781,444.7799987792969,11976685
2025-07-15,436.3626708984375,437.6199951171875,446.7200012207031,436.3800048828125,442.0,14870715
2025-07-16,434.627685546875,435.8800048828125,438.0,431.20001220703125,436.82000732421875,11438515
2025-07-17,432.9126281738281,434.1600036621094,438.3399963378906,433.3399963378906,435.0,10897805
2025-07-18,427.3621826171875,428.1000061035156,433.6000061035156,426.20001220703125,433.5199890136719,12832715
2025-07-21,432.2936706542969,433.0400085449219,433.5199890136719,426.0400085449219,427.6199951171875,9135495
2025-07-22,431.29541015625,432.0400085449219,435.0,429.0,434.3999938964844,7822810
2025-07-23,433.3318786621094,434.0799865722656,435.9599914550781,431.239990234375,434.20001220703125,13952705
2025-07-24,427.681640625,428.4200134277344,434.3599853515625,428.0,433.0799865722656,10292000
2025-07-25,424.18768310546875,424.9200134277344,429.9800109863281,423.6600036621094,427.82000732421875,8727375
2025-07-28,392.6421203613281,393.32000732421875,411.05999755859375,392.0,405.05999755859375,69123495
2025-07-29,393.86004638671875,394.5400085449219,395.94000244140625,390.6000061035156,393.3999938964844,25219670
2025-07-30,391.2644958496094,391.94000244140625,396.17999267578125,391.3999938964844,393.2200012207031,17949955
2025-07-31,395.0379943847656,395.7200012207031,399.7200012207031,387.0,388.239990234375,21519590
2025-08-01,397.7932434082031,398.4800109863281,401.3999938964844,394.4200134277344,396.6000061035156,13361865
2025-08-04,398.7116394042969,399.3999938964844,401.3999938964844,396.4200134277344,397.3999938964844,7716305
2025-08-05,399.9095764160156,400.6000061035156,401.6000061035156,398.9599914550781,401.6000061035156,12106660
2025-08-06,399.789794921875,400.4800109863281,405.1199951171875,398.5400085449219,400.6000061035156,13311395
2025-08-07,397.73333740234375,398.4200134277344,399.1000061035156,393.0,396.20001220703125,72760995
2025-08-08,389.8669128417969,390.5400085449219,399.8999938964844,389.6400146484375,398.7799987792969,10928645
2025-08-11,394.4989013671875,395.17999267578125,404.79998779296875,391.2799987792969,392.79998779296875,11012565
2025-08-12,391.1247253417969,391.79998779296875,397.17999267578125,391.2799987792969,395.0,7889120
2025-08-13,396.8548583984375,397.5400085449219,399.260009765625,392.44000244140625,393.6000061035156,13733665
2025-08-14,394.9581298828125,395.6400146484375,398.70001220703125,395.1000061035156,397.6000061035156,9922965
2025-08-18,399.5901184082031,400.2799987792969,405.20001220703125,399.4200134277344,399.5799865722656,21519720
2025-08-19,405.2803039550781,405.9800109863281,406.5,398.5,398.79998779296875,15558845
2025-08-20,402.8045654296875,403.5,404.8399963378906,401.1000061035156,404.1000061035156,13134705
2025-08-21,402.8644714355469,403.55999755859375,407.79998779296875,402.5799865722656,407.79998779296875,14493935
2025-08-22,396.63525390625,397.32000732421875,403.7200012207031,396.0400085449219,402.0400085449219,8958465
2025-08-25,395.97637939453125,396.6600036621094,399.760009765625,395.3399963378906,397.3999938964844,11849075
2025-08-26,392.46246337890625,393.1400146484375,396.7799987792969,392.239990234375,395.6000061035156,18550690
2025-08-28,388.2696838378906,388.94000244140625,393.6000061035156,388.2200012207031,391.0,17989700
2025-08-29,391.3843078613281,392.05999755859375,396.9800109863281,390.0400085449219,390.0400085449219,15371790
2025-09-01,393.04144287109375,393.7200012207031,394.55999755859375,391.0400085449219,392.05999755859375,7891610
2025-09-02,387.8304443359375,388.5,395.0400085449219,388.0799865722656,393.20001220703125,12917095
2025-09-03,391.3643493652344,392.0400085449219,392.760009765625,386.2200012207031,388.79998779296875,20037270
2025-09-04,389.2679443359375,389.94000244140625,394.3399963378906,389.29998779296875,392.20001220703125,9457295
2025-09-05,388.4294128417969,389.1000061035156,391.4599914550781,387.4200134277344,389.94000244140625,9906260
2025-09-08,389.3478088378906,390.0199890136719,392.29998779296875,386.29998779296875,388.5,12527790
2025-09-09,391.40423583984375,392.0799865722656,393.17999267578125,387.9599914550781,391.20001220703125,15873920
2025-09-10,393.9798278808594,394.6600036621094,397.7799987792969,393.1600036621094,396.9800109863281,42604510
2025-09-11,393.7801513671875,394.4599914550781,397.0,392.6600036621094,395.3999938964844,11816335
2025-09-12,393.7801513671875,394.4599914550781,397.0,393.20001220703125,394.6400146484375,18077285
2025-09-15,393.4806823730469,394.1600036621094,396.32000732421875,392.9800109863281,393.6000061035156,13098130
2025-09-16,403.64312744140625,404.3399963378906,406.1000061035156,394.6400146484375,395.2799987792969,20084385
2025-09-17,409.353271484375,410.05999755859375,410.5400085449219,404.05999755859375,405.79998779296875,23917190
2025-09-18,410.2117919921875,410.9200134277344,412.260009765625,408.44000244140625,410.0,17420580
2025-09-19,405.49993896484375,406.20001220703125,410.9200134277344,405.4800109863281,410.9200134277344,22431125
2025-09-22,403.64312744140625,404.3399963378906,407.9200134277344,403.4800109863281,406.3999938964844,13229910
2025-09-23,408.83416748046875,409.5400085449219,410.6199951171875,401.67999267578125,404.6000061035156,25428240
2025-09-24,405.5598449707031,406.260009765625,409.6199951171875,405.79998779296875,408.3999938964844,18394385
2025-09-25,402.0059814453125,402.70001220703125,407.5,402.0,406.4599914550781,20039275
2025-09-26,398.27239990234375,398.9599914550781,403.8399963378906,397.82000732421875,401.79998779296875,9595825
2025-09-29,397.6335144042969,398.32000732421875,400.739990234375,394.05999755859375,399.17999267578125,26530510
2025-09-30,397.8531494140625,398.5400085449219,403.0,397.2200012207031,400.79998779296875,29309685
2025-10-01,411.94879150390625,412.6600036621094,414.3999938964844,397.20001220703125,397.20001220703125,30579755
2025-10-03,419.3759765625,420.1000061035156,421.6000061035156,412.3999938964844,412.6600036621094,23679650
2025-10-06,428.4602966308594,429.20001220703125,430.9200134277344,418.6000061035156,422.79998779296875,25764180
2025-10-07,424.6468811035156,425.3800048828125,430.6199951171875,424.3399963378906,428.3999938964844,12364695
2025-10-08,422.83001708984375,423.55999755859375,426.5,422.44000244140625,425.29998779296875,4402475
2025-10-09,428.1807861328125,428.9200134277344,430.3999938964844,420.260009765625,423.6000061035156,15827485
2025-10-10,429.27886962890625,430.0199890136719,431.55999755859375,427.32000732421875,429.0,9681210
2025-10-13,429.6781921386719,430.4200134277344,431.20001220703125,426.760009765625,427.20001220703125,10600020
2025-10-14,429.6182861328125,430.3599853515625,433.0,428.32000732421875,429.79998779296875,8022815
2025-10-15,429.1790466308594,429.9200134277344,433.17999267578125,428.239990234375,431.0,11540535
2025-10-16,440.3197937011719,441.0799865722656,442.9200134277344,430.44000244140625,430.5799865722656,33692100
2025-10-17,440.3996887207031,441.1600036621094,441.9800109863281,438.0799865722656,440.7799987792969,16706510
2025-10-20,441.9969177246094,442.760009765625,453.20001220703125,440.0400085449219,442.79998779296875,15207085
2025-10-21,438.6427001953125,439.3999938964844,443.9599914550781,437.3800048828125,442.760009765625,1134020
2025-10-23,444.35284423828125,445.1199951171875,448.8800048828125,442.20001220703125,445.0,21496105
2025-10-24,436.6461486816406,437.3999938964844,447.6000061035156,433.6400146484375,447.6000061035156,16293685
2025-10-27,428.9794006347656,429.7200012207031,437.20001220703125,424.3999938964844,434.44000244140625,18599700
2025-10-28,431.4151916503906,432.1600036621094,433.6199951171875,428.3999938964844,428.3999938964844,23304345
2025-10-29,429.3587341308594,430.1000061035156,434.8599853515625,429.3800048828125,434.0,7088915
2025-10-30,426.70330810546875,427.44000244140625,430.6000061035156,425.2799987792969,430.0,12438465
2025-10-31,419.71539306640625,420.44000244140625,429.3800048828125,420.0,429.3800048828125,18931270
2025-11-03,421.97149658203125,422.70001220703125,423.8399963378906,417.5799865722656,420.44000244140625,7657265
2025-11-04,418.5973205566406,419.32000732421875,424.2200012207031,418.6000061035156,423.3399963378906,9581885
2025-11-06,415.92193603515625,416.6400146484375,420.760009765625,414.4200134277344,414.6000061035156,11902845
2025-11-07,416.940185546875,417.6600036621094,419.8599853515625,411.8399963378906,415.739990234375,7000945
2025-11-10,417.81866455078125,418.5400085449219,420.9599914550781,416.20001220703125,416.20001220703125,10866480
2025-11-11,416.6606750488281,417.3800048828125,420.6000061035156,414.9800109863281,420.0,10814210
2025-11-12,416.1814880371094,416.8999938964844,420.0199890136719,416.0,420.0199890136719,9035425
2025-11-13,414.32470703125,415.0400085449219,417.8999938964844,412.9200134277344,417.8999938964844,10711530
2025-11-14,415.22314453125,415.94000244140625,417.1000061035156,412.6000061035156,413.20001220703125,12202755
2025-11-17,419.8551330566406,420.5799865722656,423.9800109863281,418.4800109863281,419.0,25151640
2025-11-18,417.8985290527344,418.6199951171875,421.3999938964844,416.0,418.1199951171875,10300340
2025-11-19,420.4541015625,421.17999267578125,422.0,417.8999938964844,419.8999938964844,12464500
2025-11-20,419.0165710449219,419.739990234375,422.9599914550781,418.6400146484375,422.9599914550781,36702845
2025-11-21,416.84033203125,417.55999755859375,422.29998779296875,415.70001220703125,420.0,39194210
2025-11-24,416.7405090332031,417.4599914550781,420.79998779296875,415.4800109863281,419.0,24922845
2025-11-25,413.26654052734375,413.9800109863281,418.8599853515625,413.3399963378906,418.8599853515625,15164895
2025-11-26,420.03485107421875,420.760009765625,422.0,414.82000732421875,415.0,14896715
2025-11-27,421.3126220703125,422.0400085449219,426.1000061035156,418.2799987792969,420.79998779296875,20148975
2025-11-28,424.1477355957031,424.8800048828125,428.3599853515625,420.44000244140625,423.79998779296875,15840785
2025-12-01,428.77972412109375,429.5199890136719,432.6000061035156,425.6199951171875,426.79998779296875,16310160
2025-12-02,427.7415466308594,428.4800109863281,432.0,427.8800048828125,428.0,18294165
2025-12-03,428.4802551269531,429.2200012207031,430.3399963378906,423.82000732421875,427.0199890136719,14031015
2025-12-04,426.34393310546875,427.0799865722656,429.3599853515625,424.29998779296875,429.2200012207031,12871640
2025-12-05,430.23724365234375,430.9800109863281,433.20001220703125,426.3999938964844,427.0,9658475
2025-12-08,425.58526611328125,426.32000732421875,431.7799987792969,425.20001220703125,431.739990234375,14960235
2025-12-09,424.8066101074219,425.5400085449219,426.67999267578125,421.7799987792969,424.0,16037550
2025-12-10,425.16595458984375,425.8999938964844,431.1000061035156,424.739990234375,426.0,10941335
2025-12-11,435.28851318359375,436.0400085449219,441.0,423.82000732421875,425.8999938964844,24978600
2025-12-12,434.5697326660156,435.32000732421875,440.20001220703125,434.94000244140625,436.3399963378906,14312745
2025-12-15,435.50811767578125,436.260009765625,437.1199951171875,431.29998779296875,433.4200134277344,13779900
2025-12-16,435.7277526855469,436.4800109863281,438.79998779296875,434.29998779296875,435.6000061035156,8544595
2025-12-17,433.89093017578125,434.6400146484375,438.6400146484375,432.70001220703125,437.6000061035156,8060720
2025-12-18,432.17388916015625,432.9200134277344,435.7799987792969,431.9800109863281,434.6400146484375,5633400
2025-12-19,431.1556396484375,431.8999938964844,435.5,431.260009765625,433.70001220703125,11504670
2025-12-22,429.1990051269531,429.94000244140625,435.20001220703125,429.4200134277344,434.0,9041130
2025-12-23,431.7945251464844,432.5400085449219,434.17999267578125,429.94000244140625,430.5,8070815
2025-12-24,431.9941711425781,432.739990234375,435.6400146484375,432.2200012207031,433.6000061035156,7791790
2025-12-26,432.0940246582031,432.8399963378906,434.7200012207031,430.5799865722656,432.3999938964844,3691745
2025-12-29,430.9759521484375,431.7200012207031,436.3599853515625,431.0799865722656,434.1199951171875,4858980
2025-12-30,429.7979736328125,430.5400085449219,433.0,427.7799987792969,431.94000244140625,28360690
2025-12-31,439.4613037109375,440.2200012207031,441.0799865722656,431.1400146484375,431.6000061035156,14284445
2026-01-01,442.7955322265625,443.55999755859375,444.17999267578125,437.79998779296875,442.0,6734875
2026-01-02,438.26336669921875,439.0199890136719,445.5799865722656,436.1000061035156,443.55999755859375,12238470
2026-01-05,437.4248046875,438.17999267578125,441.3399963378906,436.3999938964844,439.3800048828125,10914245
2026-01-06,428.5401611328125,429.2799987792969,445.6000061035156,427.0,440.4200134277344,26541035
2026-01-07,428.06097412109375,428.79998779296875,430.1000061035156,421.8399963378906,429.2799987792969,10561315
2026-01-08,425.8647766113281,426.6000061035156,428.6000061035156,423.7200012207031,428.0199890136719,11484710
2026-01-09,424.62689208984375,425.3599853515625,426.6000061035156,423.20001220703125,426.6000061035156,10319615
2026-01-12,425.9246826171875,426.6600036621094,427.8800048828125,421.20001220703125,425.3599853515625,12720435
2026-01-13,425.7848815917969,426.5199890136719,428.8800048828125,424.0,425.3800048828125,12717650
2026-01-14,420.2744140625,421.0,427.6000061035156,418.79998779296875,426.0,10818517
2026-01-15,420.2744140625,421.0,421.0,421.0,421.0,0
2026-01-16,417.479248046875,418.20001220703125,427.6000061035156,417.1000061035156,424.0,17993251
2026-01-19,426.16424560546875,426.8999938964844,430.3999938964844,415.0,419.0,22228439
2026-01-20,423.069580078125,423.79998779296875,431.0,422.5,428.0,18805991
2026-01-21,420.8733825683594,421.6000061035156,425.5,416.3999938964844,422.1000061035156,16386060
2026-01-22,425.26580810546875,426.0,429.79998779296875,420.29998779296875,423.79998779296875,10087657
2026-01-23,422.0713195800781,422.79998779296875,429.79998779296875,420.3999938964844,429.0,10548118
2026-01-27,407.9956359863281,408.70001220703125,415.0,400.5,415.0,47613963
2026-01-28,411.6892395019531,412.3999938964844,414.20001220703125,406.29998779296875,409.29998779296875,14823671
2026-01-29,411.6892395019531,412.3999938964844,414.6000061035156,407.0,407.0,26085514
2026-01-30,407.29681396484375,408.0,412.5,405.3999938964844,410.0,20681886
2026-02-02,407.4964904785156,408.20001220703125,410.8500061035156,405.1000061035156,408.70001220703125,15422034
2026-02-03,415.0833740234375,415.79998779296875,425.0,410.29998779296875,415.0,35396945
2026-02-04,411.63934326171875,412.3500061035156,418.6499938964844,410.6000061035156,416.70001220703125,14948177
2026-02-05,408.0455322265625,408.75,413.95001220703125,404.1000061035156,411.0,24814864
2026-02-06,421.6221008300781,422.3500061035156,424.6499938964844,410.29998779296875,411.0,21228778
2026-02-09,428.06097412109375,428.79998779296875,434.8999938964844,424.20001220703125,430.0,22538542
2026-02-10,428.5600891113281,429.29998779296875,433.8999938964844,428.20001220703125,430.79998779296875,18428055
2026-02-11,428.8096618652344,429.54998779296875,431.70001220703125,427.75,431.70001220703125,12299205
2026-02-12,425.515380859375,426.25,431.04998779296875,425.1000061035156,429.3999938964844,14003384
2026-02-13,419.9250183105469,420.6499938964844,428.8999938964844,419.54998779296875,426.0,23233320
2026-02-16,424.8664855957031,425.6000061035156,426.70001220703125,418.25,419.0,12403028
2026-02-17,423.7184753417969,424.45001220703125,425.5,420.6000061035156,423.6499938964844,6427007
2026-02-18,425.6152038574219,426.3500061035156,427.3999938964844,421.3500061035156,425.70001220703125,7333331
2026-02-19,415.6823425292969,416.3999938964844,425.95001220703125,415.8500061035156,425.70001220703125,6473423
2026-02-20,420.6238098144531,421.3500061035156,423.3999938964844,415.0,415.0,6603883
2026-02-23,429.95770263671875,430.70001220703125,431.79998779296875,420.3500061035156,423.0,10399627
2026-02-24,426.962890625,427.70001220703125,432.45001220703125,425.79998779296875,430.8999938964844,15016915
2026-02-25,424.2176208496094,424.95001220703125,430.1499938964844,421.3999938964844,425.5,10192468
2026-02-26,423.81829833984375,424.54998779296875,426.70001220703125,421.70001220703125,426.70001220703125,13417228
2026-02-27,414.48443603515625,415.20001220703125,422.3500061035156,414.45001220703125,420.5,17806739
2026-03-02,412.3880310058594,413.1000061035156,414.6000061035156,407.1000061035156,410.0,15236666
2026-03-04,402.65484619140625,403.3500061035156,410.5,402.20001220703125,405.0,18393751
2026-03-05,406.5980224609375,407.29998779296875,410.04998779296875,402.3500061035156,403.6000061035156,14963265
2026-03-06,399.1109313964844,399.79998779296875,406.70001220703125,399.0,403.70001220703125,17512726
2026-03-09,385.68414306640625,386.3500061035156,393.8500061035156,385.1000061035156,390.0,20275976
2026-03-10,391.1746520996094,391.8500061035156,394.25,387.5,390.5,21346381
2026-03-11,382.5395812988281,383.20001220703125,391.1000061035156,379.95001220703125,388.8500061035156,29991868
2026-03-12,374.6531677246094,375.29998779296875,380.1499938964844,374.04998779296875,377.0,25048123
2026-03-13,366.2177429199219,366.8500061035156,373.6000061035156,363.3999938964844,373.0,32179473
2026-03-16,369.21258544921875,369.8500061035156,373.3500061035156,364.04998779296875,366.8500061035156,27927294
2026-03-17,373.5550842285156,374.20001220703125,375.1499938964844,368.6000061035156,369.8500061035156,15176772
2026-03-18,374.75299072265625,375.3999938964844,376.95001220703125,371.1000061035156,375.0,15235416
2026-03-19,367.5155029296875,368.1499938964844,370.1499938964844,363.3500061035156,366.1499938964844,17308390
2026-03-20,366.117919921875,366.75,372.6000061035156,365.3999938964844,368.6000061035156,17077194
2026-03-23,355.93548583984375,356.54998779296875,364.8999938964844,355.25,364.8500061035156,16980244
2026-03-24,366.2177429199219,366.8500061035156,370.95001220703125,361.3999938964844,363.0,19990983
2026-03-25,370.4604187011719,371.1000061035156,378.0,363.0,368.95001220703125,42442702
2026-03-27,365.5189514160156,366.1499938964844,368.8500061035156,362.5,367.54998779296875,28928069
2026-03-30,352.7909240722656,353.3999938964844,362.95001220703125,351.6499938964844,361.0,39762775
2026-04-01,355.43634033203125,356.04998779296875,364.04998779296875,355.0,363.79998779296875,21245776
2026-04-02,357.38299560546875,358.0,359.8500061035156,345.5,350.29998779296875,22056018
2026-04-06,359.9285888671875,360.54998779296875,361.3999938964844,350.1000061035156,358.0,18320378
2026-04-07,362.3244934082031,362.95001220703125,364.0,357.0,357.0,23655155
2026-04-08,379.49481201171875,380.1499938964844,381.1499938964844,369.45001220703125,377.0,30162218
2026-04-09,371.259033203125,371.8999938964844,378.70001220703125,369.45001220703125,377.0,12422256
2026-04-10,373.9044494628906,374.54998779296875,379.1499938964844,372.3500061035156,373.5,23751660
2026-04-13,371.259033203125,371.8999938964844,373.0,365.6000061035156,367.95001220703125,30027087
2026-04-15,381.7409362792969,382.3999938964844,383.0,375.5,375.5,19100372
2026-04-16,378.4965515136719,379.1499938964844,386.45001220703125,378.25,383.1499938964844,12060624
2026-04-17,382.9388732910156,383.6000061035156,385.20001220703125,376.6499938964844,379.29998779296875,11626179
2026-04-20,378.5464782714844,379.20001220703125,386.0,378.0,384.1000061035156,11146713
2026-04-21,381.4913635253906,382.1499938964844,383.1499938964844,378.3500061035156,381.45001220703125,12323488
2026-04-22,376.2005310058594,376.8500061035156,382.79998779296875,376.25,378.1000061035156,14471487
2026-04-23,369.7616271972656,370.3999938964844,375.95001220703125,367.6499938964844,370.04998779296875,27628052
2026-04-24,370.2108459472656,370.8500061035156,372.79998779296875,367.6499938964844,370.6000061035156,19678907
2026-04-27,376.15057373046875,376.79998779296875,380.45001220703125,373.25,375.0,11559552
2026-04-28,377.2986145019531,377.95001220703125,383.25,372.0,372.0,12852733
2026-04-29,381.3416442871094,382.0,386.04998779296875,377.54998779296875,378.0,7913344
2026-04-30,382.6393737792969,383.29998779296875,386.8500061035156,375.29998779296875,376.6000061035156,24812228
2026-05-01,382.6393737792969,383.29998779296875,383.29998779296875,383.29998779296875,383.29998779296875,0
2026-05-04,371.00946044921875,371.6499938964844,382.04998779296875,363.0,378.8999938964844,74467483
2026-05-05,370.7099914550781,371.3500061035156,375.5,368.75,371.0,19084772
2026-05-06,375.9509582519531,376.6000061035156,380.0,365.6499938964844,374.0,36195481
2026-05-07,378.7461242675781,379.3999938964844,382.45001220703125,374.29998779296875,376.1000061035156,27286751
2026-05-08,380.1436767578125,380.79998779296875,381.5,374.0,379.0,16183126
2026-05-11,380.39324951171875,381.04998779296875,386.0,374.3999938964844,376.1000061035156,21347878
2026-05-12,375.35198974609375,376.0,381.04998779296875,374.54998779296875,380.20001220703125,13065308
2026-05-13,376.9991149902344,377.6499938964844,384.0,376.8500061035156,377.8999938964844,16267456
2026-05-14,382.5395812988281,383.20001220703125,385.0,375.6000061035156,378.0,10652514
2026-05-15,386.3829345703125,387.04998779296875,393.29998779296875,380.5,383.20001220703125,19461437
2026-05-18,391.1247253417969,391.79998779296875,393.0,380.29998779296875,382.0,14575831
2026-05-19,381.291748046875,381.95001220703125,391.79998779296875,380.25,388.5,22567886
2026-05-20,382.5395812988281,383.20001220703125,384.04998779296875,376.29998779296875,376.29998779296875,12342444
2026-05-21,380.1936340332031,380.8500061035156,386.45001220703125,377.8999938964844,384.70001220703125,10133840
2026-05-22,383.4879150390625,384.1499938964844,386.29998779296875,381.0,381.0,10348359
2026-05-25,392.1729431152344,392.8500061035156,395.1499938964844,387.25,388.29998779296875,15571552
2026-05-26,387.98016357421875,388.6499938964844,394.95001220703125,387.0,392.8500061035156,15059212
2026-05-27,388.03009033203125,388.70001220703125,390.5,386.70001220703125,388.54998779296875,9326451
2026-05-28,388.03009033203125,388.70001220703125,388.70001220703125,388.70001220703125,388.70001220703125,0
2026-05-29,383.537841796875,384.20001220703125,392.54998779296875,381.25,388.8500061035156,40109830
2026-06-01,376.7495422363281,377.3999938964844,387.0,375.6499938964844,384.1499938964844,12335552
2026-06-02,378.3966979980469,379.04998779296875,381.54998779296875,372.20001220703125,373.0,14834956
2026-06-03,380.3433532714844,381.0,383.45001220703125,375.1000061035156,377.6000061035156,14844206
2026-06-04,380.8424987792969,381.5,384.0,377.8999938964844,378.5,13889236
2026-06-05,376.79949951171875,377.45001220703125,383.70001220703125,374.6499938964844,381.5,10129597
2026-06-08,376.4500732421875,377.1000061035156,378.8999938964844,372.70001220703125,373.0,14460894
2026-06-09,381.04217529296875,381.70001220703125,382.45001220703125,377.29998779296875,379.70001220703125,13987913
2026-06-10,387.4311218261719,388.1000061035156,391.20001220703125,380.5,380.5,21427363
2026-06-11,392.6720886230469,393.3500061035156,399.8999938964844,384.54998779296875,386.0,16135289
2026-06-12,402.60491943359375,403.29998779296875,404.5,394.95001220703125,397.75,17227481
2026-06-15,405.0506896972656,405.75,411.0,402.45001220703125,408.0,14269679
2026-06-16,407.1470947265625,407.8500061035156,408.54998779296875,404.5,405.75,9079548
2026-06-17,403.8028564453125,404.5,408.75,402.54998779296875,407.8500061035156,11654415
2026-06-18,402.25555419921875,402.95001220703125,404.25,399.6499938964844,403.95001220703125,9342524
2026-06-19,398.5619201660156,399.25,403.54998779296875,398.0,402.5,17504009
2026-06-22,401.4569091796875,402.1499938964844,403.1000061035156,398.75,399.25,7158956
2026-06-23,400.957763671875,401.6499938964844,405.0,398.0,398.0,10077909
2026-06-24,405.2503662109375,405.95001220703125,407.95001220703125,400.20001220703125,401.6499938964844,11768059
2026-06-25,408.29510498046875,409.0,413.79998779296875,407.20001220703125,409.5,16587414
2026-06-26,408.29510498046875,409.0,409.0,409.0,409.0,0
2026-06-29,394.818359375,395.5,404.8500061035156,394.1000061035156,402.5,37210245
2026-06-30,391.573974609375,392.25,397.0,389.8999938964844,395.5,24824891
2026-07-01,399.7598571777344,400.45001220703125,401.3999938964844,393.25,397.3500061035156,21723944
2026-07-02,398.61181640625,399.29998779296875,405.0,397.29998779296875,400.45001220703125,12980945
2026-07-03,396.06622314453125,396.75,401.45001220703125,394.54998779296875,400.0,14747410
2026-07-06,380.642822265625,381.29998779296875,389.75,380.70001220703125,389.75,34164881
2026-07-07,381.04217529296875,381.70001220703125,382.8999938964844,378.6499938964844,381.5,23216875
2026-07-08,369.462158203125,370.1000061035156,381.75,369.1000061035156,378.5,22517529
2026-07-09,376.5,377.1499938964844,377.95001220703125,368.3999938964844,371.5,30720415
2026-07-10,376.94921875,377.6000061035156,381.1499938964844,376.8999938964844,377.45001220703125,15468937
2026-07-13,383.987060546875,384.6499938964844,385.1499938964844,375.1000061035156,375.79998779296875,14167721
2026-07-14,377.9974060058594,378.6499938964844,383.5,376.1000061035156,383.5,16237528
2026-07-15,377.7478332519531,378.3999938964844,382.79998779296875,376.25,379.3500061035156,8082156
2026-07-16,376.5,377.1499938964844,381.25,376.54998779296875,377.5,10889356
2026-07-17,389.95001220703125,389.95001220703125,391.79998779296875,375.70001220703125,377.5,17847316
2026-07-20,382.04998779296875,382.04998779296875,383.75,376.1000061035156,382.0,32539419
2026-07-21,385.95001220703125,385.95001220703125,386.95001220703125,381.04998779296875,383.0,17152911
2026-07-22,381.1499938964844,381.1499938964844,390.0,378.1499938964844,384.29998779296875,11688952
2026-07-23,383.1000061035156,383.1000061035156,386.1000061035156,378.8500061035156,379.70001220703125,10728155
