Date,Adj Close,Close,High,Low,Open,Volume
2021-07-23,36.110477447509766,40.04999923706055,40.29999923706055,39.70000076293945,40.099998474121094,42958166
2021-07-26,35.479331970214844,39.349998474121094,40.150001525878906,39.25,39.95000076293945,39507185
2021-07-27,35.29901123046875,39.150001525878906,40.0,39.04999923706055,39.5,41915784
2021-07-28,34.62278366088867,38.400001525878906,39.29999923706055,38.099998474121094,39.20000076293945,57230970
2021-07-29,35.5244140625,39.400001525878906,39.70000076293945,38.25,38.599998474121094,63854550
2021-07-30,35.61458206176758,39.5,40.0,39.25,39.5,45647205
2021-08-02,36.6965446472168,40.70000076293945,40.95000076293945,39.599998474121094,39.75,64896737
2021-08-03,36.33588790893555,40.29999923706055,41.5,40.04999923706055,41.5,100994147
2021-08-04,35.5244140625,39.400001525878906,40.650001525878906,39.29999923706055,40.5,79555428
2021-08-05,35.02851867675781,38.849998474121094,39.54999923706055,38.20000076293945,39.5,62226173
2021-08-06,35.65966033935547,39.54999923706055,39.79999923706055,38.75,39.0,62616916
2021-08-09,34.9383544921875,38.75,40.20000076293945,38.650001525878906,39.599998474121094,55639684
2021-08-10,33.811309814453125,37.5,39.04999923706055,37.29999923706055,38.900001525878906,64226181
2021-08-11,33.72114944458008,37.400001525878906,37.79999923706055,36.599998474121094,37.599998474121094,60555697
2021-08-12,34.0817985534668,37.79999923706055,37.95000076293945,37.400001525878906,37.45000076293945,32721153
2021-08-13,34.036720275878906,37.75,38.04999923706055,37.54999923706055,37.849998474121094,31382550
2021-08-16,33.766231536865234,37.45000076293945,37.900001525878906,37.349998474121094,37.650001525878906,19259890
2021-08-17,33.13508605957031,36.75,37.400001525878906,36.70000076293945,37.349998474121094,25157898
2021-08-18,32.90967559814453,36.5,37.0,36.099998474121094,36.70000076293945,32386126
2021-08-20,32.098201751708984,35.599998474121094,36.29999923706055,35.29999923706055,35.95000076293945,38801065
2021-08-23,32.59410095214844,36.150001525878906,36.75,35.45000076293945,35.70000076293945,54815488
2021-08-24,32.7744255065918,36.349998474121094,36.70000076293945,35.900001525878906,36.099998474121094,55044654
2021-08-25,32.86458969116211,36.45000076293945,36.900001525878906,36.25,36.45000076293945,45499400
2021-08-26,32.27853012084961,35.79999923706055,36.650001525878906,35.70000076293945,36.400001525878906,35509249
2021-08-27,32.59410095214844,36.150001525878906,36.25,35.70000076293945,35.79999923706055,31396562
2021-08-30,33.13508605957031,36.75,36.900001525878906,36.150001525878906,36.150001525878906,31585995
2021-08-31,33.044921875,36.650001525878906,37.29999923706055,36.349998474121094,36.650001525878906,56641931
2021-09-01,33.67605972290039,37.349998474121094,37.45000076293945,36.54999923706055,36.599998474121094,41504907
2021-09-02,33.766231536865234,37.45000076293945,37.79999923706055,37.20000076293945,37.25,35910903
2021-09-03,34.30720901489258,38.04999923706055,38.54999923706055,37.5,37.5,53604232
2021-09-06,34.12687683105469,37.849998474121094,38.5,37.75,38.400001525878906,30264921
2021-09-07,33.72114944458008,37.400001525878906,37.95000076293945,37.150001525878906,37.75,30962650
2021-09-08,33.946556091308594,37.650001525878906,38.349998474121094,37.25,37.349998474121094,47139154
2021-09-09,33.856388092041016,37.54999923706055,37.900001525878906,37.45000076293945,37.650001525878906,20050778
2021-09-13,33.90147399902344,37.599998474121094,37.79999923706055,37.349998474121094,37.79999923706055,21274965
2021-09-14,34.0817985534668,37.79999923706055,38.349998474121094,37.650001525878906,37.75,31674866
2021-09-15,34.9383544921875,38.75,38.95000076293945,37.75,37.95000076293945,57565856
2021-09-16,37.6883430480957,41.79999923706055,41.95000076293945,38.5,38.79999923706055,190657378
2021-09-17,35.839988708496094,39.75,42.75,39.349998474121094,42.70000076293945,135078081
2021-09-20,34.352291107177734,38.099998474121094,39.5,38.0,39.5,49454941
2021-09-21,34.352291107177734,38.099998474121094,38.45000076293945,37.349998474121094,38.20000076293945,45279748
2021-09-22,34.397377014160156,38.150001525878906,38.54999923706055,38.0,38.150001525878906,27417221
2021-09-23,34.71294403076172,38.5,39.0,38.400001525878906,38.5,31335371
2021-09-24,34.171966552734375,37.900001525878906,39.0,37.75,39.0,33176080
2021-09-27,34.57769775390625,38.349998474121094,38.650001525878906,38.04999923706055,38.150001525878906,33799535
2021-09-28,35.29901123046875,39.150001525878906,39.70000076293945,38.349998474121094,38.400001525878906,87295894
2021-09-29,35.74982452392578,39.650001525878906,41.0,38.5,38.79999923706055,103695312
2021-09-30,36.15555953979492,40.099998474121094,41.25,39.599998474121094,39.79999923706055,83665464
2021-10-01,36.60637283325195,40.599998474121094,41.20000076293945,39.349998474121094,39.95000076293945,97922965
2021-10-04,37.057193756103516,41.099998474121094,41.5,40.75,40.900001525878906,62912144
2021-10-05,37.01211166381836,41.04999923706055,41.75,40.75,41.04999923706055,62599441
2021-10-06,35.97523498535156,39.900001525878906,41.70000076293945,39.70000076293945,41.29999923706055,76749025
2021-10-07,35.97523498535156,39.900001525878906,40.54999923706055,39.849998474121094,40.45000076293945,35042174
2021-10-08,36.33588790893555,40.29999923706055,40.5,39.5,40.099998474121094,63181834
2021-10-11,36.47113800048828,40.45000076293945,40.900001525878906,40.29999923706055,40.5,42779749
2021-10-12,37.19244384765625,41.25,41.349998474121094,40.04999923706055,40.5,67999277
2021-10-13,37.37276840209961,41.45000076293945,42.099998474121094,41.29999923706055,41.5,82798525
2021-10-14,38.364566802978516,42.54999923706055,42.70000076293945,41.70000076293945,41.79999923706055,128521477
2021-10-18,41.47520446777344,46.0,48.20000076293945,42.75,42.95000076293945,405179433
2021-10-19,39.80717849731445,44.150001525878906,47.5,43.900001525878906,46.900001525878906,150882735
2021-10-20,38.86046600341797,43.099998474121094,44.5,42.650001525878906,43.900001525878906,115424264
2021-10-21,40.257999420166016,44.650001525878906,44.900001525878906,43.45000076293945,43.900001525878906,122750629
2021-10-22,39.62685775756836,43.95000076293945,46.25,43.650001525878906,45.20000076293945,102347062
2021-10-25,40.48341369628906,44.900001525878906,45.650001525878906,43.150001525878906,44.25,153458794
2021-10-26,41.33995819091797,45.849998474121094,47.599998474121094,45.20000076293945,45.349998474121094,214146592
2021-10-27,41.74570083618164,46.29999923706055,47.099998474121094,45.75,46.20000076293945,111681059
2021-10-28,37.2826042175293,41.349998474121094,45.0,41.0,45.0,321343621
2021-10-29,37.958831787109375,42.099998474121094,43.099998474121094,40.599998474121094,41.5,146781564
2021-11-01,37.958831787109375,42.099998474121094,42.650001525878906,41.79999923706055,42.54999923706055,42645900
2021-11-02,37.958831787109375,42.099998474121094,42.45000076293945,41.79999923706055,42.349998474121094,52725424
2021-11-03,37.2826042175293,41.349998474121094,42.650001525878906,41.150001525878906,42.20000076293945,64044920
2021-11-04,37.77850341796875,41.900001525878906,42.04999923706055,41.54999923706055,41.70000076293945,13072027
2021-11-08,38.22932434082031,42.400001525878906,42.599998474121094,41.900001525878906,42.25,55791255
2021-11-09,38.680137634277344,42.900001525878906,43.25,42.5,42.599998474121094,55276093
2021-11-10,38.094078063964844,42.25,42.900001525878906,42.04999923706055,42.79999923706055,41151809
2021-11-11,37.733421325683594,41.849998474121094,42.45000076293945,41.650001525878906,42.400001525878906,35549697
2021-11-12,37.64325714111328,41.75,42.25,41.54999923706055,42.20000076293945,28798008
2021-11-15,37.50801086425781,41.599998474121094,42.099998474121094,41.45000076293945,42.04999923706055,29300908
2021-11-16,37.057193756103516,41.099998474121094,41.849998474121094,40.95000076293945,41.849998474121094,37098708
2021-11-17,36.65146255493164,40.650001525878906,41.400001525878906,40.5,40.900001525878906,37455760
2021-11-18,37.553096771240234,41.650001525878906,42.20000076293945,40.79999923706055,40.849998474121094,123654620
2021-11-22,35.97523498535156,39.900001525878906,41.79999923706055,39.349998474121094,41.650001525878906,66795201
2021-11-23,36.65146255493164,40.650001525878906,40.849998474121094,39.45000076293945,39.599998474121094,54899992
2021-11-24,36.47113800048828,40.45000076293945,41.150001525878906,40.20000076293945,40.75,40887058
2021-11-25,36.02031707763672,39.95000076293945,40.54999923706055,39.849998474121094,40.45000076293945,44234204
2021-11-26,34.71294403076172,38.5,39.75,38.25,39.75,55545650
2021-11-29,33.90147399902344,37.599998474121094,38.45000076293945,37.099998474121094,38.20000076293945,47437170
2021-11-30,33.6309814453125,37.29999923706055,38.5,37.04999923706055,37.75,52315588
2021-12-01,34.57769775390625,38.349998474121094,38.54999923706055,37.150001525878906,37.400001525878906,40315749
2021-12-02,34.71294403076172,38.5,38.599998474121094,37.95000076293945,38.29999923706055,32390148
2021-12-03,34.71294403076172,38.5,39.099998474121094,38.349998474121094,38.54999923706055,29288326
2021-12-06,34.26212692260742,38.0,38.900001525878906,37.849998474121094,38.5,40915598
2021-12-07,34.71294403076172,38.5,38.849998474121094,38.20000076293945,38.29999923706055,31500355
2021-12-08,35.479331970214844,39.349998474121094,39.45000076293945,38.54999923706055,38.75,41296620
2021-12-09,35.61458206176758,39.5,39.900001525878906,39.150001525878906,39.5,35479922
2021-12-10,36.74162292480469,40.75,41.04999923706055,39.25,39.5,52245056
2021-12-13,36.29080581665039,40.25,41.400001525878906,40.150001525878906,41.25,46056603
2021-12-14,36.200645446777344,40.150001525878906,40.45000076293945,39.54999923706055,40.099998474121094,40950927
2021-12-15,35.839988708496094,39.75,40.45000076293945,39.650001525878906,40.04999923706055,30984077
2021-12-16,35.5244140625,39.400001525878906,40.20000076293945,39.099998474121094,39.79999923706055,34881495
2021-12-17,34.26212692260742,38.0,39.400001525878906,37.900001525878906,39.25,47068060
2021-12-20,33.13508605957031,36.75,37.650001525878906,35.95000076293945,37.5,55096010
2021-12-21,33.31541061401367,36.95000076293945,37.599998474121094,36.599998474121094,36.900001525878906,60527831
2021-12-22,33.766231536865234,37.45000076293945,38.0,37.0,37.25,37841483
2021-12-23,34.26212692260742,38.0,38.25,37.599998474121094,37.75,35679028
2021-12-24,33.225242614746094,36.849998474121094,38.150001525878906,36.25,38.0,57414841
2021-12-27,33.58590316772461,37.25,37.349998474121094,36.25,36.79999923706055,42555204
2021-12-28,33.6309814453125,37.29999923706055,37.599998474121094,37.099998474121094,37.349998474121094,34060388
2021-12-29,33.4957389831543,37.150001525878906,37.5,37.0,37.400001525878906,32102072
2021-12-30,33.4957389831543,37.150001525878906,37.400001525878906,36.54999923706055,37.0,69851127
2021-12-31,33.6309814453125,37.29999923706055,37.599998474121094,37.04999923706055,37.25,31412356
2022-01-03,34.26212692260742,38.0,38.150001525878906,37.25,37.29999923706055,36560565
2022-01-04,34.57769775390625,38.349998474121094,38.650001525878906,37.900001525878906,38.099998474121094,40922358
2022-01-05,34.9383544921875,38.75,39.04999923706055,38.04999923706055,38.099998474121094,46559579
2022-01-06,34.98343276977539,38.79999923706055,39.099998474121094,38.20000076293945,38.20000076293945,43889477
2022-01-07,35.07360076904297,38.900001525878906,39.54999923706055,38.650001525878906,38.79999923706055,45764582
2022-01-10,36.3809700012207,40.349998474121094,40.75,38.900001525878906,38.95000076293945,77487214
2022-01-11,36.02031707763672,39.95000076293945,40.599998474121094,39.75,40.45000076293945,40117267
2022-01-12,36.06539535522461,40.0,40.45000076293945,39.849998474121094,40.04999923706055,27289110
2022-01-13,36.245723724365234,40.20000076293945,40.650001525878906,39.75,39.95000076293945,38374630
2022-01-14,36.200645446777344,40.150001525878906,40.349998474121094,39.79999923706055,39.95000076293945,28246979
2022-01-17,35.930152893066406,39.849998474121094,40.5,39.75,40.04999923706055,28509122
2022-01-18,35.25392150878906,39.099998474121094,40.20000076293945,39.0,40.0,44095230
2022-01-19,36.06539535522461,40.0,40.150001525878906,38.75,38.849998474121094,44886428
2022-01-20,36.06539535522461,40.0,40.45000076293945,39.75,39.900001525878906,38841491
2022-01-21,34.98343276977539,38.79999923706055,39.75,38.45000076293945,39.54999923706055,48283808
2022-01-24,34.26212692260742,38.0,39.04999923706055,37.29999923706055,38.79999923706055,51367085
2022-01-25,35.5244140625,39.400001525878906,39.54999923706055,37.599998474121094,37.900001525878906,54401085
2022-01-27,37.10227966308594,41.150001525878906,41.45000076293945,38.79999923706055,39.0,120678533
2022-01-28,36.831787109375,40.849998474121094,42.400001525878906,40.70000076293945,42.099998474121094,116265760
2022-01-31,37.46293258666992,41.54999923706055,41.849998474121094,40.849998474121094,41.099998474121094,65358800
2022-02-01,37.237525939941406,41.29999923706055,42.0,40.29999923706055,41.79999923706055,83578352
2022-02-02,38.58997344970703,42.79999923706055,43.0,41.20000076293945,41.29999923706055,111715210
2022-02-03,38.409645080566406,42.599998474121094,43.349998474121094,42.349998474121094,42.900001525878906,85013403
2022-02-04,37.4178466796875,41.5,42.900001525878906,41.349998474121094,42.5,57040478
2022-02-07,37.59817886352539,41.70000076293945,43.0,41.29999923706055,41.5,94193766
2022-02-08,37.86866760253906,42.0,42.20000076293945,40.54999923706055,41.900001525878906,82898920
2022-02-09,37.50801086425781,41.599998474121094,42.20000076293945,41.29999923706055,42.099998474121094,36405347
2022-02-10,36.786705017089844,40.79999923706055,41.79999923706055,40.70000076293945,41.70000076293945,34712483
2022-02-11,35.839988708496094,39.75,40.75,39.599998474121094,40.599998474121094,38771131
2022-02-14,33.45065689086914,37.099998474121094,38.400001525878906,37.0,38.099998474121094,68821970
2022-02-15,34.62278366088867,38.400001525878906,38.54999923706055,36.79999923706055,37.400001525878906,53556498
2022-02-16,34.75802230834961,38.54999923706055,39.099998474121094,38.45000076293945,38.79999923706055,58312435
2022-02-17,34.30720901489258,38.04999923706055,38.75,37.900001525878906,38.5,37538172
2022-02-18,34.036720275878906,37.75,38.400001525878906,37.599998474121094,37.849998474121094,39630801
2022-02-21,33.811309814453125,37.5,37.79999923706055,37.20000076293945,37.54999923706055,34670090
2022-02-22,33.54082107543945,37.20000076293945,37.349998474121094,36.5,36.79999923706055,37187228
2022-02-23,33.67605972290039,37.349998474121094,38.0,37.20000076293945,37.20000076293945,36877066
2022-02-24,28.85232162475586,32.0,36.400001525878906,31.75,35.95000076293945,189980575
2022-02-25,31.512142181396484,34.95000076293945,36.75,33.54999923706055,33.79999923706055,189336639
2022-02-28,31.46706199645996,34.900001525878906,35.150001525878906,34.04999923706055,34.150001525878906,94949907
2022-03-02,31.8727970123291,35.349998474121094,35.54999923706055,34.29999923706055,34.400001525878906,69515457
2022-03-03,31.647384643554688,35.099998474121094,36.04999923706055,34.849998474121094,35.900001525878906,52337879
2022-03-04,31.196565628051758,34.599998474121094,35.400001525878906,34.5,34.75,56689130
2022-03-07,30.835918426513672,34.20000076293945,34.70000076293945,33.349998474121094,33.95000076293945,62092259
2022-03-08,31.46706199645996,34.900001525878906,35.150001525878906,33.95000076293945,34.20000076293945,64860676
2022-03-09,32.098201751708984,35.599998474121094,35.75,34.849998474121094,35.349998474121094,69650320
2022-03-10,32.41377639770508,35.95000076293945,36.79999923706055,35.70000076293945,36.29999923706055,70426564
2022-03-11,32.684268951416016,36.25,36.45000076293945,35.599998474121094,35.79999923706055,42340369
2022-03-14,33.18016815185547,36.79999923706055,36.900001525878906,35.79999923706055,36.29999923706055,54669854
2022-03-15,32.45885467529297,36.0,37.20000076293945,35.900001525878906,36.900001525878906,50789501
2022-03-16,32.36869812011719,35.900001525878906,36.349998474121094,35.650001525878906,35.79999923706055,48492102
2022-03-17,32.45885467529297,36.0,36.400001525878906,35.900001525878906,36.29999923706055,39001545
2022-03-21,32.18836975097656,35.70000076293945,36.20000076293945,35.54999923706055,36.099998474121094,28291811
2022-03-22,32.098201751708984,35.599998474121094,35.849998474121094,34.95000076293945,35.70000076293945,46470194
2022-03-23,32.18836975097656,35.70000076293945,36.45000076293945,35.599998474121094,35.849998474121094,46357008
2022-03-24,32.05311965942383,35.54999923706055,36.0,35.5,35.75,27969611
2022-03-25,31.91788101196289,35.400001525878906,35.849998474121094,35.25,35.599998474121094,29182192
2022-03-28,32.143287658691406,35.650001525878906,35.849998474121094,34.79999923706055,35.400001525878906,49502255
2022-03-29,31.512142181396484,34.95000076293945,36.0,34.849998474121094,36.0,47346926
2022-03-30,31.602304458618164,35.04999923706055,35.5,34.95000076293945,35.400001525878906,46240651
2022-03-31,31.602304458618164,35.04999923706055,35.29999923706055,34.95000076293945,35.150001525878906,33939694
2022-04-01,32.7744255065918,36.349998474121094,36.45000076293945,35.0,35.099998474121094,53967690
2022-04-04,33.27033233642578,36.900001525878906,37.099998474121094,36.25,36.45000076293945,56228869
2022-04-05,33.31541061401367,36.95000076293945,37.5,36.70000076293945,37.0,40801381
2022-04-06,33.90147399902344,37.599998474121094,37.900001525878906,36.70000076293945,36.79999923706055,44241731
2022-04-07,33.766231536865234,37.45000076293945,38.5,37.29999923706055,37.70000076293945,61740174
2022-04-08,34.036720275878906,37.75,37.95000076293945,37.5,37.599998474121094,28343556
2022-04-11,33.766231536865234,37.45000076293945,38.0,37.400001525878906,37.650001525878906,28770137
2022-04-12,33.13508605957031,36.75,37.400001525878906,36.25,37.349998474121094,39061333
2022-04-13,33.044921875,36.650001525878906,37.150001525878906,36.599998474121094,36.849998474121094,22607254
2022-04-18,32.639190673828125,36.20000076293945,36.400001525878906,35.70000076293945,36.400001525878906,29188725
2022-04-19,32.18836975097656,35.70000076293945,36.599998474121094,35.20000076293945,36.400001525878906,31729898
2022-04-20,32.18836975097656,35.70000076293945,36.04999923706055,35.45000076293945,35.849998474121094,24765890
2022-04-21,32.41377639770508,35.95000076293945,36.150001525878906,35.79999923706055,36.0,19283074
2022-04-22,31.91788101196289,35.400001525878906,36.099998474121094,35.349998474121094,35.849998474121094,29066596
2022-04-25,31.46706199645996,34.900001525878906,35.25,34.79999923706055,35.099998474121094,38812926
2022-04-26,32.098201751708984,35.599998474121094,35.70000076293945,35.20000076293945,35.349998474121094,22211380
2022-04-27,31.91788101196289,35.400001525878906,35.599998474121094,35.04999923706055,35.25,23588728
2022-04-28,31.8727970123291,35.349998474121094,35.54999923706055,35.04999923706055,35.5,26935411
2022-04-29,31.647384643554688,35.099998474121094,35.79999923706055,35.0,35.599998474121094,25617648
2022-05-02,31.602304458618164,35.04999923706055,35.20000076293945,34.650001525878906,34.900001525878906,20822885
2022-05-04,30.971160888671875,34.349998474121094,35.45000076293945,34.20000076293945,35.25,35664306
2022-05-05,30.880998611450195,34.25,35.04999923706055,34.150001525878906,34.650001525878906,26554780
2022-05-06,30.520343780517578,33.849998474121094,34.150001525878906,33.400001525878906,33.95000076293945,36331439
2022-05-09,30.204774856567383,33.5,33.849998474121094,33.099998474121094,33.75,32033408
2022-05-10,30.024442672729492,33.29999923706055,33.900001525878906,33.04999923706055,33.5,29295243
2022-05-11,29.8441162109375,33.099998474121094,33.599998474121094,32.400001525878906,33.400001525878906,36363537
2022-05-12,25.786760330200195,28.600000381469727,31.350000381469727,28.450000762939453,31.0,203441446
2022-05-13,26.417903900146484,29.299999237060547,30.0,28.950000762939453,29.450000762939453,63258378
2022-05-16,26.643314361572266,29.549999237060547,29.799999237060547,29.200000762939453,29.799999237060547,34445098
2022-05-17,27.00396728515625,29.950000762939453,30.100000381469727,29.399999618530273,29.649999618530273,32624448
2022-05-18,26.7785587310791,29.700000762939453,30.200000762939453,29.600000381469727,30.149999618530273,31734195
2022-05-19,26.327741622924805,29.200000762939453,29.350000381469727,28.75,29.299999237060547,30284209
2022-05-20,27.00396728515625,29.950000762939453,30.049999237060547,29.549999237060547,29.75,24793799
2022-05-23,27.590030670166016,30.600000381469727,30.850000381469727,29.899999618530273,30.100000381469727,42055819
2022-05-24,27.319536209106445,30.299999237060547,30.950000762939453,30.149999618530273,30.5,56809933
2022-05-25,26.868722915649414,29.799999237060547,30.799999237060547,29.75,30.350000381469727,40570359
2022-05-26,27.274459838867188,30.25,30.450000762939453,28.899999618530273,30.0,43717993
2022-05-27,27.454784393310547,30.450000762939453,30.75,30.100000381469727,30.700000762939453,30100376
2022-05-30,28.536746978759766,31.649999618530273,31.799999237060547,30.600000381469727,30.700000762939453,35988041
2022-05-31,28.26625633239746,31.350000381469727,31.899999618530273,31.25,31.549999237060547,22186702
2022-06-01,28.311338424682617,31.399999618530273,31.649999618530273,31.149999618530273,31.350000381469727,19112886
2022-06-02,28.85232162475586,32.0,32.150001525878906,31.25,31.299999237060547,28608162
2022-06-03,28.446582794189453,31.549999237060547,32.25,31.5,32.099998474121094,17378205
2022-06-06,28.356420516967773,31.450000762939453,31.549999237060547,30.950000762939453,31.5,17746776
2022-06-07,28.17609405517578,31.25,31.549999237060547,31.0,31.299999237060547,15036787
2022-06-08,28.085927963256836,31.149999618530273,31.75,31.100000381469727,31.299999237060547,20451354
2022-06-09,28.040849685668945,31.100000381469727,31.299999237060547,30.799999237060547,31.149999618530273,15900909
2022-06-10,27.86052131652832,30.899999618530273,31.0,30.649999618530273,30.799999237060547,16223346
2022-06-13,27.139211654663086,30.100000381469727,30.549999237060547,29.899999618530273,30.25,21124501
2022-06-14,26.958885192871094,29.899999618530273,30.350000381469727,29.799999237060547,30.0,20714804
2022-06-15,27.00396728515625,29.950000762939453,30.200000762939453,29.850000381469727,30.0,11190067
2022-06-16,26.19249725341797,29.049999237060547,30.25,28.899999618530273,30.149999618530273,24073157
2022-06-17,26.19249725341797,29.049999237060547,29.299999237060547,28.5,29.0,25315923
2022-06-20,25.651517868041992,28.450000762939453,29.350000381469727,28.049999237060547,29.25,25688389
2022-06-21,26.823640823364258,29.75,30.0,28.549999237060547,28.700000762939453,24011383
2022-06-22,26.998716354370117,29.299999237060547,29.549999237060547,29.049999237060547,29.350000381469727,24515377
2022-06-23,26.95264434814453,29.25,29.600000381469727,28.700000762939453,29.350000381469727,20714754
2022-06-24,27.229082107543945,29.549999237060547,29.799999237060547,29.25,29.350000381469727,18924714
2022-06-27,27.229082107543945,29.549999237060547,29.950000762939453,29.5,29.799999237060547,15645270
2022-06-28,27.413373947143555,29.75,29.850000381469727,29.450000762939453,29.450000762939453,18553627
2022-06-29,27.413373947143555,29.75,29.899999618530273,29.299999237060547,29.450000762939453,17307144
2022-06-30,26.722280502319336,29.0,29.899999618530273,28.899999618530273,29.700000762939453,21893458
2022-07-01,27.13693618774414,29.450000762939453,29.600000381469727,28.75,29.049999237060547,17767070
2022-07-04,27.643739700317383,30.0,30.100000381469727,29.450000762939453,29.450000762939453,19169426
2022-07-05,27.367300033569336,29.700000762939453,30.25,29.600000381469727,30.049999237060547,15961683
2022-07-06,27.597665786743164,29.950000762939453,30.049999237060547,29.549999237060547,29.600000381469727,14801245
2022-07-07,28.565196990966797,31.0,31.100000381469727,30.0,30.100000381469727,32993224
2022-07-08,28.242687225341797,30.649999618530273,31.200000762939453,30.399999618530273,31.100000381469727,20754742
2022-07-11,28.61126708984375,31.049999237060547,31.149999618530273,30.5,30.5,20450726
2022-07-12,28.380901336669922,30.799999237060547,31.200000762939453,30.649999618530273,30.799999237060547,15414252
2022-07-13,28.380901336669922,30.799999237060547,31.049999237060547,30.649999618530273,30.799999237060547,14450589
2022-07-14,28.01232147216797,30.399999618530273,30.950000762939453,30.100000381469727,30.700000762939453,16034640
2022-07-15,27.9201717376709,30.299999237060547,30.549999237060547,30.049999237060547,30.399999618530273,12066316
2022-07-18,28.887706756591797,31.350000381469727,31.5,30.350000381469727,30.5,21452288
2022-07-19,29.118072509765625,31.600000381469727,31.75,31.100000381469727,31.149999618530273,25007755
2022-07-20,28.933778762817383,31.399999618530273,31.950000762939453,31.299999237060547,31.850000381469727,20054939
2022-07-21,29.34843635559082,31.850000381469727,32.04999923706055,31.299999237060547,31.350000381469727,21957903
2022-07-22,29.30236053466797,31.799999237060547,32.25,31.700000762939453,31.899999618530273,20272480
2022-07-25,29.118072509765625,31.600000381469727,31.799999237060547,31.350000381469727,31.600000381469727,21587323
2022-07-26,29.118072509765625,31.600000381469727,31.799999237060547,31.450000762939453,31.5,19540357
2022-07-27,29.532726287841797,32.04999923706055,32.099998474121094,31.5,31.5,22430650
2022-07-28,30.085603713989258,32.650001525878906,33.45000076293945,32.099998474121094,32.099998474121094,52325898
2022-07-29,28.887706756591797,31.350000381469727,32.599998474121094,31.299999237060547,32.20000076293945,49931761
2022-08-01,30.776697158813477,33.400001525878906,33.75,31.350000381469727,31.549999237060547,70456056
2022-08-02,31.51386070251465,34.20000076293945,34.599998474121094,32.95000076293945,33.25,64390245
2022-08-03,31.329572677612305,34.0,34.349998474121094,33.25,34.099998474121094,32209696
2022-08-04,30.776697158813477,33.400001525878906,34.20000076293945,33.0,34.099998474121094,36881278
2022-08-05,30.914915084838867,33.54999923706055,33.900001525878906,33.29999923706055,33.400001525878906,30539905
2022-08-08,30.730621337890625,33.349998474121094,33.75,33.25,33.45000076293945,19970390
2022-08-10,30.408111572265625,33.0,33.5,32.79999923706055,33.400001525878906,22044563
2022-08-11,30.776697158813477,33.400001525878906,33.75,33.150001525878906,33.20000076293945,21927939
2022-08-12,30.68454933166504,33.29999923706055,33.54999923706055,33.25,33.349998474121094,14138000
2022-08-16,30.914915084838867,33.54999923706055,33.599998474121094,33.25,33.400001525878906,17673451
2022-08-17,31.744226455688477,34.45000076293945,34.54999923706055,33.400001525878906,33.54999923706055,40936919
2022-08-18,31.467788696289062,34.150001525878906,34.70000076293945,34.04999923706055,34.29999923706055,26013767
2022-08-19,30.730621337890625,33.349998474121094,34.25,33.20000076293945,34.150001525878906,28981855
2022-08-22,29.85523796081543,32.400001525878906,33.20000076293945,32.349998474121094,33.04999923706055,24893422
2022-08-23,30.454185485839844,33.04999923706055,33.099998474121094,32.150001525878906,32.150001525878906,25441848
2022-08-24,30.914915084838867,33.54999923706055,33.599998474121094,32.95000076293945,33.04999923706055,20360378
2022-08-25,32.48139190673828,35.25,36.099998474121094,33.54999923706055,33.599998474121094,111083657
2022-08-26,32.896053314208984,35.70000076293945,36.5,35.45000076293945,35.5,62782884
2022-08-29,32.48139190673828,35.25,35.400001525878906,34.45000076293945,34.849998474121094,33867475
2022-08-30,33.034263610839844,35.849998474121094,36.29999923706055,35.54999923706055,35.650001525878906,33807116
2022-09-01,32.98819351196289,35.79999923706055,36.5,35.349998474121094,35.45000076293945,38437795
2022-09-02,32.48139190673828,35.25,36.150001525878906,35.099998474121094,36.099998474121094,24622506
2022-09-05,32.896053314208984,35.70000076293945,35.95000076293945,35.25,35.25,33308634
2022-09-06,34.278236389160156,37.20000076293945,37.5,35.650001525878906,35.75,92981035
2022-09-07,34.646820068359375,37.599998474121094,37.95000076293945,36.79999923706055,36.900001525878906,48254482
2022-09-08,35.33790969848633,38.349998474121094,38.5,37.75,37.95000076293945,51627315
2022-09-09,35.93686294555664,39.0,39.599998474121094,38.5,38.5,65772741
2022-09-12,36.950462341308594,40.099998474121094,40.29999923706055,39.04999923706055,39.400001525878906,61436082
2022-09-13,36.44365692138672,39.54999923706055,40.79999923706055,39.45000076293945,40.25,67593580
2022-09-14,36.950462341308594,40.099998474121094,40.400001525878906,38.70000076293945,38.79999923706055,65760110
2022-09-15,37.272979736328125,40.45000076293945,40.70000076293945,39.849998474121094,40.349998474121094,50606061
2022-09-16,36.53580856323242,39.650001525878906,40.599998474121094,38.900001525878906,40.400001525878906,59732960
2022-09-19,37.22690200805664,40.400001525878906,41.349998474121094,39.650001525878906,39.849998474121094,83681824
2022-09-20,37.45726776123047,40.650001525878906,41.650001525878906,40.150001525878906,40.79999923706055,85095486
2022-09-21,36.99653625488281,40.150001525878906,41.099998474121094,39.70000076293945,40.70000076293945,46208645
2022-09-22,37.31904602050781,40.5,41.20000076293945,39.849998474121094,40.0,76924094
2022-09-23,35.15362548828125,38.150001525878906,40.599998474121094,38.0,40.45000076293945,69527571
2022-09-26,33.1724853515625,36.0,37.849998474121094,35.79999923706055,37.849998474121094,65861997
2022-09-27,33.817508697509766,36.70000076293945,37.04999923706055,36.099998474121094,36.29999923706055,41297271
2022-09-28,32.11280822753906,34.849998474121094,36.29999923706055,34.54999923706055,36.29999923706055,85338288
2022-09-29,32.15888595581055,34.900001525878906,35.75,34.25,35.25,116839087
2022-09-30,33.67928695678711,36.54999923706055,36.79999923706055,35.0,35.599998474121094,90405745
2022-10-03,32.66568374633789,35.45000076293945,36.75,35.349998474121094,36.599998474121094,47921973
2022-10-04,33.58714294433594,36.45000076293945,36.650001525878906,36.150001525878906,36.349998474121094,38320151
2022-10-06,33.77143478393555,36.650001525878906,37.0,36.45000076293945,36.849998474121094,27448412
2022-10-07,33.77143478393555,36.650001525878906,36.900001525878906,36.099998474121094,36.5,28687877
2022-10-10,33.67928695678711,36.54999923706055,37.0,36.099998474121094,36.150001525878906,32747438
2022-10-11,32.896053314208984,35.70000076293945,36.79999923706055,35.599998474121094,36.75,35436582
2022-10-12,33.44892120361328,36.29999923706055,36.45000076293945,35.599998474121094,35.849998474121094,36192793
2022-10-13,33.08034133911133,35.900001525878906,36.45000076293945,35.45000076293945,36.400001525878906,30733961
2022-10-14,33.034263610839844,35.849998474121094,36.79999923706055,35.75,36.650001525878906,26022043
2022-10-17,34.001800537109375,36.900001525878906,37.25,35.5,35.849998474121094,42448068
2022-10-18,35.79863739013672,38.849998474121094,39.099998474121094,37.04999923706055,37.20000076293945,93855098
2022-10-19,36.259368896484375,39.349998474121094,40.099998474121094,38.650001525878906,39.0,104078804
2022-10-20,37.31904602050781,40.5,40.75,38.599998474121094,39.099998474121094,121051376
2022-10-21,37.54941177368164,40.75,41.79999923706055,40.400001525878906,40.5,113842537
2022-10-24,37.871917724609375,41.099998474121094,41.599998474121094,40.900001525878906,41.349998474121094,17217018
2022-10-25,39.89912414550781,43.29999923706055,44.0,40.5,41.20000076293945,169573666
2022-10-27,39.62269592285156,43.0,43.599998474121094,42.54999923706055,43.5,96348564
2022-10-28,39.71483612060547,43.099998474121094,44.79999923706055,42.70000076293945,43.29999923706055,118353597
2022-10-31,39.30018615722656,42.650001525878906,43.75,41.75,43.599998474121094,82205500
2022-11-01,36.950462341308594,40.099998474121094,43.599998474121094,39.900001525878906,43.20000076293945,146126391
2022-11-02,36.16722869873047,39.25,40.0,39.0,39.95000076293945,64972626
2022-11-03,38.05621337890625,41.29999923706055,41.599998474121094,38.900001525878906,39.0,104226875
2022-11-04,38.51694107055664,41.79999923706055,42.150001525878906,41.349998474121094,41.75,61162545
2022-11-07,38.563011169433594,41.849998474121094,43.54999923706055,41.650001525878906,42.900001525878906,109584009
2022-11-09,41.41953659057617,44.95000076293945,46.0,42.099998474121094,42.599998474121094,299263769
2022-11-10,40.5902214050293,44.04999923706055,45.150001525878906,43.54999923706055,45.0,97489239
2022-11-11,41.23524475097656,44.75,45.20000076293945,44.099998474121094,45.04999923706055,76514774
2022-11-14,40.498077392578125,43.95000076293945,44.95000076293945,43.70000076293945,44.900001525878906,39354002
2022-11-15,40.498077392578125,43.95000076293945,44.29999923706055,43.599998474121094,44.20000076293945,38499635
2022-11-16,40.68236541748047,44.150001525878906,44.95000076293945,43.849998474121094,43.95000076293945,60764292
2022-11-17,40.82058334350586,44.29999923706055,44.75,43.349998474121094,44.150001525878906,71836182
2022-11-18,42.248844146728516,45.849998474121094,46.70000076293945,44.150001525878906,44.349998474121094,172405604
2022-11-21,43.86139678955078,47.599998474121094,47.79999923706055,45.54999923706055,45.79999923706055,172492290
2022-11-22,44.414276123046875,48.20000076293945,48.400001525878906,47.0,47.849998474121094,123475904
2022-11-23,46.39540481567383,50.349998474121094,50.900001525878906,48.29999923706055,48.54999923706055,252150630
2022-11-24,46.856136322021484,50.849998474121094,51.20000076293945,50.29999923706055,50.54999923706055,104180912
2022-11-25,49.39014434814453,53.599998474121094,55.650001525878906,51.25,51.5,374685764
2022-11-28,49.20585250854492,53.400001525878906,54.349998474121094,52.70000076293945,54.349998474121094,124868210
2022-11-29,48.37654495239258,52.5,54.099998474121094,52.150001525878906,53.45000076293945,110088137
2022-11-30,47.270790100097656,51.29999923706055,52.900001525878906,50.900001525878906,52.5,72720109
2022-12-01,49.0676383972168,53.25,53.599998474121094,51.29999923706055,51.75,106625627
2022-12-02,49.758731842041016,54.0,54.25,52.75,53.29999923706055,96833859
2022-12-05,50.81840515136719,55.150001525878906,55.349998474121094,53.79999923706055,54.29999923706055,99638073
2022-12-06,51.094844818115234,55.45000076293945,57.349998474121094,54.599998474121094,55.150001525878906,225788957
2022-12-07,51.094844818115234,55.45000076293945,56.349998474121094,54.04999923706055,55.79999923706055,111738442
2022-12-08,53.16812515258789,57.70000076293945,57.95000076293945,55.45000076293945,55.70000076293945,150791474
2022-12-09,51.83201217651367,56.25,59.400001525878906,55.0,58.5,242993671
2022-12-12,53.536705017089844,58.099998474121094,58.54999923706055,56.25,56.75,128901863
2022-12-13,55.19533157348633,59.900001525878906,60.099998474121094,58.400001525878906,58.79999923706055,148851940
2022-12-14,54.59638214111328,59.25,60.650001525878906,58.20000076293945,60.45000076293945,175015067
2022-12-15,54.6424560546875,59.29999923706055,62.0,58.900001525878906,59.25,229821550
2022-12-16,52.29273986816406,56.75,60.0,56.45000076293945,59.29999923706055,150603662
2022-12-19,51.6477165222168,56.04999923706055,57.29999923706055,55.599998474121094,57.04999923706055,85831831
2022-12-20,51.186988830566406,55.54999923706055,56.25,54.29999923706055,55.95000076293945,88046715
2022-12-21,48.975494384765625,53.150001525878906,57.099998474121094,52.54999923706055,56.0,154435087
2022-12-22,49.52836227416992,53.75,55.20000076293945,52.599998474121094,53.900001525878906,193777944
2022-12-23,45.79645919799805,49.70000076293945,53.45000076293945,49.29999923706055,53.29999923706055,174132546
2022-12-26,49.298004150390625,53.5,53.95000076293945,49.150001525878906,49.70000076293945,169993660
2022-12-27,49.94301986694336,54.20000076293945,55.54999923706055,53.29999923706055,54.599998474121094,124352547
2022-12-28,50.588043212890625,54.900001525878906,55.849998474121094,53.400001525878906,54.150001525878906,125697410
2022-12-29,51.048770904541016,55.400001525878906,55.900001525878906,53.45000076293945,54.45000076293945,130252482
2022-12-30,52.01630401611328,56.45000076293945,57.29999923706055,55.79999923706055,56.0,115251538
2023-01-02,52.661319732666016,57.150001525878906,57.599998474121094,56.349998474121094,56.79999923706055,72924744
2023-01-03,53.26027297973633,57.79999923706055,58.29999923706055,57.150001525878906,57.45000076293945,78566820
2023-01-04,51.83201217651367,56.25,58.349998474121094,55.70000076293945,58.099998474121094,96809213
2023-01-05,52.29273986816406,56.75,57.150001525878906,55.45000076293945,56.70000076293945,82173647
2023-01-06,51.97023010253906,56.400001525878906,57.599998474121094,56.0,57.0,88223106
2023-01-09,52.6152458190918,57.099998474121094,57.75,56.75,57.0,56732510
2023-01-10,50.7723274230957,55.099998474121094,56.95000076293945,54.650001525878906,56.900001525878906,82014187
2023-01-11,51.97023010253906,56.400001525878906,56.599998474121094,54.599998474121094,55.29999923706055,75395366
2023-01-12,51.46342086791992,55.849998474121094,56.5,55.29999923706055,56.400001525878906,58123134
2023-01-13,52.33881378173828,56.79999923706055,57.400001525878906,55.70000076293945,56.0,98864358
2023-01-16,54.27387237548828,58.900001525878906,59.45000076293945,56.79999923706055,56.95000076293945,166603280
2023-01-17,53.21419906616211,57.75,59.45000076293945,56.75,59.20000076293945,116738590
2023-01-18,52.29273986816406,56.75,58.0,56.45000076293945,57.849998474121094,68557704
2023-01-19,52.707393646240234,57.20000076293945,57.349998474121094,56.20000076293945,56.70000076293945,59090340
2023-01-20,52.477027893066406,56.95000076293945,58.099998474121094,56.75,57.45000076293945,60893155
2023-01-23,52.33881378173828,56.79999923706055,57.5,56.599998474121094,57.25,48030932
2023-01-24,51.14091491699219,55.5,57.349998474121094,55.29999923706055,57.0,51548951
2023-01-25,49.482295989990234,53.70000076293945,55.54999923706055,53.150001525878906,55.45000076293945,83514024
2023-01-27,46.810062408447266,50.79999923706055,54.349998474121094,50.04999923706055,53.75,111244364
2023-01-30,46.717918395996094,50.70000076293945,53.25,49.099998474121094,51.099998474121094,148179904
2023-01-31,49.34407424926758,53.54999923706055,54.0,50.54999923706055,51.0,114490184
2023-02-01,46.349334716796875,50.29999923706055,54.400001525878906,48.29999923706055,54.25,159606635
2023-02-02,46.810062408447266,50.79999923706055,52.25,48.599998474121094,50.0,121217105
2023-02-03,47.73152160644531,51.79999923706055,52.29999923706055,49.20000076293945,51.25,114130816
2023-02-06,47.36294174194336,51.400001525878906,52.29999923706055,51.099998474121094,51.900001525878906,57728571
2023-02-07,47.270790100097656,51.29999923706055,52.099998474121094,50.70000076293945,51.54999923706055,54786770
2023-02-08,47.54722595214844,51.599998474121094,52.0,51.150001525878906,51.650001525878906,43092026
2023-02-09,46.994354248046875,51.0,51.54999923706055,50.349998474121094,51.54999923706055,48710526
2023-02-10,47.2247200012207,51.25,52.650001525878906,50.54999923706055,50.79999923706055,56528450
2023-02-13,46.25718688964844,50.20000076293945,51.599998474121094,49.79999923706055,51.400001525878906,53678758
2023-02-14,46.810062408447266,50.79999923706055,51.150001525878906,49.5,50.400001525878906,44481427
2023-02-15,46.9022102355957,50.900001525878906,51.04999923706055,50.25,50.45000076293945,26711967
2023-02-16,46.810062408447266,50.79999923706055,51.25,50.400001525878906,50.95000076293945,25514798
2023-02-17,45.79645919799805,49.70000076293945,50.54999923706055,49.5,50.54999923706055,37386646
2023-02-20,45.6121711730957,49.5,50.5,49.29999923706055,49.75,52556924
2023-02-21,45.197509765625,49.04999923706055,50.0,48.79999923706055,49.70000076293945,51854291
2023-02-22,44.045684814453125,47.79999923706055,48.849998474121094,47.5,48.75,50161602
2023-02-23,44.46034622192383,48.25,48.599998474121094,47.25,48.0,59329147
2023-02-24,43.8153190612793,47.54999923706055,49.150001525878906,47.349998474121094,48.599998474121094,43992957
2023-02-27,44.32212448120117,48.099998474121094,48.29999923706055,47.20000076293945,47.5,60479465
2023-02-28,44.552486419677734,48.349998474121094,48.599998474121094,47.650001525878906,48.25,45553040
2023-03-01,46.211116790771484,50.150001525878906,50.95000076293945,48.20000076293945,48.349998474121094,54733648
2023-03-02,45.842533111572266,49.75,50.25,49.400001525878906,50.150001525878906,39689768
2023-03-03,47.73152160644531,51.79999923706055,51.900001525878906,50.150001525878906,50.150001525878906,75460112
2023-03-06,47.270790100097656,51.29999923706055,52.45000076293945,51.150001525878906,52.04999923706055,47324177
2023-03-08,47.45508575439453,51.5,51.650001525878906,50.650001525878906,51.0,37125655
2023-03-09,46.9022102355957,50.900001525878906,51.75,50.70000076293945,51.5,26784782
2023-03-10,45.980751037597656,49.900001525878906,50.45000076293945,49.349998474121094,50.45000076293945,32660079
2023-03-13,44.368202209472656,48.150001525878906,50.25,48.0,49.900001525878906,44252288
2023-03-14,44.368202209472656,48.150001525878906,48.849998474121094,47.599998474121094,48.20000076293945,57868867
2023-03-15,43.95354461669922,47.70000076293945,49.04999923706055,47.400001525878906,48.849998474121094,39104721
2023-03-16,44.22998046875,48.0,48.45000076293945,46.79999923706055,47.70000076293945,56323397
2023-03-17,44.18391036987305,47.95000076293945,48.75,47.5,48.5,43994185
2023-03-20,43.30852127075195,47.0,48.0,46.099998474121094,47.849998474121094,51001675
2023-03-21,43.9996223449707,47.75,48.04999923706055,46.849998474121094,47.400001525878906,40735601
2023-03-22,44.091758728027344,47.849998474121094,48.349998474121094,47.70000076293945,47.95000076293945,28630222
2023-03-23,43.17030334472656,46.849998474121094,47.900001525878906,46.70000076293945,47.650001525878906,30619961
2023-03-24,41.926334381103516,45.5,47.150001525878906,45.099998474121094,47.0,41476341
2023-03-27,41.972408294677734,45.54999923706055,46.0,45.0,45.5,42307425
2023-03-28,41.37346267700195,44.900001525878906,45.75,44.400001525878906,45.54999923706055,38272734
2023-03-29,42.66350173950195,46.29999923706055,46.650001525878906,44.599998474121094,44.900001525878906,49229088
2023-03-31,42.939937591552734,46.599998474121094,47.04999923706055,46.5,46.70000076293945,32435561
2023-04-03,43.63102722167969,47.349998474121094,47.45000076293945,46.599998474121094,46.849998474121094,20028650
2023-04-05,43.03208541870117,46.70000076293945,47.45000076293945,46.45000076293945,47.349998474121094,24882531
2023-04-06,43.49281692504883,47.20000076293945,47.79999923706055,46.45000076293945,46.70000076293945,33990957
2023-04-10,43.35459518432617,47.04999923706055,47.45000076293945,46.79999923706055,47.20000076293945,20735073
2023-04-11,43.53889083862305,47.25,48.099998474121094,47.150001525878906,47.650001525878906,36635159
2023-04-12,43.35459518432617,47.04999923706055,47.54999923706055,46.900001525878906,47.54999923706055,24089807
2023-04-13,43.9996223449707,47.75,47.95000076293945,46.79999923706055,47.099998474121094,32614533
2023-04-17,44.96714401245117,48.79999923706055,48.95000076293945,47.349998474121094,47.650001525878906,45304745
2023-04-18,45.24358367919922,49.099998474121094,49.5,48.599998474121094,48.849998474121094,35880230
2023-04-19,44.736778259277344,48.54999923706055,49.650001525878906,48.400001525878906,49.0,30538280
2023-04-20,44.78285598754883,48.599998474121094,48.849998474121094,48.29999923706055,48.599998474121094,23270861
2023-04-21,44.46034622192383,48.25,48.599998474121094,47.79999923706055,48.5,20293450
2023-04-24,45.381805419921875,49.25,49.349998474121094,48.25,48.5,31327255
2023-04-25,45.88860321044922,49.79999923706055,50.099998474121094,49.29999923706055,49.5,31449334
2023-04-26,46.303260803222656,50.25,50.5,49.29999923706055,49.70000076293945,30000936
2023-04-27,46.44148254394531,50.400001525878906,50.54999923706055,50.0,50.25,27678355
2023-04-28,48.14617919921875,52.25,52.5,50.5,50.599998474121094,58579598
2023-05-02,48.60690689086914,52.75,53.099998474121094,52.400001525878906,52.54999923706055,31570025
2023-05-03,48.42261505126953,52.54999923706055,52.95000076293945,51.79999923706055,51.95000076293945,30999962
2023-05-04,49.1597785949707,53.349998474121094,53.5,52.5,52.75,31540665
2023-05-05,48.238319396972656,52.349998474121094,53.849998474121094,52.20000076293945,53.349998474121094,41383424
2023-05-08,48.00795364379883,52.099998474121094,52.70000076293945,50.599998474121094,51.5,64119087
2023-05-09,46.303260803222656,50.25,52.54999923706055,50.04999923706055,52.45000076293945,51516931
2023-05-10,44.690711975097656,48.5,50.0,47.900001525878906,49.650001525878906,94616408
2023-05-11,44.690711975097656,48.5,49.25,48.400001525878906,48.79999923706055,44557782
2023-05-12,44.736778259277344,48.54999923706055,48.79999923706055,48.04999923706055,48.5,20165979
2023-05-15,45.105369567871094,48.95000076293945,49.099998474121094,48.25,48.5,22303027
2023-05-16,45.15143966674805,49.0,49.849998474121094,48.79999923706055,49.29999923706055,34288935
2023-05-17,45.42787551879883,49.29999923706055,49.5,48.5,49.150001525878906,31020370
2023-05-18,44.64463806152344,48.45000076293945,49.70000076293945,48.349998474121094,49.599998474121094,32314683
2023-05-19,45.381805419921875,49.25,49.599998474121094,48.349998474121094,48.849998474121094,46965076
2023-05-22,46.57969665527344,50.54999923706055,50.75,49.70000076293945,49.849998474121094,59690876
2023-05-23,46.62576675415039,50.599998474121094,50.95000076293945,50.29999923706055,50.75,30905073
2023-05-24,45.980751037597656,49.900001525878906,50.79999923706055,49.79999923706055,50.25,25931404
2023-05-25,45.75038528442383,49.650001525878906,50.04999923706055,49.349998474121094,50.04999923706055,27256728
2023-05-26,46.39540481567383,50.349998474121094,50.5,49.70000076293945,49.75,24170849
2023-05-29,46.810062408447266,50.79999923706055,51.349998474121094,50.29999923706055,50.650001525878906,33668195
2023-05-30,47.40900802612305,51.45000076293945,51.54999923706055,50.650001525878906,50.79999923706055,31271579
2023-05-31,47.777591705322266,51.849998474121094,51.95000076293945,50.900001525878906,51.400001525878906,36101259
2023-06-01,47.63937759399414,51.70000076293945,52.25,51.54999923706055,51.849998474121094,29135650
2023-06-02,48.19225311279297,52.29999923706055,52.5,51.79999923706055,51.79999923706055,25135897
2023-06-05,48.05403518676758,52.150001525878906,52.79999923706055,52.0,52.54999923706055,19034598
2023-06-06,47.96188735961914,52.04999923706055,52.349998474121094,51.54999923706055,52.349998474121094,18736434
2023-06-07,48.238319396972656,52.349998474121094,52.45000076293945,52.04999923706055,52.150001525878906,16129252
2023-06-08,47.8697395324707,51.95000076293945,52.650001525878906,51.75,52.45000076293945,31319973
2023-06-09,47.316864013671875,51.349998474121094,52.20000076293945,51.20000076293945,52.150001525878906,20964121
2023-06-12,47.501155853271484,51.54999923706055,51.849998474121094,50.95000076293945,51.400001525878906,17394733
2023-06-13,47.91581344604492,52.0,52.20000076293945,51.54999923706055,51.900001525878906,17963382
2023-06-14,47.73152160644531,51.79999923706055,52.29999923706055,51.650001525878906,52.20000076293945,16336696
2023-06-15,46.44148254394531,50.400001525878906,52.04999923706055,50.20000076293945,51.79999923706055,33888122
2023-06-16,47.501155853271484,51.54999923706055,52.45000076293945,50.5,50.70000076293945,96884339
2023-06-19,47.8697395324707,51.95000076293945,52.5,51.20000076293945,51.349998474121094,34057742
2023-06-20,47.823665618896484,51.900001525878906,52.25,51.45000076293945,51.849998474121094,23194150
2023-06-21,48.69904708862305,52.849998474121094,53.25,51.79999923706055,52.04999923706055,52583478
2023-06-22,46.994354248046875,51.0,53.20000076293945,50.75,53.150001525878906,53046985
2023-06-23,47.13435745239258,50.5,50.900001525878906,50.150001525878906,50.79999923706055,28505207
2023-06-26,46.94768524169922,50.29999923706055,50.599998474121094,49.70000076293945,50.54999923706055,23362169
2023-06-27,47.461029052734375,50.849998474121094,51.0,50.400001525878906,50.54999923706055,19597683
2023-06-28,47.04102325439453,50.400001525878906,51.099998474121094,50.29999923706055,50.900001525878906,38263938
2023-06-30,48.20771789550781,51.650001525878906,51.75,50.54999923706055,50.54999923706055,29580748
2023-07-03,50.26108932495117,53.849998474121094,54.0,52.0,52.0,68566621
2023-07-04,53.24782180786133,57.04999923706055,57.599998474121094,53.75,54.099998474121094,177088979
2023-07-05,54.694522857666016,58.599998474121094,59.099998474121094,56.79999923706055,57.349998474121094,141211050
2023-07-06,55.06786346435547,59.0,59.75,58.0,58.349998474121094,75478926
2023-07-07,56.37455749511719,60.400001525878906,61.0,57.54999923706055,58.900001525878906,101329144
2023-07-10,56.561222076416016,60.599998474121094,62.349998474121094,60.04999923706055,61.0,103004929
2023-07-11,56.42123031616211,60.45000076293945,61.099998474121094,60.150001525878906,60.75,41506545
2023-07-12,57.30791473388672,61.400001525878906,61.70000076293945,60.45000076293945,60.599998474121094,51755516
2023-07-13,55.161197662353516,59.099998474121094,62.20000076293945,58.150001525878906,61.79999923706055,98250294
2023-07-14,56.654563903808594,60.70000076293945,61.0,59.099998474121094,60.0,50708803
2023-07-17,58.19459915161133,62.349998474121094,62.650001525878906,60.400001525878906,60.79999923706055,60868223
2023-07-18,57.49457931518555,61.599998474121094,63.25,61.29999923706055,62.900001525878906,97038714
2023-07-19,59.8746337890625,64.1500015258789,64.5,61.599998474121094,61.849998474121094,104017013
2023-07-20,59.594627380371094,63.849998474121094,65.1500015258789,63.599998474121094,64.30000305175781,97828765
2023-07-21,58.42793273925781,62.599998474121094,64.30000305175781,62.29999923706055,63.79999923706055,56213660
2023-07-24,57.96125411987305,62.099998474121094,63.79999923706055,61.900001525878906,63.099998474121094,56162634
2023-07-25,56.654563903808594,60.70000076293945,63.0,60.54999923706055,62.45000076293945,61394039
2023-07-26,58.941280364990234,63.150001525878906,63.75,60.150001525878906,61.0,166000733
2023-07-27,58.24126434326172,62.400001525878906,63.900001525878906,62.04999923706055,63.79999923706055,95604140
2023-07-28,57.82125473022461,61.95000076293945,62.849998474121094,61.5,62.5,51987753
2023-07-31,57.72792053222656,61.849998474121094,62.5,61.70000076293945,62.0,37185529
2023-08-01,57.2612419128418,61.349998474121094,62.20000076293945,61.04999923706055,62.0,30729374
2023-08-02,55.534542083740234,59.5,61.400001525878906,58.54999923706055,61.25,74149795
2023-08-03,55.48787307739258,59.45000076293945,60.0,58.75,59.599998474121094,48284251
2023-08-04,55.954551696777344,59.95000076293945,60.599998474121094,59.25,59.70000076293945,42677862
2023-08-07,56.37455749511719,60.400001525878906,61.0,59.849998474121094,60.099998474121094,31910875
2023-08-08,58.007930755615234,62.150001525878906,62.349998474121094,60.29999923706055,60.45000076293945,63023357
2023-08-09,57.44791030883789,61.54999923706055,62.29999923706055,60.900001525878906,62.150001525878906,50984674
2023-08-10,57.16790771484375,61.25,62.099998474121094,60.70000076293945,61.54999923706055,54154278
2023-08-11,58.38126754760742,62.54999923706055,63.25,61.150001525878906,61.349998474121094,63803349
2023-08-14,58.19459915161133,62.349998474121094,62.599998474121094,60.54999923706055,62.54999923706055,39105535
2023-08-16,57.58791732788086,61.70000076293945,62.29999923706055,61.54999923706055,61.900001525878906,32860991
2023-08-17,59.03461837768555,63.25,63.900001525878906,61.54999923706055,61.54999923706055,86494044
2023-08-18,58.61460494995117,62.79999923706055,64.0,62.400001525878906,63.650001525878906,52249781
2023-08-21,58.19459915161133,62.349998474121094,63.04999923706055,62.150001525878906,63.0,22537361
2023-08-22,58.28792953491211,62.45000076293945,62.75,62.29999923706055,62.349998474121094,16228098
2023-08-23,59.12794876098633,63.349998474121094,63.70000076293945,62.400001525878906,62.5,35562766
2023-08-24,58.66127395629883,62.849998474121094,64.19999694824219,62.45000076293945,63.650001525878906,40679832
2023-08-25,57.4012451171875,61.5,62.5,61.150001525878906,62.45000076293945,44154787
2023-08-28,58.33460235595703,62.5,63.25,61.349998474121094,61.75,51611750
2023-08-29,58.754608154296875,62.95000076293945,63.099998474121094,62.5,62.70000076293945,22724327
2023-08-30,59.22128677368164,63.45000076293945,63.849998474121094,62.95000076293945,62.95000076293945,36758499
2023-08-31,58.80127716064453,63.0,63.75,62.599998474121094,63.54999923706055,47388258
2023-09-01,61.04132843017578,65.4000015258789,66.19999694824219,62.5,63.04999923706055,120297728
2023-09-04,62.90803527832031,67.4000015258789,67.80000305175781,65.69999694824219,66.05000305175781,78454936
2023-09-05,62.86136245727539,67.3499984741211,68.5999984741211,66.6500015258789,67.9000015258789,70525265
2023-09-06,61.32133102416992,65.69999694824219,67.5,65.5,67.3499984741211,57072136
2023-09-07,62.161346435546875,66.5999984741211,67.1500015258789,65.69999694824219,65.8499984741211,39914471
2023-09-08,62.39468765258789,66.8499984741211,67.30000305175781,66.25,67.0,38692009
2023-09-11,64.5414047241211,69.1500015258789,69.5,67.0,67.19999694824219,97021497
2023-09-12,62.39468765258789,66.8499984741211,69.80000305175781,66.25,69.5,106038890
2023-09-13,67.71480560302734,72.55000305175781,73.0999984741211,66.30000305175781,66.80000305175781,196952754
2023-09-14,68.78815460205078,73.69999694824219,74.19999694824219,71.8499984741211,73.0,110388816
2023-09-15,69.20816802978516,74.1500015258789,74.8499984741211,72.9000015258789,74.0,85659070
2023-09-18,71.77489471435547,76.9000015258789,79.05000305175781,73.80000305175781,74.1500015258789,196740035
2023-09-20,71.3548812866211,76.44999694824219,77.69999694824219,75.30000305175781,76.80000305175781,87014740
2023-09-21,70.00151824951172,75.0,78.30000305175781,74.55000305175781,76.8499984741211,82446210
2023-09-22,72.33490753173828,77.5,77.75,75.05000305175781,75.80000305175781,96312592
2023-09-25,74.8549575805664,80.19999694824219,80.55000305175781,76.55000305175781,77.9000015258789,132629554
2023-09-26,74.06161499023438,79.3499984741211,81.3499984741211,79.05000305175781,80.19999694824219,81418694
2023-09-27,76.06831359863281,81.5,81.9000015258789,79.5,79.80000305175781,87175092
2023-09-28,74.34161376953125,79.6500015258789,82.6500015258789,79.19999694824219,81.6500015258789,153076293
2023-09-29,74.8549575805664,80.19999694824219,81.0,79.5,80.19999694824219,50000692
2023-10-03,77.65501403808594,83.19999694824219,83.5,79.80000305175781,80.19999694824219,67592455
2023-10-04,74.43495178222656,79.75,83.30000305175781,79.3499984741211,82.69999694824219,103799902
2023-10-05,71.96156311035156,77.0999984741211,81.05000305175781,76.25,80.69999694824219,134330537
2023-10-06,71.63489532470703,76.75,78.25,76.05000305175781,77.44999694824219,66525708
2023-10-09,68.46148681640625,73.3499984741211,76.0,72.8499984741211,76.0,73864732
2023-10-10,70.23485565185547,75.25,75.5999984741211,74.0,74.05000305175781,45297302
2023-10-11,70.9815444946289,76.05000305175781,77.8499984741211,75.5,75.80000305175781,59870131
2023-10-12,70.7015380859375,75.75,77.19999694824219,75.3499984741211,76.69999694824219,28874895
2023-10-13,70.18819427490234,75.19999694824219,75.75,74.5999984741211,75.0999984741211,33454518
2023-10-16,70.23485565185547,75.25,76.0999984741211,74.80000305175781,75.1500015258789,31664409
2023-10-17,70.74820709228516,75.80000305175781,76.19999694824219,75.25,75.75,25571754
2023-10-18,69.25483703613281,74.19999694824219,77.25,74.05000305175781,76.75,79079912
2023-10-19,69.06816101074219,74.0,75.0999984741211,73.4000015258789,73.9000015258789,40169623
2023-10-20,67.43479919433594,72.25,74.5999984741211,71.8499984741211,73.9000015258789,47312964
2023-10-23,65.0080795288086,69.6500015258789,73.69999694824219,69.0999984741211,72.5,64052095
2023-10-25,64.86807250976562,69.5,71.4000015258789,68.55000305175781,70.0,56157100
2023-10-26,65.19474792480469,69.8499984741211,70.30000305175781,67.3499984741211,69.3499984741211,96629399
2023-10-27,68.27481079101562,73.1500015258789,74.1500015258789,70.9000015258789,71.80000305175781,97582651
2023-10-30,68.27481079101562,73.1500015258789,73.6500015258789,72.3499984741211,73.55000305175781,45878932
2023-10-31,68.13481140136719,73.0,74.25,72.80000305175781,73.4000015258789,44305596
2023-11-01,68.0414810180664,72.9000015258789,74.3499984741211,72.6500015258789,73.0999984741211,39344724
2023-11-02,69.30149841308594,74.25,75.4000015258789,73.5,73.8499984741211,44074000
2023-11-03,69.76818084716797,74.75,75.4000015258789,74.5,74.8499984741211,33999204
2023-11-06,69.90818786621094,74.9000015258789,75.5,74.75,75.30000305175781,22781133
2023-11-07,71.07487487792969,76.1500015258789,76.75,74.55000305175781,75.19999694824219,45263683
2023-11-08,70.74820709228516,75.80000305175781,76.8499984741211,75.5,76.5,28074631
2023-11-09,70.93487548828125,76.0,76.55000305175781,75.5999984741211,76.0,25406922
2023-11-10,71.16820526123047,76.25,76.4000015258789,75.5,75.9000015258789,19806827
2023-11-13,73.82826232910156,79.0999984741211,79.44999694824219,76.0999984741211,76.30000305175781,61511606
2023-11-15,73.68826293945312,78.94999694824219,80.80000305175781,78.75,80.0999984741211,56335226
2023-11-16,74.2949447631836,79.5999984741211,80.30000305175781,79.0999984741211,79.19999694824219,36649274
2023-11-17,72.708251953125,77.9000015258789,78.4000015258789,76.25,77.94999694824219,52680056
2023-11-20,73.17491912841797,78.4000015258789,79.5,77.80000305175781,78.19999694824219,29074574
2023-11-21,72.84825134277344,78.05000305175781,79.3499984741211,77.5,78.80000305175781,23914987
2023-11-22,71.26155090332031,76.3499984741211,78.30000305175781,76.0,78.0,35533376
2023-11-23,71.4482192993164,76.55000305175781,77.1500015258789,76.30000305175781,76.75,15646955
2023-11-24,70.8882064819336,75.94999694824219,76.94999694824219,75.75,76.75,17112957
2023-11-28,73.31493377685547,78.55000305175781,79.5999984741211,75.5999984741211,75.94999694824219,43966316
2023-11-29,73.87493896484375,79.1500015258789,79.30000305175781,78.05000305175781,78.94999694824219,38404432
2023-11-30,72.42823791503906,77.5999984741211,79.8499984741211,77.25,79.1500015258789,57665048
2023-12-01,75.3216323852539,80.69999694824219,81.5,78.05000305175781,78.0999984741211,84958693
2023-12-04,78.16836547851562,83.75,84.5999984741211,82.30000305175781,83.1500015258789,98320541
2023-12-05,79.3350601196289,85.0,85.80000305175781,83.5,84.19999694824219,84479543
2023-12-06,79.75506591796875,85.44999694824219,86.5,84.8499984741211,85.5,74935960
2023-12-07,81.01509857177734,86.80000305175781,87.19999694824219,84.5,85.8499984741211,52407229
2023-12-08,80.7817611694336,86.55000305175781,88.0999984741211,84.5999984741211,87.1500015258789,64205639
2023-12-11,82.55512237548828,88.44999694824219,89.3499984741211,86.55000305175781,86.5999984741211,58983764
2023-12-12,82.27511596679688,88.1500015258789,89.8499984741211,87.75,89.0,50356234
2023-12-13,82.83512878417969,88.75,89.19999694824219,87.94999694824219,88.5999984741211,45083954
2023-12-14,83.90849304199219,89.9000015258789,90.69999694824219,89.25,89.75,46901038
2023-12-15,85.16851806640625,91.25,92.0,89.5999984741211,92.0,57382725
2023-12-18,85.26185607910156,91.3499984741211,92.19999694824219,90.4000015258789,91.19999694824219,35997452
2023-12-19,85.30852508544922,91.4000015258789,92.4000015258789,90.05000305175781,91.44999694824219,43084144
2023-12-20,81.061767578125,86.8499984741211,92.19999694824219,86.19999694824219,91.94999694824219,75353864
2023-12-21,83.86182403564453,89.8499984741211,90.1500015258789,84.75,86.05000305175781,58814452
2023-12-22,83.30181121826172,89.25,90.44999694824219,88.30000305175781,90.44999694824219,32589619
2023-12-26,82.60179138183594,88.5,90.25,88.25,90.0,35937581
2023-12-27,85.68186950683594,91.80000305175781,92.1500015258789,89.05000305175781,89.1500015258789,62043155
2023-12-28,89.1352767944336,95.5,97.69999694824219,92.80000305175781,92.80000305175781,178967353
2023-12-29,89.36860656738281,95.75,96.55000305175781,94.80000305175781,96.4000015258789,65556029
2024-01-01,91.281982421875,97.80000305175781,99.25,95.75,96.25,55329198
2024-01-02,90.5353012084961,97.0,98.9000015258789,96.0999984741211,97.80000305175781,50741670
2024-01-03,90.0219497680664,96.44999694824219,97.94999694824219,94.80000305175781,96.0,73009456
2024-01-04,90.90863800048828,97.4000015258789,97.8499984741211,96.44999694824219,96.5,37426897
2024-01-05,90.76863861083984,97.25,97.9000015258789,95.6500015258789,97.9000015258789,42729858
2024-01-08,88.66858673095703,95.0,97.25,94.80000305175781,97.25,47101702
2024-01-09,88.6219253540039,94.94999694824219,96.75,94.5999984741211,96.0,33881561
2024-01-10,88.10858154296875,94.4000015258789,95.19999694824219,93.3499984741211,94.94999694824219,54772377
2024-01-11,88.48192596435547,94.80000305175781,95.94999694824219,94.19999694824219,95.19999694824219,28709414
2024-01-12,91.18864440917969,97.69999694824219,98.5999984741211,94.69999694824219,95.4000015258789,78525419
2024-01-15,91.65532684326172,98.19999694824219,99.5999984741211,97.80000305175781,98.3499984741211,46701350
2024-01-16,91.70198822021484,98.25,100.0999984741211,96.80000305175781,98.4000015258789,60660256
2024-01-17,90.72196960449219,97.19999694824219,99.94999694824219,96.4000015258789,97.05000305175781,98759165
2024-01-18,91.93533325195312,98.5,99.0,94.30000305175781,97.30000305175781,60733225
2024-01-19,95.38873291015625,102.19999694824219,102.5,98.9000015258789,99.4000015258789,104194911
2024-01-23,92.16867065429688,98.75,106.69999694824219,98.1500015258789,106.6500015258789,83723415
2024-01-24,95.38873291015625,102.19999694824219,102.6500015258789,97.80000305175781,99.1500015258789,65088374
2024-01-25,97.53545379638672,104.5,106.0,100.6500015258789,102.75,111791532
2024-01-29,100.33551025390625,107.5,109.5,105.44999694824219,107.5,108149443
2024-01-30,101.96888732910156,109.25,110.94999694824219,106.9000015258789,108.0,75911884
2024-01-31,106.77565002441406,114.4000015258789,114.94999694824219,109.05000305175781,109.5,113135172
2024-02-01,110.9290771484375,118.8499984741211,119.6500015258789,113.69999694824219,115.0,134380980
2024-02-02,117.04254913330078,125.4000015258789,128.25,120.0999984741211,121.69999694824219,167566465
2024-02-05,113.54246520996094,121.6500015258789,126.80000305175781,120.80000305175781,125.9000015258789,92993076
2024-02-06,113.77581024169922,121.9000015258789,122.8499984741211,119.0999984741211,122.4000015258789,53028325
2024-02-07,115.64250946044922,123.9000015258789,125.75,122.8499984741211,123.69999694824219,65831369
2024-02-08,116.01586151123047,124.30000305175781,127.25,123.05000305175781,125.6500015258789,83500656
2024-02-09,115.64250946044922,123.9000015258789,124.5999984741211,117.80000305175781,124.5,69128606
2024-02-12,110.36906433105469,118.25,125.55000305175781,117.0999984741211,124.8499984741211,65062679
2024-02-13,113.96247100830078,122.0999984741211,123.5,115.69999694824219,118.30000305175781,76885208
2024-02-14,114.75582122802734,122.94999694824219,124.5,119.5,120.9000015258789,57158902
2024-02-15,120.26262664794922,128.85000610351562,129.3000030517578,123.5999984741211,124.9000015258789,102510609
2024-02-16,121.47595977783203,130.14999389648438,132.60000610351562,129.3000030517578,129.64999389648438,111266944
2024-02-19,119.88926696777344,128.4499969482422,131.3000030517578,128.1999969482422,130.89999389648438,44582022
2024-02-20,120.86929321289062,129.5,130.5,128.1999969482422,129.0,32539004
2024-02-21,119.79593658447266,128.35000610351562,131.14999389648438,127.19999694824219,129.9499969482422,54001521
2024-02-22,120.4026107788086,129.0,129.3000030517578,125.6500015258789,128.9499969482422,41873541
2024-02-23,119.42259216308594,127.94999694824219,130.8000030517578,127.0,129.5,48191136
2024-02-26,116.5291976928711,124.8499984741211,128.25,124.30000305175781,127.9000015258789,41091685
2024-02-27,115.17583465576172,123.4000015258789,125.75,122.5999984741211,124.8499984741211,37510230
2024-02-28,112.70244598388672,120.75,125.44999694824219,120.1500015258789,124.0,52883269
2024-02-29,113.72913360595703,121.8499984741211,125.55000305175781,118.69999694824219,120.75,356428226
2024-03-01,116.5291976928711,124.8499984741211,125.0,121.0,123.05000305175781,52161604
2024-03-04,117.64922332763672,126.05000305175781,126.69999694824219,124.75,126.44999694824219,43386707
2024-03-05,121.05596160888672,129.6999969482422,130.0,125.5,125.8499984741211,60554186
2024-03-06,121.66265106201172,130.35000610351562,130.6999969482422,125.5999984741211,129.60000610351562,82989654
2024-03-07,121.19596099853516,129.85000610351562,131.64999389648438,129.5,130.5500030517578,38719979
2024-03-11,120.30927276611328,128.89999389648438,132.9499969482422,128.10000610351562,130.39999389648438,55291160
2024-03-12,117.5558853149414,125.94999694824219,130.10000610351562,124.8499984741211,128.8000030517578,43724417
2024-03-13,110.88240814208984,118.80000305175781,126.8499984741211,116.9000015258789,126.30000305175781,69647674
2024-03-14,112.60911560058594,120.6500015258789,122.30000305175781,116.30000305175781,117.0,54520717
2024-03-15,109.90238952636719,117.75,121.25,114.9000015258789,120.5999984741211,61465003
2024-03-18,112.00243377685547,120.0,120.5,117.25,117.94999694824219,31528977
2024-03-19,108.78236389160156,116.55000305175781,120.69999694824219,115.94999694824219,120.5,33325451
2024-03-20,108.87570190429688,116.6500015258789,118.30000305175781,114.1500015258789,117.25,43979002
2024-03-21,112.98246002197266,121.05000305175781,121.55000305175781,118.4000015258789,118.55000305175781,38099730
2024-03-22,114.56916046142578,122.75,123.30000305175781,120.0999984741211,121.0,35001868
2024-03-26,115.68917846679688,123.94999694824219,124.5999984741211,122.1500015258789,122.80000305175781,30860596
2024-03-27,114.56916046142578,122.75,125.1500015258789,122.19999694824219,124.0,42673023
2024-03-28,116.10919189453125,124.4000015258789,125.0999984741211,122.9000015258789,122.9000015258789,29453142
2024-04-01,117.22920989990234,125.5999984741211,126.0999984741211,124.9000015258789,125.44999694824219,24639923
2024-04-02,118.25589752197266,126.69999694824219,127.0,124.94999694824219,125.5,29181379
2024-04-03,126.14273834228516,135.14999389648438,136.6999969482422,125.5999984741211,126.69999694824219,100643107
2024-04-04,126.09608459472656,135.10000610351562,137.35000610351562,134.0,137.0500030517578,81127069
2024-04-05,127.44944763183594,136.5500030517578,137.5,134.3000030517578,135.10000610351562,44560290
2024-04-08,124.04269409179688,132.89999389648438,136.8000030517578,132.5,136.5,41839925
2024-04-09,123.66935729980469,132.5,134.75,131.25,133.5,25963967
2024-04-10,127.21609497070312,136.3000030517578,136.89999389648438,132.35000610351562,132.75,48720465
2024-04-12,125.86274719238281,134.85000610351562,138.3000030517578,134.60000610351562,135.60000610351562,40533614
2024-04-15,123.99602508544922,132.85000610351562,135.35000610351562,129.25,132.1999969482422,45918093
2024-04-16,119.98261260986328,128.5500030517578,132.5,128.1999969482422,132.39999389648438,45007324
2024-04-18,120.91596984863281,129.5500030517578,132.39999389648438,128.8000030517578,129.85000610351562,37211719
2024-04-19,119.70259857177734,128.25,129.35000610351562,125.25,128.0,35611955
2024-04-22,124.22937774658203,133.10000610351562,133.89999389648438,129.85000610351562,130.8000030517578,37568034
2024-04-23,123.99602508544922,132.85000610351562,135.0,132.5,135.0,28249840
2024-04-24,124.13602447509766,133.0,133.6999969482422,132.14999389648438,133.25,18644765
2024-04-25,126.8427505493164,135.89999389648438,137.0,132.5500030517578,132.9499969482422,59269785
2024-04-26,127.35609436035156,136.4499969482422,138.10000610351562,136.0,136.5500030517578,33021444
2024-04-29,128.102783203125,137.25,138.85000610351562,134.85000610351562,137.5,51158461
2024-04-30,131.6495361328125,141.0500030517578,142.89999389648438,136.39999389648438,137.89999389648438,95390289
2024-05-02,128.84945678710938,138.0500030517578,142.5,137.35000610351562,141.10000610351562,58420041
2024-05-03,126.74942016601562,135.8000030517578,139.3000030517578,134.25,139.14999389648438,61353686
2024-05-06,118.62924194335938,127.0999984741211,136.89999389648438,126.4000015258789,136.89999389648438,144404671
2024-05-07,114.1491470336914,122.30000305175781,127.94999694824219,120.75,127.9000015258789,86243645
2024-05-08,116.48252868652344,124.80000305175781,126.1500015258789,122.0999984741211,122.5,70886836
2024-05-09,114.00914764404297,122.1500015258789,126.6500015258789,120.69999694824219,125.94999694824219,82730547
2024-05-10,115.64250946044922,123.9000015258789,124.75,120.5,123.9000015258789,45163174
2024-05-13,114.89582061767578,123.0999984741211,124.0,119.0,123.9000015258789,41922266
2024-05-14,117.36921691894531,125.75,126.5999984741211,123.05000305175781,123.55000305175781,32083064
2024-05-15,116.01586151123047,124.30000305175781,127.75,124.0,126.75,47253149
2024-05-16,116.80921173095703,125.1500015258789,126.25,122.4000015258789,125.25,33690165
2024-05-17,116.76253509521484,125.0999984741211,125.94999694824219,124.5999984741211,125.30000305175781,20071553
2024-05-21,117.97589874267578,126.4000015258789,128.0,125.80000305175781,126.4000015258789,30284178
2024-05-22,117.46255493164062,125.8499984741211,127.0,123.5,127.0,30665828
2024-05-23,118.20923614501953,126.6500015258789,128.0,126.05000305175781,126.5,24483383
2024-05-24,118.02255249023438,126.44999694824219,127.3499984741211,125.30000305175781,126.6500015258789,23179947
2024-05-27,120.91596984863281,129.5500030517578,131.0,125.9000015258789,126.25,57820057
2024-05-28,119.65592956542969,128.1999969482422,131.5500030517578,126.8499984741211,130.10000610351562,44999618
2024-05-29,119.51593017578125,128.0500030517578,130.5500030517578,126.94999694824219,127.25,46255738
2024-05-30,118.9559097290039,127.44999694824219,130.0,127.0,128.0,26985052
2024-05-31,120.82261657714844,129.4499969482422,130.0,126.05000305175781,128.60000610351562,74303548
2024-06-03,127.86944580078125,137.0,138.60000610351562,132.64999389648438,135.0,95948403
2024-06-04,107.66233825683594,115.3499984741211,136.39999389648438,104.19999694824219,136.39999389648438,169672083
2024-06-05,113.72913360595703,121.8499984741211,122.5999984741211,110.44999694824219,119.0,104945370
2024-06-06,115.64250946044922,123.9000015258789,126.5,122.0,123.19999694824219,59619303
2024-06-07,116.76253509521484,125.0999984741211,125.5999984741211,123.05000305175781,124.0,28076164
2024-06-10,116.98653411865234,125.33999633789062,128.35000610351562,125.0,125.8499984741211,36182690
2024-06-11,117.73321533203125,126.13999938964844,127.31999969482422,125.4000015258789,126.19999694824219,22932643
2024-06-12,118.98391723632812,127.4800033569336,127.9800033569336,126.0,126.30000305175781,29332963
2024-06-13,118.13456726074219,126.56999969482422,128.8000030517578,125.80000305175781,128.3000030517578,23810879
2024-06-14,120.34661865234375,128.94000244140625,129.5500030517578,126.4000015258789,126.56999969482422,38637971
2024-06-18,120.05728149414062,128.6300048828125,129.89999389648438,128.3300018310547,129.0,20304777
2024-06-19,119.73992919921875,128.2899932861328,130.19000244140625,126.97000122070312,129.0,60954903
2024-06-20,119.92660522460938,128.49000549316406,129.85000610351562,127.80000305175781,128.3000030517578,22469105
2024-06-21,118.80279541015625,125.80000305175781,127.80000305175781,125.5,127.45999908447266,24071503
2024-06-24,118.11339569091797,125.06999969482422,126.68000030517578,122.9000015258789,125.69999694824219,29824639
2024-06-25,117.2256851196289,124.12999725341797,125.93000030517578,123.75,125.0999984741211,19684789
2024-06-26,117.4428939819336,124.36000061035156,126.0,123.0,124.12999725341797,36345676
2024-06-27,112.56989288330078,119.19999694824219,124.5,117.80999755859375,124.30000305175781,136068914
2024-06-28,116.4040756225586,123.26000213623047,124.98999786376953,120.1500015258789,120.1500015258789,121916127
2024-07-01,115.64857482910156,122.45999908447266,123.61000061035156,121.76000213623047,123.1500015258789,44039186
2024-07-02,113.92034912109375,120.62999725341797,123.12999725341797,119.9000015258789,122.5,41519074
2024-07-03,114.87417602539062,121.63999938964844,122.44999694824219,120.33999633789062,121.3499984741211,37154088
2024-07-04,114.77029418945312,121.52999877929688,122.37999725341797,120.48999786376953,122.19999694824219,20117728
2024-07-05,115.96966552734375,122.80000305175781,123.94999694824219,122.11000061035156,122.97000122070312,33669963
2024-07-08,114.60975646972656,121.36000061035156,123.38999938964844,121.12000274658203,122.6500015258789,23249946
2024-07-09,115.58245849609375,122.38999938964844,124.13999938964844,121.63999938964844,121.94999694824219,30994243
2024-07-10,112.58878326416016,119.22000122070312,122.94999694824219,118.54000091552734,122.80000305175781,48724410
2024-07-11,112.75877380371094,119.4000015258789,120.5999984741211,119.06999969482422,120.4000015258789,25511815
2024-07-12,111.19110107421875,117.73999786376953,119.80000305175781,117.5,119.80000305175781,26896471
2024-07-15,114.20367431640625,120.93000030517578,121.3499984741211,117.5,118.0999984741211,32712545
2024-07-16,113.19319152832031,119.86000061035156,122.1500015258789,119.19999694824219,121.41000366210938,29031539
2024-07-18,112.22991180419922,118.83999633789062,120.9000015258789,118.1500015258789,119.98999786376953,21826818
2024-07-19,110.02952575683594,116.51000213623047,119.79000091552734,116.19999694824219,119.3499984741211,32480581
2024-07-22,111.5877456665039,118.16000366210938,118.69000244140625,114.76000213623047,116.4000015258789,20931256
2024-07-23,111.20054626464844,117.75,118.94999694824219,112.5199966430664,118.4000015258789,28867094
2024-07-24,110.06729888916016,116.55000305175781,119.12999725341797,115.76000213623047,117.51000213623047,39917998
2024-07-25,111.17221069335938,117.72000122070312,117.94999694824219,115.33999633789062,116.05000305175781,22543073
2024-07-26,113.2781753540039,119.94999694824219,120.30000305175781,117.02999877929688,117.25,24356026
2024-07-29,119.93604278564453,127.0,128.8000030517578,123.54000091552734,124.86000061035156,144104708
2024-07-30,118.52892303466797,125.51000213623047,127.69999694824219,124.9000015258789,127.0,33365327
2024-07-31,117.0556869506836,123.94999694824219,126.0,122.7300033569336,126.0,47960947
2024-08-01,116.11131286621094,122.94999694824219,125.69999694824219,121.87999725341797,124.5,23162046
2024-08-02,113.57093811035156,120.26000213623047,121.6500015258789,119.55999755859375,121.0,29241484
2024-08-05,107.60247039794922,113.94000244140625,117.97000122070312,113.19999694824219,117.97000122070312,51711021
2024-08-06,107.47969818115234,113.80999755859375,117.80000305175781,113.48999786376953,116.0,27461434
2024-08-07,109.48178100585938,115.93000030517578,116.25,114.02999877929688,116.0,28249277
2024-08-08,107.67801666259766,114.0199966430664,116.30000305175781,113.80000305175781,116.25,27941633
2024-08-09,108.85848999023438,115.2699966430664,116.48999786376953,113.8499984741211,115.75,22149553
2024-08-12,108.22575378417969,114.5999984741211,115.88999938964844,113.80999755859375,114.94999694824219,15808638
2024-08-13,107.94244384765625,114.30000305175781,115.98999786376953,113.5999984741211,115.31999969482422,17938540
2024-08-14,107.25304412841797,113.56999969482422,115.0999984741211,112.5199966430664,114.55000305175781,20442740
2024-08-16,106.75252532958984,113.04000091552734,113.55000305175781,111.9000015258789,112.0,27059803
2024-08-19,108.80182647705078,115.20999908447266,115.87000274658203,113.8499984741211,114.33999633789062,16314063
2024-08-20,110.82279205322266,117.3499984741211,117.9000015258789,114.97000122070312,115.5,24197410
2024-08-21,109.93508911132812,116.41000366210938,117.75,115.2699966430664,117.38999938964844,31985161
2024-08-22,110.83223724365234,117.36000061035156,117.9800033569336,116.55000305175781,116.63999938964844,18399460
2024-08-23,109.80286407470703,116.2699966430664,117.9000015258789,116.11000061035156,117.68000030517578,10286090
2024-08-26,109.69898986816406,116.16000366210938,116.83999633789062,115.80999755859375,116.31999969482422,11190669
2024-08-27,109.5101089477539,115.95999908447266,116.6500015258789,115.69999694824219,116.25,9861808
2024-08-28,108.36741638183594,114.75,116.33999633789062,114.51000213623047,116.05000305175781,14645860
2024-08-29,109.1040267944336,115.52999877929688,115.88999938964844,114.5,114.75,14852490
2024-08-30,110.086181640625,116.56999969482422,117.55000305175781,115.83000183105469,115.83000183105469,26208535
2024-09-02,110.0389633178711,116.5199966430664,117.48999786376953,115.62000274658203,116.94000244140625,14419150
2024-09-03,109.16068267822266,115.58999633789062,117.19999694824219,115.30000305175781,116.58999633789062,10681101
2024-09-04,106.65808868408203,112.94000244140625,114.52999877929688,112.73999786376953,114.05000305175781,26202729
2024-09-05,107.0925064086914,113.4000015258789,113.87999725341797,112.1500015258789,113.66999816894531,18290375
2024-09-06,103.8816146850586,110.0,113.12999725341797,109.75,112.9000015258789,29092655
2024-09-09,103.53218841552734,109.62999725341797,110.19000244140625,107.19999694824219,109.4000015258789,27017545
2024-09-10,103.49441528320312,109.58999633789062,110.62999725341797,109.37000274658203,110.19000244140625,12498926
2024-09-11,101.48289489746094,107.45999908447266,110.48999786376953,106.8499984741211,109.72000122070312,22838612
2024-09-12,102.67281341552734,108.72000122070312,109.47000122070312,107.0,108.69999694824219,20816903
2024-09-13,104.92987823486328,111.11000061035156,112.5999984741211,108.81999969482422,109.5,28921320
2024-09-16,104.64656066894531,110.80999755859375,112.19999694824219,110.26000213623047,111.30000305175781,12834170
2024-09-17,102.02118682861328,108.02999877929688,110.9000015258789,107.81999969482422,110.80999755859375,18548760
2024-09-18,102.7011489868164,108.75,109.9800033569336,107.77999877929688,108.30000305175781,24775806
2024-09-19,101.28457641601562,107.25,110.1500015258789,105.5999984741211,109.8499984741211,21178477
2024-09-20,102.38005828857422,108.41000366210938,109.16000366210938,106.30999755859375,108.0,23196144
2024-09-23,105.30762481689453,111.51000213623047,111.9000015258789,108.51000213623047,108.58999633789062,35372759
2024-09-24,101.83231353759766,107.83000183105469,111.23999786376953,107.5999984741211,111.0,79101837
2024-09-25,99.20694732666016,105.05000305175781,107.4800033569336,103.62000274658203,107.4800033569336,71227249
2024-09-26,101.32235717773438,107.29000091552734,107.48999786376953,104.55999755859375,105.19999694824219,34719895
2024-09-27,103.14500427246094,109.22000122070312,109.5999984741211,107.29000091552734,107.80000305175781,40191522
2024-09-30,101.2468032836914,107.20999908447266,109.26000213623047,106.80999755859375,108.88999938964844,30911908
2024-10-01,99.35803985595703,105.20999908447266,106.16999816894531,103.86000061035156,104.0,120187762
2024-10-03,99.21638488769531,105.05999755859375,106.75,103.0,103.25,99417000
2024-10-04,99.96244812011719,105.8499984741211,107.4000015258789,104.1500015258789,104.19999694824219,79454589
2024-10-07,96.39269256591797,102.06999969482422,107.4000015258789,100.80000305175781,106.16000366210938,83307848
2024-10-08,96.78933715820312,102.48999786376953,103.30000305175781,101.1500015258789,102.06999969482422,28947367
2024-10-09,98.30978393554688,104.0999984741211,105.41999816894531,102.55999755859375,103.55000305175781,43366313
2024-10-10,97.9225845336914,103.69000244140625,105.3499984741211,103.12999725341797,104.8499984741211,18521599
2024-10-11,99.0747299194336,104.91000366210938,105.30999755859375,103.30000305175781,104.0,16201817
2024-10-14,99.1691665649414,105.01000213623047,105.69999694824219,104.76000213623047,105.0,15757325
2024-10-15,99.14083862304688,104.9800033569336,105.5199966430664,104.5,105.19999694824219,15017858
2024-10-16,99.20694732666016,105.05000305175781,105.33999633789062,104.4800033569336,104.66000366210938,14270009
2024-10-17,96.7610092163086,102.45999908447266,105.23999786376953,102.0199966430664,105.06999969482422,18076891
2024-10-18,97.52594757080078,103.2699966430664,104.12000274658203,102.41999816894531,102.75,18567809
2024-10-21,96.60045623779297,102.29000091552734,104.44999694824219,101.76000213623047,103.27999877929688,17438662
2024-10-22,89.6687240600586,94.94999694824219,103.12999725341797,94.4000015258789,102.29000091552734,51355704
2024-10-23,91.30249786376953,96.68000030517578,97.26000213623047,92.4000015258789,96.0,38207629
2024-10-24,93.25735473632812,98.75,100.5999984741211,96.12999725341797,96.18000030517578,55363485
2024-10-25,90.3958969116211,95.72000122070312,99.37000274658203,93.2300033569336,98.9000015258789,39756124
2024-10-28,93.15348052978516,98.63999938964844,101.94999694824219,95.9800033569336,96.25,70816541
2024-10-29,95.69385528564453,101.33000183105469,102.61000061035156,97.30000305175781,102.44000244140625,94263912
2024-10-30,94.40005493164062,99.95999908447266,101.9000015258789,99.80000305175781,101.4000015258789,47768641
2024-10-31,92.45464324951172,97.9000015258789,100.44000244140625,96.5999984741211,100.0,93367752
2024-11-01,95.36332702636719,100.9800033569336,101.16999816894531,98.61000061035156,98.69000244140625,23647421
2024-11-04,97.88481140136719,103.6500015258789,103.9800033569336,99.1500015258789,100.79000091552734,132269383
2024-11-05,98.88585662841797,104.70999908447266,105.16999816894531,102.31999969482422,103.7300033569336,79179075
2024-11-06,101.02959442138672,106.9800033569336,107.25,105.20999908447266,105.76000213623047,59984748
2024-11-07,100.77460479736328,106.70999908447266,107.9000015258789,106.04000091552734,106.38999938964844,42209575
2024-11-08,98.9614028930664,104.79000091552734,106.94999694824219,104.12000274658203,106.94999694824219,31981183
2024-11-11,99.29193115234375,105.13999938964844,106.0999984741211,103.25,103.61000061035156,29852507
2024-11-12,97.96036529541016,103.7300033569336,106.33999633789062,103.3499984741211,105.5,26013763
2024-11-13,94.96668243408203,100.55999755859375,103.80000305175781,100.0,103.30000305175781,38963115
2024-11-14,93.9561996459961,99.48999786376953,102.4800033569336,99.30000305175781,101.0999984741211,25816807
2024-11-18,94.93834686279297,100.52999877929688,102.27999877929688,97.93000030517578,100.69999694824219,32300511
2024-11-19,95.24999237060547,100.86000061035156,103.72000122070312,100.44999694824219,101.1500015258789,25456236
2024-11-21,91.0097427368164,96.37000274658203,100.30999755859375,94.80999755859375,100.05000305175781,62222678
2024-11-22,94.2678451538086,99.81999969482422,100.25,97.05000305175781,97.0999984741211,38066845
2024-11-25,98.31922912597656,104.11000061035156,105.4800033569336,102.98999786376953,103.0999984741211,57404398
2024-11-26,99.26360321044922,105.11000061035156,105.44999694824219,104.11000061035156,104.47000122070312,22370887
2024-11-27,98.57421112060547,104.37999725341797,105.44999694824219,103.8499984741211,105.0999984741211,25139229
2024-11-28,100.37797546386719,106.29000091552734,107.25,104.30999755859375,104.9000015258789,30202813
2024-11-29,99.0652847290039,104.9000015258789,107.13999938964844,103.68000030517578,106.8499984741211,30163680
2024-12-02,99.15972137451172,105.0,105.44999694824219,104.06999969482422,104.73999786376953,14773753
2024-12-03,101.96453094482422,107.97000122070312,108.30000305175781,105.30999755859375,105.45999908447266,38169064
2024-12-04,103.89105987548828,110.01000213623047,110.5,107.81999969482422,108.75,48997721
2024-12-05,103.01278686523438,109.08000183105469,110.5999984741211,108.30000305175781,110.56999969482422,20568682
2024-12-06,103.9760513305664,110.0999984741211,111.12999725341797,107.18000030517578,109.69999694824219,51861042
2024-12-09,102.72003173828125,108.7699966430664,110.5,108.51000213623047,110.0999984741211,28843979
2024-12-10,104.32547760009766,110.47000122070312,111.04000091552734,108.61000061035156,109.0,28453790
2024-12-11,102.54059600830078,108.58000183105469,110.91999816894531,108.4000015258789,110.88999938964844,23295859
2024-12-12,101.82286834716797,107.81999969482422,109.12000274658203,107.2300033569336,109.0,18431604
2024-12-13,101.73787689208984,107.7300033569336,108.1500015258789,104.16000366210938,107.0,32663054
2024-12-16,102.162841796875,108.18000030517578,108.9000015258789,107.6500015258789,108.0,12188756
2024-12-17,100.09465789794922,105.98999786376953,108.37999725341797,105.66000366210938,107.98999786376953,18985400
2024-12-18,97.29930114746094,103.02999877929688,105.95999908447266,102.72000122070312,105.61000061035156,23131600
2024-12-19,97.76203918457031,103.5199966430664,104.36000061035156,99.55999755859375,100.01000213623047,28868334
2024-12-20,95.16499328613281,100.7699966430664,103.9000015258789,100.5,103.05000305175781,31121919
2024-12-23,95.74107360839844,101.37999725341797,102.44000244140625,100.0,101.48999786376953,23843994
2024-12-24,95.98661041259766,101.63999938964844,102.20999908447266,100.7699966430664,101.41999816894531,15719911
2024-12-26,96.47769165039062,102.16000366210938,103.29000091552734,101.63999938964844,101.69999694824219,13150281
2024-12-27,95.79773712158203,101.44000244140625,103.19999694824219,101.19999694824219,102.25,12621977
2024-12-30,96.09993743896484,101.76000213623047,103.30000305175781,100.73999786376953,101.63999938964844,78383603
2024-12-31,97.06320190429688,102.77999877929688,103.04000091552734,101.0,101.0,17390282
2025-01-01,96.94988250732422,102.66000366210938,103.30000305175781,101.7699966430664,102.3499984741211,10563476
2025-01-02,99.61302185058594,105.4800033569336,105.91999816894531,101.44999694824219,102.66000366210938,30428278
2025-01-03,100.48185729980469,106.4000015258789,107.25,105.22000122070312,105.44999694824219,34674507
2025-01-06,96.08104705810547,101.73999786376953,106.37000274658203,101.27999877929688,106.37000274658203,44287969
2025-01-07,97.37484741210938,103.11000061035156,104.58999633789062,102.0,102.0,21097404
2025-01-08,96.29825592041016,101.97000122070312,103.45999908447266,101.06999969482422,103.23999786376953,23423194
2025-01-09,96.35491943359375,102.02999877929688,102.30000305175781,100.75,101.9000015258789,25169272
2025-01-10,93.15348052978516,98.63999938964844,101.87999725341797,98.31999969482422,101.7300033569336,32253243
2025-01-13,90.11257934570312,95.41999816894531,98.5,94.6500015258789,98.0,32108507
2025-01-14,92.93627166748047,98.41000366210938,99.18000030517578,95.44999694824219,95.44999694824219,26803252
2025-01-15,92.78517150878906,98.25,99.94000244140625,97.5,99.0,22113146
2025-01-16,94.64559936523438,100.22000122070312,101.9000015258789,99.33000183105469,99.5,22309415
2025-01-17,94.56060028076172,100.12999725341797,100.69999694824219,99.33000183105469,100.13999938964844,16236187
2025-01-20,95.38221740722656,101.0,102.75,99.44999694824219,100.80000305175781,28247505
2025-01-21,94.74002838134766,100.31999969482422,101.8499984741211,99.4800033569336,101.6500015258789,21920285
2025-01-22,92.73795318603516,98.19999694824219,100.79000091552734,96.25,100.31999969482422,34811690
2025-01-23,93.89954376220703,99.43000030517578,100.0,97.20999908447266,97.88999938964844,18589650
2025-01-24,92.1902084350586,97.62000274658203,99.79000091552734,96.51000213623047,99.25,26893329
2025-01-27,90.19757843017578,95.51000213623047,97.19999694824219,94.66000366210938,97.0,35584897
2025-01-28,94.23007202148438,99.77999877929688,100.1500015258789,95.75,97.5,41891053
2025-01-29,92.33186340332031,97.7699966430664,100.4000015258789,97.30000305175781,100.30000305175781,34295362
2025-01-30,91.15139770507812,96.5199966430664,98.54000091552734,96.0,98.27999877929688,31403759
2025-01-31,95.57108306884766,101.19999694824219,101.87000274658203,96.36000061035156,96.98999786376953,57911997
2025-02-01,93.82398986816406,99.3499984741211,101.98999786376953,97.86000061035156,101.98999786376953,29973719
2025-02-03,92.85128021240234,98.31999969482422,99.33999633789062,97.29000091552734,98.1500015258789,27155760
2025-02-04,93.5406723022461,99.05000305175781,100.7300033569336,98.70999908447266,99.3499984741211,21734744
2025-02-05,94.6833724975586,100.26000213623047,101.19999694824219,99.94999694824219,100.19999694824219,27382286
2025-02-06,94.17340850830078,99.72000122070312,101.01000213623047,99.4000015258789,100.80000305175781,22650204
2025-02-07,93.74842834472656,99.2699966430664,100.2699966430664,98.16999816894531,99.9000015258789,29397431
2025-02-10,92.84183502197266,98.30999755859375,99.83999633789062,97.8499984741211,99.25,17224807
2025-02-11,89.9237060546875,95.22000122070312,98.73999786376953,95.01000213623047,98.26000213623047,23377744
2025-02-12,90.34867095947266,95.66999816894531,96.30999755859375,91.9000015258789,95.4000015258789,28356228
2025-02-13,89.37596130371094,94.63999938964844,96.66000366210938,94.5,95.66999816894531,13174852
2025-02-14,87.11890411376953,92.25,95.48999786376953,91.01000213623047,95.3499984741211,21224323
2025-02-17,87.9971694946289,93.18000030517578,93.48999786376953,90.16000366210938,92.2300033569336,19598957
2025-02-18,86.75059509277344,91.86000061035156,93.44000244140625,91.30000305175781,93.0,12784429
2025-02-19,87.6949691772461,92.86000061035156,93.58999633789062,90.58999633789062,91.0,14782674
2025-02-20,90.32978820800781,95.6500015258789,96.08000183105469,92.0,92.6500015258789,21619032
2025-02-21,89.00765228271484,94.25,96.29000091552734,93.80999755859375,95.54000091552734,12976716
2025-02-24,88.76211547851562,93.98999786376953,94.63999938964844,92.77999877929688,93.5,12552679
2025-02-25,87.94050598144531,93.12000274658203,94.79000091552734,92.66000366210938,94.0,17127179
2025-02-27,86.84503173828125,91.95999908447266,93.8499984741211,91.5999984741211,93.5,27169438
2025-02-28,82.52922058105469,87.38999938964844,91.29000091552734,87.0,91.29000091552734,39944640
2025-03-03,82.43478393554688,87.29000091552734,88.69999694824219,85.48999786376953,87.80000305175781,29508306
2025-03-04,82.24591064453125,87.08999633789062,88.55000305175781,85.45999908447266,86.5,19363016
2025-03-05,84.74850463867188,89.73999786376953,90.12999725341797,87.0,87.0,26622932
2025-03-06,85.9289779663086,90.98999786376953,92.0,90.5,90.51000213623047,25378584
2025-03-07,86.09896850585938,91.16999816894531,91.76000213623047,90.5,90.91000366210938,16424249
2025-03-10,83.67192077636719,88.5999984741211,91.48999786376953,88.27999877929688,91.0,20754269
2025-03-11,83.26583099365234,88.16999816894531,88.88999938964844,86.75,87.80000305175781,11731107
2025-03-12,82.06647491455078,86.9000015258789,88.98999786376953,85.69999694824219,88.54000091552734,20128306
2025-03-13,82.34979248046875,87.19999694824219,87.8499984741211,86.33999633789062,87.44999694824219,14771127
2025-03-17,82.60477447509766,87.47000122070312,87.94999694824219,86.62000274658203,87.4000015258789,15182408
2025-03-18,82.60477447509766,87.47000122070312,87.47000122070312,87.47000122070312,87.47000122070312,0
2025-03-19,85.95731353759766,91.0199966430664,91.33000183105469,89.0999984741211,89.5,20155513
2025-03-20,86.22174072265625,91.30000305175781,92.83000183105469,90.91000366210938,91.66000366210938,16000840
2025-03-21,87.95939636230469,93.13999938964844,93.43000030517578,91.0,91.30000305175781,22838586
2025-03-24,90.59420776367188,95.93000030517578,96.29000091552734,93.6500015258789,94.19999694824219,25103209
2025-03-25,88.59213256835938,93.80999755859375,96.5999984741211,93.51000213623047,96.5,20148506
2025-03-26,87.6949691772461,92.86000061035156,94.73999786376953,92.69000244140625,93.86000061035156,19904559
2025-03-27,91.04752349853516,96.41000366210938,96.76000213623047,91.91999816894531,92.69000244140625,62010832
2025-03-28,90.7830810546875,96.12999725341797,97.9800033569336,95.5,96.41000366210938,21712434
2025-04-01,90.88697052001953,96.23999786376953,97.19999694824219,94.95999908447266,95.0,13402932
2025-04-02,91.92578125,97.33999633789062,97.5999984741211,94.7699966430664,96.69999694824219,14393929
2025-04-03,93.49345397949219,99.0,99.9000015258789,96.36000061035156,96.55000305175781,25310675
2025-04-04,91.23638916015625,96.61000061035156,99.33999633789062,96.02999877929688,99.08999633789062,21189363
2025-04-07,89.64038848876953,94.91999816894531,95.29000091552734,90.08000183105469,90.9800033569336,28484870
2025-04-08,91.51970672607422,96.91000366210938,97.56999969482422,94.95999908447266,96.5,22062343
2025-04-09,90.43367004394531,95.76000213623047,97.06999969482422,94.55000305175781,96.69999694824219,17823534
2025-04-11,90.73587036132812,96.08000183105469,97.4000015258789,95.9000015258789,97.4000015258789,11396866
2025-04-15,91.21749877929688,96.58999633789062,98.4000015258789,96.18000030517578,98.4000015258789,23242204
2025-04-16,93.3329086303711,98.83000183105469,99.0999984741211,96.41000366210938,96.9000015258789,29347045
2025-04-17,93.96564483642578,99.5,100.0999984741211,98.44999694824219,98.77999877929688,24865290
2025-04-21,96.60990142822266,102.30000305175781,102.88999938964844,99.91000366210938,100.0999984741211,28222350
2025-04-22,97.62982940673828,103.37999725341797,104.75,102.66000366210938,102.8499984741211,31806010
2025-04-23,97.28041076660156,103.01000213623047,104.44000244140625,101.41999816894531,104.19999694824219,34299231
2025-04-24,96.98765563964844,102.69999694824219,103.91999816894531,102.44999694824219,102.9000015258789,25468633
2025-04-25,93.76731872558594,99.29000091552734,103.38999938964844,98.52999877929688,103.38999938964844,31662135
2025-04-28,96.48712921142578,102.16999816894531,102.94999694824219,99.2300033569336,99.29000091552734,24194152
2025-04-29,96.92154693603516,102.62999725341797,104.94999694824219,102.19999694824219,103.30999755859375,22707240
2025-04-30,94.63614654541016,100.20999908447266,102.33000183105469,99.55000305175781,102.33000183105469,14741011
2025-05-02,93.96564483642578,99.5,101.66000366210938,99.0999984741211,100.20999908447266,13300520
2025-05-05,93.87120819091797,99.4000015258789,100.56999969482422,99.19999694824219,99.4000015258789,11864456
2025-05-06,89.21541595458984,94.47000122070312,100.22000122070312,94.01000213623047,99.97000122070312,27001134
2025-05-07,89.00765228271484,94.25,96.88999938964844,92.80999755859375,94.19999694824219,89567019
2025-05-08,86.27840423583984,91.36000061035156,95.80000305175781,90.9000015258789,95.5,65955601
2025-05-09,86.85447692871094,91.97000122070312,92.3499984741211,89.44999694824219,90.0,35798578
2025-05-12,90.45255279541016,95.77999877929688,95.94999694824219,94.55000305175781,95.5,31855906
2025-05-13,92.24687194824219,97.68000030517578,98.30999755859375,95.4000015258789,95.77999877929688,26387953
2025-05-14,92.43575286865234,97.87999725341797,98.44999694824219,97.19999694824219,98.3499984741211,17627909
2025-05-15,92.85128021240234,98.31999969482422,98.47000122070312,97.75,98.3499984741211,14979089
2025-05-16,93.40846252441406,98.91000366210938,99.55000305175781,98.55000305175781,98.69999694824219,15230863
2025-05-19,95.29722595214844,100.91000366210938,102.9000015258789,99.0,99.05000305175781,39689793
2025-05-20,94.90057373046875,100.48999786376953,102.25,100.19999694824219,101.9000015258789,30343187
2025-05-21,96.2321548461914,101.9000015258789,102.12999725341797,100.01000213623047,100.5199966430664,19338345
2025-05-22,94.7872543334961,100.37000274658203,102.2300033569336,99.27999877929688,101.79000091552734,18817135
2025-05-23,94.79669189453125,100.37999725341797,100.86000061035156,99.55000305175781,100.77999877929688,14814597
2025-05-26,95.34443664550781,100.95999908447266,101.48999786376953,100.19999694824219,101.0,13008222
2025-05-27,96.34547424316406,102.0199966430664,102.66000366210938,100.11000061035156,101.19999694824219,21239984
2025-05-28,96.60045623779297,102.29000091552734,102.5999984741211,101.70999908447266,102.30000305175781,13261838
2025-05-29,96.61933898925781,102.30999755859375,103.19000244140625,101.51000213623047,102.80000305175781,20854888
2025-05-30,99.93411254882812,105.81999969482422,106.25,101.0999984741211,102.70999908447266,60718136
2025-06-02,102.4272689819336,108.45999908447266,109.19999694824219,106.0,106.5,57785074
2025-06-03,103.35276794433594,109.44000244140625,109.98999786376953,108.0,109.19999694824219,48035394
2025-06-04,103.44720458984375,109.54000091552734,111.25,108.6500015258789,109.51000213623047,46696794
2025-06-05,102.95612335205078,109.0199966430664,110.30000305175781,108.5,110.12000274658203,19273632
2025-06-06,104.05160522460938,110.18000030517578,111.80000305175781,108.30000305175781,109.38999938964844,50759755
2025-06-09,105.95924377441406,112.19999694824219,112.88999938964844,110.76000213623047,111.20999908447266,30600259
2025-06-10,105.55316162109375,111.7699966430664,112.75,111.19999694824219,112.75,22892516
2025-06-11,104.16493225097656,110.30000305175781,111.87999725341797,109.72000122070312,111.7699966430664,23164768
2025-06-12,102.0117416381836,108.0199966430664,110.8499984741211,107.5999984741211,110.5,26281617
2025-06-13,100.68016815185547,106.61000061035156,107.4000015258789,105.19999694824219,105.19999694824219,16086387
2025-06-16,100.85015869140625,106.79000091552734,107.0,104.80999755859375,106.5,19801768
2025-06-17,99.99077606201172,105.87999725341797,108.41999816894531,105.69999694824219,107.25,16226787
2025-06-18,99.61302185058594,105.4800033569336,106.48999786376953,105.0,105.87999725341797,15465092
2025-06-19,97.25208282470703,102.9800033569336,105.87999725341797,102.55000305175781,105.08000183105469,22033703
2025-06-20,100.1284408569336,103.04000091552734,104.1500015258789,100.5199966430664,101.0,27593358
2025-06-23,100.97386169433594,103.91000366210938,104.30000305175781,102.08999633789062,102.08999633789062,13950918
2025-06-24,102.24684143066406,105.22000122070312,106.62000274658203,105.0,105.08000183105469,16440497
2025-06-25,102.94649505615234,105.94000244140625,106.25,105.13999938964844,105.62000274658203,12173043
2025-06-26,103.24773406982422,106.25,106.54000091552734,104.9000015258789,106.0,15388837
2025-06-27,103.33518981933594,106.33999633789062,108.48999786376953,106.12999725341797,107.0,34112048
2025-06-30,107.37764739990234,110.5,110.6500015258789,106.69999694824219,107.06999969482422,46860515
2025-07-01,109.8750228881836,113.06999969482422,113.48999786376953,109.30999755859375,110.6500015258789,45219119
2025-07-02,110.63298797607422,113.8499984741211,114.16999816894531,112.4000015258789,113.0999984741211,33831963
2025-07-03,107.11528015136719,110.2300033569336,114.05999755859375,109.91000366210938,113.01000213623047,47921007
2025-07-04,107.71775817871094,110.8499984741211,111.0999984741211,109.86000061035156,110.4000015258789,14099494
2025-07-07,109.33085632324219,112.51000213623047,112.75,110.62999725341797,110.8499984741211,19932784
2025-07-08,108.84497833251953,112.01000213623047,112.8499984741211,111.37999725341797,112.38999938964844,15179741
2025-07-09,107.86351776123047,111.0,112.69999694824219,110.80000305175781,111.80000305175781,13299578
2025-07-10,106.65856170654297,109.76000213623047,111.5,109.25,111.30000305175781,9936541
2025-07-11,107.09584045410156,110.20999908447266,111.0999984741211,108.6500015258789,109.73999786376953,23104885
2025-07-14,107.5914306640625,110.72000122070312,112.44999694824219,110.1500015258789,110.41999816894531,17983635
2025-07-15,109.0684814453125,112.23999786376953,113.12999725341797,110.75,110.83000183105469,20906645
2025-07-16,111.72134399414062,114.97000122070312,115.70999908447266,111.86000061035156,112.37000274658203,38340707
2025-07-17,110.5746841430664,113.79000091552734,115.5999984741211,113.0999984741211,115.0999984741211,22239170
2025-07-18,110.14710998535156,113.3499984741211,114.80999755859375,113.0999984741211,113.98999786376953,15854726
2025-07-21,109.41830444335938,112.5999984741211,113.80000305175781,111.66999816894531,113.5,11198845
2025-07-22,106.24070739746094,109.33000183105469,113.0999984741211,109.12000274658203,113.0999984741211,17927369
2025-07-23,106.81403350830078,109.91999816894531,110.25,108.18000030517578,109.5999984741211,15531241
2025-07-24,107.54283905029297,110.66999816894531,111.05000305175781,108.25,110.33999633789062,18292039
2025-07-25,105.3467025756836,108.41000366210938,111.3499984741211,108.05000305175781,110.5999984741211,13476837
2025-07-28,103.77247619628906,106.79000091552734,109.37999725341797,106.52999877929688,108.36000061035156,13900856
2025-07-29,106.20183563232422,109.29000091552734,109.5,106.25,106.25,13189443
2025-07-30,105.04546356201172,108.0999984741211,111.1500015258789,107.61000061035156,109.55000305175781,49635403
2025-07-31,102.4023208618164,105.37999725341797,107.44000244140625,103.91999816894531,107.19999694824219,42679661
2025-08-01,100.26448822021484,103.18000030517578,105.37999725341797,103.0,105.30000305175781,15311997
2025-08-04,101.70266723632812,104.66000366210938,104.94999694824219,103.0,103.12000274658203,14966403
2025-08-05,100.73092651367188,103.66000366210938,105.13999938964844,103.31999969482422,104.9000015258789,12126864
2025-08-06,100.8961181640625,103.83000183105469,104.80000305175781,102.8499984741211,103.80000305175781,15512043
2025-08-07,101.73181915283203,104.69000244140625,104.94000244140625,102.58999633789062,103.5,13506257
2025-08-08,101.01272583007812,103.94999694824219,104.87999725341797,103.5,104.69000244140625,8369676
2025-08-11,103.529541015625,106.54000091552734,106.75,103.83999633789062,103.98999786376953,18974904
2025-08-12,103.63643646240234,106.6500015258789,107.25,106.06999969482422,106.86000061035156,12072884
2025-08-13,103.62671661376953,106.63999938964844,107.37999725341797,106.16000366210938,107.0,8965266
2025-08-14,103.27688598632812,106.27999877929688,107.1500015258789,105.87999725341797,106.6500015258789,6165564
2025-08-18,103.75303649902344,106.7699966430664,107.56999969482422,106.58999633789062,107.0,9504227
2025-08-19,104.85111236572266,107.9000015258789,108.05999755859375,106.29000091552734,106.87000274658203,8566550
2025-08-20,104.08343505859375,107.11000061035156,108.05000305175781,107.0,107.5,8595474
2025-08-21,104.13202667236328,107.16000366210938,108.0,107.05000305175781,107.5,5887988
2025-08-22,102.31486511230469,105.29000091552734,107.69000244140625,105.11000061035156,107.0999984741211,9660703
2025-08-25,102.24684143066406,105.22000122070312,106.37999725341797,105.0999984741211,105.58999633789062,5672554
2025-08-26,99.8660659790039,102.7699966430664,105.38999938964844,102.48999786376953,105.18000030517578,15307243
2025-08-28,98.58336639404297,101.44999694824219,103.27999877929688,101.11000061035156,102.7699966430664,13540127
2025-08-29,98.02947235107422,100.87999725341797,102.41999816894531,100.5999984741211,101.01000213623047,15792366
2025-09-01,99.3996353149414,102.29000091552734,102.44999694824219,100.94999694824219,101.0,6263914
2025-09-02,99.95352935791016,102.86000061035156,103.94999694824219,101.91999816894531,102.51000213623047,7852890
2025-09-03,101.35283660888672,104.30000305175781,104.5,102.61000061035156,102.75,8068130
2025-09-04,100.4977035522461,103.41999816894531,105.19000244140625,103.18000030517578,104.80000305175781,6207983
2025-09-05,100.81837463378906,103.75,104.16000366210938,102.62000274658203,103.41999816894531,7493048
2025-09-08,101.265380859375,104.20999908447266,104.9000015258789,103.80000305175781,103.80000305175781,7612044
2025-09-09,101.33340454101562,104.27999877929688,104.77999877929688,103.80000305175781,104.29000091552734,5973767
2025-09-10,103.25745391845703,106.26000213623047,106.87999725341797,104.5999984741211,104.5999984741211,13116266
2025-09-11,104.71507263183594,107.76000213623047,108.69000244140625,106.25,106.5,15257427
2025-09-12,104.27777862548828,107.30999755859375,108.2300033569336,107.05000305175781,108.0,8049228
2025-09-15,105.44387817382812,108.51000213623047,109.20999908447266,107.30999755859375,107.30999755859375,10490843
2025-09-16,105.3758544921875,108.44000244140625,109.19999694824219,108.08999633789062,108.68000030517578,7126933
2025-09-17,108.80610656738281,111.97000122070312,112.16000366210938,108.05999755859375,108.5999984741211,33492032
2025-09-18,108.69921875,111.86000061035156,113.20999908447266,111.12999725341797,112.5,15714147
2025-09-19,110.0985336303711,113.30000305175781,114.30000305175781,111.86000061035156,112.5,27593935
2025-09-22,109.84587860107422,113.04000091552734,115.0,112.69999694824219,113.29000091552734,16831733
2025-09-23,110.224853515625,113.43000030517578,114.08999633789062,112.43000030517578,113.08999633789062,12673502
2025-09-24,107.87323760986328,111.01000213623047,114.48999786376953,110.61000061035156,114.19999694824219,16817280
2025-09-25,108.2522201538086,111.4000015258789,112.25,110.41999816894531,111.0199966430664,14583301
2025-09-26,104.74422454833984,107.79000091552734,111.33999633789062,107.30000305175781,111.11000061035156,18377053
2025-09-29,106.41561889648438,109.51000213623047,110.2300033569336,107.9000015258789,107.9000015258789,16244160
2025-09-30,109.64180755615234,112.83000183105469,113.69999694824219,109.8499984741211,110.04000091552734,37086442
2025-10-01,109.36972045898438,112.55000305175781,113.55999755859375,111.19999694824219,112.69999694824219,19565179
2025-10-03,111.13829803466797,114.37000274658203,114.8499984741211,112.44000244140625,112.6500015258789,23883726
2025-10-06,111.3034896850586,114.54000091552734,115.5999984741211,113.62999725341797,114.80000305175781,18071031
2025-10-07,110.94393920898438,114.16999816894531,115.0999984741211,113.75,114.54000091552734,11663822
2025-10-08,109.94304656982422,113.13999938964844,114.4800033569336,112.0199966430664,114.18000030517578,14787767
2025-10-09,111.07027435302734,114.30000305175781,114.80000305175781,113.05000305175781,113.13999938964844,12587389
2025-10-10,113.92719268798828,117.23999786376953,117.8499984741211,114.16000366210938,114.5,40846119
2025-10-13,113.6453857421875,116.94999694824219,117.5999984741211,116.0999984741211,116.87000274658203,11809783
2025-10-14,112.01285552978516,115.2699966430664,117.33999633789062,114.91000366210938,116.95999908447266,10882007
2025-10-15,113.11093139648438,116.4000015258789,117.16999816894531,115.4000015258789,115.5,10598247
2025-10-16,112.8291244506836,116.11000061035156,117.83999633789062,115.97000122070312,116.6500015258789,15188935
2025-10-17,110.48722076416016,113.69999694824219,116.7300033569336,112.75,116.1500015258789,16744153
2025-10-20,114.76289367675781,118.0999984741211,119.16000366210938,114.25,114.30000305175781,39131377
2025-10-21,114.34504699707031,117.66999816894531,118.9000015258789,117.30000305175781,118.25,4760898
2025-10-23,114.87950897216797,118.22000122070312,120.19999694824219,117.70999908447266,118.19999694824219,31320313
2025-10-24,113.63567352294922,116.94000244140625,118.69000244140625,116.2699966430664,118.22000122070312,13120416
2025-10-27,116.24966430664062,119.62999725341797,120.4000015258789,116.98999786376953,117.44999694824219,17707337
2025-10-28,117.707275390625,121.12999725341797,121.5,119.19999694824219,120.08000183105469,37123841
2025-10-29,117.6781234741211,121.0999984741211,122.3499984741211,120.69999694824219,120.9000015258789,18350031
2025-10-30,116.69666290283203,120.08999633789062,121.88999938964844,119.69999694824219,121.05000305175781,23108567
2025-10-31,119.41754913330078,122.88999938964844,124.05000305175781,120.08000183105469,120.4000015258789,37511394
2025-11-03,120.02973937988281,123.5199966430664,124.4800033569336,122.69000244140625,123.0999984741211,19502448
2025-11-04,119.76737213134766,123.25,123.79000091552734,122.22000122070312,123.1500015258789,14185419
2025-11-06,117.05621337890625,120.45999908447266,123.98999786376953,120.16000366210938,123.98999786376953,18897936
2025-11-07,118.92195892333984,122.37999725341797,122.9800033569336,118.86000061035156,120.4000015258789,16935021
2025-11-10,118.88308715820312,122.33999633789062,123.23999786376953,121.55999755859375,122.5,10675833
2025-11-11,118.57212829589844,122.0199966430664,122.62000274658203,120.06999969482422,122.36000061035156,13743470
2025-11-12,118.98997497558594,122.44999694824219,123.30000305175781,122.0,122.5,10330951
2025-11-13,117.64897155761719,121.06999969482422,123.5,120.80000305175781,122.61000061035156,10840343
2025-11-14,118.75675964355469,122.20999908447266,122.58000183105469,121.3499984741211,121.4000015258789,7534146
2025-11-17,119.5244369506836,123.0,124.8499984741211,122.30999755859375,122.69999694824219,18039214
2025-11-18,118.92195892333984,122.37999725341797,123.77999877929688,122.16999816894531,123.63999938964844,10071535
2025-11-19,121.52622985839844,125.05999755859375,125.44999694824219,121.6500015258789,122.75,22108922
2025-11-20,120.36013793945312,123.86000061035156,126.16000366210938,123.41000366210938,125.91999816894531,17701274
2025-11-21,118.91224670410156,122.37000274658203,123.83000183105469,121.98999786376953,123.26000213623047,12407897
2025-11-24,118.30976104736328,121.75,123.43000030517578,121.0999984741211,122.9000015258789,16932622
2025-11-25,119.57302856445312,123.05000305175781,123.44999694824219,121.37000274658203,121.69999694824219,11550766
2025-11-26,121.45820617675781,124.98999786376953,126.05999755859375,123.3499984741211,123.63999938964844,19458499
2025-11-27,121.39990234375,124.93000030517578,126.23999786376953,123.94999694824219,125.4000015258789,9718546
2025-11-28,120.9820556640625,124.5,125.30000305175781,124.11000061035156,125.30000305175781,9945691
2025-12-01,121.75945281982422,125.30000305175781,126.37999725341797,124.75,124.98999786376953,17513004
2025-12-02,121.80803680419922,125.3499984741211,127.80000305175781,124.7300033569336,125.30000305175781,26941925
2025-12-03,116.41486358642578,119.80000305175781,125.75,119.0,125.75,31754551
2025-12-04,116.1524887084961,119.52999877929688,120.77999877929688,118.79000091552734,119.80000305175781,14258192
2025-12-05,118.27088928222656,121.70999908447266,121.9000015258789,119.1500015258789,119.69000244140625,22667150
2025-12-08,112.72223663330078,116.0,121.68000030517578,115.25,121.6500015258789,24064367
2025-12-09,114.50052642822266,117.83000183105469,118.0999984741211,115.12999725341797,115.47000122070312,15676171
2025-12-10,113.8494644165039,117.16000366210938,119.19999694824219,116.5999984741211,118.23999786376953,12269041
2025-12-11,114.24787139892578,117.56999969482422,118.12000274658203,116.19999694824219,117.41999816894531,14403309
2025-12-12,114.48108673095703,117.80999755859375,118.13999938964844,116.83000183105469,117.86000061035156,9266231
2025-12-15,115.38481140136719,118.73999786376953,119.3499984741211,116.66000366210938,117.30000305175781,18895803
2025-12-16,113.72312927246094,117.02999877929688,118.88999938964844,116.63999938964844,118.48999786376953,11689949
2025-12-17,115.95814514160156,119.33000183105469,119.5999984741211,116.91999816894531,117.02999877929688,15220726
2025-12-18,115.54029083251953,118.9000015258789,119.7699966430664,117.72000122070312,119.05999755859375,9535544
2025-12-19,116.43429565429688,119.81999969482422,119.97000122070312,118.55000305175781,118.55000305175781,9725283
2025-12-22,117.88218688964844,121.30999755859375,121.83999633789062,120.19999694824219,120.44999694824219,19289471
2025-12-23,117.48377990722656,120.9000015258789,122.62999725341797,120.66000366210938,121.5,10383838
2025-12-24,117.51293182373047,120.93000030517578,121.55000305175781,120.70999908447266,121.0,10647989
2025-12-26,116.96875762939453,120.37000274658203,120.9800033569336,119.44999694824219,120.7699966430664,8339634
2025-12-29,117.13394927978516,120.54000091552734,120.9800033569336,116.5999984741211,116.5999984741211,25017997
2025-12-30,118.92195892333984,122.37999725341797,122.7699966430664,119.48999786376953,120.22000122070312,24856697
2025-12-31,120.08805084228516,123.58000183105469,125.3499984741211,121.54000091552734,122.30000305175781,19366405
2026-01-01,120.43788146972656,123.94000244140625,124.69999694824219,123.16000366210938,123.69999694824219,7729355
2026-01-02,121.80803680419922,125.3499984741211,125.80000305175781,123.80000305175781,123.94000244140625,13205239
2026-01-05,121.54566955566406,125.08000183105469,128.24000549316406,124.37999725341797,126.0,19053073
2026-01-06,121.92464447021484,125.47000122070312,126.08000183105469,124.55999755859375,124.94999694824219,10801122
2026-01-07,122.12870788574219,125.68000030517578,126.88999938964844,124.95999908447266,125.44999694824219,10185442
2026-01-08,119.33980560302734,122.80999755859375,125.83000183105469,122.36000061035156,125.80000305175781,11531254
2026-01-09,119.4272689819336,122.9000015258789,124.83999633789062,122.23999786376953,123.0,13021675
2026-01-12,119.67992401123047,123.16000366210938,123.48999786376953,121.11000061035156,122.9000015258789,14550075
2026-01-13,121.0014877319336,124.5199966430664,124.66000366210938,122.58000183105469,123.80000305175781,14480669
2026-01-14,125.04393768310547,128.67999267578125,129.0,124.5199966430664,124.55000305175781,34920863
2026-01-15,125.04393768310547,128.67999267578125,128.67999267578125,128.67999267578125,128.67999267578125,0
2026-01-16,128.61996459960938,132.36000061035156,132.7899932861328,128.64999389648438,128.67999267578125,34696416
2026-01-19,124.43174743652344,128.0500030517578,135.14999389648438,125.25,132.3000030517578,86346948
2026-01-20,122.2161636352539,125.7699966430664,130.35000610351562,125.0999984741211,127.9000015258789,46607190
2026-01-21,120.48646545410156,123.98999786376953,126.69000244140625,122.79000091552734,125.30000305175781,17178415
2026-01-22,121.62340545654297,125.16000366210938,126.52999877929688,124.5,124.73999786376953,13651752
2026-01-23,116.75497436523438,120.1500015258789,126.51000213623047,119.55000305175781,126.5,17868644
2026-01-27,119.47584533691406,122.94999694824219,123.48999786376953,120.0,121.2699966430664,16104995
2026-01-28,120.9820556640625,124.5,124.6500015258789,121.75,124.0,14507424
2026-01-29,121.71086120605469,125.25,126.23999786376953,124.33999633789062,124.80000305175781,32910164
2026-01-30,121.65255737304688,125.19000244140625,126.02999877929688,123.26000213623047,124.5,14202987
2026-02-02,118.57212829589844,122.0199966430664,122.45999908447266,118.1500015258789,121.0,15793749
2026-02-03,120.36013793945312,123.86000061035156,129.00999450683594,122.69999694824219,126.5,15962796
2026-02-04,120.15607452392578,123.6500015258789,124.38999938964844,122.6500015258789,123.8499984741211,10402322
2026-02-05,120.59335327148438,124.0999984741211,124.94999694824219,123.16999816894531,123.5,10883117
2026-02-06,119.37867736816406,122.8499984741211,124.43000030517578,121.25,123.9000015258789,14524956
2026-02-09,119.95201110839844,123.44000244140625,125.0999984741211,123.0199966430664,123.98999786376953,12646439
2026-02-10,119.48556518554688,122.95999908447266,124.0,122.56999969482422,124.0,12024413
2026-02-11,119.4369888305664,122.91000366210938,123.72000122070312,121.11000061035156,123.0999984741211,14591234
2026-02-12,117.54208374023438,120.95999908447266,122.91000366210938,120.5,122.8499984741211,15324439
2026-02-13,115.40425109863281,118.76000213623047,120.36000061035156,118.30000305175781,120.0999984741211,14737408
2026-02-16,117.16310119628906,120.56999969482422,120.94999694824219,117.55000305175781,118.0,12112770
2026-02-17,121.29301452636719,124.81999969482422,125.5999984741211,119.80999755859375,120.56999969482422,39934490
2026-02-18,124.54834747314453,128.1699981689453,128.74000549316406,124.83000183105469,125.0999984741211,37051990
2026-02-19,122.5368423461914,126.0999984741211,128.35000610351562,125.5199966430664,128.1199951171875,18850093
2026-02-20,125.92822265625,129.58999633789062,130.39999389648438,125.37000274658203,125.5999984741211,30257099
2026-02-23,126.58901977539062,130.27000427246094,132.72999572753906,130.0,130.39999389648438,27095411
2026-02-24,127.3275375366211,131.02999877929688,132.10000610351562,129.3000030517578,130.25,20878598
2026-02-25,126.85137939453125,130.5399932861328,131.66000366210938,129.50999450683594,131.14999389648438,11964857
2026-02-26,126.79307556152344,130.47999572753906,132.64999389648438,129.08999633789062,130.69000244140625,25782446
2026-02-27,125.782470703125,129.44000244140625,130.85000610351562,128.60000610351562,130.25,17761050
2026-03-02,122.4882583618164,126.05000305175781,128.6999969482422,124.44999694824219,125.05000305175781,22915402
2026-03-04,117.94049835205078,121.37000274658203,124.9000015258789,120.38999938964844,124.37000274658203,25000472
2026-03-05,118.74703979492188,122.19999694824219,123.08000183105469,120.19999694824219,121.5999984741211,14990776
2026-03-06,115.93870544433594,119.30999755859375,122.37000274658203,118.66000366210938,121.44999694824219,14358834
2026-03-09,111.81851196289062,115.06999969482422,116.25,111.70999908447266,116.25,25946907
2026-03-10,114.20899963378906,117.52999877929688,117.94999694824219,115.51000213623047,117.0,18305866
2026-03-11,112.5667495727539,115.83999633789062,118.44000244140625,115.5,117.94999694824219,14475388
2026-03-12,113.31500244140625,116.61000061035156,118.12999725341797,113.66000366210938,114.5,13515926
2026-03-13,108.54373168945312,111.69999694824219,116.2699966430664,111.5,116.0,18650285
2026-03-16,107.83436584472656,110.97000122070312,112.19999694824219,108.19999694824219,112.0,24727257
2026-03-17,108.83525848388672,112.0,112.44999694824219,109.9000015258789,111.5,15114617
2026-03-18,109.92361450195312,113.12000274658203,114.19999694824219,112.05999755859375,112.05999755859375,15704285
2026-03-19,106.39618682861328,109.48999786376953,111.0999984741211,108.55000305175781,110.5,14054714
2026-03-20,108.3785400390625,111.52999877929688,113.58999633789062,110.5,110.5,17182097
2026-03-23,102.56752014160156,105.55000305175781,110.69999694824219,105.19999694824219,110.5999984741211,24198613
2026-03-24,104.22920227050781,107.26000213623047,109.0,106.0,109.0,19696367
2026-03-25,106.95979309082031,110.06999969482422,110.8499984741211,108.30000305175781,108.5999984741211,20472368
2026-03-27,102.15937805175781,105.12999725341797,109.12000274658203,104.5999984741211,109.12000274658203,35661197
2026-03-30,97.71851348876953,100.55999755859375,103.72000122070312,100.11000061035156,103.31999969482422,26268614
2026-04-01,101.06131744384766,104.0,105.75,103.2300033569336,104.55000305175781,19568656
2026-04-02,101.52775573730469,104.4800033569336,104.97000122070312,99.79000091552734,102.0,23212183
2026-04-06,103.49066925048828,106.5,106.76000213623047,102.27999877929688,105.0,21348893
2026-04-07,101.62492370605469,104.58000183105469,105.79000091552734,103.5999984741211,105.0999984741211,21560842
2026-04-08,107.99956512451172,111.13999938964844,111.4000015258789,108.55000305175781,109.0,28565242
2026-04-09,106.49335479736328,109.58999633789062,111.93000030517578,109.05000305175781,110.94000244140625,21361314
2026-04-10,108.64091491699219,111.80000305175781,112.30000305175781,110.27999877929688,110.27999877929688,17478112
2026-04-13,107.60115051269531,110.7300033569336,111.05999755859375,107.81999969482422,109.0,18313227
2026-04-15,109.8847427368164,113.08000183105469,114.05000305175781,112.5,113.25,14100783
2026-04-16,110.35118103027344,113.55999755859375,114.80000305175781,113.0,114.0,18424149
2026-04-17,111.24518585205078,114.4800033569336,114.75,112.8499984741211,113.61000061035156,14471787
2026-04-20,110.52609252929688,113.73999786376953,115.0999984741211,113.33999633789062,114.9000015258789,16688164
2026-04-21,110.8856430053711,114.11000061035156,115.18000030517578,113.5999984741211,114.19999694824219,18163650
2026-04-22,111.42981719970703,114.66999816894531,115.5999984741211,113.3499984741211,113.9000015258789,18835055
2026-04-23,109.52519989013672,112.70999908447266,114.38999938964844,111.56999969482422,114.19999694824219,17507928
2026-04-24,109.89445495605469,113.08999633789062,113.44999694824219,111.5999984741211,112.70999908447266,11401908
2026-04-27,110.66213989257812,113.87999725341797,114.54000091552734,113.41999816894531,113.5,9479881
2026-04-28,108.24250030517578,111.38999938964844,113.0,111.20999908447266,112.5,20361676
2026-04-29,108.0384292602539,111.18000030517578,112.62000274658203,110.87000274658203,111.62000274658203,13295763
2026-04-30,106.26985931396484,109.36000061035156,110.80000305175781,108.11000061035156,110.80000305175781,16391067
2026-05-01,106.26985931396484,109.36000061035156,109.36000061035156,109.36000061035156,109.36000061035156,0
2026-05-04,105.60906982421875,108.68000030517578,111.68000030517578,108.12999725341797,109.5,16736881
2026-05-05,104.84139251708984,107.88999938964844,111.41000366210938,105.44999694824219,108.80000305175781,57260623
2026-05-06,107.06668853759766,110.18000030517578,111.73999786376953,107.88999938964844,110.41000366210938,44447197
2026-05-07,106.02692413330078,109.11000061035156,111.0,109.0,110.94999694824219,28046754
2026-05-08,104.20976257324219,107.23999786376953,108.9000015258789,106.62000274658203,108.9000015258789,26751702
2026-05-11,101.6637954711914,104.62000274658203,106.44999694824219,104.33000183105469,106.19999694824219,21447783
2026-05-12,99.87578582763672,102.77999877929688,104.97000122070312,102.55000305175781,104.0,14949440
2026-05-13,99.8660659790039,102.7699966430664,103.88999938964844,101.3499984741211,102.98999786376953,23167254
2026-05-14,101.6637954711914,104.62000274658203,104.9800033569336,102.30000305175781,103.30000305175781,16123300
2026-05-15,99.16641998291016,102.05000305175781,104.8499984741211,101.77999877929688,104.62000274658203,22149004
2026-05-18,96.67874908447266,99.48999786376953,101.0,98.5,101.0,62402244
2026-05-19,98.43760681152344,101.30000305175781,101.69000244140625,100.0199966430664,100.19000244140625,15626791
2026-05-20,99.33161163330078,102.22000122070312,102.44999694824219,99.66999816894531,100.38999938964844,20380676
2026-05-21,99.04008483886719,101.91999816894531,103.44999694824219,101.66000366210938,103.22000122070312,21569101
2026-05-22,99.7591781616211,102.66000366210938,102.9000015258789,101.94999694824219,102.2699966430664,13695251
2026-05-25,103.25745391845703,106.26000213623047,106.5,103.5,103.5999984741211,23250421
2026-05-26,102.91735076904297,105.91000366210938,107.19999694824219,105.44000244140625,106.12999725341797,26298361
2026-05-27,103.65586853027344,106.66999816894531,107.04000091552734,105.58000183105469,105.9000015258789,11620905
2026-05-28,103.65586853027344,106.66999816894531,106.66999816894531,106.66999816894531,106.66999816894531,0
2026-05-29,103.05339050292969,106.05000305175781,108.47000122070312,105.56999969482422,106.75,32063993
2026-06-01,100.84752655029297,103.77999877929688,107.12999725341797,103.5199966430664,106.5,19255610
2026-06-02,101.14876556396484,104.08999633789062,104.52999877929688,102.66999816894531,103.1500015258789,17365945
2026-06-03,102.81045532226562,105.80000305175781,106.11000061035156,102.9000015258789,104.01000213623047,15562385
2026-06-04,102.68412017822266,105.66999816894531,106.2699966430664,104.16999816894531,105.0,12866999
2026-06-05,103.83078002929688,106.8499984741211,108.80000305175781,106.0199966430664,106.19999694824219,24442790
2026-06-08,102.72299194335938,105.70999908447266,107.13999938964844,105.0,105.54000091552734,13314436
2026-06-09,106.55166625976562,109.6500015258789,109.9800033569336,106.0,106.0,38219915
2026-06-10,104.14173889160156,107.16999816894531,110.5,106.93000030517578,110.0,27530407
2026-06-11,103.16999816894531,106.16999816894531,106.83999633789062,105.12000274658203,106.0999984741211,27004122
2026-06-12,106.87999725341797,106.87999725341797,107.5199966430664,104.37000274658203,106.0,29965493
2026-06-15,107.95999908447266,107.95999908447266,109.4800033569336,107.69000244140625,108.05000305175781,18982668
2026-06-16,107.97000122070312,107.97000122070312,108.69000244140625,106.9000015258789,108.08999633789062,11865685
2026-06-17,108.87000274658203,108.87000274658203,109.19999694824219,107.43000030517578,108.30000305175781,22022581
2026-06-18,109.58000183105469,109.58000183105469,110.19999694824219,108.81999969482422,109.1500015258789,17436034
2026-06-19,108.7699966430664,108.7699966430664,109.4800033569336,108.30000305175781,109.0,13771644
2026-06-22,109.80000305175781,109.80000305175781,109.94000244140625,108.62000274658203,108.9000015258789,13513267
2026-06-23,107.43000030517578,107.43000030517578,109.86000061035156,107.11000061035156,109.80000305175781,15817094
2026-06-24,107.70999908447266,107.70999908447266,108.2300033569336,106.54000091552734,107.5,11005634
2026-06-25,107.87000274658203,107.87000274658203,109.0,107.54000091552734,108.5999984741211,17863177
2026-06-26,107.87000274658203,107.87000274658203,107.87000274658203,107.87000274658203,107.87000274658203,0
2026-06-29,106.95999908447266,106.95999908447266,108.25,106.11000061035156,107.55000305175781,13574053
2026-06-30,106.69000244140625,106.69000244140625,107.69000244140625,106.2300033569336,107.05999755859375,11179354
2026-07-01,107.54000091552734,107.54000091552734,108.18000030517578,106.26000213623047,107.1500015258789,20515763
2026-07-02,106.91000366210938,106.91000366210938,108.30000305175781,106.12999725341797,108.26000213623047,13244182
2026-07-03,105.3499984741211,105.3499984741211,107.01000213623047,104.11000061035156,107.0,27733618
2026-07-06,104.29000091552734,104.29000091552734,105.63999938964844,104.1500015258789,105.30000305175781,12228191
2026-07-07,103.79000091552734,103.79000091552734,104.75,103.13999938964844,104.75,17632716
2026-07-08,100.94999694824219,100.94999694824219,103.25,100.44999694824219,103.25,29044983
2026-07-09,103.44000244140625,103.44000244140625,103.69999694824219,100.80000305175781,101.19999694824219,13282752
2026-07-10,105.41000366210938,105.41000366210938,107.55000305175781,103.70999908447266,104.0999984741211,27098775
2026-07-13,106.33999633789062,106.33999633789062,106.44999694824219,104.0,104.5999984741211,11968478
2026-07-14,105.0,105.0,106.30000305175781,104.5999984741211,106.0,9414016
2026-07-15,105.70999908447266,105.70999908447266,106.93000030517578,104.87999725341797,105.5,11898610
2026-07-16,105.22000122070312,105.22000122070312,106.08999633789062,104.9000015258789,106.08999633789062,11650044
2026-07-17,105.7699966430664,105.7699966430664,106.0999984741211,104.58999633789062,105.25,14161891
2026-07-20,111.76000213623047,111.76000213623047,111.94999694824219,107.4000015258789,108.26000213623047,118992976
2026-07-21,112.08000183105469,112.08000183105469,113.37999725341797,111.30999755859375,111.69999694824219,28685665
2026-07-22,110.7300033569336,110.7300033569336,112.81999969482422,110.3499984741211,112.08000183105469,20951785
2026-07-23,110.2300033569336,110.2300033569336,111.0,109.55000305175781,110.0,7657829
