Date,Adj Close,Close,High,Low,Open,Volume
2021-07-23,246.4960174560547,253.8000030517578,255.75,247.4499969482422,252.0500030517578,6722384
2021-07-26,247.17587280273438,254.5,257.5,251.10000610351562,254.0,3834309
2021-07-27,249.21546936035156,256.6000061035156,263.45001220703125,252.10000610351562,254.89999389648438,5575258
2021-07-28,247.2244415283203,254.5500030517578,257.45001220703125,245.75,257.45001220703125,3726046
2021-07-29,257.81072998046875,265.45001220703125,269.5,255.1999969482422,255.1999969482422,7272103
2021-07-30,254.2172393798828,261.75,268.5,257.70001220703125,266.5,3228704
2021-08-02,248.04995727539062,255.39999389648438,272.75,251.14999389648438,268.5,6429616
2021-08-03,237.8035888671875,244.85000610351562,259.70001220703125,242.0,258.0,4107908
2021-08-04,246.44744873046875,253.75,255.5,243.5,245.0,5572546
2021-08-05,242.17410278320312,249.35000610351562,255.6999969482422,245.89999389648438,255.0,3027468
2021-08-06,241.44566345214844,248.60000610351562,252.5,247.0,247.0,1886559
2021-08-09,235.71543884277344,242.6999969482422,250.75,241.0,249.9499969482422,2106606
2021-08-10,219.01043701171875,225.5,243.4499969482422,221.25,241.39999389648438,4933852
2021-08-11,227.02304077148438,233.75,235.25,216.0,225.0,5764682
2021-08-12,228.52842712402344,235.3000030517578,237.75,229.4499969482422,234.0,3009944
2021-08-13,224.6920928955078,231.35000610351562,236.75,230.0,234.89999389648438,1804861
2021-08-16,218.8647918701172,225.35000610351562,231.1999969482422,223.8000030517578,230.9499969482422,1458972
2021-08-17,214.3485870361328,220.6999969482422,230.75,218.60000610351562,222.39999389648438,2648756
2021-08-18,208.3270263671875,214.5,223.85000610351562,212.6999969482422,221.85000610351562,2546991
2021-08-20,200.7029266357422,206.64999389648438,217.8000030517578,206.0,212.3000030517578,2804284
2021-08-23,189.48532104492188,195.10000610351562,211.0,191.60000610351562,209.5500030517578,4594932
2021-08-24,204.2478790283203,210.3000030517578,212.5,194.6999969482422,195.0,5072533
2021-08-25,205.413330078125,211.5,217.0,209.35000610351562,211.0,3329507
2021-08-26,205.02487182617188,211.10000610351562,215.0,206.6999969482422,211.10000610351562,2152069
2021-08-27,204.83062744140625,210.89999389648438,214.8000030517578,209.5500030517578,211.5,1590005
2021-08-30,211.67771911621094,217.9499969482422,219.89999389648438,212.0,212.0,2824845
2021-08-31,219.15611267089844,225.64999389648438,227.5,217.8000030517578,218.8000030517578,4411724
2021-09-01,214.49427795410156,220.85000610351562,228.3000030517578,218.35000610351562,226.0,2436935
2021-09-02,216.04823303222656,222.4499969482422,227.10000610351562,220.25,220.85000610351562,2345094
2021-09-03,215.5140380859375,221.89999389648438,226.0,219.5500030517578,223.60000610351562,2117413
2021-09-06,228.67408752441406,235.4499969482422,237.1999969482422,218.75,221.85000610351562,8023478
2021-09-07,225.08058166503906,231.75,238.5,230.39999389648438,236.64999389648438,2791183
2021-09-08,222.6525115966797,229.25,235.89999389648438,228.0,232.0,1728648
2021-09-09,236.39527893066406,243.39999389648438,249.3000030517578,230.75,230.8000030517578,13648601
2021-09-13,236.541015625,243.5500030517578,249.89999389648438,239.10000610351562,244.0,4030128
2021-09-14,235.66690063476562,242.64999389648438,247.5500030517578,240.3000030517578,245.10000610351562,1843614
2021-09-15,234.01583862304688,240.9499969482422,248.39999389648438,239.6999969482422,243.4499969482422,1938570
2021-09-16,231.05357360839844,237.89999389648438,242.5,236.1999969482422,241.75,1818782
2021-09-17,230.85934448242188,237.6999969482422,242.0,227.64999389648438,240.0,3432245
2021-09-20,219.3503875732422,225.85000610351562,240.0,223.0,231.3000030517578,2294801
2021-09-21,216.58238220214844,223.0,225.9499969482422,217.0500030517578,223.0,2739103
2021-09-22,223.1381378173828,229.75,232.9499969482422,224.0,224.0,2291176
2021-09-23,221.3899383544922,227.9499969482422,234.10000610351562,227.10000610351562,232.0500030517578,1153375
2021-09-24,219.884521484375,226.39999389648438,234.0,223.64999389648438,229.25,1578803
2021-09-27,225.3719482421875,232.0500030517578,235.75,224.5500030517578,229.0,2892646
2021-09-28,227.9456787109375,234.6999969482422,241.89999389648438,230.3000030517578,233.1999969482422,3385311
2021-09-29,229.2568359375,236.0500030517578,240.0,232.4499969482422,233.6999969482422,1932387
2021-09-30,233.9672393798828,240.89999389648438,243.0,236.6999969482422,237.25,2561283
2021-10-01,236.39527893066406,243.39999389648438,248.5,240.89999389648438,242.0500030517578,4845886
2021-10-04,246.25320434570312,253.5500030517578,254.8000030517578,244.35000610351562,245.60000610351562,5936138
2021-10-05,245.76759338378906,253.0500030517578,259.5,251.9499969482422,254.0,3879610
2021-10-06,235.66690063476562,242.64999389648438,255.5500030517578,241.0,254.0,2735590
2021-10-07,234.01583862304688,240.9499969482422,247.8000030517578,239.10000610351562,244.89999389648438,1585160
2021-10-08,231.4906463623047,238.35000610351562,245.4499969482422,237.0500030517578,242.8000030517578,1742832
2021-10-11,232.850341796875,239.75,246.3000030517578,238.6999969482422,239.60000610351562,1494392
2021-10-12,234.98704528808594,241.9499969482422,244.89999389648438,238.0,240.60000610351562,1244099
2021-10-13,233.09315490722656,240.0,244.89999389648438,238.5,243.5,1246185
2021-10-14,232.80178833007812,239.6999969482422,244.0,238.60000610351562,241.75,1105456
2021-10-18,244.74781799316406,252.0,255.35000610351562,242.0,242.10000610351562,4867180
2021-10-19,236.1039581298828,243.10000610351562,254.39999389648438,242.0,253.64999389648438,3069411
2021-10-20,231.4906463623047,238.35000610351562,243.4499969482422,231.64999389648438,242.0,1954067
2021-10-21,222.70108032226562,229.3000030517578,241.60000610351562,227.85000610351562,241.0,2465799
2021-10-22,223.18670654296875,229.8000030517578,234.1999969482422,224.75,231.0,1735497
2021-10-25,215.7082977294922,222.10000610351562,231.85000610351562,220.75,231.0,1365556
2021-10-26,223.33236694335938,229.9499969482422,231.1999969482422,222.1999969482422,222.1999969482422,1170766
2021-10-27,231.05357360839844,237.89999389648438,239.39999389648438,229.0,231.0500030517578,2059271
2021-10-28,225.66331481933594,232.35000610351562,239.5,229.5,239.5,1221306
2021-10-29,221.05001831054688,227.60000610351562,235.35000610351562,225.10000610351562,233.0,1257411
2021-11-01,214.20289611816406,220.5500030517578,236.6999969482422,219.25,228.5,2658883
2021-11-02,213.96009826660156,220.3000030517578,225.64999389648438,218.60000610351562,222.4499969482422,1224173
2021-11-03,208.86117553710938,215.0500030517578,225.10000610351562,214.10000610351562,221.60000610351562,1752479
2021-11-04,210.56082153320312,216.8000030517578,218.5,215.5,216.14999389648438,489133
2021-11-08,212.16334533691406,218.4499969482422,222.0,214.0,218.0,1658756
2021-11-09,215.31979370117188,221.6999969482422,223.8000030517578,218.64999389648438,219.0,1224013
2021-11-10,213.96009826660156,220.3000030517578,224.39999389648438,219.5500030517578,221.0,1591714
2021-11-11,212.10635375976562,217.39999389648438,221.8000030517578,216.5,220.1999969482422,848811
2021-11-12,205.13046264648438,210.25,219.60000610351562,208.4499969482422,218.0,1463821
2021-11-15,197.76429748535156,202.6999969482422,212.39999389648438,201.8000030517578,210.60000610351562,2310572
2021-11-16,197.81307983398438,202.75,206.0,201.89999389648438,203.64999389648438,1692113
2021-11-17,202.64254760742188,207.6999969482422,212.0,202.10000610351562,202.75,1930657
2021-11-18,197.95941162109375,202.89999389648438,209.6999969482422,202.0500030517578,208.6999969482422,1113732
2021-11-22,190.88597106933594,195.64999389648438,204.0,192.10000610351562,203.0,1669403
2021-11-23,202.93524169921875,208.0,209.25,194.60000610351562,195.39999389648438,1694189
2021-11-24,202.83767700195312,207.89999389648438,213.9499969482422,207.0,209.0500030517578,1580332
2021-11-25,205.81341552734375,210.9499969482422,213.0,205.64999389648438,208.6999969482422,1125560
2021-11-26,194.008056640625,198.85000610351562,209.60000610351562,197.64999389648438,208.8000030517578,1288478
2021-11-29,188.5931854248047,193.3000030517578,200.75,192.0,198.0,1542479
2021-11-30,193.4226531982422,198.25,201.5,194.0,194.0,1276276
2021-12-01,203.22793579101562,208.3000030517578,209.35000610351562,201.60000610351562,206.0,1905601
2021-12-02,207.81350708007812,213.0,214.89999389648438,208.35000610351562,208.4499969482422,2205009
2021-12-03,204.984130859375,210.10000610351562,214.0,209.1999969482422,213.89999389648438,920813
2021-12-06,205.86219787597656,211.0,219.35000610351562,209.39999389648438,210.10000610351562,2590488
2021-12-07,213.47225952148438,218.8000030517578,221.0,216.0,218.9499969482422,3109206
2021-12-08,215.86260986328125,221.25,223.60000610351562,218.5,220.0,1412464
2021-12-09,215.17965698242188,220.5500030517578,222.5,219.0,221.8000030517578,1068518
2021-12-10,214.8381805419922,220.1999969482422,222.0,219.0,220.39999389648438,1195572
2021-12-13,212.49661254882812,217.8000030517578,222.14999389648438,217.1999969482422,222.14999389648438,1060448
2021-12-14,212.49661254882812,217.8000030517578,218.5,216.14999389648438,217.6999969482422,969865
2021-12-15,212.05758666992188,217.35000610351562,218.35000610351562,216.5,217.9499969482422,705864
2021-12-16,212.10635375976562,217.39999389648438,218.4499969482422,213.5,217.9499969482422,924836
2021-12-17,208.98426818847656,214.1999969482422,217.64999389648438,211.60000610351562,216.5,1162690
2021-12-20,196.00811767578125,200.89999389648438,212.0,198.60000610351562,212.0,1300757
2021-12-21,195.8617706298828,200.75,204.39999389648438,199.5,203.9499969482422,1060224
2021-12-22,196.20326232910156,201.10000610351562,203.1999969482422,200.1999969482422,201.8000030517578,868061
2021-12-23,196.88619995117188,201.8000030517578,205.64999389648438,201.0,202.9499969482422,1118483
2021-12-24,196.64230346679688,201.5500030517578,202.9499969482422,200.60000610351562,202.89999389648438,853168
2021-12-27,196.49595642089844,201.39999389648438,202.75,199.0,201.5,782994
2021-12-28,201.91079711914062,206.9499969482422,208.3000030517578,201.0,203.0,1851608
2021-12-29,225.37521362304688,231.0,233.8000030517578,208.5500030517578,208.5500030517578,17228183
2021-12-30,227.27772521972656,232.9499969482422,238.0,227.5500030517578,230.0,6939566
2021-12-31,233.96092224121094,239.8000030517578,244.8000030517578,230.0,230.9499969482422,6473107
2022-01-03,229.9607391357422,235.6999969482422,240.64999389648438,235.0500030517578,240.64999389648438,1957737
2022-01-04,237.0830078125,243.0,248.0,231.75,235.89999389648438,6059472
2022-01-05,234.54632568359375,240.39999389648438,244.89999389648438,238.1999969482422,243.9499969482422,1662064
2022-01-06,239.0343017578125,245.0,249.0,236.0,238.0,3736549
2022-01-07,238.8391876220703,244.8000030517578,249.6999969482422,240.5,246.39999389648438,3141190
2022-01-10,235.76588439941406,241.64999389648438,247.8000030517578,240.5500030517578,243.0500030517578,2007976
2022-01-11,231.9120635986328,237.6999969482422,243.75,236.0500030517578,241.39999389648438,2789423
2022-01-12,235.22926330566406,241.10000610351562,244.85000610351562,237.0,239.75,3398837
2022-01-13,247.22976684570312,253.39999389648438,254.85000610351562,240.1999969482422,242.0,8010959
2022-01-14,245.27847290039062,251.39999389648438,255.8000030517578,250.3000030517578,254.64999389648438,3937800
2022-01-17,242.35150146484375,248.39999389648438,253.25,237.8000030517578,250.39999389648438,6198816
2022-01-18,226.98501586914062,232.64999389648438,248.85000610351562,229.3000030517578,248.85000610351562,3719788
2022-01-19,223.765380859375,229.35000610351562,235.0,223.4499969482422,232.39999389648438,3425777
2022-01-20,227.18016052246094,232.85000610351562,235.85000610351562,229.39999389648438,230.39999389648438,1864211
2022-01-21,223.6190185546875,229.1999969482422,234.85000610351562,226.1999969482422,228.10000610351562,2181862
2022-01-24,210.00872802734375,215.25,230.6999969482422,212.0,229.14999389648438,2236486
2022-01-25,213.42349243164062,218.75,220.75,209.9499969482422,214.5,1658589
2022-01-27,209.81356811523438,215.0500030517578,216.4499969482422,209.85000610351562,215.75,1677595
2022-01-28,212.10635375976562,217.39999389648438,222.75,217.0,217.0,1456207
2022-01-31,209.81356811523438,215.0500030517578,221.5,213.5500030517578,219.3000030517578,1536145
2022-02-01,222.30189514160156,227.85000610351562,229.3000030517578,213.0,217.5,2990055
2022-02-02,221.71652221679688,227.25,232.3000030517578,226.39999389648438,229.60000610351562,2521454
2022-02-03,221.71652221679688,227.25,230.8000030517578,226.0500030517578,227.64999389648438,1189058
2022-02-04,222.4970245361328,228.0500030517578,233.6999969482422,225.5,228.39999389648438,3042638
2022-02-07,221.17990112304688,226.6999969482422,232.3000030517578,225.0500030517578,227.89999389648438,1393500
2022-02-08,220.6920928955078,226.1999969482422,230.8000030517578,216.10000610351562,227.4499969482422,2221002
2022-02-09,232.79014587402344,238.60000610351562,240.0,228.35000610351562,228.35000610351562,9868431
2022-02-10,233.22918701171875,239.0500030517578,241.6999969482422,237.14999389648438,239.8000030517578,2471301
2022-02-11,226.5459747314453,232.1999969482422,238.39999389648438,231.3000030517578,237.0,1917420
2022-02-14,211.08192443847656,216.35000610351562,229.5500030517578,213.0,226.9499969482422,2981883
2022-02-15,223.22877502441406,228.8000030517578,231.25,211.35000610351562,218.3000030517578,3053461
2022-02-16,224.64346313476562,230.25,236.0,226.14999389648438,230.0,2737684
2022-02-17,224.2044219970703,229.8000030517578,234.9499969482422,228.89999389648438,232.8000030517578,1475899
2022-02-18,222.4970245361328,228.0500030517578,233.5,226.8000030517578,229.1999969482422,1186732
2022-02-21,215.6186981201172,221.0,227.0,220.0,227.0,1517775
2022-02-22,203.95968627929688,209.0500030517578,214.64999389648438,202.35000610351562,212.5500030517578,4120099
2022-02-23,207.37445068359375,212.5500030517578,217.3000030517578,210.10000610351562,210.10000610351562,2260840
2022-02-24,178.05615234375,182.5,203.5,181.1999969482422,201.0,8327736
2022-02-25,194.34951782226562,199.1999969482422,204.35000610351562,190.0500030517578,193.0,6896755
2022-02-28,180.2513885498047,184.75,186.35000610351562,171.35000610351562,182.64999389648438,20153291
2022-03-02,178.6415557861328,183.10000610351562,193.64999389648438,179.14999389648438,180.60000610351562,5266277
2022-03-03,179.5196533203125,184.0,189.0,182.60000610351562,186.39999389648438,1898161
2022-03-04,169.71437072753906,173.9499969482422,182.9499969482422,171.0500030517578,182.5,3304187
2022-03-07,164.8361053466797,168.9499969482422,172.5500030517578,163.35000610351562,170.0,3190156
2022-03-08,165.71420288085938,169.85000610351562,173.0,164.5500030517578,168.6999969482422,2210889
2022-03-09,171.031494140625,175.3000030517578,177.39999389648438,170.4499969482422,170.75,2153117
2022-03-10,172.64129638671875,176.9499969482422,182.39999389648438,175.1999969482422,182.39999389648438,1916338
2022-03-11,176.44635009765625,180.85000610351562,182.5,175.10000610351562,175.5,1948964
2022-03-14,180.15380859375,184.64999389648438,186.1999969482422,177.3000030517578,180.6999969482422,2523737
2022-03-15,174.10476684570312,178.4499969482422,186.5,177.25,184.64999389648438,1858040
2022-03-16,178.78790283203125,183.25,184.0,179.3000030517578,180.1999969482422,1546042
2022-03-17,180.3489532470703,184.85000610351562,187.89999389648438,184.4499969482422,185.0,1285635
2022-03-21,179.22694396972656,183.6999969482422,186.9499969482422,182.89999389648438,185.4499969482422,1127275
2022-03-22,189.61761474609375,194.35000610351562,198.0,181.10000610351562,184.3000030517578,8135860
2022-03-23,187.32484436035156,192.0,197.8000030517578,190.5,195.0,2971044
2022-03-24,193.2275390625,198.0500030517578,200.39999389648438,190.0,191.64999389648438,3838797
2022-03-25,198.73995971679688,203.6999969482422,209.5,199.64999389648438,199.9499969482422,7992487
2022-03-28,195.6178741455078,200.5,205.85000610351562,198.0500030517578,204.64999389648438,2116126
2022-03-29,195.2276153564453,200.10000610351562,204.6999969482422,198.14999389648438,201.75,2093689
2022-03-30,192.00796508789062,196.8000030517578,203.9499969482422,196.25,202.0,1540530
2022-03-31,189.276123046875,194.0,198.6999969482422,193.0,197.8000030517578,1394138
2022-04-01,197.666748046875,202.60000610351562,203.64999389648438,193.1999969482422,193.9499969482422,2043842
2022-04-04,200.2034149169922,205.1999969482422,206.14999389648438,202.25,203.14999389648438,1685497
2022-04-05,199.86195373535156,204.85000610351562,208.8000030517578,204.35000610351562,206.35000610351562,1659311
2022-04-06,191.17864990234375,195.9499969482422,201.85000610351562,192.8000030517578,195.0,5329669
2022-04-07,187.76388549804688,192.4499969482422,199.0,188.1999969482422,195.9499969482422,2567226
2022-04-08,190.10545349121094,194.85000610351562,196.0,193.10000610351562,193.5,1682155
2022-04-11,187.0321502685547,191.6999969482422,197.0,191.3000030517578,194.75,1540375
2022-04-12,182.15390014648438,186.6999969482422,192.60000610351562,185.1999969482422,191.9499969482422,1760984
2022-04-13,181.12945556640625,185.64999389648438,189.6999969482422,185.0,187.64999389648438,1118965
2022-04-18,175.56826782226562,179.9499969482422,185.14999389648438,178.0,185.0,1616010
2022-04-19,177.3732147216797,181.8000030517578,186.89999389648438,180.0,180.4499969482422,1793959
2022-04-20,175.03164672851562,179.39999389648438,183.5500030517578,178.1999969482422,183.0,1114929
2022-04-21,178.49520874023438,182.9499969482422,184.3000030517578,180.89999389648438,181.3000030517578,1074520
2022-04-22,174.34869384765625,178.6999969482422,182.25,177.64999389648438,181.5,1388585
2022-04-25,164.98245239257812,169.10000610351562,177.0,168.35000610351562,177.0,2399941
2022-04-26,165.81175231933594,169.9499969482422,172.9499969482422,169.14999389648438,172.10000610351562,1191781
2022-04-27,164.98245239257812,169.10000610351562,170.9499969482422,165.64999389648438,168.0,1493977
2022-04-28,168.83627319335938,173.0500030517578,173.75,167.35000610351562,171.0,1537065
2022-04-29,167.32400512695312,171.5,176.4499969482422,170.60000610351562,174.0,1541890
2022-05-02,163.3238525390625,167.39999389648438,170.6999969482422,165.14999389648438,169.8000030517578,1188182
2022-05-04,171.42173767089844,175.6999969482422,178.75,167.5,167.5,6237157
2022-05-05,170.1046142578125,174.35000610351562,185.14999389648438,173.0,183.8000030517578,10597948
2022-05-06,165.76295471191406,169.89999389648438,173.35000610351562,167.14999389648438,172.0,2539888
2022-05-09,159.76271057128906,163.75,168.85000610351562,160.64999389648438,167.89999389648438,2048499
2022-05-10,154.1039581298828,157.9499969482422,167.0,155.64999389648438,164.5,1595791
2022-05-11,152.73805236816406,156.5500030517578,160.64999389648438,151.89999389648438,157.89999389648438,2078541
2022-05-12,143.0791015625,146.64999389648438,155.0,145.25,153.5500030517578,2291580
2022-05-13,144.4450225830078,148.0500030517578,154.25,147.0500030517578,150.0,1758562
2022-05-16,148.54273986816406,152.25,152.89999389648438,146.25,149.89999389648438,1176539
2022-05-17,160.0066375732422,164.0,164.6999969482422,152.5500030517578,153.64999389648438,2547521
2022-05-18,158.1529083251953,162.10000610351562,165.5,160.1999969482422,165.0,1408737
2022-05-19,151.713623046875,155.5,158.89999389648438,153.89999389648438,156.0,1162473
2022-05-20,158.54315185546875,162.5,165.9499969482422,156.10000610351562,158.5,2529234
2022-05-23,155.9576873779297,159.85000610351562,162.60000610351562,152.85000610351562,157.64999389648438,2036349
2022-05-24,151.95751953125,155.75,161.25,155.0500030517578,160.0,904517
2022-05-25,145.07919311523438,148.6999969482422,157.35000610351562,147.8000030517578,157.35000610351562,1283203
2022-05-26,145.7621307373047,149.39999389648438,150.4499969482422,142.25,150.4499969482422,1741557
2022-05-27,149.12814331054688,152.85000610351562,154.39999389648438,150.10000610351562,152.10000610351562,1059154
2022-05-30,158.9334259033203,162.89999389648438,164.85000610351562,153.1999969482422,153.1999969482422,3146163
2022-05-31,164.00680541992188,168.10000610351562,170.0,163.1999969482422,163.5,3470057
2022-06-01,162.15306091308594,166.1999969482422,169.4499969482422,164.14999389648438,168.10000610351562,981669
2022-06-02,163.17750549316406,167.25,168.64999389648438,163.60000610351562,165.8000030517578,1173320
2022-06-03,163.71409606933594,167.8000030517578,172.5,166.25,168.5,2210939
2022-06-06,170.73880004882812,175.0,176.39999389648438,164.14999389648438,167.0,5299057
2022-06-07,170.25094604492188,174.5,178.39999389648438,170.0500030517578,173.64999389648438,3109981
2022-06-08,170.2997283935547,174.5500030517578,177.8000030517578,173.1999969482422,174.5,1851763
2022-06-09,169.7631378173828,174.0,175.0,172.0,174.0,900002
2022-06-10,164.49464416503906,168.60000610351562,172.89999389648438,167.0500030517578,172.89999389648438,1480927
2022-06-13,156.98211669921875,160.89999389648438,165.9499969482422,159.60000610351562,164.8000030517578,1153375
2022-06-14,159.2261199951172,163.1999969482422,166.4499969482422,157.6999969482422,158.9499969482422,1458731
2022-06-15,158.1041259765625,162.0500030517578,165.8000030517578,161.25,164.0,1084801
2022-06-16,148.8842315673828,152.60000610351562,164.9499969482422,151.0,163.9499969482422,1483998
2022-06-17,147.1768341064453,150.85000610351562,155.3000030517578,150.0500030517578,151.60000610351562,1343914
2022-06-20,132.3469696044922,135.64999389648438,151.39999389648438,128.60000610351562,151.39999389648438,4478823
2022-06-21,136.93251037597656,140.35000610351562,143.8000030517578,135.0,137.0,4499117
2022-06-22,134.05433654785156,137.39999389648438,141.5,136.4499969482422,139.75,1501841
2022-06-23,136.00563049316406,139.39999389648438,140.0,134.8000030517578,138.60000610351562,1171110
2022-06-24,138.00572204589844,141.4499969482422,142.25,139.5,140.89999389648438,1364062
2022-06-27,142.88397216796875,146.4499969482422,153.0,142.75,145.0,4555197
2022-06-28,143.71328735351562,147.3000030517578,148.85000610351562,141.5,146.25,2500638
2022-06-29,145.6157989501953,149.25,150.3000030517578,144.0,146.0,2009572
2022-06-30,142.9327392578125,146.5,150.60000610351562,145.10000610351562,149.1999969482422,1793918
2022-07-01,145.2255401611328,148.85000610351562,149.5500030517578,144.10000610351562,145.5,946679
2022-07-04,146.83535766601562,150.5,151.5,148.0,148.0,973298
2022-07-05,148.44517517089844,152.14999389648438,156.0,151.0,151.64999389648438,2086359
2022-07-06,148.83544921875,152.5500030517578,153.0,148.75,152.0,789172
2022-07-07,153.1770782470703,157.0,158.5,152.0500030517578,153.6999969482422,1345784
2022-07-08,149.66473388671875,153.39999389648438,158.1999969482422,151.6999969482422,157.0,1672467
2022-07-11,148.44517517089844,152.14999389648438,154.9499969482422,148.10000610351562,151.8000030517578,3569087
2022-07-12,147.42074584960938,151.10000610351562,153.5,149.5500030517578,151.64999389648438,1236464
2022-07-13,145.71336364746094,149.35000610351562,152.39999389648438,148.64999389648438,151.85000610351562,868611
2022-07-14,141.42050170898438,144.9499969482422,150.3000030517578,143.39999389648438,149.8000030517578,1652126
2022-07-15,141.27415466308594,144.8000030517578,145.9499969482422,142.10000610351562,145.39999389648438,795271
2022-07-18,144.24989318847656,147.85000610351562,149.60000610351562,145.8000030517578,145.89999389648438,1513780
2022-07-19,148.54273986816406,152.25,154.39999389648438,145.10000610351562,147.9499969482422,3276990
2022-07-20,149.76229858398438,153.5,155.85000610351562,152.25,153.6999969482422,1631683
2022-07-21,151.17698669433594,154.9499969482422,155.64999389648438,152.5500030517578,153.5,931208
2022-07-22,157.6650848388672,161.60000610351562,164.6999969482422,154.8000030517578,155.89999389648438,6912753
2022-07-25,158.54315185546875,162.5,164.60000610351562,161.39999389648438,162.0500030517578,2943233
2022-07-26,155.76255798339844,159.64999389648438,163.9499969482422,158.39999389648438,162.5,1606452
2022-07-27,159.6163787841797,163.60000610351562,166.0,159.10000610351562,159.64999389648438,3182982
2022-07-28,163.27508544921875,167.35000610351562,168.0,161.75,163.89999389648438,2536961
2022-07-29,171.95835876464844,176.25,177.25,168.0500030517578,168.4499969482422,6472851
2022-08-01,186.690673828125,191.35000610351562,193.5,178.10000610351562,182.8000030517578,19357381
2022-08-02,187.22726440429688,191.89999389648438,194.89999389648438,189.0,190.8000030517578,5719286
2022-08-03,183.17832946777344,187.75,193.64999389648438,185.10000610351562,191.89999389648438,3304676
2022-08-04,185.17840576171875,189.8000030517578,192.64999389648438,185.5,188.89999389648438,2844268
2022-08-05,185.37353515625,190.0,195.39999389648438,188.25,190.75,3780215
2022-08-08,188.39805603027344,193.10000610351562,196.5,188.89999389648438,190.5,3920735
2022-08-10,192.54458618164062,197.35000610351562,198.5500030517578,191.1999969482422,194.0500030517578,3560356
2022-08-11,192.29942321777344,196.10000610351562,199.39999389648438,195.1999969482422,198.6999969482422,2256257
2022-08-12,192.691650390625,196.5,200.10000610351562,194.89999389648438,195.75,2031775
2022-08-16,191.6619873046875,195.4499969482422,197.35000610351562,193.25,196.9499969482422,1731038
2022-08-17,193.72129821777344,197.5500030517578,202.0,195.10000610351562,196.0,2685593
2022-08-18,193.96646118164062,197.8000030517578,200.35000610351562,195.14999389648438,197.0500030517578,1504887
2022-08-19,188.08274841308594,191.8000030517578,199.8000030517578,190.0,198.10000610351562,2379485
2022-08-22,188.32789611816406,192.0500030517578,195.89999389648438,188.39999389648438,190.8000030517578,2296124
2022-08-23,193.4271240234375,197.25,198.0,190.0,190.10000610351562,2136367
2022-08-24,195.78060913085938,199.64999389648438,201.89999389648438,196.6999969482422,197.0,2846555
2022-08-25,196.3199462890625,200.1999969482422,205.60000610351562,199.14999389648438,200.64999389648438,3792933
2022-08-26,194.94708251953125,198.8000030517578,204.0,197.89999389648438,201.9499969482422,1371410
2022-08-29,194.16258239746094,198.0,198.8000030517578,190.0500030517578,190.10000610351562,1200200
2022-08-30,196.1238250732422,200.0,202.75,199.0,199.0,998682
2022-09-01,192.9368133544922,196.75,201.6999969482422,195.3000030517578,200.0,1099166
2022-09-02,192.7897186279297,196.60000610351562,199.8000030517578,195.8000030517578,198.35000610351562,829844
2022-09-05,199.94822692871094,203.89999389648438,206.35000610351562,196.25,196.9499969482422,3636547
2022-09-06,198.67344665527344,202.60000610351562,206.10000610351562,200.64999389648438,205.89999389648438,1709128
2022-09-07,199.7521209716797,203.6999969482422,205.5,201.0500030517578,201.8000030517578,1317515
2022-09-08,197.30056762695312,201.1999969482422,206.0,200.64999389648438,206.0,1102542
2022-09-09,182.0519256591797,185.64999389648438,199.89999389648438,184.14999389648438,199.89999389648438,8293557
2022-09-12,181.7577667236328,185.35000610351562,188.0,184.0,185.4499969482422,2252810
2022-09-13,184.99378967285156,188.64999389648438,191.5500030517578,186.0500030517578,186.35000610351562,2556115
2022-09-14,182.88546752929688,186.5,188.5,184.14999389648438,186.0,1345270
2022-09-15,180.63003540039062,184.1999969482422,187.9499969482422,182.6999969482422,186.5,1569466
2022-09-16,173.91281127929688,177.35000610351562,185.75,172.85000610351562,184.0,2799202
2022-09-19,170.0393524169922,173.39999389648438,178.64999389648438,172.35000610351562,176.10000610351562,1413625
2022-09-20,177.6881866455078,181.1999969482422,186.39999389648438,174.0,174.0,4709791
2022-09-21,174.3050537109375,177.75,184.5,175.89999389648438,182.39999389648438,2475869
2022-09-22,174.99147033691406,178.4499969482422,180.5,173.5500030517578,178.25,1884272
2022-09-23,167.195556640625,170.5,179.6999969482422,169.1999969482422,179.35000610351562,2432393
2022-09-26,159.10545349121094,162.25,168.89999389648438,160.75,168.5,2448193
2022-09-27,157.73260498046875,160.85000610351562,164.39999389648438,159.14999389648438,163.5,1372642
2022-09-28,156.80099487304688,159.89999389648438,162.25,157.1999969482422,159.0,1042444
2022-09-29,155.33004760742188,158.39999389648438,163.8000030517578,157.25,162.0,1346186
2022-09-30,160.28219604492188,163.4499969482422,164.5,155.0,159.3000030517578,1568649
2022-10-03,158.71322631835938,161.85000610351562,165.5,160.4499969482422,163.4499969482422,1190018
2022-10-04,163.32211303710938,166.5500030517578,167.3000030517578,162.5,164.6999969482422,1364307
2022-10-06,166.36203002929688,169.64999389648438,173.0,166.5500030517578,166.5500030517578,1679603
2022-10-07,168.22520446777344,171.5500030517578,173.0,168.1999969482422,168.1999969482422,1338060
2022-10-10,169.15679931640625,172.5,176.10000610351562,167.60000610351562,169.89999389648438,1848358
2022-10-11,163.420166015625,166.64999389648438,173.4499969482422,165.0,172.89999389648438,1133694
2022-10-12,166.16592407226562,169.4499969482422,170.0,165.4499969482422,166.8000030517578,1124388
2022-10-13,163.27308654785156,166.5,173.1999969482422,164.60000610351562,170.39999389648438,1582827
2022-10-14,162.88082885742188,166.10000610351562,170.5,165.1999969482422,169.8000030517578,746933
2022-10-17,162.92987060546875,166.14999389648438,166.85000610351562,162.0,165.14999389648438,830693
2022-10-18,162.14537048339844,165.35000610351562,168.5,164.14999389648438,167.0,746746
2022-10-19,162.09634399414062,165.3000030517578,167.3000030517578,164.75,165.85000610351562,565937
2022-10-20,164.2537078857422,167.5,168.1999969482422,163.5500030517578,165.3000030517578,864448
2022-10-21,161.4589385986328,164.64999389648438,169.64999389648438,162.85000610351562,166.60000610351562,1455203
2022-10-24,161.94924926757812,165.14999389648438,166.5,164.5,165.85000610351562,224423
2022-10-25,160.9196014404297,164.10000610351562,166.75,162.4499969482422,165.0,1059622
2022-10-27,162.53762817382812,165.75,166.60000610351562,163.25,164.0,917585
2022-10-28,158.222900390625,161.35000610351562,166.60000610351562,161.0,166.60000610351562,1166346
2022-10-31,164.05758666992188,167.3000030517578,168.3000030517578,161.5500030517578,162.4499969482422,3093239
2022-11-01,164.44981384277344,167.6999969482422,169.35000610351562,166.4499969482422,168.1999969482422,1414609
2022-11-02,165.72462463378906,169.0,173.0,167.35000610351562,167.8000030517578,4231211
2022-11-03,167.24459838867188,170.5500030517578,173.1999969482422,168.0,169.0,3692923
2022-11-04,168.66648864746094,172.0,175.89999389648438,170.0,175.0,7398439
2022-11-07,173.0792694091797,176.5,177.25,171.60000610351562,172.0,3770641
2022-11-09,170.43161010742188,173.8000030517578,178.0,173.0,178.0,1670807
2022-11-10,168.17617797851562,171.5,175.60000610351562,170.0,172.85000610351562,1649866
2022-11-11,171.01995849609375,174.39999389648438,176.1999969482422,172.60000610351562,173.5,1815908
2022-11-14,175.87405395507812,179.35000610351562,180.4499969482422,173.89999389648438,175.0500030517578,2946433
2022-11-15,177.09982299804688,180.60000610351562,183.39999389648438,178.25,180.25,3069967
2022-11-16,171.11802673339844,174.5,181.8000030517578,173.89999389648438,180.9499969482422,2018294
2022-11-17,169.54904174804688,172.89999389648438,176.10000610351562,172.1999969482422,174.35000610351562,1078962
2022-11-18,163.6653289794922,166.89999389648438,173.6999969482422,166.25,173.64999389648438,2308422
2022-11-21,164.89109802246094,168.14999389648438,169.39999389648438,165.5500030517578,166.75,1121677
2022-11-22,169.05873107910156,172.39999389648438,172.75,168.0,168.9499969482422,1521919
2022-11-23,172.00057983398438,175.39999389648438,178.35000610351562,172.89999389648438,173.0,2528315
2022-11-24,172.09864807128906,175.5,176.8000030517578,174.0,176.25,904615
2022-11-25,175.08953857421875,178.5500030517578,179.89999389648438,175.6999969482422,175.6999969482422,1446079
2022-11-28,177.0017547607422,180.5,181.75,178.89999389648438,178.89999389648438,1313589
2022-11-29,175.33470153808594,178.8000030517578,183.5500030517578,178.25,180.0,1666914
2022-11-30,177.2959442138672,180.8000030517578,181.89999389648438,179.0,179.0,1171124
2022-12-01,182.6893310546875,186.3000030517578,189.39999389648438,181.1999969482422,181.8000030517578,4577244
2022-12-02,181.7577667236328,185.35000610351562,188.14999389648438,184.0500030517578,186.85000610351562,1265959
2022-12-05,183.5718994140625,187.1999969482422,190.89999389648438,185.10000610351562,186.0,2020195
2022-12-06,181.31646728515625,184.89999389648438,189.4499969482422,183.14999389648438,187.9499969482422,1624521
2022-12-07,180.23779296875,183.8000030517578,185.64999389648438,180.64999389648438,185.64999389648438,1385442
2022-12-08,180.1397247314453,183.6999969482422,184.8000030517578,181.0,184.0,902377
2022-12-09,175.82501220703125,179.3000030517578,184.9499969482422,177.0,184.5,1397514
2022-12-12,175.87405395507812,179.35000610351562,181.25,176.5,179.0,788132
2022-12-13,175.82501220703125,179.3000030517578,180.5,178.0,180.0,652575
2022-12-14,178.7178192138672,182.25,184.4499969482422,179.5500030517578,180.0,1221138
2022-12-15,176.51144409179688,180.0,184.3000030517578,178.5,182.8000030517578,935624
2022-12-16,174.05990600585938,177.5,181.5500030517578,176.0,179.89999389648438,1291703
2022-12-19,174.59922790527344,178.0500030517578,178.9499969482422,175.60000610351562,178.0,958091
2022-12-20,174.157958984375,177.60000610351562,180.75,173.75,178.60000610351562,1424186
2022-12-21,170.72579956054688,174.10000610351562,180.8000030517578,173.14999389648438,178.39999389648438,1628678
2022-12-22,165.28335571289062,168.5500030517578,176.89999389648438,167.1999969482422,174.0,1928740
2022-12-23,155.37908935546875,158.4499969482422,168.0,157.5500030517578,167.25,2634096
2022-12-26,159.54672241210938,162.6999969482422,163.89999389648438,155.6999969482422,159.25,2051479
2022-12-27,163.86146545410156,167.10000610351562,167.9499969482422,162.6999969482422,164.60000610351562,1775522
2022-12-28,164.98916625976562,168.25,169.14999389648438,165.60000610351562,167.0,933550
2022-12-29,166.31301879882812,169.60000610351562,169.9499969482422,165.1999969482422,167.5,699507
2022-12-30,167.3916778564453,170.6999969482422,174.25,169.6999969482422,170.0,1146613
2023-01-02,175.3837432861328,178.85000610351562,179.6999969482422,171.0500030517578,171.10000610351562,2562268
2023-01-03,176.3153076171875,179.8000030517578,181.6999969482422,177.39999389648438,179.75,1968938
2023-01-04,173.0792694091797,176.5,180.10000610351562,173.5,178.60000610351562,1965177
2023-01-05,173.9618377685547,177.39999389648438,179.3000030517578,174.0,174.0,2189343
2023-01-06,169.8922576904297,173.25,178.5500030517578,172.0500030517578,177.5,1316530
2023-01-09,171.7064208984375,175.10000610351562,176.5,173.25,175.0,869686
2023-01-10,173.52053833007812,176.9499969482422,179.6999969482422,174.14999389648438,176.1999969482422,1931718
2023-01-11,174.05990600585938,177.5,178.25,176.14999389648438,177.6999969482422,783911
2023-01-12,173.03024291992188,176.4499969482422,178.10000610351562,174.60000610351562,177.5,850077
2023-01-13,179.9926300048828,183.5500030517578,185.0,175.1999969482422,176.0,3710183
2023-01-16,176.168212890625,179.64999389648438,185.0,178.89999389648438,184.5,2131857
2023-01-17,174.1089324951172,177.5500030517578,179.5,175.0500030517578,179.0,1241061
2023-01-18,176.11920166015625,179.60000610351562,180.1999969482422,176.8000030517578,178.5,1187169
2023-01-19,174.3540802001953,177.8000030517578,179.6999969482422,177.1999969482422,178.5500030517578,920962
2023-01-20,170.57870483398438,173.9499969482422,178.89999389648438,173.1999969482422,178.60000610351562,1177171
2023-01-23,171.01995849609375,174.39999389648438,175.3000030517578,171.85000610351562,175.3000030517578,921583
2023-01-24,172.3437957763672,175.75,180.64999389648438,173.60000610351562,173.85000610351562,2723059
2023-01-25,166.2639923095703,169.5500030517578,175.5500030517578,168.75,174.60000610351562,1398345
2023-01-27,159.644775390625,162.8000030517578,171.14999389648438,160.10000610351562,170.5500030517578,1935533
2023-01-30,159.25253295898438,162.39999389648438,165.64999389648438,160.14999389648438,165.0,1048805
2023-01-31,165.47947692871094,168.75,169.4499969482422,162.5,163.75,1117481
2023-02-01,164.64593505859375,167.89999389648438,175.64999389648438,165.5,169.89999389648438,2802544
2023-02-02,164.74400329589844,168.0,170.9499969482422,164.8000030517578,166.0,970242
2023-02-03,165.03819274902344,168.3000030517578,169.85000610351562,164.75,168.10000610351562,741657
2023-02-06,166.21495056152344,169.5,170.39999389648438,167.64999389648438,167.75,621846
2023-02-07,164.302734375,167.5500030517578,169.6999969482422,166.0,169.0500030517578,603441
2023-02-08,167.783935546875,171.10000610351562,171.5,167.4499969482422,167.60000610351562,866264
2023-02-09,166.16592407226562,169.4499969482422,171.6999969482422,168.3000030517578,171.0,1467875
2023-02-10,168.12713623046875,171.4499969482422,172.6999969482422,168.0,168.0,876549
2023-02-13,165.38140869140625,168.64999389648438,172.3000030517578,167.0500030517578,171.4499969482422,798353
2023-02-14,162.92987060546875,166.14999389648438,169.5500030517578,165.0,168.5,663904
2023-02-15,164.54788208007812,167.8000030517578,170.64999389648438,165.1999969482422,165.1999969482422,483877
2023-02-16,166.31301879882812,169.60000610351562,171.5,167.6999969482422,168.0,1831460
2023-02-17,164.302734375,167.5500030517578,171.0,167.10000610351562,168.0,672931
2023-02-20,161.0666961669922,164.25,168.10000610351562,162.6999969482422,167.5500030517578,1656123
2023-02-21,159.69381713867188,162.85000610351562,165.25,162.39999389648438,164.3000030517578,896007
2023-02-22,156.31068420410156,159.39999389648438,163.0500030517578,158.64999389648438,162.5,1207740
2023-02-23,154.49655151367188,157.5500030517578,161.1999969482422,157.10000610351562,159.5,1019919
2023-02-24,151.84886169433594,154.85000610351562,159.35000610351562,154.3000030517578,158.1999969482422,1121111
2023-02-27,148.5637969970703,151.5,154.75,149.14999389648438,154.75,4539339
2023-02-28,150.57406616210938,153.5500030517578,156.89999389648438,150.35000610351562,153.10000610351562,5307242
2023-03-01,163.07696533203125,166.3000030517578,167.9499969482422,152.5,152.5,11520161
2023-03-02,161.0666961669922,164.25,169.60000610351562,163.64999389648438,164.9499969482422,3007384
2023-03-03,160.3312225341797,163.5,165.8000030517578,161.64999389648438,164.5,1577494
2023-03-06,161.0666961669922,164.25,165.5,162.1999969482422,162.1999969482422,1587959
2023-03-08,162.29246520996094,165.5,165.89999389648438,160.25,162.5500030517578,1051604
2023-03-09,161.3118438720703,164.5,167.3000030517578,163.75,164.5500030517578,738442
2023-03-10,159.5957489013672,162.75,164.8000030517578,161.25,162.0,754093
2023-03-13,154.447509765625,157.5,163.35000610351562,156.8000030517578,162.75,1244348
2023-03-14,155.18296813964844,158.25,161.0,154.8000030517578,158.0,2458544
2023-03-15,155.67327880859375,158.75,162.39999389648438,158.10000610351562,160.0,1541607
2023-03-16,154.5455780029297,157.60000610351562,159.5500030517578,154.75,158.6999969482422,1152254
2023-03-17,155.82037353515625,158.89999389648438,160.0,157.1999969482422,159.8000030517578,1173080
2023-03-20,151.79983520507812,154.8000030517578,159.75,152.5,157.89999389648438,1225135
2023-03-21,151.99595642089844,155.0,156.5,153.6999969482422,156.5,642030
2023-03-22,152.0449981689453,155.0500030517578,157.0,154.6999969482422,155.1999969482422,442046
2023-03-23,150.08375549316406,153.0500030517578,156.39999389648438,152.60000610351562,155.39999389648438,642759
2023-03-24,145.3767852783203,148.25,154.60000610351562,147.60000610351562,153.85000610351562,1323034
2023-03-27,143.12136840820312,145.9499969482422,149.64999389648438,144.10000610351562,149.64999389648438,2076687
2023-03-28,141.50332641601562,144.3000030517578,147.39999389648438,143.25,146.0500030517578,1341644
2023-03-29,144.44520568847656,147.3000030517578,147.89999389648438,143.5,144.0,1097264
2023-03-31,146.16128540039062,149.0500030517578,151.5,148.1999969482422,149.0,1423214
2023-04-03,149.88763427734375,152.85000610351562,153.35000610351562,149.8000030517578,150.5,945755
2023-04-05,149.74053955078125,152.6999969482422,153.64999389648438,150.25,152.85000610351562,973885
2023-04-06,150.18182373046875,153.14999389648438,154.25,151.8000030517578,152.60000610351562,552430
2023-04-10,151.70176696777344,154.6999969482422,155.35000610351562,153.14999389648438,154.25,656633
2023-04-11,152.63336181640625,155.64999389648438,156.0500030517578,154.39999389648438,154.64999389648438,593075
2023-04-12,153.46690368652344,156.5,157.85000610351562,155.35000610351562,156.10000610351562,680948
2023-04-13,154.64364624023438,157.6999969482422,158.35000610351562,155.5,157.5,1175820
2023-04-17,154.8887939453125,157.9499969482422,158.5,156.10000610351562,157.60000610351562,598194
2023-04-18,155.9674835205078,159.0500030517578,160.0,157.39999389648438,158.10000610351562,985043
2023-04-19,155.2320098876953,158.3000030517578,162.35000610351562,157.9499969482422,159.0,1421792
2023-04-20,153.56497192382812,156.60000610351562,158.9499969482422,156.25,158.89999389648438,583179
2023-04-21,151.01535034179688,154.0,157.25,153.0,156.60000610351562,743720
2023-04-24,153.56497192382812,156.60000610351562,157.0,153.5500030517578,154.39999389648438,811830
2023-04-25,155.33004760742188,158.39999389648438,159.0500030517578,155.89999389648438,156.85000610351562,835710
2023-04-26,154.8887939453125,157.9499969482422,159.39999389648438,157.0,158.9499969482422,618114
2023-04-27,154.9868621826172,158.0500030517578,158.8000030517578,157.14999389648438,157.85000610351562,766884
2023-04-28,159.25253295898438,162.39999389648438,162.8000030517578,158.5500030517578,158.5500030517578,2048449
2023-05-02,160.87057495117188,164.0500030517578,165.0,162.5,163.0,1027896
2023-05-03,159.15447998046875,162.3000030517578,164.25,161.0,163.14999389648438,676963
2023-05-04,159.69381713867188,162.85000610351562,164.6999969482422,161.64999389648438,162.0,1113304
2023-05-05,153.9571990966797,157.0,163.25,156.4499969482422,163.1999969482422,2193859
2023-05-08,152.2901611328125,155.3000030517578,158.39999389648438,153.35000610351562,158.0500030517578,2256162
2023-05-09,153.76107788085938,156.8000030517578,159.64999389648438,155.85000610351562,156.39999389648438,2121368
2023-05-10,146.8477020263672,149.75,154.8000030517578,148.0,153.3000030517578,9540424
2023-05-11,150.672119140625,153.64999389648438,156.9499969482422,149.25,151.0,4643745
2023-05-12,146.94580078125,149.85000610351562,154.3000030517578,149.35000610351562,154.0,1732283
2023-05-15,147.9754180908203,150.89999389648438,151.4499969482422,147.0500030517578,150.39999389648438,1553245
2023-05-16,147.38705444335938,150.3000030517578,153.4499969482422,150.0500030517578,151.8000030517578,1101037
2023-05-17,147.19094848632812,150.10000610351562,151.8000030517578,147.8000030517578,150.3000030517578,1192256
2023-05-18,145.3767852783203,148.25,152.0,147.89999389648438,150.6999969482422,1074261
2023-05-19,144.93251037597656,146.8000030517578,148.9499969482422,145.0,148.35000610351562,1795810
2023-05-22,147.4500732421875,149.35000610351562,149.60000610351562,144.64999389648438,146.5,1381198
2023-05-23,146.61087036132812,148.5,150.75,148.0500030517578,149.35000610351562,1061913
2023-05-24,145.4755096435547,147.35000610351562,149.10000610351562,146.8000030517578,148.4499969482422,805285
2023-05-25,145.5248565673828,147.39999389648438,148.0,145.9499969482422,147.5500030517578,1017759
2023-05-26,148.58543395996094,150.5,151.60000610351562,147.10000610351562,147.5,1269469
2023-05-29,151.15237426757812,153.10000610351562,153.39999389648438,149.9499969482422,150.60000610351562,1603155
2023-05-30,150.65872192382812,152.60000610351562,154.0,152.0,153.3000030517578,901127
2023-05-31,150.65872192382812,152.60000610351562,153.25,150.1999969482422,152.10000610351562,1916195
2023-06-01,150.16510009765625,152.10000610351562,153.9499969482422,151.6999969482422,153.0,805685
2023-06-02,153.17626953125,155.14999389648438,156.64999389648438,152.3000030517578,152.5,2794923
2023-06-05,158.60630798339844,160.64999389648438,161.75,156.60000610351562,156.75,4699334
2023-06-06,159.5442352294922,161.60000610351562,162.60000610351562,158.6999969482422,161.6999969482422,2217559
2023-06-07,159.05059814453125,161.10000610351562,163.5,160.75,162.89999389648438,1305596
2023-06-08,157.1747589111328,159.1999969482422,163.1999969482422,158.8000030517578,161.9499969482422,1465668
2023-06-09,156.08876037597656,158.10000610351562,161.8000030517578,157.10000610351562,159.75,1265039
2023-06-12,156.18746948242188,158.1999969482422,159.64999389648438,156.60000610351562,158.25,805323
2023-06-13,156.48365783691406,158.5,159.9499969482422,157.8000030517578,158.9499969482422,1031317
2023-06-14,164.43125915527344,166.5500030517578,168.0,157.0,158.5,7245851
2023-06-15,165.36917114257812,167.5,171.9499969482422,167.0,170.0,9467547
2023-06-16,169.9600067138672,172.14999389648438,174.75,167.1999969482422,168.4499969482422,9456484
2023-06-19,170.70046997070312,172.89999389648438,176.0,172.0,173.14999389648438,3905145
2023-06-20,169.5651092529297,171.75,173.8000030517578,170.64999389648438,172.0,2402845
2023-06-21,168.6765594482422,170.85000610351562,173.0,169.5,172.3000030517578,1650980
2023-06-22,162.9997100830078,165.10000610351562,171.9499969482422,163.4499969482422,171.14999389648438,2454198
2023-06-23,161.37069702148438,163.4499969482422,166.9499969482422,162.1999969482422,165.89999389648438,1757181
2023-06-26,167.98545837402344,170.14999389648438,170.8000030517578,161.64999389648438,164.3000030517578,3855822
2023-06-27,165.7640838623047,167.89999389648438,172.0,166.25,170.85000610351562,3676263
2023-06-28,160.03787231445312,162.10000610351562,168.6999969482422,161.10000610351562,168.60000610351562,7743490
2023-06-30,161.12387084960938,163.1999969482422,165.89999389648438,162.60000610351562,163.0,2044606
2023-07-03,161.8643341064453,163.9499969482422,165.3000030517578,163.5,163.89999389648438,1156853
2023-07-04,160.53150939941406,162.60000610351562,164.39999389648438,161.8000030517578,163.9499969482422,818006
2023-07-05,162.8516082763672,164.9499969482422,166.3000030517578,162.3000030517578,163.4499969482422,1708240
2023-07-06,163.9869842529297,166.10000610351562,167.39999389648438,164.5,165.60000610351562,1317512
2023-07-07,162.555419921875,164.64999389648438,167.3000030517578,163.5,166.6999969482422,954958
2023-07-10,161.37069702148438,163.4499969482422,165.39999389648438,162.39999389648438,164.5500030517578,824865
2023-07-11,164.33253479003906,166.4499969482422,166.9499969482422,163.10000610351562,163.5,1215557
2023-07-12,164.03634643554688,166.14999389648438,168.9499969482422,165.3000030517578,167.3000030517578,1743737
2023-07-13,162.06178283691406,164.14999389648438,167.0,163.0500030517578,166.39999389648438,871759
2023-07-14,162.70352172851562,164.8000030517578,166.0,163.8000030517578,165.0,1043080
2023-07-17,162.25924682617188,164.35000610351562,167.35000610351562,163.4499969482422,165.4499969482422,1547432
2023-07-18,161.12387084960938,163.1999969482422,165.14999389648438,162.0,164.89999389648438,956105
2023-07-19,165.5172576904297,167.64999389648438,168.10000610351562,163.6999969482422,163.85000610351562,2615299
2023-07-20,165.1223602294922,167.25,169.6999969482422,166.39999389648438,168.25,1279210
2023-07-21,162.90097045898438,165.0,167.1999969482422,164.6999969482422,167.1999969482422,924814
2023-07-24,161.76560974121094,163.85000610351562,165.89999389648438,163.5,165.5,707204
2023-07-25,164.6287078857422,166.75,167.75,164.0500030517578,164.75,1647677
2023-07-26,164.1844482421875,166.3000030517578,167.9499969482422,165.85000610351562,167.39999389648438,922973
2023-07-27,163.44398498535156,165.5500030517578,167.6999969482422,164.64999389648438,167.10000610351562,756680
2023-07-28,165.9615478515625,168.10000610351562,169.39999389648438,164.10000610351562,166.35000610351562,1421174
2023-07-31,168.23226928710938,170.39999389648438,171.5500030517578,168.10000610351562,168.9499969482422,2785832
2023-08-01,167.83737182617188,170.0,173.5500030517578,169.39999389648438,171.14999389648438,1816615
2023-08-02,161.17324829101562,163.25,170.0,162.60000610351562,170.0,2311048
2023-08-03,162.2098846435547,164.3000030517578,164.89999389648438,161.5,164.10000610351562,1390941
2023-08-04,164.1844482421875,166.3000030517578,166.9499969482422,164.0500030517578,164.9499969482422,1232888
2023-08-07,159.49485778808594,161.5500030517578,164.39999389648438,161.0,163.0,2185106
2023-08-08,154.16354370117188,156.14999389648438,162.10000610351562,155.60000610351562,161.89999389648438,2367976
2023-08-09,155.64447021484375,157.64999389648438,158.75,155.5,156.85000610351562,1140234
2023-08-10,155.59512329101562,157.60000610351562,159.75,157.1999969482422,158.1999969482422,886554
2023-08-11,158.26077270507812,160.3000030517578,161.89999389648438,157.35000610351562,158.0,1328463
2023-08-14,155.39764404296875,157.39999389648438,160.89999389648438,156.14999389648438,160.35000610351562,890913
2023-08-16,153.2256317138672,155.1999969482422,158.0500030517578,154.75,156.5,1008293
2023-08-17,153.12692260742188,155.10000610351562,156.8000030517578,154.25,155.5500030517578,593802
2023-08-18,152.386474609375,154.35000610351562,156.3000030517578,153.75,155.10000610351562,605929
2023-08-21,155.54576110839844,157.5500030517578,158.39999389648438,154.39999389648438,155.0,897656
2023-08-22,155.7432098388672,157.75,159.0500030517578,156.0,158.25,823093
2023-08-23,156.2862091064453,158.3000030517578,160.60000610351562,157.8000030517578,158.6999969482422,1014340
2023-08-24,154.8546600341797,156.85000610351562,159.60000610351562,156.5500030517578,159.5,604034
2023-08-25,155.2495574951172,157.25,157.9499969482422,155.5,156.3000030517578,493517
2023-08-28,155.00274658203125,157.0,158.4499969482422,156.10000610351562,157.60000610351562,527620
2023-08-29,158.35948181152344,160.39999389648438,161.5,156.64999389648438,157.6999969482422,2034148
2023-08-30,159.49485778808594,161.5500030517578,163.85000610351562,161.14999389648438,161.8000030517578,1910557
2023-08-31,160.33404541015625,162.39999389648438,163.14999389648438,160.9499969482422,162.3000030517578,1302244
2023-09-01,162.1111602783203,164.1999969482422,165.0,162.4499969482422,163.1999969482422,1528059
2023-09-04,169.12083435058594,171.3000030517578,172.85000610351562,164.6999969482422,165.0500030517578,8442023
2023-09-05,172.1320343017578,174.35000610351562,176.35000610351562,172.0,172.0,6608942
2023-09-06,171.49029541015625,173.6999969482422,178.9499969482422,172.0500030517578,175.5,3570628
2023-09-07,170.89793395996094,173.10000610351562,175.6999969482422,172.1999969482422,174.4499969482422,1495282
2023-09-08,178.10507202148438,180.39999389648438,183.35000610351562,172.89999389648438,173.9499969482422,13154198
2023-09-11,179.04298400878906,181.35000610351562,184.39999389648438,180.5,181.89999389648438,3739731
2023-09-12,166.0602569580078,168.1999969482422,182.75,167.3000030517578,182.75,4185698
2023-09-13,168.133544921875,170.3000030517578,171.8000030517578,166.10000610351562,167.1999969482422,1976128
2023-09-14,170.25619506835938,172.4499969482422,173.4499969482422,170.60000610351562,171.60000610351562,1324393
2023-09-15,172.87249755859375,175.10000610351562,176.35000610351562,172.10000610351562,174.4499969482422,2136399
2023-09-18,170.55239868164062,172.75,175.0,172.0,174.39999389648438,1027513
2023-09-20,168.72592163085938,170.89999389648438,174.14999389648438,170.0,171.75,1266838
2023-09-21,165.27044677734375,167.39999389648438,171.8000030517578,166.5,170.75,889868
2023-09-22,164.67808532714844,166.8000030517578,168.60000610351562,165.8000030517578,168.4499969482422,855305
2023-09-25,164.03634643554688,166.14999389648438,167.89999389648438,165.75,166.85000610351562,937486
2023-09-26,164.03634643554688,166.14999389648438,168.85000610351562,164.39999389648438,166.85000610351562,798571
2023-09-27,161.6668701171875,163.75,166.60000610351562,163.3000030517578,166.14999389648438,808151
2023-09-28,160.1859588623047,162.25,164.9499969482422,161.60000610351562,164.3000030517578,918231
2023-09-29,161.8643341064453,163.9499969482422,166.75,161.89999389648438,163.10000610351562,1075868
2023-10-03,161.27197265625,163.35000610351562,165.3000030517578,162.3000030517578,165.0500030517578,738226
2023-10-04,162.25924682617188,164.35000610351562,165.8000030517578,161.64999389648438,163.14999389648438,1434142
2023-10-05,161.27197265625,163.35000610351562,165.9499969482422,162.3000030517578,165.8000030517578,892509
2023-10-06,164.97425842285156,167.10000610351562,168.6999969482422,163.0500030517578,164.0500030517578,1570693
2023-10-09,161.6668701171875,163.75,167.0,162.85000610351562,164.4499969482422,1098083
2023-10-10,163.34524536132812,165.4499969482422,166.35000610351562,163.35000610351562,165.5,701064
2023-10-11,166.0602569580078,168.1999969482422,171.0,166.14999389648438,166.6999969482422,3236026
2023-10-12,166.8994598388672,169.0500030517578,171.25,167.5,169.5500030517578,2080394
2023-10-13,163.78952026367188,165.89999389648438,169.4499969482422,165.5,168.10000610351562,1320764
2023-10-16,167.7880096435547,169.9499969482422,172.0,164.0,167.5,2883270
2023-10-17,166.80072021484375,168.9499969482422,172.6999969482422,168.0500030517578,170.8000030517578,1545522
2023-10-18,162.65415954589844,164.75,169.8000030517578,164.14999389648438,169.8000030517578,1439487
2023-10-19,160.92642211914062,163.0,164.39999389648438,161.64999389648438,164.0,1157474
2023-10-20,159.00123596191406,161.0500030517578,164.3000030517578,160.5500030517578,162.8000030517578,858036
2023-10-23,151.8434600830078,153.8000030517578,162.0,152.10000610351562,161.1999969482422,1595856
2023-10-25,149.96762084960938,151.89999389648438,155.3000030517578,148.9499969482422,155.0,1357760
2023-10-26,147.7956085205078,149.6999969482422,151.0,147.0,149.3000030517578,1253590
2023-10-27,151.00425720214844,152.9499969482422,153.9499969482422,151.5500030517578,151.6999969482422,883079
2023-10-30,151.892822265625,153.85000610351562,154.60000610351562,151.4499969482422,153.0500030517578,607402
2023-10-31,151.94216918945312,153.89999389648438,155.85000610351562,153.1999969482422,155.85000610351562,509180
2023-11-01,150.65872192382812,152.60000610351562,154.85000610351562,152.10000610351562,154.85000610351562,467025
2023-11-02,151.39918518066406,153.35000610351562,154.39999389648438,152.3000030517578,154.0,538891
2023-11-03,153.17626953125,155.14999389648438,156.0,153.64999389648438,154.89999389648438,725193
2023-11-06,153.02818298339844,155.0,156.85000610351562,154.3000030517578,156.5,724559
2023-11-07,152.7320098876953,154.6999969482422,155.75,153.35000610351562,155.75,506579
2023-11-08,146.41342163085938,148.3000030517578,149.4499969482422,145.0,145.0,3947061
2023-11-09,144.4882354736328,146.35000610351562,150.75,145.8000030517578,149.5,1317840
2023-11-10,142.26686096191406,144.10000610351562,146.3000030517578,140.25,145.6999969482422,1716902
2023-11-13,142.66177368164062,144.5,147.0,144.0,147.0,908845
2023-11-15,142.61239624023438,144.4499969482422,146.5,144.0,146.5,1215423
2023-11-16,142.2174835205078,144.0500030517578,145.10000610351562,143.25,144.9499969482422,1063497
2023-11-17,141.97067260742188,143.8000030517578,144.75,143.0500030517578,143.10000610351562,1143993
2023-11-20,140.39102172851562,142.1999969482422,144.5500030517578,141.9499969482422,144.5,983292
2023-11-21,140.39102172851562,142.1999969482422,143.0,141.60000610351562,142.9499969482422,764597
2023-11-22,144.38949584960938,146.25,148.10000610351562,142.25,142.89999389648438,5336577
2023-11-23,144.53758239746094,146.39999389648438,147.60000610351562,145.6999969482422,146.8000030517578,963804
2023-11-24,141.6744842529297,143.5,147.0,142.5,146.89999389648438,1505666
2023-11-28,141.23020935058594,143.0500030517578,144.1999969482422,142.5500030517578,143.5,854866
2023-11-29,143.05667114257812,144.89999389648438,146.85000610351562,142.60000610351562,143.25,2517274
2023-11-30,142.95794677734375,144.8000030517578,146.8000030517578,143.1999969482422,145.5,1598677
2023-12-01,143.1060333251953,144.9499969482422,147.8000030517578,144.64999389648438,145.8000030517578,1762362
2023-12-04,142.85922241210938,144.6999969482422,147.5,144.10000610351562,147.5,1670550
2023-12-05,143.1553955078125,145.0,146.85000610351562,144.14999389648438,144.6999969482422,1386450
2023-12-06,147.59815979003906,149.5,151.5,145.10000610351562,145.89999389648438,6422837
2023-12-07,148.0424346923828,149.9499969482422,151.9499969482422,148.14999389648438,150.4499969482422,3093016
2023-12-08,146.21597290039062,148.10000610351562,151.35000610351562,146.60000610351562,151.1999969482422,1668721
2023-12-11,145.08059692382812,146.9499969482422,148.85000610351562,146.5,148.85000610351562,1088728
2023-12-12,144.93251037597656,146.8000030517578,148.0,146.25,147.8000030517578,1088425
2023-12-13,144.88314819335938,146.75,148.85000610351562,146.3000030517578,147.39999389648438,1464720
2023-12-14,144.93251037597656,146.8000030517578,149.1999969482422,146.35000610351562,148.6999969482422,1817021
2023-12-15,148.14117431640625,150.0500030517578,152.6999969482422,147.64999389648438,148.60000610351562,5861136
2023-12-18,150.31317138671875,152.25,154.0500030517578,149.64999389648438,150.8000030517578,3640113
2023-12-19,146.80833435058594,148.6999969482422,153.64999389648438,148.0500030517578,153.0,2488195
2023-12-20,142.3162078857422,144.14999389648438,150.39999389648438,143.60000610351562,149.60000610351562,2335399
2023-12-21,142.3162078857422,144.14999389648438,145.25,142.5,143.0500030517578,1741590
2023-12-22,143.20477294921875,145.0500030517578,146.4499969482422,144.0,144.9499969482422,1327782
2023-12-26,144.38949584960938,146.25,146.89999389648438,145.35000610351562,145.89999389648438,1255400
2023-12-27,150.95489501953125,152.89999389648438,154.0,146.3000030517578,146.89999389648438,8228478
2023-12-28,149.2765350341797,151.1999969482422,154.4499969482422,150.4499969482422,154.0,2591647
2023-12-29,152.33709716796875,154.3000030517578,156.0,151.3000030517578,151.9499969482422,5322966
2024-01-01,152.4851837158203,154.4499969482422,155.0,153.35000610351562,155.0,2540235
2024-01-02,152.53456115722656,154.5,154.89999389648438,151.10000610351562,154.5,2367312
2024-01-03,152.53456115722656,154.5,155.25,152.85000610351562,154.64999389648438,2181506
2024-01-04,151.2510986328125,153.1999969482422,155.8000030517578,153.0,155.0,1948933
2024-01-05,151.00425720214844,152.9499969482422,155.1999969482422,151.39999389648438,153.39999389648438,2017792
2024-01-08,148.43734741210938,150.35000610351562,153.5,149.5,153.10000610351562,1695292
2024-01-09,146.21597290039062,148.10000610351562,151.0500030517578,147.6999969482422,150.5,1643649
2024-01-10,147.9437255859375,149.85000610351562,152.14999389648438,147.10000610351562,148.4499969482422,3383169
2024-01-11,148.19053649902344,150.10000610351562,152.75,149.6999969482422,150.10000610351562,2716799
2024-01-12,147.844970703125,149.75,153.85000610351562,148.5,150.5,4341414
2024-01-15,148.23988342285156,150.14999389648438,151.0,148.39999389648438,150.9499969482422,2165150
2024-01-16,147.5487823486328,149.4499969482422,152.0,148.3000030517578,150.0,2306445
2024-01-17,147.1538848876953,149.0500030517578,151.6999969482422,147.14999389648438,149.25,2770177
2024-01-18,147.2032470703125,149.10000610351562,150.85000610351562,145.89999389648438,148.8000030517578,2265528
2024-01-19,148.43734741210938,150.35000610351562,152.6999969482422,149.3000030517578,149.9499969482422,2140627
2024-01-23,161.32131958007812,163.39999389648438,173.39999389648438,160.0,169.89999389648438,18843160
2024-01-24,166.75135803222656,168.89999389648438,170.89999389648438,160.5500030517578,164.39999389648438,8726615
2024-01-25,173.3661346435547,175.60000610351562,178.0,168.75,170.0,14826193
2024-01-29,183.6338348388672,186.0,188.5,177.0,179.0,20641077
2024-01-30,175.7849578857422,178.0500030517578,187.8000030517578,176.0,187.10000610351562,11915390
2024-01-31,172.03330993652344,174.25,178.0,168.5500030517578,178.0,8550070
2024-02-01,171.9345703125,174.14999389648438,177.85000610351562,172.0500030517578,175.8000030517578,4173703
2024-02-02,177.56207275390625,179.85000610351562,185.35000610351562,174.5,175.4499969482422,9967643
2024-02-05,182.7946319580078,185.14999389648438,193.8000030517578,180.6999969482422,181.3000030517578,19589513
2024-02-06,191.03842163085938,193.5,196.5,182.85000610351562,186.8000030517578,17375675
2024-02-07,190.0017852783203,192.4499969482422,199.89999389648438,191.5,196.0,10270417
2024-02-08,185.6577606201172,188.0500030517578,194.5,187.1999969482422,193.9499969482422,4848774
2024-02-09,181.41246032714844,183.75,189.5500030517578,178.5,189.0,5156091
2024-02-12,168.72592163085938,170.89999389648438,186.4499969482422,168.60000610351562,185.0500030517578,5404623
2024-02-13,169.0220947265625,171.1999969482422,172.3000030517578,164.89999389648438,170.89999389648438,3742305
2024-02-14,175.7849578857422,178.0500030517578,179.39999389648438,167.25,167.9499969482422,3769011
2024-02-15,178.49998474121094,180.8000030517578,182.6999969482422,178.14999389648438,179.89999389648438,3195675
2024-02-16,198.541748046875,201.10000610351562,208.4499969482422,190.10000610351562,194.0,60618217
2024-02-19,215.17738342285156,217.9499969482422,219.60000610351562,201.25,203.5,29707489
2024-02-20,209.204345703125,211.89999389648438,218.5500030517578,209.0,217.9499969482422,13171173
2024-02-21,200.61502075195312,203.1999969482422,212.89999389648438,201.5500030517578,212.60000610351562,9623454
2024-02-22,208.11834716796875,210.8000030517578,212.3000030517578,197.85000610351562,204.0,16173758
2024-02-23,203.6755828857422,206.3000030517578,213.39999389648438,203.5500030517578,211.89999389648438,8781470
2024-02-26,187.7310333251953,190.14999389648438,194.6999969482422,185.0500030517578,186.5500030517578,21723724
2024-02-27,182.6959228515625,185.0500030517578,193.0,183.0500030517578,190.14999389648438,9491525
2024-02-28,174.6495819091797,176.89999389648438,187.89999389648438,175.60000610351562,186.14999389648438,7383006
2024-02-29,181.560546875,183.89999389648438,184.6999969482422,175.64999389648438,177.0500030517578,6538146
2024-03-01,178.79615783691406,181.10000610351562,185.35000610351562,180.10000610351562,185.0,2489195
2024-03-04,174.45213317871094,176.6999969482422,183.85000610351562,175.14999389648438,183.0,3010488
2024-03-05,178.4012451171875,180.6999969482422,185.6999969482422,176.4499969482422,177.0500030517578,5471375
2024-03-06,173.11932373046875,175.35000610351562,181.39999389648438,172.0,181.0,3562513
2024-03-07,174.15594482421875,176.39999389648438,178.4499969482422,175.10000610351562,176.89999389648438,2311727
2024-03-11,165.56661987304688,167.6999969482422,177.8000030517578,166.0500030517578,177.39999389648438,3427335
2024-03-12,169.86129760742188,172.0500030517578,173.9499969482422,164.85000610351562,169.10000610351562,5986313
2024-03-13,152.13963317871094,154.10000610351562,173.35000610351562,150.0,173.0,6538404
2024-03-14,158.1620330810547,160.1999969482422,162.39999389648438,151.14999389648438,152.9499969482422,5134158
2024-03-15,158.50758361816406,160.5500030517578,162.3000030517578,156.35000610351562,160.0,3327564
2024-03-18,156.58241271972656,158.60000610351562,161.9499969482422,157.3000030517578,160.75,1918629
2024-03-19,154.06483459472656,156.0500030517578,163.6999969482422,155.35000610351562,158.0,3232032
2024-03-20,154.55848693847656,156.5500030517578,158.5500030517578,152.60000610351562,156.60000610351562,2766278
2024-03-21,156.6317596435547,158.64999389648438,160.85000610351562,157.60000610351562,159.0,2610575
2024-03-22,157.96458435058594,160.0,161.4499969482422,158.25,158.60000610351562,2762903
2024-03-26,154.16354370117188,156.14999389648438,160.9499969482422,155.0,159.89999389648438,3033076
2024-03-27,150.65872192382812,152.60000610351562,157.4499969482422,151.60000610351562,156.0,5084817
2024-03-28,148.7828826904297,150.6999969482422,155.1999969482422,150.0,153.8000030517578,4070071
2024-04-01,161.46942138671875,163.5500030517578,164.39999389648438,152.0,152.0,5595564
2024-04-02,166.70201110839844,168.85000610351562,169.8000030517578,162.5500030517578,164.6999969482422,5348416
2024-04-03,168.627197265625,170.8000030517578,172.5,167.0,168.5,3404322
2024-04-04,170.3549346923828,172.5500030517578,175.14999389648438,170.5500030517578,172.0,3628509
2024-04-05,168.9727325439453,171.14999389648438,173.39999389648438,169.3000030517578,172.35000610351562,2448315
2024-04-08,169.66384887695312,171.85000610351562,174.4499969482422,170.64999389648438,172.0,2100496
2024-04-09,168.23226928710938,170.39999389648438,173.89999389648438,168.5,172.0,2232419
2024-04-10,178.15443420410156,180.4499969482422,181.4499969482422,170.89999389648438,171.0,9724227
2024-04-12,176.52542114257812,178.8000030517578,182.5,176.1999969482422,179.9499969482422,4763176
2024-04-15,169.8119354248047,172.0,175.9499969482422,169.0,173.0500030517578,3406359
2024-04-16,169.36764526367188,171.5500030517578,174.5,170.0500030517578,171.1999969482422,1596354
2024-04-18,170.70046997070312,172.89999389648438,178.1999969482422,170.85000610351562,173.0,2267188
2024-04-19,170.94729614257812,173.14999389648438,173.89999389648438,169.60000610351562,172.0,2949744
2024-04-22,177.1671600341797,179.4499969482422,180.89999389648438,174.60000610351562,174.75,3183879
2024-04-23,173.21803283691406,175.4499969482422,181.4499969482422,174.89999389648438,180.10000610351562,2504852
2024-04-24,174.40277099609375,176.64999389648438,179.25,175.1999969482422,176.5,1735260
2024-04-25,178.6974334716797,181.0,183.5,175.5500030517578,176.0,4278180
2024-04-26,176.96971130371094,179.25,184.5,178.75,181.9499969482422,3194414
2024-04-29,175.29132080078125,177.5500030517578,181.6999969482422,177.0,180.64999389648438,1691349
2024-04-30,172.28012084960938,174.5,178.4499969482422,174.0,178.4499969482422,1896971
2024-05-02,173.76104736328125,176.0,178.1999969482422,172.9499969482422,175.0,1730912
2024-05-03,170.00938415527344,172.1999969482422,177.64999389648438,171.0500030517578,176.75,2453736
2024-05-06,167.29437255859375,169.4499969482422,172.9499969482422,165.5500030517578,172.25,1894921
2024-05-07,164.33253479003906,166.4499969482422,171.5500030517578,165.14999389648438,170.0,1685641
2024-05-08,164.82615661621094,166.9499969482422,169.0,161.5,166.4499969482422,1173505
2024-05-09,158.85313415527344,160.89999389648438,168.5,159.5,166.9499969482422,1607517
2024-05-10,154.55848693847656,156.5500030517578,159.1999969482422,154.8000030517578,156.0,2895140
2024-05-13,159.09994506835938,161.14999389648438,162.8000030517578,153.35000610351562,157.0,2481273
2024-05-14,161.76560974121094,163.85000610351562,165.6999969482422,160.8000030517578,163.0,1084604
2024-05-15,159.5935821533203,161.64999389648438,166.0,161.0,163.85000610351562,973032
2024-05-16,159.34677124023438,161.39999389648438,163.4499969482422,159.64999389648438,163.39999389648438,1302254
2024-05-17,165.81344604492188,167.9499969482422,168.9499969482422,161.39999389648438,161.39999389648438,1963763
2024-05-21,169.8119354248047,172.0,173.14999389648438,165.89999389648438,167.6999969482422,2371960
2024-05-22,169.5651092529297,171.75,174.8000030517578,170.0,172.0500030517578,1826077
2024-05-23,167.34373474121094,169.5,172.60000610351562,168.85000610351562,172.0,1668263
2024-05-24,167.6892852783203,169.85000610351562,171.0,168.5500030517578,170.85000610351562,1240916
2024-05-27,167.1956329345703,169.35000610351562,174.0500030517578,165.9499969482422,171.1999969482422,2155191
2024-05-28,165.56661987304688,167.6999969482422,171.89999389648438,167.0,170.89999389648438,1918676
2024-05-29,165.56661987304688,167.6999969482422,171.64999389648438,165.25,167.0,1347915
2024-05-30,165.9615478515625,168.10000610351562,168.9499969482422,165.25,167.6999969482422,1411376
2024-05-31,161.2226104736328,163.3000030517578,169.25,161.8000030517578,168.0500030517578,2212314
2024-06-03,160.48214721679688,162.5500030517578,168.25,162.0500030517578,168.0,1940187
2024-06-04,151.15237426757812,153.10000610351562,163.39999389648438,130.0500030517578,162.75,3915548
2024-06-05,157.1747589111328,159.1999969482422,160.0,147.85000610351562,153.14999389648438,1502357
2024-06-06,155.05210876464844,157.0500030517578,161.64999389648438,156.25,160.1999969482422,3307361
2024-06-07,159.88978576660156,161.9499969482422,163.60000610351562,157.14999389648438,157.89999389648438,1895559
2024-06-10,163.01943969726562,165.1199951171875,167.4600067138672,161.60000610351562,162.75,1992927
2024-06-11,163.680908203125,165.7899932861328,168.0,164.35000610351562,165.16000366210938,1425207
2024-06-12,163.8092803955078,165.9199981689453,167.88999938964844,165.00999450683594,166.0,1178259
2024-06-13,163.88824462890625,166.0,167.0399932861328,163.5500030517578,166.6999969482422,1192448
2024-06-14,162.4468231201172,164.5399932861328,167.5,164.10000610351562,167.0,1176733
2024-06-18,166.83035278320312,168.97999572753906,171.39999389648438,163.19000244140625,165.10000610351562,3537307
2024-06-19,164.174560546875,166.2899932861328,170.9499969482422,165.6999969482422,169.97999572753906,1560194
2024-06-20,170.94729614257812,173.14999389648438,176.1999969482422,165.57000732421875,166.6999969482422,6380587
2024-06-21,167.0574188232422,169.2100067138672,175.14999389648438,168.3000030517578,174.1999969482422,2655390
2024-06-24,163.78952026367188,165.89999389648438,168.3800048828125,164.0,168.0,1439955
2024-06-25,161.73599243164062,163.82000732421875,167.39999389648438,163.39999389648438,166.4499969482422,1281458
2024-06-26,160.07736206054688,162.13999938964844,165.14999389648438,161.60000610351562,163.89999389648438,2186074
2024-06-27,157.01678466796875,159.0399932861328,165.74000549316406,158.38999938964844,162.14999389648438,2145031
2024-06-28,158.75440979003906,160.8000030517578,162.99000549316406,160.0,160.0,1047480
2024-07-01,159.99838256835938,162.05999755859375,163.49000549316406,160.0,161.47999572753906,2379171
2024-07-02,162.58505249023438,164.67999267578125,166.97000122070312,161.10000610351562,162.8000030517578,2617235
2024-07-03,163.66119384765625,165.77000427246094,166.64999389648438,163.0,165.75,2099954
2024-07-04,165.97140502929688,168.11000061035156,170.58999633789062,165.25,166.8000030517578,3021356
2024-07-05,164.4707489013672,166.58999633789062,168.7899932861328,166.0,168.0,1266660
2024-07-08,161.46942138671875,163.5500030517578,167.60000610351562,163.25,166.99000549316406,1211318
2024-07-09,169.60459899902344,171.7899932861328,175.0,164.00999450683594,164.4499969482422,8168086
2024-07-10,169.3874053955078,171.57000732421875,175.49000549316406,166.80999755859375,172.6699981689453,3970935
2024-07-11,167.99533081054688,170.16000366210938,174.6699981689453,169.5500030517578,173.0,1849619
2024-07-12,171.38169860839844,173.58999633789062,177.9499969482422,169.9499969482422,171.0,7969957
2024-07-15,169.85140991210938,172.0399932861328,175.3800048828125,170.0,174.8000030517578,2352210
2024-07-16,166.94882202148438,169.10000610351562,176.39999389648438,168.25,171.60000610351562,3206665
2024-07-18,163.1774139404297,165.27999877929688,169.8000030517578,165.0,169.19000244140625,1503831
2024-07-19,158.15216064453125,160.19000244140625,165.0,158.92999267578125,165.0,1999295
2024-07-22,157.3623504638672,159.38999938964844,162.66000366210938,156.2100067138672,157.9499969482422,2099827
2024-07-23,154.00559997558594,155.99000549316406,160.75,152.55999755859375,160.0,2022264
2024-07-24,158.4088592529297,160.4499969482422,162.0,156.69000244140625,156.99000549316406,1458066
2024-07-25,159.51461791992188,161.57000732421875,163.5,156.75,159.60000610351562,1247400
2024-07-26,162.87135314941406,164.97000122070312,165.8000030517578,161.5,161.57000732421875,1429847
2024-07-29,164.6583251953125,166.77999877929688,170.4499969482422,165.61000061035156,165.99000549316406,2052801
2024-07-30,170.56224060058594,172.75999450683594,174.5,166.52000427246094,166.97999572753906,4150334
2024-07-31,171.75686645507812,173.97000122070312,179.8000030517578,173.0,173.89999389648438,6268013
2024-08-01,169.3182830810547,171.5,176.00999450683594,170.60000610351562,174.0,2139096
2024-08-02,168.133544921875,170.3000030517578,174.39999389648438,166.22000122070312,169.0,2196744
2024-08-05,159.4158935546875,161.47000122070312,166.2899932861328,160.1300048828125,165.5,2504514
2024-08-06,157.1945037841797,159.22000122070312,167.25,157.5,163.3000030517578,2507812
2024-08-07,158.04356384277344,160.0800018310547,161.0,157.5,157.89999389648438,2296662
2024-08-08,156.35531616210938,158.3699951171875,161.94000244140625,158.0,161.0500030517578,1496554
2024-08-09,155.21995544433594,157.22000122070312,161.0,156.25,159.0500030517578,1364755
2024-08-12,156.01963806152344,158.02999877929688,159.75999450683594,155.5500030517578,157.0,1500758
2024-08-13,152.88009643554688,154.85000610351562,159.99000549316406,154.4499969482422,159.6999969482422,1137834
2024-08-14,151.64601135253906,153.60000610351562,155.88999938964844,151.5,155.85000610351562,2085772
2024-08-16,152.87022399902344,154.83999633789062,155.86000061035156,153.27999877929688,155.47999572753906,1093970
2024-08-19,154.39064025878906,156.3800048828125,158.4499969482422,154.35000610351562,155.0,1372324
2024-08-20,157.5404510498047,158.5500030517578,160.22000122070312,157.0,157.0,1195424
2024-08-21,159.378662109375,160.39999389648438,163.22000122070312,159.10000610351562,159.83999633789062,1945800
2024-08-22,162.8663330078125,163.91000366210938,165.0,161.0,161.44000244140625,1325295
2024-08-23,163.56185913085938,164.61000061035156,167.5,164.25,165.0,1650885
2024-08-26,168.6691436767578,169.75,172.0,165.35000610351562,165.6999969482422,3298974
2024-08-27,171.7891387939453,172.88999938964844,177.2899932861328,171.3000030517578,171.30999755859375,6805568
2024-08-28,170.47755432128906,171.57000732421875,178.5,170.94000244140625,174.69000244140625,3934849
2024-08-29,166.3937225341797,167.4600067138672,172.64999389648438,165.80999755859375,171.89999389648438,2566095
2024-08-30,168.6691436767578,169.75,171.89999389648438,168.0,168.0,1753261
2024-09-02,166.1949920654297,167.25999450683594,172.5,166.00999450683594,169.75,1368405
2024-09-03,165.9366455078125,167.0,169.3000030517578,166.16000366210938,167.25,930865
2024-09-04,167.76492309570312,168.83999633789062,171.49000549316406,165.0,165.69000244140625,1818531
2024-09-05,170.3384246826172,171.42999267578125,173.1999969482422,168.5500030517578,168.6999969482422,1843515
2024-09-06,167.46682739257812,168.5399932861328,174.0,168.0,171.9499969482422,1800465
2024-09-09,171.35194396972656,172.4499969482422,174.38999938964844,167.0,168.41000366210938,3034559
2024-09-10,172.94175720214844,174.0500030517578,177.8000030517578,173.5,174.0,2480884
2024-09-11,171.30226135253906,172.39999389648438,177.0,171.75,174.0500030517578,1707338
2024-09-12,173.94532775878906,175.05999755859375,177.0,172.3699951171875,173.10000610351562,1594352
2024-09-13,183.56369018554688,184.74000549316406,186.44000244140625,175.3000030517578,175.89999389648438,13901886
2024-09-16,184.68649291992188,185.8699951171875,192.75,185.1999969482422,187.0,6908676
2024-09-17,182.10305786132812,183.27000427246094,186.60000610351562,181.8699951171875,186.60000610351562,2740161
2024-09-18,180.6920928955078,181.85000610351562,188.5500030517578,181.10000610351562,183.35000610351562,5558369
2024-09-19,172.8125762939453,173.9199981689453,183.75,171.63999938964844,183.3000030517578,4354679
2024-09-20,174.0844268798828,175.1999969482422,177.5,173.6999969482422,174.89999389648438,1965938
2024-09-23,175.21717834472656,176.33999633789062,179.4499969482422,175.11000061035156,176.39999389648438,1992784
2024-09-24,177.50253295898438,178.63999938964844,182.0,174.60000610351562,176.5,2906664
2024-09-25,176.40953063964844,177.5399932861328,184.6999969482422,176.2100067138672,179.10000610351562,4493211
2024-09-26,179.05259704589844,180.1999969482422,181.47999572753906,177.75,178.10000610351562,2032706
2024-09-27,177.79067993164062,178.92999267578125,184.39999389648438,178.11000061035156,180.97999572753906,1900771
2024-09-30,178.88368225097656,180.02999877929688,184.35000610351562,178.5500030517578,179.08999633789062,2015037
2024-10-01,181.6658477783203,182.8300018310547,184.3000030517578,178.50999450683594,179.5,2765104
2024-10-03,173.90557861328125,175.02000427246094,182.39999389648438,174.5500030517578,179.94000244140625,1911208
2024-10-04,170.0403594970703,171.1300048828125,175.99000549316406,170.11000061035156,175.0,1951636
2024-10-07,160.48159790039062,161.50999450683594,172.6999969482422,161.0,172.0,1916047
2024-10-08,165.12185668945312,166.17999267578125,166.72999572753906,159.6999969482422,161.3000030517578,1115672
2024-10-09,164.6051788330078,165.66000366210938,169.0,165.27999877929688,166.42999267578125,812297
2024-10-10,174.54150390625,175.66000366210938,180.85000610351562,170.85000610351562,170.85000610351562,9541349
2024-10-11,171.87857055664062,172.97999572753906,175.89999389648438,172.14999389648438,175.66000366210938,1022643
2024-10-14,170.89488220214844,171.99000549316406,175.69000244140625,170.8300018310547,173.0,943792
2024-10-15,173.3193359375,174.42999267578125,177.64999389648438,171.6999969482422,172.3000030517578,2045079
2024-10-16,177.11502075195312,178.25,179.39999389648438,172.8300018310547,173.10000610351562,1961597
2024-10-17,177.36341857910156,178.5,185.0,176.9199981689453,179.0,4433472
2024-10-18,176.68775939941406,177.82000732421875,179.6999969482422,174.0,177.8000030517578,1277372
2024-10-21,169.2454376220703,170.3300018310547,179.4499969482422,169.6999969482422,179.4499969482422,1354377
2024-10-22,160.29281616210938,161.32000732421875,170.1199951171875,160.36000061035156,170.0,1582059
2024-10-23,160.8889923095703,161.9199981689453,164.35000610351562,158.7100067138672,161.3000030517578,1409301
2024-10-24,157.0833740234375,158.08999633789062,162.50999450683594,157.5,162.0,1104120
2024-10-25,153.42681884765625,154.41000366210938,158.75999450683594,151.67999267578125,158.72999572753906,2352519
2024-10-28,155.73204040527344,156.72999572753906,158.75,153.8800048828125,156.83999633789062,1014447
2024-10-29,159.0209503173828,160.0399932861328,160.63999938964844,156.5,157.3000030517578,1423589
2024-10-30,160.78964233398438,161.82000732421875,164.22000122070312,160.0,160.0,1091008
2024-10-31,160.54122924804688,161.57000732421875,163.9499969482422,160.8000030517578,161.61000061035156,944450
2024-11-01,162.60797119140625,163.64999389648438,164.6999969482422,162.00999450683594,162.5,308236
2024-11-04,161.36593627929688,162.39999389648438,163.9499969482422,159.0,163.9499969482422,1031954
2024-11-05,160.78964233398438,161.82000732421875,163.5,160.5,162.5,727352
2024-11-06,163.3830108642578,164.42999267578125,166.3000030517578,162.5,162.9499969482422,1535352
2024-11-07,160.0245361328125,161.0500030517578,161.33999633789062,157.0,157.0,2941915
2024-11-08,158.12669372558594,159.13999938964844,162.0,157.58999633789062,161.8699951171875,1511837
2024-11-11,153.94349670410156,154.92999267578125,158.69000244140625,154.60000610351562,158.63999938964844,1018590
2024-11-12,152.46299743652344,153.44000244140625,157.0,153.0,155.8800048828125,611091
2024-11-13,144.48411560058594,145.41000366210938,154.08999633789062,144.22999572753906,153.85000610351562,1626859
2024-11-14,148.0413360595703,148.99000549316406,152.60000610351562,147.0,147.0399932861328,1504380
2024-11-18,149.68081665039062,150.63999938964844,152.00999450683594,144.6199951171875,149.58999633789062,1620712
2024-11-19,148.24998474121094,149.1999969482422,153.10000610351562,148.1699981689453,151.60000610351562,1178228
2024-11-21,145.6168670654297,146.5500030517578,149.1999969482422,144.89999389648438,149.0,1418396
2024-11-22,147.3060302734375,148.25,148.89999389648438,145.8000030517578,148.0,753226
2024-11-25,150.26705932617188,151.22999572753906,152.0,149.5399932861328,150.97999572753906,924072
2024-11-26,149.72055053710938,150.67999267578125,152.9600067138672,150.11000061035156,152.39999389648438,601746
2024-11-27,150.52540588378906,151.49000549316406,152.6999969482422,150.3000030517578,151.3000030517578,568551
2024-11-28,151.0321502685547,152.0,153.58999633789062,151.05999755859375,151.75,862811
2024-11-29,152.76107788085938,153.74000549316406,154.08999633789062,150.89999389648438,152.60000610351562,778794
2024-12-02,152.62197875976562,153.60000610351562,154.57000732421875,152.2100067138672,154.3000030517578,508320
2024-12-03,158.0869598388672,159.10000610351562,162.5,153.60000610351562,153.8000030517578,2860742
2024-12-04,159.47802734375,160.5,163.3000030517578,158.1999969482422,159.75,1632283
2024-12-05,165.2311553955078,166.2899932861328,167.0,158.0,161.4499969482422,2915205
2024-12-06,180.11578369140625,181.27000427246094,184.35000610351562,166.33999633789062,167.0,14233022
2024-12-09,185.90866088867188,187.10000610351562,188.3000030517578,180.0500030517578,183.0,6323945
2024-12-10,189.92294311523438,191.13999938964844,194.6999969482422,185.6999969482422,190.0,12085120
2024-12-11,189.5155487060547,190.72999572753906,193.89999389648438,188.61000061035156,191.8000030517578,3861506
2024-12-12,192.5163116455078,193.75,197.0,189.00999450683594,190.25,6290544
2024-12-13,191.32395935058594,192.5500030517578,195.6999969482422,188.00999450683594,190.5,4844030
2024-12-16,187.28981018066406,188.49000549316406,192.94000244140625,187.97000122070312,192.55999755859375,1523915
2024-12-17,184.7759246826172,185.9600067138672,192.6999969482422,185.0500030517578,187.3000030517578,3451938
2024-12-18,179.09234619140625,180.24000549316406,185.91000366210938,178.8000030517578,185.91000366210938,2937779
2024-12-19,176.55857849121094,177.69000244140625,180.8000030517578,176.55999755859375,177.5500030517578,2247359
2024-12-20,171.41156005859375,172.50999450683594,182.64999389648438,171.47000122070312,178.08999633789062,2327668
2024-12-23,167.58607482910156,168.66000366210938,174.1999969482422,168.14999389648438,173.27999877929688,1555951
2024-12-24,171.66990661621094,172.77000427246094,173.25,168.3000030517578,169.8000030517578,1143086
2024-12-26,167.33767700195312,168.41000366210938,173.19000244140625,167.39999389648438,172.77000427246094,1095699
2024-12-27,166.45333862304688,167.52000427246094,170.3000030517578,166.22000122070312,169.0,1163313
2024-12-30,165.73793029785156,166.8000030517578,173.27999877929688,164.80999755859375,167.52999877929688,1704638
2024-12-31,168.19219970703125,169.27000427246094,170.0,166.0,166.60000610351562,1072351
2025-01-01,173.63729858398438,174.75,176.50999450683594,168.1199951171875,169.0500030517578,1292244
2025-01-02,175.9027862548828,177.02999877929688,177.85000610351562,174.1199951171875,175.0,1291108
2025-01-03,177.1348876953125,178.27000427246094,179.69000244140625,176.41000366210938,177.42999267578125,836056
2025-01-06,166.284423828125,167.35000610351562,178.88999938964844,166.00999450683594,178.3000030517578,1953434
2025-01-07,169.6031494140625,170.69000244140625,171.3000030517578,167.27000427246094,168.0,687923
2025-01-08,166.67193603515625,167.74000549316406,172.35000610351562,166.2100067138672,172.22000122070312,805818
2025-01-09,164.68467712402344,165.74000549316406,169.4499969482422,164.0,166.5,820034
2025-01-10,156.0500030517578,157.0500030517578,165.27000427246094,155.61000061035156,165.10000610351562,1838453
2025-01-13,148.91571044921875,149.8699951171875,156.89999389648438,148.64999389648438,155.0,2490619
2025-01-14,152.1847686767578,153.16000366210938,153.99000549316406,150.13999938964844,152.63999938964844,1306184
2025-01-15,153.00949096679688,153.99000549316406,156.5,152.6999969482422,155.6199951171875,915555
2025-01-16,156.17916870117188,157.17999267578125,159.64999389648438,155.41000366210938,157.0399932861328,857902
2025-01-17,156.48721313476562,157.49000549316406,158.07000732421875,155.39999389648438,157.0,673687
2025-01-20,157.92796325683594,158.94000244140625,160.8000030517578,156.11000061035156,157.8000030517578,825288
2025-01-21,154.64898681640625,155.63999938964844,161.8000030517578,155.05999755859375,160.5,808633
2025-01-22,151.3302459716797,152.3000030517578,156.88999938964844,149.39999389648438,155.99000549316406,2068604
2025-01-23,151.20108032226562,152.1699981689453,154.85000610351562,151.36000061035156,151.6999969482422,598500
2025-01-24,145.51748657226562,146.4499969482422,154.5,145.10000610351562,154.0,1553899
2025-01-27,138.49252319335938,139.3800048828125,145.42999267578125,138.39999389648438,145.0,1633916
2025-01-28,137.87644958496094,138.75999450683594,141.4600067138672,135.10000610351562,140.0,1851186
2025-01-29,141.54296875,142.4499969482422,143.5,140.0,140.0,713956
2025-01-30,142.07952880859375,142.99000549316406,145.5,141.97999572753906,142.5,700939
2025-01-31,143.9873046875,144.91000366210938,146.0,141.74000549316406,143.0,976150
2025-02-01,143.6395263671875,144.55999755859375,147.91000366210938,142.2100067138672,146.00999450683594,775274
2025-02-03,141.25482177734375,142.16000366210938,144.52000427246094,140.92999267578125,142.52000427246094,557681
2025-02-04,144.68284606933594,145.61000061035156,146.3699951171875,143.4600067138672,143.89999389648438,733218
2025-02-05,145.00079345703125,145.92999267578125,147.67999267578125,145.16000366210938,147.49000549316406,659870
2025-02-06,145.96463012695312,146.89999389648438,149.17999267578125,145.0,145.0,744220
2025-02-07,145.33865356445312,146.27000427246094,148.25999450683594,144.30999755859375,146.89999389648438,519126
2025-02-10,140.32080078125,141.22000122070312,146.88999938964844,140.47000122070312,146.0,721997
2025-02-11,135.40231323242188,136.27000427246094,141.99000549316406,134.42999267578125,141.22000122070312,1115376
2025-02-12,130.76205444335938,131.60000610351562,137.0,127.36000061035156,136.13999938964844,2949273
2025-02-13,131.4575958251953,132.3000030517578,135.8699951171875,130.47999572753906,131.5,1145360
2025-02-14,123.52840423583984,124.31999969482422,133.02000427246094,123.16999816894531,132.49000549316406,2593493
2025-02-17,126.25096130371094,127.05999755859375,128.3000030517578,122.5199966430664,124.55999755859375,1476821
2025-02-18,122.54471588134766,123.33000183105469,128.52000427246094,122.0,126.5,1338162
2025-02-19,126.89682006835938,127.70999908447266,128.35000610351562,122.18000030517578,123.0,1060012
2025-02-20,129.25173950195312,130.0800018310547,132.60000610351562,126.5,126.5,1368555
2025-02-21,129.8876495361328,130.72000122070312,134.3000030517578,129.3300018310547,130.0,1728387
2025-02-24,125.29707336425781,126.0999984741211,130.5500030517578,125.1500015258789,130.5500030517578,755090
2025-02-25,124.79031372070312,125.58999633789062,128.58999633789062,125.0,126.1500015258789,585595
2025-02-27,124.69095611572266,125.48999786376953,127.69000244140625,124.41000366210938,126.30000305175781,1234678
2025-02-28,120.79591369628906,121.56999969482422,125.0,120.55000305175781,124.0,1206202
2025-03-03,121.19337463378906,121.97000122070312,123.41000366210938,117.05999755859375,121.98999786376953,2270749
2025-03-04,123.46878814697266,124.26000213623047,125.4000015258789,120.19999694824219,121.0,940071
2025-03-05,126.98625183105469,127.80000305175781,128.5500030517578,125.08999633789062,125.08999633789062,831473
2025-03-06,130.0366973876953,130.8699951171875,132.97000122070312,130.3699951171875,130.99000549316406,1643135
2025-03-07,130.3347930908203,131.1699981689453,133.47000122070312,130.32000732421875,131.92999267578125,1371809
2025-03-10,128.23822021484375,129.05999755859375,132.9499969482422,128.0,131.60000610351562,972914
2025-03-11,127.09555053710938,127.91000366210938,129.8000030517578,126.02999877929688,128.0,1194915
2025-03-12,128.923828125,129.75,131.7899932861328,128.6999969482422,129.49000549316406,1466707
2025-03-13,131.3582305908203,132.1999969482422,132.5500030517578,128.67999267578125,130.38999938964844,1591206
2025-03-17,130.59312438964844,131.42999267578125,135.0,130.4600067138672,133.00999450683594,1307328
2025-03-18,130.59312438964844,131.42999267578125,131.42999267578125,131.42999267578125,131.42999267578125,0
2025-03-19,135.4917449951172,136.36000061035156,136.9499969482422,135.1300048828125,135.6999969482422,1086061
2025-03-20,137.35977172851562,138.24000549316406,139.33999633789062,136.61000061035156,136.61000061035156,1207006
2025-03-21,135.25326538085938,136.1199951171875,139.89999389648438,135.6999969482422,138.00999450683594,1434339
2025-03-24,137.55850219726562,138.44000244140625,141.2899932861328,137.00999450683594,137.7899932861328,1468112
2025-03-25,136.0481719970703,136.9199981689453,142.88999938964844,136.10000610351562,139.8000030517578,2571623
2025-03-26,133.77276611328125,134.6300048828125,138.6999969482422,134.0,137.3000030517578,1365913
2025-03-27,135.7500762939453,136.6199951171875,138.47999572753906,133.25,134.25,2034667
2025-03-28,133.94168090820312,134.8000030517578,138.89999389648438,133.64999389648438,136.9499969482422,1221754
2025-04-01,138.47264099121094,139.36000061035156,140.5,134.0500030517578,134.6999969482422,1244193
2025-04-02,142.4769744873047,143.38999938964844,144.5,136.80999755859375,140.47000122070312,2067339
2025-04-03,142.17889404296875,143.08999633789062,144.0,141.22000122070312,142.0,612414
2025-04-04,137.7373504638672,138.6199951171875,142.61000061035156,137.25,142.00999450683594,796197
2025-04-07,132.62014770507812,133.47000122070312,134.25,127.62000274658203,130.14999389648438,1053311
2025-04-08,134.86575317382812,135.72999572753906,137.6199951171875,133.52999877929688,136.2899932861328,524979
2025-04-09,132.71951293945312,133.57000732421875,136.19000244140625,132.6999969482422,134.82000732421875,361267
2025-04-11,136.80332946777344,137.67999267578125,138.2100067138672,135.16000366210938,135.8699951171875,598921
2025-04-15,140.70831298828125,141.61000061035156,142.0,138.36000061035156,140.08999633789062,400369
2025-04-16,140.5095977783203,141.41000366210938,143.2899932861328,140.5500030517578,141.60000610351562,548533
2025-04-17,140.36053466796875,141.25999450683594,143.41000366210938,140.00999450683594,140.00999450683594,662055
2025-04-21,143.03341674804688,143.9499969482422,144.5,140.52000427246094,141.5500030517578,714226
2025-04-22,144.70272827148438,145.6300048828125,146.6999969482422,142.75999450683594,144.8000030517578,1231945
2025-04-23,144.41456604003906,145.33999633789062,147.5,142.89999389648438,146.89999389648438,678707
2025-04-24,148.75674438476562,149.7100067138672,152.0,145.00999450683594,145.60000610351562,1902406
2025-04-25,144.7523956298828,145.67999267578125,152.88999938964844,143.44000244140625,150.1999969482422,1148478
2025-04-28,144.00717163085938,144.92999267578125,146.60000610351562,143.35000610351562,144.14999389648438,603105
2025-04-29,144.42449951171875,145.35000610351562,148.1999969482422,144.5500030517578,145.94000244140625,560991
2025-04-30,140.6288299560547,141.52999877929688,146.3000030517578,140.00999450683594,145.2899932861328,784647
2025-05-02,140.76792907714844,141.6699981689453,143.94000244140625,139.8300018310547,141.52999877929688,434119
2025-05-05,143.4805450439453,144.39999389648438,146.38999938964844,141.5,143.05999755859375,488680
2025-05-06,141.1355743408203,142.0399932861328,145.85000610351562,141.3000030517578,145.85000610351562,561586
2025-05-07,141.2349395751953,142.13999938964844,143.19000244140625,137.85000610351562,140.0,627312
2025-05-08,139.9134063720703,140.80999755859375,144.3000030517578,140.11000061035156,143.38999938964844,514598
2025-05-09,136.03823852539062,136.91000366210938,139.1999969482422,134.60000610351562,137.50999450683594,843876
2025-05-12,143.24208068847656,144.16000366210938,144.74000549316406,140.1999969482422,141.0,1141649
2025-05-13,144.13633728027344,145.05999755859375,145.97999572753906,143.4499969482422,144.0,516469
2025-05-14,146.13356018066406,147.07000732421875,147.5,145.49000549316406,145.49000549316406,487516
2025-05-15,146.0441131591797,146.97999572753906,148.25,146.0,147.11000061035156,421449
2025-05-16,146.57073974609375,147.50999450683594,148.44000244140625,145.6300048828125,147.5,513196
2025-05-19,148.85609436035156,149.80999755859375,152.42999267578125,147.50999450683594,147.5500030517578,1260380
2025-05-20,144.36488342285156,145.2899932861328,151.02000427246094,144.7100067138672,149.85000610351562,496457
2025-05-21,144.73252868652344,145.66000366210938,147.3300018310547,144.02000427246094,145.35000610351562,552987
2025-05-22,144.00717163085938,144.92999267578125,145.89999389648438,142.35000610351562,145.0,553434
2025-05-23,144.06680297851562,144.99000549316406,146.47000122070312,143.60000610351562,144.99000549316406,448331
2025-05-26,143.3314971923828,144.25,146.02999877929688,144.0,145.49000549316406,489643
2025-05-27,142.19876098632812,143.11000061035156,144.72999572753906,142.8000030517578,144.10000610351562,531025
2025-05-28,141.4336700439453,142.33999633789062,144.64999389648438,142.0,143.85000610351562,389550
2025-05-29,141.9602813720703,142.8699951171875,143.49000549316406,141.25,142.9499969482422,503537
2025-05-30,140.20156860351562,141.10000610351562,143.39999389648438,140.52000427246094,142.7100067138672,719852
2025-06-02,142.8048858642578,143.72000122070312,144.33999633789062,140.10000610351562,140.5,672384
2025-06-03,145.0206756591797,145.9499969482422,148.39999389648438,143.4600067138672,143.72000122070312,1223215
2025-06-04,147.02781677246094,147.97000122070312,149.60000610351562,144.8000030517578,146.0,872681
2025-06-05,145.85533142089844,146.7899932861328,149.89999389648438,146.1199951171875,147.10000610351562,677565
2025-06-06,145.40818786621094,146.33999633789062,147.6999969482422,146.0,146.75,346946
2025-06-09,145.71621704101562,146.64999389648438,148.4499969482422,145.89999389648438,146.49000549316406,715345
2025-06-10,147.6637420654297,148.61000061035156,151.1999969482422,146.66000366210938,147.2100067138672,1371086
2025-06-11,153.99317932128906,154.97999572753906,156.7899932861328,147.36000061035156,148.19000244140625,4631466
2025-06-12,149.7106170654297,150.6699981689453,156.0,150.0,154.97999572753906,1238867
2025-06-13,148.08106994628906,149.02999877929688,149.67999267578125,145.9499969482422,146.3300018310547,757902
2025-06-16,147.0973663330078,148.0399932861328,150.16000366210938,143.60000610351562,149.49000549316406,771548
2025-06-17,145.12997436523438,146.05999755859375,150.00999450683594,145.17999267578125,148.0,544142
2025-06-18,145.1597900390625,146.08999633789062,148.1199951171875,145.0,146.05999755859375,485336
2025-06-19,141.5032196044922,142.41000366210938,146.49000549316406,141.6300048828125,145.0500030517578,867098
2025-06-20,140.59901428222656,141.5,143.99000549316406,140.60000610351562,142.41000366210938,1346351
2025-06-23,142.0099639892578,142.9199981689453,143.85000610351562,140.4600067138672,142.5500030517578,689018
2025-06-24,144.40463256835938,145.3300018310547,147.61000061035156,144.5,144.5,590981
2025-06-25,146.80921936035156,147.75,148.75999450683594,145.00999450683594,145.00999450683594,692250
2025-06-26,145.89508056640625,146.8300018310547,150.02000427246094,146.3000030517578,147.3000030517578,606773
2025-06-27,147.62400817871094,148.57000732421875,150.72000122070312,146.6300048828125,147.10000610351562,1092763
2025-06-30,146.7198028564453,147.66000366210938,149.5,146.99000549316406,148.57000732421875,406966
2025-07-01,146.45150756835938,147.38999938964844,149.22999572753906,146.3699951171875,147.6999969482422,269036
2025-07-02,145.70628356933594,146.63999938964844,147.58999633789062,145.50999450683594,147.50999450683594,558331
2025-07-03,149.7106170654297,150.6699981689453,154.22000122070312,145.35000610351562,145.35000610351562,2675219
2025-07-04,148.27978515625,149.22999572753906,150.89999389648438,148.3800048828125,150.89999389648438,627211
2025-07-07,145.4181365966797,146.35000610351562,149.6999969482422,146.0,148.8000030517578,588553
2025-07-08,145.1597900390625,146.08999633789062,147.58999633789062,145.4600067138672,146.1999969482422,416977
2025-07-09,145.308837890625,146.24000549316406,147.30999755859375,142.91000366210938,145.61000061035156,672204
2025-07-10,145.0604248046875,145.99000549316406,147.05999755859375,145.11000061035156,146.97999572753906,390643
2025-07-11,145.0703582763672,146.0,147.38999938964844,145.0,145.10000610351562,557720
2025-07-14,145.29888916015625,146.22999572753906,146.97999572753906,144.83999633789062,146.10000610351562,443292
2025-07-15,149.67088317871094,150.6300048828125,151.89999389648438,146.24000549316406,146.8000030517578,1494337
2025-07-16,149.37278747558594,150.3300018310547,151.9499969482422,149.1999969482422,150.75,718633
2025-07-17,149.62120056152344,150.5800018310547,152.89999389648438,149.35000610351562,151.35000610351562,776925
2025-07-18,149.08462524414062,150.0399932861328,151.85000610351562,148.89999389648438,150.6999969482422,619785
2025-07-21,152.54248046875,153.52000427246094,154.89999389648438,149.10000610351562,150.0,1134828
2025-07-22,151.49916076660156,152.47000122070312,155.39999389648438,151.99000549316406,154.6999969482422,980115
2025-07-23,154.51980590820312,155.50999450683594,156.0,152.0,154.0,1437932
2025-07-24,159.7165069580078,160.74000549316406,161.49000549316406,154.5,155.5,3593689
2025-07-25,154.27139282226562,155.25999450683594,163.14999389648438,154.8000030517578,161.0,1953174
2025-07-28,151.4792938232422,152.4499969482422,155.49000549316406,152.0,154.0,972503
2025-07-29,156.23880004882812,157.24000549316406,157.75,151.1999969482422,152.10000610351562,1185438
2025-07-30,155.79165649414062,156.7899932861328,158.8800048828125,156.5,157.6999969482422,718053
2025-07-31,156.01025390625,157.00999450683594,160.25999450683594,152.60000610351562,154.02000427246094,1475996
2025-08-01,151.81712341308594,152.7899932861328,157.0,152.02000427246094,156.75999450683594,1003461
2025-08-04,154.4403076171875,155.42999267578125,156.22000122070312,151.08999633789062,152.0,936697
2025-08-05,154.1720428466797,155.16000366210938,157.6999969482422,154.5,155.5,617213
2025-08-06,151.1613311767578,152.1300048828125,155.8000030517578,150.50999450683594,155.16000366210938,854842
2025-08-07,162.29994201660156,163.33999633789062,168.5,160.44000244140625,161.99000549316406,38753336
2025-08-08,159.28924560546875,160.30999755859375,165.0,159.25,162.0,2640384
2025-08-11,157.03369140625,158.0399932861328,160.64999389648438,156.44000244140625,160.25,1777161
2025-08-12,156.0500030517578,157.0500030517578,160.47000122070312,156.57000732421875,158.60000610351562,986082
2025-08-13,157.64999389648438,157.64999389648438,161.25999450683594,155.25999450683594,157.0500030517578,1311566
2025-08-14,155.5500030517578,155.5500030517578,158.5399932861328,155.00999450683594,158.5,763394
2025-08-18,156.2100067138672,156.2100067138672,159.1999969482422,155.61000061035156,157.49000549316406,1071426
2025-08-19,156.30999755859375,156.30999755859375,157.85000610351562,155.50999450683594,157.3000030517578,855959
2025-08-20,152.99000549316406,152.99000549316406,156.99000549316406,152.58999633789062,156.49000549316406,1156876
2025-08-21,150.97999572753906,150.97999572753906,154.89999389648438,150.1999969482422,154.50999450683594,1179955
2025-08-22,148.6999969482422,148.6999969482422,153.07000732421875,148.0,151.92999267578125,1211279
2025-08-25,146.49000549316406,146.49000549316406,149.9600067138672,146.10000610351562,149.0,769385
2025-08-26,140.5500030517578,140.5500030517578,146.85000610351562,139.80999755859375,146.30999755859375,1709855
2025-08-28,136.08999633789062,136.08999633789062,140.63999938964844,135.4499969482422,140.25,1507799
2025-08-29,135.85000610351562,135.85000610351562,139.99000549316406,135.14999389648438,136.10000610351562,1147123
2025-09-01,136.41000366210938,136.41000366210938,137.5,135.33999633789062,136.5,1075089
2025-09-02,137.27999877929688,137.27999877929688,139.8000030517578,135.9499969482422,136.41000366210938,957163
2025-09-03,138.8800048828125,138.8800048828125,140.39999389648438,136.75999450683594,137.8000030517578,981205
2025-09-04,135.36000061035156,135.36000061035156,141.14999389648438,135.05999755859375,140.69000244140625,1224282
2025-09-05,138.5399932861328,138.5399932861328,140.10000610351562,134.39999389648438,135.60000610351562,2062864
2025-09-08,138.67999267578125,138.67999267578125,141.25,137.91000366210938,138.99000549316406,793447
2025-09-09,137.49000549316406,137.49000549316406,139.6199951171875,136.5,139.0,726001
2025-09-10,139.83999633789062,139.83999633789062,143.0,138.25999450683594,138.77999877929688,1472852
2025-09-11,138.47999572753906,138.47999572753906,141.4600067138672,137.36000061035156,139.97000122070312,1019319
2025-09-12,138.6300048828125,138.6300048828125,140.3699951171875,137.86000061035156,138.58999633789062,831863
2025-09-15,138.2899932861328,138.2899932861328,139.86000061035156,137.9600067138672,138.5,652970
2025-09-16,139.69000244140625,139.69000244140625,141.25,137.47999572753906,138.0,1109104
2025-09-17,139.30999755859375,139.30999755859375,142.60000610351562,138.82000732421875,140.0,1090331
2025-09-18,139.1199951171875,139.1199951171875,140.99000549316406,138.75,139.89999389648438,995289
2025-09-19,138.19000244140625,138.19000244140625,141.25,137.99000549316406,139.0,1020865
2025-09-22,137.5800018310547,137.5800018310547,139.0800018310547,137.10000610351562,138.19000244140625,1051313
2025-09-23,136.0500030517578,136.0500030517578,138.35000610351562,135.10000610351562,137.64999389648438,959729
2025-09-24,134.6699981689453,134.6699981689453,136.25,134.11000061035156,136.0,727266
2025-09-25,135.58999633789062,135.58999633789062,137.16000366210938,134.0800018310547,134.6699981689453,993046
2025-09-26,129.8300018310547,129.8300018310547,135.02999877929688,129.0,135.02000427246094,1206885
2025-09-29,128.16000366210938,128.16000366210938,131.19000244140625,128.0,129.5,658624
2025-09-30,128.22999572753906,128.22999572753906,130.2100067138672,127.54000091552734,129.10000610351562,542655
2025-10-01,130.02999877929688,130.02999877929688,130.8699951171875,127.51000213623047,128.22999572753906,771083
2025-10-03,132.97000122070312,132.97000122070312,133.8000030517578,130.10000610351562,130.5,960277
2025-10-06,131.19000244140625,131.19000244140625,133.9199981689453,131.0,133.1699981689453,724912
2025-10-07,131.6300048828125,131.6300048828125,132.5,130.50999450683594,131.66000366210938,518605
2025-10-08,132.77999877929688,132.77999877929688,134.60000610351562,130.7899932861328,131.6300048828125,1233194
2025-10-09,133.0500030517578,133.0500030517578,134.38999938964844,132.1999969482422,133.44000244140625,719529
2025-10-10,130.89999389648438,130.89999389648438,133.5500030517578,130.57000732421875,133.0500030517578,601850
2025-10-13,129.1999969482422,129.1999969482422,130.24000549316406,128.30999755859375,130.22000122070312,646418
2025-10-14,126.97000122070312,126.97000122070312,129.89999389648438,126.3499984741211,129.14999389648438,712802
2025-10-15,126.86000061035156,126.86000061035156,127.76000213623047,125.48999786376953,127.05000305175781,714279
2025-10-16,128.5399932861328,128.5399932861328,132.39999389648438,128.22999572753906,129.97999572753906,1365407
2025-10-17,126.19000244140625,126.19000244140625,129.1999969482422,125.62000274658203,128.00999450683594,750108
2025-10-20,126.5999984741211,126.5999984741211,127.18000030517578,124.41000366210938,126.41000366210938,1253208
2025-10-21,127.69999694824219,127.69999694824219,128.52000427246094,126.5999984741211,126.5999984741211,157363
2025-10-23,129.41000366210938,129.41000366210938,130.35000610351562,127.45999908447266,127.69999694824219,996988
2025-10-24,129.24000549316406,129.24000549316406,131.39999389648438,128.0,129.11000061035156,904843
2025-10-27,130.5800018310547,130.5800018310547,131.75,129.5500030517578,130.0,545247
2025-10-28,133.32000732421875,133.32000732421875,134.49000549316406,130.60000610351562,131.1300048828125,1336404
2025-10-29,136.5800018310547,136.5800018310547,137.6999969482422,133.10000610351562,133.32000732421875,1392522
2025-10-30,135.52999877929688,135.52999877929688,137.19000244140625,134.89999389648438,136.35000610351562,644708
2025-10-31,133.52000427246094,133.52000427246094,135.94000244140625,133.1300048828125,135.0,531050
2025-11-03,138.8300018310547,138.8300018310547,139.64999389648438,133.02999877929688,133.1999969482422,1662895
2025-11-04,134.9199981689453,134.9199981689453,140.10000610351562,134.50999450683594,139.69000244140625,1084075
2025-11-06,134.7899932861328,134.7899932861328,137.8000030517578,132.5500030517578,135.69000244140625,2375931
2025-11-07,131.9499969482422,131.9499969482422,139.5,131.0,138.5,3247183
2025-11-10,127.77999877929688,127.77999877929688,132.1999969482422,127.19999694824219,131.9499969482422,1341211
2025-11-11,123.69999694824219,123.69999694824219,128.3300018310547,123.0,128.0,2013008
2025-11-12,122.0999984741211,122.0999984741211,124.68000030517578,121.33000183105469,124.0,1768021
2025-11-13,119.79000091552734,119.79000091552734,123.30000305175781,119.30000305175781,122.0999984741211,1954160
2025-11-14,116.87000274658203,116.87000274658203,119.29000091552734,115.80000305175781,119.0999984741211,3396163
2025-11-17,117.11000061035156,117.11000061035156,121.26000213623047,116.87000274658203,117.3499984741211,1860678
2025-11-18,115.08999633789062,115.08999633789062,117.43000030517578,114.75,116.9000015258789,1756792
2025-11-19,113.01000213623047,113.01000213623047,115.41999816894531,112.11000061035156,115.25,2024702
2025-11-20,113.5999984741211,113.5999984741211,116.0,111.98999786376953,113.4000015258789,1487098
2025-11-21,112.29000091552734,112.29000091552734,113.5999984741211,111.62999725341797,113.0999984741211,1187482
2025-11-24,105.95999908447266,105.95999908447266,112.2300033569336,105.0,112.2300033569336,6571307
2025-11-25,109.70999908447266,109.70999908447266,110.94999694824219,106.54000091552734,106.79000091552734,2144901
2025-11-26,109.69000244140625,109.69000244140625,110.80000305175781,108.16000366210938,110.12000274658203,1360515
2025-11-27,107.5999984741211,107.5999984741211,110.87999725341797,107.11000061035156,109.97000122070312,1769820
2025-11-28,108.91000366210938,108.91000366210938,109.47000122070312,106.75,107.55000305175781,1106105
2025-12-01,106.9000015258789,106.9000015258789,109.79000091552734,106.45999908447266,109.48999786376953,1183370
2025-12-02,107.80000305175781,107.80000305175781,108.19999694824219,106.44999694824219,106.9000015258789,935871
2025-12-03,106.9000015258789,106.9000015258789,108.58999633789062,106.5,107.80000305175781,855282
2025-12-04,105.55000305175781,105.55000305175781,108.30000305175781,105.04000091552734,106.69999694824219,1295924
2025-12-05,104.68000030517578,104.68000030517578,105.9000015258789,104.0,105.5999984741211,807466
2025-12-08,101.4800033569336,101.4800033569336,106.0999984741211,101.08000183105469,104.5,1466669
2025-12-09,104.1500015258789,104.1500015258789,104.8499984741211,99.9000015258789,101.0,1231608
2025-12-10,102.56999969482422,102.56999969482422,105.4000015258789,101.9800033569336,104.18000030517578,772528
2025-12-11,104.76000213623047,104.76000213623047,105.55000305175781,101.80999755859375,102.80000305175781,1566623
2025-12-12,106.86000061035156,106.86000061035156,107.41000366210938,105.25,105.25,1477488
2025-12-15,113.94999694824219,113.94999694824219,115.5999984741211,105.55000305175781,106.25,6641707
2025-12-16,111.3499984741211,111.3499984741211,114.27999877929688,111.12000274658203,113.4000015258789,1646323
2025-12-17,112.41999816894531,112.41999816894531,114.69000244140625,111.41000366210938,111.51000213623047,1658427
2025-12-18,111.01000213623047,111.01000213623047,112.13999938964844,110.37999725341797,111.9000015258789,1013545
2025-12-19,124.5999984741211,124.5999984741211,126.0,111.2300033569336,111.2300033569336,25683573
2025-12-22,123.41000366210938,123.41000366210938,126.0,122.80000305175781,124.6500015258789,2950541
2025-12-23,125.29000091552734,125.29000091552734,127.48999786376953,122.05000305175781,122.80000305175781,2787361
2025-12-24,129.2100067138672,129.2100067138672,130.72000122070312,124.77999877929688,125.48999786376953,4192336
2025-12-26,138.5,138.5,140.49000549316406,127.47000122070312,128.99000549316406,10469135
2025-12-29,146.02000427246094,146.02000427246094,149.60000610351562,137.47999572753906,139.35000610351562,14698951
2025-12-30,145.72999572753906,145.72999572753906,148.0,142.3300018310547,145.32000732421875,3517627
2025-12-31,144.94000244140625,144.94000244140625,148.25,144.39999389648438,145.8000030517578,3793013
2026-01-01,146.72000122070312,146.72000122070312,151.00999450683594,143.42999267578125,145.0,3337472
2026-01-02,146.4199981689453,146.4199981689453,148.89999389648438,145.25,146.0,2906101
2026-01-05,146.80999755859375,146.80999755859375,148.0,144.92999267578125,147.14999389648438,2123782
2026-01-06,154.2899932861328,154.2899932861328,155.3000030517578,146.0,146.1999969482422,9888468
2026-01-07,149.42999267578125,149.42999267578125,155.1999969482422,148.60000610351562,155.1999969482422,2439533
2026-01-08,143.97999572753906,143.97999572753906,149.88999938964844,143.02000427246094,147.8000030517578,2389129
2026-01-09,141.8300018310547,141.8300018310547,145.64999389648438,140.64999389648438,142.64999389648438,1782526
2026-01-12,140.38999938964844,140.38999938964844,142.52999877929688,138.3699951171875,141.75,1689622
2026-01-13,140.55999755859375,140.55999755859375,144.19000244140625,139.5,141.0,1881515
2026-01-14,144.77999877929688,144.77999877929688,147.1999969482422,141.0,142.5,2857853
2026-01-15,144.77999877929688,144.77999877929688,144.77999877929688,144.77999877929688,144.77999877929688,0
2026-01-16,140.49000549316406,140.49000549316406,145.60000610351562,139.14999389648438,144.77999877929688,1253718
2026-01-19,139.0800018310547,139.0800018310547,139.8000030517578,134.6999969482422,139.49000549316406,1662853
2026-01-20,132.64999389648438,132.64999389648438,139.0,131.3800048828125,137.64999389648438,1974895
2026-01-21,136.74000549316406,136.74000549316406,140.39999389648438,130.00999450683594,131.5,2192756
2026-01-22,139.5500030517578,139.5500030517578,142.0,137.8000030517578,140.0,1296224
2026-01-23,134.5800018310547,134.5800018310547,142.35000610351562,133.38999938964844,140.0,1845780
2026-01-27,143.64999389648438,143.64999389648438,145.1300048828125,133.6199951171875,135.49000549316406,3992187
2026-01-28,144.64999389648438,144.64999389648438,148.39999389648438,142.5,145.24000549316406,3062546
2026-01-29,164.6199951171875,164.6199951171875,169.6300048828125,143.5,143.5,38409932
2026-01-30,154.9199981689453,154.9199981689453,163.97000122070312,154.10000610351562,161.0,7605387
2026-02-02,156.0399932861328,156.0399932861328,158.25,150.61000061035156,156.8800048828125,3800172
2026-02-03,162.14999389648438,162.14999389648438,163.60000610351562,153.50999450683594,160.0,7359955
2026-02-04,171.63999938964844,171.63999938964844,172.99000549316406,160.66000366210938,163.39999389648438,8414080
2026-02-05,164.2899932861328,164.2899932861328,172.19000244140625,163.02999877929688,172.0,3326623
2026-02-06,161.9499969482422,161.9499969482422,167.4199981689453,161.02000427246094,165.0,3019873
2026-02-09,166.50999450683594,166.50999450683594,168.8000030517578,158.6199951171875,163.4499969482422,3757097
2026-02-10,165.99000549316406,165.99000549316406,176.0,163.83999633789062,166.89999389648438,8938609
2026-02-11,159.14999389648438,159.14999389648438,167.52000427246094,157.25999450683594,166.0,5661670
2026-02-12,156.77000427246094,156.77000427246094,162.85000610351562,155.2100067138672,160.14999389648438,5038628
2026-02-13,152.3699951171875,152.3699951171875,156.6699981689453,151.2100067138672,155.14999389648438,2475454
2026-02-16,150.11000061035156,150.11000061035156,151.91000366210938,148.0,150.0,2750432
2026-02-17,149.63999938964844,149.63999938964844,154.25,149.0,150.24000549316406,2562338
2026-02-18,151.30999755859375,151.30999755859375,153.60000610351562,149.75,150.94000244140625,2033368
2026-02-19,147.11000061035156,147.11000061035156,152.0,146.41000366210938,151.5,1511161
2026-02-20,145.52999877929688,145.52999877929688,148.75,145.0,146.60000610351562,1337855
2026-02-23,147.49000549316406,147.49000549316406,148.52999877929688,144.00999450683594,145.99000549316406,1661727
2026-02-24,146.17999267578125,146.17999267578125,148.0,145.0,147.4499969482422,1943804
2026-02-25,152.6300048828125,152.6300048828125,153.89999389648438,146.60000610351562,146.60000610351562,3308912
2026-02-26,154.52000427246094,154.52000427246094,157.02999877929688,151.10000610351562,153.77999877929688,2605129
2026-02-27,148.63999938964844,148.63999938964844,157.0,147.24000549316406,154.0,3356953
2026-03-02,143.64999389648438,143.64999389648438,148.0399932861328,141.0,141.94000244140625,4323567
2026-03-04,135.52000427246094,135.52000427246094,140.25,126.7699966430664,140.0,10405554
2026-03-05,133.66000366210938,133.66000366210938,139.4499969482422,131.50999450683594,136.0,3300256
2026-03-06,132.92999267578125,132.92999267578125,138.9499969482422,131.60000610351562,133.72999572753906,1826328
2026-03-09,115.95999908447266,115.95999908447266,131.0,114.91999816894531,130.0,10387851
2026-03-10,120.6500015258789,120.6500015258789,121.79000091552734,117.27999877929688,119.01000213623047,4058994
2026-03-11,118.86000061035156,118.86000061035156,125.23999786376953,117.41000366210938,120.98999786376953,3867860
2026-03-12,118.69000244140625,118.69000244140625,120.30000305175781,112.9800033569336,118.0,3478600
2026-03-13,112.16000366210938,112.16000366210938,118.5,110.98999786376953,118.0999984741211,4832994
2026-03-16,112.45999908447266,112.45999908447266,114.4000015258789,110.0199966430664,112.66000366210938,2758416
2026-03-17,113.56999969482422,113.56999969482422,114.69999694824219,111.05000305175781,113.0,2402145
2026-03-18,114.98999786376953,114.98999786376953,116.75,113.9800033569336,114.08000183105469,2180154
2026-03-19,107.80000305175781,107.80000305175781,113.75,107.19999694824219,112.0,3523674
2026-03-20,108.91000366210938,108.91000366210938,112.1500015258789,108.33000183105469,109.0,2242855
2026-03-23,102.86000061035156,102.86000061035156,107.56999969482422,102.5,107.0,3941660
2026-03-24,104.91000366210938,104.91000366210938,107.5,102.75,106.77999877929688,3109720
2026-03-25,109.69000244140625,109.69000244140625,112.36000061035156,106.0999984741211,106.0999984741211,3952524
2026-03-27,109.16999816894531,109.16999816894531,114.44999694824219,108.41999816894531,109.9000015258789,6761415
2026-03-30,106.48999786376953,106.48999786376953,114.33999633789062,106.0,107.30000305175781,4760359
2026-04-01,114.87999725341797,114.87999725341797,116.44000244140625,109.2699966430664,110.5,3702608
2026-04-02,113.08000183105469,113.08000183105469,113.8499984741211,109.5,112.0,2908284
2026-04-06,111.16000366210938,111.16000366210938,113.27999877929688,109.05000305175781,112.05000305175781,3618506
2026-04-07,110.37000274658203,110.37000274658203,113.20999908447266,109.98999786376953,111.41000366210938,2439910
2026-04-08,118.11000061035156,118.11000061035156,119.9000015258789,114.5999984741211,115.51000213623047,4537988
2026-04-09,120.5199966430664,120.5199966430664,124.77999877929688,117.05999755859375,118.0999984741211,5766397
2026-04-10,122.66999816894531,122.66999816894531,124.51000213623047,121.41000366210938,121.9000015258789,2677259
2026-04-13,124.08000183105469,124.08000183105469,126.77999877929688,118.22000122070312,120.80000305175781,3498298
2026-04-15,127.12999725341797,127.12999725341797,128.8000030517578,126.76000213623047,127.5999984741211,2970917
2026-04-16,131.97000122070312,131.97000122070312,132.94000244140625,126.81999969482422,128.5,4683046
2026-04-17,132.39999389648438,132.39999389648438,135.39999389648438,131.8000030517578,132.0,2749732
2026-04-20,133.13999938964844,133.13999938964844,139.0500030517578,129.41000366210938,132.5500030517578,4246422
2026-04-21,131.1300048828125,131.1300048828125,135.5500030517578,130.35000610351562,133.5,2569103
2026-04-22,132.69000244140625,132.69000244140625,133.10000610351562,130.0,131.1999969482422,1549948
2026-04-23,132.16000366210938,132.16000366210938,135.99000549316406,131.11000061035156,132.69000244140625,2576702
2026-04-24,128.1999969482422,128.1999969482422,132.8699951171875,127.19999694824219,132.5500030517578,3127183
2026-04-27,131.0399932861328,131.0399932861328,133.3000030517578,129.0,129.0,1901120
2026-04-28,131.5800018310547,131.5800018310547,133.89999389648438,130.5,131.10000610351562,1909291
2026-04-29,131.72000122070312,131.72000122070312,134.64999389648438,131.4499969482422,131.91000366210938,2633846
2026-04-30,126.19999694824219,126.19999694824219,132.07000732421875,125.5,131.5,3245503
2026-05-01,126.19999694824219,126.19999694824219,126.19999694824219,126.19999694824219,126.19999694824219,0
2026-05-04,127.62000274658203,127.62000274658203,130.0,126.36000061035156,128.0,2690417
2026-05-05,126.0,126.0,129.7899932861328,125.43000030517578,127.62000274658203,2291024
2026-05-06,130.89999389648438,130.89999389648438,131.52000427246094,127.08000183105469,128.5,2518257
2026-05-07,134.61000061035156,134.61000061035156,135.8000030517578,131.10000610351562,131.85000610351562,3538114
2026-05-08,143.82000732421875,143.82000732421875,144.8800048828125,134.61000061035156,135.0,10277955
2026-05-11,163.80999755859375,163.80999755859375,169.0,153.1999969482422,154.8000030517578,87614701
2026-05-12,157.7100067138672,157.7100067138672,166.85000610351562,156.44000244140625,164.33999633789062,17321631
2026-05-13,158.9199981689453,158.9199981689453,163.00999450683594,155.10000610351562,157.1999969482422,8184846
2026-05-14,160.3300018310547,160.3300018310547,164.19000244140625,156.22999572753906,161.36000061035156,5336652
2026-05-15,156.99000549316406,156.99000549316406,164.47000122070312,155.1999969482422,162.3300018310547,5881806
2026-05-18,152.64999389648438,152.64999389648438,156.5,149.50999450683594,156.5,4682850
2026-05-19,153.50999450683594,153.50999450683594,156.8699951171875,152.85000610351562,153.39999389648438,2243237
2026-05-20,152.83999633789062,152.83999633789062,154.5,147.89999389648438,152.0,1847467
2026-05-21,153.25999450683594,153.25999450683594,158.8800048828125,152.63999938964844,154.75,2949028
2026-05-22,156.32000732421875,156.32000732421875,157.60000610351562,153.36000061035156,154.9499969482422,2183571
2026-05-25,178.97999572753906,178.97999572753906,183.0,157.10000610351562,157.5,32105086
2026-05-26,172.25999450683594,172.25999450683594,182.5500030517578,171.75,179.85000610351562,7389402
2026-05-27,176.49000549316406,176.49000549316406,178.75,171.89999389648438,172.11000061035156,4305956
2026-05-28,176.49000549316406,176.49000549316406,176.49000549316406,176.49000549316406,176.49000549316406,0
2026-05-29,188.07000732421875,188.07000732421875,193.5500030517578,174.5800018310547,177.89999389648438,18661235
2026-06-01,190.6999969482422,190.6999969482422,195.89999389648438,186.1999969482422,189.5,9705180
2026-06-02,197.89999389648438,197.89999389648438,201.5,188.0,189.0,10442480
2026-06-03,200.47000122070312,200.47000122070312,207.3000030517578,197.52000427246094,198.99000549316406,12216194
2026-06-04,195.50999450683594,195.50999450683594,206.1999969482422,193.24000549316406,201.0,6026877
2026-06-05,197.08999633789062,197.08999633789062,199.0,191.8699951171875,197.10000610351562,4579100
2026-06-08,192.60000610351562,192.60000610351562,198.89999389648438,191.1999969482422,192.1999969482422,4692142
2026-06-09,203.97000122070312,203.97000122070312,205.4499969482422,192.5,194.08999633789062,7319995
2026-06-10,198.3300018310547,198.3300018310547,209.67999267578125,196.05999755859375,205.39999389648438,6391604
2026-06-11,194.69000244140625,194.69000244140625,198.0,193.74000549316406,197.0,3095546
2026-06-12,196.8699951171875,196.8699951171875,202.3000030517578,194.80999755859375,197.5500030517578,3813919
2026-06-15,207.77999877929688,207.77999877929688,214.1699981689453,200.25999450683594,200.8000030517578,11862053
2026-06-16,194.22000122070312,194.22000122070312,213.4499969482422,192.0,209.8000030517578,11234542
2026-06-17,197.27000427246094,197.27000427246094,198.1999969482422,191.0,195.88999938964844,4814622
2026-06-18,189.14999389648438,189.14999389648438,199.1999969482422,187.30999755859375,197.88999938964844,4350364
2026-06-19,191.0,191.0,195.89999389648438,187.36000061035156,189.14999389648438,3687315
2026-06-22,192.72999572753906,192.72999572753906,194.4499969482422,186.50999450683594,191.8000030517578,3594498
2026-06-23,184.30999755859375,184.30999755859375,192.1999969482422,183.32000732421875,192.1999969482422,4542487
2026-06-24,192.72999572753906,192.72999572753906,194.1999969482422,179.64999389648438,184.2899932861328,5476186
2026-06-25,185.49000549316406,185.49000549316406,194.19000244140625,184.1999969482422,193.9499969482422,3712602
2026-06-26,185.49000549316406,185.49000549316406,185.49000549316406,185.49000549316406,185.49000549316406,0
2026-06-29,184.74000549316406,184.74000549316406,186.94000244140625,183.02000427246094,185.72999572753906,1993496
2026-06-30,181.82000732421875,181.82000732421875,186.50999450683594,180.4499969482422,184.39999389648438,2476564
2026-07-01,182.82000732421875,182.82000732421875,184.89999389648438,179.77000427246094,181.72000122070312,1944674
2026-07-02,188.85000610351562,188.85000610351562,190.5,182.35000610351562,183.39999389648438,2820037
2026-07-03,187.74000549316406,187.74000549316406,192.60000610351562,186.64999389648438,189.0,2460254
2026-07-06,196.88999938964844,196.88999938964844,198.89999389648438,186.52999877929688,188.0,6891458
2026-07-07,200.91000366210938,200.91000366210938,203.0,194.38999938964844,198.85000610351562,6884222
2026-07-08,198.72000122070312,198.72000122070312,210.0,196.4499969482422,200.0,11216193
2026-07-09,204.36000061035156,204.36000061035156,209.75999450683594,199.5,200.22999572753906,6949045
2026-07-10,207.0500030517578,207.0500030517578,208.5,202.60000610351562,206.0,4247415
2026-07-13,213.41000366210938,213.41000366210938,218.89999389648438,205.5500030517578,207.0399932861328,9311301
2026-07-14,205.4600067138672,205.4600067138672,213.41000366210938,204.16000366210938,212.5,4648554
2026-07-15,208.7100067138672,208.7100067138672,212.89999389648438,206.14999389648438,206.39999389648438,3236408
2026-07-16,213.63999938964844,213.63999938964844,215.7100067138672,206.8000030517578,207.5,4800918
2026-07-17,206.77000427246094,206.77000427246094,214.6999969482422,202.5,214.6999969482422,5026621
2026-07-20,212.02000427246094,212.02000427246094,217.0,205.00999450683594,205.5,4363607
2026-07-21,223.39999389648438,223.39999389648438,224.85000610351562,210.0,210.75,9359486
2026-07-22,216.63999938964844,216.63999938964844,225.1999969482422,215.61000061035156,225.0,3864875
2026-07-23,221.50999450683594,221.50999450683594,225.0,214.32000732421875,216.60000610351562,4613208
