Date,Adj Close,Close,High,Low,Open,Volume
2021-07-23,80.33628845214844,114.67500305175781,116.0999984741211,114.4124984741211,114.9000015258789,3626146
2021-07-26,79.20663452148438,113.0625,115.23750305175781,112.7249984741211,114.5625,3089465
2021-07-27,76.26429748535156,108.86250305175781,113.36250305175781,108.75,113.17500305175781,3147193
2021-07-28,76.31683349609375,108.9375,110.7750015258789,107.4375,108.9000015258789,8597631
2021-07-29,79.54817962646484,113.55000305175781,114.0,108.4124984741211,109.6875,8150298
2021-07-30,79.39051818847656,113.32499694824219,114.86250305175781,112.125,112.94999694824219,4935599
2021-08-02,82.30657958984375,117.48750305175781,117.9000015258789,113.51249694824219,114.30000305175781,8128066
2021-08-03,81.70235443115234,116.625,118.3499984741211,115.9124984741211,117.9749984741211,3467566
2021-08-04,81.1244125366211,115.80000305175781,117.75,115.01249694824219,116.8499984741211,2590577
2021-08-05,81.49220275878906,116.32499694824219,118.125,114.3375015258789,116.4000015258789,9024491
2021-08-06,82.20150756835938,117.3375015258789,120.375,115.94999694824219,116.0625,9855658
2021-08-09,80.57270050048828,115.01249694824219,117.9749984741211,114.2249984741211,117.3375015258789,4103937
2021-08-10,77.97190856933594,111.30000305175781,115.5,110.625,115.5,3714406
2021-08-11,78.10323333740234,111.48750305175781,112.3125,109.3125,111.30000305175781,5826506
2021-08-12,79.33796691894531,113.25,113.69999694824219,111.1500015258789,111.5625,5839975
2021-08-13,78.19315338134766,110.13749694824219,113.25,109.80000305175781,111.7125015258789,4478833
2021-08-16,80.85553741455078,113.88749694824219,114.1875,109.5374984741211,110.2125015258789,6124230
2021-08-17,78.59252166748047,110.69999694824219,114.1875,110.0625,113.88749694824219,3796070
2021-08-18,78.83213806152344,111.0374984741211,112.42500305175781,110.51249694824219,110.7750015258789,4720377
2021-08-20,76.64901733398438,107.9625015258789,111.75,107.25,111.07499694824219,10165571
2021-08-23,74.838623046875,105.4124984741211,109.05000305175781,105.07499694824219,108.75,4154245
2021-08-24,76.88862609863281,108.30000305175781,108.5999984741211,104.4375,105.26249694824219,5507139
2021-08-25,77.34122467041016,108.9375,109.42500305175781,107.55000305175781,108.0374984741211,3448527
2021-08-26,76.72888946533203,108.07499694824219,109.5374984741211,107.625,108.75,3077809
2021-08-27,77.90031433105469,109.7249984741211,110.32499694824219,108.1875,108.75,3732019
2021-08-30,79.79058074951172,112.38749694824219,112.98750305175781,110.51249694824219,110.55000305175781,4734422
2021-08-31,80.7756576538086,113.7750015258789,114.07499694824219,111.9375,112.23750305175781,5838105
2021-09-01,81.2548828125,114.44999694824219,115.5,113.2874984741211,114.3375015258789,3974318
2021-09-02,81.44123840332031,114.7125015258789,115.4625015258789,113.7750015258789,114.0374984741211,2280681
2021-09-03,82.13345336914062,115.6875,116.8499984741211,114.5625,114.9375,3434655
2021-09-06,81.33474731445312,114.5625,116.4000015258789,114.3375015258789,115.6875,2725558
2021-09-07,80.32304382324219,113.13749694824219,114.5625,112.19999694824219,114.0,3020761
2021-09-08,83.89059448242188,118.1624984741211,118.6875,112.80000305175781,113.0250015258789,8887327
2021-09-09,83.75747680664062,117.9749984741211,119.8125,117.1500015258789,117.1500015258789,6018682
2021-09-13,84.15682983398438,118.5374984741211,118.98750305175781,115.57499694824219,117.9375,5911625
2021-09-14,83.83734893798828,118.0875015258789,119.625,117.5625,119.4375,3988073
2021-09-15,85.8873519897461,120.9749984741211,123.26249694824219,117.2249984741211,117.375,12412889
2021-09-16,84.11674499511719,117.2249984741211,119.6624984741211,116.73750305175781,119.4000015258789,3948801
2021-09-17,84.5203857421875,117.7874984741211,118.3499984741211,114.30000305175781,117.4124984741211,9419281
2021-09-20,81.42589569091797,113.4749984741211,117.26249694824219,113.25,116.25,2638633
2021-09-21,81.74879455566406,113.92500305175781,114.9375,112.19999694824219,113.55000305175781,1850957
2021-09-22,82.12551879882812,114.44999694824219,115.80000305175781,113.7750015258789,114.0374984741211,1816095
2021-09-23,83.63241577148438,116.55000305175781,117.2249984741211,114.48750305175781,115.0875015258789,3532363
2021-09-24,82.12551879882812,114.44999694824219,117.9375,113.7750015258789,116.69999694824219,4412819
2021-09-27,81.58734130859375,113.69999694824219,116.4375,113.17500305175781,115.19999694824219,4286771
2021-09-28,85.73129272460938,119.4749984741211,121.5,113.7750015258789,114.3375015258789,14143965
2021-09-29,87.37271118164062,121.76249694824219,124.5,117.5999984741211,119.69999694824219,12576163
2021-09-30,84.95092010498047,118.38749694824219,122.9625015258789,117.75,121.76249694824219,11558010
2021-10-01,84.00911712646484,117.07499694824219,118.61250305175781,115.125,118.42500305175781,7635189
2021-10-04,85.48910522460938,119.13749694824219,119.7750015258789,117.375,117.44999694824219,3260442
2021-10-05,86.9959945678711,121.23750305175781,122.625,119.13749694824219,119.51249694824219,8279009
2021-10-06,84.6549301147461,117.9749984741211,122.4375,117.0,122.4375,6735775
2021-10-07,85.11238861083984,118.61250305175781,120.07499694824219,118.1624984741211,118.7249984741211,3415690
2021-10-08,84.8970947265625,118.3125,119.4375,117.2249984741211,119.17500305175781,3286333
2021-10-11,85.67747497558594,119.4000015258789,121.9124984741211,119.0250015258789,120.2249984741211,5005618
2021-10-12,85.91963958740234,119.73750305175781,120.26249694824219,117.75,119.36250305175781,5129422
2021-10-13,86.1080093383789,120.0,122.0625,119.6624984741211,120.5625,6888073
2021-10-14,88.66434478759766,123.5625,126.63749694824219,119.7750015258789,120.75,28658122
2021-10-18,88.85269927978516,123.82499694824219,126.1500015258789,122.8499984741211,125.9625015258789,10446510
2021-10-19,84.70875549316406,118.05000305175781,124.76249694824219,117.30000305175781,124.5,9119558
2021-10-20,82.6636962890625,115.19999694824219,118.875,114.1500015258789,116.69999694824219,6240486
2021-10-21,83.20186614990234,115.94999694824219,117.375,114.9000015258789,116.32499694824219,8089525
2021-10-22,81.2375259399414,113.2125015258789,117.0,112.01249694824219,116.625,7939197
2021-10-25,79.9458999633789,111.4124984741211,114.0374984741211,110.32499694824219,113.73750305175781,6899531
2021-10-26,81.64115905761719,113.7750015258789,115.0875015258789,111.0,111.9000015258789,9404410
2021-10-27,84.03604125976562,117.11250305175781,118.875,113.88749694824219,113.9625015258789,8728597
2021-10-28,80.75316619873047,112.5374984741211,117.48750305175781,111.63749694824219,117.0,6381133
2021-10-29,79.99971008300781,111.48750305175781,114.0374984741211,109.98750305175781,112.7249984741211,9355967
2021-11-01,80.8338851928711,112.6500015258789,113.9625015258789,110.32499694824219,113.0999984741211,9074795
2021-11-02,81.3720703125,113.4000015258789,114.86250305175781,113.0250015258789,113.2874984741211,5231263
2021-11-03,82.233154296875,114.5999984741211,116.69999694824219,113.25,114.375,5571269
2021-11-04,82.50224304199219,114.9749984741211,115.4625015258789,114.63749694824219,115.42500305175781,595251
2021-11-08,83.25569152832031,116.0250015258789,116.73750305175781,115.05000305175781,115.19999694824219,4271967
2021-11-09,82.20623779296875,114.5625,116.4749984741211,114.07499694824219,116.0625,4084763
2021-11-10,82.85203552246094,115.4625015258789,116.0625,113.625,114.07499694824219,4604093
2021-11-11,81.94941711425781,112.3499984741211,113.7750015258789,110.32499694824219,113.4749984741211,5676507
2021-11-12,79.6791000366211,109.23750305175781,113.17500305175781,108.5999984741211,113.17500305175781,8843363
2021-11-15,77.73704528808594,106.57499694824219,109.42500305175781,106.3499984741211,109.42500305175781,6113538
2021-11-16,76.58822631835938,105.0,107.0250015258789,104.55000305175781,106.875,7735005
2021-11-17,75.71294403076172,103.80000305175781,106.6875,103.57499694824219,105.0,5783695
2021-11-18,74.5367431640625,102.1875,104.55000305175781,102.07499694824219,104.0999984741211,4693974
2021-11-22,72.97764587402344,100.05000305175781,102.7125015258789,99.3375015258789,102.5625,10634843
2021-11-23,73.88027954101562,101.2874984741211,102.48750305175781,99.11250305175781,99.67500305175781,8809554
2021-11-24,73.66146850585938,100.98750305175781,102.5999984741211,100.5,102.07499694824219,7746349
2021-11-25,73.14175415039062,100.2750015258789,101.0999984741211,98.73750305175781,100.94999694824219,6366957
2021-11-26,71.1449966430664,97.5374984741211,99.67500305175781,97.05000305175781,99.375,10451838
2021-11-29,70.51588439941406,96.67500305175781,98.25,94.61250305175781,97.19999694824219,6847174
2021-11-30,73.60676574707031,100.9124984741211,106.05000305175781,95.88749694824219,97.5,148766733
2021-12-01,73.55207061767578,100.8375015258789,102.4124984741211,99.9749984741211,101.8499984741211,5770227
2021-12-02,73.57939910888672,100.875,102.3375015258789,100.1624984741211,100.94999694824219,8193455
2021-12-03,72.51263427734375,99.4124984741211,101.4375,99.07499694824219,100.42500305175781,16718095
2021-12-06,72.64940643310547,99.5999984741211,101.0625,98.8125,99.44999694824219,9322681
2021-12-07,73.60676574707031,100.9124984741211,101.5875015258789,99.375,99.9375,12173799
2021-12-08,74.4820556640625,102.11250305175781,102.375,100.9124984741211,101.2874984741211,10525678
2021-12-09,74.8102798461914,102.5625,103.19999694824219,101.2874984741211,102.375,10422967
2021-12-10,74.5367431640625,102.1875,102.7125015258789,100.6500015258789,101.36250305175781,12160343
2021-12-13,74.89234924316406,102.67500305175781,104.0250015258789,101.7750015258789,102.1875,10149927
2021-12-14,74.864990234375,102.63749694824219,103.3499984741211,101.32499694824219,101.73750305175781,8731150
2021-12-15,73.88027954101562,101.2874984741211,103.125,100.875,102.9000015258789,5701374
2021-12-16,73.19646453857422,100.3499984741211,101.9625015258789,99.63749694824219,101.2874984741211,9325779
2021-12-17,71.82881927490234,98.4749984741211,100.94999694824219,97.2750015258789,100.9124984741211,15167111
2021-12-20,69.17556762695312,94.8375015258789,97.42500305175781,93.86250305175781,97.1624984741211,9841995
2021-12-21,69.58586120605469,95.4000015258789,97.0875015258789,94.9124984741211,95.51249694824219,4785247
2021-12-22,70.68000030517578,96.9000015258789,97.19999694824219,94.94999694824219,95.625,6478953
2021-12-23,72.51263427734375,99.4124984741211,99.9375,97.0875015258789,97.57499694824219,5549313
2021-12-24,71.88351440429688,98.55000305175781,100.05000305175781,98.32499694824219,100.05000305175781,4010054
2021-12-27,71.99291229248047,98.69999694824219,99.3375015258789,97.05000305175781,98.0625,3032223
2021-12-28,72.3211669921875,99.1500015258789,99.48750305175781,98.4749984741211,99.0,3245167
2021-12-29,72.18440246582031,98.9625015258789,100.125,98.6624984741211,99.5999984741211,3249737
2021-12-30,71.6920394897461,98.2874984741211,99.44999694824219,97.6500015258789,99.11250305175781,3531202
2021-12-31,73.19646453857422,100.3499984741211,100.875,98.32499694824219,98.32499694824219,3185170
2022-01-03,74.01705169677734,101.4749984741211,101.88749694824219,99.9749984741211,100.80000305175781,5494089
2022-01-04,74.50939178466797,102.1500015258789,103.01249694824219,101.51249694824219,101.8499984741211,4885165
2022-01-05,74.64617919921875,102.3375015258789,102.9000015258789,101.9625015258789,102.5999984741211,2491817
2022-01-06,74.864990234375,102.63749694824219,102.82499694824219,101.0625,102.67500305175781,3340823
2022-01-07,74.61882019042969,102.30000305175781,103.6500015258789,101.4749984741211,102.75,4452871
2022-01-10,76.64292907714844,105.07499694824219,105.375,102.48750305175781,102.48750305175781,6685729
2022-01-11,75.49411010742188,103.5,105.5999984741211,103.0875015258789,105.5625,4069530
2022-01-12,76.12322998046875,104.36250305175781,104.73750305175781,103.19999694824219,104.0625,2879038
2022-01-13,76.61558532714844,105.0374984741211,106.125,104.0250015258789,104.25,4413423
2022-01-14,76.15058135986328,104.4000015258789,105.375,104.13749694824219,105.0374984741211,2828831
2022-01-17,76.47881317138672,104.8499984741211,105.3375015258789,104.17500305175781,104.4000015258789,2211889
2022-01-18,74.61882019042969,102.30000305175781,105.9000015258789,102.0,105.0,3664375
2022-01-19,75.41204833984375,103.38749694824219,103.875,101.55000305175781,102.63749694824219,3162527
2022-01-20,75.52146911621094,103.5374984741211,104.625,102.7874984741211,103.42500305175781,2926350
2022-01-21,72.70411682128906,99.67500305175781,103.5,99.11250305175781,103.2750015258789,3844671
2022-01-24,70.70735168457031,96.9375,100.2750015258789,96.1500015258789,100.2750015258789,5594007
2022-01-25,71.96556854248047,98.6624984741211,99.0,95.88749694824219,97.125,6732153
2022-01-27,73.52470397949219,100.80000305175781,101.0999984741211,97.94999694824219,98.625,6043766
2022-01-28,73.96235656738281,101.4000015258789,103.4625015258789,101.0999984741211,101.7750015258789,4826314
2022-01-31,75.84970092773438,103.98750305175781,104.51249694824219,100.875,102.82499694824219,10509363
2022-02-01,76.3420639038086,104.6624984741211,105.11250305175781,102.9000015258789,104.5875015258789,9770014
2022-02-02,77.70970916748047,106.5374984741211,106.9124984741211,104.73750305175781,105.0,5238479
2022-02-03,76.91646575927734,105.44999694824219,107.4749984741211,104.9625015258789,107.17500305175781,5476739
2022-02-04,76.91646575927734,105.44999694824219,106.5374984741211,103.05000305175781,106.125,28956586
2022-02-07,75.05647277832031,102.9000015258789,105.9749984741211,102.3375015258789,105.75,10684595
2022-02-08,74.01705169677734,101.4749984741211,103.19999694824219,100.05000305175781,102.9000015258789,8497857
2022-02-09,75.68558502197266,103.76249694824219,103.98750305175781,101.4000015258789,102.0,5328593
2022-02-10,77.05323028564453,105.63749694824219,105.9000015258789,103.76249694824219,104.0625,6287827
2022-02-11,76.0138168334961,104.2125015258789,105.75,103.98750305175781,105.1875,5977837
2022-02-14,73.16911315917969,100.3125,103.2750015258789,99.82499694824219,103.0875015258789,8892293
2022-02-15,74.11416625976562,97.05000305175781,97.3499984741211,94.3499984741211,97.3499984741211,9860857
2022-02-16,74.45779418945312,97.5,99.375,97.19999694824219,97.5,5442447
2022-02-17,72.65361785888672,95.13749694824219,98.13749694824219,94.875,98.13749694824219,5808171
2022-02-18,72.30998229980469,94.6875,95.5875015258789,93.7874984741211,94.38749694824219,6130407
2022-02-21,71.88040924072266,94.125,95.5875015258789,93.26249694824219,94.5,3556129
2022-02-22,70.87811279296875,92.8125,93.5250015258789,91.19999694824219,93.0374984741211,5583067
2022-02-23,71.56539916992188,93.7125015258789,94.875,93.1500015258789,93.375,3587586
2022-02-24,67.01203918457031,87.75,92.13749694824219,87.44999694824219,92.0625,8936817
2022-02-25,69.04529571533203,90.4124984741211,92.2125015258789,89.4000015258789,89.5875015258789,5895191
2022-02-28,70.19080352783203,91.9124984741211,92.4749984741211,88.42500305175781,88.5,7189902
2022-03-02,69.99032592773438,91.6500015258789,93.0,90.75,91.5,4452767
2022-03-03,70.30533599853516,92.0625,93.5250015258789,91.6500015258789,92.0625,3089573
2022-03-04,70.7635498046875,92.6624984741211,93.75,91.2750015258789,91.42500305175781,3459053
2022-03-07,69.13121032714844,90.5250015258789,91.80000305175781,89.36250305175781,91.5,5249878
2022-03-08,70.50581359863281,92.32499694824219,92.9625015258789,90.11250305175781,90.5250015258789,5603921
2022-03-09,71.0499267578125,93.0374984741211,93.67500305175781,92.13749694824219,92.8499984741211,4744151
2022-03-10,70.96401977539062,92.92500305175781,94.57499694824219,92.2874984741211,93.9375,5451014
2022-03-11,71.99497985839844,94.2750015258789,94.5,92.25,92.25,4285499
2022-03-14,70.87811279296875,92.8125,94.6500015258789,91.7249984741211,94.5,4368282
2022-03-15,69.9044189453125,91.5374984741211,93.5250015258789,91.05000305175781,92.7750015258789,5331370
2022-03-16,70.67764282226562,92.55000305175781,92.8125,91.9124984741211,92.2125015258789,5318215
2022-03-17,72.02360534667969,94.3125,95.2125015258789,93.0,93.0374984741211,6844035
2022-03-21,71.36492919921875,93.44999694824219,94.8375015258789,93.30000305175781,94.5,3176026
2022-03-22,71.93769073486328,94.19999694824219,94.42500305175781,92.69999694824219,93.63749694824219,2676033
2022-03-23,72.33861541748047,94.7249984741211,95.17500305175781,94.01249694824219,94.4625015258789,3128263
2022-03-24,71.65131378173828,93.82499694824219,95.17500305175781,93.5999984741211,94.3499984741211,3695230
2022-03-25,71.16448211669922,93.1875,94.5,93.0,94.5,2973326
2022-03-28,70.4771728515625,92.2874984741211,93.5250015258789,91.42500305175781,93.1875,4240135
2022-03-29,70.30533599853516,92.0625,93.3375015258789,91.61250305175781,92.5875015258789,3056973
2022-03-30,70.70628356933594,92.5875015258789,92.92500305175781,92.0625,92.92500305175781,5702629
2022-03-31,70.4771728515625,92.2874984741211,92.9625015258789,91.94999694824219,92.9625015258789,6672771
2022-04-01,72.65361785888672,95.13749694824219,95.4000015258789,92.17500305175781,92.32499694824219,9326033
2022-04-04,75.20238494873047,98.4749984741211,98.69999694824219,95.32499694824219,95.32499694824219,8676633
2022-04-05,75.83242797851562,99.30000305175781,99.7125015258789,97.80000305175781,99.1875,4920641
2022-04-06,76.46244812011719,100.125,101.0999984741211,98.69999694824219,98.9625015258789,7099523
2022-04-07,76.2046890258789,99.7874984741211,101.8499984741211,99.07499694824219,100.125,5871309
2022-04-08,76.63426208496094,100.3499984741211,100.6875,99.44999694824219,99.75,3423786
2022-04-11,76.69154357910156,100.42500305175781,100.94999694824219,99.7125015258789,100.42500305175781,2657746
2022-04-12,74.91598510742188,98.0999984741211,100.3125,97.42500305175781,100.3125,4456422
2022-04-13,74.74419403076172,97.875,98.88749694824219,97.57499694824219,98.25,3122287
2022-04-18,74.91598510742188,98.0999984741211,98.51249694824219,96.5625,98.13749694824219,3012578
2022-04-19,74.14278411865234,97.0875015258789,99.5999984741211,96.0,98.69999694824219,3609411
2022-04-20,73.6273193359375,96.4124984741211,97.6875,95.88749694824219,97.3499984741211,3108583
2022-04-21,74.45779418945312,97.5,97.76249694824219,96.7125015258789,96.9749984741211,2994037
2022-04-22,73.59867095947266,96.375,97.57499694824219,96.1500015258789,96.9000015258789,2006563
2022-04-25,72.16679382324219,94.5,96.26249694824219,94.125,96.0,3879475
2022-04-26,73.42686462402344,96.1500015258789,96.75,94.9124984741211,95.32499694824219,3406898
2022-04-27,72.76818084716797,95.2874984741211,96.1500015258789,94.94999694824219,95.9625015258789,2476378
2022-04-28,73.02592468261719,95.625,96.1500015258789,94.76249694824219,95.92500305175781,2480205
2022-04-29,72.73955535888672,95.25,97.2750015258789,94.94999694824219,96.7125015258789,3700807
2022-05-02,72.45317077636719,94.875,95.2125015258789,93.86250305175781,94.4625015258789,2118795
2022-05-04,70.70628356933594,92.5875015258789,95.73750305175781,92.25,95.55000305175781,3894841
2022-05-05,70.62035369873047,92.4749984741211,94.80000305175781,92.2874984741211,93.0374984741211,2863121
2022-05-06,70.19080352783203,91.9124984741211,92.2874984741211,90.26249694824219,92.0250015258789,3720034
2022-05-09,69.84715270996094,91.4625015258789,92.4749984741211,89.625,91.875,4999449
2022-05-10,68.93074798583984,90.26249694824219,93.07499694824219,90.11250305175781,91.5,3026913
2022-05-11,67.92842102050781,88.94999694824219,91.1624984741211,87.30000305175781,90.75,6323694
2022-05-12,66.38199615478516,86.92500305175781,88.94999694824219,85.9124984741211,88.5374984741211,6555770
2022-05-13,65.29378509521484,85.5,88.7249984741211,85.125,87.7874984741211,8043958
2022-05-16,66.18152618408203,86.6624984741211,87.3375015258789,84.9375,86.4375,4935810
2022-05-17,68.04298400878906,89.0999984741211,89.32499694824219,86.55000305175781,87.375,4148009
2022-05-18,67.6134262084961,88.5374984741211,90.0374984741211,88.125,89.6624984741211,4295745
2022-05-19,66.55381774902344,87.1500015258789,87.67500305175781,86.4000015258789,87.44999694824219,3615695
2022-05-20,67.44158935546875,88.3125,88.6875,87.5999984741211,87.9749984741211,2532203
2022-05-23,68.15751647949219,89.25,90.1500015258789,88.42500305175781,89.2125015258789,3728799
2022-05-24,67.64204406738281,88.57499694824219,89.8499984741211,88.0875015258789,89.69999694824219,2890658
2022-05-25,66.69701385498047,87.3375015258789,89.17500305175781,87.07499694824219,88.80000305175781,2374086
2022-05-26,67.9856948852539,89.0250015258789,89.5875015258789,86.0625,88.3499984741211,5252889
2022-05-27,68.70165252685547,89.9625015258789,90.48750305175781,88.875,89.4749984741211,4043779
2022-05-30,68.7589111328125,90.0374984741211,90.75,89.4000015258789,90.75,4712957
2022-05-31,68.24342346191406,89.36250305175781,90.3375015258789,88.875,90.0,12336197
2022-06-01,68.15751647949219,89.25,90.3375015258789,88.9124984741211,89.55000305175781,3812158
2022-06-02,69.21713256835938,90.63749694824219,91.0875015258789,89.0625,89.2125015258789,5179774
2022-06-03,68.24342346191406,89.36250305175781,91.3499984741211,89.25,91.3499984741211,4255277
2022-06-06,66.18152618408203,86.6624984741211,89.0999984741211,85.98750305175781,88.76249694824219,8843911
2022-06-07,66.58245849609375,87.1875,87.5999984741211,85.98750305175781,86.25,3482814
2022-06-08,68.01434326171875,89.0625,89.5875015258789,87.1500015258789,87.7125015258789,4443819
2022-06-09,67.58477020263672,88.5,88.98750305175781,88.1624984741211,88.7249984741211,2006634
2022-06-10,67.47021484375,88.3499984741211,88.875,87.48750305175781,88.125,2495693
2022-06-13,65.49422454833984,85.76249694824219,87.5625,85.61250305175781,87.26249694824219,4884247
2022-06-14,65.00738525390625,85.125,86.8125,84.7125015258789,85.5,3772003
2022-06-15,65.12193298339844,85.2750015258789,85.6500015258789,84.5250015258789,85.3125,2848885
2022-06-16,64.17689514160156,84.0374984741211,86.0999984741211,83.6624984741211,85.8375015258789,4167937
2022-06-17,64.60646057128906,84.5999984741211,85.57499694824219,82.5,84.0,6852998
2022-06-20,63.690067291259766,83.4000015258789,85.5,82.23750305175781,85.5,6389374
2022-06-21,66.35334014892578,86.88749694824219,87.2249984741211,83.88749694824219,83.92500305175781,5000902
2022-06-22,66.038330078125,86.4749984741211,87.44999694824219,85.875,86.92500305175781,3914105
2022-06-23,66.95474243164062,87.67500305175781,87.9000015258789,86.0999984741211,86.6624984741211,3784051
2022-06-24,67.55614471435547,88.4625015258789,89.0250015258789,87.9000015258789,88.3499984741211,3955377
2022-06-27,68.35798645019531,89.51249694824219,90.0,89.0250015258789,89.69999694824219,3023646
2022-06-28,68.8448257446289,90.1500015258789,90.5999984741211,89.2874984741211,89.4749984741211,4964942
2022-06-29,68.73028564453125,90.0,90.26249694824219,88.9124984741211,89.5875015258789,2959094
2022-06-30,70.87811279296875,92.8125,93.0,90.44999694824219,90.9000015258789,10286142
2022-07-01,71.99497985839844,94.2750015258789,94.5,90.07499694824219,92.0999984741211,25435899
2022-07-04,73.91368865966797,96.7874984741211,97.19999694824219,94.23750305175781,94.8375015258789,8936519
2022-07-05,73.45549011230469,96.1875,97.875,95.25,97.3499984741211,35671303
2022-07-06,74.25733184814453,97.23750305175781,97.3499984741211,95.55000305175781,95.92500305175781,3545326
2022-07-07,74.4291763305664,97.4625015258789,98.0625,96.7874984741211,97.875,3349231
2022-07-08,74.91598510742188,98.0999984741211,98.4375,97.3499984741211,97.98750305175781,4014009
2022-07-11,74.74419403076172,97.875,98.625,97.3125,97.94999694824219,6949966
2022-07-12,73.822509765625,93.11250305175781,94.38749694824219,92.92500305175781,94.0875015258789,5494322
2022-07-13,72.63327026367188,91.61250305175781,93.30000305175781,91.19999694824219,93.2249984741211,4113181
2022-07-14,72.1278305053711,90.9749984741211,92.17500305175781,90.44999694824219,91.5,4283942
2022-07-15,72.30622863769531,91.19999694824219,91.38749694824219,90.07499694824219,91.05000305175781,2430447
2022-07-18,73.52521514892578,92.73750305175781,93.0374984741211,91.23750305175781,91.875,3435763
2022-07-19,74.92256164550781,94.5,94.7249984741211,92.2125015258789,92.625,2864850
2022-07-20,74.38740539550781,93.82499694824219,95.25,93.44999694824219,95.25,4035749
2022-07-21,74.86310577392578,94.42500305175781,94.57499694824219,93.375,93.9000015258789,4781237
2022-07-22,75.01176452636719,94.61250305175781,94.9124984741211,94.3125,94.6875,2891418
2022-07-25,76.17129516601562,96.07499694824219,96.5250015258789,94.7249984741211,94.80000305175781,4189914
2022-07-26,75.24961853027344,94.9124984741211,96.67500305175781,94.80000305175781,96.5625,2964979
2022-07-27,76.88481903076172,96.9749984741211,97.0875015258789,94.98750305175781,94.98750305175781,4694373
2022-07-28,77.0037612915039,97.125,97.80000305175781,96.63749694824219,97.5374984741211,3612602
2022-07-29,77.89567565917969,98.25,98.6624984741211,97.3125,97.61250305175781,4047243
2022-08-01,78.9957504272461,99.63749694824219,99.75,98.625,99.0,3930194
2022-08-02,79.8876724243164,100.76249694824219,101.13749694824219,99.1500015258789,99.75,4258578
2022-08-03,79.53089904785156,100.3125,101.13749694824219,99.0,100.80000305175781,3081570
2022-08-04,78.90653991699219,99.5250015258789,100.8375015258789,98.5875015258789,100.8375015258789,3071194
2022-08-05,79.38224029541016,100.125,100.6875,99.5999984741211,99.75,3529711
2022-08-08,79.35250854492188,100.0875015258789,100.80000305175781,99.4124984741211,100.80000305175781,3878742
2022-08-10,79.44170379638672,100.19999694824219,100.5,99.2249984741211,100.125,3712661
2022-08-11,80.54176330566406,101.5875015258789,101.8125,99.86250305175781,100.5,4575851
2022-08-12,81.52288818359375,102.82499694824219,103.38749694824219,101.5875015258789,102.0,6812255
2022-08-16,81.7012710571289,103.05000305175781,103.9124984741211,102.11250305175781,103.9124984741211,6514294
2022-08-17,83.64372253417969,105.5,106.0,102.80000305175781,103.55000305175781,11144403
2022-08-18,83.60407257080078,105.44999694824219,106.44999694824219,104.80000305175781,105.80000305175781,5286338
2022-08-19,83.16802215576172,104.9000015258789,105.69999694824219,104.4000015258789,105.69999694824219,3209778
2022-08-22,81.93912506103516,103.3499984741211,104.80000305175781,103.19999694824219,104.80000305175781,3119733
2022-08-23,83.5644302368164,105.4000015258789,105.6500015258789,102.5,102.6500015258789,3954118
2022-08-24,83.7229995727539,105.5999984741211,105.8499984741211,104.30000305175781,105.3499984741211,2277452
2022-08-25,85.46723937988281,107.80000305175781,108.69999694824219,105.8499984741211,106.0,4611081
2022-08-26,86.10148620605469,108.5999984741211,109.69999694824219,108.30000305175781,108.9000015258789,6251906
2022-08-29,85.03117370605469,107.25,107.69999694824219,106.0,106.25,7070586
2022-08-30,86.22041320800781,108.75,109.44999694824219,107.0,108.0,7042420
2022-09-01,85.15010070800781,107.4000015258789,108.4000015258789,106.9000015258789,108.0,6817616
2022-09-02,84.9518814086914,107.1500015258789,108.30000305175781,106.8499984741211,108.1500015258789,3236786
2022-09-05,84.23834991455078,106.25,108.05000305175781,106.0,107.6500015258789,3723607
2022-09-06,85.5861587524414,107.94999694824219,109.25,105.5999984741211,106.9000015258789,5284384
2022-09-07,85.50686645507812,107.8499984741211,108.8499984741211,107.5,107.6500015258789,4119501
2022-09-08,84.39690399169922,106.44999694824219,108.44999694824219,105.94999694824219,108.44999694824219,4552160
2022-09-09,83.5247802734375,105.3499984741211,107.0,104.94999694824219,107.0,3424316
2022-09-12,84.04013061523438,106.0,106.5999984741211,105.3499984741211,105.5,3073061
2022-09-13,84.07978057861328,106.05000305175781,106.9000015258789,106.0,106.69999694824219,3262485
2022-09-14,83.3662109375,105.1500015258789,106.0999984741211,104.75,105.0,3184879
2022-09-15,84.35726928710938,106.4000015258789,106.9000015258789,104.94999694824219,105.5,4457007
2022-09-16,82.49410247802734,104.05000305175781,107.6500015258789,102.69999694824219,106.9000015258789,14638356
2022-09-19,81.74092864990234,103.0999984741211,104.75,102.80000305175781,104.4000015258789,2917515
2022-09-20,82.09770202636719,103.55000305175781,104.19999694824219,103.1500015258789,104.19999694824219,2623827
2022-09-21,81.54270935058594,102.8499984741211,104.0999984741211,102.44999694824219,103.55000305175781,3635123
2022-09-22,82.17698669433594,103.6500015258789,104.0,102.19999694824219,102.80000305175781,4735736
2022-09-23,80.3138198852539,101.30000305175781,103.5,101.0,102.94999694824219,4448206
2022-09-26,77.57856750488281,97.8499984741211,100.9000015258789,97.5999984741211,100.0,6219141
2022-09-27,76.78572082519531,96.8499984741211,99.19999694824219,96.5,97.94999694824219,9330496
2022-09-28,75.83431243896484,95.6500015258789,96.80000305175781,95.5,96.0999984741211,6793224
2022-09-29,74.72434997558594,94.25,96.5999984741211,93.30000305175781,96.0999984741211,8961792
2022-09-30,74.52616119384766,94.0,94.69999694824219,92.8499984741211,94.25,13253472
2022-10-03,72.78192138671875,91.80000305175781,94.1500015258789,91.4000015258789,94.1500015258789,9460434
2022-10-04,74.24866485595703,93.6500015258789,94.0,92.5,92.9000015258789,6252237
2022-10-06,75.71540832519531,95.5,95.75,94.0999984741211,94.80000305175781,6223294
2022-10-07,75.43791198730469,95.1500015258789,95.5,94.4000015258789,95.5,3603038
2022-10-10,73.73332214355469,93.0,94.44999694824219,92.80000305175781,94.0,7257911
2022-10-11,72.98014068603516,92.05000305175781,93.4000015258789,91.9000015258789,93.25,4162842
2022-10-12,73.25761413574219,92.4000015258789,92.8499984741211,91.5999984741211,92.1500015258789,4886498
2022-10-13,72.90084838867188,91.94999694824219,92.69999694824219,91.4000015258789,92.69999694824219,6193522
2022-10-14,72.86119842529297,91.9000015258789,93.19999694824219,91.6500015258789,93.0999984741211,5376042
2022-10-17,72.66300964355469,91.6500015258789,92.0999984741211,91.05000305175781,91.9000015258789,5555192
2022-10-18,74.4468765258789,93.9000015258789,94.30000305175781,91.8499984741211,92.1500015258789,8152180
2022-10-19,74.28829956054688,93.69999694824219,94.69999694824219,93.4000015258789,94.5999984741211,7192398
2022-10-20,74.24866485595703,93.6500015258789,93.9000015258789,92.5999984741211,93.5,4971659
2022-10-21,74.24866485595703,93.6500015258789,94.3499984741211,93.3499984741211,94.0,4485275
2022-10-24,75.0414810180664,94.6500015258789,94.94999694824219,94.19999694824219,94.94999694824219,1462832
2022-10-25,74.84329223632812,94.4000015258789,95.0999984741211,93.1500015258789,94.94999694824219,9001250
2022-10-27,76.50822448730469,96.5,97.0,94.30000305175781,95.19999694824219,17893756
2022-10-28,79.1642074584961,99.8499984741211,100.30000305175781,96.75,97.4000015258789,23243795
2022-10-31,81.30486297607422,102.55000305175781,103.0999984741211,99.69999694824219,101.25,18175401
2022-11-01,81.78056335449219,103.1500015258789,103.69999694824219,102.5,103.0,9274933
2022-11-02,81.97876739501953,103.4000015258789,104.25,102.75,104.0,8339979
2022-11-03,82.57340240478516,104.1500015258789,104.30000305175781,102.75,103.0,13117383
2022-11-04,82.4544677734375,104.0,104.6500015258789,103.5999984741211,104.19999694824219,12081873
2022-11-07,84.57828521728516,101.55000305175781,101.8499984741211,99.4000015258789,100.19999694824219,13065969
2022-11-09,83.99527740478516,100.8499984741211,101.9000015258789,100.19999694824219,101.55000305175781,6004697
2022-11-10,82.9958267211914,99.6500015258789,100.4000015258789,99.0,100.4000015258789,10072926
2022-11-11,83.20405578613281,99.9000015258789,101.1500015258789,99.1500015258789,100.4000015258789,10433369
2022-11-14,83.37062072753906,100.0999984741211,100.5999984741211,99.30000305175781,100.25,3900469
2022-11-15,83.49555206298828,100.25,100.80000305175781,99.80000305175781,100.55000305175781,4061038
2022-11-16,83.03746795654297,99.69999694824219,100.8499984741211,99.25,100.25,4992320
2022-11-17,83.53720092773438,100.30000305175781,101.75,99.1500015258789,99.6500015258789,10292615
2022-11-18,83.32899475097656,100.05000305175781,101.25,99.5,100.5,7268505
2022-11-21,82.9958267211914,99.6500015258789,100.30000305175781,99.05000305175781,100.0999984741211,5618444
2022-11-22,83.03746795654297,99.69999694824219,100.19999694824219,99.44999694824219,100.1500015258789,7762721
2022-11-23,82.95418548583984,99.5999984741211,100.3499984741211,99.44999694824219,100.0999984741211,7302106
2022-11-24,86.03582763671875,103.30000305175781,103.75,99.69999694824219,99.94999694824219,18875982
2022-11-25,90.82484436035156,109.05000305175781,109.94999694824219,103.0999984741211,103.5,29877176
2022-11-28,91.82430267333984,110.25,113.80000305175781,109.44999694824219,109.75,29859790
2022-11-29,91.15798950195312,109.44999694824219,111.30000305175781,109.0999984741211,110.80000305175781,8830643
2022-11-30,91.90758514404297,110.3499984741211,111.0,109.44999694824219,109.8499984741211,11415274
2022-12-01,92.40729522705078,110.94999694824219,112.0,109.6500015258789,112.0,9937044
2022-12-02,92.44894409179688,111.0,111.5,110.19999694824219,111.5,6129727
2022-12-05,93.1568832397461,111.8499984741211,113.05000305175781,110.5,111.4000015258789,11813355
2022-12-06,92.36564636230469,110.9000015258789,112.1500015258789,110.5,111.80000305175781,6283354
2022-12-07,94.1563491821289,113.05000305175781,113.5,110.6500015258789,110.80000305175781,16848824
2022-12-08,95.19744110107422,114.30000305175781,115.0,113.19999694824219,113.6500015258789,13925336
2022-12-09,92.99031066894531,111.6500015258789,115.69999694824219,109.6500015258789,114.94999694824219,10866022
2022-12-12,93.73988342285156,112.55000305175781,112.69999694824219,110.55000305175781,111.3499984741211,7912674
2022-12-13,93.24017333984375,111.94999694824219,113.0,111.1500015258789,112.69999694824219,9509178
2022-12-14,94.36455535888672,113.30000305175781,114.05000305175781,112.05000305175781,112.30000305175781,7451278
2022-12-15,95.11412811279297,114.19999694824219,115.5999984741211,112.8499984741211,113.5,14198423
2022-12-16,92.36564636230469,110.9000015258789,114.3499984741211,110.6500015258789,113.94999694824219,9252067
2022-12-19,94.36455535888672,113.30000305175781,113.80000305175781,111.0,111.0,7003000
2022-12-20,93.49003601074219,112.25,113.30000305175781,111.0,113.30000305175781,5323451
2022-12-21,91.65772247314453,110.05000305175781,112.94999694824219,109.80000305175781,112.80000305175781,9464490
2022-12-22,93.6982650756836,112.5,113.44999694824219,110.1500015258789,111.5999984741211,17816529
2022-12-23,90.57496643066406,108.75,112.44999694824219,108.25,112.0,12678874
2022-12-26,94.94755554199219,114.0,114.5999984741211,108.0,108.80000305175781,11744504
2022-12-27,94.48948669433594,113.44999694824219,115.44999694824219,112.30000305175781,114.5,7594964
2022-12-28,94.40621185302734,113.3499984741211,114.80000305175781,112.80000305175781,113.44999694824219,5763285
2022-12-29,94.82261657714844,113.8499984741211,114.05000305175781,111.5,113.0,6321264
2022-12-30,97.02975463867188,116.5,118.5,113.5999984741211,114.0999984741211,16350601
2023-01-02,100.27796173095703,120.4000015258789,120.75,117.0,117.80000305175781,19310744
2023-01-03,102.44343566894531,123.0,123.9000015258789,119.75,121.25,27524213
2023-01-04,101.7771224975586,122.19999694824219,123.8499984741211,119.94999694824219,122.8499984741211,14375149
2023-01-05,103.15138244628906,123.8499984741211,124.25,121.05000305175781,122.9000015258789,9774790
2023-01-06,103.02645111083984,123.69999694824219,126.0999984741211,122.5999984741211,124.3499984741211,15575269
2023-01-09,104.56726837158203,125.55000305175781,126.25,124.30000305175781,124.94999694824219,8916789
2023-01-10,102.56836700439453,123.1500015258789,125.80000305175781,122.0999984741211,125.6500015258789,8123881
2023-01-11,101.40233612060547,121.75,123.69999694824219,121.0,123.5999984741211,7187284
2023-01-12,100.48619079589844,120.6500015258789,122.1500015258789,119.3499984741211,122.0,6547602
2023-01-13,102.27686309814453,122.80000305175781,123.44999694824219,120.30000305175781,121.0,5902262
2023-01-16,102.8182144165039,123.44999694824219,124.4000015258789,122.25,123.0,6285534
2023-01-17,102.5267105102539,123.0999984741211,124.25,121.25,123.69999694824219,6968664
2023-01-18,103.02645111083984,123.69999694824219,124.3499984741211,122.94999694824219,123.5,7636685
2023-01-19,102.90151977539062,123.55000305175781,123.80000305175781,122.5,123.5,3815492
2023-01-20,103.35957336425781,124.0999984741211,125.5,123.3499984741211,123.94999694824219,9653692
2023-01-23,103.56781005859375,124.3499984741211,124.94999694824219,123.80000305175781,124.94999694824219,3611592
2023-01-24,102.36013793945312,122.9000015258789,124.8499984741211,122.3499984741211,124.75,3929827
2023-01-25,100.3612289428711,120.5,123.19999694824219,119.5999984741211,122.9000015258789,10632753
2023-01-27,95.90538024902344,115.1500015258789,120.94999694824219,112.05000305175781,120.5,17188911
2023-01-30,96.57166290283203,115.94999694824219,118.55000305175781,114.75,115.30000305175781,7768757
2023-01-31,101.40233612060547,121.75,122.0999984741211,114.0,116.1500015258789,13672983
2023-02-01,97.82098388671875,117.44999694824219,123.0,115.94999694824219,122.9000015258789,14504365
2023-02-02,98.07086181640625,117.75,120.25,116.25,117.4000015258789,7459937
2023-02-03,98.9037094116211,118.75,119.0,115.5,118.25,6938807
2023-02-06,100.86096954345703,121.0999984741211,121.5,119.0,119.3499984741211,8742504
2023-02-07,100.44451904296875,120.5999984741211,123.3499984741211,120.19999694824219,121.44999694824219,9355097
2023-02-08,100.65275573730469,120.8499984741211,121.5,119.75,121.25,7409779
2023-02-09,100.39598083496094,117.30000305175781,118.55000305175781,115.94999694824219,117.55000305175781,6545269
2023-02-10,100.13921356201172,117.0,118.19999694824219,116.5,117.0,3526586
2023-02-13,97.6143569946289,114.05000305175781,117.25,113.3499984741211,116.80000305175781,5926426
2023-02-14,97.18640899658203,113.55000305175781,114.30000305175781,110.44999694824219,114.30000305175781,11217322
2023-02-15,99.15493774414062,115.8499984741211,116.25,113.0999984741211,113.30000305175781,5573008
2023-02-16,99.66847229003906,116.44999694824219,117.0999984741211,115.5999984741211,116.5,4019208
2023-02-17,98.94096374511719,115.5999984741211,116.55000305175781,114.8499984741211,115.8499984741211,3000421
2023-02-20,97.18640899658203,113.55000305175781,116.0,113.25,115.94999694824219,7418836
2023-02-21,97.52873992919922,113.94999694824219,115.4000015258789,112.5999984741211,113.55000305175781,4220675
2023-02-22,95.90255737304688,112.05000305175781,113.44999694824219,111.5,113.0,5557791
2023-02-23,96.54447937011719,112.80000305175781,113.1500015258789,111.25,112.0,3623161
2023-02-24,96.71566009521484,113.0,113.80000305175781,112.4000015258789,113.4000015258789,3476646
2023-02-27,95.774169921875,111.9000015258789,113.0,110.75,112.9000015258789,4467937
2023-02-28,97.82831573486328,114.30000305175781,115.0,111.94999694824219,112.19999694824219,9034566
2023-03-01,98.47023010253906,115.05000305175781,115.55000305175781,113.8499984741211,114.75,7363118
2023-03-02,99.0693588256836,115.75,116.0999984741211,114.8499984741211,115.25,3413410
2023-03-03,101.12348175048828,118.1500015258789,118.9000015258789,116.5,116.5,7553470
2023-03-06,103.94793701171875,121.44999694824219,122.25,118.25,118.75,9315446
2023-03-08,106.68678283691406,124.6500015258789,125.19999694824219,120.1500015258789,120.80000305175781,12807032
2023-03-09,107.88502502441406,126.05000305175781,128.4499969482422,124.69999694824219,124.94999694824219,13020658
2023-03-10,104.76103210449219,122.4000015258789,126.05000305175781,121.25,126.05000305175781,10105366
2023-03-13,102.40734100341797,119.6500015258789,123.44999694824219,119.0,123.19999694824219,7017652
2023-03-14,100.18199920654297,117.05000305175781,119.6500015258789,116.75,119.55000305175781,7954918
2023-03-15,99.92524719238281,116.75,119.5999984741211,116.4000015258789,117.5999984741211,6316701
2023-03-16,100.31039428710938,117.19999694824219,117.8499984741211,114.9000015258789,116.80000305175781,8218711
2023-03-17,101.29467010498047,118.3499984741211,118.94999694824219,115.6500015258789,118.0,17093755
2023-03-20,99.41169738769531,116.1500015258789,118.9000015258789,115.05000305175781,118.9000015258789,4336995
2023-03-21,101.55145263671875,118.6500015258789,118.8499984741211,116.19999694824219,116.94999694824219,6321736
2023-03-22,101.42305755615234,118.5,120.0999984741211,118.19999694824219,118.9000015258789,4909359
2023-03-23,100.48157501220703,117.4000015258789,118.9000015258789,117.05000305175781,118.0,4117362
2023-03-24,98.55582427978516,115.1500015258789,117.5,114.80000305175781,117.4000015258789,4063763
2023-03-27,98.47023010253906,115.05000305175781,115.9000015258789,113.80000305175781,115.1500015258789,4746510
2023-03-28,97.6571273803711,114.0999984741211,115.5,113.19999694824219,115.44999694824219,3499631
2023-03-29,99.0693588256836,115.75,116.0,113.80000305175781,114.05000305175781,3240893
2023-03-31,98.81258392333984,115.44999694824219,117.1500015258789,115.05000305175781,116.0,7157701
2023-04-03,100.22480773925781,117.0999984741211,117.30000305175781,115.6500015258789,116.1500015258789,3774391
2023-04-05,100.73834228515625,117.69999694824219,118.0999984741211,116.0,117.1500015258789,4746533
2023-04-06,101.63701629638672,118.75,119.6500015258789,116.69999694824219,117.19999694824219,5950739
2023-04-10,106.17324829101562,124.05000305175781,124.44999694824219,118.55000305175781,119.0999984741211,13996876
2023-04-11,106.43000793457031,124.3499984741211,125.5999984741211,122.5999984741211,124.30000305175781,6856892
2023-04-12,105.53132629394531,123.30000305175781,124.6500015258789,123.0,124.05000305175781,3505826
2023-04-13,103.86235046386719,121.3499984741211,123.4000015258789,120.0,123.4000015258789,5447261
2023-04-17,105.18896484375,122.9000015258789,123.5999984741211,120.5,121.25,6166859
2023-04-18,105.48851776123047,123.25,124.4000015258789,121.80000305175781,123.4000015258789,8159668
2023-04-19,105.14617156982422,122.8499984741211,124.3499984741211,122.55000305175781,123.25,2394983
2023-04-20,105.0177993774414,122.69999694824219,123.55000305175781,122.25,122.8499984741211,2099290
2023-04-21,104.33307647705078,121.9000015258789,123.25,121.55000305175781,122.69999694824219,3961253
2023-04-24,106.087646484375,123.94999694824219,124.1500015258789,121.05000305175781,122.05000305175781,4726202
2023-04-25,107.02913665771484,125.05000305175781,127.44999694824219,124.0,124.4000015258789,9397015
2023-04-26,107.24311065673828,125.30000305175781,126.0,124.3499984741211,125.0,4179866
2023-04-27,107.07192993164062,125.0999984741211,125.80000305175781,124.44999694824219,125.19999694824219,3724514
2023-04-28,113.10594940185547,132.14999389648438,132.39999389648438,125.1500015258789,125.44999694824219,24029372
2023-05-02,116.78630065917969,136.4499969482422,138.39999389648438,133.0500030517578,133.89999389648438,20740058
2023-05-03,116.52951049804688,136.14999389648438,138.60000610351562,135.75,136.1999969482422,10032855
2023-05-04,117.17143249511719,136.89999389648438,140.8000030517578,136.25,136.6999969482422,12035888
2023-05-05,113.23433685302734,132.3000030517578,137.6999969482422,132.10000610351562,137.0500030517578,12581014
2023-05-08,114.34700775146484,133.60000610351562,135.25,132.5,132.89999389648438,8158248
2023-05-09,112.93478393554688,131.9499969482422,135.4499969482422,131.5,133.6999969482422,6029220
2023-05-10,112.50685119628906,131.4499969482422,132.4499969482422,130.6999969482422,132.10000610351562,5728123
2023-05-11,112.63520812988281,131.60000610351562,133.60000610351562,131.35000610351562,132.35000610351562,7647215
2023-05-12,113.70508575439453,132.85000610351562,133.35000610351562,130.35000610351562,131.39999389648438,6697676
2023-05-15,116.7007064819336,136.35000610351562,136.8000030517578,131.6999969482422,133.4499969482422,8845743
2023-05-16,113.53390502929688,132.64999389648438,137.5500030517578,132.25,136.9499969482422,18848790
2023-05-17,113.91905975341797,133.10000610351562,134.25,131.35000610351562,133.39999389648438,9026909
2023-05-18,110.8378677368164,129.5,134.35000610351562,129.0500030517578,133.10000610351562,11351018
2023-05-19,111.09461975097656,129.8000030517578,130.5500030517578,127.4000015258789,130.25,7924933
2023-05-22,110.40989685058594,129.0,130.39999389648438,128.8000030517578,129.8000030517578,7575592
2023-05-23,111.69373321533203,130.5,131.5,128.35000610351562,129.5,9958429
2023-05-24,112.03609466552734,130.89999389648438,131.4499969482422,129.8000030517578,130.5,4991702
2023-05-25,113.83346557617188,133.0,133.35000610351562,130.5,130.8000030517578,7354404
2023-05-26,114.2186279296875,133.4499969482422,133.85000610351562,132.0500030517578,133.0,6649980
2023-05-29,116.27275085449219,135.85000610351562,137.8000030517578,134.0,134.5,11395309
2023-05-30,120.12425994873047,140.35000610351562,141.0,135.1999969482422,136.0,15899557
2023-05-31,121.15133666992188,141.5500030517578,142.64999389648438,139.75,140.4499969482422,13591196
2023-06-01,120.3382568359375,140.60000610351562,142.4499969482422,140.39999389648438,142.14999389648438,6036123
2023-06-02,123.46224212646484,144.25,145.1999969482422,141.4499969482422,141.75,11032233
2023-06-05,124.318115234375,145.25,147.1999969482422,144.64999389648438,145.0,10772251
2023-06-06,125.08838653564453,146.14999389648438,146.39999389648438,142.89999389648438,145.5,5730697
2023-06-07,125.4307861328125,146.5500030517578,147.35000610351562,146.14999389648438,146.60000610351562,3927043
2023-06-08,124.7888412475586,145.8000030517578,147.5,145.0,146.60000610351562,6645263
2023-06-09,127.57050323486328,149.0500030517578,149.4499969482422,145.1999969482422,145.89999389648438,8270232
2023-06-12,132.32070922851562,154.60000610351562,155.10000610351562,148.8000030517578,149.60000610351562,14649620
2023-06-13,132.57745361328125,154.89999389648438,156.1999969482422,151.8000030517578,155.14999389648438,12418368
2023-06-14,131.55039978027344,153.6999969482422,155.9499969482422,152.9499969482422,155.39999389648438,7737722
2023-06-15,129.71026611328125,151.5500030517578,155.14999389648438,151.0,154.64999389648438,7666988
2023-06-16,130.6089324951172,152.60000610351562,153.64999389648438,150.5500030517578,151.75,7403920
2023-06-19,131.67881774902344,153.85000610351562,154.60000610351562,152.0500030517578,153.0,7123074
2023-06-20,136.77134704589844,159.8000030517578,161.0,153.3000030517578,153.9499969482422,15061901
2023-06-21,140.2377166748047,163.85000610351562,168.85000610351562,160.60000610351562,161.10000610351562,24747224
2023-06-22,136.12942504882812,159.0500030517578,163.89999389648438,156.5,163.89999389648438,14009571
2023-06-23,133.5189666748047,156.0,160.89999389648438,155.4499969482422,160.0,8520782
2023-06-26,133.73287963867188,156.25,159.39999389648438,155.1999969482422,157.0,10223521
2023-06-27,137.79840087890625,161.0,161.60000610351562,156.60000610351562,157.0,13863522
2023-06-28,142.71975708007812,166.75,168.0,161.1999969482422,162.60000610351562,22329032
2023-06-30,140.92239379882812,164.64999389648438,169.5,164.0,169.0,15082058
2023-07-03,142.2918243408203,166.25,168.0,163.64999389648438,166.1999969482422,9381695
2023-07-04,140.92239379882812,164.64999389648438,167.89999389648438,164.0,167.89999389648438,10877690
2023-07-05,142.50582885742188,166.5,167.0,164.39999389648438,165.10000610351562,5621375
2023-07-06,141.77828979492188,165.64999389648438,168.0,165.3000030517578,166.39999389648438,7090232
2023-07-07,141.99227905273438,165.89999389648438,166.8000030517578,164.3000030517578,166.39999389648438,6167119
2023-07-10,142.84817504882812,166.89999389648438,168.6999969482422,165.25,166.0,10949947
2023-07-11,144.98788452148438,169.39999389648438,171.14999389648438,166.5,167.9499969482422,17100113
2023-07-12,144.64553833007812,169.0,170.4499969482422,168.0,170.4499969482422,6928972
2023-07-13,141.478759765625,165.3000030517578,169.60000610351562,163.75,169.60000610351562,10748152
2023-07-14,140.9073944091797,160.3000030517578,162.3000030517578,159.5,161.8000030517578,10445961
2023-07-17,141.69847106933594,161.1999969482422,161.89999389648438,159.85000610351562,160.6999969482422,5152924
2023-07-18,140.7315673828125,160.10000610351562,162.39999389648438,159.14999389648438,161.25,8351483
2023-07-19,142.7093505859375,162.35000610351562,163.3000030517578,160.0,160.10000610351562,5377036
2023-07-20,142.18194580078125,161.75,163.14999389648438,161.5500030517578,162.85000610351562,2955365
2023-07-21,142.26986694335938,161.85000610351562,162.8000030517578,160.39999389648438,161.14999389648438,6078651
2023-07-24,152.02700805664062,172.9499969482422,175.64999389648438,162.35000610351562,163.10000610351562,37880425
2023-07-25,151.32379150390625,172.14999389648438,174.25,171.0,174.25,12870386
2023-07-26,152.55442810058594,173.5500030517578,175.5500030517578,171.3000030517578,172.9499969482422,11027961
2023-07-27,165.43211364746094,188.1999969482422,188.9499969482422,173.3000030517578,173.75,59887084
2023-07-28,170.75022888183594,194.25,196.9499969482422,188.0,189.8000030517578,35054688
2023-07-31,178.397705078125,202.9499969482422,203.85000610351562,193.0500030517578,194.6999969482422,28733969
2023-08-01,175.80458068847656,200.0,204.5500030517578,198.0,203.0,16275497
2023-08-02,172.55221557617188,196.3000030517578,202.60000610351562,191.4499969482422,199.0,20258835
2023-08-03,175.40902709960938,199.5500030517578,200.89999389648438,193.64999389648438,195.0,17437906
2023-08-04,175.2771453857422,199.39999389648438,202.4499969482422,197.39999389648438,200.3000030517578,8719652
2023-08-07,186.3968048095703,212.0500030517578,213.0,198.35000610351562,199.39999389648438,43892393
2023-08-08,190.7479705810547,217.0,220.6999969482422,208.0,213.14999389648438,52495107
2023-08-09,191.49514770507812,217.85000610351562,219.4499969482422,213.10000610351562,218.35000610351562,21739954
2023-08-10,190.39637756347656,216.60000610351562,218.1999969482422,212.6999969482422,217.4499969482422,16597765
2023-08-11,197.1648712158203,224.3000030517578,230.64999389648438,222.0,227.0,58045332
2023-08-14,197.92214965820312,222.14999389648438,223.60000610351562,217.35000610351562,221.85000610351562,19733602
2023-08-16,198.8130645751953,223.14999389648438,225.64999389648438,218.60000610351562,219.9499969482422,15393266
2023-08-17,209.45982360839844,235.10000610351562,236.14999389648438,222.3000030517578,223.5,32482447
2023-08-18,209.05885314941406,234.64999389648438,238.8000030517578,232.25,235.6999969482422,23001607
2023-08-21,212.84536743164062,238.89999389648438,240.5500030517578,231.4499969482422,235.75,18895677
2023-08-22,212.3553466796875,238.35000610351562,243.1999969482422,237.14999389648438,239.85000610351562,17249691
2023-08-23,213.8699188232422,240.0500030517578,240.89999389648438,237.6999969482422,239.25,12598059
2023-08-24,216.94369506835938,243.5,245.89999389648438,240.5500030517578,242.10000610351562,15816126
2023-08-25,213.20176696777344,239.3000030517578,245.35000610351562,235.5,242.85000610351562,21513620
2023-08-28,216.72096252441406,243.25,244.25,239.14999389648438,240.4499969482422,16039839
2023-08-29,217.70098876953125,244.35000610351562,247.0,241.5500030517578,244.0,18658395
2023-08-30,218.36920166015625,245.10000610351562,249.25,244.5,245.60000610351562,13806303
2023-08-31,212.6226348876953,238.64999389648438,249.0500030517578,234.85000610351562,248.0,158351032
2023-09-01,212.7562713623047,238.8000030517578,240.8000030517578,230.5500030517578,237.9499969482422,14221473
2023-09-04,217.03280639648438,243.60000610351562,244.8000030517578,237.0,240.1999969482422,10478574
2023-09-05,214.09266662597656,240.3000030517578,244.4499969482422,238.0,243.9499969482422,15883425
2023-09-06,209.05885314941406,234.64999389648438,240.8000030517578,233.64999389648438,240.3000030517578,16847543
2023-09-07,218.7700958251953,245.5500030517578,246.5,235.5500030517578,236.9499969482422,21384056
2023-09-08,240.6872100830078,270.1499938964844,272.79998779296875,244.39999389648438,246.39999389648438,63796670
2023-09-11,240.95448303222656,270.45001220703125,284.70001220703125,269.04998779296875,272.8999938964844,30479843
2023-09-12,221.26475524902344,248.35000610351562,272.45001220703125,246.1999969482422,272.20001220703125,49300899
2023-09-13,217.74551391601562,244.39999389648438,253.0500030517578,239.89999389648438,248.0,31677735
2023-09-14,219.6165008544922,246.5,251.0,240.60000610351562,245.35000610351562,19465778
2023-09-15,218.19100952148438,244.89999389648438,255.25,243.0,248.0,21570264
2023-09-18,223.1356964111328,250.4499969482422,252.75,239.60000610351562,247.0,22803288
2023-09-20,226.56581115722656,254.3000030517578,256.70001220703125,247.85000610351562,250.35000610351562,18170640
2023-09-21,230.8423309326172,259.1000061035156,264.0,251.5,255.0,28152219
2023-09-22,241.35540771484375,270.8999938964844,272.0,259.3500061035156,261.95001220703125,28891418
2023-09-25,240.95448303222656,270.45001220703125,273.3999938964844,265.70001220703125,271.79998779296875,15387154
2023-09-26,238.1480255126953,267.29998779296875,272.75,265.79998779296875,269.0,13775707
2023-09-27,253.33856201171875,284.3500061035156,285.95001220703125,267.20001220703125,268.70001220703125,44789295
2023-09-28,250.62120056152344,281.29998779296875,286.0,279.6000061035156,284.20001220703125,17643718
2023-09-29,256.055908203125,287.3999938964844,291.95001220703125,282.79998779296875,283.25,23448560
2023-10-03,259.9760437011719,291.79998779296875,294.29998779296875,285.29998779296875,287.95001220703125,20802588
2023-10-04,252.26937866210938,283.1499938964844,293.45001220703125,280.1499938964844,291.6000061035156,17320364
2023-10-05,248.8392791748047,279.29998779296875,287.0,277.70001220703125,286.1499938964844,11888870
2023-10-06,254.3631591796875,285.5,286.79998779296875,278.20001220703125,280.70001220703125,11040241
2023-10-09,249.8193359375,280.3999938964844,285.45001220703125,278.5,282.25,10063388
2023-10-10,259.1741943359375,290.8999938964844,291.6499938964844,279.70001220703125,282.3500061035156,16215694
2023-10-11,259.7978515625,291.6000061035156,294.25,288.6000061035156,293.0,12689010
2023-10-12,258.1941833496094,289.79998779296875,296.5,289.04998779296875,292.8999938964844,9982500
2023-10-13,261.2679443359375,293.25,296.95001220703125,289.1499938964844,290.0,9635780
2023-10-16,261.98065185546875,294.04998779296875,299.20001220703125,292.6000061035156,294.8500061035156,9744816
2023-10-17,262.0252685546875,294.1000061035156,297.8999938964844,292.0,296.5,8283781
2023-10-18,257.48138427734375,289.0,295.45001220703125,287.25,294.0,6449758
2023-10-19,262.82708740234375,295.0,295.8999938964844,284.3500061035156,287.70001220703125,11059767
2023-10-20,256.45684814453125,287.8500061035156,295.54998779296875,284.79998779296875,294.79998779296875,9900926
2023-10-23,247.94834899902344,278.29998779296875,291.1499938964844,275.45001220703125,287.8500061035156,16531193
2023-10-25,243.49365234375,273.29998779296875,283.70001220703125,269.5,278.5,14751988
2023-10-26,236.7670440673828,265.75,272.3999938964844,259.45001220703125,270.0,22159911
2023-10-27,243.2709197998047,273.04998779296875,277.6000061035156,266.8999938964844,267.0,9403379
2023-10-30,248.03749084472656,278.3999938964844,279.54998779296875,268.0,275.79998779296875,7839191
2023-10-31,256.23406982421875,287.6000061035156,288.8500061035156,277.3999938964844,279.20001220703125,14086055
2023-11-01,252.0021209716797,282.8500061035156,291.8999938964844,273.1499938964844,288.95001220703125,19583321
2023-11-02,269.41998291015625,302.3999938964844,307.3999938964844,287.1000061035156,287.1000061035156,58777830
2023-11-03,270.71185302734375,303.8500061035156,306.3999938964844,299.70001220703125,304.0,14619611
2023-11-06,271.023681640625,304.20001220703125,307.29998779296875,300.5,307.0,9262299
2023-11-07,274.8102111816406,308.45001220703125,312.3500061035156,302.1000061035156,304.0,15973268
2023-11-08,276.3693542480469,310.20001220703125,311.95001220703125,307.8999938964844,311.5,8658346
2023-11-09,283.31866455078125,318.0,321.6499938964844,310.79998779296875,311.0,20491696
2023-11-10,290.17889404296875,325.70001220703125,326.8999938964844,317.1499938964844,317.8999938964844,11467991
2023-11-13,300.3558349609375,333.5,345.1499938964844,324.20001220703125,328.29998779296875,23410469
2023-11-15,300.67108154296875,333.8500061035156,342.3500061035156,327.8500061035156,336.95001220703125,13163544
2023-11-16,297.5188903808594,330.3500061035156,336.3500061035156,328.75,333.8500061035156,7127417
2023-11-17,306.02972412109375,339.79998779296875,341.04998779296875,330.6000061035156,331.04998779296875,10484434
2023-11-20,312.2890319824219,346.75,348.0,339.04998779296875,340.45001220703125,10306588
2023-11-21,305.39935302734375,339.1000061035156,351.0,332.25,349.8500061035156,18413395
2023-11-22,303.7781982421875,337.29998779296875,341.8999938964844,335.29998779296875,340.70001220703125,6725503
2023-11-23,307.3356018066406,341.25,342.70001220703125,335.79998779296875,338.95001220703125,7836758
2023-11-24,304.3636169433594,337.95001220703125,342.29998779296875,337.29998779296875,342.25,7468477
2023-11-28,305.3542785644531,339.04998779296875,342.3999938964844,331.8500061035156,339.0,9994686
2023-11-29,308.8216247558594,342.8999938964844,346.6499938964844,339.25,341.5,8756635
2023-11-30,314.04522705078125,348.70001220703125,352.0,338.6000061035156,342.95001220703125,27118028
2023-12-01,336.83087158203125,374.0,382.70001220703125,351.1000061035156,354.8999938964844,39839613
2023-12-04,351.06060791015625,389.79998779296875,394.79998779296875,376.1499938964844,385.5,26066333
2023-12-05,353.13201904296875,392.1000061035156,395.70001220703125,386.29998779296875,395.70001220703125,17979133
2023-12-06,360.78729248046875,400.6000061035156,408.0,392.1000061035156,392.54998779296875,19441163
2023-12-07,355.3835144042969,394.6000061035156,403.25,393.0,401.3999938964844,10437035
2023-12-08,365.1552734375,405.45001220703125,409.20001220703125,395.1000061035156,396.0,15781777
2023-12-11,367.76702880859375,408.3500061035156,412.0,404.04998779296875,407.20001220703125,9038725
2023-12-12,367.6319580078125,408.20001220703125,412.3999938964844,403.3999938964844,412.3999938964844,12696174
2023-12-13,400.5945129394531,444.79998779296875,446.79998779296875,409.6000061035156,410.0,43470874
2023-12-14,398.16290283203125,442.1000061035156,454.75,434.04998779296875,447.0,23742544
2023-12-15,388.9316101074219,431.8500061035156,444.75,423.6499938964844,443.0,20631949
2023-12-18,391.8585510253906,435.1000061035156,441.6000061035156,423.54998779296875,431.8500061035156,13171236
2023-12-19,391.9035949707031,435.1499938964844,439.20001220703125,425.29998779296875,437.0,10186585
2023-12-20,364.254638671875,404.45001220703125,439.1499938964844,401.0,436.8500061035156,16918062
2023-12-21,371.2344970703125,412.20001220703125,415.3999938964844,389.20001220703125,398.0,20536948
2023-12-22,366.1910095214844,406.6000061035156,419.0,398.75,417.0,13716584
2023-12-26,377.3586120605469,419.0,422.70001220703125,405.25,408.25,13481039
2023-12-27,369.70330810546875,410.5,421.45001220703125,408.1000061035156,421.45001220703125,9149448
2023-12-28,369.47821044921875,410.25,416.8999938964844,407.04998779296875,413.79998779296875,8028672
2023-12-29,371.8198547363281,412.8500061035156,415.45001220703125,406.20001220703125,414.0,6932668
2024-01-01,382.6272277832031,424.8500061035156,432.6499938964844,410.70001220703125,413.70001220703125,12660166
2024-01-02,377.98907470703125,419.70001220703125,426.6499938964844,412.0,426.0,11435302
2024-01-03,381.4564208984375,423.54998779296875,431.8500061035156,415.3500061035156,421.0,10747906
2024-01-04,392.489013671875,435.79998779296875,437.70001220703125,425.25,426.0,11523818
2024-01-05,391.1380615234375,434.29998779296875,440.1499938964844,428.6499938964844,440.0,7441404
2024-01-08,391.7235107421875,434.95001220703125,444.79998779296875,432.45001220703125,435.5,9463209
2024-01-09,386.1846923828125,428.79998779296875,443.04998779296875,425.5,437.5,11682652
2024-01-10,378.97979736328125,420.79998779296875,427.8999938964844,411.70001220703125,427.1000061035156,11436427
2024-01-11,380.87103271484375,422.8999938964844,431.6000061035156,419.29998779296875,422.0,7460083
2024-01-12,385.95953369140625,428.54998779296875,429.8500061035156,418.3500061035156,423.20001220703125,6411181
2024-01-15,396.6318664550781,440.3999938964844,444.70001220703125,429.75,430.0,11016779
2024-01-16,394.4253845214844,437.95001220703125,447.79998779296875,430.8500061035156,442.95001220703125,13609749
2024-01-17,384.0231628417969,426.3999938964844,439.0,424.3500061035156,432.5,7584545
2024-01-18,382.13189697265625,424.29998779296875,429.5,411.6000061035156,424.0,8956008
2024-01-19,406.71875,451.6000061035156,453.8500061035156,429.25,434.0,22121350
2024-01-23,391.5433349609375,434.75,482.0,416.20001220703125,482.0,39365502
2024-01-24,421.03857421875,467.5,473.25,435.5,439.95001220703125,35198592
2024-01-25,423.42523193359375,470.1499938964844,474.8999938964844,462.54998779296875,474.0,12311262
2024-01-29,450.0384521484375,499.70001220703125,505.6000061035156,472.5,477.20001220703125,27272127
2024-01-30,443.148681640625,492.04998779296875,511.79998779296875,488.45001220703125,504.0,17607741
2024-01-31,449.4530944824219,499.04998779296875,501.0,484.0,492.04998779296875,11483576
2024-02-01,445.1300354003906,494.25,505.79998779296875,487.45001220703125,503.45001220703125,13618703
2024-02-02,447.5167541503906,496.8999938964844,513.7999877929688,494.0,500.0,14700875
2024-02-05,450.2185363769531,499.8999938964844,510.8500061035156,494.79998779296875,499.5,10632549
2024-02-06,452.9654846191406,502.95001220703125,504.95001220703125,490.6499938964844,502.1499938964844,9819635
2024-02-07,458.4141845703125,509.0,511.75,498.20001220703125,499.20001220703125,8628913
2024-02-08,459.1797180175781,509.8500061035156,524.0,505.5,512.5499877929688,13436922
2024-02-09,434.4577941894531,482.3999938964844,505.8500061035156,463.29998779296875,503.0,24572692
2024-02-12,408.4749755859375,453.54998779296875,488.75,449.1000061035156,482.3999938964844,23580970
2024-02-13,418.2917175292969,464.45001220703125,468.25,446.0,449.54998779296875,14626501
2024-02-14,433.7372741699219,481.6000061035156,484.70001220703125,453.1499938964844,457.0,9168453
2024-02-15,435.3133544921875,483.3500061035156,489.3999938964844,479.3500061035156,485.95001220703125,7358984
2024-02-16,426.57733154296875,473.6499938964844,486.95001220703125,468.04998779296875,486.8999938964844,8695716
2024-02-19,421.5789794921875,468.1000061035156,480.6499938964844,466.5,475.0,6309404
2024-02-20,420.7684020996094,467.20001220703125,474.3999938964844,463.0,468.1000061035156,8232269
2024-02-21,408.8802185058594,454.0,473.70001220703125,450.75,467.75,6738300
2024-02-22,415.6798400878906,461.54998779296875,463.6499938964844,441.3500061035156,455.0,9483457
2024-02-23,417.8414001464844,463.95001220703125,468.6499938964844,459.04998779296875,462.1000061035156,7543070
2024-02-26,413.8335876464844,459.5,467.20001220703125,458.54998779296875,463.0,5906306
2024-02-27,399.1535949707031,443.20001220703125,460.04998779296875,436.8500061035156,458.5,11612298
2024-02-28,384.2033386230469,426.6000061035156,446.29998779296875,424.6000061035156,446.04998779296875,10456948
2024-02-29,398.1178283691406,442.04998779296875,445.0,424.8500061035156,429.20001220703125,17584650
2024-03-01,413.9687194824219,459.6499938964844,462.5,444.3500061035156,446.3500061035156,9312316
2024-03-04,418.74200439453125,464.95001220703125,469.0,453.0,464.79998779296875,8549034
2024-03-05,418.74200439453125,464.95001220703125,470.0,457.79998779296875,464.0,10459135
2024-03-06,422.92987060546875,469.6000061035156,481.0,463.0,471.0,20162210
2024-03-07,425.9018859863281,472.8999938964844,479.0,470.20001220703125,471.79998779296875,7147710
2024-03-11,436.0338134765625,484.1499938964844,487.3999938964844,470.25,474.45001220703125,15406212
2024-03-12,435.44842529296875,483.5,492.1000061035156,474.8500061035156,484.95001220703125,19398756
2024-03-13,403.9268493652344,448.5,485.70001220703125,441.5,483.0,22269570
2024-03-14,418.1565856933594,464.29998779296875,467.70001220703125,443.54998779296875,448.0,14650115
2024-03-15,402.3057861328125,446.70001220703125,466.5,430.3500061035156,464.95001220703125,32430198
2024-03-18,392.894287109375,436.25,454.70001220703125,433.6499938964844,441.0,9735909
2024-03-19,386.4097900390625,429.04998779296875,438.54998779296875,419.54998779296875,434.1000061035156,20288936
2024-03-20,380.9610595703125,423.0,434.3500061035156,414.54998779296875,432.04998779296875,14832362
2024-03-21,405.5028991699219,450.25,452.45001220703125,430.0,430.0,18429233
2024-03-22,414.3740234375,460.1000061035156,464.75,444.0,447.95001220703125,12531582
2024-03-26,415.5448303222656,461.3999938964844,462.95001220703125,453.5,455.20001220703125,10475524
2024-03-27,401.3150634765625,445.6000061035156,466.54998779296875,440.79998779296875,463.0,28138339
2024-03-28,410.3221435546875,451.0,455.6000061035156,445.0,446.0,12637899
2024-04-01,419.0107421875,460.54998779296875,468.3500061035156,453.0,453.0,11296547
2024-04-02,421.96759033203125,463.79998779296875,465.8999938964844,452.45001220703125,461.8999938964844,9639474
2024-04-03,431.2930908203125,474.04998779296875,475.20001220703125,459.04998779296875,459.04998779296875,14035202
2024-04-04,431.15667724609375,473.8999938964844,482.3999938964844,469.6499938964844,478.29998779296875,8469182
2024-04-05,429.0641174316406,471.6000061035156,476.8999938964844,465.25,472.8999938964844,7448407
2024-04-08,412.5966796875,453.5,474.1499938964844,452.6000061035156,472.45001220703125,15289897
2024-04-09,401.1330871582031,440.8999938964844,458.3999938964844,439.70001220703125,458.0,14262840
2024-04-10,408.0021667480469,448.45001220703125,453.3999938964844,442.79998779296875,443.3999938964844,9265502
2024-04-12,399.6319274902344,439.25,448.79998779296875,438.25,444.04998779296875,10809891
2024-04-15,390.3974304199219,429.1000061035156,436.45001220703125,422.29998779296875,431.0,9341527
2024-04-16,390.6248474121094,429.3500061035156,432.8500061035156,420.1499938964844,425.0,12115039
2024-04-18,389.98797607421875,428.6499938964844,440.29998779296875,426.04998779296875,431.0,9425546
2024-04-19,387.34954833984375,425.75,428.54998779296875,414.79998779296875,421.0,7628906
2024-04-22,395.3103332519531,434.5,436.3999938964844,427.3999938964844,427.3999938964844,6226067
2024-04-23,396.49310302734375,435.79998779296875,440.8500061035156,432.20001220703125,437.5,6371166
2024-04-24,400.1322937011719,439.79998779296875,445.3999938964844,435.0,438.45001220703125,7201124
2024-04-25,410.54962158203125,451.25,453.79998779296875,437.95001220703125,438.95001220703125,11531272
2024-04-26,415.781005859375,457.0,461.75,452.29998779296875,454.6000061035156,10542423
2024-04-29,421.2397766113281,463.0,465.20001220703125,455.1499938964844,461.0,8445427
2024-04-30,461.40765380859375,507.1499938964844,511.6499938964844,463.20001220703125,464.0,72903180
2024-05-02,503.941162109375,553.9000244140625,557.8499755859375,510.6499938964844,513.0,83160192
2024-05-03,507.4892883300781,557.7999877929688,567.1500244140625,553.3499755859375,558.0,45105471
2024-05-06,470.00537109375,516.5999755859375,540.2000122070312,481.79998779296875,531.0,73134272
2024-05-07,461.31671142578125,507.04998779296875,527.6500244140625,500.95001220703125,521.9500122070312,34608626
2024-05-08,485.8359680175781,534.0,543.4000244140625,505.0,509.0,48742004
2024-05-09,465.1833801269531,511.29998779296875,537.7000122070312,510.0,536.5,19107231
2024-05-10,467.5033874511719,513.8499755859375,519.25,497.29998779296875,517.0499877929688,19170559
2024-05-13,471.4155578613281,518.1500244140625,521.0,500.0,514.0,13436096
2024-05-14,474.96380615234375,522.0499877929688,527.4500122070312,513.5999755859375,519.0,11963864
2024-05-15,481.0140075683594,528.7000122070312,535.7000122070312,522.0,523.7999877929688,14366755
2024-05-16,492.2955017089844,541.0999755859375,543.7999877929688,531.0,535.0,15105099
2024-05-17,494.8885498046875,543.9500122070312,547.6500244140625,539.2999877929688,543.0999755859375,7680252
2024-05-21,497.6178894042969,546.9500122070312,553.9000244140625,539.75,544.9500122070312,7571632
2024-05-22,487.8374938964844,536.2000122070312,548.4000244140625,532.0999755859375,548.0,7138229
2024-05-23,488.8838195800781,537.3499755859375,547.25,535.7000122070312,537.0,7812219
2024-05-24,504.07757568359375,554.0499877929688,563.5,537.0,539.0,20225424
2024-05-27,526.7771606445312,579.0,591.4000244140625,555.5999755859375,557.0,28217127
2024-05-28,527.868896484375,580.2000122070312,583.9000244140625,558.4500122070312,581.0,17209174
2024-05-29,517.4517211914062,568.75,582.75,567.0,573.25,15012657
2024-05-30,498.3457946777344,547.75,572.1500244140625,545.0,568.75,11582851
2024-05-31,489.2476806640625,537.75,557.9000244140625,525.5999755859375,555.0999755859375,25890354
2024-06-03,549.9771118164062,604.5,607.7999877929688,568.5499877929688,578.0,42463764
2024-06-04,411.4139404296875,452.20001220703125,594.0,446.0,594.0,103902126
2024-06-05,418.055419921875,459.5,472.0,408.29998779296875,472.0,80984751
2024-06-06,445.8955383300781,490.1000061035156,514.2999877929688,466.20001220703125,469.0,54149649
2024-06-07,451.9912109375,496.79998779296875,501.70001220703125,478.0,490.1000061035156,32416015
2024-06-10,465.0924377441406,511.20001220703125,521.8499755859375,496.29998779296875,504.0,31958560
2024-06-11,464.5465087890625,510.6000061035156,517.6500244140625,504.1499938964844,512.5499877929688,21774755
2024-06-12,469.8688659667969,516.4500122070312,520.0,506.29998779296875,512.0,17569720
2024-06-13,474.4634094238281,521.5,525.6500244140625,515.2000122070312,520.9000244140625,15418171
2024-06-14,484.60772705078125,532.6500244140625,536.9000244140625,519.5,523.0,15848193
2024-06-18,480.3316345214844,527.9500122070312,536.6500244140625,522.0499877929688,533.0499877929688,12102131
2024-06-19,469.09552001953125,515.5999755859375,529.9500122070312,512.75,529.75,9448370
2024-06-20,460.9983215332031,506.70001220703125,516.0,499.25,516.0,16910479
2024-06-21,464.45550537109375,510.5,522.2999877929688,505.1499938964844,509.5,15471249
2024-06-24,474.4634094238281,521.5,524.0,500.0,507.70001220703125,12996888
2024-06-25,474.50885009765625,521.5499877929688,524.7000122070312,512.0,523.7000122070312,15576222
2024-06-26,469.09552001953125,515.5999755859375,521.0,513.0,520.0,8590831
2024-06-27,477.5111999511719,524.8499755859375,533.0,513.5,515.0,19899609
2024-06-28,482.6092529296875,525.4000244140625,530.4000244140625,521.0,523.0,10184740
2024-07-01,505.8027648925781,550.6500244140625,553.0,526.25,531.0,22872490
2024-07-02,495.2852783203125,539.2000122070312,554.9500122070312,530.5,554.9500122070312,17455154
2024-07-03,516.50390625,562.2999877929688,564.2000122070312,549.2999877929688,550.0499877929688,25695583
2024-07-04,528.7667846679688,575.6500244140625,581.0,564.0,566.7000122070312,24852433
2024-07-05,533.1757202148438,580.4500122070312,587.0499877929688,572.4000244140625,577.0,14361260
2024-07-08,558.1144409179688,607.5999755859375,615.5499877929688,582.0,582.9500122070312,29744866
2024-07-09,562.1102905273438,611.9500122070312,619.2000122070312,600.7000122070312,610.5,15885713
2024-07-10,578.5524291992188,629.8499755859375,637.2000122070312,602.4000244140625,615.2999877929688,31225972
2024-07-11,593.203369140625,645.7999877929688,648.0,627.5,632.9500122070312,14945910
2024-07-12,585.4414672851562,637.3499755859375,654.0,629.6500244140625,647.5,12973355
2024-07-15,582.134765625,633.75,644.7000122070312,631.1500244140625,640.0,6897803
2024-07-16,567.391845703125,617.7000122070312,636.9000244140625,616.5499877929688,634.0,8288646
2024-07-18,560.3650512695312,610.0499877929688,620.8499755859375,598.0,617.7000122070312,17723265
2024-07-19,549.6637573242188,598.4000244140625,621.5,596.4000244140625,610.75,13057169
2024-07-22,568.40234375,618.7999877929688,620.5999755859375,591.4000244140625,595.0,13035918
2024-07-23,546.7703247070312,595.25,624.0999755859375,566.5499877929688,622.4000244140625,21847141
2024-07-24,555.3129272460938,604.5499877929688,616.0,596.2000122070312,598.0,14297279
2024-07-25,558.48193359375,608.0,610.4000244140625,592.0499877929688,597.0,7184870
2024-07-26,574.924072265625,625.9000244140625,629.0499877929688,607.5,614.0999755859375,11447407
2024-07-29,592.10107421875,644.5999755859375,646.5,615.5999755859375,620.0,23006702
2024-07-30,589.896484375,642.2000122070312,650.5999755859375,633.3499755859375,643.0,12687462
2024-07-31,591.7796020507812,644.25,648.25,640.5499877929688,641.9500122070312,6874000
2024-08-01,574.2810668945312,625.2000122070312,646.9500122070312,623.9500122070312,640.0,10556749
2024-08-02,561.2835083007812,611.0499877929688,624.5,607.7000122070312,612.7999877929688,12658405
2024-08-05,531.9357299804688,579.0999755859375,597.2000122070312,572.6500244140625,588.0999755859375,19358145
2024-08-06,519.3974609375,565.4500122070312,609.4500122070312,563.5499877929688,590.0,13961254
2024-08-07,542.3612670898438,590.4500122070312,593.3499755859375,574.4000244140625,583.7000122070312,13508638
2024-08-08,536.023193359375,583.5499877929688,594.2000122070312,581.9000244140625,586.0,7233983
2024-08-09,542.3533325195312,586.9000244140625,593.5,585.0999755859375,590.0999755859375,6604483
2024-08-12,534.8681030273438,578.7999877929688,585.3499755859375,574.1500244140625,583.3499755859375,7486860
2024-08-13,525.7657470703125,568.9500122070312,582.7000122070312,567.4000244140625,576.0,7635406
2024-08-14,520.914306640625,563.7000122070312,572.9000244140625,560.0499877929688,571.25,4468230
2024-08-16,535.6536865234375,579.6500244140625,581.4500122070312,564.0,572.2000122070312,6950751
2024-08-19,539.9506225585938,584.2999877929688,591.2999877929688,580.0,585.4000244140625,6715017
2024-08-20,554.3665771484375,599.9000244140625,601.5,581.5,586.9500122070312,10518490
2024-08-21,549.099365234375,594.2000122070312,604.9500122070312,592.3499755859375,602.8499755859375,6820599
2024-08-22,550.161865234375,595.3499755859375,597.9500122070312,591.3499755859375,595.2000122070312,3337019
2024-08-23,542.1685791015625,586.7000122070312,597.0499877929688,585.75,594.0999755859375,4656124
2024-08-26,545.079345703125,589.8499755859375,598.9000244140625,587.0999755859375,598.0499877929688,7437582
2024-08-27,570.4921875,617.3499755859375,620.2999877929688,586.5499877929688,590.0,16554285
2024-08-28,571.6011352539062,618.5499877929688,626.25,615.2999877929688,619.5,9811133
2024-08-29,578.716552734375,626.25,636.0,619.0999755859375,629.0,15661951
2024-08-30,572.7099609375,619.75,632.0,618.0,628.2000122070312,8931237
2024-09-02,570.3073120117188,617.1500244140625,622.5,611.2999877929688,619.9000244140625,4617697
2024-09-03,581.6276245117188,629.4000244140625,630.9500122070312,613.2999877929688,618.5,7628972
2024-09-04,577.2380981445312,624.6500244140625,626.0,617.1500244140625,618.0,4002544
2024-09-05,582.7365112304688,630.5999755859375,635.4000244140625,625.0999755859375,625.2000122070312,7738087
2024-09-06,561.343505859375,607.4500122070312,630.9000244140625,604.0,625.6500244140625,8074544
2024-09-09,545.2643432617188,590.0499877929688,606.0,580.5499877929688,604.5,11883819
2024-09-10,533.3434448242188,577.1500244140625,596.5499877929688,574.2999877929688,594.0,8925317
2024-09-11,520.0363159179688,562.75,581.1500244140625,559.7000122070312,578.0,7761933
2024-09-12,529.3236083984375,572.7999877929688,575.0999755859375,553.7000122070312,566.0,10234653
2024-09-13,524.6107177734375,567.7000122070312,577.0,564.2000122070312,574.0,6979913
2024-09-16,518.1419067382812,560.7000122070312,570.25,557.2000122070312,567.7000122070312,4136798
2024-09-17,503.4949951171875,544.8499755859375,563.0,542.5499877929688,560.7000122070312,11277058
2024-09-18,504.6039123535156,546.0499877929688,563.25,543.0999755859375,555.0,15318568
2024-09-19,489.49493408203125,529.7000122070312,555.0,509.8500061035156,552.0,25364529
2024-09-20,498.9668884277344,539.9500122070312,545.0,527.25,530.0,15317549
2024-09-23,501.3233947753906,542.5,548.9000244140625,535.7000122070312,542.0499877929688,9807891
2024-09-24,506.72930908203125,548.3499755859375,550.8499755859375,539.5499877929688,540.0,8069962
2024-09-25,503.6797790527344,545.0499877929688,550.25,538.0499877929688,549.4000244140625,5716466
2024-09-26,502.8019104003906,544.0999755859375,546.5,537.9500122070312,543.0999755859375,6013480
2024-09-27,517.6798706054688,560.2000122070312,561.5,545.0,545.7000122070312,13432979
2024-09-30,512.4125366210938,554.5,564.4000244140625,550.0999755859375,558.0,9512274
2024-10-01,514.5379638671875,556.7999877929688,569.4500122070312,553.2999877929688,555.0,8117456
2024-10-03,496.8876953125,537.7000122070312,562.7999877929688,536.0999755859375,551.3499755859375,12464107
2024-10-04,484.2737121582031,524.0499877929688,539.7000122070312,520.5999755859375,535.0,9321624
2024-10-07,462.18780517578125,500.1499938964844,532.3499755859375,494.29998779296875,527.0,16722359
2024-10-08,484.45855712890625,524.25,526.4000244140625,484.1000061035156,499.0,14115751
2024-10-09,491.989990234375,532.4000244140625,535.8499755859375,526.7000122070312,529.0,7063437
2024-10-10,502.9405822753906,544.25,550.3499755859375,534.5999755859375,536.9500122070312,10161095
2024-10-11,497.0724792480469,537.9000244140625,545.2999877929688,534.5499877929688,540.0,4344046
2024-10-14,499.33660888671875,540.3499755859375,544.4500122070312,537.0499877929688,540.0,3672179
2024-10-15,505.7590026855469,547.2999877929688,548.4500122070312,541.6500244140625,544.7999877929688,5661760
2024-10-16,510.19464111328125,552.0999755859375,555.5499877929688,546.0,546.9500122070312,5230563
2024-10-17,501.18475341796875,542.3499755859375,557.5,534.3499755859375,556.0,9728282
2024-10-18,504.7886657714844,546.25,548.5,531.0,538.9000244140625,4184490
2024-10-21,492.0824279785156,532.5,548.75,528.8499755859375,546.2999877929688,4104466
2024-10-22,469.4881286621094,508.04998779296875,532.0,505.29998779296875,531.0,10870662
2024-10-23,467.3165588378906,505.70001220703125,514.7999877929688,494.79998779296875,508.04998779296875,7639646
2024-10-24,481.73248291015625,521.2999877929688,527.5999755859375,506.3999938964844,506.3999938964844,7417598
2024-10-25,469.4419860839844,508.0,528.1500244140625,500.75,522.0,8410014
2024-10-28,483.9041442871094,523.6500244140625,532.5499877929688,508.5,511.0,13625032
2024-10-29,505.94384765625,547.5,549.2999877929688,519.2999877929688,527.0499877929688,13616872
2024-10-30,493.6995544433594,534.25,549.8499755859375,532.0,549.0,8607740
2024-10-31,482.93377685546875,522.5999755859375,535.8499755859375,517.0,533.9000244140625,8005076
2024-11-01,486.8150634765625,526.7999877929688,529.1500244140625,524.5499877929688,525.0,985145
2024-11-04,479.00640869140625,518.3499755859375,528.0,506.8500061035156,528.0,6918061
2024-11-05,486.0757751464844,526.0,528.6500244140625,499.6000061035156,516.5,12106685
2024-11-06,492.3595275878906,532.7999877929688,536.4000244140625,526.2999877929688,528.8499755859375,6152359
2024-11-07,488.5246276855469,528.6500244140625,535.0,524.4000244140625,535.0,5628160
2024-11-08,479.12005615234375,514.5499877929688,526.0,512.25,526.0,7465928
2024-11-11,491.9697570800781,528.3499755859375,541.0,511.3500061035156,515.0,13676304
2024-11-12,479.0735168457031,514.5,534.7000122070312,512.7999877929688,531.0,6039729
2024-11-13,473.4400939941406,508.45001220703125,519.5499877929688,499.3500061035156,515.5,8600781
2024-11-14,467.7601013183594,502.3500061035156,513.7999877929688,500.29998779296875,510.0,7471948
2024-11-18,466.5030212402344,501.0,510.1499938964844,495.5,505.29998779296875,6676581
2024-11-19,481.0289001464844,516.5999755859375,525.7000122070312,508.1499938964844,510.0,10710390
2024-11-21,457.1450500488281,490.95001220703125,514.1500244140625,469.0,512.7999877929688,25802873
2024-11-22,471.3915710449219,506.25,512.0,490.04998779296875,497.79998779296875,16581026
2024-11-25,483.6360778808594,519.4000244140625,534.4000244140625,517.7999877929688,527.0,12550563
2024-11-26,484.2413024902344,520.0499877929688,525.1500244140625,513.0,519.0,5950832
2024-11-27,490.1075439453125,526.3499755859375,528.5499877929688,518.3499755859375,521.5499877929688,4437672
2024-11-28,491.8767395019531,528.25,535.75,524.4000244140625,526.0999755859375,6527682
2024-11-29,495.92718505859375,532.5999755859375,535.4000244140625,525.4000244140625,527.9500122070312,5533795
2024-12-02,495.275390625,531.9000244140625,538.0,530.0999755859375,533.0,4645093
2024-12-03,502.53826904296875,539.7000122070312,543.5,532.4000244140625,534.0,7125362
2024-12-04,506.2163391113281,543.6500244140625,555.9000244140625,541.2000122070312,542.9000244140625,9007471
2024-12-05,507.47332763671875,545.0,546.8499755859375,538.2000122070312,546.8499755859375,4207860
2024-12-06,520.6024169921875,559.0999755859375,562.5,544.5499877929688,545.5999755859375,10625077
2024-12-09,524.8858032226562,563.7000122070312,568.0,556.9500122070312,557.9500122070312,6419159
2024-12-10,530.8916625976562,570.1500244140625,573.2999877929688,562.0,563.0,7525312
2024-12-11,530.5191650390625,569.75,572.6500244140625,566.25,570.0,4434214
2024-12-12,521.0215454101562,559.5499877929688,571.5,558.5499877929688,569.75,4133386
2024-12-13,518.6005859375,556.9500122070312,560.4500122070312,542.5,558.9000244140625,4178618
2024-12-16,521.2543334960938,559.7999877929688,563.9500122070312,557.0999755859375,557.75,2395022
2024-12-17,512.6412353515625,550.5499877929688,566.0,547.5999755859375,560.0,4961225
2024-12-18,500.21044921875,537.2000122070312,550.5,532.25,549.8499755859375,5013701
2024-12-19,492.6681213378906,529.0999755859375,536.0,518.2000122070312,522.2000122070312,4751460
2024-12-20,477.9095764160156,513.25,533.5,510.29998779296875,529.0,7709581
2024-12-23,477.1180725097656,512.4000244140625,521.9000244140625,506.54998779296875,519.0,4380134
2024-12-24,472.4623718261719,507.3999938964844,517.0499877929688,505.6499938964844,512.4500122070312,2702189
2024-12-26,483.35675048828125,519.0999755859375,520.5,507.04998779296875,509.25,4475677
2024-12-27,472.5089111328125,507.45001220703125,520.2999877929688,505.8500061035156,518.0,2951162
2024-12-30,462.31292724609375,496.5,513.2000122070312,492.1499938964844,508.8999938964844,24912615
2024-12-31,466.2237243652344,500.70001220703125,504.1000061035156,495.04998779296875,495.6000061035156,3906855
2025-01-01,470.73968505859375,505.54998779296875,506.79998779296875,499.04998779296875,501.25,3238928
2025-01-02,482.7515563964844,518.4500122070312,521.0499877929688,500.20001220703125,506.0,8546733
2025-01-03,501.001953125,538.0499877929688,544.7000122070312,519.8499755859375,522.0499877929688,14567780
2025-01-06,477.25775146484375,512.5499877929688,541.4000244140625,510.04998779296875,541.4000244140625,8631065
2025-01-07,479.9580993652344,515.4500122070312,520.75,507.1499938964844,516.0,4660352
2025-01-08,468.9240417480469,503.6000061035156,517.7999877929688,496.3500061035156,516.5,6585994
2025-01-09,457.37786865234375,491.20001220703125,504.75,489.45001220703125,504.04998779296875,4468056
2025-01-10,427.7209167480469,459.3500061035156,492.20001220703125,454.45001220703125,490.1000061035156,14067540
2025-01-13,415.9884948730469,446.75,468.3999938964844,443.6499938964844,452.1000061035156,11872696
2025-01-14,443.3641357421875,476.1499938964844,479.20001220703125,449.5,452.0,12167491
2025-01-15,445.6919860839844,478.6499938964844,489.0,474.5,481.04998779296875,7700238
2025-01-16,451.7444152832031,485.1499938964844,492.6499938964844,482.3999938964844,485.0,5120861
2025-01-17,449.13720703125,482.3500061035156,487.75,476.0,482.0,4195700
2025-01-20,456.95880126953125,490.75,495.6000061035156,478.0,484.0,5000936
2025-01-21,443.64349365234375,476.45001220703125,491.0,474.20001220703125,491.0,5395660
2025-01-22,430.2350158691406,462.04998779296875,479.0,453.20001220703125,479.0,10288459
2025-01-23,431.81793212890625,463.75,467.54998779296875,457.1499938964844,462.04998779296875,5320651
2025-01-24,415.5229187011719,446.25,466.25,445.0,463.75,6738912
2025-01-27,398.9951171875,428.5,445.95001220703125,426.0,445.95001220703125,7413044
2025-01-28,390.7545166015625,419.6499938964844,441.20001220703125,410.25,440.0,14396638
2025-01-29,404.9078674316406,434.8500061035156,437.20001220703125,420.04998779296875,422.0,5834329
2025-01-30,410.0291748046875,440.3500061035156,443.6000061035156,430.1499938964844,433.0,8302923
2025-01-31,418.8750305175781,449.8500061035156,454.6499938964844,434.0,443.0,7224298
2025-02-01,398.389892578125,427.8500061035156,460.20001220703125,425.3999938964844,455.0,9470953
2025-02-03,377.578857421875,405.5,427.45001220703125,402.0,427.45001220703125,16185807
2025-02-04,397.92431640625,427.3500061035156,428.6000061035156,407.0,413.0,11302969
2025-02-05,409.93609619140625,440.25,444.0,428.54998779296875,429.0,9545772
2025-02-06,404.256103515625,434.1499938964844,446.5,424.70001220703125,444.04998779296875,10865131
2025-02-07,410.8207092285156,441.20001220703125,451.8999938964844,427.1499938964844,430.20001220703125,14726471
2025-02-10,394.2928771972656,423.45001220703125,442.20001220703125,418.25,440.0,10014839
2025-02-11,381.722412109375,409.95001220703125,425.45001220703125,406.5,425.45001220703125,11422600
2025-02-12,379.9532165527344,408.04998779296875,413.8999938964844,393.0,413.0,13329877
2025-02-13,381.4430236816406,409.6499938964844,420.3999938964844,407.25,409.3999938964844,8280995
2025-02-14,368.55108642578125,391.6499938964844,412.6499938964844,386.8500061035156,405.45001220703125,8558606
2025-02-17,366.1514892578125,389.1000061035156,394.20001220703125,375.70001220703125,387.1499938964844,8661753
2025-02-18,362.5755615234375,385.29998779296875,393.04998779296875,376.04998779296875,391.04998779296875,8959200
2025-02-19,372.3151550292969,395.6499938964844,397.29998779296875,378.70001220703125,384.5,8706790
2025-02-20,385.3012390136719,409.45001220703125,410.6499938964844,388.3999938964844,393.0,11040968
2025-02-21,379.7492370605469,403.54998779296875,414.0,400.45001220703125,408.0,6099522
2025-02-24,368.5981140136719,391.70001220703125,398.95001220703125,389.25,398.95001220703125,4949143
2025-02-25,360.9758605957031,383.6000061035156,394.3999938964844,382.54998779296875,392.0,5352036
2025-02-27,356.1766357421875,378.5,386.3999938964844,377.1000061035156,381.0,4757498
2025-02-28,339.0500183105469,360.29998779296875,376.0,357.3500061035156,375.45001220703125,13486063
2025-03-03,355.5179443359375,377.79998779296875,380.54998779296875,360.1000061035156,365.04998779296875,12981608
2025-03-04,364.08123779296875,386.8999938964844,391.54998779296875,366.0,373.5,11737034
2025-03-05,378.4788513183594,402.20001220703125,404.0,385.1000061035156,386.0,9788815
2025-03-06,388.78302001953125,413.1499938964844,418.1000061035156,408.0,409.0,11770195
2025-03-07,382.242919921875,406.20001220703125,415.0,403.6000061035156,412.1000061035156,7026343
2025-03-10,370.95068359375,394.20001220703125,413.20001220703125,392.54998779296875,406.20001220703125,7602276
2025-03-11,378.8553161621094,402.6000061035156,405.0,384.0,388.8999938964844,7841686
2025-03-12,378.4788513183594,402.20001220703125,406.25,394.0,404.1499938964844,5810339
2025-03-13,382.6664123535156,406.6499938964844,411.79998779296875,402.04998779296875,404.29998779296875,7901302
2025-03-17,388.54779052734375,412.8999938964844,414.8999938964844,407.04998779296875,411.0,5584100
2025-03-18,388.54779052734375,412.8999938964844,412.8999938964844,412.8999938964844,412.8999938964844,0
2025-03-19,404.1687316894531,429.5,430.79998779296875,421.5,425.0,8219861
2025-03-20,403.7452392578125,429.04998779296875,436.79998779296875,424.5,433.79998779296875,5413493
2025-03-21,403.65118408203125,428.95001220703125,435.8500061035156,424.6000061035156,429.5,9605751
2025-03-24,418.2370300292969,444.45001220703125,447.25,432.1000061035156,433.0,10013355
2025-03-25,416.6372985839844,442.75,450.0,440.0,449.0,15383870
2025-03-26,403.78192138671875,425.6000061035156,443.25,424.1000061035156,439.25,10098135
2025-03-27,411.18206787109375,433.3999938964844,439.8999938964844,423.70001220703125,425.6000061035156,8843621
2025-03-28,407.1973571777344,429.20001220703125,440.0,427.0,433.8999938964844,4744923
2025-04-01,395.52789306640625,416.8999938964844,432.3500061035156,415.04998779296875,425.8500061035156,5586002
2025-04-02,402.7857360839844,424.54998779296875,425.6000061035156,409.5,419.95001220703125,7091444
2025-04-03,403.6396179199219,425.45001220703125,431.54998779296875,417.0,419.0,7494342
2025-04-04,382.719970703125,403.3999938964844,425.0,401.1000061035156,424.95001220703125,9757931
2025-04-07,364.6466064453125,384.3500061035156,387.0,366.54998779296875,367.95001220703125,20170600
2025-04-08,375.5570068359375,395.8500061035156,402.3500061035156,389.75,390.0,8299658
2025-04-09,369.4851379394531,389.45001220703125,397.0,384.5,395.70001220703125,6447517
2025-04-11,381.62896728515625,402.25,405.70001220703125,396.45001220703125,404.95001220703125,9084693
2025-04-15,401.599853515625,423.29998779296875,424.75,407.45001220703125,411.0,7317427
2025-04-16,403.0229187011719,424.79998779296875,426.5,420.1499938964844,423.6000061035156,5841975
2025-04-17,406.62811279296875,428.6000061035156,431.3999938964844,421.20001220703125,424.0,6325350
2025-04-21,419.9104309082031,442.6000061035156,444.3500061035156,427.6000061035156,432.0,8148218
2025-04-22,417.8232116699219,440.3999938964844,446.0,436.70001220703125,444.3999938964844,4790660
2025-04-23,418.20269775390625,440.79998779296875,448.0,429.45001220703125,440.1499938964844,6888145
2025-04-24,417.3963317871094,439.95001220703125,444.8999938964844,437.0,438.5,6904893
2025-04-25,400.55621337890625,422.20001220703125,443.20001220703125,419.1499938964844,440.0,8944833
2025-04-28,410.8500061035156,433.04998779296875,434.20001220703125,421.8999938964844,424.5,4586239
2025-04-29,408.3358459472656,430.3999938964844,441.29998779296875,428.1000061035156,433.79998779296875,4863017
2025-04-30,398.5638732910156,420.1000061035156,432.45001220703125,415.5,428.5,6432452
2025-05-02,397.47283935546875,418.95001220703125,432.3500061035156,418.04998779296875,418.5,3694616
2025-05-05,401.599853515625,423.29998779296875,425.0,416.20001220703125,422.20001220703125,5223773
2025-05-06,383.953369140625,404.70001220703125,424.70001220703125,402.8999938964844,423.29998779296875,5570959
2025-05-07,389.8829650878906,410.95001220703125,413.0,395.8999938964844,396.70001220703125,7011398
2025-05-08,372.28387451171875,392.3999938964844,417.5,389.0,412.5,9925780
2025-05-09,364.55169677734375,384.25,395.0,380.04998779296875,382.0,13849773
2025-05-12,391.4957580566406,412.6499938964844,413.45001220703125,400.29998779296875,401.8999938964844,10515316
2025-05-13,381.1545715332031,401.75,413.54998779296875,399.3500061035156,411.79998779296875,12251914
2025-05-14,369.5325622558594,389.5,407.04998779296875,385.04998779296875,400.0,38611956
2025-05-15,374.1339416503906,394.3500061035156,396.29998779296875,388.04998779296875,391.3999938964844,12564868
2025-05-16,385.6136474609375,406.45001220703125,409.6499938964844,395.1000061035156,395.1000061035156,14416578
2025-05-19,386.1828918457031,407.04998779296875,412.0,405.20001220703125,411.0,11577637
2025-05-20,373.4223937988281,393.6000061035156,409.8999938964844,392.5,409.8999938964844,12359431
2025-05-21,379.68402099609375,400.20001220703125,401.95001220703125,390.5,395.0,10997125
2025-05-22,381.2019958496094,401.79998779296875,402.75,395.6000061035156,399.8999938964844,8377384
2025-05-23,381.8661193847656,402.5,405.0,400.0,403.0,4958319
2025-05-26,385.9457092285156,406.79998779296875,408.75,403.0,404.95001220703125,5102219
2025-05-27,384.3802795410156,405.1499938964844,408.5,401.3999938964844,407.3999938964844,6898898
2025-05-28,382.57769775390625,403.25,409.79998779296875,402.29998779296875,406.0,4215068
2025-05-29,387.3213806152344,408.25,410.20001220703125,401.70001220703125,405.0,7429958
2025-05-30,381.6763610839844,402.29998779296875,410.6499938964844,400.8999938964844,407.95001220703125,8825796
2025-06-02,383.19439697265625,403.8999938964844,406.6000061035156,398.0,400.1000061035156,5157877
2025-06-03,379.9212341308594,400.45001220703125,411.79998779296875,399.1499938964844,404.5,6903210
2025-06-04,380.34814453125,400.8999938964844,403.45001220703125,397.1000061035156,402.0,4209879
2025-06-05,382.34051513671875,403.0,409.75,402.25,404.45001220703125,6165279
2025-06-06,393.7253112792969,415.0,417.29998779296875,398.1000061035156,403.0,17153248
2025-06-09,404.3511962890625,426.20001220703125,428.70001220703125,417.0,418.0,10499689
2025-06-10,401.3626403808594,423.04998779296875,428.5,421.25,428.5,6883130
2025-06-11,397.8049011230469,419.29998779296875,427.70001220703125,416.04998779296875,422.95001220703125,7624681
2025-06-12,384.3328552246094,405.1000061035156,419.0,403.45001220703125,419.0,8770060
2025-06-13,382.0558776855469,402.70001220703125,403.79998779296875,392.3500061035156,396.0,9310007
2025-06-16,380.9173889160156,401.5,403.75,393.54998779296875,402.70001220703125,6381409
2025-06-17,378.6878662109375,399.1499938964844,404.0,397.20001220703125,401.6499938964844,4877511
2025-06-18,372.3787841796875,392.5,399.8999938964844,390.3500061035156,396.5,8395144
2025-06-19,363.9824523925781,383.6499938964844,392.6499938964844,381.0,391.20001220703125,11175647
2025-06-20,374.22882080078125,394.45001220703125,400.8500061035156,389.25,391.5,22119958
2025-06-23,376.93267822265625,397.29998779296875,399.29998779296875,388.3500061035156,390.20001220703125,5395161
2025-06-24,378.16607666015625,398.6000061035156,405.5,398.0,402.95001220703125,6492412
2025-06-25,378.0711975097656,398.5,402.45001220703125,397.1499938964844,401.8500061035156,6960473
2025-06-26,382.8623046875,403.54998779296875,404.79998779296875,397.04998779296875,400.5,7658791
2025-06-27,382.2456359863281,402.8999938964844,409.79998779296875,401.3999938964844,406.5,6165251
2025-06-30,381.771240234375,402.3999938964844,406.8999938964844,402.0,404.79998779296875,6335483
2025-07-01,379.9212341308594,400.45001220703125,404.6499938964844,396.54998779296875,404.5,6863628
2025-07-02,375.2249450683594,395.5,403.3500061035156,394.20001220703125,400.54998779296875,7742629
2025-07-03,372.9954528808594,393.1499938964844,397.3999938964844,392.45001220703125,396.95001220703125,8508913
2025-07-04,373.46978759765625,393.6499938964844,397.1000061035156,390.20001220703125,394.29998779296875,5668163
2025-07-07,371.5249328613281,391.6000061035156,395.5,390.29998779296875,393.95001220703125,4590018
2025-07-08,374.8454895019531,395.1000061035156,397.0,390.29998779296875,392.0,3726258
2025-07-09,371.4774169921875,391.54998779296875,395.8500061035156,390.8999938964844,395.29998779296875,6328142
2025-07-10,377.1698913574219,397.54998779296875,401.45001220703125,395.0,398.0,14143421
2025-07-11,380.4904479980469,401.04998779296875,404.5,395.70001220703125,398.0,10835505
2025-07-14,378.40325927734375,398.8500061035156,401.0,396.1499938964844,400.8500061035156,6624993
2025-07-15,380.7751159667969,401.3500061035156,402.29998779296875,399.1000061035156,399.79998779296875,3198569
2025-07-16,379.873779296875,400.3999938964844,403.1499938964844,399.1000061035156,401.3500061035156,5176743
2025-07-17,380.6327819824219,401.20001220703125,403.3999938964844,399.6000061035156,401.3999938964844,2785521
2025-07-18,380.34814453125,400.8999938964844,405.3999938964844,398.0,401.6000061035156,6376775
2025-07-21,378.2135009765625,398.6499938964844,401.29998779296875,395.04998779296875,401.0,6036729
2025-07-22,373.1377258300781,393.29998779296875,401.45001220703125,392.5,400.0,8818666
2025-07-23,379.4942932128906,400.0,401.0,392.3999938964844,394.8500061035156,17860000
2025-07-24,384.14306640625,404.8999938964844,406.75,399.45001220703125,400.0,8886939
2025-07-25,380.20587158203125,400.75,408.25,397.6499938964844,408.0,15105541
2025-07-28,372.4736328125,392.6000061035156,403.45001220703125,391.1000061035156,400.75,7692522
2025-07-29,379.5892028808594,400.1000061035156,401.70001220703125,391.0,392.0,4454042
2025-07-30,379.06732177734375,399.54998779296875,403.6000061035156,398.5,401.79998779296875,5784866
2025-07-31,374.94036865234375,395.20001220703125,399.29998779296875,392.25,395.5,7169233
2025-08-01,373.11651611328125,388.70001220703125,392.95001220703125,385.20001220703125,392.5,9859016
2025-08-04,377.7720947265625,393.54998779296875,394.95001220703125,387.70001220703125,389.79998779296875,7536898
2025-08-05,378.6839904785156,394.5,397.79998779296875,391.5,394.04998779296875,4844402
2025-08-06,373.7884826660156,389.3999938964844,396.70001220703125,388.8500061035156,395.0,8191081
2025-08-07,369.5168762207031,384.95001220703125,389.45001220703125,380.54998779296875,388.8500061035156,8126214
2025-08-08,366.0611572265625,381.3500061035156,387.0,380.1000061035156,386.5,3841685
2025-08-11,371.77264404296875,387.29998779296875,387.8999938964844,381.20001220703125,382.1499938964844,3428071
2025-08-12,369.9968566894531,385.45001220703125,389.6499938964844,384.75,388.0,3870319
2025-08-13,371.6286315917969,387.1499938964844,388.70001220703125,385.45001220703125,387.0,2043770
2025-08-14,368.72943115234375,381.54998779296875,386.0,381.0,386.0,3287588
2025-08-18,365.6369934082031,378.3500061035156,387.20001220703125,377.54998779296875,387.0,5688308
2025-08-19,369.4542541503906,382.29998779296875,382.8999938964844,378.20001220703125,380.0,3627812
2025-08-20,368.0530090332031,380.8500061035156,384.0,380.20001220703125,382.54998779296875,2969056
2025-08-21,367.8114013671875,380.6000061035156,383.54998779296875,380.0,381.5,3166345
2025-08-22,362.9794006347656,375.6000061035156,381.3999938964844,375.29998779296875,380.8999938964844,3478895
2025-08-25,362.4478759765625,375.04998779296875,378.3500061035156,374.75,376.95001220703125,1964197
2025-08-26,351.3342590332031,363.54998779296875,375.5,362.04998779296875,374.6499938964844,7126523
2025-08-28,342.97491455078125,354.8999938964844,364.3999938964844,354.1499938964844,364.0,8466993
2025-08-29,338.23956298828125,350.0,355.79998779296875,348.6000061035156,355.1000061035156,7976387
2025-09-01,348.7733154296875,360.8999938964844,361.79998779296875,351.0,351.75,3343204
2025-09-02,352.49395751953125,364.75,369.8999938964844,360.1499938964844,362.0,4912033
2025-09-03,355.44146728515625,367.79998779296875,368.3500061035156,364.5,365.29998779296875,3329064
2025-09-04,352.0590515136719,364.29998779296875,372.0,363.3999938964844,372.0,3479726
2025-09-05,353.846923828125,366.1499938964844,369.25,362.6499938964844,365.8999938964844,3791077
2025-09-08,356.6011657714844,369.0,371.29998779296875,366.75,366.95001220703125,3293782
2025-09-09,355.73138427734375,368.1000061035156,370.79998779296875,366.1499938964844,370.79998779296875,2283407
2025-09-10,358.4856262207031,370.95001220703125,372.6000061035156,369.1000061035156,369.8500061035156,3779353
2025-09-11,362.0613098144531,374.6499938964844,376.1499938964844,371.0,372.0,2902056
2025-09-12,360.75665283203125,373.29998779296875,375.45001220703125,371.0,374.70001220703125,3124840
2025-09-15,365.7336120605469,378.45001220703125,383.29998779296875,373.1000061035156,373.29998779296875,4832470
2025-09-16,367.7147216796875,380.5,381.29998779296875,377.79998779296875,379.95001220703125,2547626
2025-09-17,371.4836730957031,384.3999938964844,385.95001220703125,380.3999938964844,381.20001220703125,4438340
2025-09-18,371.4836730957031,384.3999938964844,390.5,383.29998779296875,386.54998779296875,5539743
2025-09-19,371.5803527832031,384.5,387.95001220703125,383.20001220703125,384.0,4225670
2025-09-22,371.0971374511719,384.0,387.20001220703125,382.6000061035156,384.0,2174660
2025-09-23,373.7064514160156,386.70001220703125,389.3999938964844,383.95001220703125,384.6000061035156,5784348
2025-09-24,369.1643371582031,382.0,387.3999938964844,381.1000061035156,385.75,3170894
2025-09-25,362.64117431640625,375.25,383.6000061035156,374.29998779296875,382.0,4361621
2025-09-26,355.0549011230469,367.3999938964844,375.04998779296875,365.0,374.0,4501242
2025-09-29,359.5003662109375,372.0,373.79998779296875,367.25,367.5,4447861
2025-09-30,360.32177734375,372.8500061035156,374.5,369.5,370.5,4700628
2025-10-01,364.8638610839844,377.54998779296875,390.29998779296875,372.1000061035156,372.1499938964844,11972697
2025-10-03,367.56976318359375,380.3500061035156,381.20001220703125,375.04998779296875,378.29998779296875,3340921
2025-10-06,365.3470458984375,378.04998779296875,381.95001220703125,376.04998779296875,380.3500061035156,2781104
2025-10-07,365.0571594238281,377.75,380.45001220703125,376.1000061035156,378.8999938964844,3154623
2025-10-08,359.9835510253906,372.5,379.29998779296875,372.0,378.0,3907994
2025-10-09,359.11383056640625,371.6000061035156,374.25,369.8999938964844,372.5,4882301
2025-10-10,360.4184265136719,372.95001220703125,378.5,372.20001220703125,372.5,3649004
2025-10-13,358.6305847167969,371.1000061035156,373.3999938964844,368.79998779296875,372.8999938964844,2862235
2025-10-14,357.8574523925781,370.29998779296875,374.0,367.6000061035156,372.29998779296875,3501314
2025-10-15,363.17266845703125,375.79998779296875,378.79998779296875,370.70001220703125,370.95001220703125,4289079
2025-10-16,364.8155517578125,377.5,379.8999938964844,375.8999938964844,377.1000061035156,2414522
2025-10-17,362.35125732421875,374.95001220703125,378.0,371.04998779296875,378.0,7935534
2025-10-20,362.1096496582031,374.70001220703125,380.6000061035156,374.04998779296875,379.5,7044875
2025-10-21,364.4772644042969,377.1499938964844,378.0,376.0,377.3999938964844,1149313
2025-10-23,362.30291748046875,374.8999938964844,381.6499938964844,374.1499938964844,380.0,10209878
2025-10-24,360.0802001953125,372.6000061035156,376.8500061035156,371.1499938964844,375.95001220703125,7429746
2025-10-27,365.65753173828125,373.70001220703125,375.54998779296875,368.29998779296875,371.6000061035156,5088563
2025-10-28,361.009765625,368.95001220703125,376.8999938964844,367.5,374.5,9956081
2025-10-29,377.25250244140625,385.54998779296875,388.29998779296875,369.70001220703125,371.0,13697186
2025-10-30,370.15850830078125,378.29998779296875,387.5,377.20001220703125,387.5,9480446
2025-10-31,366.78277587890625,374.8500061035156,380.6000061035156,374.0,378.5,6011939
2025-11-03,371.0391845703125,379.20001220703125,380.04998779296875,374.0,374.8999938964844,5995360
2025-11-04,362.6731262207031,370.6499938964844,379.6499938964844,370.1000061035156,379.0,6215083
2025-11-06,354.894287109375,362.70001220703125,372.70001220703125,362.0,372.5,9880195
2025-11-07,357.0958251953125,364.95001220703125,368.29998779296875,358.20001220703125,360.29998779296875,6342222
2025-11-10,354.6007080078125,362.3999938964844,367.1499938964844,362.0,365.25,2951020
2025-11-11,354.25823974609375,362.04998779296875,363.5,356.5,363.0,4740197
2025-11-12,354.45391845703125,362.25,367.70001220703125,361.5,363.5,8852954
2025-11-13,351.3227844238281,359.04998779296875,364.3999938964844,358.54998779296875,362.25,5159178
2025-11-14,350.34429931640625,358.04998779296875,362.6499938964844,356.6499938964844,359.04998779296875,5905363
2025-11-17,353.6222229003906,361.3999938964844,363.70001220703125,358.8999938964844,359.75,4493041
2025-11-18,351.3227844238281,359.04998779296875,362.45001220703125,358.29998779296875,362.45001220703125,3554141
2025-11-19,351.7142028808594,359.45001220703125,360.25,357.3500061035156,359.04998779296875,3569363
2025-11-20,353.6222229003906,361.3999938964844,363.95001220703125,359.8999938964844,360.5,4168805
2025-11-21,350.4911193847656,358.20001220703125,361.20001220703125,357.54998779296875,360.0,5875570
2025-11-24,348.1916809082031,355.8500061035156,359.25,354.54998779296875,358.20001220703125,19478651
2025-11-25,344.1799011230469,351.75,356.0,350.29998779296875,354.5,6515065
2025-11-26,348.7298278808594,356.3999938964844,359.79998779296875,351.75,351.75,6349414
2025-11-27,354.45391845703125,362.25,364.3500061035156,356.0,356.3999938964844,5683705
2025-11-28,353.13299560546875,360.8999938964844,363.6000061035156,359.70001220703125,362.25,3053285
2025-12-01,350.4911193847656,358.20001220703125,362.79998779296875,357.0,361.8999938964844,3297383
2025-12-02,349.75726318359375,357.45001220703125,359.79998779296875,355.04998779296875,356.0,7352239
2025-12-03,342.7611083984375,350.29998779296875,359.20001220703125,349.1000061035156,358.0,6490892
2025-12-04,345.15838623046875,352.75,354.6000061035156,350.1000061035156,350.29998779296875,8305258
2025-12-05,345.696533203125,353.29998779296875,354.29998779296875,348.20001220703125,352.1000061035156,6012088
2025-12-08,335.2268371582031,342.6000061035156,353.8500061035156,340.1000061035156,353.29998779296875,11238507
2025-12-09,335.471435546875,342.8500061035156,344.45001220703125,336.5,341.0,5469753
2025-12-10,335.2268371582031,342.6000061035156,348.0,341.79998779296875,342.8500061035156,3749704
2025-12-11,336.5966796875,344.0,345.20001220703125,340.25,343.0,4041253
2025-12-12,336.98809814453125,344.3999938964844,346.79998779296875,341.04998779296875,346.79998779296875,3316506
2025-12-15,335.12896728515625,342.5,343.29998779296875,336.70001220703125,341.79998779296875,6075999
2025-12-16,328.1817626953125,335.3999938964844,343.0,334.79998779296875,342.5,6230737
2025-12-17,326.76300048828125,333.95001220703125,337.29998779296875,332.5,337.04998779296875,4532037
2025-12-18,329.7473449707031,337.0,338.0,330.95001220703125,334.8999938964844,6827303
2025-12-19,331.9000244140625,339.20001220703125,340.5,336.45001220703125,338.0,3443420
2025-12-22,336.8902282714844,344.29998779296875,345.8500061035156,339.6000061035156,340.5,3206025
2025-12-23,346.57720947265625,354.20001220703125,357.5,343.3500061035156,345.79998779296875,8591989
2025-12-24,347.1153564453125,354.75,358.20001220703125,353.79998779296875,355.1000061035156,3790465
2025-12-26,349.414794921875,357.1000061035156,360.45001220703125,353.54998779296875,354.8500061035156,5271033
2025-12-29,348.2895202636719,355.95001220703125,359.3999938964844,353.1499938964844,358.0,5665134
2025-12-30,343.8374328613281,351.3999938964844,355.8999938964844,350.0,355.8999938964844,4931091
2025-12-31,349.1212158203125,356.79998779296875,362.0,351.54998779296875,351.6000061035156,5847158
2026-01-01,359.7866516113281,367.70001220703125,368.6000061035156,359.3500061035156,360.0,13409679
2026-01-02,372.45794677734375,380.6499938964844,384.0,369.5,370.0,24228761
2026-01-05,372.8003845214844,381.0,386.70001220703125,377.54998779296875,384.3999938964844,12532845
2026-01-06,374.6106262207031,382.8500061035156,387.79998779296875,378.6000061035156,383.0,9931356
2026-01-07,376.9589538574219,385.25,387.20001220703125,381.54998779296875,382.8500061035156,9531582
2026-01-08,363.4070129394531,371.3999938964844,387.45001220703125,369.25,386.0,10208126
2026-01-09,355.7748718261719,363.6000061035156,373.70001220703125,362.0,370.0,7858619
2026-01-12,362.5263977050781,370.5,371.45001220703125,358.1499938964844,364.0,7377850
2026-01-13,359.0038757324219,366.8999938964844,373.1000061035156,363.6000061035156,372.6000061035156,5886522
2026-01-14,361.93927001953125,369.8999938964844,373.0,364.29998779296875,366.75,4870804
2026-01-15,361.93927001953125,369.8999938964844,369.8999938964844,369.8999938964844,369.8999938964844,0
2026-01-16,363.015625,371.0,377.5,369.79998779296875,370.0,8728064
2026-01-19,362.1349792480469,370.1000061035156,374.20001220703125,368.5,370.8999938964844,8850224
2026-01-20,351.176025390625,358.8999938964844,369.75,357.04998779296875,369.75,13205286
2026-01-21,348.1427307128906,355.79998779296875,359.6499938964844,351.1000061035156,357.1499938964844,12973950
2026-01-22,358.3189392089844,366.20001220703125,368.3999938964844,359.54998779296875,359.95001220703125,9495251
2026-01-23,353.57330322265625,361.3500061035156,370.6499938964844,360.5,367.25,9232847
2026-01-27,356.1173400878906,363.95001220703125,366.0,359.8500061035156,362.8999938964844,8191822
2026-01-28,369.375732421875,377.5,378.45001220703125,363.5,364.95001220703125,7509050
2026-01-29,367.2230529785156,375.29998779296875,384.75,373.0,380.0,10070972
2026-01-30,356.2641296386719,364.1000061035156,375.0,359.0,372.54998779296875,21086535
2026-02-02,355.28564453125,363.1000061035156,368.3500061035156,354.75,360.0,14465153
2026-02-03,364.4833679199219,372.5,379.0,368.1000061035156,376.0,10441929
2026-02-04,373.38751220703125,381.6000061035156,382.45001220703125,369.5,372.5,16212031
2026-02-05,373.87677001953125,382.1000061035156,386.5,378.8999938964844,382.70001220703125,13810435
2026-02-06,368.9247131347656,372.5,377.6499938964844,368.0,377.6499938964844,12996880
2026-02-09,356.4456481933594,359.8999938964844,377.95001220703125,354.3500061035156,374.0,23301540
2026-02-10,352.3849792480469,355.79998779296875,360.8500061035156,354.3999938964844,359.8999938964844,9568613
2026-02-11,350.5527648925781,353.95001220703125,357.8999938964844,352.6000061035156,356.0,8989825
2026-02-12,347.3339538574219,350.70001220703125,356.79998779296875,349.25,355.0,5630751
2026-02-13,343.5704345703125,346.8999938964844,348.5,339.79998779296875,348.1000061035156,8552636
2026-02-16,350.1070861816406,353.5,354.1499938964844,343.20001220703125,346.1000061035156,6203921
2026-02-17,355.15814208984375,358.6000061035156,359.20001220703125,352.70001220703125,353.70001220703125,3611823
2026-02-18,360.80340576171875,364.29998779296875,366.6000061035156,358.3999938964844,359.8999938964844,6009021
2026-02-19,350.1565856933594,353.54998779296875,364.45001220703125,351.25,364.45001220703125,3754213
2026-02-20,350.8003845214844,354.20001220703125,356.45001220703125,352.54998779296875,352.79998779296875,2080938
2026-02-23,348.819580078125,352.20001220703125,356.8500061035156,349.1000061035156,356.75,4210986
2026-02-24,350.602294921875,354.0,355.8500061035156,347.5,351.0,7079250
2026-02-25,350.602294921875,354.0,357.5,350.3500061035156,356.20001220703125,5564761
2026-02-26,350.7013244628906,354.1000061035156,357.5,351.1499938964844,354.8999938964844,3258960
2026-02-27,346.44256591796875,349.79998779296875,354.20001220703125,348.29998779296875,353.0,7542283
2026-03-02,335.6967468261719,338.95001220703125,344.3999938964844,334.6499938964844,339.54998779296875,5951923
2026-03-04,325.5946350097656,328.75,336.25,324.20001220703125,335.0,11242119
2026-03-05,338.56890869140625,341.8500061035156,343.3999938964844,329.5,330.3500061035156,11657520
2026-03-06,335.8948059082031,339.1499938964844,350.79998779296875,338.5,340.0,5579379
2026-03-09,321.286376953125,324.3999938964844,333.20001220703125,321.0,332.0,7988489
2026-03-10,331.1903991699219,334.3999938964844,336.29998779296875,326.70001220703125,332.79998779296875,8247861
2026-03-11,329.8533630371094,333.04998779296875,340.6499938964844,331.3500061035156,334.8999938964844,6075561
2026-03-12,340.20306396484375,343.5,349.45001220703125,327.29998779296875,331.0,10658407
2026-03-13,328.3182373046875,331.5,345.04998779296875,330.5,341.79998779296875,6561611
2026-03-16,329.2591247558594,332.45001220703125,335.3999938964844,326.70001220703125,332.0,8088028
2026-03-17,334.458740234375,337.70001220703125,339.3999938964844,330.3500061035156,333.95001220703125,10022642
2026-03-18,344.7093811035156,348.04998779296875,349.1499938964844,339.3999938964844,341.79998779296875,10611550
2026-03-19,330.1999816894531,333.3999938964844,344.0,331.6000061035156,343.0,6669467
2026-03-20,330.5,330.5,342.0,329.25,335.79998779296875,10305459
2026-03-23,316.45001220703125,316.45001220703125,327.45001220703125,310.54998779296875,327.45001220703125,11748371
2026-03-24,320.79998779296875,320.79998779296875,325.79998779296875,312.04998779296875,322.5,8845151
2026-03-25,327.70001220703125,327.70001220703125,329.1499938964844,323.25,324.8999938964844,6889607
2026-03-27,318.45001220703125,318.45001220703125,326.0,317.54998779296875,326.0,8875060
2026-03-30,305.1000061035156,305.1000061035156,317.70001220703125,304.04998779296875,314.25,16723499
2026-04-01,322.1000061035156,322.1000061035156,323.70001220703125,312.3500061035156,319.79998779296875,9592156
2026-04-02,324.79998779296875,324.79998779296875,325.95001220703125,311.25,317.54998779296875,8100516
2026-04-06,327.54998779296875,327.54998779296875,328.25,320.20001220703125,323.54998779296875,6505082
2026-04-07,329.3500061035156,329.3500061035156,330.6000061035156,325.0,325.8999938964844,8232651
2026-04-08,342.6499938964844,342.6499938964844,344.8500061035156,337.6000061035156,344.8500061035156,6840941
2026-04-09,346.79998779296875,346.79998779296875,349.8500061035156,338.70001220703125,342.6499938964844,6287331
2026-04-10,349.79998779296875,349.79998779296875,354.29998779296875,345.8999938964844,349.0,6438338
2026-04-13,347.0,347.0,347.8500061035156,337.75,341.1499938964844,5524253
2026-04-15,352.6499938964844,352.6499938964844,356.25,350.1499938964844,350.6000061035156,5663934
2026-04-16,364.20001220703125,364.20001220703125,372.6000061035156,354.0,355.0,21771221
2026-04-17,373.29998779296875,373.29998779296875,377.70001220703125,362.70001220703125,364.1499938964844,14949943
2026-04-20,382.70001220703125,382.70001220703125,384.54998779296875,366.45001220703125,373.3500061035156,12043689
2026-04-21,383.3500061035156,383.3500061035156,387.45001220703125,380.0,382.70001220703125,8374408
2026-04-22,383.3500061035156,383.3500061035156,386.25,379.0,380.0,5284649
2026-04-23,376.45001220703125,376.45001220703125,386.1000061035156,375.8500061035156,381.8500061035156,6915475
2026-04-24,374.0,374.0,378.75,369.04998779296875,377.0,4834153
2026-04-27,378.04998779296875,378.04998779296875,381.95001220703125,376.0,376.0,4948268
2026-04-28,375.79998779296875,375.79998779296875,383.5,371.5,377.0,10991705
2026-04-29,363.54998779296875,363.54998779296875,372.45001220703125,358.1000061035156,368.04998779296875,16891422
2026-04-30,354.29998779296875,354.29998779296875,361.1000061035156,352.75,361.1000061035156,9031675
2026-05-01,354.29998779296875,354.29998779296875,354.29998779296875,354.29998779296875,354.29998779296875,0
2026-05-04,353.5,353.5,361.1499938964844,351.3999938964844,356.0,5034010
2026-05-05,356.3999938964844,356.3999938964844,357.79998779296875,351.1499938964844,353.5,6734583
2026-05-06,359.1000061035156,359.1000061035156,361.1000061035156,351.8500061035156,358.8999938964844,9798302
2026-05-07,359.75,359.75,367.29998779296875,357.6000061035156,360.0,7776265
2026-05-08,359.3999938964844,359.3999938964844,363.6000061035156,356.1499938964844,359.75,5059153
2026-05-11,351.54998779296875,351.54998779296875,358.79998779296875,350.5,358.0,4773107
2026-05-12,344.3500061035156,344.3500061035156,353.6499938964844,343.54998779296875,350.1499938964844,5222169
2026-05-13,346.54998779296875,346.54998779296875,351.1000061035156,342.0,345.45001220703125,4765260
2026-05-14,348.29998779296875,348.29998779296875,350.54998779296875,341.70001220703125,349.0,5287354
2026-05-15,345.8500061035156,345.8500061035156,350.25,344.20001220703125,349.5,3222539
2026-05-18,333.70001220703125,333.70001220703125,345.0,331.6499938964844,345.0,6159707
2026-05-19,334.25,334.25,337.1499938964844,332.79998779296875,333.70001220703125,2521354
2026-05-20,333.0,333.0,335.0,328.1499938964844,333.3999938964844,3723835
2026-05-21,333.70001220703125,333.70001220703125,338.79998779296875,333.0,336.3999938964844,4807537
2026-05-22,336.95001220703125,336.95001220703125,338.0,332.3999938964844,335.5,4613260
2026-05-25,342.20001220703125,342.20001220703125,345.0,340.0,340.0,3489013
2026-05-26,337.6000061035156,337.6000061035156,344.45001220703125,336.29998779296875,344.0,3913330
2026-05-27,339.70001220703125,339.70001220703125,340.6499938964844,336.6000061035156,337.0,3232759
2026-05-28,339.70001220703125,339.70001220703125,339.70001220703125,339.70001220703125,339.70001220703125,0
2026-05-29,337.6499938964844,337.6499938964844,343.6499938964844,335.0,342.5,10274190
2026-06-01,331.3999938964844,331.3999938964844,339.8500061035156,331.0,339.6499938964844,4076940
2026-06-02,325.04998779296875,325.04998779296875,330.3999938964844,321.0,329.95001220703125,6501043
2026-06-03,325.6499938964844,325.6499938964844,327.5,322.6000061035156,325.79998779296875,4526029
2026-06-04,335.20001220703125,335.20001220703125,336.20001220703125,325.1000061035156,325.6499938964844,8844070
2026-06-05,343.8999938964844,343.8999938964844,346.79998779296875,336.20001220703125,336.79998779296875,11008792
2026-06-08,343.3999938964844,343.3999938964844,346.3999938964844,338.45001220703125,340.0,11062037
2026-06-09,352.1000061035156,352.1000061035156,352.79998779296875,343.45001220703125,344.25,6850589
2026-06-10,348.79998779296875,348.79998779296875,354.79998779296875,347.79998779296875,352.0,4341800
2026-06-11,336.8500061035156,336.8500061035156,349.54998779296875,335.70001220703125,348.5,5830091
2026-06-12,348.04998779296875,348.04998779296875,348.75,339.8999938964844,341.25,2634728
2026-06-15,351.8500061035156,351.8500061035156,354.45001220703125,350.5,353.70001220703125,3911854
2026-06-16,356.54998779296875,356.54998779296875,358.75,352.3999938964844,353.0,3407173
2026-06-17,358.75,358.75,360.0,354.29998779296875,357.5,2690056
2026-06-18,358.70001220703125,358.70001220703125,364.8500061035156,353.75,359.79998779296875,4640982
2026-06-19,355.3500061035156,355.3500061035156,357.95001220703125,352.79998779296875,355.20001220703125,2926136
2026-06-22,369.8500061035156,369.8500061035156,370.75,355.3500061035156,355.3500061035156,9413420
2026-06-23,361.8999938964844,361.8999938964844,371.29998779296875,361.1499938964844,371.0,5760725
2026-06-24,363.6499938964844,363.6499938964844,365.3500061035156,360.54998779296875,362.1499938964844,5365537
2026-06-25,364.6499938964844,364.6499938964844,368.0,360.0,366.1000061035156,6473908
2026-06-26,364.6499938964844,364.6499938964844,364.6499938964844,364.6499938964844,364.6499938964844,0
2026-06-29,364.95001220703125,364.95001220703125,367.95001220703125,363.0,365.54998779296875,10623804
2026-06-30,363.79998779296875,363.79998779296875,367.79998779296875,362.5,364.95001220703125,10340613
2026-07-01,370.1000061035156,370.1000061035156,370.95001220703125,362.0,365.0,7320424
2026-07-02,369.6000061035156,369.6000061035156,371.0,367.0,371.0,4706399
2026-07-03,365.1499938964844,365.1499938964844,372.3500061035156,363.8500061035156,372.0,7114745
2026-07-06,364.75,364.75,367.8500061035156,362.25,365.1499938964844,3202704
2026-07-07,356.25,356.25,365.79998779296875,355.1000061035156,364.0,4139869
2026-07-08,348.75,348.75,358.5,346.5,353.75,7750983
2026-07-09,352.0,352.0,353.95001220703125,345.70001220703125,349.1000061035156,5543794
2026-07-10,351.95001220703125,351.95001220703125,356.6499938964844,350.75,354.0,4023218
2026-07-13,351.04998779296875,351.04998779296875,352.6000061035156,347.29998779296875,349.1000061035156,3848578
2026-07-14,352.45001220703125,352.45001220703125,353.6000061035156,346.8500061035156,348.0,3710161
2026-07-15,351.70001220703125,351.70001220703125,356.45001220703125,350.54998779296875,354.0,3884183
2026-07-16,349.6000061035156,349.6000061035156,355.6499938964844,349.04998779296875,353.20001220703125,4094233
2026-07-17,355.1000061035156,355.1000061035156,357.0,347.3999938964844,350.0,7268772
2026-07-20,363.5,363.5,364.70001220703125,352.0,353.0,6786498
2026-07-21,362.04998779296875,362.04998779296875,363.8999938964844,357.04998779296875,362.5,3426706
2026-07-22,360.6499938964844,360.6499938964844,362.0,357.3999938964844,360.29998779296875,2248543
2026-07-23,358.6000061035156,358.6000061035156,362.3500061035156,356.3999938964844,358.04998779296875,2454864
