Date,Adj Close,Close,High,Low,Open,Volume
2021-07-23,27.27726936340332,30.25,30.950000762939453,30.100000381469727,30.799999237060547,2567121
2021-07-26,27.187095642089844,30.149999618530273,30.899999618530273,30.100000381469727,30.25,2962821
2021-07-27,27.14200782775879,30.100000381469727,30.5,29.850000381469727,30.399999618530273,2671090
2021-07-28,26.91657829284668,29.850000381469727,30.350000381469727,29.799999237060547,30.25,2340776
2021-07-29,26.871488571166992,29.799999237060547,30.100000381469727,29.75,30.0,1507391
2021-07-30,26.691144943237305,29.600000381469727,29.950000762939453,29.549999237060547,29.799999237060547,2169927
2021-08-02,27.00674819946289,29.950000762939453,30.399999618530273,29.700000762939453,29.850000381469727,4004760
2021-08-03,27.00674819946289,29.950000762939453,30.100000381469727,29.799999237060547,30.100000381469727,1644488
2021-08-04,26.73622703552246,29.649999618530273,30.200000762939453,29.600000381469727,30.200000762939453,2089253
2021-08-05,26.375537872314453,29.25,29.700000762939453,29.149999618530273,29.649999618530273,1637757
2021-08-06,26.73622703552246,29.649999618530273,30.0,29.25,29.399999618530273,2176874
2021-08-09,27.14200782775879,30.100000381469727,30.5,29.899999618530273,30.299999237060547,4142520
2021-08-10,26.375537872314453,29.25,30.299999237060547,29.149999618530273,30.100000381469727,1856220
2021-08-11,26.195194244384766,29.049999237060547,29.5,28.700000762939453,29.399999618530273,2909148
2021-08-12,26.691144943237305,29.600000381469727,29.799999237060547,29.200000762939453,29.299999237060547,1771008
2021-08-13,26.73622703552246,29.649999618530273,30.5,29.549999237060547,30.5,3633945
2021-08-16,26.330453872680664,29.200000762939453,29.649999618530273,29.100000381469727,29.549999237060547,1274362
2021-08-17,26.014848709106445,28.850000381469727,29.149999618530273,28.799999237060547,29.149999618530273,1022208
2021-08-18,25.87959098815918,28.700000762939453,29.0,28.649999618530273,29.0,1368302
2021-08-20,25.338550567626953,28.100000381469727,28.600000381469727,28.049999237060547,28.600000381469727,1561800
2021-08-23,24.93277359008789,27.649999618530273,28.450000762939453,27.549999237060547,28.399999618530273,1904509
2021-08-24,25.02294921875,27.75,28.200000762939453,27.5,27.649999618530273,1901920
2021-08-25,24.977859497070312,27.700000762939453,28.200000762939453,27.649999618530273,28.0,1696775
2021-08-26,25.113117218017578,27.850000381469727,28.149999618530273,27.700000762939453,27.850000381469727,1207137
2021-08-27,25.293468475341797,28.049999237060547,28.25,27.799999237060547,27.950000762939453,1261184
2021-08-30,25.383638381958008,28.149999618530273,28.399999618530273,28.100000381469727,28.299999237060547,1237305
2021-08-31,25.428726196289062,28.200000762939453,28.549999237060547,28.0,28.200000762939453,1636468
2021-09-01,25.473812103271484,28.25,28.450000762939453,28.200000762939453,28.350000381469727,1007313
2021-09-02,25.383638381958008,28.149999618530273,28.450000762939453,27.899999618530273,27.899999618530273,1269838
2021-09-03,27.051836013793945,30.0,30.5,28.200000762939453,28.25,8756651
2021-09-06,26.46571159362793,29.350000381469727,30.700000762939453,29.25,30.299999237060547,4261300
2021-09-07,28.4044246673584,31.5,32.400001525878906,29.350000381469727,29.5,17699752
2021-09-08,27.953561782836914,31.0,31.799999237060547,30.799999237060547,31.700000762939453,8685558
2021-09-09,27.502696990966797,30.5,31.299999237060547,30.200000762939453,30.950000762939453,4075336
2021-09-13,27.232179641723633,30.200000762939453,30.899999618530273,30.100000381469727,30.700000762939453,2176994
2021-09-14,27.32235336303711,30.299999237060547,30.700000762939453,30.100000381469727,30.350000381469727,2860732
2021-09-15,27.096920013427734,30.049999237060547,30.600000381469727,30.0,30.350000381469727,3403038
2021-09-16,27.27726936340332,30.25,30.600000381469727,30.049999237060547,30.149999618530273,2800352
2021-09-17,27.14200782775879,30.100000381469727,30.450000762939453,29.549999237060547,30.350000381469727,2788086
2021-09-20,27.683046340942383,30.700000762939453,32.70000076293945,30.299999237060547,31.399999618530273,18929053
2021-09-21,27.232179641723633,30.200000762939453,30.799999237060547,30.0,30.700000762939453,3455508
2021-09-22,27.412525177001953,30.399999618530273,30.700000762939453,30.200000762939453,30.200000762939453,2510051
2021-09-23,27.27726936340332,30.25,30.600000381469727,30.200000762939453,30.450000762939453,2120871
2021-09-24,27.096920013427734,30.049999237060547,30.399999618530273,30.0,30.25,1407857
2021-09-27,26.91657829284668,29.850000381469727,30.25,29.799999237060547,30.149999618530273,1517571
2021-09-28,27.232179641723633,30.200000762939453,30.700000762939453,29.799999237060547,29.899999618530273,4447852
2021-09-29,27.412525177001953,30.399999618530273,30.700000762939453,30.049999237060547,30.450000762939453,3511475
2021-09-30,27.232179641723633,30.200000762939453,30.600000381469727,30.149999618530273,30.600000381469727,1663456
2021-10-01,27.051836013793945,30.0,31.200000762939453,29.899999618530273,30.049999237060547,5513284
2021-10-04,27.232179641723633,30.200000762939453,30.5,30.149999618530273,30.149999618530273,2164609
2021-10-05,27.863391876220703,30.899999618530273,31.799999237060547,30.799999237060547,31.5,9130208
2021-10-06,27.908477783203125,30.950000762939453,31.799999237060547,30.799999237060547,31.200000762939453,8355559
2021-10-07,27.863391876220703,30.899999618530273,31.850000381469727,30.649999618530273,31.700000762939453,6203550
2021-10-08,27.908477783203125,30.950000762939453,31.399999618530273,30.850000381469727,31.200000762939453,3363173
2021-10-11,27.32235336303711,30.299999237060547,31.100000381469727,30.149999618530273,31.100000381469727,3637590
2021-10-12,27.187095642089844,30.149999618530273,30.649999618530273,30.049999237060547,30.299999237060547,5382835
2021-10-13,27.232179641723633,30.200000762939453,30.600000381469727,30.149999618530273,30.299999237060547,6973425
2021-10-14,27.637956619262695,30.649999618530273,31.799999237060547,30.299999237060547,30.299999237060547,10016889
2021-10-18,30.703828811645508,34.04999923706055,34.5,30.899999618530273,30.950000762939453,40946017
2021-10-19,29.39632797241211,32.599998474121094,35.20000076293945,32.20000076293945,34.400001525878906,23718084
2021-10-20,29.30615234375,32.5,33.20000076293945,31.549999237060547,32.5,14768852
2021-10-21,32.37203598022461,35.900001525878906,36.54999923706055,32.75,32.900001525878906,72880233
2021-10-22,38.81938171386719,43.04999923706055,43.04999923706055,35.75,36.5,163253501
2021-10-25,34.94195556640625,38.75,44.79999923706055,38.75,44.0,37319544
2021-10-26,33.99513626098633,37.70000076293945,39.25,35.70000076293945,37.04999923706055,55503526
2021-10-27,33.4541015625,37.099998474121094,38.79999923706055,36.599998474121094,37.900001525878906,12985039
2021-10-28,33.04832458496094,36.650001525878906,38.20000076293945,36.20000076293945,37.400001525878906,13948391
2021-10-29,31.830989837646484,35.29999923706055,36.900001525878906,33.5,35.70000076293945,14226789
2021-11-01,32.64255142211914,36.20000076293945,36.75,35.599998474121094,35.900001525878906,6295839
2021-11-02,32.507286071777344,36.04999923706055,37.150001525878906,36.0,36.5,4842314
2021-11-03,31.96624755859375,35.45000076293945,36.75,35.349998474121094,36.29999923706055,5124889
2021-11-04,32.77780532836914,36.349998474121094,36.599998474121094,35.599998474121094,35.95000076293945,2011555
2021-11-08,35.48299026489258,39.349998474121094,39.900001525878906,36.349998474121094,36.5,23523291
2021-11-09,35.43790054321289,39.29999923706055,40.54999923706055,38.70000076293945,39.5,14172813
2021-11-10,34.62635040283203,38.400001525878906,39.400001525878906,38.099998474121094,39.25,6206533
2021-11-11,34.67143630981445,38.45000076293945,39.20000076293945,38.0,38.45000076293945,10921237
2021-11-12,33.9500617980957,37.650001525878906,38.79999923706055,37.5,38.54999923706055,6165853
2021-11-15,33.589359283447266,37.25,38.099998474121094,37.099998474121094,38.0,5904673
2021-11-16,33.18358612060547,36.79999923706055,38.099998474121094,36.599998474121094,37.29999923706055,5970125
2021-11-17,33.228668212890625,36.849998474121094,37.400001525878906,36.650001525878906,36.75,3514754
2021-11-18,32.507286071777344,36.04999923706055,37.5,35.900001525878906,36.900001525878906,4641009
2021-11-22,31.425214767456055,34.849998474121094,36.349998474121094,34.599998474121094,36.20000076293945,5247980
2021-11-23,32.91306686401367,36.5,36.849998474121094,34.349998474121094,34.849998474121094,5829854
2021-11-24,32.46220397949219,36.0,36.95000076293945,35.900001525878906,36.900001525878906,3043698
2021-11-25,32.91306686401367,36.5,37.04999923706055,35.849998474121094,36.099998474121094,3755688
2021-11-26,31.605562210083008,35.04999923706055,36.29999923706055,34.79999923706055,36.150001525878906,4182444
2021-11-29,29.982452392578125,33.25,35.25,32.75,35.20000076293945,6160682
2021-11-30,30.567298889160156,33.45000076293945,34.5,33.099998474121094,33.25,4268961
2021-12-01,31.115585327148438,34.04999923706055,35.04999923706055,33.79999923706055,34.95000076293945,5292289
2021-12-02,31.4354248046875,34.400001525878906,34.5,34.04999923706055,34.150001525878906,2216442
2021-12-03,31.709569931030273,34.70000076293945,35.29999923706055,34.29999923706055,34.5,4001166
2021-12-06,30.978515625,33.900001525878906,34.95000076293945,33.75,34.900001525878906,2617282
2021-12-07,31.389734268188477,34.349998474121094,34.70000076293945,34.099998474121094,34.20000076293945,2480001
2021-12-08,31.80095100402832,34.79999923706055,35.099998474121094,34.54999923706055,34.70000076293945,2975774
2021-12-09,33.17168045043945,36.29999923706055,37.0,35.099998474121094,35.150001525878906,9970382
2021-12-10,33.44582748413086,36.599998474121094,37.400001525878906,36.20000076293945,36.29999923706055,4915236
2021-12-13,33.17168045043945,36.29999923706055,37.29999923706055,36.150001525878906,36.95000076293945,3463071
2021-12-14,32.577701568603516,35.650001525878906,36.099998474121094,35.5,36.099998474121094,2462932
2021-12-15,32.25785827636719,35.29999923706055,35.79999923706055,35.099998474121094,35.70000076293945,2244673
2021-12-16,31.663883209228516,34.650001525878906,36.0,34.5,35.75,2461478
2021-12-17,31.344043731689453,34.29999923706055,34.75,33.900001525878906,34.650001525878906,3322776
2021-12-20,30.475908279418945,33.349998474121094,33.95000076293945,32.79999923706055,33.75,4051254
2021-12-21,30.65867805480957,33.54999923706055,34.099998474121094,33.25,33.599998474121094,2403351
2021-12-22,31.115585327148438,34.04999923706055,34.25,33.70000076293945,33.900001525878906,1885547
2021-12-23,31.206968307495117,34.150001525878906,34.45000076293945,34.04999923706055,34.25,1562483
2021-12-24,30.932823181152344,33.849998474121094,34.400001525878906,33.349998474121094,34.349998474121094,2380205
2021-12-27,30.750057220458984,33.650001525878906,33.900001525878906,33.29999923706055,33.599998474121094,1462052
2021-12-28,31.252660751342773,34.20000076293945,34.650001525878906,33.75,33.900001525878906,2257761
2021-12-29,31.298351287841797,34.25,34.75,34.099998474121094,34.29999923706055,1642466
2021-12-30,30.84144401550293,33.75,34.400001525878906,33.70000076293945,34.349998474121094,1602522
2021-12-31,31.755260467529297,34.75,34.95000076293945,33.75,34.0,3941160
2022-01-03,32.25785827636719,35.29999923706055,35.54999923706055,34.79999923706055,35.0,3437614
2022-01-04,32.21217346191406,35.25,35.70000076293945,35.04999923706055,35.45000076293945,3303241
2022-01-05,31.84663963317871,34.849998474121094,35.29999923706055,34.75,35.150001525878906,2637704
2022-01-06,32.21217346191406,35.25,35.650001525878906,34.349998474121094,34.5,3920852
2022-01-07,32.577701568603516,35.650001525878906,35.75,35.04999923706055,35.25,3841011
2022-01-10,32.89754104614258,36.0,36.20000076293945,35.599998474121094,35.849998474121094,3876215
2022-01-11,32.89754104614258,36.0,37.099998474121094,35.599998474121094,36.0,9466600
2022-01-12,32.62339401245117,35.70000076293945,36.349998474121094,35.599998474121094,36.25,2809434
2022-01-13,32.577701568603516,35.650001525878906,35.95000076293945,35.29999923706055,35.900001525878906,2232567
2022-01-14,33.217376708984375,36.349998474121094,37.099998474121094,35.599998474121094,35.650001525878906,6360534
2022-01-17,35.0907096862793,38.400001525878906,39.29999923706055,36.5,36.650001525878906,19636806
2022-01-18,34.222572326660156,37.45000076293945,39.099998474121094,37.29999923706055,38.70000076293945,6571085
2022-01-19,34.313961029052734,37.54999923706055,37.95000076293945,36.79999923706055,37.5,5004726
2022-01-20,34.13119125366211,37.349998474121094,37.900001525878906,37.099998474121094,37.79999923706055,4074015
2022-01-21,33.948429107666016,37.150001525878906,39.29999923706055,36.900001525878906,37.099998474121094,13194479
2022-01-24,32.394935607910156,35.45000076293945,37.400001525878906,35.04999923706055,37.400001525878906,7075508
2022-01-25,32.532005310058594,35.599998474121094,36.349998474121094,34.5,35.0,5146115
2022-01-27,32.577701568603516,35.650001525878906,36.29999923706055,34.54999923706055,35.599998474121094,3692802
2022-01-28,32.62339401245117,35.70000076293945,36.75,35.54999923706055,36.0,6153387
2022-01-31,32.89754104614258,36.0,36.849998474121094,35.650001525878906,36.400001525878906,5957196
2022-02-01,32.62339401245117,35.70000076293945,37.349998474121094,35.599998474121094,36.75,9169677
2022-02-02,32.577701568603516,35.650001525878906,36.25,35.54999923706055,36.150001525878906,3724078
2022-02-03,32.44062805175781,35.5,35.95000076293945,35.150001525878906,35.79999923706055,2793237
2022-02-04,32.0294075012207,35.04999923706055,35.650001525878906,35.0,35.5,2687122
2022-02-07,31.84663963317871,34.849998474121094,35.349998474121094,34.599998474121094,35.099998474121094,2815265
2022-02-08,31.481115341186523,34.45000076293945,35.099998474121094,34.04999923706055,34.900001525878906,2432754
2022-02-09,31.252660751342773,34.20000076293945,34.79999923706055,34.099998474121094,34.70000076293945,2436984
2022-02-10,32.44062805175781,35.5,35.900001525878906,34.79999923706055,35.0,9664613
2022-02-11,31.663883209228516,34.650001525878906,35.45000076293945,34.5,35.04999923706055,4159845
2022-02-14,30.61298370361328,33.5,34.04999923706055,33.099998474121094,34.04999923706055,4169496
2022-02-15,30.84144401550293,33.75,34.20000076293945,33.0,33.45000076293945,2612228
2022-02-16,30.978515625,33.900001525878906,34.70000076293945,33.79999923706055,34.0,3212095
2022-02-17,30.293153762817383,33.150001525878906,34.29999923706055,32.849998474121094,33.95000076293945,2463938
2022-02-18,30.201763153076172,33.04999923706055,33.349998474121094,32.70000076293945,32.849998474121094,1388142
2022-02-21,29.562091827392578,32.349998474121094,33.04999923706055,32.099998474121094,33.04999923706055,2368474
2022-02-22,28.511198043823242,31.200000762939453,31.649999618530273,30.850000381469727,31.049999237060547,3244132
2022-02-23,28.968109130859375,31.700000762939453,32.20000076293945,31.350000381469727,31.700000762939453,2383222
2022-02-24,26.683557510375977,29.200000762939453,31.049999237060547,29.0,30.5,5444317
2022-02-25,28.328433990478516,31.0,31.149999618530273,29.549999237060547,29.799999237060547,2581166
2022-02-28,28.282747268676758,30.950000762939453,31.149999618530273,29.799999237060547,30.899999618530273,2198584
2022-03-02,28.374122619628906,31.049999237060547,31.399999618530273,30.549999237060547,30.549999237060547,2122495
2022-03-03,28.419816970825195,31.100000381469727,31.700000762939453,31.0,31.549999237060547,1364215
2022-03-04,28.054288864135742,30.700000762939453,31.0,30.149999618530273,30.200000762939453,2074110
2022-03-07,27.36892318725586,29.950000762939453,30.399999618530273,29.700000762939453,30.299999237060547,2703521
2022-03-08,28.054288864135742,30.700000762939453,31.0,30.0,30.0,1741319
2022-03-09,29.24225616455078,32.0,32.25,30.899999618530273,31.25,4099448
2022-03-10,29.790550231933594,32.599998474121094,33.0,32.400001525878906,32.599998474121094,2328661
2022-03-11,29.927616119384766,32.75,33.0,32.54999923706055,32.75,1870063
2022-03-14,29.790550231933594,32.599998474121094,33.20000076293945,32.400001525878906,33.0,2120790
2022-03-15,29.973310470581055,32.79999923706055,33.0,32.400001525878906,32.75,1788635
2022-03-16,30.293153762817383,33.150001525878906,33.54999923706055,32.900001525878906,33.20000076293945,5233389
2022-03-17,31.57249641418457,34.54999923706055,35.25,33.79999923706055,34.0,7026479
2022-03-21,32.71477508544922,35.79999923706055,36.0,35.04999923706055,35.25,5821642
2022-03-22,32.71477508544922,35.79999923706055,36.25,35.599998474121094,36.150001525878906,4360589
2022-03-23,33.034610748291016,36.150001525878906,36.70000076293945,35.599998474121094,35.95000076293945,7772116
2022-03-24,33.349952697753906,34.900001525878906,35.04999923706055,34.650001525878906,35.04999923706055,3157087
2022-03-25,32.585479736328125,34.099998474121094,35.0,33.95000076293945,34.900001525878906,3343917
2022-03-28,31.67768096923828,33.150001525878906,33.95000076293945,33.099998474121094,33.95000076293945,2763487
2022-03-29,31.773235321044922,33.25,33.75,33.150001525878906,33.25,2584059
2022-03-30,31.15210723876953,32.599998474121094,34.150001525878906,32.5,33.900001525878906,4257709
2022-03-31,31.24766731262207,32.70000076293945,33.650001525878906,32.599998474121094,32.70000076293945,4069922
2022-04-01,31.916576385498047,33.400001525878906,33.54999923706055,32.75,32.79999923706055,1810660
2022-04-04,32.298805236816406,33.79999923706055,34.04999923706055,33.400001525878906,33.70000076293945,4103730
2022-04-05,33.01549530029297,34.54999923706055,35.04999923706055,33.849998474121094,34.150001525878906,4099889
2022-04-06,32.72882080078125,34.25,35.04999923706055,34.150001525878906,34.5,3726088
2022-04-07,32.585479736328125,34.099998474121094,34.70000076293945,34.0,34.650001525878906,2514855
2022-04-08,33.06328201293945,34.599998474121094,35.599998474121094,34.25,34.29999923706055,4160873
2022-04-11,33.158836364746094,34.70000076293945,35.29999923706055,34.599998474121094,34.900001525878906,3017130
2022-04-12,33.158836364746094,34.70000076293945,34.79999923706055,34.099998474121094,34.650001525878906,2740833
2022-04-13,33.30217361450195,34.849998474121094,35.54999923706055,34.70000076293945,34.79999923706055,3903706
2022-04-18,32.824378967285156,34.349998474121094,34.900001525878906,34.099998474121094,34.849998474121094,1791913
2022-04-19,33.111061096191406,34.650001525878906,36.400001525878906,34.20000076293945,35.599998474121094,16715371
2022-04-20,33.8277473449707,35.400001525878906,35.75,34.5,34.95000076293945,4619143
2022-04-21,34.35332107543945,35.95000076293945,37.400001525878906,35.54999923706055,36.0,16853131
2022-04-22,34.209983825683594,35.79999923706055,36.75,35.54999923706055,35.849998474121094,6978519
2022-04-25,33.254390716552734,34.79999923706055,35.45000076293945,34.599998474121094,35.29999923706055,3915100
2022-04-26,33.20661544799805,34.75,35.29999923706055,34.650001525878906,35.20000076293945,1844335
2022-04-27,32.585479736328125,34.099998474121094,34.75,33.79999923706055,34.5,3408714
2022-04-28,32.44214630126953,33.95000076293945,34.5,33.75,34.45000076293945,2194269
2022-04-29,32.15547180175781,33.650001525878906,34.349998474121094,33.5,34.349998474121094,2170621
2022-05-02,32.05990982055664,33.54999923706055,33.900001525878906,33.150001525878906,33.400001525878906,1178524
2022-05-04,31.534339904785156,33.0,33.849998474121094,32.79999923706055,33.54999923706055,1778735
2022-05-05,31.391002655029297,32.849998474121094,33.45000076293945,32.79999923706055,33.45000076293945,1257240
2022-05-06,30.960988998413086,32.400001525878906,32.599998474121094,32.099998474121094,32.20000076293945,1556714
2022-05-09,30.72209358215332,32.150001525878906,32.5,31.75,32.400001525878906,1495276
2022-05-10,30.6743106842041,32.099998474121094,32.75,31.899999618530273,32.20000076293945,1347627
2022-05-11,29.766504287719727,31.149999618530273,32.45000076293945,30.5,32.25,2288393
2022-05-12,29.097593307495117,30.450000762939453,31.350000381469727,30.200000762939453,31.0,1747986
2022-05-13,29.623167037963867,31.0,31.350000381469727,30.75,30.850000381469727,1511968
2022-05-16,29.862064361572266,31.25,31.950000762939453,31.049999237060547,31.549999237060547,1104592
2022-05-17,30.72209358215332,32.150001525878906,32.29999923706055,31.299999237060547,31.299999237060547,995922
2022-05-18,30.72209358215332,32.150001525878906,32.70000076293945,32.0,32.599998474121094,990999
2022-05-19,30.005403518676758,31.399999618530273,32.0,31.0,31.600000381469727,941342
2022-05-20,30.435415267944336,31.850000381469727,32.099998474121094,31.600000381469727,31.899999618530273,777161
2022-05-23,30.19651985168457,31.600000381469727,32.400001525878906,31.450000762939453,32.20000076293945,1194793
2022-05-24,30.005403518676758,31.399999618530273,31.799999237060547,31.25,31.600000381469727,762885
2022-05-25,29.527606964111328,30.899999618530273,31.600000381469727,30.799999237060547,31.5,995183
2022-05-26,29.718725204467773,31.100000381469727,31.350000381469727,30.5,31.049999237060547,1062196
2022-05-27,30.148740768432617,31.549999237060547,31.600000381469727,31.100000381469727,31.149999618530273,795360
2022-05-30,30.9132080078125,32.349998474121094,32.5,31.950000762939453,32.0,1191312
2022-05-31,30.960988998413086,32.400001525878906,33.0,32.099998474121094,33.0,2049103
2022-06-01,31.916576385498047,33.400001525878906,34.0,33.150001525878906,33.45000076293945,5485713
2022-06-02,31.773235321044922,33.25,33.70000076293945,33.099998474121094,33.349998474121094,1612656
2022-06-03,31.15210723876953,32.599998474121094,33.54999923706055,32.5,33.5,1305279
2022-06-06,30.865427017211914,32.29999923706055,32.70000076293945,32.0,32.5,864498
2022-06-07,30.817651748657227,32.25,32.75,32.099998474121094,32.349998474121094,744480
2022-06-08,30.483196258544922,31.899999618530273,32.349998474121094,31.850000381469727,32.25,1061046
2022-06-09,30.339855194091797,31.75,32.29999923706055,31.600000381469727,32.29999923706055,1557589
2022-06-10,30.578754425048828,32.0,32.20000076293945,31.450000762939453,31.5,876353
2022-06-13,29.19315528869629,30.549999237060547,31.5,30.299999237060547,31.5,2299088
2022-06-14,29.47983169555664,30.850000381469727,31.049999237060547,30.600000381469727,30.600000381469727,869010
2022-06-15,29.288713455200195,30.649999618530273,31.100000381469727,30.549999237060547,31.049999237060547,945011
2022-06-16,28.763141632080078,30.100000381469727,31.200000762939453,30.0,31.100000381469727,1341027
2022-06-17,28.858699798583984,30.200000762939453,30.5,29.899999618530273,29.950000762939453,1243757
2022-06-20,27.95089340209961,29.25,30.200000762939453,29.049999237060547,30.0,1486357
2022-06-21,28.715362548828125,30.049999237060547,30.200000762939453,29.049999237060547,29.049999237060547,933469
2022-06-22,28.763141632080078,30.100000381469727,30.25,29.549999237060547,30.149999618530273,1065904
2022-06-23,28.763141632080078,30.100000381469727,30.700000762939453,29.899999618530273,30.450000762939453,921762
2022-06-24,28.858699798583984,30.200000762939453,30.549999237060547,30.100000381469727,30.549999237060547,730577
2022-06-27,29.097593307495117,30.450000762939453,30.649999618530273,30.350000381469727,30.549999237060547,894930
2022-06-28,29.049814224243164,30.399999618530273,30.5,30.25,30.5,471283
2022-06-29,28.763141632080078,30.100000381469727,30.350000381469727,30.0,30.200000762939453,698214
2022-06-30,28.66758155822754,30.0,30.299999237060547,29.899999618530273,30.100000381469727,565456
2022-07-01,28.66758155822754,30.0,30.25,29.799999237060547,30.100000381469727,763473
2022-07-04,28.906478881835938,30.25,30.350000381469727,29.950000762939453,30.200000762939453,725497
2022-07-05,28.906478881835938,30.25,30.600000381469727,30.0,30.350000381469727,712911
2022-07-06,29.049814224243164,30.399999618530273,30.5,30.0,30.299999237060547,737910
2022-07-07,29.240934371948242,30.600000381469727,30.75,30.399999618530273,30.450000762939453,1009691
2022-07-08,29.527606964111328,30.899999618530273,31.100000381469727,30.600000381469727,30.700000762939453,1339884
2022-07-11,29.623167037963867,31.0,31.149999618530273,30.799999237060547,31.0,998263
2022-07-12,30.148740768432617,31.549999237060547,32.349998474121094,30.850000381469727,31.0,2837135
2022-07-13,29.57539176940918,30.950000762939453,31.950000762939453,30.850000381469727,31.850000381469727,1319761
2022-07-14,29.33649444580078,30.700000762939453,31.25,30.600000381469727,31.100000381469727,639863
2022-07-15,29.145376205444336,30.5,30.899999618530273,30.25,30.799999237060547,788658
2022-07-18,29.57539176940918,30.950000762939453,31.200000762939453,30.5,30.5,963681
2022-07-19,29.527606964111328,30.899999618530273,31.200000762939453,30.75,30.899999618530273,661213
2022-07-20,29.288713455200195,30.649999618530273,31.850000381469727,30.450000762939453,31.200000762939453,2787359
2022-07-21,29.527606964111328,30.899999618530273,31.049999237060547,30.549999237060547,30.700000762939453,869370
2022-07-22,29.57539176940918,30.950000762939453,31.399999618530273,30.899999618530273,31.100000381469727,1544044
2022-07-25,29.47983169555664,30.850000381469727,31.100000381469727,30.75,31.100000381469727,606923
2022-07-26,29.432050704956055,30.799999237060547,31.0,30.649999618530273,30.899999618530273,576358
2022-07-27,29.623167037963867,31.0,31.149999618530273,30.649999618530273,30.700000762939453,1054046
2022-07-28,29.57539176940918,30.950000762939453,31.200000762939453,30.899999618530273,31.149999618530273,956274
2022-07-29,29.57539176940918,30.950000762939453,31.399999618530273,30.899999618530273,31.049999237060547,1388156
2022-08-01,29.718725204467773,31.100000381469727,31.950000762939453,31.0,31.100000381469727,4079919
2022-08-02,29.623167037963867,31.0,31.5,30.850000381469727,31.200000762939453,3214085
2022-08-03,29.623167037963867,31.0,31.450000762939453,30.899999618530273,31.0,2400261
2022-08-04,29.57539176940918,30.950000762939453,31.5,30.899999618530273,31.200000762939453,2218873
2022-08-05,29.57539176940918,30.950000762939453,31.25,30.850000381469727,31.0,1769505
2022-08-08,29.718725204467773,31.100000381469727,31.299999237060547,30.899999618530273,31.149999618530273,2191796
2022-08-10,29.814285278320312,31.200000762939453,31.399999618530273,31.100000381469727,31.299999237060547,1332591
2022-08-11,29.623167037963867,31.0,31.75,30.850000381469727,31.549999237060547,3477682
2022-08-12,29.57539176940918,30.950000762939453,31.100000381469727,30.899999618530273,30.950000762939453,1771097
2022-08-16,29.623167037963867,31.0,31.149999618530273,30.950000762939453,31.049999237060547,1458420
2022-08-17,29.814285278320312,31.200000762939453,31.25,31.049999237060547,31.149999618530273,1508868
2022-08-18,29.814285278320312,31.200000762939453,31.450000762939453,31.0,31.25,1710594
2022-08-19,29.766504287719727,31.149999618530273,31.600000381469727,31.100000381469727,31.299999237060547,2359422
2022-08-22,29.527606964111328,30.899999618530273,31.200000762939453,30.799999237060547,31.200000762939453,1451765
2022-08-23,29.33649444580078,30.700000762939453,30.850000381469727,30.549999237060547,30.700000762939453,1363705
2022-08-24,29.3842716217041,30.75,30.899999618530273,30.700000762939453,30.75,1099617
2022-08-25,30.148740768432617,31.549999237060547,32.099998474121094,30.799999237060547,30.899999618530273,5246018
2022-08-26,30.865427017211914,32.29999923706055,32.599998474121094,31.600000381469727,31.649999618530273,4678312
2022-08-29,31.391002655029297,32.849998474121094,33.400001525878906,31.5,31.75,7743208
2022-08-30,31.438783645629883,32.900001525878906,33.400001525878906,32.75,33.25,3235596
2022-09-01,31.48655891418457,32.95000076293945,33.5,32.75,32.79999923706055,3952351
2022-09-02,31.34322166442871,32.79999923706055,33.75,32.54999923706055,33.099998474121094,5567164
2022-09-05,31.48655891418457,32.95000076293945,33.400001525878906,32.79999923706055,32.79999923706055,3000913
2022-09-06,31.438783645629883,32.900001525878906,33.29999923706055,32.79999923706055,33.099998474121094,1834375
2022-09-07,31.67768096923828,33.150001525878906,34.0,32.599998474121094,32.70000076293945,6048592
2022-09-08,32.107688903808594,33.599998474121094,34.0,33.20000076293945,33.29999923706055,6298511
2022-09-09,32.34659194946289,33.849998474121094,34.70000076293945,33.54999923706055,33.900001525878906,6694021
2022-09-12,32.489925384521484,34.0,34.5,33.900001525878906,34.25,3412159
2022-09-13,32.96772384643555,34.5,34.70000076293945,33.95000076293945,34.150001525878906,3905232
2022-09-14,32.633262634277344,34.150001525878906,34.54999923706055,33.599998474121094,33.900001525878906,3798975
2022-09-15,32.44214630126953,33.95000076293945,34.400001525878906,33.849998474121094,34.29999923706055,2059941
2022-09-16,32.298805236816406,33.79999923706055,34.25,33.54999923706055,34.0,4177796
2022-09-19,32.68104553222656,34.20000076293945,34.70000076293945,33.70000076293945,34.0,3933196
2022-09-20,33.01549530029297,34.54999923706055,34.79999923706055,34.29999923706055,34.5,5931476
2022-09-21,33.30217361450195,34.849998474121094,35.75,34.54999923706055,34.54999923706055,6643770
2022-09-22,34.697784423828125,36.04999923706055,36.25,34.45000076293945,34.5,9844917
2022-09-23,33.879669189453125,35.20000076293945,36.70000076293945,34.95000076293945,36.25,5371546
2022-09-26,32.38780975341797,33.650001525878906,34.95000076293945,33.400001525878906,34.95000076293945,4700031
2022-09-27,32.33967971801758,33.599998474121094,34.25,33.349998474121094,33.75,2082800
2022-09-28,31.95469093322754,33.20000076293945,34.099998474121094,33.0,33.349998474121094,1625666
2022-09-29,31.71406364440918,32.95000076293945,33.79999923706055,32.849998474121094,33.5,1735107
2022-09-30,32.43593215942383,33.70000076293945,34.0,32.95000076293945,33.0,5753854
2022-10-03,34.55341339111328,35.900001525878906,36.45000076293945,33.900001525878906,34.04999923706055,15187837
2022-10-04,34.505287170410156,35.849998474121094,37.0,35.70000076293945,36.70000076293945,7630575
2022-10-06,34.93840789794922,36.29999923706055,37.099998474121094,35.79999923706055,36.0,8076196
2022-10-07,34.649662017822266,36.0,36.599998474121094,35.75,36.25,3984607
2022-10-10,37.05588912963867,38.5,39.29999923706055,35.5,35.95000076293945,33430971
2022-10-11,35.4677734375,36.849998474121094,39.0,36.70000076293945,38.70000076293945,13514062
2022-10-12,35.61214828491211,37.0,37.70000076293945,36.79999923706055,37.0,5951285
2022-10-13,35.419654846191406,36.79999923706055,37.45000076293945,36.650001525878906,37.099998474121094,5302937
2022-10-14,35.419654846191406,36.79999923706055,38.25,36.650001525878906,37.29999923706055,8736716
2022-10-17,36.38214111328125,37.79999923706055,38.29999923706055,36.599998474121094,36.849998474121094,9253995
2022-10-18,36.43026351928711,37.849998474121094,38.599998474121094,37.5,38.25,9051597
2022-10-19,35.660274505615234,37.04999923706055,38.20000076293945,36.900001525878906,38.0,4189566
2022-10-20,34.40903854370117,35.75,37.20000076293945,35.54999923706055,37.04999923706055,12843853
2022-10-21,34.745906829833984,36.099998474121094,36.70000076293945,35.79999923706055,35.95000076293945,4419964
2022-10-24,35.756526947021484,37.150001525878906,37.349998474121094,36.29999923706055,36.5,2595886
2022-10-25,37.97025680541992,39.45000076293945,40.150001525878906,36.900001525878906,37.349998474121094,32375078
2022-10-27,39.70273208618164,41.25,42.04999923706055,38.900001525878906,39.900001525878906,27430574
2022-10-28,39.125244140625,40.650001525878906,41.900001525878906,40.45000076293945,41.0,13324447
2022-10-31,38.4996223449707,40.0,41.5,39.79999923706055,41.0,10055200
2022-11-01,38.69211959838867,40.20000076293945,41.29999923706055,39.599998474121094,40.099998474121094,11478229
2022-11-02,38.451499938964844,39.95000076293945,40.75,39.25,40.349998474121094,9229976
2022-11-03,41.05022048950195,42.650001525878906,43.0,39.79999923706055,40.0,31445960
2022-11-04,44.32269287109375,46.04999923706055,46.5,43.29999923706055,43.400001525878906,69164175
2022-11-07,48.89452362060547,50.79999923706055,54.150001525878906,46.650001525878906,46.849998474121094,105238512
2022-11-09,50.04951095581055,52.0,53.400001525878906,49.349998474121094,51.900001525878906,61408329
2022-11-10,47.2582893371582,49.099998474121094,52.5,48.70000076293945,51.599998474121094,27966327
2022-11-11,49.23139572143555,51.150001525878906,52.25,49.349998474121094,52.25,39360410
2022-11-14,52.50386047363281,54.54999923706055,56.04999923706055,49.849998474121094,51.45000076293945,57183441
2022-11-15,58.37505340576172,60.650001525878906,61.75,55.650001525878906,55.95000076293945,149513441
2022-11-16,61.3587760925293,63.75,64.5,60.650001525878906,61.599998474121094,106255171
2022-11-17,58.76005172729492,61.04999923706055,63.75,58.650001525878906,63.75,76883204
2022-11-18,60.82940673828125,63.20000076293945,63.900001525878906,61.20000076293945,61.45000076293945,46353447
2022-11-21,59.48191833496094,61.79999923706055,63.400001525878906,61.400001525878906,63.400001525878906,21905425
2022-11-22,55.8244514465332,58.0,62.0,57.04999923706055,61.79999923706055,23580025
2022-11-23,61.40689468383789,63.79999923706055,63.79999923706055,56.599998474121094,57.95000076293945,50605727
2022-11-24,64.6312484741211,67.1500015258789,69.80000305175781,64.44999694824219,64.9000015258789,92474825
2022-11-25,70.5505599975586,73.30000305175781,73.8499984741211,67.55000305175781,67.8499984741211,74360905
2022-11-28,77.09548950195312,80.0999984741211,80.5999984741211,74.1500015258789,76.30000305175781,127136239
2022-11-29,75.02613830566406,77.94999694824219,84.0999984741211,76.0999984741211,81.30000305175781,117037131
2022-11-30,71.32054901123047,74.0999984741211,77.19999694824219,74.0999984741211,76.80000305175781,29921056
2022-12-01,72.23491668701172,75.05000305175781,77.80000305175781,72.5999984741211,73.5999984741211,64056280
2022-12-02,72.33116912841797,75.1500015258789,76.80000305175781,74.19999694824219,75.1500015258789,17394032
2022-12-05,68.72183990478516,71.4000015258789,76.94999694824219,71.4000015258789,75.9000015258789,18116172
2022-12-06,69.29932403564453,72.0,73.19999694824219,68.44999694824219,70.5,33248967
2022-12-07,67.80745697021484,70.44999694824219,72.69999694824219,70.1500015258789,72.4000015258789,13041752
2022-12-08,67.99995422363281,70.6500015258789,72.25,70.0999984741211,70.4000015258789,9807645
2022-12-09,64.82374572753906,67.3499984741211,71.25,67.1500015258789,71.0,12421135
2022-12-12,68.04808044433594,70.69999694824219,70.69999694824219,66.0,66.5,18964486
2022-12-13,69.82869720458984,72.55000305175781,74.19999694824219,71.69999694824219,72.4000015258789,29250879
2022-12-14,71.22429656982422,74.0,74.4000015258789,71.0999984741211,72.55000305175781,12567429
2022-12-15,70.06932067871094,72.80000305175781,73.9000015258789,72.1500015258789,73.5,8970104
2022-12-16,67.51871490478516,70.1500015258789,73.19999694824219,69.5,71.80000305175781,7915636
2022-12-19,67.4224624633789,70.05000305175781,71.05000305175781,68.6500015258789,70.69999694824219,6550101
2022-12-20,70.79118347167969,73.55000305175781,73.55000305175781,70.19999694824219,70.5,14079409
2022-12-21,67.27809143066406,69.9000015258789,75.6500015258789,69.9000015258789,75.05000305175781,15449962
2022-12-22,63.95749282836914,66.44999694824219,70.8499984741211,66.44999694824219,70.5,8020230
2022-12-23,60.781280517578125,63.150001525878906,66.44999694824219,63.150001525878906,66.44999694824219,7499743
2022-12-26,61.31064987182617,63.70000076293945,65.69999694824219,60.20000076293945,61.5,19245865
2022-12-27,61.16627883911133,63.54999923706055,65.9000015258789,62.849998474121094,64.44999694824219,8866063
2022-12-28,64.1981201171875,66.69999694824219,66.69999694824219,65.25,65.5,13819215
2022-12-29,65.9787368774414,68.55000305175781,70.0,66.0999984741211,67.94999694824219,18565280
2022-12-30,65.68998718261719,68.25,69.80000305175781,67.6500015258789,69.69999694824219,6622596
2023-01-02,65.9787368774414,68.55000305175781,69.4000015258789,67.80000305175781,68.25,5203364
2023-01-03,69.2511978149414,71.94999694824219,71.94999694824219,68.75,69.19999694824219,21672205
2023-01-04,70.64681243896484,73.4000015258789,75.0,72.3499984741211,73.55000305175781,17255566
2023-01-05,69.34745025634766,72.05000305175781,74.6500015258789,71.0999984741211,74.1500015258789,6983515
2023-01-06,69.73243713378906,72.44999694824219,74.30000305175781,71.4000015258789,73.6500015258789,8186267
2023-01-09,69.44369506835938,72.1500015258789,74.44999694824219,71.80000305175781,74.0,4675388
2023-01-10,67.7112045288086,70.3499984741211,72.5,69.94999694824219,72.19999694824219,4668639
2023-01-11,69.49181365966797,72.19999694824219,72.69999694824219,70.3499984741211,70.9000015258789,6309231
2023-01-12,72.95679473876953,75.80000305175781,75.80000305175781,72.30000305175781,72.69999694824219,30422685
2023-01-13,76.56612396240234,79.55000305175781,79.55000305175781,77.19999694824219,77.80000305175781,23634703
2023-01-16,73.91928100585938,76.80000305175781,81.75,76.30000305175781,81.30000305175781,21961954
2023-01-17,71.65741729736328,74.44999694824219,77.5,73.5,76.80000305175781,10587375
2023-01-18,75.21864318847656,78.1500015258789,78.1500015258789,76.19999694824219,76.5,16306972
2023-01-19,74.30426788330078,77.19999694824219,79.8499984741211,77.05000305175781,78.0999984741211,12203134
2023-01-20,73.87114715576172,76.75,79.0,76.5999984741211,77.69999694824219,8218975
2023-01-23,73.29365539550781,76.1500015258789,77.55000305175781,76.0,77.55000305175781,3657558
2023-01-24,72.61991119384766,75.44999694824219,77.19999694824219,75.25,76.0999984741211,3555260
2023-01-25,72.86052703857422,75.69999694824219,77.5,75.0999984741211,76.0,6912585
2023-01-27,70.16556549072266,72.9000015258789,76.80000305175781,71.94999694824219,76.5,7990713
2023-01-30,69.78057098388672,72.5,74.9000015258789,71.4000015258789,73.0,5743643
2023-01-31,73.24553680419922,76.0999984741211,76.0999984741211,72.4000015258789,73.19999694824219,11721363
2023-02-01,69.9249496459961,72.6500015258789,79.44999694824219,72.30000305175781,77.9000015258789,23016937
2023-02-02,71.03180694580078,73.80000305175781,75.5999984741211,73.0,73.0,7695165
2023-02-03,69.58806610107422,72.30000305175781,75.19999694824219,71.0999984741211,74.5999984741211,5977975
2023-02-06,68.6737060546875,71.3499984741211,72.80000305175781,70.30000305175781,72.75,4082199
2023-02-07,69.15494537353516,71.8499984741211,73.8499984741211,71.55000305175781,73.0999984741211,6924317
2023-02-08,70.79118347167969,73.55000305175781,75.75,71.0,72.5,10476774
2023-02-09,69.78057098388672,72.5,74.25,71.8499984741211,73.55000305175781,4784724
2023-02-10,68.91432189941406,71.5999984741211,72.5,71.5,72.44999694824219,3393279
2023-02-13,66.6524658203125,69.25,71.0999984741211,69.0,71.0,5530564
2023-02-14,67.22997283935547,69.8499984741211,71.25,67.44999694824219,69.19999694824219,7080814
2023-02-15,68.09620666503906,70.75,71.25,69.3499984741211,70.0,4186961
2023-02-16,67.66309356689453,70.30000305175781,71.6500015258789,70.1500015258789,71.0,3320801
2023-02-17,65.88247680664062,68.44999694824219,70.19999694824219,68.0,70.19999694824219,4849471
2023-02-20,63.86124801635742,66.3499984741211,68.75,66.0999984741211,68.69999694824219,4067913
2023-02-21,62.513755798339844,64.94999694824219,66.5999984741211,64.25,66.3499984741211,7580165
2023-02-22,59.96316146850586,62.29999923706055,64.6500015258789,61.79999923706055,63.900001525878906,7458180
2023-02-23,62.610015869140625,65.05000305175781,66.30000305175781,61.54999923706055,62.29999923706055,13077206
2023-02-24,60.733154296875,63.099998474121094,67.4000015258789,62.849998474121094,67.0,11041811
2023-02-27,58.95254898071289,61.25,63.099998474121094,61.099998474121094,62.900001525878906,5107341
2023-02-28,55.295082092285156,57.45000076293945,61.599998474121094,57.150001525878906,61.45000076293945,12672298
2023-03-01,56.30569839477539,58.5,59.400001525878906,56.04999923706055,57.5,13757147
2023-03-02,63.18750762939453,65.6500015258789,67.5,61.79999923706055,62.0,89921655
2023-03-03,63.33188247680664,65.80000305175781,68.4000015258789,64.6500015258789,66.9000015258789,30085137
2023-03-06,62.94688415527344,65.4000015258789,66.80000305175781,65.1500015258789,66.0,12489978
2023-03-08,61.599395751953125,64.0,65.25,63.79999923706055,65.25,8326899
2023-03-09,63.71687698364258,66.19999694824219,66.9000015258789,63.849998474121094,64.1500015258789,17999131
2023-03-10,64.10186767578125,66.5999984741211,67.30000305175781,64.75,65.9000015258789,14685079
2023-03-13,61.551273345947266,63.95000076293945,66.5999984741211,63.599998474121094,66.5,8235118
2023-03-14,60.92565155029297,63.29999923706055,64.25,62.04999923706055,63.04999923706055,8885622
2023-03-15,60.3000373840332,62.650001525878906,64.6500015258789,62.20000076293945,64.0,5484970
2023-03-16,59.674415588378906,62.0,62.45000076293945,60.29999923706055,62.400001525878906,6603537
2023-03-17,60.58877944946289,62.95000076293945,64.5999984741211,62.650001525878906,64.0,10572194
2023-03-20,62.1768913269043,64.5999984741211,64.8499984741211,63.650001525878906,63.75,14611658
2023-03-21,61.743770599365234,64.1500015258789,65.9000015258789,63.5,65.5999984741211,7922128
2023-03-22,63.13938522338867,65.5999984741211,65.8499984741211,63.70000076293945,64.0999984741211,8352816
2023-03-23,62.27313995361328,64.69999694824219,65.4000015258789,64.5,65.30000305175781,4343060
2023-03-24,62.321266174316406,64.75,66.19999694824219,64.25,65.69999694824219,12029374
2023-03-27,64.00562286376953,66.5,67.1500015258789,63.70000076293945,65.3499984741211,15200230
2023-03-28,63.71687698364258,66.19999694824219,66.94999694824219,64.5999984741211,66.69999694824219,8572136
2023-03-29,64.53499603271484,67.05000305175781,67.4000015258789,65.19999694824219,65.94999694824219,8258998
2023-03-31,66.02685546875,68.5999984741211,69.69999694824219,67.30000305175781,67.9000015258789,16282805
2023-04-03,72.52366638183594,75.3499984741211,76.19999694824219,70.0,70.0,53179154
2023-04-05,72.37928009033203,75.19999694824219,77.5999984741211,74.0999984741211,76.6500015258789,29291754
2023-04-06,72.84256744384766,73.9000015258789,74.69999694824219,73.0999984741211,74.25,14057553
2023-04-10,73.23684692382812,74.30000305175781,74.8499984741211,72.8499984741211,74.0999984741211,12834318
2023-04-11,72.44829559326172,73.5,74.5999984741211,73.25,74.4000015258789,5899954
2023-04-12,71.70902252197266,72.75,74.19999694824219,72.5,73.69999694824219,7311924
2023-04-13,72.49757385253906,73.55000305175781,74.9000015258789,73.0999984741211,73.19999694824219,10190008
2023-04-17,72.05401611328125,73.0999984741211,73.6500015258789,72.55000305175781,73.44999694824219,4423677
2023-04-18,73.92681884765625,75.0,77.19999694824219,73.25,73.25,20665863
2023-04-19,73.38468170166016,74.44999694824219,75.80000305175781,74.0999984741211,75.4000015258789,7903694
2023-04-20,75.99677276611328,77.0999984741211,77.80000305175781,74.4000015258789,74.9000015258789,27529013
2023-04-21,76.39105987548828,77.5,79.75,76.69999694824219,78.94999694824219,26606072
2023-04-24,86.49437713623047,87.75,88.75,76.80000305175781,77.5,124186965
2023-04-25,103.10328674316406,104.5999984741211,105.30000305175781,88.3499984741211,88.69999694824219,265783162
2023-04-26,103.25113677978516,104.75,114.69999694824219,100.25,108.05000305175781,395800528
2023-04-27,101.72330474853516,103.19999694824219,106.0,100.75,104.94999694824219,95231203
2023-04-28,106.01107788085938,107.55000305175781,111.0,103.80000305175781,104.25,109682443
2023-05-02,116.60724639892578,118.30000305175781,118.30000305175781,112.5,112.5,92737237
2023-05-03,128.2384033203125,130.10000610351562,130.10000610351562,121.55000305175781,122.5,141043167
2023-05-04,127.44984436035156,129.3000030517578,139.4499969482422,124.30000305175781,135.75,108787376
2023-05-05,139.6231231689453,141.64999389648438,142.1999969482422,126.6500015258789,128.5,89930074
2023-05-08,133.0682830810547,135.0,144.39999389648438,134.60000610351562,142.0,54717503
2023-05-09,126.41487884521484,128.25,137.4499969482422,128.25,135.0,28750628
2023-05-10,120.10645294189453,121.8499984741211,124.69999694824219,121.8499984741211,123.19999694824219,4063117
2023-05-11,124.88705444335938,126.69999694824219,127.9000015258789,119.0,120.5,51443098
2023-05-12,118.67720031738281,120.4000015258789,128.64999389648438,120.4000015258789,127.4000015258789,21812742
2023-05-15,118.972900390625,120.69999694824219,124.94999694824219,117.0999984741211,123.5,22629191
2023-05-16,117.05081176757812,118.75,122.3499984741211,116.69999694824219,121.8499984741211,19515392
2023-05-17,120.10645294189453,121.8499984741211,124.4000015258789,119.1500015258789,119.5,27047616
2023-05-18,119.1207504272461,120.8499984741211,124.19999694824219,119.1500015258789,123.69999694824219,11139331
2023-05-19,114.53729248046875,116.19999694824219,122.4000015258789,115.19999694824219,121.69999694824219,15519596
2023-05-22,114.24159240722656,115.9000015258789,119.5,113.8499984741211,116.5,22110096
2023-05-23,111.38308715820312,113.0,116.80000305175781,112.6500015258789,116.25,13243599
2023-05-24,113.35446166992188,115.0,118.6500015258789,111.0,112.19999694824219,25125303
2023-05-25,113.20661163330078,114.8499984741211,116.3499984741211,113.69999694824219,115.69999694824219,8586978
2023-05-26,114.19229888916016,115.8499984741211,118.19999694824219,114.75,115.6500015258789,11470740
2023-05-29,119.86003112792969,121.5999984741211,121.5999984741211,116.5999984741211,116.94999694824219,21255724
2023-05-30,113.89659881591797,115.55000305175781,119.4000015258789,115.55000305175781,117.5,21325891
2023-05-31,118.28292083740234,120.0,121.30000305175781,110.5999984741211,112.6500015258789,37688329
2023-06-01,116.75509643554688,118.44999694824219,123.44999694824219,118.05000305175781,122.94999694824219,15717749
2023-06-02,116.26224517822266,117.94999694824219,119.75,117.1500015258789,119.30000305175781,7803213
2023-06-05,115.27656555175781,116.94999694824219,119.0999984741211,116.0999984741211,116.0999984741211,11124037
2023-06-06,118.13506317138672,119.8499984741211,121.0,116.9000015258789,117.25,17258863
2023-06-07,125.28133392333984,127.0999984741211,132.1999969482422,121.0,121.4000015258789,77730167
2023-06-08,123.55635833740234,125.3499984741211,129.60000610351562,123.0999984741211,128.75,20246282
2023-06-09,123.45780181884766,125.25,126.80000305175781,122.19999694824219,125.94999694824219,13927005
2023-06-12,122.02854919433594,123.80000305175781,126.6500015258789,123.5,125.80000305175781,8927831
2023-06-13,120.20500946044922,121.94999694824219,124.44999694824219,121.6500015258789,124.3499984741211,9442611
2023-06-14,121.92996978759766,123.69999694824219,125.75,121.5999984741211,122.4000015258789,13905348
2023-06-15,121.14142608642578,122.9000015258789,125.30000305175781,122.6500015258789,124.25,8875001
2023-06-16,121.0921401977539,122.8499984741211,124.80000305175781,122.0999984741211,123.30000305175781,10555409
2023-06-19,122.66924285888672,124.44999694824219,127.80000305175781,123.0,123.19999694824219,15461555
2023-06-20,120.94428253173828,122.69999694824219,124.4000015258789,118.0,118.0,26873495
2023-06-21,122.02854919433594,123.80000305175781,127.75,123.0,127.0,18687198
2023-06-22,121.68354797363281,123.44999694824219,124.4000015258789,121.80000305175781,124.25,8259055
2023-06-23,119.41646575927734,121.1500015258789,123.6500015258789,120.3499984741211,123.6500015258789,6318403
2023-06-26,121.53570556640625,123.30000305175781,124.69999694824219,122.30000305175781,123.0,9499004
2023-06-27,122.12712097167969,123.9000015258789,127.5999984741211,123.19999694824219,123.80000305175781,18696042
2023-06-28,121.23999786376953,123.0,124.8499984741211,122.69999694824219,124.5,6120935
2023-06-30,120.1557388305664,121.9000015258789,123.5999984741211,121.5,123.55000305175781,6977844
2023-07-03,120.10645294189453,121.8499984741211,123.0,121.5,122.9000015258789,6882222
2023-07-04,120.20500946044922,121.94999694824219,123.69999694824219,121.25,121.80000305175781,6978884
2023-07-05,122.32424926757812,124.0999984741211,126.0,121.0,122.0,17210344
2023-07-06,121.0921401977539,122.8499984741211,125.19999694824219,122.5999984741211,124.0,8323469
2023-07-07,120.1557388305664,121.9000015258789,124.44999694824219,121.5999984741211,123.5,9294602
2023-07-10,120.500732421875,122.25,125.19999694824219,121.8499984741211,123.9000015258789,9605491
2023-07-11,119.21932220458984,120.94999694824219,123.5999984741211,120.6500015258789,123.0,8036326
2023-07-12,118.972900390625,120.69999694824219,122.4000015258789,119.5999984741211,121.44999694824219,10302856
2023-07-13,116.9522476196289,118.6500015258789,121.30000305175781,117.05000305175781,121.0999984741211,7946038
2023-07-14,117.79008483886719,119.5,121.8499984741211,118.9000015258789,121.0,8863951
2023-07-17,117.93792724609375,119.6500015258789,121.5,118.75,120.0999984741211,8493109
2023-07-18,117.93792724609375,119.6500015258789,121.80000305175781,119.1500015258789,120.44999694824219,10815497
2023-07-19,118.1843490600586,119.9000015258789,121.25,119.55000305175781,120.5,5903962
2023-07-20,126.85843658447266,128.6999969482422,129.8000030517578,119.1500015258789,120.0999984741211,71718021
2023-07-21,134.6946563720703,136.64999389648438,139.0,130.10000610351562,130.4499969482422,103032705
2023-07-24,133.80755615234375,135.75,146.64999389648438,132.6999969482422,141.14999389648438,70774038
2023-07-25,127.6962661743164,129.5500030517578,135.5,128.0,135.5,39446235
2023-07-26,132.3290252685547,134.25,135.5500030517578,130.5500030517578,131.14999389648438,34898129
2023-07-27,124.19706726074219,126.0,130.39999389648438,125.0,126.0,61077617
2023-07-28,119.21932220458984,120.94999694824219,123.1500015258789,119.6500015258789,122.75,74826227
2023-07-31,122.32424926757812,124.0999984741211,125.69999694824219,122.25,122.69999694824219,54533231
2023-08-01,123.30994415283203,125.0999984741211,126.5,124.55000305175781,125.9000015258789,29234876
2023-08-02,121.7821273803711,123.55000305175781,126.25,121.75,125.0,23973096
2023-08-03,121.53570556640625,123.30000305175781,125.0999984741211,122.1500015258789,124.0,14425991
2023-08-04,120.8949966430664,122.6500015258789,124.19999694824219,122.25,123.94999694824219,11897709
2023-08-07,123.3592300415039,125.1500015258789,125.9000015258789,122.6500015258789,124.0,24525745
2023-08-08,122.12712097167969,123.9000015258789,126.0999984741211,122.8499984741211,125.94999694824219,14079922
2023-08-09,125.33061981201172,127.1500015258789,129.14999389648438,123.55000305175781,124.4000015258789,44912351
2023-08-10,124.7884750366211,126.5999984741211,128.64999389648438,126.0,127.5,18515076
2023-08-11,124.2956314086914,126.0999984741211,127.5999984741211,125.75,127.19999694824219,10302756
2023-08-14,123.45780181884766,125.25,127.3499984741211,123.25,127.30000305175781,11631292
2023-08-16,122.86638641357422,124.6500015258789,126.80000305175781,124.0999984741211,124.94999694824219,16655371
2023-08-17,123.06352233886719,124.8499984741211,126.69999694824219,124.25,125.25,12231236
2023-08-18,121.0921401977539,122.8499984741211,125.25,122.4000015258789,124.80000305175781,9816820
2023-08-21,122.7185287475586,124.5,125.19999694824219,122.80000305175781,123.25,12614724
2023-08-22,122.767822265625,124.55000305175781,125.5999984741211,124.0,125.19999694824219,8220149
2023-08-23,122.81710052490234,124.5999984741211,126.19999694824219,124.05000305175781,125.0,10090234
2023-08-24,123.06352233886719,124.8499984741211,128.75,124.44999694824219,125.19999694824219,21592871
2023-08-25,122.12712097167969,123.9000015258789,125.55000305175781,123.0,124.0,9332051
2023-08-28,125.03490447998047,126.8499984741211,127.8499984741211,123.69999694824219,124.25,20693995
2023-08-29,125.9220199584961,127.75,132.85000610351562,127.1500015258789,128.89999389648438,73184822
2023-08-30,126.66129302978516,128.5,131.0,128.0500030517578,128.8000030517578,24386109
2023-08-31,129.1748046875,131.0500030517578,132.8000030517578,130.0,130.5,28446824
2023-09-01,136.32106018066406,138.3000030517578,139.0,130.60000610351562,131.8000030517578,72952804
2023-09-04,152.19068908691406,154.39999389648438,163.4499969482422,142.60000610351562,143.0,243994049
2023-09-05,154.50706481933594,156.75,163.0,152.6999969482422,158.0,93875981
2023-09-06,147.705810546875,149.85000610351562,156.89999389648438,148.0,156.89999389648438,50668451
2023-09-07,151.69784545898438,153.89999389648438,157.39999389648438,148.9499969482422,150.6999969482422,47181664
2023-09-08,160.519775390625,162.85000610351562,165.8000030517578,154.35000610351562,154.75,94642035
2023-09-11,186.78843688964844,189.5,191.75,168.10000610351562,169.0,229093837
2023-09-12,167.4196319580078,169.85000610351562,199.25,161.14999389648438,196.5,185688235
2023-09-13,164.31468200683594,166.6999969482422,175.60000610351562,158.1999969482422,166.6999969482422,123372887
2023-09-14,168.50387573242188,170.9499969482422,174.6999969482422,168.3000030517578,171.0,54896101
2023-09-15,167.71531677246094,170.14999389648438,172.5,168.25,172.4499969482422,37898734
2023-09-18,162.9840087890625,165.35000610351562,171.75,164.10000610351562,171.75,17676535
2023-09-20,161.4627227783203,163.4499969482422,168.75,160.5,163.8000030517578,19113572
2023-09-21,156.8692626953125,158.8000030517578,165.60000610351562,158.0,163.3000030517578,17920990
2023-09-22,164.82139587402344,166.85000610351562,167.9499969482422,158.6999969482422,160.0,34462689
2023-09-25,167.73553466796875,169.8000030517578,171.6999969482422,164.8000030517578,167.35000610351562,34727498
2023-09-26,164.6732177734375,166.6999969482422,170.75,165.3000030517578,170.3000030517578,15986625
2023-09-27,166.4513397216797,168.5,170.25,166.8000030517578,167.39999389648438,14165805
2023-09-28,164.0805206298828,166.10000610351562,169.8000030517578,165.25,169.35000610351562,12565456
2023-09-29,167.3897705078125,169.4499969482422,171.9499969482422,166.1999969482422,166.9499969482422,15240934
2023-10-03,170.40269470214844,172.5,176.89999389648438,170.39999389648438,170.85000610351562,27914702
2023-10-04,169.06910705566406,171.14999389648438,174.4499969482422,168.4499969482422,173.39999389648438,18738459
2023-10-05,168.13064575195312,170.1999969482422,173.3000030517578,169.3000030517578,172.10000610351562,10154669
2023-10-06,167.98248291015625,170.0500030517578,172.8000030517578,168.60000610351562,170.8000030517578,11080543
2023-10-09,159.2894744873047,161.25,166.25,160.25,165.5,21811811
2023-10-10,163.33963012695312,165.35000610351562,167.35000610351562,162.5,162.5,16819515
2023-10-11,163.19143676757812,165.1999969482422,168.35000610351562,164.75,166.39999389648438,8395665
2023-10-12,162.89511108398438,164.89999389648438,167.4499969482422,164.25,166.35000610351562,7194861
2023-10-13,165.95741271972656,168.0,170.8000030517578,163.25,163.8000030517578,27614191
2023-10-16,163.9323272705078,165.9499969482422,168.75,165.35000610351562,168.0,8047553
2023-10-17,168.2788543701172,170.35000610351562,174.1999969482422,166.0,167.1999969482422,39872845
2023-10-18,164.9695587158203,167.0,171.6999969482422,166.5,170.75,12134308
2023-10-19,164.72259521484375,166.75,168.39999389648438,164.5500030517578,166.0,7683165
2023-10-20,166.20436096191406,168.25,172.5500030517578,166.75,167.6999969482422,17925748
2023-10-23,155.83203125,157.75,169.1999969482422,156.0,168.9499969482422,15748746
2023-10-25,149.312255859375,151.14999389648438,162.35000610351562,147.0500030517578,160.0,22285809
2023-10-26,149.65802001953125,151.5,152.89999389648438,142.14999389648438,148.75,28015351
2023-10-27,155.7826385498047,157.6999969482422,158.5,152.60000610351562,153.10000610351562,16533451
2023-10-30,154.44906616210938,156.35000610351562,159.3000030517578,153.6999969482422,158.39999389648438,10466570
2023-10-31,152.27578735351562,154.14999389648438,159.9499969482422,153.5,157.1999969482422,11535283
2023-11-01,151.1397705078125,153.0,155.64999389648438,152.60000610351562,155.0,7934752
2023-11-02,152.17701721191406,154.0500030517578,155.75,153.35000610351562,155.0,6654814
2023-11-03,152.12762451171875,154.0,155.6999969482422,153.39999389648438,155.0500030517578,8110790
2023-11-06,152.62155151367188,154.5,157.3000030517578,154.0500030517578,155.0,9802051
2023-11-07,154.25148010253906,156.14999389648438,158.5,154.39999389648438,155.3000030517578,10398420
2023-11-08,160.0797576904297,162.0500030517578,162.9499969482422,156.3000030517578,156.89999389648438,20438743
2023-11-09,158.7461700439453,160.6999969482422,164.35000610351562,160.0,163.0,12066384
2023-11-10,154.30087280273438,156.1999969482422,158.9499969482422,155.3000030517578,157.60000610351562,10860264
2023-11-13,154.9923553466797,156.89999389648438,157.9499969482422,156.60000610351562,157.75,5658184
2023-11-15,158.59799194335938,160.5500030517578,162.89999389648438,158.60000610351562,162.0,10489711
2023-11-16,156.5235137939453,158.4499969482422,160.6999969482422,158.14999389648438,160.14999389648438,5767081
2023-11-17,164.82139587402344,166.85000610351562,169.0,158.10000610351562,158.75,49242214
2023-11-20,162.697509765625,164.6999969482422,169.60000610351562,164.0500030517578,167.64999389648438,15508870
2023-11-21,164.8707733154297,166.89999389648438,171.10000610351562,165.3000030517578,165.60000610351562,18276062
2023-11-22,163.78416442871094,165.8000030517578,167.89999389648438,163.6999969482422,167.60000610351562,10600693
2023-11-23,164.77200317382812,166.8000030517578,168.1999969482422,165.60000610351562,166.1999969482422,8264019
2023-11-24,164.9695587158203,167.0,168.5,165.3000030517578,166.9499969482422,9140137
2023-11-28,164.0805206298828,166.10000610351562,168.6999969482422,165.5500030517578,167.25,9900235
2023-11-29,163.33963012695312,165.35000610351562,167.5,165.0500030517578,166.75,7582017
2023-11-30,162.20361328125,164.1999969482422,165.75,162.10000610351562,165.4499969482422,10151856
2023-12-01,162.99388122558594,165.0,169.35000610351562,164.25,164.85000610351562,10803510
2023-12-04,170.3039093017578,172.39999389648438,175.60000610351562,166.89999389648438,169.0,42370540
2023-12-05,167.93309020996094,170.0,174.25,168.5,173.3000030517578,13059659
2023-12-06,168.77276611328125,170.85000610351562,173.4499969482422,167.75,170.39999389648438,15836447
2023-12-07,168.03187561035156,170.10000610351562,171.75,167.75,168.10000610351562,10201395
2023-12-08,169.06910705566406,171.14999389648438,175.75,169.5500030517578,171.0,24620500
2023-12-11,176.18157958984375,178.35000610351562,180.8000030517578,171.8000030517578,172.0,51111463
2023-12-12,175.78643798828125,177.9499969482422,185.60000610351562,176.60000610351562,183.25,32976209
2023-12-13,174.798583984375,176.9499969482422,179.4499969482422,175.1999969482422,178.75,10438818
2023-12-14,179.54022216796875,181.75,187.1999969482422,178.0500030517578,178.5,53402614
2023-12-15,180.92320251464844,183.14999389648438,187.0,181.1999969482422,183.25,33011787
2023-12-18,180.37989807128906,182.60000610351562,184.1999969482422,179.35000610351562,184.0,14940222
2023-12-19,181.61471557617188,183.85000610351562,187.89999389648438,182.9499969482422,183.1999969482422,23085130
2023-12-20,170.00755310058594,172.10000610351562,187.5,170.0,187.39999389648438,27386563
2023-12-21,175.2431182861328,177.39999389648438,178.25,165.60000610351562,170.8000030517578,19234072
2023-12-22,174.7491912841797,176.89999389648438,178.6999969482422,175.0,178.39999389648438,8887707
2023-12-26,176.47792053222656,178.64999389648438,180.5,175.39999389648438,177.75,9823977
2023-12-27,175.6382598876953,177.8000030517578,180.8000030517578,176.5500030517578,179.35000610351562,6991847
2023-12-28,175.2431182861328,177.39999389648438,178.9499969482422,176.0,178.60000610351562,6859414
2023-12-29,179.34266662597656,181.5500030517578,184.64999389648438,177.14999389648438,177.39999389648438,20186770
2024-01-01,179.78720092773438,182.0,185.60000610351562,181.10000610351562,181.89999389648438,13833701
2024-01-02,178.60179138183594,180.8000030517578,183.39999389648438,177.5,182.39999389648438,7909774
2024-01-03,183.0470733642578,185.3000030517578,189.0,182.75,182.89999389648438,45596593
2024-01-04,183.24464416503906,185.5,188.39999389648438,184.5,186.64999389648438,15879759
2024-01-05,182.4049530029297,184.64999389648438,186.89999389648438,183.0,186.35000610351562,10233509
2024-01-08,179.885986328125,182.10000610351562,185.5,181.3000030517578,185.4499969482422,8211288
2024-01-09,183.0470733642578,185.3000030517578,187.1999969482422,181.85000610351562,183.0500030517578,11569461
2024-01-10,194.9999542236328,197.39999389648438,199.1999969482422,182.85000610351562,186.0,72587866
2024-01-11,197.3707733154297,199.8000030517578,205.39999389648438,198.5500030517578,200.75,51040633
2024-01-12,200.77882385253906,203.25,207.0,198.5500030517578,200.8000030517578,29429746
2024-01-15,217.96728515625,220.64999389648438,230.64999389648438,203.5500030517578,204.25,136773825
2024-01-16,220.83201599121094,223.5500030517578,231.9499969482422,219.0,225.0,68897751
2024-01-17,237.47715759277344,240.39999389648438,245.89999389648438,216.0500030517578,223.39999389648438,114133165
2024-01-18,240.6382598876953,243.60000610351562,251.39999389648438,227.0500030517578,247.60000610351562,105611386
2024-01-19,287.70892333984375,291.25,292.29998779296875,245.0,245.75,178930889
2024-01-23,285.2392883300781,288.75,345.5,288.3500061035156,332.0,80917623
2024-01-24,295.21649169921875,298.8500061035156,305.54998779296875,265.1499938964844,288.75,53922343
2024-01-25,298.2788391113281,301.95001220703125,309.79998779296875,298.1000061035156,300.0,27527924
2024-01-29,295.4140625,299.04998779296875,308.70001220703125,293.29998779296875,305.75,17198256
2024-01-30,292.64813232421875,296.25,304.20001220703125,288.6000061035156,300.79998779296875,16994531
2024-01-31,304.502197265625,308.25,309.54998779296875,295.3999938964844,297.6499938964844,21529178
2024-02-01,293.93231201171875,297.54998779296875,318.8999938964844,294.6000061035156,312.0,34481062
2024-02-02,290.9687805175781,294.54998779296875,302.0,287.1000061035156,300.25,17179265
2024-02-05,277.9292907714844,281.3500061035156,294.95001220703125,278.0,294.95001220703125,15716341
2024-02-06,281.7324523925781,285.20001220703125,288.29998779296875,267.20001220703125,281.5,17061913
2024-02-07,277.4353332519531,280.8500061035156,291.29998779296875,280.1000061035156,289.04998779296875,9794286
2024-02-08,278.2750244140625,281.70001220703125,289.8999938964844,279.25,282.3500061035156,9231980
2024-02-09,256.09796142578125,259.25,272.8500061035156,250.5,258.0,35310986
2024-02-12,226.8084716796875,229.60000610351562,258.70001220703125,226.14999389648438,258.70001220703125,32239387
2024-02-13,242.7126922607422,245.6999969482422,256.3999938964844,223.5,228.5,52120543
2024-02-14,245.82443237304688,248.85000610351562,253.14999389648438,236.0,241.0,22348631
2024-02-15,256.2461242675781,259.3999938964844,262.79998779296875,248.1999969482422,250.14999389648438,18846018
2024-02-16,248.63975524902344,251.6999969482422,259.75,250.75,259.0,10975697
2024-02-19,263.0128479003906,266.25,281.29998779296875,254.0,254.3000030517578,51506679
2024-02-20,264.0007019042969,267.25,269.25,261.1499938964844,267.6000061035156,15398431
2024-02-21,257.1846008300781,260.3500061035156,273.6000061035156,259.04998779296875,268.6000061035156,13483046
2024-02-22,258.17242431640625,261.3500061035156,263.29998779296875,253.5,261.8999938964844,12248384
2024-02-23,261.3829345703125,264.6000061035156,271.8999938964844,263.0,264.0,14200106
2024-02-26,263.704345703125,266.95001220703125,272.8500061035156,263.6000061035156,266.54998779296875,14614169
2024-02-27,263.6549377441406,266.8999938964844,276.95001220703125,265.5,268.3999938964844,18452082
2024-02-28,255.85101318359375,259.0,270.3999938964844,257.0,268.3500061035156,10945242
2024-02-29,241.28033447265625,244.25,260.29998779296875,240.85000610351562,260.29998779296875,31125179
2024-03-01,243.2066192626953,246.1999969482422,249.3000030517578,244.5500030517578,245.39999389648438,10474862
2024-03-04,239.6009979248047,242.5500030517578,250.75,241.0500030517578,250.75,12608680
2024-03-05,238.3168182373047,241.25,248.1999969482422,238.14999389648438,242.5500030517578,8990938
2024-03-06,234.66180419921875,237.5500030517578,242.4499969482422,232.0500030517578,241.8000030517578,9329415
2024-03-07,235.0569305419922,237.9499969482422,241.9499969482422,236.1999969482422,238.4499969482422,6393948
2024-03-11,242.46575927734375,245.4499969482422,258.0,244.0500030517578,252.3000030517578,25948260
2024-03-12,240.4900665283203,243.4499969482422,252.4499969482422,239.25,250.0,19693167
2024-03-13,219.89356994628906,222.60000610351562,245.60000610351562,219.5500030517578,245.0,26257106
2024-03-14,240.53945922851562,243.5,248.4499969482422,213.0500030517578,222.60000610351562,38958684
2024-03-15,242.5645294189453,245.5500030517578,248.8000030517578,232.3000030517578,242.4499969482422,28212318
2024-03-18,241.42849731445312,244.39999389648438,253.0,243.10000610351562,249.5500030517578,13484133
2024-03-19,242.46575927734375,245.4499969482422,247.8000030517578,240.39999389648438,242.9499969482422,9884197
2024-03-20,236.291748046875,239.1999969482422,248.3000030517578,237.5,248.0,11717711
2024-03-21,241.5272979736328,244.5,249.39999389648438,243.89999389648438,247.0,14067406
2024-03-22,246.812255859375,249.85000610351562,253.0,243.0,244.6999969482422,14803746
2024-03-26,257.2834167480469,260.45001220703125,267.8500061035156,252.5500030517578,254.0,43345234
2024-03-27,252.88748168945312,256.0,266.29998779296875,254.39999389648438,262.6000061035156,16973630
2024-03-28,249.82516479492188,252.89999389648438,258.8500061035156,251.35000610351562,258.6499938964844,11074200
2024-04-01,258.5675964355469,261.75,265.70001220703125,259.75,261.0,13309346
2024-04-02,261.1853332519531,264.3999938964844,266.79998779296875,258.54998779296875,261.0,13027421
2024-04-03,261.8274230957031,265.04998779296875,270.6000061035156,261.8500061035156,263.3999938964844,13266979
2024-04-04,260.7408447265625,263.95001220703125,268.70001220703125,261.45001220703125,266.45001220703125,7680571
2024-04-05,260.8890075683594,264.1000061035156,267.6000061035156,259.04998779296875,262.3999938964844,12817238
2024-04-08,260.9877624511719,264.20001220703125,270.70001220703125,262.6000061035156,266.3500061035156,8897347
2024-04-09,258.913330078125,262.1000061035156,265.6000061035156,260.70001220703125,265.29998779296875,5674854
2024-04-10,256.98699951171875,260.1499938964844,263.1000061035156,259.25,262.20001220703125,4863470
2024-04-12,257.0364074707031,260.20001220703125,261.79998779296875,256.5,259.0,6856810
2024-04-15,247.94825744628906,251.0,256.1000061035156,245.0,247.0,14211279
2024-04-16,254.76437377929688,257.8999938964844,261.0,248.25,249.85000610351562,9732040
2024-04-18,256.7400817871094,259.8999938964844,262.0,257.20001220703125,259.29998779296875,8129109
2024-04-19,255.30770874023438,258.45001220703125,262.3999938964844,251.8000030517578,253.64999389648438,9991595
2024-04-22,260.93841552734375,264.1499938964844,265.0,260.6499938964844,261.75,8530666
2024-04-23,273.9779052734375,277.3500061035156,280.0,264.1499938964844,265.95001220703125,33985045
2024-04-24,280.79400634765625,284.25,286.20001220703125,278.95001220703125,281.0,30147590
2024-04-25,283.6587219238281,287.1499938964844,292.8500061035156,285.8500061035156,288.0,21646420
2024-04-26,286.3752746582031,289.8999938964844,295.0,282.25,288.0,24631495
2024-04-29,285.2886657714844,288.79998779296875,296.29998779296875,286.70001220703125,291.79998779296875,14426490
2024-04-30,282.9178466796875,286.3999938964844,293.5,285.45001220703125,291.8999938964844,9939575
2024-05-02,285.3381042480469,288.8500061035156,291.8500061035156,284.79998779296875,288.0,9181814
2024-05-03,280.6458435058594,284.1000061035156,290.5,281.6000061035156,290.0,9283077
2024-05-06,272.9406433105469,276.29998779296875,285.79998779296875,271.0,285.79998779296875,10882535
2024-05-07,263.6055908203125,266.8500061035156,276.75,264.3999938964844,275.8999938964844,8819227
2024-05-08,266.6678771972656,269.95001220703125,272.3500061035156,261.0,265.20001220703125,6891941
2024-05-09,257.87603759765625,261.04998779296875,274.6000061035156,259.0,271.0,7979566
2024-05-10,257.87603759765625,261.04998779296875,263.3500061035156,251.89999389648438,261.04998779296875,10034497
2024-05-13,252.64053344726562,255.75,261.95001220703125,249.85000610351562,261.95001220703125,8125328
2024-05-14,270.6192626953125,273.95001220703125,276.0,260.0,260.0,20789907
2024-05-15,272.24920654296875,275.6000061035156,278.0,271.3999938964844,275.8500061035156,8877920
2024-05-16,276.8426208496094,280.25,284.1499938964844,275.8999938964844,277.20001220703125,13251603
2024-05-17,287.26434326171875,290.79998779296875,293.5,280.5,282.0,29599889
2024-05-21,337.59490966796875,341.75,345.8999938964844,301.0,303.29998779296875,110366536
2024-05-22,337.2491455078125,341.3999938964844,358.95001220703125,331.3500061035156,343.0,67735859
2024-05-23,367.7240905761719,372.25,374.6000061035156,341.5,343.1000061035156,89059520
2024-05-24,365.995361328125,370.5,381.0,365.8500061035156,374.0,46086621
2024-05-27,372.41632080078125,377.0,399.8999938964844,374.20001220703125,375.75,78610946
2024-05-28,369.0082702636719,373.54998779296875,389.3999938964844,366.0,379.0,38874332
2024-05-29,371.1815185546875,375.75,378.3999938964844,363.0,372.29998779296875,27912678
2024-05-30,378.1457824707031,382.79998779296875,384.75,374.04998779296875,375.75,32178655
2024-05-31,377.0591735839844,381.70001220703125,387.3999938964844,366.8999938964844,385.5,30897722
2024-06-03,399.63134765625,404.54998779296875,425.0,384.0,425.0,63511113
2024-06-04,347.2263488769531,351.5,400.0,323.6499938964844,400.0,88280882
2024-06-05,349.00445556640625,353.29998779296875,375.0,312.25,355.95001220703125,59070407
2024-06-06,364.1678466796875,368.6499938964844,383.75,365.04998779296875,369.79998779296875,43194252
2024-06-07,369.9961242675781,374.54998779296875,382.0,370.3999938964844,374.0,27249200
2024-06-10,369.4034118652344,373.95001220703125,386.79998779296875,369.1000061035156,383.6499938964844,22561822
2024-06-11,384.6655578613281,389.3999938964844,392.45001220703125,379.0,381.5,43435702
2024-06-12,387.332763671875,392.1000061035156,396.8999938964844,389.0,390.0,18984502
2024-06-13,385.40643310546875,390.1499938964844,395.75,385.79998779296875,394.3999938964844,15383097
2024-06-14,385.4558410644531,390.20001220703125,393.5,386.54998779296875,391.25,12323860
2024-06-18,391.28411865234375,396.1000061035156,405.0,395.0,397.0,28638590
2024-06-19,386.1473083496094,390.8999938964844,397.29998779296875,382.79998779296875,397.25,13915164
2024-06-20,382.5910949707031,387.29998779296875,392.29998779296875,383.1000061035156,388.0,11437105
2024-06-21,404.76812744140625,409.75,417.3999938964844,384.0,385.6000061035156,75448395
2024-06-24,411.53485107421875,416.6000061035156,431.79998779296875,405.25,410.0,41934345
2024-06-25,402.1997375488281,407.1499938964844,424.45001220703125,405.3999938964844,420.0,20335982
2024-06-26,404.12603759765625,409.1000061035156,414.0,401.3500061035156,408.0,13277791
2024-06-27,408.9170837402344,413.95001220703125,420.8500061035156,406.6499938964844,414.0,20947231
2024-06-28,411.53485107421875,416.6000061035156,424.3999938964844,410.6000061035156,418.0,23134009
2024-07-01,409.9543151855469,415.0,421.29998779296875,413.5,417.0,10190705
2024-07-02,406.0029602050781,411.0,417.04998779296875,404.29998779296875,415.8500061035156,11365895
2024-07-03,411.880615234375,416.95001220703125,421.20001220703125,415.0,415.6000061035156,12879072
2024-07-04,413.6587219238281,418.75,430.95001220703125,417.25,419.0,20654664
2024-07-05,485.07965087890625,491.04998779296875,498.5,424.54998779296875,424.95001220703125,152345942
2024-07-08,559.0196533203125,565.9000244140625,578.9500122070312,508.0,508.0,178360632
2024-07-09,536.1510620117188,542.75,619.0,534.1500244140625,587.0,156242236
2024-07-10,602.5340576171875,609.9500122070312,618.4000244140625,557.75,560.0,211547060
2024-07-11,622.34033203125,630.0,643.7999877929688,606.0,634.9500122070312,95328327
2024-07-12,619.1298217773438,626.75,645.0,610.1500244140625,628.0,56153729
2024-07-15,618.388916015625,626.0,647.0,622.25,637.0,29639356
2024-07-16,612.6100463867188,620.1500244140625,631.7999877929688,605.0,625.0,29931644
2024-07-18,579.0234375,586.1500244140625,626.0,582.6500244140625,612.0,35159677
2024-07-19,606.287841796875,613.75,637.9000244140625,570.2999877929688,582.3499755859375,73240329
2024-07-22,616.511962890625,624.0999755859375,630.7000122070312,598.4500122070312,615.0,34133877
2024-07-23,583.1229248046875,590.2999877929688,639.0,561.7000122070312,634.7999877929688,57366312
2024-07-24,586.531005859375,593.75,607.0,583.0,591.1500244140625,18166209
2024-07-25,568.7005004882812,575.7000122070312,595.8499755859375,573.5999755859375,590.0,17201205
2024-07-26,545.6343383789062,552.3499755859375,583.5,550.0499877929688,576.5,21601968
2024-07-29,598.928466796875,606.2999877929688,607.5499877929688,555.5499877929688,557.5,48942004
2024-07-30,606.9793090820312,614.4500122070312,626.7999877929688,611.0,614.7000122070312,26215668
2024-07-31,594.1868286132812,601.5,615.7000122070312,598.0,614.0,11846077
2024-08-01,588.2597045898438,595.5,607.0,591.0,605.25,9507451
2024-08-02,582.6290283203125,589.7999877929688,593.75,579.0,580.0,11185800
2024-08-05,544.1031494140625,550.7999877929688,575.0,544.3499755859375,559.7999877929688,21657722
2024-08-06,539.4109497070312,546.0499877929688,575.0,542.3499755859375,563.5999755859375,13085001
2024-08-07,558.9208984375,565.7999877929688,568.9500122070312,545.7999877929688,565.2999877929688,13370669
2024-08-08,531.9033813476562,538.4500122070312,583.0,531.4000244140625,565.0499877929688,30489387
2024-08-09,511.8501892089844,518.1500244140625,538.0,514.0,538.0,23773689
2024-08-12,568.8485717773438,575.8499755859375,583.0,522.4000244140625,524.0,61951226
2024-08-13,562.5264892578125,569.4500122070312,601.9000244140625,565.0,581.7000122070312,42007554
2024-08-14,547.363037109375,554.0999755859375,575.0,550.1500244140625,572.0,19122889
2024-08-16,563.7119140625,570.6500244140625,581.9000244140625,561.0999755859375,561.0999755859375,21355519
2024-08-19,566.5272216796875,573.5,590.0,571.0,581.7999877929688,16785488
2024-08-20,554.8706665039062,561.7000122070312,575.7999877929688,560.0,575.0,9499106
2024-08-21,557.0439453125,563.9000244140625,572.75,553.0,560.0,10316563
2024-08-22,563.8106689453125,570.75,576.75,567.0,571.0,10606181
2024-08-23,565.7369384765625,572.7000122070312,594.5,568.6500244140625,570.75,26306003
2024-08-26,570.1822509765625,577.2000122070312,585.6500244140625,575.5,577.5,11254234
2024-08-27,569.0955200195312,576.0999755859375,587.0,572.0,579.7999877929688,13076800
2024-08-28,571.1701049804688,578.2000122070312,596.5,577.3499755859375,579.7999877929688,22101243
2024-08-29,572.7505493164062,579.7999877929688,584.75,572.5999755859375,583.5,13756438
2024-08-30,600.0150146484375,607.4000244140625,615.0,580.6500244140625,584.0,121690785
2024-09-02,593.8904418945312,601.2000122070312,619.5,593.5999755859375,610.5,22525336
2024-09-03,593.198974609375,600.5,606.4000244140625,597.0,604.0,9558037
2024-09-04,585.4937744140625,592.7000122070312,600.7000122070312,590.6500244140625,598.0,7537912
2024-09-05,574.7756958007812,581.8499755859375,596.7999877929688,580.2000122070312,595.5,7030270
2024-09-06,562.6251831054688,569.5499877929688,584.7999877929688,565.4500122070312,582.2000122070312,9015277
2024-09-09,556.05615234375,562.9000244140625,572.25,553.3499755859375,569.5499877929688,8885002
2024-09-10,558.5256958007812,565.4000244140625,578.7999877929688,563.2000122070312,569.9000244140625,7591740
2024-09-11,549.9315185546875,556.7000122070312,567.7999877929688,555.2999877929688,567.7999877929688,4565818
2024-09-12,545.2886352539062,552.0,561.9000244140625,545.0999755859375,559.7999877929688,6327534
2024-09-13,548.5485229492188,555.2999877929688,562.9000244140625,547.9000244140625,552.5,6911510
2024-09-16,538.6701049804688,545.2999877929688,554.3499755859375,542.5999755859375,550.0,4885521
2024-09-17,524.0994262695312,530.5499877929688,542.7999877929688,530.0,541.0,6414408
2024-09-18,522.173095703125,528.5999755859375,538.3499755859375,527.0,528.0499877929688,5345676
2024-09-19,503.99688720703125,510.20001220703125,535.6500244140625,501.20001220703125,530.5,13094055
2024-09-20,537.6328125,544.25,549.0,505.79998779296875,512.5,25018038
2024-09-23,529.6101684570312,534.0499877929688,544.4000244140625,529.0,544.25,4782927
2024-09-24,521.875,526.25,530.0,522.0499877929688,530.0,4043522
2024-09-25,521.7758178710938,526.1500244140625,532.2999877929688,516.0,521.0,4430623
2024-09-26,517.5115356445312,521.8499755859375,529.5,517.5,526.0999755859375,4399204
2024-09-27,521.97412109375,526.3499755859375,531.0,522.5999755859375,523.7000122070312,4343344
2024-09-30,527.03173828125,531.4500122070312,535.0,516.3499755859375,521.5,4486451
2024-10-01,520.337890625,524.7000122070312,533.5,523.0,530.5,2945750
2024-10-03,505.26422119140625,509.5,518.4500122070312,507.0,510.95001220703125,3394155
2024-10-04,489.2980651855469,493.3999938964844,510.79998779296875,483.6499938964844,507.0,6487238
2024-10-07,447.94476318359375,451.70001220703125,498.0,442.29998779296875,490.3999938964844,13067372
2024-10-08,483.0008544921875,487.04998779296875,494.8500061035156,426.45001220703125,443.1499938964844,19576332
2024-10-09,476.8524169921875,480.8500061035156,500.75,475.0,494.0,7833917
2024-10-10,476.5549011230469,480.54998779296875,485.8500061035156,475.20001220703125,482.20001220703125,3384210
2024-10-11,471.44769287109375,475.3999938964844,487.3500061035156,472.0,475.0,4345765
2024-10-14,466.5884704589844,470.5,478.8999938964844,467.25,476.0,2873914
2024-10-15,470.2576904296875,474.20001220703125,477.0,466.6499938964844,470.95001220703125,2779345
2024-10-16,475.61279296875,479.6000061035156,487.25,470.70001220703125,472.95001220703125,4889153
2024-10-17,485.5296936035156,489.6000061035156,514.6500244140625,485.0,489.04998779296875,19634045
2024-10-18,473.3319091796875,477.29998779296875,486.5,470.1000061035156,483.79998779296875,4706252
2024-10-21,461.77874755859375,465.6499938964844,482.95001220703125,463.0,477.29998779296875,2924934
2024-10-22,438.8708190917969,442.54998779296875,463.75,440.0,460.04998779296875,4776339
2024-10-23,438.4741516113281,442.1499938964844,452.95001220703125,421.1000061035156,439.95001220703125,7676464
2024-10-24,438.27581787109375,441.95001220703125,449.8999938964844,435.6499938964844,444.3999938964844,3737733
2024-10-25,416.2603759765625,419.75,445.6000061035156,414.1000061035156,442.1000061035156,5291153
2024-10-28,428.7060241699219,432.29998779296875,436.5,408.1499938964844,418.8500061035156,6738378
2024-10-29,435.25115966796875,438.8999938964844,442.0,427.54998779296875,432.29998779296875,3962720
2024-10-30,461.48126220703125,465.3500061035156,479.04998779296875,436.04998779296875,440.0,14783053
2024-10-31,467.8776550292969,471.79998779296875,479.70001220703125,461.54998779296875,467.0,6608995
2024-11-01,467.03472900390625,470.95001220703125,476.95001220703125,468.0,471.0,1408627
2024-11-04,442.4905090332031,446.20001220703125,469.29998779296875,443.5,469.29998779296875,5262254
2024-11-05,447.1513977050781,450.8999938964844,457.0,441.3500061035156,452.04998779296875,7278500
2024-11-06,465.7455139160156,469.6499938964844,472.5,460.5,466.0,6251705
2024-11-07,473.8773498535156,477.8500061035156,486.70001220703125,473.29998779296875,475.0,8328110
2024-11-08,444.2259521484375,447.95001220703125,457.3999938964844,443.29998779296875,444.0,8178730
2024-11-11,432.9206848144531,436.54998779296875,446.0,429.20001220703125,445.0,4899446
2024-11-12,434.0611267089844,437.70001220703125,450.8500061035156,432.0,444.0,3668960
2024-11-13,416.3595275878906,419.8500061035156,451.8500061035156,418.0,432.25,5236303
2024-11-14,416.012451171875,419.5,428.45001220703125,416.1000061035156,419.54998779296875,3814197
2024-11-18,412.7398986816406,416.20001220703125,427.8500061035156,409.5,418.6499938964844,4451811
2024-11-19,428.5572814941406,432.1499938964844,435.04998779296875,419.5,420.5,5166306
2024-11-21,418.3428955078125,421.8500061035156,431.79998779296875,420.0,427.70001220703125,3599338
2024-11-22,416.7066345214844,420.20001220703125,424.1499938964844,416.70001220703125,421.8500061035156,2708144
2024-11-25,434.45782470703125,438.1000061035156,462.8999938964844,434.0,451.54998779296875,12098123
2024-11-26,430.39190673828125,434.0,443.8999938964844,432.20001220703125,440.29998779296875,3718972
2024-11-27,435.74700927734375,439.3999938964844,446.79998779296875,431.5,435.0,5527098
2024-11-28,439.6641845703125,443.3500061035156,450.79998779296875,440.04998779296875,441.75,4500271
2024-11-29,432.2265319824219,435.8500061035156,444.54998779296875,434.0,444.3500061035156,3572568
2024-12-02,433.4165344238281,437.04998779296875,447.1000061035156,435.04998779296875,437.5,4210283
2024-12-03,434.1107177734375,437.75,444.5,436.1499938964844,437.54998779296875,3199416
2024-12-04,437.5816345214844,441.25,451.6000061035156,439.0,442.45001220703125,5016587
2024-12-05,439.56500244140625,443.25,445.0,438.5,442.70001220703125,2835893
2024-12-06,460.8367004394531,464.70001220703125,468.0,441.0,443.0,11669884
2024-12-09,466.6380310058594,470.54998779296875,474.6499938964844,463.04998779296875,465.70001220703125,5838413
2024-12-10,454.78741455078125,458.6000061035156,470.29998779296875,455.54998779296875,470.0,3950300
2024-12-11,470.3072814941406,474.25,482.5,455.6499938964844,455.6499938964844,11348824
2024-12-12,467.58013916015625,471.5,479.0,466.5,474.0,4205765
2024-12-13,462.0762939453125,465.95001220703125,471.3999938964844,456.25,468.6499938964844,3244183
2024-12-16,465.993408203125,469.8999938964844,476.0,466.79998779296875,467.8999938964844,2797117
2024-12-17,464.40673828125,468.29998779296875,482.0,465.25,472.5,4245937
2024-12-18,453.64697265625,457.45001220703125,466.8999938964844,453.75,466.8500061035156,2378913
2024-12-19,444.7218017578125,448.45001220703125,450.0,438.0,438.5,2481062
2024-12-20,429.64813232421875,433.25,453.6000061035156,430.04998779296875,451.54998779296875,2977111
2024-12-23,426.0284729003906,429.6000061035156,442.0,425.6000061035156,437.70001220703125,2428886
2024-12-24,424.9872131347656,428.54998779296875,434.8999938964844,426.6499938964844,430.0,1588615
2024-12-26,424.144287109375,427.70001220703125,432.8999938964844,425.25,429.75,1428368
2024-12-27,422.01214599609375,425.54998779296875,432.5,424.1000061035156,427.70001220703125,1604621
2024-12-30,404.9055480957031,408.29998779296875,429.5,404.3999938964844,425.0,3813743
2024-12-31,419.18585205078125,422.70001220703125,439.70001220703125,413.3500061035156,414.0,12688227
2025-01-01,424.54095458984375,428.1000061035156,432.6499938964844,421.3999938964844,425.6499938964844,2926296
2025-01-02,425.9788818359375,429.54998779296875,432.70001220703125,424.25,430.1499938964844,2481062
2025-01-03,428.5077209472656,432.1000061035156,439.5,430.0,430.3999938964844,2543156
2025-01-06,407.0377197265625,410.45001220703125,434.79998779296875,408.3999938964844,434.6000061035156,4405141
2025-01-07,412.6903076171875,416.1499938964844,418.95001220703125,411.0,411.0,2593957
2025-01-08,413.9299011230469,417.3999938964844,423.70001220703125,412.54998779296875,420.0,2899992
2025-01-09,406.888916015625,410.29998779296875,418.8999938964844,409.0,416.0,1712306
2025-01-10,390.0302734375,393.29998779296875,407.5,391.0,405.0,4129451
2025-01-13,354.9741516113281,357.95001220703125,383.8500061035156,355.5,381.95001220703125,8523323
2025-01-14,373.6178283691406,376.75,378.95001220703125,360.6000061035156,360.95001220703125,6050286
2025-01-15,368.80816650390625,371.8999938964844,387.0,370.54998779296875,380.1000061035156,3567908
2025-01-16,407.73187255859375,411.1499938964844,415.29998779296875,385.8500061035156,391.8500061035156,23382354
2025-01-17,422.8551025390625,426.3999938964844,437.79998779296875,407.0,410.0,24210278
2025-01-20,428.0118408203125,431.6000061035156,437.45001220703125,416.1000061035156,429.20001220703125,9464708
2025-01-21,415.7149658203125,419.20001220703125,435.70001220703125,416.75,433.0,7758398
2025-01-22,404.6080627441406,408.0,423.0,398.6499938964844,420.5,5563380
2025-01-23,414.97119140625,418.45001220703125,426.8999938964844,405.54998779296875,408.0,6083832
2025-01-24,406.69061279296875,410.1000061035156,423.0,408.6000061035156,419.95001220703125,3895985
2025-01-27,397.5174865722656,400.8500061035156,405.25,390.20001220703125,400.1000061035156,5467340
2025-01-28,404.2609558105469,407.6499938964844,414.0,385.20001220703125,407.0,8736571
2025-01-29,424.09466552734375,427.6499938964844,430.95001220703125,408.04998779296875,410.0,7673095
2025-01-30,433.26776123046875,436.8999938964844,444.5,429.25,433.0,10326411
2025-01-31,472.3402099609375,476.29998779296875,481.5,436.25,440.8500061035156,23858116
2025-02-01,429.94561767578125,433.54998779296875,501.79998779296875,428.20001220703125,485.0,46000882
2025-02-03,403.7651062011719,407.1499938964844,419.8999938964844,398.0,415.1499938964844,22386317
2025-02-04,396.77374267578125,400.1000061035156,421.29998779296875,394.70001220703125,416.0,15907300
2025-02-05,402.92218017578125,406.29998779296875,416.29998779296875,404.0,411.6000061035156,10360639
2025-02-06,399.69921875,403.04998779296875,411.70001220703125,401.70001220703125,406.3999938964844,4336358
2025-02-07,391.76568603515625,395.04998779296875,403.0,393.75,401.0,4897511
2025-02-10,378.2787780761719,381.45001220703125,399.1000061035156,378.6499938964844,395.1000061035156,6239370
2025-02-11,366.4281311035156,369.5,385.75,367.0,383.0,5917977
2025-02-12,368.5602722167969,371.6499938964844,377.1499938964844,342.0,367.95001220703125,14383719
2025-02-13,376.1466369628906,379.29998779296875,387.3999938964844,366.04998779296875,375.0,9279991
2025-02-14,356.9079284667969,359.8999938964844,381.95001220703125,357.0,380.0,6918593
2025-02-17,339.60302734375,342.45001220703125,354.79998779296875,332.54998779296875,340.0,13437460
2025-02-18,330.57867431640625,333.3500061035156,343.25,325.1499938964844,342.45001220703125,8430180
2025-02-19,373.7170104980469,376.8500061035156,384.25,329.29998779296875,332.0,55921698
2025-02-20,378.3779296875,381.54998779296875,384.25,361.70001220703125,371.3999938964844,27929863
2025-02-21,368.6098327636719,371.70001220703125,393.0,367.1000061035156,377.1499938964844,20755098
2025-02-24,361.1225891113281,364.1499938964844,369.3999938964844,359.1000061035156,364.95001220703125,10785069
2025-02-25,360.47802734375,363.5,370.8999938964844,360.70001220703125,363.1499938964844,7546931
2025-02-27,347.1398010253906,350.04998779296875,364.70001220703125,347.3999938964844,363.04998779296875,5933298
2025-02-28,329.6365661621094,332.3999938964844,350.1499938964844,328.0,343.95001220703125,12212186
2025-03-03,320.90972900390625,323.6000061035156,342.0,310.29998779296875,333.45001220703125,16542018
2025-03-04,323.43853759765625,326.1499938964844,339.29998779296875,318.04998779296875,319.45001220703125,15287648
2025-03-05,333.4545593261719,336.25,351.3999938964844,330.29998779296875,333.3999938964844,28399265
2025-03-06,334.74371337890625,337.54998779296875,346.5,333.5,341.0,12571655
2025-03-07,338.660888671875,341.5,350.6499938964844,335.0,340.0,18401980
2025-03-10,332.90911865234375,335.70001220703125,349.0,333.95001220703125,343.0,6498796
2025-03-11,327.9010925292969,330.6499938964844,333.45001220703125,322.04998779296875,326.04998779296875,8033534
2025-03-12,330.529052734375,333.29998779296875,342.0,329.0,340.0,8658207
2025-03-13,326.6119384765625,329.3500061035156,336.3500061035156,327.54998779296875,336.0,5491120
2025-03-17,325.71942138671875,328.45001220703125,334.20001220703125,325.3500061035156,330.5,5347960
2025-03-18,325.71942138671875,328.45001220703125,328.45001220703125,328.45001220703125,328.45001220703125,0
2025-03-19,350.70989990234375,353.6499938964844,361.95001220703125,334.0,334.6000061035156,22821539
2025-03-20,354.924560546875,357.8999938964844,366.75,351.5,357.5,13396119
2025-03-21,358.34588623046875,361.3500061035156,374.0,352.54998779296875,360.20001220703125,17632927
2025-03-24,368.4610900878906,371.54998779296875,379.75,364.6499938964844,365.0,15714495
2025-03-25,367.27105712890625,370.3500061035156,383.95001220703125,365.45001220703125,379.0,12419010
2025-03-26,359.1888427734375,362.20001220703125,371.79998779296875,360.25,371.70001220703125,6826431
2025-03-27,351.7015686035156,354.6499938964844,362.5,353.29998779296875,354.0,7997212
2025-03-28,348.9248962402344,351.8500061035156,367.20001220703125,350.5,356.95001220703125,7134693
2025-04-01,347.1894226074219,350.1000061035156,356.0,346.6000061035156,351.45001220703125,5049493
2025-04-02,355.56915283203125,358.54998779296875,359.95001220703125,342.0,350.6000061035156,7026372
2025-04-03,356.7591857910156,359.75,365.0,351.0,351.0,6036464
2025-04-04,347.38775634765625,350.29998779296875,360.70001220703125,344.1499938964844,357.95001220703125,5639050
2025-04-07,333.1570739746094,335.95001220703125,340.0,305.0,305.0,8638161
2025-04-08,341.4872131347656,344.3500061035156,348.95001220703125,338.79998779296875,347.8500061035156,4587642
2025-04-09,334.8428955078125,337.6499938964844,347.0,336.04998779296875,343.8500061035156,3740535
2025-04-11,343.4209899902344,346.29998779296875,348.3500061035156,340.20001220703125,345.0,5038895
2025-04-15,357.8004455566406,360.79998779296875,362.0,350.04998779296875,351.0,6028677
2025-04-16,363.99847412109375,367.04998779296875,369.70001220703125,359.1499938964844,362.0,6672237
2025-04-17,367.76690673828125,370.8500061035156,374.25,362.3999938964844,365.0,6203259
2025-04-21,371.9319763183594,375.04998779296875,377.5,368.29998779296875,372.0,5196338
2025-04-22,370.6923522949219,373.79998779296875,382.45001220703125,372.0,377.0,5066546
2025-04-23,370.7915344238281,373.8999938964844,377.29998779296875,365.5,376.0,5191977
2025-04-24,368.0644226074219,371.1499938964844,384.0,370.0,373.8999938964844,7078638
2025-04-25,358.1971130371094,361.20001220703125,373.0,354.8999938964844,372.5,6857970
2025-04-28,358.1971130371094,361.20001220703125,365.45001220703125,354.1499938964844,356.5,4768768
2025-04-29,357.453369140625,360.45001220703125,366.8999938964844,359.04998779296875,362.6499938964844,3130264
2025-04-30,346.89190673828125,349.79998779296875,360.0,345.1000061035156,360.0,3009130
2025-05-02,349.0736083984375,352.0,365.6499938964844,349.70001220703125,349.79998779296875,8305588
2025-05-05,351.7015686035156,354.6499938964844,358.95001220703125,352.6499938964844,355.1000061035156,3179424
2025-05-06,338.7104797363281,341.54998779296875,356.45001220703125,339.29998779296875,355.0,3591336
2025-05-07,337.1238098144531,339.95001220703125,342.54998779296875,329.04998779296875,329.20001220703125,6171128
2025-05-08,328.6944580078125,331.45001220703125,346.20001220703125,329.0,343.25,3395213
2025-05-09,320.4139099121094,323.1000061035156,327.29998779296875,317.5,320.0,5304658
2025-05-12,356.4617004394531,359.45001220703125,362.8999938964844,337.0,338.0,13898275
2025-05-13,354.08160400390625,357.04998779296875,361.0,353.5,360.0,5621942
2025-05-14,369.70068359375,372.79998779296875,376.79998779296875,357.5,359.0,15252942
2025-05-15,373.12200927734375,376.25,382.0,371.3500061035156,372.79998779296875,8996131
2025-05-16,406.19476318359375,409.6000061035156,417.5,378.3500061035156,380.5,45361621
2025-05-19,427.91265869140625,431.5,438.8999938964844,416.0,417.0,26550311
2025-05-20,411.59942626953125,415.04998779296875,447.79998779296875,411.29998779296875,440.0,18449682
2025-05-21,408.6243591308594,412.04998779296875,419.8999938964844,405.0,416.0,13428123
2025-05-22,401.5338134765625,404.8999938964844,420.8999938964844,401.5,405.0,10405435
2025-05-23,395.3357849121094,398.6499938964844,407.1499938964844,395.04998779296875,406.95001220703125,7734773
2025-05-26,408.6243591308594,412.04998779296875,418.5,395.25,398.20001220703125,15111176
2025-05-27,411.9961242675781,415.45001220703125,421.0,407.5,413.95001220703125,10198617
2025-05-28,412.6903076171875,416.1499938964844,424.5,414.0,419.0,11712050
2025-05-29,414.62408447265625,418.1000061035156,420.29998779296875,411.20001220703125,418.0,7435876
2025-05-30,402.17840576171875,405.54998779296875,427.3999938964844,402.29998779296875,421.0,12948296
2025-06-02,403.5172119140625,406.8999938964844,411.3999938964844,401.0,407.0,7238002
2025-06-03,400.3934020996094,403.75,413.3500061035156,402.6000061035156,408.95001220703125,6074713
2025-06-04,426.3755798339844,429.95001220703125,434.79998779296875,402.5,405.1000061035156,41141370
2025-06-05,426.0284729003906,429.6000061035156,436.8999938964844,425.0,434.0,14651361
2025-06-06,425.0863952636719,428.6499938964844,433.0,418.6000061035156,430.29998779296875,12394179
2025-06-09,428.1606140136719,431.75,442.79998779296875,429.0,432.0,14101653
2025-06-10,423.1526184082031,426.70001220703125,437.75,424.04998779296875,434.04998779296875,8608022
2025-06-11,424.2434387207031,427.79998779296875,435.70001220703125,422.6499938964844,428.45001220703125,10010848
2025-06-12,409.51690673828125,412.95001220703125,433.0,410.29998779296875,429.20001220703125,9928984
2025-06-13,403.6163635253906,407.0,412.0,400.5,401.20001220703125,7028426
2025-06-16,406.0955810546875,409.5,412.54998779296875,397.1000061035156,407.0,7942903
2025-06-17,397.31915283203125,400.6499938964844,413.45001220703125,398.8999938964844,410.0,7031078
2025-06-18,394.6911926269531,398.0,404.29998779296875,395.3999938964844,401.0,6046355
2025-06-19,378.7746276855469,381.95001220703125,400.3500061035156,380.1499938964844,397.54998779296875,8538943
2025-06-20,387.35272216796875,390.6000061035156,392.75,380.1000061035156,382.54998779296875,7771739
2025-06-23,388.14605712890625,391.3999938964844,395.25,384.45001220703125,386.45001220703125,5548703
2025-06-24,394.6911926269531,398.0,403.3999938964844,396.0,397.29998779296875,8104800
2025-06-25,396.07952880859375,399.3999938964844,404.8999938964844,397.54998779296875,400.0,4643329
2025-06-26,396.2283020019531,399.54998779296875,405.5,398.25,401.5,4519908
2025-06-27,391.76568603515625,395.04998779296875,405.5,394.0,401.54998779296875,7343095
2025-06-30,394.3936767578125,397.70001220703125,404.0,396.0,399.0,5938964
2025-07-01,392.5590515136719,395.8500061035156,401.8500061035156,393.1000061035156,399.6000061035156,3812592
2025-07-02,389.3856506347656,392.6499938964844,398.79998779296875,389.5,396.79998779296875,4124336
2025-07-03,387.4023132324219,390.6499938964844,395.25,388.6000061035156,393.8999938964844,3403586
2025-07-04,388.14605712890625,391.3999938964844,394.29998779296875,388.6499938964844,391.29998779296875,2929965
2025-07-07,386.2122802734375,389.45001220703125,395.5,388.79998779296875,393.3999938964844,4375527
2025-07-08,383.2867736816406,386.5,392.45001220703125,384.20001220703125,390.0,3385531
2025-07-09,381.8984375,385.1000061035156,392.20001220703125,384.1000061035156,387.79998779296875,4088303
2025-07-10,381.50177001953125,384.70001220703125,391.0,383.54998779296875,386.29998779296875,3357263
2025-07-11,378.47711181640625,381.6499938964844,385.5,379.6000061035156,384.8999938964844,3193808
2025-07-14,379.1217041015625,382.29998779296875,385.3500061035156,380.6499938964844,383.6000061035156,3360937
2025-07-15,379.9646301269531,383.1499938964844,391.45001220703125,382.0,386.0,9228521
2025-07-16,380.1134033203125,383.29998779296875,385.6499938964844,381.1000061035156,384.1000061035156,3200132
2025-07-17,378.2787780761719,381.45001220703125,384.75,381.0,384.0,1895697
2025-07-18,372.87408447265625,376.0,382.6000061035156,374.8999938964844,381.5,2713502
2025-07-21,375.0558166503906,378.20001220703125,380.0,373.1000061035156,376.3500061035156,3246863
2025-07-22,369.1552734375,372.25,380.1000061035156,371.54998779296875,380.0,2494508
2025-07-23,370.59320068359375,373.70001220703125,375.45001220703125,367.0,373.1000061035156,4443972
2025-07-24,373.7666015625,376.8999938964844,379.0,372.20001220703125,374.1000061035156,3184740
2025-07-25,362.560546875,365.6000061035156,375.8999938964844,363.54998779296875,375.8999938964844,3472092
2025-07-28,351.5032653808594,354.45001220703125,368.25,353.20001220703125,363.8500061035156,3438508
2025-07-29,356.5112609863281,359.5,362.0,352.0,354.0,4192933
2025-07-30,355.42041015625,358.3999938964844,362.20001220703125,356.5,360.1499938964844,2041969
2025-07-31,345.255615234375,348.1499938964844,355.29998779296875,345.0,353.0,3934940
2025-08-01,342.5780944824219,345.45001220703125,350.3999938964844,343.29998779296875,349.3500061035156,3149891
2025-08-04,350.0653076171875,353.0,354.0,344.3500061035156,346.45001220703125,3431280
2025-08-05,348.6273193359375,351.54998779296875,357.29998779296875,350.0,353.0,2551146
2025-08-06,343.1235046386719,346.0,354.45001220703125,344.5,352.0,2282901
2025-08-07,343.61932373046875,346.5,348.0,337.20001220703125,341.20001220703125,2924832
2025-08-08,333.8016662597656,336.6000061035156,346.79998779296875,335.0,346.79998779296875,2140972
2025-08-11,339.6526184082031,342.5,346.70001220703125,334.3999938964844,337.70001220703125,3610633
2025-08-12,326.7110900878906,329.45001220703125,346.5,320.29998779296875,342.75,5392512
2025-08-13,323.5872497558594,326.29998779296875,333.8500061035156,316.5,323.1499938964844,9107823
2025-08-14,321.40557861328125,324.1000061035156,333.8500061035156,322.0,329.5,5292079
2025-08-18,321.1080627441406,323.79998779296875,330.75,322.54998779296875,330.0,4633408
2025-08-19,325.0252380371094,327.75,328.5,321.5,325.0,3483785
2025-08-20,328.04986572265625,330.79998779296875,332.0,324.5,328.8500061035156,4059829
2025-08-21,327.6211853027344,328.6499938964844,334.3999938964844,327.1000061035156,330.0,5454040
2025-08-22,322.7365417480469,323.75,327.79998779296875,323.1000061035156,327.79998779296875,3877289
2025-08-25,320.6430969238281,321.6499938964844,326.95001220703125,321.0,325.45001220703125,2419995
2025-08-26,311.72113037109375,312.70001220703125,322.45001220703125,311.5,321.6499938964844,5319362
2025-08-28,307.6838073730469,308.6499938964844,318.1499938964844,307.0,316.0,7594499
2025-08-29,301.6527404785156,302.6000061035156,309.0,301.75,308.3999938964844,4853561
2025-09-01,314.7117614746094,315.70001220703125,317.5,301.6000061035156,302.95001220703125,5644181
2025-09-02,330.8111877441406,331.8500061035156,339.5,316.0,318.0,20277592
2025-09-03,333.5525817871094,334.6000061035156,337.45001220703125,328.6000061035156,332.0,9498144
2025-09-04,325.9265441894531,326.95001220703125,335.0,325.1499938964844,333.95001220703125,6377015
2025-09-05,328.36883544921875,329.3999938964844,331.04998779296875,325.04998779296875,326.70001220703125,4541584
2025-09-08,331.16009521484375,332.20001220703125,337.20001220703125,329.04998779296875,330.8500061035156,4123272
2025-09-09,331.3594665527344,332.3999938964844,335.8500061035156,329.5,333.20001220703125,3863086
2025-09-10,332.40618896484375,333.45001220703125,339.54998779296875,332.70001220703125,333.3500061035156,5814933
2025-09-11,334.1008605957031,335.1499938964844,337.8999938964844,331.6000061035156,337.79998779296875,6896258
2025-09-12,337.0416259765625,338.1000061035156,339.8999938964844,334.3999938964844,335.3999938964844,5594449
2025-09-15,346.1629638671875,347.25,355.5,339.29998779296875,340.0,18797234
2025-09-16,353.7890319824219,354.8999938964844,356.70001220703125,344.3500061035156,348.6499938964844,10201112
2025-09-17,359.6705627441406,360.79998779296875,369.8500061035156,355.6000061035156,356.0,17573057
2025-09-18,361.365234375,362.5,364.70001220703125,356.3500061035156,362.8500061035156,7379618
2025-09-19,362.3122863769531,363.45001220703125,367.70001220703125,361.1499938964844,361.8999938964844,6433354
2025-09-22,357.7764892578125,358.8999938964844,368.0,357.20001220703125,362.45001220703125,5537194
2025-09-23,356.4805908203125,357.6000061035156,365.0,354.54998779296875,362.0,6674464
2025-09-24,346.56170654296875,347.6499938964844,356.95001220703125,347.0,356.8500061035156,3858578
2025-09-25,345.46514892578125,346.54998779296875,355.8999938964844,345.0,345.6000061035156,4137205
2025-09-26,336.7425537109375,337.79998779296875,347.70001220703125,336.54998779296875,346.95001220703125,3434829
2025-09-29,340.58050537109375,341.6499938964844,348.3500061035156,339.0,340.0,3972955
2025-09-30,338.3874206542969,339.45001220703125,343.8999938964844,336.04998779296875,343.29998779296875,4677413
2025-10-01,343.3218994140625,344.3999938964844,345.75,338.54998779296875,339.04998779296875,3430563
2025-10-03,345.9635925292969,347.04998779296875,347.70001220703125,342.5,344.25,3140339
2025-10-06,345.5150146484375,346.6000061035156,349.79998779296875,343.54998779296875,347.29998779296875,2559353
2025-10-07,353.73919677734375,354.8500061035156,356.1499938964844,347.0,347.1000061035156,7443017
2025-10-08,345.46514892578125,346.54998779296875,357.3999938964844,344.3999938964844,357.20001220703125,8765182
2025-10-09,343.3218994140625,344.3999938964844,347.29998779296875,341.20001220703125,344.5,4026015
2025-10-10,340.9294128417969,342.0,348.0,341.3500061035156,344.8999938964844,3046643
2025-10-13,338.08831787109375,339.1499938964844,340.5,336.04998779296875,338.75,2891506
2025-10-14,332.0074157714844,333.04998779296875,341.1499938964844,331.75,338.5,3285293
2025-10-15,337.5400695800781,338.6000061035156,340.45001220703125,333.1000061035156,333.1000061035156,3209510
2025-10-16,334.9980163574219,336.04998779296875,341.8500061035156,335.5,338.70001220703125,3202695
2025-10-17,330.61181640625,331.6499938964844,335.5,328.79998779296875,335.0,3682969
2025-10-20,327.9700927734375,329.0,336.1000061035156,328.3999938964844,333.20001220703125,4963362
2025-10-21,330.9607238769531,332.0,333.29998779296875,330.6000061035156,330.6000061035156,861044
2025-10-23,328.9171447753906,329.95001220703125,335.1000061035156,329.0,334.0,2981997
2025-10-24,328.418701171875,329.45001220703125,333.45001220703125,328.04998779296875,330.95001220703125,2336043
2025-10-27,328.96697998046875,330.0,332.8500061035156,328.79998779296875,330.0,2248942
2025-10-28,327.8205871582031,328.8500061035156,334.20001220703125,327.29998779296875,332.6499938964844,4632729
2025-10-29,331.7083740234375,332.75,334.0,327.25,328.45001220703125,3978096
2025-10-30,330.5121154785156,331.54998779296875,337.29998779296875,330.5,332.95001220703125,3002069
2025-10-31,327.7707214355469,328.79998779296875,332.75,328.3999938964844,331.5,2081372
2025-11-03,327.6710510253906,328.70001220703125,331.54998779296875,327.70001220703125,328.3999938964844,2313547
2025-11-04,324.7801208496094,325.79998779296875,330.3500061035156,324.29998779296875,329.6499938964844,1993561
2025-11-06,316.8051452636719,317.79998779296875,327.45001220703125,317.29998779296875,325.8999938964844,3610101
2025-11-07,317.0045471191406,318.0,319.79998779296875,314.0,317.70001220703125,3577541
2025-11-10,314.9111022949219,315.8999938964844,320.8500061035156,315.54998779296875,318.29998779296875,2271236
2025-11-11,316.75531005859375,317.75,320.29998779296875,315.04998779296875,317.5,2711458
2025-11-12,315.3597106933594,316.3500061035156,320.5,308.0,314.0,7164298
2025-11-13,313.31610107421875,314.29998779296875,320.8999938964844,314.0,316.04998779296875,3602435
2025-11-14,320.04498291015625,321.04998779296875,325.25,314.29998779296875,314.3500061035156,7162206
2025-11-17,325.97637939453125,327.0,335.6499938964844,321.3999938964844,322.6499938964844,13111023
2025-11-18,320.1945495605469,321.20001220703125,327.3999938964844,320.29998779296875,327.0,3136355
2025-11-19,319.1477966308594,320.1499938964844,322.20001220703125,316.5,320.8999938964844,2950970
2025-11-20,318.1011047363281,319.1000061035156,324.1499938964844,318.1000061035156,320.45001220703125,2390778
2025-11-21,313.0170593261719,314.0,319.04998779296875,313.6000061035156,319.04998779296875,2555681
2025-11-24,323.8330993652344,324.8500061035156,329.95001220703125,312.6000061035156,316.8999938964844,9809535
2025-11-25,321.8891906738281,322.8999938964844,326.0,315.20001220703125,323.54998779296875,10977583
2025-11-26,322.5870056152344,323.6000061035156,324.8999938964844,317.8999938964844,319.75,5359842
2025-11-27,323.5340270996094,324.54998779296875,329.70001220703125,321.6000061035156,326.79998779296875,4946518
2025-11-28,323.08544921875,324.1000061035156,324.79998779296875,321.5,323.0,3243378
2025-12-01,320.6430969238281,321.6499938964844,327.5,320.54998779296875,323.79998779296875,3356315
2025-12-02,316.90484619140625,317.8999938964844,320.3999938964844,316.54998779296875,320.0,2598203
2025-12-03,310.6744079589844,311.6499938964844,318.79998779296875,311.04998779296875,317.45001220703125,3009610
2025-12-04,311.42205810546875,312.3999938964844,316.3999938964844,310.70001220703125,313.25,4042661
2025-12-05,309.8769226074219,310.8500061035156,312.3999938964844,307.8500061035156,312.29998779296875,3104280
2025-12-08,306.1885070800781,307.1499938964844,311.54998779296875,301.6499938964844,310.45001220703125,3969397
2025-12-09,311.72113037109375,312.70001220703125,313.70001220703125,301.20001220703125,304.0,4741731
2025-12-10,307.9330139160156,308.8999938964844,315.0,307.54998779296875,312.04998779296875,2160269
2025-12-11,310.9236145019531,311.8999938964844,316.0,307.25,308.75,3663101
2025-12-12,312.9173583984375,313.8999938964844,315.1499938964844,311.04998779296875,313.3500061035156,1953253
2025-12-15,312.1697082519531,313.1499938964844,314.45001220703125,311.70001220703125,312.0,1474329
2025-12-16,308.43145751953125,309.3999938964844,312.6000061035156,308.0,312.54998779296875,1438292
2025-12-17,306.2881774902344,307.25,310.8999938964844,306.0,309.5,1877813
2025-12-18,304.9922790527344,305.95001220703125,307.1499938964844,303.20001220703125,306.95001220703125,2042006
2025-12-19,318.15093994140625,319.1499938964844,320.70001220703125,306.6499938964844,308.70001220703125,5025216
2025-12-22,331.4591369628906,332.5,335.5,319.1000061035156,320.04998779296875,13224486
2025-12-23,340.7798767089844,341.8500061035156,349.5,333.0,334.20001220703125,20825008
2025-12-24,344.6178283691406,345.70001220703125,349.3999938964844,338.0,343.95001220703125,12510973
2025-12-26,386.735595703125,387.95001220703125,392.79998779296875,345.8500061035156,346.70001220703125,102998642
2025-12-29,366.44927978515625,367.6000061035156,400.70001220703125,365.8999938964844,394.95001220703125,38027612
2025-12-30,359.22198486328125,360.3500061035156,373.04998779296875,358.1000061035156,369.8999938964844,23158835
2025-12-31,356.1316833496094,357.25,366.25,356.1000061035156,360.5,13232939
2026-01-01,360.3683776855469,361.5,365.3999938964844,355.5,359.20001220703125,7782539
2026-01-02,364.70477294921875,365.8500061035156,368.45001220703125,360.6499938964844,363.5,7088047
2026-01-05,359.86993408203125,361.0,372.8999938964844,358.45001220703125,366.04998779296875,6255317
2026-01-06,357.1783752441406,358.29998779296875,367.75,354.3999938964844,361.8999938964844,5660162
2026-01-07,356.28118896484375,357.3999938964844,365.8999938964844,356.25,358.79998779296875,7777810
2026-01-08,341.4776916503906,342.54998779296875,360.75,341.0,357.3999938964844,8367219
2026-01-09,331.16009521484375,332.20001220703125,350.3500061035156,330.29998779296875,344.0,10019235
2026-01-12,330.61181640625,331.6499938964844,333.8999938964844,323.1000061035156,333.45001220703125,9252024
2026-01-13,329.1663513183594,330.20001220703125,337.6499938964844,325.04998779296875,334.0,7141388
2026-01-14,337.240966796875,338.29998779296875,341.8999938964844,328.0,329.5,10947879
2026-01-15,337.240966796875,338.29998779296875,338.29998779296875,338.29998779296875,338.29998779296875,0
2026-01-16,334.1008605957031,335.1499938964844,344.95001220703125,333.5,341.0,6964569
2026-01-19,330.2629089355469,331.29998779296875,337.70001220703125,329.79998779296875,332.95001220703125,5086365
2026-01-20,319.2973327636719,320.29998779296875,331.54998779296875,318.95001220703125,331.29998779296875,7883696
2026-01-21,316.10736083984375,317.1000061035156,324.1499938964844,313.79998779296875,318.0,8128372
2026-01-22,327.9700927734375,329.0,330.5,319.3500061035156,322.6000061035156,7930048
2026-01-23,324.13214111328125,325.1499938964844,334.79998779296875,323.3999938964844,331.0,6752882
2026-01-27,322.8860778808594,323.8999938964844,328.29998779296875,321.04998779296875,327.8999938964844,6925291
2026-01-28,341.4278564453125,342.5,344.20001220703125,326.5,328.3999938964844,12410845
2026-01-29,340.3811340332031,341.45001220703125,352.79998779296875,331.20001220703125,348.54998779296875,27044493
2026-01-30,342.32501220703125,343.3999938964844,344.8999938964844,331.79998779296875,337.8999938964844,14048559
2026-02-02,321.78948974609375,322.79998779296875,325.5,312.04998779296875,320.0,15366228
2026-02-03,323.63372802734375,324.6499938964844,339.0,323.0,334.3999938964844,9101195
2026-02-04,319.9951477050781,321.0,323.8999938964844,318.75,323.70001220703125,7624858
2026-02-05,315.6089172363281,316.6000061035156,324.20001220703125,316.0,321.0,5886319
2026-02-06,313.11676025390625,314.1000061035156,316.25,310.5,315.25,6474773
2026-02-09,316.25689697265625,317.25,322.5,314.5,315.0,6233149
2026-02-10,318.45001220703125,319.45001220703125,324.79998779296875,316.54998779296875,319.0,9489579
2026-02-11,316.54998779296875,316.54998779296875,319.29998779296875,313.20001220703125,316.5,5142291
2026-02-12,313.70001220703125,313.70001220703125,315.8999938964844,309.1000061035156,315.8999938964844,9189505
2026-02-13,308.95001220703125,308.95001220703125,311.45001220703125,306.0,309.95001220703125,8168629
2026-02-16,309.6499938964844,309.6499938964844,311.8999938964844,304.1000061035156,306.5,5843907
2026-02-17,308.75,308.75,311.70001220703125,307.20001220703125,308.95001220703125,4740580
2026-02-18,309.6499938964844,309.6499938964844,311.5,306.79998779296875,308.79998779296875,5539696
2026-02-19,306.8500061035156,306.8500061035156,314.45001220703125,305.0,310.8999938964844,8070615
2026-02-20,312.1000061035156,312.1000061035156,313.8999938964844,303.0,305.5,9829650
2026-02-23,319.20001220703125,319.20001220703125,320.8999938964844,310.0,313.0,8267917
2026-02-24,321.6499938964844,321.6499938964844,322.5,313.8500061035156,318.29998779296875,6655071
2026-02-25,317.6000061035156,317.6000061035156,324.0,315.0,324.0,6473531
2026-02-26,318.29998779296875,318.29998779296875,321.0,316.29998779296875,319.0,6016159
2026-02-27,316.3500061035156,316.3500061035156,320.8999938964844,314.0,318.29998779296875,5445951
2026-03-02,299.45001220703125,299.45001220703125,307.95001220703125,295.20001220703125,295.79998779296875,9578303
2026-03-04,282.04998779296875,282.04998779296875,294.6499938964844,271.25,293.8999938964844,9465512
2026-03-05,279.25,279.25,287.3999938964844,275.1000061035156,283.29998779296875,8717645
2026-03-06,286.0,286.0,298.3999938964844,278.75,279.25,19912627
2026-03-09,276.20001220703125,276.20001220703125,281.70001220703125,272.79998779296875,280.8999938964844,6579815
2026-03-10,283.6000061035156,283.6000061035156,285.0,278.0,281.8999938964844,5919804
2026-03-11,277.20001220703125,277.20001220703125,288.8999938964844,275.5,285.0,6071568
2026-03-12,279.6000061035156,279.6000061035156,284.3500061035156,270.95001220703125,275.70001220703125,6945305
2026-03-13,271.25,271.25,280.3500061035156,270.3500061035156,278.0,4564446
2026-03-16,266.70001220703125,266.70001220703125,271.8999938964844,260.70001220703125,271.25,6663574
2026-03-17,267.79998779296875,267.79998779296875,271.79998779296875,263.54998779296875,270.0,5878865
2026-03-18,275.1000061035156,275.1000061035156,277.45001220703125,268.0,268.0,5660387
2026-03-19,262.3500061035156,262.3500061035156,270.0,261.25,268.70001220703125,5522133
2026-03-20,264.54998779296875,264.54998779296875,270.54998779296875,262.8999938964844,265.45001220703125,4440790
2026-03-23,250.25,250.25,260.75,249.10000610351562,260.70001220703125,6637313
2026-03-24,258.45001220703125,258.45001220703125,261.5,254.60000610351562,259.0,7204605
2026-03-25,268.8500061035156,268.8500061035156,273.3999938964844,261.29998779296875,262.95001220703125,9706528
2026-03-27,264.04998779296875,264.04998779296875,268.20001220703125,261.6000061035156,266.29998779296875,8339136
2026-03-30,249.64999389648438,249.64999389648438,261.1000061035156,248.0,260.0,9646699
2026-04-01,262.6099853515625,262.6099853515625,265.25,257.0,259.8999938964844,6682134
2026-04-02,260.6600036621094,260.6600036621094,262.2300109863281,251.0,256.0199890136719,6288152
2026-04-06,261.54998779296875,261.54998779296875,266.3699951171875,253.67999267578125,261.8999938964844,8409559
2026-04-07,261.260009765625,261.260009765625,263.8999938964844,256.8399963378906,259.54998779296875,6242256
2026-04-08,274.94000244140625,274.94000244140625,276.4800109863281,271.1499938964844,275.0,7152702
2026-04-09,272.8299865722656,272.8299865722656,277.05999755859375,268.6300048828125,275.5400085449219,7863358
2026-04-10,275.0,275.0,282.5,273.45001220703125,274.010009765625,7566878
2026-04-13,271.7900085449219,271.7900085449219,272.989990234375,264.20001220703125,268.8999938964844,4822162
2026-04-15,287.05999755859375,287.05999755859375,288.8500061035156,276.75,278.0,14149575
2026-04-16,293.8900146484375,293.8900146484375,298.6700134277344,287.1199951171875,291.3999938964844,16534179
2026-04-17,303.05999755859375,303.05999755859375,311.8500061035156,298.8500061035156,300.0,38682777
2026-04-20,296.3299865722656,296.3299865722656,304.5,295.0,304.5,7409927
2026-04-21,298.8599853515625,298.8599853515625,300.9800109863281,294.260009765625,296.0,5053668
2026-04-22,307.4100036621094,307.4100036621094,308.3299865722656,297.0,297.1099853515625,10257184
2026-04-23,307.2099914550781,307.2099914550781,311.29998779296875,304.7900085449219,306.5,12434990
2026-04-24,303.44000244140625,303.44000244140625,309.8800048828125,301.0,308.6499938964844,7153014
2026-04-27,305.95001220703125,305.95001220703125,310.20001220703125,305.010009765625,305.25,6622709
2026-04-28,308.6300048828125,308.6300048828125,311.0,305.20001220703125,306.0,5498448
2026-04-29,302.29998779296875,302.29998779296875,311.45001220703125,301.1000061035156,310.010009765625,6890706
2026-04-30,297.6499938964844,297.6499938964844,301.0,294.0,300.20001220703125,5939952
2026-05-01,297.6499938964844,297.6499938964844,297.6499938964844,297.6499938964844,297.6499938964844,0
2026-05-04,296.6499938964844,296.6499938964844,303.3999938964844,292.6000061035156,299.3999938964844,5166839
2026-05-05,300.45001220703125,300.45001220703125,304.6000061035156,295.45001220703125,296.0,7031295
2026-05-06,305.1000061035156,305.1000061035156,306.20001220703125,299.29998779296875,303.0,5508025
2026-05-07,308.70001220703125,308.70001220703125,310.0,303.3999938964844,306.5,7369135
2026-05-08,305.0,305.0,309.3500061035156,303.5,308.3999938964844,5172774
2026-05-11,295.3999938964844,295.3999938964844,303.45001220703125,294.25,303.45001220703125,4174262
2026-05-12,283.29998779296875,283.29998779296875,296.54998779296875,282.29998779296875,294.0,4640229
2026-05-13,285.0,285.0,291.3500061035156,283.70001220703125,283.70001220703125,6906724
2026-05-14,287.20001220703125,287.20001220703125,291.3500061035156,281.1000061035156,287.1499938964844,5258586
2026-05-15,283.0,283.0,288.5,281.5,287.8999938964844,3490324
2026-05-18,276.79998779296875,276.79998779296875,280.45001220703125,271.1000061035156,280.0,5295517
2026-05-19,271.54998779296875,271.54998779296875,278.29998779296875,270.3500061035156,276.8500061035156,5336823
2026-05-20,269.6000061035156,269.6000061035156,270.6499938964844,264.54998779296875,270.1000061035156,6452689
2026-05-21,270.75,270.75,275.0,269.3500061035156,273.5,5924922
2026-05-22,271.1000061035156,271.1000061035156,273.95001220703125,267.70001220703125,271.5,7245031
2026-05-25,272.45001220703125,272.45001220703125,275.8500061035156,272.0,274.1499938964844,7242974
2026-05-26,259.75,259.75,266.8999938964844,259.0,263.95001220703125,21022452
2026-05-27,252.3000030517578,252.3000030517578,259.75,251.3000030517578,259.75,14271574
2026-05-28,252.3000030517578,252.3000030517578,252.3000030517578,252.3000030517578,252.3000030517578,0
2026-05-29,245.4499969482422,245.4499969482422,255.1999969482422,243.0,251.8000030517578,62620879
2026-06-01,241.55999755859375,241.55999755859375,249.80999755859375,240.8000030517578,248.10000610351562,9432010
2026-06-02,240.75,240.75,241.75,232.72999572753906,240.0,15130810
2026-06-03,239.02000427246094,239.02000427246094,241.52000427246094,233.0500030517578,241.39999389648438,13120281
2026-06-04,236.4600067138672,236.4600067138672,240.6699981689453,235.85000610351562,237.0,12057009
2026-06-05,235.61000061035156,235.61000061035156,238.61000061035156,233.8000030517578,237.02000427246094,11139995
2026-06-08,228.22999572753906,228.22999572753906,233.88999938964844,227.00999450683594,231.99000549316406,8058747
2026-06-09,233.88999938964844,233.88999938964844,236.39999389648438,231.25,232.0,11229522
2026-06-10,228.1699981689453,228.1699981689453,235.60000610351562,227.55999755859375,234.5,5304890
2026-06-11,222.19000244140625,222.19000244140625,226.99000549316406,221.5500030517578,226.99000549316406,5624143
2026-06-12,233.25999450683594,233.25999450683594,234.0,225.10000610351562,228.5,7558813
2026-06-15,239.6999969482422,239.6999969482422,243.39999389648438,239.0,242.0,9213758
2026-06-16,241.13999938964844,241.13999938964844,243.58999633789062,239.64999389648438,241.8000030517578,3985588
2026-06-17,245.13999938964844,245.13999938964844,246.47999572753906,240.05999755859375,242.1999969482422,7044376
2026-06-18,247.5800018310547,247.5800018310547,251.3800048828125,245.2899932861328,251.02000427246094,17276217
2026-06-19,243.99000549316406,243.99000549316406,246.5,242.2899932861328,246.5,5474304
2026-06-22,246.19000244140625,246.19000244140625,250.89999389648438,245.0,249.0,12856293
2026-06-23,240.1300048828125,240.1300048828125,246.2899932861328,239.00999450683594,246.19000244140625,5117559
2026-06-24,239.94000244140625,239.94000244140625,241.25,235.44000244140625,239.0,6070613
2026-06-25,240.85000610351562,240.85000610351562,245.3800048828125,240.0500030517578,240.9600067138672,8000208
2026-06-26,240.85000610351562,240.85000610351562,240.85000610351562,240.85000610351562,240.85000610351562,0
2026-06-29,237.50999450683594,237.50999450683594,240.77999877929688,236.77999877929688,240.25,3979891
2026-06-30,235.8300018310547,235.8300018310547,238.8800048828125,235.3000030517578,238.0,4559478
2026-07-01,237.61000061035156,237.61000061035156,241.19000244140625,235.11000061035156,236.1999969482422,5837009
2026-07-02,236.85000610351562,236.85000610351562,239.3000030517578,236.38999938964844,238.39999389648438,2322672
2026-07-03,235.77000427246094,235.77000427246094,238.47999572753906,235.17999267578125,237.35000610351562,2468195
2026-07-06,233.83999633789062,233.83999633789062,235.5,232.9199981689453,235.16000366210938,2637860
2026-07-07,232.66000366210938,232.66000366210938,234.3000030517578,231.4499969482422,233.5,2061214
2026-07-08,224.72999572753906,224.72999572753906,230.97999572753906,223.55999755859375,230.41000366210938,4116538
2026-07-09,226.22999572753906,226.22999572753906,228.35000610351562,223.99000549316406,225.0,2296275
2026-07-10,232.6699981689453,232.6699981689453,236.88999938964844,226.99000549316406,226.99000549316406,6855244
2026-07-13,231.5399932861328,231.5399932861328,231.8699951171875,228.64999389648438,230.41000366210938,4443741
2026-07-14,227.30999755859375,227.30999755859375,230.2100067138672,226.11000061035156,229.39999389648438,3628384
2026-07-15,226.97000122070312,226.97000122070312,232.1999969482422,226.5,227.3000030517578,4735208
2026-07-16,226.39999389648438,226.39999389648438,230.3000030517578,226.0399932861328,227.89999389648438,3847258
2026-07-17,225.44000244140625,225.44000244140625,227.88999938964844,224.5,227.39999389648438,3890424
2026-07-20,226.8699951171875,226.8699951171875,227.5,223.5,225.44000244140625,3555757
2026-07-21,225.25999450683594,225.25999450683594,228.3699951171875,223.63999938964844,226.0,3466548
2026-07-22,223.11000061035156,223.11000061035156,225.50999450683594,222.10000610351562,225.0,3034876
2026-07-23,223.3000030517578,223.3000030517578,226.1999969482422,221.2100067138672,221.61000061035156,3336039
