Date,Adj Close,Close,High,Low,Open,Volume
2021-07-23,658.8229370117188,694.0,698.9500122070312,681.5999755859375,686.2000122070312,3956261
2021-07-26,667.7463989257812,703.4000244140625,705.0,695.2000122070312,695.2000122070312,4715053
2021-07-27,653.411865234375,688.2999877929688,705.7000122070312,673.8499755859375,705.0,5327355
2021-07-28,652.9371337890625,687.7999877929688,691.9500122070312,672.5499877929688,688.2999877929688,3332667
2021-07-29,667.3667602539062,703.0,705.9500122070312,680.7000122070312,687.7999877929688,4397443
2021-07-30,734.7203979492188,773.9500122070312,783.75,696.1500244140625,702.9500122070312,35893710
2021-08-02,735.7172241210938,775.0,801.9000244140625,764.0999755859375,785.0,18661462
2021-08-03,754.513671875,794.7999877929688,804.3499755859375,765.25,773.9500122070312,14678219
2021-08-04,745.92236328125,785.75,797.9000244140625,779.7000122070312,791.0,5796169
2021-08-05,746.3020629882812,786.1500244140625,794.4000244140625,783.2999877929688,785.5,5026619
2021-08-06,745.400146484375,785.2000122070312,796.4500122070312,781.5499877929688,786.5,4064324
2021-08-09,748.8177490234375,788.7999877929688,793.0,782.0,789.1500244140625,2873586
2021-08-10,753.1370239257812,793.3499755859375,798.7999877929688,782.2000122070312,789.9500122070312,5656020
2021-08-11,740.0365600585938,779.5499877929688,795.0,773.2999877929688,794.0,4275776
2021-08-12,739.1822509765625,778.6500244140625,781.25,773.1500244140625,780.0,2821380
2021-08-13,738.8499145507812,778.2999877929688,788.5,767.6500244140625,769.0,4319920
2021-08-16,741.2230834960938,780.7999877929688,783.0,771.0499877929688,775.2000122070312,2310304
2021-08-17,744.4034423828125,784.1500244140625,793.2000122070312,778.2000122070312,783.0,5686055
2021-08-18,743.2167358398438,782.9000244140625,791.4000244140625,779.2999877929688,788.0,4036305
2021-08-20,722.5692138671875,761.1500244140625,784.4500122070312,743.3499755859375,775.0,6238261
2021-08-23,722.7595825195312,759.3499755859375,770.0,750.7999877929688,765.0,2375417
2021-08-24,734.1813354492188,771.3499755859375,777.9500122070312,754.25,759.7999877929688,2732537
2021-08-25,731.9921875,769.0499877929688,776.0,759.5999755859375,770.0,2254852
2021-08-26,723.90185546875,760.5499877929688,771.0999755859375,759.25,765.1500244140625,1735864
2021-08-27,734.6097412109375,771.7999877929688,777.0,758.0999755859375,760.75,2432862
2021-08-30,749.2676391601562,787.2000122070312,794.9500122070312,768.1500244140625,769.0,3617125
2021-08-31,755.7876586914062,794.0499877929688,801.0,783.7000122070312,787.4500122070312,7435465
2021-09-01,750.5050048828125,788.5,803.9000244140625,787.0,795.0499877929688,2811619
2021-09-02,751.8851928710938,789.9500122070312,795.6500244140625,788.2999877929688,790.2999877929688,2679549
2021-09-03,751.3616333007812,789.4000244140625,797.2000122070312,784.0,793.0,2860730
2021-09-06,746.4598388671875,784.25,793.0999755859375,779.75,789.4000244140625,4613445
2021-09-07,732.80126953125,769.9000244140625,783.0,766.5999755859375,782.0,3851664
2021-09-08,739.9873657226562,777.4500122070312,778.9500122070312,763.5499877929688,767.2999877929688,2548562
2021-09-09,738.892822265625,776.2999877929688,782.25,771.4500122070312,772.2000122070312,2008287
2021-09-13,742.7000732421875,780.2999877929688,783.0,771.6500244140625,776.2999877929688,1935832
2021-09-14,743.7471923828125,781.4000244140625,788.0,777.2999877929688,784.7000122070312,1996844
2021-09-15,743.0333251953125,780.6500244140625,785.75,778.7999877929688,784.7000122070312,1393824
2021-09-16,743.4140625,781.0499877929688,784.5499877929688,778.2999877929688,780.0,1353677
2021-09-17,732.80126953125,769.9000244140625,787.9000244140625,766.6500244140625,785.0,4052622
2021-09-20,720.0469360351562,756.5,774.75,751.5999755859375,766.7000122070312,2206369
2021-09-21,727.6614379882812,764.5,766.3499755859375,751.0499877929688,756.5,2123997
2021-09-22,732.9915771484375,770.0999755859375,774.0,764.5,765.0,1817865
2021-09-23,732.753662109375,769.8499755859375,777.2000122070312,766.0999755859375,771.0999755859375,2109768
2021-09-24,733.3247680664062,770.4500122070312,776.6500244140625,762.0,769.0,1777859
2021-09-27,726.2813720703125,763.0499877929688,774.5,760.0999755859375,771.4500122070312,2862731
2021-09-28,737.7506103515625,775.0999755859375,791.0,754.9500122070312,766.7000122070312,4938824
2021-09-29,772.206298828125,811.2999877929688,819.75,771.3499755859375,784.0,18565413
2021-09-30,778.8213500976562,818.25,832.9500122070312,806.5999755859375,814.7999877929688,10478553
2021-10-01,786.76904296875,826.5999755859375,830.7000122070312,805.2999877929688,812.0,5730355
2021-10-04,791.9087524414062,832.0,838.9000244140625,826.4500122070312,830.0,4007435
2021-10-05,780.9630126953125,820.5,834.4000244140625,814.9500122070312,828.0,2987134
2021-10-06,762.02197265625,800.5999755859375,824.0,797.2999877929688,820.4500122070312,2910453
2021-10-07,783.58056640625,823.25,826.3499755859375,804.0999755859375,808.0499877929688,4089061
2021-10-08,781.8197021484375,821.4000244140625,833.7999877929688,818.5999755859375,825.0999755859375,2753935
2021-10-11,792.4322509765625,832.5499877929688,836.2000122070312,817.7999877929688,826.0,2988841
2021-10-12,789.7196655273438,829.7000122070312,842.75,823.7000122070312,833.5,2407031
2021-10-13,801.9505615234375,842.5499877929688,846.7999877929688,827.25,827.9500122070312,4113083
2021-10-14,800.7608032226562,841.2999877929688,850.0,838.25,843.9000244140625,2300231
2021-10-18,795.6209106445312,835.9000244140625,851.0,832.1500244140625,850.0,2632795
2021-10-19,787.48291015625,827.3499755859375,842.2000122070312,825.6500244140625,837.0,2029762
2021-10-20,775.6329345703125,814.9000244140625,834.7999877929688,807.5,825.0499877929688,2089252
2021-10-21,778.964111328125,818.4000244140625,829.0,810.0499877929688,823.0499877929688,3155655
2021-10-22,773.3961181640625,812.5499877929688,826.8499755859375,800.1500244140625,825.0999755859375,1709523
2021-10-25,774.0147094726562,813.2000122070312,821.25,795.5499877929688,810.0,2129988
2021-10-26,774.3003540039062,813.5,823.9000244140625,806.2999877929688,817.0,1628608
2021-10-27,785.3413696289062,825.0999755859375,838.4500122070312,815.7999877929688,815.7999877929688,3569869
2021-10-28,768.6846313476562,807.5999755859375,829.1500244140625,803.0499877929688,823.9500122070312,1647229
2021-10-29,756.6918334960938,795.0,816.5499877929688,779.3499755859375,800.0,4321416
2021-11-01,772.6821899414062,811.7999877929688,813.8499755859375,787.0,798.9500122070312,1935341
2021-11-02,776.1088256835938,815.4000244140625,836.0,782.75,814.6500244140625,17608860
2021-11-03,749.9816284179688,787.9500122070312,822.0,781.3499755859375,820.0,9452138
2021-11-04,757.1201782226562,795.4500122070312,797.0,788.5,797.0,485870
2021-11-08,761.4508056640625,800.0,803.0,783.0,798.0,4280584
2021-11-09,762.73583984375,801.3499755859375,812.0,797.0,800.0,3232291
2021-11-10,772.0159301757812,811.0999755859375,815.0,797.0,799.75,2900645
2021-11-11,756.5489501953125,794.8499755859375,810.4500122070312,792.0999755859375,808.9500122070312,2107377
2021-11-12,767.6376342773438,806.5,808.5499877929688,796.0999755859375,803.9500122070312,2076523
2021-11-15,771.6353149414062,810.7000122070312,819.6500244140625,806.6500244140625,808.2999877929688,2109222
2021-11-16,759.9755249023438,798.4500122070312,817.4500122070312,795.6500244140625,812.2999877929688,1512946
2021-11-17,753.2175903320312,791.3499755859375,805.0,787.4000244140625,800.0,1662900
2021-11-18,752.5514526367188,790.6500244140625,794.3499755859375,780.0999755859375,790.0,3177648
2021-11-22,733.6103515625,770.75,794.0,765.0499877929688,791.8499755859375,2894426
2021-11-23,747.3639526367188,785.2000122070312,791.75,761.5499877929688,770.0,2739763
2021-11-24,741.4152221679688,778.9500122070312,796.9500122070312,775.5499877929688,783.5,2404041
2021-11-25,745.1748046875,782.9000244140625,787.25,774.3499755859375,775.5999755859375,1861259
2021-11-26,730.3265380859375,767.2999877929688,798.9000244140625,762.0,775.0,5432649
2021-11-29,714.8595581054688,751.0499877929688,775.0,749.0499877929688,773.0,4664270
2021-11-30,717.2867431640625,753.5999755859375,761.6500244140625,746.0499877929688,751.0,5505266
2021-12-01,709.4342041015625,745.3499755859375,763.25,740.3499755859375,756.75,3687799
2021-12-02,729.3272705078125,766.25,770.75,746.0999755859375,753.0,4896650
2021-12-03,715.5733642578125,751.7999877929688,771.9000244140625,748.9000244140625,771.9000244140625,3135454
2021-12-06,701.6293334960938,737.1500244140625,752.5499877929688,733.7000122070312,751.2000122070312,2577704
2021-12-07,707.86376953125,743.7000122070312,751.0,735.0,741.0999755859375,2583462
2021-12-08,721.0462646484375,757.5499877929688,763.5,747.3499755859375,750.2000122070312,2530785
2021-12-09,723.140380859375,759.75,766.7999877929688,756.1500244140625,758.2000122070312,2604449
2021-12-10,724.663330078125,761.3499755859375,775.0,754.2000122070312,754.2000122070312,2950388
2021-12-13,725.8529663085938,762.5999755859375,773.3499755859375,759.0,763.8499755859375,2491218
2021-12-14,719.61865234375,756.0499877929688,768.75,753.5999755859375,757.25,3224172
2021-12-15,737.7506103515625,775.0999755859375,778.8499755859375,745.2999877929688,752.5,6231786
2021-12-16,727.6139526367188,764.4500122070312,786.5,760.0,786.5,6186549
2021-12-17,731.8970336914062,768.9500122070312,772.3499755859375,753.5,762.0,7171030
2021-12-20,727.1380004882812,763.9500122070312,774.7000122070312,753.0499877929688,768.0,7474026
2021-12-21,741.0344848632812,778.5499877929688,783.9500122070312,764.0499877929688,764.0499877929688,5599344
2021-12-22,759.0712280273438,797.5,801.0,777.5,785.0,5871235
2021-12-23,754.2647094726562,792.4500122070312,803.9500122070312,790.0,801.8499755859375,4277384
2021-12-24,747.5545043945312,785.4000244140625,794.7999877929688,777.5999755859375,793.4000244140625,3076272
2021-12-27,755.8350830078125,794.0999755859375,796.5999755859375,781.1500244140625,784.0,3598487
2021-12-28,775.8231811523438,815.0999755859375,819.9000244140625,794.2000122070312,796.0,5477769
2021-12-29,798.3811645507812,838.7999877929688,843.6500244140625,816.5,822.5,8748856
2021-12-30,794.2409057617188,834.4500122070312,841.9500122070312,827.3499755859375,836.6500244140625,5179861
2021-12-31,804.94873046875,845.7000122070312,850.9500122070312,834.0,834.4500122070312,3346523
2022-01-03,808.0421142578125,848.9500122070312,860.0499877929688,840.9000244140625,845.0,3726756
2022-01-04,797.3342895507812,837.7000122070312,854.0,832.4000244140625,852.5,3027262
2022-01-05,794.8594970703125,835.0999755859375,844.5499877929688,830.6500244140625,840.0,2436343
2022-01-06,789.6245727539062,829.5999755859375,844.9000244140625,822.0,837.7999877929688,2423850
2022-01-07,789.005859375,828.9500122070312,836.0,825.2000122070312,829.5999755859375,1475374
2022-01-10,786.8643798828125,826.7000122070312,835.0,817.5499877929688,832.0999755859375,4837873
2022-01-11,792.2897338867188,832.4000244140625,841.5,828.2999877929688,830.9000244140625,4950526
2022-01-12,795.906494140625,836.2000122070312,845.0,827.5,845.0,3953446
2022-01-13,823.7946166992188,865.5,871.0,834.25,836.2000122070312,7395140
2022-01-14,818.3217163085938,859.75,868.9000244140625,856.7999877929688,865.5,2351963
2022-01-17,812.0872802734375,853.2000122070312,863.4000244140625,850.5,859.75,1750754
2022-01-18,805.9005737304688,846.7000122070312,867.2000122070312,845.0,855.0,3354708
2022-01-19,798.0957641601562,838.5,848.0,834.0,848.0,1677779
2022-01-20,780.487060546875,820.0,842.75,815.6500244140625,839.2999877929688,2886894
2022-01-21,769.7792358398438,808.75,819.7000122070312,801.0999755859375,816.5,3218477
2022-01-24,762.2598266601562,800.8499755859375,825.0,791.5999755859375,804.0,5300160
2022-01-25,769.1129150390625,808.0499877929688,811.7000122070312,784.7999877929688,791.0,3779497
2022-01-27,772.9677734375,812.0999755859375,817.4000244140625,791.2999877929688,802.0,3593525
2022-01-28,787.48291015625,827.3499755859375,842.9000244140625,812.0999755859375,816.0,5073701
2022-01-31,794.2884521484375,834.5,849.75,820.0499877929688,830.0999755859375,8041517
2022-02-01,848.77978515625,891.75,895.0,839.8499755859375,847.4000244140625,12337459
2022-02-02,847.7327270507812,890.6500244140625,898.4500122070312,882.0,890.0,4404741
2022-02-03,840.9747924804688,883.5499877929688,891.2000122070312,880.4500122070312,889.3499755859375,2292825
2022-02-04,850.8736572265625,893.9500122070312,902.8499755859375,881.3499755859375,882.9000244140625,4222492
2022-02-07,844.3062133789062,887.0499877929688,901.4500122070312,879.7000122070312,901.4500122070312,3494623
2022-02-08,851.0164184570312,894.0999755859375,895.9500122070312,882.0,886.0,4766558
2022-02-09,850.3928833007812,886.4500122070312,894.5499877929688,885.3499755859375,893.9000244140625,2874380
2022-02-10,857.9237060546875,894.2999877929688,896.25,880.0,891.4000244140625,3159839
2022-02-11,844.30126953125,880.0999755859375,895.7999877929688,874.6500244140625,894.5999755859375,2682532
2022-02-14,829.6715698242188,864.8499755859375,886.6500244140625,862.2000122070312,870.0,5163415
2022-02-15,841.1354370117188,876.7999877929688,880.0,859.0499877929688,862.5,3219287
2022-02-16,833.5088500976562,868.8499755859375,881.1500244140625,867.0999755859375,876.0,2136415
2022-02-17,827.4652099609375,862.5499877929688,872.3499755859375,861.2999877929688,872.3499755859375,2275289
2022-02-18,827.8009643554688,862.9000244140625,867.9000244140625,856.4000244140625,862.5499877929688,1797851
2022-02-21,809.5256958007812,843.8499755859375,864.0,839.5,855.5,2305713
2022-02-22,811.3964233398438,845.7999877929688,849.0,824.5999755859375,836.0,3171552
2022-02-23,806.0721435546875,840.25,853.0,838.0499877929688,849.8499755859375,1979574
2022-02-24,784.9669799804688,818.25,836.9500122070312,815.0,830.5999755859375,3679222
2022-02-25,797.7260131835938,831.5499877929688,835.0,817.0499877929688,820.5,2098988
2022-02-28,809.5737915039062,843.9000244140625,847.0,821.0,821.0,4123139
2022-03-02,787.50927734375,820.9000244140625,844.9500122070312,815.7000122070312,844.3499755859375,3807036
2022-03-03,787.50927734375,820.9000244140625,832.7999877929688,817.0,832.7999877929688,2657776
2022-03-04,795.9033813476562,829.6500244140625,839.5999755859375,809.3499755859375,816.2999877929688,4082674
2022-03-07,789.1881103515625,822.6500244140625,829.0,809.0999755859375,818.0,3065234
2022-03-08,820.2222290039062,855.0,861.7000122070312,826.2000122070312,826.2000122070312,4864275
2022-03-09,832.9332885742188,868.25,885.7999877929688,860.0,863.4000244140625,7276355
2022-03-10,834.1803588867188,869.5499877929688,881.9000244140625,866.5999755859375,869.9000244140625,2899758
2022-03-11,865.310546875,902.0,907.0,869.0499877929688,872.0,7194497
2022-03-14,855.95703125,892.25,911.7999877929688,889.9500122070312,901.9500122070312,3861194
2022-03-15,855.3815307617188,891.6500244140625,908.0,881.3499755859375,893.7000122070312,4039746
2022-03-16,853.0311279296875,889.2000122070312,900.0,880.4500122070312,900.0,3134307
2022-03-17,874.5199584960938,911.5999755859375,915.0,892.2000122070312,892.2000122070312,5484100
2022-03-21,876.6304931640625,913.7999877929688,931.0,911.2999877929688,912.5,3878744
2022-03-22,876.918212890625,914.0999755859375,922.0,902.5,913.7999877929688,2174495
2022-03-23,864.1591796875,900.7999877929688,926.0,895.7999877929688,918.0,2578669
2022-03-24,871.8818969726562,908.8499755859375,914.7000122070312,885.5,886.0,3141478
2022-03-25,865.6461181640625,902.3499755859375,914.9500122070312,896.2999877929688,911.8499755859375,1571676
2022-03-28,869.0518798828125,905.9000244140625,910.9000244140625,899.2999877929688,908.9000244140625,1545077
2022-03-29,881.9547729492188,919.3499755859375,922.0,901.0999755859375,908.0499877929688,3177777
2022-03-30,883.1538696289062,920.5999755859375,922.0,908.4000244140625,922.0,2084073
2022-03-31,877.5419311523438,914.75,927.0,910.7999877929688,920.5999755859375,1901705
2022-04-01,871.7379760742188,908.7000122070312,919.0,904.0999755859375,914.0,1184766
2022-04-04,888.3822631835938,926.0499877929688,928.7999877929688,902.5999755859375,908.0,1876408
2022-04-05,891.3081665039062,929.0999755859375,940.7000122070312,924.1500244140625,928.0,2911697
2022-04-06,890.3487548828125,928.0999755859375,938.7999877929688,925.0,927.7999877929688,1881754
2022-04-07,893.0828857421875,930.9500122070312,948.0,926.8499755859375,928.0999755859375,2728625
2022-04-08,886.9910888671875,924.5999755859375,937.2999877929688,919.2999877929688,937.0,1453271
2022-04-11,887.7587280273438,925.4000244140625,933.5499877929688,918.5999755859375,920.0,1102625
2022-04-12,883.825439453125,921.2999877929688,928.1500244140625,911.4000244140625,920.0,1420380
2022-04-13,898.6470947265625,936.75,943.0,921.2999877929688,921.2999877929688,1825531
2022-04-18,889.7732543945312,927.5,941.0499877929688,919.25,927.5999755859375,1287320
2022-04-19,884.4969482421875,922.0,937.75,915.0499877929688,930.9500122070312,2001066
2022-04-20,885.9358520507812,923.5,931.0,916.0499877929688,918.0,1455897
2022-04-21,905.6978759765625,944.0999755859375,946.0,920.5999755859375,931.0,2410164
2022-04-22,887.1829833984375,924.7999877929688,942.25,918.3499755859375,941.0,1745381
2022-04-25,863.391845703125,900.0,922.3499755859375,896.5999755859375,915.5499877929688,1146270
2022-04-26,880.7075805664062,918.0499877929688,924.75,904.0499877929688,905.0,3142879
2022-04-27,869.2435913085938,906.0999755859375,921.7000122070312,903.5999755859375,910.0499877929688,1586283
2022-04-28,883.5375366210938,921.0,927.3499755859375,909.2999877929688,920.0,3150038
2022-04-29,890.8765258789062,928.6500244140625,967.0499877929688,919.5499877929688,924.0,4290688
2022-05-02,885.8399658203125,923.4000244140625,925.0,902.5499877929688,922.4500122070312,2119174
2022-05-04,864.2551879882812,900.9000244140625,920.9000244140625,895.0,920.0999755859375,3925917
2022-05-05,842.4307250976562,878.1500244140625,919.2000122070312,872.5999755859375,905.0,4462293
2022-05-06,847.3710327148438,883.2999877929688,885.7000122070312,861.5,862.0,2350532
2022-05-09,849.3856811523438,885.4000244140625,891.4000244140625,868.0499877929688,868.0499877929688,2522123
2022-05-10,826.7935791015625,861.8499755859375,890.8499755859375,846.5,885.0,6975331
2022-05-11,820.0303955078125,854.7999877929688,867.0,851.0,853.0,2768829
2022-05-12,815.4256591796875,850.0,855.8499755859375,835.2000122070312,852.9000244140625,2700591
2022-05-13,846.6036376953125,882.5,889.0,860.1500244140625,862.9500122070312,4870689
2022-05-16,849.5775146484375,885.5999755859375,894.75,875.0499877929688,881.9500122070312,2739020
2022-05-17,855.4774169921875,891.75,895.5999755859375,878.7000122070312,880.1500244140625,2317400
2022-05-18,862.576416015625,899.1500244140625,909.0,888.0,891.0,2878378
2022-05-19,848.6182250976562,884.5999755859375,900.0,878.3499755859375,885.0,2715634
2022-05-20,878.4052124023438,915.6500244140625,917.7000122070312,889.0499877929688,893.0,2877917
2022-05-23,884.544921875,922.0499877929688,931.2999877929688,916.5999755859375,920.0,2195036
2022-05-24,872.88916015625,909.9000244140625,930.8499755859375,907.0,928.0,2911410
2022-05-25,874.1362915039062,911.2000122070312,922.6500244140625,907.25,915.0,2405811
2022-05-26,863.3438720703125,899.9500122070312,922.4500122070312,893.5,918.7999877929688,4113170
2022-05-27,867.1331787109375,903.9000244140625,912.7999877929688,896.0,901.9500122070312,2374509
2022-05-30,852.167724609375,888.2999877929688,915.5,886.5,905.0,3541617
2022-05-31,825.5945434570312,860.5999755859375,882.7999877929688,851.2000122070312,867.25,24360628
2022-06-01,805.1129150390625,839.25,875.0,832.5999755859375,875.0,5999099
2022-06-02,824.5870971679688,859.5499877929688,862.9000244140625,832.7999877929688,836.75,3553217
2022-06-03,829.9114990234375,865.0999755859375,875.0,854.8499755859375,862.1500244140625,2618353
2022-06-06,824.8270263671875,859.7999877929688,873.9500122070312,858.0,865.0,2095566
2022-06-07,813.7467651367188,848.25,857.4000244140625,838.5999755859375,855.0,3031449
2022-06-08,812.7874755859375,847.25,854.0,837.5999755859375,845.0999755859375,3208941
2022-06-09,823.9155883789062,858.8499755859375,862.0999755859375,835.4500122070312,846.0,2297715
2022-06-10,811.3004760742188,845.7000122070312,853.9500122070312,842.0,850.0,2124778
2022-06-13,795.7594604492188,829.5,851.0,819.75,840.0,2191412
2022-06-14,791.490478515625,825.0499877929688,835.6500244140625,821.8499755859375,826.0,2461692
2022-06-15,788.8523559570312,822.2999877929688,830.0499877929688,819.1500244140625,825.25,2008725
2022-06-16,781.4654541015625,814.5999755859375,826.0,806.5499877929688,822.5999755859375,2327414
2022-06-17,761.1278076171875,793.4000244140625,810.2999877929688,789.9000244140625,805.2000122070312,5719089
2022-06-20,772.5438232421875,805.2999877929688,813.5,794.5,801.0,2745302
2022-06-21,784.1995849609375,817.4500122070312,820.2999877929688,805.3499755859375,806.5999755859375,1342717
2022-06-22,776.381103515625,809.2999877929688,821.0,803.25,814.0,2032073
2022-06-23,791.3466796875,824.9000244140625,826.5,808.5,809.5,1778752
2022-06-24,791.0587768554688,824.5999755859375,833.7999877929688,821.5,827.9000244140625,1404748
2022-06-27,801.6593017578125,835.6500244140625,848.0,828.0,828.0,2980249
2022-06-28,794.8960571289062,828.5999755859375,837.5,825.0499877929688,837.0,2823691
2022-06-29,804.5852661132812,838.7000122070312,843.7000122070312,823.8499755859375,824.0,2975927
2022-06-30,796.814697265625,830.5999755859375,848.1500244140625,823.6500244140625,836.0,3809670
2022-07-01,795.5196533203125,829.25,836.9500122070312,825.0,829.9000244140625,2316527
2022-07-04,795.6635131835938,829.4000244140625,839.6500244140625,821.9000244140625,825.2999877929688,2097164
2022-07-05,801.8031616210938,835.7999877929688,846.7999877929688,826.6500244140625,829.4000244140625,2682730
2022-07-06,803.6259155273438,837.7000122070312,842.6500244140625,831.25,840.0,2364840
2022-07-07,814.89794921875,849.4500122070312,852.9000244140625,842.1500244140625,843.0499877929688,2327906
2022-07-08,822.8124389648438,857.7000122070312,859.5,849.75,853.5,2927832
2022-07-11,822.3807373046875,857.25,863.0,851.0999755859375,856.7999877929688,1768048
2022-07-12,816.96044921875,851.5999755859375,860.0,849.0,853.0,1695338
2022-07-13,825.1627807617188,860.1500244140625,863.25,849.3499755859375,854.5999755859375,2663538
2022-07-14,844.109375,879.9000244140625,882.9500122070312,864.2000122070312,867.4000244140625,4934156
2022-07-15,842.67041015625,878.4000244140625,884.9500122070312,872.8499755859375,884.9000244140625,1413559
2022-07-18,846.8914184570312,882.7999877929688,895.5999755859375,878.5499877929688,888.5999755859375,2866600
2022-07-19,839.6964721679688,875.2999877929688,891.2999877929688,873.5,880.0,1604458
2022-07-20,832.2138671875,867.5,884.7000122070312,862.0499877929688,884.7000122070312,2885666
2022-07-21,834.2763061523438,869.6500244140625,877.9000244140625,863.7000122070312,872.0,2321107
2022-07-22,838.9290161132812,874.5,876.1500244140625,866.5,871.0,1939758
2022-07-25,833.0291748046875,868.3499755859375,878.0,856.4000244140625,870.0,2419358
2022-07-26,832.357666015625,867.6500244140625,877.4000244140625,862.0,869.2000122070312,1560211
2022-07-27,857.6358642578125,894.0,897.0,866.0499877929688,867.5,2797789
2022-07-28,858.4513549804688,894.8499755859375,896.8499755859375,878.75,896.0,3183169
2022-07-29,904.834716796875,943.2000122070312,951.9500122070312,879.0,897.0,11315800
2022-08-01,881.3311767578125,918.7000122070312,939.9500122070312,910.0,939.9500122070312,4219890
2022-08-02,879.9401245117188,917.25,926.5999755859375,912.0499877929688,918.7000122070312,2043767
2022-08-03,860.5138549804688,897.0,917.7999877929688,893.5499877929688,915.0,2863168
2022-08-04,881.1392822265625,918.5,920.0,895.5999755859375,901.0,3151481
2022-08-05,878.6929931640625,915.9500122070312,929.0,911.9000244140625,919.5,3317738
2022-08-08,873.3688354492188,910.4000244140625,919.7999877929688,908.4000244140625,919.7999877929688,2677742
2022-08-10,882.29052734375,919.7000122070312,927.0,913.2000122070312,913.2000122070312,3077870
2022-08-11,883.585693359375,921.0499877929688,926.9000244140625,917.4500122070312,923.0,1526395
2022-08-12,876.294677734375,913.4500122070312,922.7999877929688,907.1500244140625,921.0499877929688,1384417
2022-08-16,877.3978271484375,914.5999755859375,919.4500122070312,906.2999877929688,907.0,1635836
2022-08-17,883.345703125,920.7999877929688,926.0,915.0,919.0,1828327
2022-08-18,879.4605102539062,916.75,919.0,895.2000122070312,910.0,2989998
2022-08-19,867.5258178710938,901.3499755859375,920.7999877929688,898.0,916.0,1708425
2022-08-22,847.5064086914062,880.5499877929688,903.4500122070312,878.1500244140625,900.5,2860170
2022-08-23,855.0618286132812,888.4000244140625,892.0,872.5999755859375,874.1500244140625,2314528
2022-08-24,847.939453125,881.0,899.9500122070312,878.0499877929688,892.0,3223687
2022-08-25,844.3783569335938,877.2999877929688,890.6500244140625,875.0,888.0,5016244
2022-08-26,847.1214599609375,880.1500244140625,890.5,878.0999755859375,882.2999877929688,1542618
2022-08-29,846.255126953125,879.25,881.0,865.0,872.0,2068888
2022-08-30,859.5372314453125,893.0499877929688,895.5,882.0,883.0,3672052
2022-09-01,839.1328125,871.8499755859375,901.9000244140625,870.4000244140625,893.0,2939235
2022-09-02,836.9190673828125,869.5499877929688,878.0,866.0,872.9000244140625,1963435
2022-09-05,851.4044189453125,884.5999755859375,886.1500244140625,864.4500122070312,869.0,2808538
2022-09-06,854.4361572265625,887.75,890.7000122070312,882.5499877929688,887.0,2252661
2022-09-07,860.2110595703125,893.75,896.4000244140625,879.5,879.5,1698682
2022-09-08,860.7403564453125,894.2999877929688,900.75,887.0,898.25,1772605
2022-09-09,856.6017456054688,890.0,901.9000244140625,886.7000122070312,894.5,1405210
2022-09-12,854.3881225585938,887.7000122070312,895.1500244140625,885.0999755859375,891.2000122070312,1571387
2022-09-13,856.74609375,890.1500244140625,893.2999877929688,883.5,889.8499755859375,2216354
2022-09-14,850.5862426757812,883.75,897.7000122070312,880.0499877929688,884.5999755859375,1889322
2022-09-15,841.4909057617188,874.2999877929688,888.1500244140625,871.0999755859375,883.0,1780723
2022-09-16,835.4754638671875,868.0499877929688,890.5,865.7999877929688,878.7000122070312,5625488
2022-09-19,842.0202026367188,874.8499755859375,876.9500122070312,856.7999877929688,872.4000244140625,1920725
2022-09-20,877.7281494140625,911.9500122070312,914.75,876.7999877929688,877.5499877929688,4408042
2022-09-21,871.3274536132812,905.2999877929688,922.5,902.6500244140625,918.5499877929688,4153228
2022-09-22,873.9263305664062,908.0,911.25,895.2999877929688,899.9000244140625,2317690
2022-09-23,886.5347290039062,921.0999755859375,926.7000122070312,902.5999755859375,902.5999755859375,4802181
2022-09-26,866.9002685546875,900.7000122070312,926.3499755859375,899.0499877929688,917.9500122070312,3760536
2022-09-27,863.4833984375,897.1500244140625,909.8499755859375,894.4000244140625,905.25,3096645
2022-09-28,883.4066162109375,917.8499755859375,926.0,892.0499877929688,894.0,5559336
2022-09-29,895.7744140625,930.7000122070312,955.5,925.0999755859375,925.0999755859375,8519098
2022-09-30,913.0509643554688,948.6500244140625,950.9500122070312,930.0,933.9500122070312,4182345
2022-10-03,909.0565185546875,944.5,967.8499755859375,942.75,952.9500122070312,4444578
2022-10-04,909.1046752929688,944.5499877929688,956.2999877929688,943.0499877929688,955.7000122070312,1856830
2022-10-06,918.1038208007812,953.9000244140625,962.0,947.5499877929688,954.7000122070312,3449485
2022-10-07,919.306884765625,955.1500244140625,961.5499877929688,946.2000122070312,953.0,1762328
2022-10-10,910.5484008789062,946.0499877929688,954.25,935.25,945.9500122070312,1683827
2022-10-11,909.2971801757812,944.75,951.9000244140625,940.0,950.7999877929688,2426935
2022-10-12,919.6919555664062,955.5499877929688,960.0,941.0499877929688,946.0,2875040
2022-10-13,932.0596923828125,968.4000244140625,973.75,951.5,956.8499755859375,4498223
2022-10-14,939.6631469726562,976.2999877929688,979.9000244140625,964.0,976.0,3307000
2022-10-17,943.2243041992188,980.0,985.0,973.2999877929688,976.2999877929688,2647369
2022-10-18,941.6361694335938,978.3499755859375,985.0,972.75,983.75,2065146
2022-10-19,940.24072265625,976.9000244140625,980.7000122070312,965.0499877929688,975.5999755859375,2424533
2022-10-20,943.5611572265625,980.3499755859375,982.8499755859375,966.5499877929688,970.0,1669666
2022-10-21,941.0107421875,977.7000122070312,991.9000244140625,975.75,981.0,1791608
2022-10-24,949.961669921875,987.0,989.9500122070312,982.0999755859375,986.0,191840
2022-10-25,954.3410034179688,991.5499877929688,997.3499755859375,985.5,991.9500122070312,2119595
2022-10-27,973.6867065429688,1011.6500244140625,1013.4000244140625,992.5,999.0,4379157
2022-10-28,952.84912109375,990.0,1003.5,987.5499877929688,1002.0,3934980
2022-10-31,978.7396850585938,1016.9000244140625,1027.300048828125,991.2000122070312,994.9500122070312,3546309
2022-11-01,997.7003173828125,1036.5999755859375,1049.0,1019.1500244140625,1021.9500122070312,5264069
2022-11-02,1012.4742431640625,1051.949951171875,1070.949951171875,1032.6500244140625,1038.800048828125,5923662
2022-11-03,1005.0151977539062,1044.199951171875,1055.5999755859375,1039.550048828125,1045.0,2386317
2022-11-04,1000.8766479492188,1039.9000244140625,1046.4000244140625,1031.449951171875,1045.300048828125,1576349
2022-11-07,989.7599487304688,1028.3499755859375,1049.949951171875,1021.0,1045.0,2853521
2022-11-09,975.515380859375,1013.5499877929688,1036.6500244140625,1010.0,1020.0499877929688,2268760
2022-11-10,972.7241821289062,1010.6500244140625,1022.2999877929688,1006.75,1010.0,2419991
2022-11-11,975.515380859375,1013.5499877929688,1031.449951171875,1009.8499755859375,1015.75,2390487
2022-11-14,978.7396850585938,1016.9000244140625,1021.4000244140625,1002.0,1018.6500244140625,1764788
2022-11-15,977.9215698242188,1016.0499877929688,1022.0,1004.4500122070312,1022.0,1703050
2022-11-16,980.424072265625,1018.6500244140625,1022.7999877929688,1007.0999755859375,1007.0999755859375,1485506
2022-11-17,975.3228149414062,1013.3499755859375,1030.5,1010.4500122070312,1023.2999877929688,1758031
2022-11-18,971.7135620117188,1009.5999755859375,1017.8499755859375,1006.0,1015.25,1130682
2022-11-21,965.505615234375,1003.1500244140625,1012.7999877929688,993.5,1003.0,1108922
2022-11-22,972.1947631835938,1010.0999755859375,1012.4000244140625,996.25,1006.1500244140625,1723123
2022-11-23,979.4616088867188,1017.6500244140625,1019.0999755859375,1009.4500122070312,1015.2000122070312,1311376
2022-11-24,996.2567138671875,1035.0999755859375,1037.4000244140625,1013.7999877929688,1020.6500244140625,1994268
2022-11-25,995.0536499023438,1033.8499755859375,1037.949951171875,1026.949951171875,1037.949951171875,1948596
2022-11-28,995.9198608398438,1034.75,1041.5,1027.949951171875,1033.0,1427648
2022-11-29,1010.4533081054688,1049.8499755859375,1051.199951171875,1034.0,1035.0,1179559
2022-11-30,1006.7958984375,1046.050048828125,1058.300048828125,1039.3499755859375,1053.0,3060171
2022-12-01,1007.1807861328125,1046.449951171875,1057.8499755859375,1039.5999755859375,1055.0,1878374
2022-12-02,1000.9727783203125,1040.0,1049.8499755859375,1034.800048828125,1048.300048828125,2284133
2022-12-05,1000.3954467773438,1039.4000244140625,1045.949951171875,1030.75,1042.1500244140625,2294634
2022-12-06,994.7649536132812,1033.550048828125,1040.0,1023.25,1039.4000244140625,1321211
2022-12-07,979.5578002929688,1017.75,1037.1500244140625,1015.3499755859375,1036.550048828125,2954262
2022-12-08,943.9943237304688,980.7999877929688,1018.0,975.0,1015.0,10021644
2022-12-09,955.5921630859375,992.8499755859375,997.0,980.0,980.7999877929688,4231753
2022-12-12,950.3466796875,987.4000244140625,995.0,980.1500244140625,994.9000244140625,1875104
2022-12-13,957.32470703125,994.6500244140625,996.3499755859375,979.7999877929688,980.0,1863361
2022-12-14,962.7145385742188,1000.25,1003.0,994.5499877929688,999.0,1570685
2022-12-15,964.5913696289062,1002.2000122070312,1007.0,998.0999755859375,1001.0,1304660
2022-12-16,956.3622436523438,993.6500244140625,1005.0999755859375,987.5999755859375,998.1500244140625,2618988
2022-12-19,950.8760986328125,987.9500122070312,993.1500244140625,973.7000122070312,987.5999755859375,1547342
2022-12-20,951.260986328125,988.3499755859375,990.6500244140625,979.4000244140625,987.9500122070312,1352408
2022-12-21,967.8637084960938,1005.5999755859375,1009.5,988.4000244140625,992.0,2043630
2022-12-22,972.7241821289062,1010.6500244140625,1034.050048828125,1007.0499877929688,1019.9500122070312,5163443
2022-12-23,963.9656982421875,1001.5499877929688,1027.8499755859375,998.4500122070312,1012.0,3612433
2022-12-26,962.52197265625,1000.0499877929688,1011.7999877929688,988.7000122070312,1010.0,2307374
2022-12-27,962.6182250976562,1000.1500244140625,1015.75,993.0,1000.25,1870105
2022-12-28,957.6614990234375,995.0,1010.5999755859375,993.0,998.9000244140625,1686511
2022-12-29,963.0032958984375,1000.5499877929688,1004.7000122070312,989.0999755859375,998.5499877929688,2162872
2022-12-30,963.8212890625,1001.4000244140625,1006.7999877929688,993.75,1004.0,1629162
2023-01-02,959.58642578125,997.0,1001.4000244140625,987.2000122070312,1001.4000244140625,1616012
2023-01-03,971.232421875,1009.0999755859375,1012.7999877929688,988.0,993.0,1810117
2023-01-04,966.419921875,1004.0999755859375,1025.9000244140625,1000.75,1012.0,2573870
2023-01-05,978.0658569335938,1016.2000122070312,1021.9000244140625,1008.25,1009.0999755859375,2246533
2023-01-06,970.8475341796875,1008.7000122070312,1021.7999877929688,1004.0999755859375,1015.0,1773153
2023-01-09,978.6915283203125,1016.8499755859375,1023.3499755859375,1010.5,1015.0,1567316
2023-01-10,973.8790893554688,1011.8499755859375,1024.0,1010.0499877929688,1016.0,1607654
2023-01-11,989.4232177734375,1028.0,1033.050048828125,1008.3499755859375,1012.0,3258157
2023-01-12,994.0911254882812,1032.8499755859375,1035.449951171875,1021.1500244140625,1031.949951171875,1641398
2023-01-13,992.887939453125,1031.5999755859375,1035.0,1020.1500244140625,1031.1500244140625,1491367
2023-01-16,996.5933837890625,1035.449951171875,1039.5,1026.0999755859375,1031.5999755859375,1437532
2023-01-17,993.94677734375,1032.699951171875,1036.0,1026.800048828125,1035.449951171875,1245848
2023-01-18,1001.069091796875,1040.0999755859375,1041.5,1030.1500244140625,1032.699951171875,1238451
2023-01-19,1001.5021362304688,1040.550048828125,1044.0,1036.0,1038.0999755859375,824263
2023-01-20,991.6849365234375,1030.3499755859375,1047.5,1016.8499755859375,1044.050048828125,2963571
2023-01-23,1009.923828125,1049.300048828125,1054.9000244140625,1022.5,1035.0,2106604
2023-01-24,1001.6464233398438,1040.699951171875,1050.949951171875,1034.550048828125,1050.0,2088556
2023-01-25,1001.0209350585938,1040.050048828125,1045.6500244140625,1030.300048828125,1030.300048828125,1753333
2023-01-27,1004.2452392578125,1043.4000244140625,1051.0,1034.0,1044.949951171875,3448013
2023-01-30,1012.2337036132812,1051.699951171875,1072.1500244140625,1040.199951171875,1041.949951171875,3320916
2023-01-31,995.6791381835938,1034.5,1060.300048828125,1026.050048828125,1055.0,5265462
2023-02-01,976.8147583007812,1014.9000244140625,1043.949951171875,1005.0999755859375,1036.449951171875,4717887
2023-02-02,969.7886352539062,1007.5999755859375,1015.7000122070312,993.0,1009.9500122070312,2117181
2023-02-03,989.5675048828125,1028.1500244140625,1032.449951171875,1001.6500244140625,1007.0,2332076
2023-02-06,984.9475708007812,1023.3499755859375,1025.949951171875,1012.75,1020.0,1215157
2023-02-07,968.6337280273438,1006.4000244140625,1028.5,1002.0,1026.25,2360600
2023-02-08,982.3064575195312,1013.0,1016.9000244140625,997.4000244140625,1004.7999877929688,1815142
2023-02-09,976.2943115234375,1006.7999877929688,1021.2000122070312,1001.4000244140625,1003.0,1474402
2023-02-10,976.100341796875,1006.5999755859375,1014.3499755859375,996.7000122070312,1006.7999877929688,1530150
2023-02-13,984.4883422851562,1015.25,1017.3499755859375,1002.0,1008.25,1355766
2023-02-14,976.245849609375,1006.75,1018.0499877929688,1003.25,1018.0,1832842
2023-02-15,965.23974609375,995.4000244140625,1006.4000244140625,990.5499877929688,1002.0,2251350
2023-02-16,964.997314453125,995.1500244140625,1010.0,991.2000122070312,998.9000244140625,1678410
2023-02-17,954.6699829101562,984.5,996.5,982.0,992.2000122070312,1847026
2023-02-20,954.5730590820312,984.4000244140625,991.6500244140625,974.9500122070312,990.1500244140625,2157871
2023-02-21,942.1608276367188,971.5999755859375,990.7999877929688,969.1500244140625,990.0,1771813
2023-02-22,939.2032470703125,968.5499877929688,978.0,966.0,971.5499877929688,2605147
2023-02-23,943.0336303710938,972.5,977.25,964.0499877929688,973.0,2835983
2023-02-24,941.0941772460938,970.5,983.3499755859375,963.7000122070312,970.5999755859375,1823835
2023-02-27,935.8092651367188,965.0499877929688,972.5499877929688,960.0499877929688,970.5,1548675
2023-02-28,927.6154174804688,956.5999755859375,976.0,954.0,969.0,3819644
2023-03-01,930.2335815429688,959.2999877929688,966.0499877929688,951.0,951.0,1862513
2023-03-02,936.0516967773438,965.2999877929688,967.0,951.0999755859375,960.0,1510195
2023-03-03,937.603271484375,966.9000244140625,969.75,958.1500244140625,967.0499877929688,2215832
2023-03-06,936.0032958984375,965.25,979.5,963.7999877929688,970.0,1989152
2023-03-08,928.488037109375,957.5,965.0,947.0,960.0,4734482
2023-03-09,923.83349609375,952.7000122070312,959.4000244140625,947.1500244140625,957.5,2994556
2023-03-10,926.5972290039062,955.5499877929688,957.5,946.0999755859375,946.5,2001392
2023-03-13,925.1910400390625,954.0999755859375,959.9000244140625,947.5499877929688,955.0999755859375,1412106
2023-03-14,928.1972045898438,957.2000122070312,963.75,950.2999877929688,953.5,1879695
2023-03-15,922.5728759765625,951.4000244140625,964.9000244140625,949.3499755859375,952.0,2189113
2023-03-16,938.0880737304688,967.4000244140625,970.0,951.7000122070312,955.25,2228093
2023-03-17,928.6820678710938,957.7000122070312,968.7000122070312,952.75,968.5499877929688,2218687
2023-03-20,932.0760498046875,961.2000122070312,962.6500244140625,947.3499755859375,950.0,1955757
2023-03-21,927.2274780273438,956.2000122070312,965.0,953.25,965.0,1687239
2023-03-22,942.5972290039062,972.0499877929688,974.4000244140625,956.5999755859375,957.0,1626129
2023-03-23,948.027587890625,977.6500244140625,982.9500122070312,972.0,975.0,1857923
2023-03-24,943.3729858398438,972.8499755859375,979.0,968.0,977.5999755859375,1534322
2023-03-27,953.6519165039062,983.4500122070312,990.9500122070312,963.0,980.0,2473222
2023-03-28,954.379150390625,984.2000122070312,987.7999877929688,976.2999877929688,987.0,1394675
2023-03-29,961.8458862304688,991.9000244140625,996.5,979.0,985.6500244140625,3045795
2023-03-31,953.3123779296875,983.0999755859375,995.2000122070312,981.4000244140625,995.2000122070312,1822710
2023-04-03,949.3850708007812,979.0499877929688,988.0,976.2000122070312,981.0,1671570
2023-04-05,966.9366455078125,997.1500244140625,999.0,975.2999877929688,985.0,1544121
2023-04-06,981.4337158203125,1012.0999755859375,1014.0,993.4000244140625,997.1500244140625,1423990
2023-04-10,978.039794921875,1008.5999755859375,1016.9500122070312,1006.6500244140625,1015.0,1110974
2023-04-11,978.6701049804688,1009.25,1022.25,1007.5499877929688,1008.5999755859375,1786844
2023-04-12,985.8943481445312,1016.7000122070312,1020.2000122070312,1005.25,1015.5,3246327
2023-04-13,973.09423828125,1003.5,1023.8499755859375,1002.0,1022.2999877929688,1445693
2023-04-17,968.439697265625,998.7000122070312,1009.9000244140625,995.0499877929688,999.4500122070312,1768817
2023-04-18,974.3548583984375,1004.7999877929688,1006.25,988.2999877929688,999.0,1217390
2023-04-19,965.3367309570312,995.5,1009.4000244140625,993.0,1003.5,2174563
2023-04-20,957.8214721679688,987.75,1002.0999755859375,983.75,999.0999755859375,1638094
2023-04-21,959.4700317382812,989.4500122070312,994.2999877929688,984.9500122070312,994.2999877929688,1216575
2023-04-24,949.4821166992188,979.1500244140625,982.5,959.25,975.0,3485350
2023-04-25,943.0336303710938,972.5,982.9000244140625,967.0,980.0,2377746
2023-04-26,941.821533203125,971.25,976.7999877929688,963.2000122070312,975.7999877929688,2911028
2023-04-27,949.0457153320312,978.7000122070312,981.5999755859375,963.5499877929688,968.0,2777173
2023-04-28,957.7245483398438,987.6500244140625,992.5,979.1500244140625,984.9500122070312,2009995
2023-05-02,943.5669555664062,973.0499877929688,988.9000244140625,970.2999877929688,987.6500244140625,3152556
2023-05-03,934.4031982421875,963.5999755859375,972.4000244140625,959.5,970.5,3087472
2023-05-04,944.488037109375,974.0,975.9000244140625,965.1500244140625,967.6500244140625,1197830
2023-05-05,941.0457153320312,970.4500122070312,977.25,967.8499755859375,974.0,1062645
2023-05-08,932.7063598632812,961.8499755859375,969.0,961.0,962.0,2676958
2023-05-09,928.4395751953125,957.4500122070312,966.8499755859375,949.5,961.9000244140625,6902170
2023-05-10,924.9002075195312,953.7999877929688,959.9500122070312,951.5999755859375,957.0,2180917
2023-05-11,931.9304809570312,961.0499877929688,963.9000244140625,952.0,953.7999877929688,1296607
2023-05-12,927.0335693359375,956.0,963.0999755859375,952.0,961.0,2014927
2023-05-15,924.1244506835938,953.0,955.75,948.0499877929688,953.0,1814239
2023-05-16,912.4395751953125,940.9500122070312,962.5499877929688,938.0,953.0,2625163
2023-05-17,907.5911254882812,935.9500122070312,945.2999877929688,928.8499755859375,941.25,2956985
2023-05-18,901.4819946289062,929.6500244140625,943.0,922.4500122070312,943.0,3014019
2023-05-19,897.7970581054688,925.8499755859375,934.4000244140625,924.2999877929688,932.0,1309343
2023-05-22,909.045654296875,937.4500122070312,942.75,922.8499755859375,925.8499755859375,1382485
2023-05-23,903.3728637695312,931.5999755859375,956.2000122070312,929.0999755859375,937.5,3057684
2023-05-24,923.3002319335938,952.1500244140625,954.7999877929688,932.5999755859375,935.5,2953574
2023-05-25,916.3668823242188,945.0,951.7000122070312,942.7000122070312,949.7000122070312,2331464
2023-05-26,940.5123901367188,969.9000244140625,976.7000122070312,937.0,943.9500122070312,4137189
2023-05-29,939.1063232421875,968.4500122070312,973.25,946.4000244140625,969.9500122070312,5344765
2023-05-30,930.5244140625,959.5999755859375,967.4500122070312,956.2999877929688,965.0,2624815
2023-05-31,945.7973022460938,975.3499755859375,979.2999877929688,960.75,965.0,5595631
2023-06-01,957.7730102539062,987.7000122070312,990.4500122070312,975.0,979.7999877929688,3261906
2023-06-02,969.3124389648438,999.5999755859375,1003.7000122070312,981.0,986.5499877929688,3734815
2023-06-05,978.1852416992188,1008.75,1017.7000122070312,998.5,1005.3499755859375,3629780
2023-06-06,983.0821533203125,1013.7999877929688,1015.9500122070312,1004.0,1008.9000244140625,1632644
2023-06-07,983.8579711914062,1014.5999755859375,1017.5,1010.0,1015.0,1608613
2023-06-08,957.09423828125,987.0,1016.0,983.25,1015.0,3395935
2023-06-09,954.13671875,983.9500122070312,990.7000122070312,981.0,984.0,2306206
2023-06-12,955.5911865234375,985.4500122070312,989.9000244140625,981.0499877929688,987.9000244140625,593319
2023-06-13,958.160888671875,988.0999755859375,996.0,985.5499877929688,990.0,2413311
2023-06-14,956.8032836914062,986.7000122070312,995.0,984.25,991.5999755859375,2139387
2023-06-15,958.4518432617188,988.4000244140625,994.7999877929688,985.7000122070312,988.5,2731724
2023-06-16,961.9428100585938,992.0,994.6500244140625,987.2000122070312,990.0,3611214
2023-06-19,971.44580078125,1001.7999877929688,1006.7000122070312,993.75,995.1500244140625,1327862
2023-06-20,961.8942260742188,991.9500122070312,1007.75,989.5999755859375,1007.6500244140625,1445688
2023-06-21,961.8458862304688,991.9000244140625,993.8499755859375,983.5999755859375,991.9500122070312,1396686
2023-06-22,960.2943115234375,990.2999877929688,996.2000122070312,987.0999755859375,987.0999755859375,5384143
2023-06-23,961.409423828125,991.4500122070312,995.9500122070312,977.2999877929688,994.0,1218237
2023-06-26,964.803466796875,994.9500122070312,1003.7999877929688,991.4500122070312,994.0,2066932
2023-06-27,971.44580078125,1001.7999877929688,1003.3499755859375,986.0,999.9500122070312,4647465
2023-06-28,990.8397827148438,1021.7999877929688,1025.550048828125,995.0,995.0,5296330
2023-06-30,1019.7368774414062,1051.5999755859375,1055.0,1020.0499877929688,1021.75,4765060
2023-07-03,1001.4095458984375,1032.699951171875,1053.6500244140625,1030.0,1053.0,2338356
2023-07-04,1017.021728515625,1048.800048828125,1053.9000244140625,1029.9000244140625,1040.0,1549174
2023-07-05,1013.0459594726562,1044.699951171875,1057.699951171875,1042.6500244140625,1055.0,1840716
2023-07-06,1010.9127197265625,1042.5,1056.5999755859375,1040.0,1040.0,2551103
2023-07-07,1004.318603515625,1035.699951171875,1051.199951171875,1028.75,1033.5,1721224
2023-07-10,1013.3369140625,1045.0,1051.0,1031.0999755859375,1036.0,1221769
2023-07-11,1039.7613525390625,1072.25,1074.75,1049.050048828125,1052.0,4369937
2023-07-12,1046.0643310546875,1078.75,1083.75,1070.0,1075.0,5088473
2023-07-13,1043.05810546875,1075.6500244140625,1081.9000244140625,1071.699951171875,1081.9000244140625,1541690
2023-07-14,1040.43994140625,1072.949951171875,1080.0,1065.0,1079.949951171875,2641580
2023-07-17,1044.9490966796875,1077.5999755859375,1081.050048828125,1070.5,1073.699951171875,1254025
2023-07-18,1034.815673828125,1067.1500244140625,1078.9000244140625,1064.3499755859375,1078.449951171875,2238739
2023-07-19,1049.0703125,1081.8499755859375,1086.0,1063.8499755859375,1067.1500244140625,2311282
2023-07-20,1064.3916015625,1097.6500244140625,1104.5,1082.300048828125,1086.050048828125,5218991
2023-07-21,1063.9068603515625,1097.1500244140625,1104.199951171875,1090.3499755859375,1103.4000244140625,1879610
2023-07-24,1067.0582275390625,1100.4000244140625,1107.3499755859375,1092.5,1094.0,2130036
2023-07-25,1061.8704833984375,1095.050048828125,1110.0,1090.800048828125,1110.0,1702900
2023-07-26,1078.3067626953125,1112.0,1114.4000244140625,1094.0999755859375,1097.050048828125,1321572
2023-07-27,1100.561279296875,1134.949951171875,1155.3499755859375,1116.300048828125,1128.0,6366612
2023-07-28,1107.957275390625,1138.550048828125,1143.9000244140625,1121.6500244140625,1129.949951171875,2677679
2023-07-31,1112.677001953125,1143.4000244140625,1145.0,1127.0,1140.0,1718336
2023-08-01,1112.7254638671875,1143.449951171875,1152.6500244140625,1136.0,1143.4000244140625,1448567
2023-08-02,1104.745849609375,1135.25,1144.300048828125,1126.449951171875,1143.949951171875,1731918
2023-08-03,1110.34130859375,1141.0,1169.699951171875,1122.3499755859375,1130.25,8460399
2023-08-04,1108.34619140625,1138.949951171875,1145.0,1121.050048828125,1129.0,3527805
2023-08-07,1129.609375,1160.800048828125,1166.75,1133.5,1138.949951171875,3353219
2023-08-08,1117.785888671875,1148.6500244140625,1164.5999755859375,1139.949951171875,1162.199951171875,3073468
2023-08-09,1121.8243408203125,1152.800048828125,1159.300048828125,1140.300048828125,1151.1500244140625,1306791
2023-08-10,1119.391357421875,1150.300048828125,1157.9000244140625,1143.5999755859375,1150.5999755859375,1443067
2023-08-11,1101.9237060546875,1132.3499755859375,1151.0,1130.5,1150.050048828125,1756630
2023-08-14,1103.77294921875,1134.25,1142.0,1120.5,1131.0,1824622
2023-08-16,1112.920166015625,1143.6500244140625,1145.5,1121.8499755859375,1134.949951171875,1224080
2023-08-17,1114.039306640625,1144.800048828125,1148.949951171875,1137.5,1143.6500244140625,1964341
2023-08-18,1104.405517578125,1134.9000244140625,1149.300048828125,1129.0,1141.0,1473774
2023-08-21,1106.8380126953125,1137.4000244140625,1143.9000244140625,1127.1500244140625,1129.949951171875,941384
2023-08-22,1106.984130859375,1137.550048828125,1147.0,1130.0,1135.0,1438879
2023-08-23,1093.5062255859375,1123.699951171875,1130.449951171875,1110.5999755859375,1128.0,3050418
2023-08-24,1088.2513427734375,1118.300048828125,1133.0999755859375,1113.199951171875,1123.5999755859375,1575291
2023-08-25,1076.5738525390625,1106.300048828125,1123.300048828125,1100.25,1118.0,1515282
2023-08-28,1086.9862060546875,1117.0,1124.1500244140625,1105.1500244140625,1110.050048828125,1959645
2023-08-29,1081.7313232421875,1111.5999755859375,1125.050048828125,1106.449951171875,1125.050048828125,1749707
2023-08-30,1084.942626953125,1114.9000244140625,1119.1500244140625,1110.5,1117.5,1543173
2023-08-31,1081.7313232421875,1111.5999755859375,1118.8499755859375,1101.699951171875,1118.8499755859375,4782404
2023-09-01,1079.2012939453125,1109.0,1117.5,1105.75,1112.0,2715249
2023-09-04,1079.10400390625,1108.9000244140625,1114.0,1102.0,1114.0,1205294
2023-09-05,1101.4859619140625,1131.9000244140625,1136.0,1107.199951171875,1110.0,1698118
2023-09-06,1111.655029296875,1142.3499755859375,1149.0,1129.050048828125,1137.0,2960249
2023-09-07,1102.60498046875,1133.050048828125,1141.449951171875,1128.5999755859375,1140.0,1863837
2023-09-08,1100.0745849609375,1130.449951171875,1138.050048828125,1128.5,1133.0,1789037
2023-09-11,1106.3514404296875,1136.9000244140625,1140.0,1125.699951171875,1130.449951171875,2032253
2023-09-12,1114.4771728515625,1145.25,1153.800048828125,1137.0999755859375,1142.050048828125,3989578
2023-09-13,1117.883056640625,1148.75,1156.699951171875,1142.300048828125,1149.0,2115524
2023-09-14,1113.0662841796875,1143.800048828125,1150.9000244140625,1138.75,1148.75,2065163
2023-09-15,1118.905029296875,1149.800048828125,1153.800048828125,1144.0,1144.0,2404169
2023-09-18,1116.8125,1147.6500244140625,1157.0,1142.550048828125,1149.0,962842
2023-09-20,1122.1650390625,1153.1500244140625,1156.0,1139.0,1148.0,2303191
2023-09-21,1115.3529052734375,1146.1500244140625,1156.949951171875,1141.1500244140625,1149.0,2088934
2023-09-22,1101.9237060546875,1132.3499755859375,1148.0,1128.300048828125,1142.5,1585418
2023-09-25,1093.8468017578125,1124.050048828125,1136.800048828125,1121.6500244140625,1126.199951171875,1009279
2023-09-26,1095.5985107421875,1125.8499755859375,1130.0,1118.5,1125.0,1966198
2023-09-27,1109.319580078125,1139.949951171875,1145.9000244140625,1123.199951171875,1126.1500244140625,2332018
2023-09-28,1101.875244140625,1132.300048828125,1152.0,1128.8499755859375,1142.949951171875,2685663
2023-09-29,1127.5172119140625,1158.6500244140625,1167.4000244140625,1134.300048828125,1134.300048828125,2288577
2023-10-03,1110.779296875,1141.449951171875,1161.949951171875,1139.25,1159.550048828125,1946966
2023-10-04,1093.6036376953125,1123.800048828125,1139.0,1113.0,1138.0999755859375,1803871
2023-10-05,1089.02978515625,1119.0999755859375,1128.6500244140625,1111.800048828125,1124.6500244140625,2348562
2023-10-06,1097.0093994140625,1127.300048828125,1132.1500244140625,1123.0999755859375,1128.0,1056281
2023-10-09,1092.873779296875,1123.050048828125,1133.800048828125,1109.0,1111.0,1080276
2023-10-10,1096.23095703125,1126.5,1130.4000244140625,1119.800048828125,1122.0,1092093
2023-10-11,1098.42041015625,1128.75,1134.449951171875,1122.3499755859375,1128.0,1456045
2023-10-12,1100.026123046875,1130.4000244140625,1132.550048828125,1121.199951171875,1129.0,1221965
2023-10-13,1114.52587890625,1145.300048828125,1147.199951171875,1122.0,1126.0999755859375,1934884
2023-10-16,1104.79443359375,1135.300048828125,1147.25,1133.050048828125,1141.5,1144308
2023-10-17,1106.25439453125,1136.800048828125,1144.0,1134.0,1138.6500244140625,798807
2023-10-18,1122.4080810546875,1153.4000244140625,1161.800048828125,1134.050048828125,1137.0,2178517
2023-10-19,1110.827880859375,1141.5,1150.0,1135.0,1147.4000244140625,1765065
2023-10-20,1111.5091552734375,1142.199951171875,1145.0,1133.0999755859375,1138.0,957910
2023-10-23,1092.289794921875,1122.449951171875,1149.199951171875,1118.0,1135.0,702730
2023-10-25,1090.1976318359375,1120.300048828125,1129.699951171875,1112.800048828125,1125.0,1800673
2023-10-26,1074.04345703125,1103.699951171875,1117.949951171875,1097.5,1115.949951171875,2223975
2023-10-27,1081.4393310546875,1111.300048828125,1119.800048828125,1107.6500244140625,1112.0,1250965
2023-10-30,1085.234619140625,1115.199951171875,1119.949951171875,1103.8499755859375,1115.699951171875,1078813
2023-10-31,1059.349365234375,1088.5999755859375,1119.5999755859375,1068.3499755859375,1119.449951171875,6475786
2023-11-01,1086.2076416015625,1116.199951171875,1132.550048828125,1082.5999755859375,1092.0,3973264
2023-11-02,1102.4102783203125,1132.8499755859375,1137.550048828125,1110.5999755859375,1127.8499755859375,3454692
2023-11-03,1110.438720703125,1141.0999755859375,1145.699951171875,1131.5,1138.5,1741756
2023-11-06,1119.0994873046875,1150.0,1151.0,1140.0,1140.0999755859375,1428537
2023-11-07,1139.48681640625,1170.949951171875,1173.550048828125,1146.550048828125,1149.0,1811831
2023-11-08,1145.0821533203125,1176.699951171875,1182.9000244140625,1171.0,1175.0,1702301
2023-11-09,1144.595458984375,1176.199951171875,1183.25,1166.8499755859375,1181.0,1849169
2023-11-10,1147.660888671875,1179.3499755859375,1181.5,1170.0999755859375,1174.050048828125,957539
2023-11-13,1146.1527099609375,1177.800048828125,1187.550048828125,1173.75,1180.0999755859375,816825
2023-11-15,1149.1693115234375,1180.9000244140625,1184.4000244140625,1171.0,1179.5,2246320
2023-11-16,1157.5867919921875,1189.550048828125,1194.9000244140625,1179.5999755859375,1182.0,2205723
2023-11-17,1162.501220703125,1194.5999755859375,1198.4000244140625,1187.949951171875,1189.800048828125,891965
2023-11-20,1156.0784912109375,1188.0,1198.25,1185.25,1196.0,1054810
2023-11-21,1169.118408203125,1201.4000244140625,1205.0,1186.25,1189.0,999135
2023-11-22,1171.745849609375,1204.0999755859375,1214.800048828125,1199.0,1205.0,1401782
2023-11-23,1166.5882568359375,1198.800048828125,1209.9000244140625,1194.75,1203.550048828125,1177434
2023-11-24,1163.328369140625,1195.449951171875,1209.5999755859375,1192.800048828125,1200.0,1376695
2023-11-28,1159.33837890625,1191.3499755859375,1200.3499755859375,1189.75,1197.1500244140625,886708
2023-11-29,1169.89697265625,1202.199951171875,1209.5,1184.5,1191.949951171875,1813462
2023-11-30,1192.911376953125,1225.8499755859375,1231.1500244140625,1192.3499755859375,1192.3499755859375,4672807
2023-12-01,1198.1663818359375,1231.25,1241.8499755859375,1225.0,1233.050048828125,1749751
2023-12-04,1198.0689697265625,1231.1500244140625,1240.0,1220.5,1237.25,1615837
2023-12-05,1206.2432861328125,1239.550048828125,1243.5999755859375,1220.550048828125,1225.9000244140625,930042
2023-12-06,1207.0218505859375,1240.3499755859375,1258.0,1233.300048828125,1248.550048828125,1704590
2023-12-07,1206.0001220703125,1239.300048828125,1241.9000244140625,1228.9000244140625,1231.0,1478355
2023-12-08,1202.5941162109375,1235.800048828125,1247.5999755859375,1230.6500244140625,1236.050048828125,1612113
2023-12-11,1208.0435791015625,1241.4000244140625,1246.3499755859375,1215.0999755859375,1236.0,1172972
2023-12-12,1185.2723388671875,1218.0,1250.0,1212.6500244140625,1249.0,2832873
2023-12-13,1199.9666748046875,1233.0999755859375,1239.5999755859375,1212.6500244140625,1218.300048828125,2448178
2023-12-14,1198.215087890625,1231.300048828125,1239.9000244140625,1224.25,1239.0,2341190
2023-12-15,1202.54541015625,1235.75,1246.5,1233.0,1241.0,3474624
2023-12-18,1219.088623046875,1252.75,1267.9000244140625,1234.0,1235.75,2135393
2023-12-19,1211.4981689453125,1244.949951171875,1267.949951171875,1236.5,1264.800048828125,2187458
2023-12-20,1199.0423583984375,1232.1500244140625,1255.0,1228.449951171875,1255.0,1837031
2023-12-21,1200.3558349609375,1233.5,1237.949951171875,1208.550048828125,1224.0999755859375,1916222
2023-12-22,1210.2333984375,1243.6500244140625,1251.0,1236.050048828125,1240.0,2058127
2023-12-26,1213.979736328125,1247.5,1250.0,1239.300048828125,1243.6500244140625,1796483
2023-12-27,1218.796630859375,1252.449951171875,1255.4000244140625,1241.25,1250.0,2005268
2023-12-28,1228.236083984375,1262.1500244140625,1264.6500244140625,1249.550048828125,1254.949951171875,2043365
2023-12-29,1225.6085205078125,1259.449951171875,1271.949951171875,1252.550048828125,1262.0999755859375,1840160
2024-01-01,1226.386962890625,1260.25,1263.949951171875,1252.5,1261.0,733452
2024-01-02,1261.37109375,1296.199951171875,1299.0,1257.1500244140625,1261.0,3174447
2024-01-03,1263.7066650390625,1298.5999755859375,1304.6500244140625,1291.1500244140625,1296.199951171875,1699057
2024-01-04,1277.6710205078125,1312.949951171875,1328.5,1297.050048828125,1304.0,2851729
2024-01-05,1265.263671875,1300.199951171875,1318.0,1287.0,1318.0,2960339
2024-01-08,1270.2266845703125,1305.300048828125,1309.949951171875,1299.300048828125,1305.4000244140625,1678133
2024-01-09,1288.4241943359375,1324.0,1333.449951171875,1306.8499755859375,1314.949951171875,1712486
2024-01-10,1289.2513427734375,1324.8499755859375,1333.5,1313.1500244140625,1330.050048828125,1278475
2024-01-11,1280.8824462890625,1316.25,1331.9000244140625,1310.199951171875,1328.0,1320281
2024-01-12,1290.3216552734375,1325.949951171875,1330.0,1305.550048828125,1319.0,1538242
2024-01-15,1293.6304931640625,1329.3499755859375,1340.0,1321.5999755859375,1329.199951171875,1475983
2024-01-16,1278.1575927734375,1313.449951171875,1331.550048828125,1307.550048828125,1330.050048828125,824502
2024-01-17,1264.095947265625,1299.0,1320.449951171875,1294.3499755859375,1312.0,2544642
2024-01-18,1299.8583984375,1335.75,1343.4000244140625,1290.0,1298.949951171875,2842572
2024-01-19,1299.71240234375,1335.5999755859375,1344.4000244140625,1329.1500244140625,1340.0,1605745
2024-01-23,1341.2652587890625,1378.300048828125,1394.5999755859375,1316.0,1316.0,4129729
2024-01-24,1344.9630126953125,1382.0999755859375,1390.0,1360.3499755859375,1380.0,1719845
2024-01-25,1331.533935546875,1368.300048828125,1390.0999755859375,1348.5,1383.550048828125,1870910
2024-01-29,1363.2091064453125,1400.8499755859375,1420.8499755859375,1355.199951171875,1365.0,3413149
2024-01-30,1334.89111328125,1371.75,1409.199951171875,1369.1500244140625,1401.9000244140625,1935332
2024-01-31,1380.3363037109375,1418.449951171875,1438.9000244140625,1366.9000244140625,1371.699951171875,5796356
2024-02-01,1370.1182861328125,1407.949951171875,1430.449951171875,1398.9000244140625,1427.0,2442481
2024-02-02,1378.5848388671875,1416.6500244140625,1433.8499755859375,1405.1500244140625,1409.0,1775449
2024-02-05,1424.4678955078125,1463.800048828125,1466.0,1423.5999755859375,1426.800048828125,3481964
2024-02-06,1435.464111328125,1475.0999755859375,1478.0,1446.550048828125,1450.0,1893995
2024-02-07,1455.9970703125,1496.199951171875,1500.449951171875,1480.4000244140625,1483.0,2259235
2024-02-08,1459.3056640625,1499.5999755859375,1507.5,1485.3499755859375,1501.050048828125,2213750
2024-02-09,1502.0740966796875,1534.800048828125,1539.0,1492.25,1500.9000244140625,6343881
2024-02-12,1501.7314453125,1534.449951171875,1555.0999755859375,1521.0999755859375,1539.8499755859375,4059288
2024-02-13,1509.3160400390625,1542.199951171875,1551.0,1525.449951171875,1537.5,4687838
2024-02-14,1487.9810791015625,1520.4000244140625,1545.800048828125,1508.050048828125,1545.800048828125,2105672
2024-02-15,1477.7049560546875,1509.9000244140625,1529.050048828125,1505.550048828125,1529.050048828125,2161691
2024-02-16,1477.7537841796875,1509.949951171875,1522.0,1504.8499755859375,1515.0,3480879
2024-02-19,1497.4742431640625,1530.0999755859375,1532.75,1507.4000244140625,1514.8499755859375,777823
2024-02-20,1505.890869140625,1538.699951171875,1542.0,1512.25,1532.0,2230669
2024-02-21,1510.49072265625,1543.4000244140625,1549.5,1533.0,1540.050048828125,1993748
2024-02-22,1524.828369140625,1558.050048828125,1561.0,1535.0,1549.5999755859375,1981678
2024-02-23,1527.960205078125,1561.25,1568.449951171875,1550.4000244140625,1558.0,1340283
2024-02-26,1523.751708984375,1556.949951171875,1566.9000244140625,1548.699951171875,1562.0,974892
2024-02-27,1549.00146484375,1582.75,1585.449951171875,1549.050048828125,1556.75,2140963
2024-02-28,1540.291259765625,1573.8499755859375,1587.449951171875,1562.6500244140625,1586.5,578316
2024-02-29,1544.3038330078125,1577.949951171875,1587.800048828125,1556.5,1575.0,2350244
2024-03-01,1526.0025634765625,1559.25,1581.9000244140625,1548.050048828125,1580.0,4069161
2024-03-04,1519.005126953125,1552.0999755859375,1569.0999755859375,1548.9000244140625,1550.550048828125,2298105
2024-03-05,1540.6337890625,1574.199951171875,1576.4000244140625,1535.4000244140625,1553.800048828125,1408172
2024-03-06,1569.79833984375,1604.0,1606.75,1566.4000244140625,1575.0,1761032
2024-03-07,1571.4622802734375,1605.699951171875,1619.949951171875,1600.4000244140625,1610.75,2440999
2024-03-11,1559.6201171875,1593.5999755859375,1627.0,1586.4000244140625,1615.1500244140625,2994345
2024-03-12,1550.5185546875,1584.300048828125,1603.800048828125,1580.1500244140625,1592.199951171875,1294598
2024-03-13,1525.366455078125,1558.5999755859375,1592.199951171875,1544.0,1581.199951171875,2881503
2024-03-14,1536.7191162109375,1570.199951171875,1574.300048828125,1546.25,1567.25,3062556
2024-03-15,1515.188232421875,1548.199951171875,1573.5,1541.199951171875,1568.75,3421374
2024-03-18,1537.746826171875,1571.25,1576.25,1543.449951171875,1548.25,2281873
2024-03-19,1515.4327392578125,1548.449951171875,1579.75,1540.4000244140625,1574.0,3692624
2024-03-20,1516.313720703125,1549.3499755859375,1559.949951171875,1520.5,1559.949951171875,3412218
2024-03-21,1531.8255615234375,1565.199951171875,1570.8499755859375,1542.550048828125,1564.800048828125,2567975
2024-03-22,1574.5941162109375,1608.9000244140625,1621.0,1566.0999755859375,1568.9000244140625,4941447
2024-03-26,1564.024169921875,1598.0999755859375,1614.699951171875,1593.0999755859375,1595.050048828125,3649049
2024-03-27,1569.9451904296875,1604.1500244140625,1626.1500244140625,1592.0999755859375,1602.0,2530169
2024-03-28,1585.99560546875,1620.550048828125,1634.0,1607.949951171875,1609.949951171875,4427587
2024-04-01,1594.510009765625,1629.25,1633.75,1618.5,1631.5999755859375,1148498
2024-04-02,1587.6593017578125,1622.25,1633.0,1609.9000244140625,1629.25,1921533
2024-04-03,1585.3104248046875,1619.8499755859375,1628.949951171875,1594.199951171875,1609.0,2098379
2024-04-04,1584.821044921875,1619.3499755859375,1628.0,1587.1500244140625,1620.9000244140625,2439461
2024-04-05,1574.6917724609375,1609.0,1638.8499755859375,1606.0999755859375,1611.0,1548980
2024-04-08,1565.590087890625,1599.699951171875,1618.9000244140625,1597.0,1611.0,1170390
2024-04-09,1568.37939453125,1602.550048828125,1608.8499755859375,1591.949951171875,1601.0,1389391
2024-04-10,1569.847412109375,1604.050048828125,1608.5,1583.75,1603.050048828125,1928878
2024-04-12,1507.1630859375,1540.0,1595.0,1534.0,1595.0,8258068
2024-04-15,1507.2120361328125,1540.050048828125,1544.0999755859375,1503.800048828125,1517.5999755859375,2474028
2024-04-16,1504.7652587890625,1537.550048828125,1543.300048828125,1525.1500244140625,1535.0,2058697
2024-04-18,1484.0662841796875,1516.4000244140625,1545.550048828125,1506.449951171875,1545.550048828125,3266796
2024-04-19,1490.329833984375,1522.800048828125,1528.300048828125,1503.699951171875,1505.0,2536516
2024-04-22,1507.2608642578125,1540.0999755859375,1548.0,1521.949951171875,1528.449951171875,1680307
2024-04-23,1452.9932861328125,1484.6500244140625,1562.449951171875,1477.699951171875,1562.0,9160422
2024-04-24,1454.06982421875,1485.75,1503.0,1479.3499755859375,1484.6500244140625,4652803
2024-04-25,1487.736328125,1520.1500244140625,1527.300048828125,1488.6500244140625,1490.0,3846327
2024-04-26,1474.42626953125,1506.550048828125,1532.0,1500.050048828125,1531.0,1794350
2024-04-29,1489.1553955078125,1521.5999755859375,1527.800048828125,1510.050048828125,1516.0,1091667
2024-04-30,1470.0711669921875,1502.0999755859375,1529.1500244140625,1497.0,1527.0,1991646
2024-05-02,1486.6109619140625,1519.0,1530.0,1502.0,1503.0,2494925
2024-05-03,1478.92822265625,1511.1500244140625,1537.0,1501.5,1527.0,3183226
2024-05-06,1496.5445556640625,1529.1500244140625,1534.0,1508.75,1518.0,1240626
2024-05-07,1483.0386962890625,1515.3499755859375,1543.1500244140625,1510.0999755859375,1535.949951171875,1532550
2024-05-08,1489.30224609375,1521.75,1525.800048828125,1502.25,1510.0,1026357
2024-05-09,1462.7799072265625,1494.6500244140625,1529.949951171875,1489.800048828125,1521.199951171875,1477007
2024-05-10,1474.42626953125,1506.550048828125,1526.449951171875,1491.0,1494.6500244140625,1528487
2024-05-13,1492.53173828125,1525.050048828125,1530.0,1502.0,1513.0,1628326
2024-05-14,1512.3011474609375,1545.25,1547.949951171875,1516.050048828125,1525.0,2206236
2024-05-15,1494.831787109375,1527.4000244140625,1550.25,1520.3499755859375,1545.25,1207536
2024-05-16,1503.5419921875,1536.300048828125,1541.1500244140625,1508.300048828125,1529.0,2684392
2024-05-17,1498.74658203125,1531.4000244140625,1537.300048828125,1520.1500244140625,1536.0,1341676
2024-05-21,1508.0927734375,1540.949951171875,1558.300048828125,1524.0,1530.0,1791791
2024-05-22,1506.47802734375,1539.300048828125,1564.0,1505.4000244140625,1547.0,3948239
2024-05-23,1463.220458984375,1495.0999755859375,1510.0,1467.0,1510.0,11618479
2024-05-24,1454.99951171875,1486.699951171875,1505.699951171875,1477.0999755859375,1504.0,5307322
2024-05-27,1434.7900390625,1466.050048828125,1501.0,1460.550048828125,1486.699951171875,3474806
2024-05-28,1433.6644287109375,1464.9000244140625,1479.0999755859375,1455.949951171875,1468.949951171875,2616438
2024-05-29,1447.4149169921875,1478.949951171875,1495.0,1465.6500244140625,1468.0999755859375,2843365
2024-05-30,1427.988037109375,1459.0999755859375,1477.4000244140625,1449.5,1476.0,3133423
2024-05-31,1428.6732177734375,1459.800048828125,1479.4000244140625,1440.0,1465.0,5503924
2024-06-03,1422.067138671875,1453.050048828125,1498.0,1451.0,1496.5,1855318
2024-06-04,1399.36181640625,1429.8499755859375,1476.300048828125,1377.199951171875,1461.5999755859375,5055952
2024-06-05,1455.5867919921875,1487.300048828125,1490.0,1432.0,1449.699951171875,2487724
2024-06-06,1441.298095703125,1472.699951171875,1494.0,1455.050048828125,1494.0,3004955
2024-06-07,1474.7198486328125,1506.8499755859375,1510.0999755859375,1472.1500244140625,1479.9000244140625,3404664
2024-06-10,1480.8367919921875,1513.0999755859375,1521.699951171875,1505.0999755859375,1519.0,1433942
2024-06-11,1467.7713623046875,1499.75,1525.0,1497.3499755859375,1524.0,1441589
2024-06-12,1474.7198486328125,1506.8499755859375,1514.550048828125,1495.8499755859375,1500.0,994784
2024-06-13,1478.585693359375,1510.800048828125,1514.5999755859375,1498.0,1514.5999755859375,1412477
2024-06-14,1483.6748046875,1516.0,1518.0,1505.550048828125,1513.8499755859375,937490
2024-06-18,1488.5191650390625,1520.949951171875,1522.8499755859375,1510.199951171875,1522.5999755859375,1478241
2024-06-19,1471.9307861328125,1504.0,1529.8499755859375,1500.0,1524.949951171875,1537367
2024-06-20,1439.634521484375,1471.0,1487.949951171875,1467.0,1487.949951171875,4168375
2024-06-21,1435.9642333984375,1467.25,1488.0,1460.9000244140625,1480.0999755859375,4426556
2024-06-24,1462.6331787109375,1494.5,1502.9000244140625,1475.050048828125,1475.050048828125,3726155
2024-06-25,1473.1051025390625,1505.199951171875,1508.0,1492.300048828125,1498.050048828125,1833311
2024-06-26,1488.715087890625,1521.1500244140625,1528.9000244140625,1495.25,1502.0,2563493
2024-06-27,1483.91943359375,1516.25,1528.050048828125,1505.0,1525.0,3881458
2024-06-28,1488.42138671875,1520.8499755859375,1538.949951171875,1515.5999755859375,1520.0,2634599
2024-07-01,1487.6873779296875,1520.0999755859375,1530.0,1503.8499755859375,1520.8499755859375,1451094
2024-07-02,1491.55322265625,1524.050048828125,1534.9000244140625,1508.25,1514.0,1336816
2024-07-03,1501.2420654296875,1533.949951171875,1536.25,1498.300048828125,1519.3499755859375,1061099
2024-07-04,1524.681396484375,1557.9000244140625,1571.0,1526.0,1535.0,2630823
2024-07-05,1534.95751953125,1568.4000244140625,1574.75,1557.0,1562.0,2481046
2024-07-08,1523.21337890625,1556.4000244140625,1574.800048828125,1550.949951171875,1570.5999755859375,1120204
2024-07-09,1551.594970703125,1585.4000244140625,1589.9000244140625,1549.800048828125,1564.800048828125,1492840
2024-07-10,1564.4647216796875,1598.550048828125,1601.1500244140625,1567.5999755859375,1592.800048828125,1899956
2024-07-11,1548.02294921875,1581.75,1602.5,1572.300048828125,1601.0,1707500
2024-07-12,1548.5628662109375,1577.300048828125,1587.3499755859375,1550.0,1582.0,1426598
2024-07-15,1557.3006591796875,1586.199951171875,1594.699951171875,1577.300048828125,1579.949951171875,832804
2024-07-16,1550.5264892578125,1579.300048828125,1595.0,1574.949951171875,1589.0,688481
2024-07-18,1565.2039794921875,1594.25,1596.5999755859375,1570.25,1575.0,1665636
2024-07-19,1540.070556640625,1568.6500244140625,1589.75,1565.1500244140625,1584.699951171875,1649335
2024-07-22,1558.4296875,1587.3499755859375,1589.5,1555.050048828125,1555.050048828125,826636
2024-07-23,1572.420166015625,1601.5999755859375,1605.6500244140625,1574.300048828125,1587.0,1502677
2024-07-24,1589.94482421875,1619.449951171875,1624.949951171875,1592.0,1602.0,2923358
2024-07-25,1635.450439453125,1665.800048828125,1681.300048828125,1602.199951171875,1614.8499755859375,5329712
2024-07-26,1683.0177001953125,1714.25,1723.800048828125,1665.0,1670.449951171875,4591049
2024-07-29,1691.853759765625,1723.25,1728.75,1692.75,1715.25,3187339
2024-07-30,1670.59814453125,1701.5999755859375,1725.449951171875,1697.0,1716.0999755859375,1525840
2024-07-31,1688.0247802734375,1719.3499755859375,1730.949951171875,1695.199951171875,1702.0999755859375,1594881
2024-08-01,1683.9503173828125,1715.199951171875,1746.449951171875,1681.300048828125,1725.5,5258291
2024-08-02,1700.100830078125,1731.6500244140625,1741.800048828125,1683.8499755859375,1700.0,2992406
2024-08-05,1689.006591796875,1720.3499755859375,1758.0,1715.0,1725.0,5165558
2024-08-06,1676.43994140625,1707.550048828125,1734.0,1703.949951171875,1725.0,1710278
2024-08-07,1702.849609375,1734.449951171875,1736.8499755859375,1709.4000244140625,1720.0,1922313
2024-08-08,1705.4024658203125,1737.050048828125,1748.6500244140625,1728.3499755859375,1735.0,2480113
2024-08-09,1703.6842041015625,1735.300048828125,1749.800048828125,1730.050048828125,1749.800048828125,751683
2024-08-12,1702.2606201171875,1733.8499755859375,1748.5,1730.050048828125,1735.0,1526788
2024-08-13,1708.396728515625,1740.0999755859375,1751.8499755859375,1725.5999755859375,1740.0,2076963
2024-08-14,1709.9185791015625,1741.6500244140625,1753.0,1732.5999755859375,1747.5,2207250
2024-08-16,1710.9984130859375,1742.75,1751.1500244140625,1728.6500244140625,1749.5999755859375,2180718
2024-08-19,1715.95654296875,1747.800048828125,1752.8499755859375,1740.6500244140625,1752.8499755859375,1363446
2024-08-20,1734.16845703125,1766.3499755859375,1770.800048828125,1745.1500244140625,1751.800048828125,1766597
2024-08-21,1732.4996337890625,1764.6500244140625,1771.949951171875,1757.300048828125,1770.0,1184193
2024-08-22,1718.754638671875,1750.6500244140625,1769.5,1748.4000244140625,1769.5,1369554
2024-08-23,1743.397216796875,1775.75,1781.449951171875,1751.9000244140625,1753.75,3515492
2024-08-26,1740.1573486328125,1772.449951171875,1780.0,1764.5,1780.0,933372
2024-08-27,1756.798828125,1789.4000244140625,1792.5999755859375,1767.1500244140625,1778.0,1231023
2024-08-28,1778.839599609375,1811.8499755859375,1823.0,1786.3499755859375,1796.9000244140625,1768949
2024-08-29,1766.4200439453125,1799.199951171875,1826.8499755859375,1790.25,1809.9000244140625,3205924
2024-08-30,1788.4610595703125,1821.6500244140625,1828.1500244140625,1791.300048828125,1798.1500244140625,3036374
2024-09-02,1782.86474609375,1815.949951171875,1837.0,1805.199951171875,1829.949951171875,1617946
2024-09-03,1778.495849609375,1811.5,1839.550048828125,1805.0999755859375,1820.0,2148689
2024-09-04,1799.4569091796875,1832.8499755859375,1835.0,1801.300048828125,1811.5,2473477
2024-09-05,1793.2225341796875,1826.5,1843.9000244140625,1820.0,1833.199951171875,1902919
2024-09-06,1791.3082275390625,1824.550048828125,1850.0,1805.0,1819.550048828125,1701134
2024-09-09,1788.6572265625,1821.8499755859375,1835.4000244140625,1812.8499755859375,1824.550048828125,1544883
2024-09-10,1802.8931884765625,1836.3499755859375,1842.25,1825.699951171875,1830.0,1460472
2024-09-11,1812.0728759765625,1845.699951171875,1857.5,1831.0999755859375,1836.4000244140625,1701900
2024-09-12,1831.4139404296875,1865.4000244140625,1871.5,1840.4000244140625,1855.1500244140625,2744070
2024-09-13,1819.9761962890625,1853.75,1865.0,1851.4000244140625,1865.0,1322430
2024-09-16,1829.008544921875,1862.949951171875,1873.3499755859375,1850.9000244140625,1862.0,1284085
2024-09-17,1832.1011962890625,1866.0999755859375,1869.6500244140625,1859.25,1863.0,738265
2024-09-18,1802.549560546875,1836.0,1868.0,1829.5999755859375,1868.0,1202676
2024-09-19,1812.41650390625,1846.050048828125,1856.0,1835.0,1845.199951171875,1675819
2024-09-20,1831.757568359375,1865.75,1871.0,1841.9000244140625,1851.0999755859375,4229991
2024-09-23,1828.7630615234375,1862.699951171875,1875.0,1857.5,1867.0,812520
2024-09-24,1834.064697265625,1868.0999755859375,1880.6500244140625,1856.0,1856.0,2528953
2024-09-25,1836.4700927734375,1870.550048828125,1876.0,1858.550048828125,1874.0,956893
2024-09-26,1863.812744140625,1898.4000244140625,1905.0,1867.050048828125,1870.550048828125,2452807
2024-09-27,1913.1961669921875,1948.699951171875,1959.300048828125,1915.25,1917.949951171875,3809008
2024-09-30,1891.596923828125,1926.699951171875,1960.3499755859375,1921.050048828125,1949.0,2608461
2024-10-01,1884.969970703125,1919.949951171875,1934.75,1902.3499755859375,1924.8499755859375,1275678
2024-10-03,1876.0357666015625,1910.8499755859375,1936.300048828125,1896.050048828125,1900.800048828125,2492195
2024-10-04,1875.2503662109375,1910.050048828125,1952.25,1903.6500244140625,1910.8499755859375,2798189
2024-10-07,1870.5379638671875,1905.25,1917.949951171875,1888.050048828125,1910.050048828125,1691999
2024-10-08,1882.2210693359375,1917.1500244140625,1921.449951171875,1901.550048828125,1904.0,2309881
2024-10-09,1895.671630859375,1930.8499755859375,1947.0,1894.5,1894.550048828125,1597182
2024-10-10,1853.3568115234375,1887.75,1937.949951171875,1883.9000244140625,1929.5999755859375,2383012
2024-10-11,1867.2979736328125,1901.949951171875,1909.3499755859375,1890.5,1899.0,1019117
2024-10-14,1874.955810546875,1909.75,1915.75,1895.0999755859375,1903.0,676879
2024-10-15,1863.861572265625,1898.449951171875,1920.4000244140625,1894.6500244140625,1918.0,1383203
2024-10-16,1863.9107666015625,1898.5,1914.699951171875,1887.0,1908.949951171875,1401914
2024-10-17,1855.1239013671875,1889.550048828125,1923.6500244140625,1879.6500244140625,1923.550048828125,1447059
2024-10-18,1875.5450439453125,1910.3499755859375,1917.9000244140625,1872.699951171875,1900.0,1203693
2024-10-21,1862.438232421875,1897.0,1920.550048828125,1890.550048828125,1918.800048828125,660583
2024-10-22,1853.160400390625,1887.550048828125,1906.0,1881.0,1892.0,1192915
2024-10-23,1805.8385009765625,1839.3499755859375,1889.550048828125,1832.0,1880.050048828125,1673366
2024-10-24,1815.2144775390625,1848.9000244140625,1859.550048828125,1829.449951171875,1830.0,1739776
2024-10-25,1826.505126953125,1860.4000244140625,1875.5999755859375,1850.0999755859375,1856.800048828125,2148004
2024-10-28,1868.230712890625,1902.9000244140625,1916.0,1835.0,1863.199951171875,2445724
2024-10-29,1837.5008544921875,1871.5999755859375,1922.699951171875,1862.0,1922.0,2295542
2024-10-30,1818.356201171875,1852.0999755859375,1880.9000244140625,1820.0,1868.5,1900203
2024-10-31,1815.2144775390625,1848.9000244140625,1872.5,1842.0999755859375,1860.0,2572932
2024-11-01,1824.54150390625,1858.4000244140625,1864.949951171875,1831.550048828125,1860.0,107596
2024-11-04,1775.9432373046875,1808.9000244140625,1845.0,1760.0999755859375,1845.0,5031861
2024-11-05,1770.7398681640625,1803.5999755859375,1833.0,1799.449951171875,1805.0,1658010
2024-11-06,1794.1552734375,1827.449951171875,1840.0,1802.199951171875,1815.550048828125,2060619
2024-11-07,1758.3203125,1790.949951171875,1845.0,1778.800048828125,1845.0,1909269
2024-11-08,1776.6304931640625,1809.5999755859375,1815.050048828125,1790.949951171875,1799.800048828125,1644075
2024-11-11,1761.90380859375,1794.5999755859375,1817.6500244140625,1791.949951171875,1817.4000244140625,1069649
2024-11-12,1768.0399169921875,1800.8499755859375,1825.0,1795.0999755859375,1801.9000244140625,2471888
2024-11-13,1746.5880126953125,1779.0,1797.300048828125,1770.449951171875,1791.0,1810332
2024-11-14,1735.9847412109375,1768.199951171875,1796.0,1763.1500244140625,1779.699951171875,1473358
2024-11-18,1715.9073486328125,1747.75,1799.0,1743.199951171875,1799.0,1533025
2024-11-19,1744.869873046875,1777.25,1806.75,1730.0,1730.050048828125,1933316
2024-11-21,1747.56982421875,1780.0,1791.449951171875,1758.050048828125,1772.0,2014349
2024-11-22,1762.591064453125,1795.300048828125,1814.949951171875,1768.050048828125,1785.0,1420813
2024-11-25,1766.1256103515625,1798.9000244140625,1830.0,1784.1500244140625,1806.0,3137448
2024-11-26,1729.5050048828125,1761.5999755859375,1806.75,1753.199951171875,1806.75,1589883
2024-11-27,1717.5762939453125,1749.449951171875,1778.5999755859375,1740.25,1760.0999755859375,1982546
2024-11-28,1702.6534423828125,1734.25,1760.699951171875,1723.4000244140625,1749.449951171875,3071758
2024-11-29,1748.45361328125,1780.9000244140625,1795.800048828125,1739.199951171875,1742.9000244140625,2427677
2024-12-02,1775.5997314453125,1808.550048828125,1814.0,1792.1500244140625,1800.0,1948045
2024-12-03,1767.254638671875,1800.050048828125,1832.0,1788.3499755859375,1831.25,1543970
2024-12-04,1767.4017333984375,1800.199951171875,1814.8499755859375,1785.0,1810.5,2320116
2024-12-05,1780.410400390625,1813.449951171875,1825.949951171875,1775.4000244140625,1808.699951171875,2742263
2024-12-06,1771.9671630859375,1804.8499755859375,1823.949951171875,1801.0,1815.8499755859375,1590478
2024-12-09,1773.734375,1806.6500244140625,1819.949951171875,1796.699951171875,1814.800048828125,1528215
2024-12-10,1776.9742431640625,1809.949951171875,1823.0,1796.0,1821.0,2043634
2024-12-11,1780.9503173828125,1814.0,1826.3499755859375,1805.050048828125,1824.300048828125,1745911
2024-12-12,1772.55615234375,1805.449951171875,1820.0,1798.050048828125,1819.0,1082394
2024-12-13,1780.410400390625,1813.449951171875,1816.800048828125,1774.050048828125,1804.75,1391111
2024-12-16,1776.826904296875,1809.800048828125,1822.5,1792.3499755859375,1818.699951171875,1483330
2024-12-17,1756.455078125,1789.050048828125,1815.75,1783.0999755859375,1810.0,1608164
2024-12-18,1768.236328125,1801.050048828125,1822.449951171875,1792.800048828125,1798.0,1732860
2024-12-19,1790.0810546875,1823.300048828125,1829.4000244140625,1790.800048828125,1801.0,1924091
2024-12-20,1775.894287109375,1808.8499755859375,1825.949951171875,1794.0999755859375,1823.300048828125,2513418
2024-12-23,1781.5394287109375,1814.5999755859375,1828.0,1796.6500244140625,1811.0,1299181
2024-12-24,1785.859375,1819.0,1831.75,1803.1500244140625,1814.9000244140625,1121058
2024-12-26,1807.802001953125,1841.3499755859375,1845.050048828125,1814.4000244140625,1820.0,1402706
2024-12-27,1827.3394775390625,1861.25,1866.0,1836.75,1845.5,1668898
2024-12-30,1849.576904296875,1883.9000244140625,1895.75,1855.0,1862.050048828125,6021550
2024-12-31,1851.9822998046875,1886.3499755859375,1910.0,1868.800048828125,1876.800048828125,1844944
2025-01-01,1855.5164794921875,1889.949951171875,1902.949951171875,1878.6500244140625,1889.9000244140625,1338092
2025-01-02,1843.7843017578125,1878.0,1896.0,1864.949951171875,1892.0,2507223
2025-01-03,1815.9508056640625,1849.6500244140625,1884.0,1844.0,1878.0,1515825
2025-01-06,1813.741943359375,1847.4000244140625,1856.5,1825.6500244140625,1850.5,1397724
2025-01-07,1819.632568359375,1853.4000244140625,1865.0,1845.6500244140625,1848.550048828125,1615649
2025-01-08,1804.267578125,1837.75,1862.5999755859375,1829.199951171875,1862.5999755859375,1298188
2025-01-09,1793.0753173828125,1826.3499755859375,1841.0,1814.0,1841.0,1199181
2025-01-10,1752.2823486328125,1784.800048828125,1834.5999755859375,1772.75,1825.449951171875,857827
2025-01-13,1715.072998046875,1746.9000244140625,1785.550048828125,1742.449951171875,1784.5999755859375,1645287
2025-01-14,1738.586669921875,1770.8499755859375,1784.050048828125,1742.0999755859375,1755.0,1962645
2025-01-15,1724.841552734375,1756.8499755859375,1775.0,1747.699951171875,1772.800048828125,857867
2025-01-16,1731.1741943359375,1763.300048828125,1775.5999755859375,1740.800048828125,1775.050048828125,2180496
2025-01-17,1754.0006103515625,1786.550048828125,1791.949951171875,1767.5999755859375,1779.0,1163986
2025-01-20,1745.8516845703125,1778.25,1800.449951171875,1768.300048828125,1789.3499755859375,1341246
2025-01-21,1730.5848388671875,1762.699951171875,1805.75,1759.5,1772.0999755859375,2489267
2025-01-22,1766.174560546875,1798.949951171875,1803.5999755859375,1773.8499755859375,1777.0,2262270
2025-01-23,1800.1932373046875,1833.5999755859375,1839.75,1786.050048828125,1788.0999755859375,1974760
2025-01-24,1789.0008544921875,1822.199951171875,1843.0999755859375,1808.199951171875,1829.0,1277935
2025-01-27,1754.2950439453125,1786.8499755859375,1824.25,1774.300048828125,1818.0999755859375,1452975
2025-01-28,1674.42724609375,1705.5,1780.0,1693.0999755859375,1779.800048828125,5972497
2025-01-29,1703.7333984375,1735.3499755859375,1744.0,1696.0,1705.5,1433336
2025-01-30,1707.4150390625,1739.0999755859375,1760.300048828125,1725.300048828125,1740.449951171875,2017991
2025-01-31,1712.1766357421875,1743.949951171875,1769.8499755859375,1706.050048828125,1742.0,4275269
2025-02-01,1710.4583740234375,1742.199951171875,1789.0,1733.300048828125,1740.0,1477972
2025-02-03,1708.8878173828125,1740.5999755859375,1785.9000244140625,1710.550048828125,1781.449951171875,2210231
2025-02-04,1733.088623046875,1765.25,1776.25,1740.6500244140625,1749.300048828125,2796294
2025-02-05,1720.8162841796875,1752.75,1773.800048828125,1735.199951171875,1773.800048828125,1787905
2025-02-06,1720.5694580078125,1742.0,1768.3499755859375,1736.300048828125,1753.0,3421791
2025-02-07,1728.2735595703125,1749.800048828125,1753.0,1727.300048828125,1751.4000244140625,1371545
2025-02-10,1710.7911376953125,1732.0999755859375,1750.0,1723.699951171875,1741.25,1237839
2025-02-11,1678.839111328125,1699.75,1734.199951171875,1695.050048828125,1725.199951171875,2779274
2025-02-12,1673.01171875,1693.8499755859375,1714.949951171875,1688.050048828125,1706.449951171875,1757284
2025-02-13,1724.8658447265625,1746.3499755859375,1752.75,1699.949951171875,1700.0,2750390
2025-02-14,1679.579833984375,1700.5,1748.949951171875,1685.0,1747.3499755859375,2123774
2025-02-17,1693.111328125,1714.199951171875,1735.3499755859375,1696.050048828125,1700.5,2277889
2025-02-18,1680.6663818359375,1701.5999755859375,1729.75,1698.4000244140625,1714.199951171875,2163972
2025-02-19,1655.9739990234375,1676.5999755859375,1699.0,1647.0999755859375,1665.0999755859375,2576319
2025-02-20,1648.7637939453125,1669.300048828125,1677.949951171875,1663.0,1667.1500244140625,1670915
2025-02-21,1623.5279541015625,1643.75,1684.4000244140625,1632.0,1678.050048828125,2244190
2025-02-24,1619.330322265625,1639.5,1669.9000244140625,1627.050048828125,1629.75,2357441
2025-02-25,1593.7490234375,1613.5999755859375,1647.800048828125,1606.25,1639.5,2836717
2025-02-27,1627.23193359375,1647.5,1653.0999755859375,1605.050048828125,1628.949951171875,2744489
2025-02-28,1573.6494140625,1593.25,1671.0,1586.4000244140625,1671.0,3549979
2025-03-03,1565.599609375,1585.0999755859375,1607.4000244140625,1582.199951171875,1585.300048828125,1425492
2025-03-04,1547.2283935546875,1566.5,1590.0,1556.0,1585.0,1717135
2025-03-05,1562.9820556640625,1582.449951171875,1586.300048828125,1553.050048828125,1564.5999755859375,2428171
2025-03-06,1594.14404296875,1614.0,1617.9000244140625,1572.550048828125,1598.25,2458676
2025-03-07,1589.501953125,1609.300048828125,1628.75,1605.6500244140625,1624.0,980890
2025-03-10,1591.6748046875,1611.5,1641.449951171875,1602.75,1621.949951171875,1600589
2025-03-11,1634.93603515625,1655.300048828125,1663.5999755859375,1605.3499755859375,1616.0999755859375,3325416
2025-03-12,1656.2208251953125,1676.8499755859375,1680.25,1658.050048828125,1662.0,2389362
2025-03-13,1662.739501953125,1683.449951171875,1687.1500244140625,1663.449951171875,1672.0,1666929
2025-03-17,1683.333251953125,1704.300048828125,1720.1500244140625,1688.3499755859375,1694.050048828125,2588408
2025-03-18,1683.333251953125,1704.300048828125,1704.300048828125,1704.300048828125,1704.300048828125,0
2025-03-19,1711.0380859375,1732.3499755859375,1748.0,1726.300048828125,1747.800048828125,2167448
2025-03-20,1728.7178955078125,1750.25,1757.1500244140625,1722.9000244140625,1735.6500244140625,1602232
2025-03-21,1762.5465087890625,1784.5,1792.800048828125,1750.25,1759.0,2483162
2025-03-24,1762.8428955078125,1784.800048828125,1820.0,1777.5999755859375,1794.5,1182084
2025-03-25,1743.0394287109375,1764.75,1795.949951171875,1758.5,1784.800048828125,1471028
2025-03-26,1737.310791015625,1758.949951171875,1770.800048828125,1746.0999755859375,1767.949951171875,1762361
2025-03-27,1710.1490478515625,1731.449951171875,1752.300048828125,1720.0,1751.0,3279881
2025-03-28,1713.359130859375,1734.699951171875,1741.3499755859375,1705.199951171875,1731.449951171875,1956781
2025-04-01,1677.456298828125,1698.3499755859375,1733.949951171875,1681.5999755859375,1731.0,4142445
2025-04-02,1692.5682373046875,1713.6500244140625,1718.449951171875,1685.9000244140625,1695.0,3369489
2025-04-03,1748.2249755859375,1770.0,1812.699951171875,1750.0,1755.0,5715573
2025-04-04,1688.321044921875,1709.3499755859375,1778.8499755859375,1658.050048828125,1778.8499755859375,5345276
2025-04-07,1645.8499755859375,1666.3499755859375,1692.0,1620.0999755859375,1620.0999755859375,5715334
2025-04-08,1667.579345703125,1688.3499755859375,1709.8499755859375,1645.0,1645.0,2807382
2025-04-09,1631.8739013671875,1652.199951171875,1679.75,1640.0,1650.0,3481864
2025-04-11,1666.789306640625,1687.550048828125,1737.0,1682.0999755859375,1710.0,3801939
2025-04-15,1684.0245361328125,1705.0,1724.5,1696.800048828125,1720.0,1993085
2025-04-16,1672.27099609375,1693.0999755859375,1702.699951171875,1682.0999755859375,1691.0999755859375,2205374
2025-04-17,1729.9525146484375,1751.5,1758.0,1687.4000244140625,1695.0,2683908
2025-04-21,1723.43359375,1744.9000244140625,1761.0,1731.300048828125,1761.0,1539511
2025-04-22,1725.9029541015625,1747.4000244140625,1755.0,1734.5,1751.0,961907
2025-04-23,1766.7935791015625,1788.800048828125,1791.300048828125,1742.0999755859375,1754.199951171875,1471029
2025-04-24,1781.7078857421875,1803.9000244140625,1807.9000244140625,1773.9000244140625,1790.0,2101177
2025-04-25,1765.4107666015625,1787.4000244140625,1815.5,1764.199951171875,1806.0,2036801
2025-04-28,1818.944091796875,1841.5999755859375,1846.0,1781.199951171875,1787.4000244140625,3216482
2025-04-29,1783.2882080078125,1805.5,1846.0,1797.0,1845.0,2886160
2025-04-30,1809.7584228515625,1832.300048828125,1838.9000244140625,1803.300048828125,1810.0,2667314
2025-05-02,1802.1531982421875,1824.5999755859375,1851.199951171875,1813.800048828125,1832.300048828125,1885257
2025-05-05,1814.005615234375,1836.5999755859375,1843.300048828125,1821.4000244140625,1827.800048828125,1219830
2025-05-06,1796.7208251953125,1819.0999755859375,1827.9000244140625,1799.0,1820.0,1414772
2025-05-07,1759.385986328125,1781.300048828125,1826.4000244140625,1778.699951171875,1817.9000244140625,2015237
2025-05-08,1745.459228515625,1767.199951171875,1788.9000244140625,1755.0,1781.300048828125,2647871
2025-05-09,1723.3349609375,1744.800048828125,1766.300048828125,1731.699951171875,1751.9000244140625,1148956
2025-05-12,1665.4556884765625,1686.199951171875,1712.4000244140625,1623.5999755859375,1695.699951171875,9221075
2025-05-13,1679.0860595703125,1700.0,1748.5,1691.300048828125,1711.0,6988329
2025-05-14,1687.18505859375,1708.199951171875,1711.4000244140625,1692.0999755859375,1702.0,1639324
2025-05-15,1718.692626953125,1740.0999755859375,1744.4000244140625,1684.0999755859375,1701.0999755859375,3880385
2025-05-16,1713.5567626953125,1734.9000244140625,1741.5999755859375,1719.0,1740.0,1448249
2025-05-19,1708.9144287109375,1730.199951171875,1765.0,1726.5999755859375,1745.0,2074023
2025-05-20,1686.7901611328125,1707.800048828125,1748.0,1703.300048828125,1743.800048828125,2706777
2025-05-21,1710.494873046875,1731.800048828125,1758.699951171875,1707.800048828125,1716.4000244140625,2754306
2025-05-22,1697.555908203125,1718.699951171875,1740.0,1707.199951171875,1734.199951171875,2670554
2025-05-23,1662.8878173828125,1683.5999755859375,1689.5,1636.5999755859375,1658.0,8339783
2025-05-26,1655.4801025390625,1676.0999755859375,1702.4000244140625,1667.0,1693.0999755859375,2282131
2025-05-27,1662.690185546875,1683.4000244140625,1692.0,1661.0999755859375,1676.0999755859375,2800622
2025-05-28,1645.8994140625,1666.4000244140625,1686.9000244140625,1663.0,1683.4000244140625,2657712
2025-05-29,1678.8885498046875,1699.800048828125,1703.300048828125,1670.4000244140625,1675.0,2377583
2025-05-30,1656.961669921875,1677.5999755859375,1713.5999755859375,1669.0999755859375,1702.0,3640641
2025-06-02,1653.99853515625,1674.5999755859375,1683.5,1660.5,1679.0,1819538
2025-06-03,1646.9859619140625,1667.5,1695.0,1657.5999755859375,1695.0,2556920
2025-06-04,1644.41796875,1664.9000244140625,1669.0,1649.0,1656.0,1700482
2025-06-05,1662.3939208984375,1683.0999755859375,1694.300048828125,1662.0,1662.0,2037073
2025-06-06,1658.5418701171875,1679.199951171875,1689.0,1669.0,1685.0,2500047
2025-06-09,1673.554931640625,1694.4000244140625,1698.800048828125,1673.300048828125,1679.9000244140625,2589656
2025-06-10,1668.02392578125,1688.800048828125,1706.9000244140625,1677.699951171875,1701.800048828125,2369135
2025-06-11,1669.8016357421875,1690.5999755859375,1695.0,1679.300048828125,1694.800048828125,1999978
2025-06-12,1666.64111328125,1687.4000244140625,1727.5,1681.0999755859375,1694.9000244140625,3588365
2025-06-13,1667.0361328125,1687.800048828125,1700.0,1661.0999755859375,1666.800048828125,2404272
2025-06-16,1664.5670166015625,1685.300048828125,1689.800048828125,1655.699951171875,1665.0,2249326
2025-06-17,1629.898681640625,1650.199951171875,1681.699951171875,1641.0999755859375,1680.0,5408285
2025-06-18,1627.7257080078125,1648.0,1661.300048828125,1638.5,1645.0,1455885
2025-06-19,1627.3306884765625,1647.5999755859375,1655.300048828125,1636.0,1648.0999755859375,1696525
2025-06-20,1644.6153564453125,1665.0999755859375,1670.0,1645.5999755859375,1647.5999755859375,2567882
2025-06-23,1642.04736328125,1662.5,1667.0,1647.199951171875,1663.199951171875,840643
2025-06-24,1641.257080078125,1661.699951171875,1686.4000244140625,1658.800048828125,1670.5,2066326
2025-06-25,1649.06005859375,1669.5999755859375,1678.800048828125,1658.0999755859375,1661.699951171875,1372945
2025-06-26,1649.2576904296875,1669.800048828125,1678.9000244140625,1650.4000244140625,1674.800048828125,2102627
2025-06-27,1666.838623046875,1687.5999755859375,1695.699951171875,1668.199951171875,1670.199951171875,5313904
2025-06-30,1655.0848388671875,1675.699951171875,1704.5,1671.5999755859375,1696.0,2160184
2025-07-01,1646.689453125,1667.199951171875,1684.300048828125,1657.5,1675.699951171875,3298070
2025-07-02,1656.8629150390625,1677.5,1682.0,1656.0,1656.0,1611046
2025-07-03,1659.0357666015625,1679.699951171875,1692.800048828125,1674.5,1677.5,1553777
2025-07-04,1655.6776123046875,1676.300048828125,1686.699951171875,1671.5999755859375,1686.699951171875,1264399
2025-07-07,1664.6953125,1679.9000244140625,1682.4000244140625,1663.0,1674.699951171875,1550620
2025-07-08,1657.3623046875,1672.5,1682.0,1649.0999755859375,1680.0,1860328
2025-07-09,1654.290283203125,1669.4000244140625,1680.800048828125,1647.0,1660.0,2178705
2025-07-10,1647.4527587890625,1662.5,1670.5999755859375,1647.199951171875,1662.0,1741718
2025-07-11,1656.8668212890625,1672.0,1679.9000244140625,1662.199951171875,1665.800048828125,1298302
2025-07-14,1667.370849609375,1682.5999755859375,1696.9000244140625,1675.5,1680.4000244140625,1309704
2025-07-15,1711.864501953125,1727.5,1730.9000244140625,1687.9000244140625,1705.0,3332578
2025-07-16,1685.6043701171875,1701.0,1731.300048828125,1698.0,1730.0,2285143
2025-07-17,1687.9825439453125,1703.4000244140625,1717.0,1696.0,1704.0,1461039
2025-07-18,1678.271240234375,1693.5999755859375,1709.4000244140625,1686.699951171875,1709.0,1253929
2025-07-21,1676.983154296875,1692.300048828125,1701.4000244140625,1677.5,1681.0999755859375,2390289
2025-07-22,1662.8125,1678.0,1693.0999755859375,1672.800048828125,1686.0999755859375,1244491
2025-07-23,1667.2718505859375,1682.5,1689.5999755859375,1671.4000244140625,1678.5,1229173
2025-07-24,1676.685791015625,1692.0,1696.0,1680.0999755859375,1682.5,1079045
2025-07-25,1683.622314453125,1699.0,1702.0,1682.199951171875,1690.0,1088592
2025-07-28,1686.79345703125,1702.199951171875,1710.0999755859375,1693.9000244140625,1702.0999755859375,2168507
2025-07-29,1695.018310546875,1710.5,1718.0,1697.0999755859375,1698.0,1325544
2025-07-30,1718.107421875,1733.800048828125,1740.5,1712.0999755859375,1720.0,2318723
2025-07-31,1691.2525634765625,1706.699951171875,1748.0,1694.0,1715.5,3233087
2025-08-01,1614.9495849609375,1629.699951171875,1695.0,1608.0,1690.0,8774548
2025-08-04,1626.7418212890625,1641.5999755859375,1647.4000244140625,1613.5999755859375,1629.800048828125,1898762
2025-08-05,1617.327880859375,1632.0999755859375,1644.5999755859375,1620.0999755859375,1640.9000244140625,1622897
2025-08-06,1580.7618408203125,1595.199951171875,1629.699951171875,1591.0,1629.699951171875,2376257
2025-08-07,1583.9329833984375,1598.4000244140625,1605.4000244140625,1571.0,1581.0,3435674
2025-08-08,1572.537109375,1586.9000244140625,1602.0,1580.9000244140625,1590.0,1654424
2025-08-11,1593.8424072265625,1608.4000244140625,1660.0,1584.199951171875,1586.9000244140625,1140902
2025-08-12,1607.5174560546875,1622.199951171875,1636.699951171875,1610.0999755859375,1611.699951171875,1679088
2025-08-13,1624.958251953125,1639.800048828125,1643.5,1617.300048828125,1624.199951171875,1313668
2025-08-14,1626.5438232421875,1641.4000244140625,1651.0999755859375,1632.199951171875,1639.800048828125,1738094
2025-08-18,1617.9224853515625,1632.699951171875,1649.5999755859375,1625.4000244140625,1649.5999755859375,3080173
2025-08-19,1611.877685546875,1626.5999755859375,1638.0,1619.0999755859375,1632.800048828125,2656391
2025-08-20,1618.31884765625,1633.0999755859375,1636.5,1616.0,1634.0,1831706
2025-08-21,1625.3544921875,1640.199951171875,1652.5,1623.9000244140625,1630.800048828125,1727099
2025-08-22,1626.940185546875,1641.800048828125,1651.4000244140625,1635.0999755859375,1642.0,2098310
2025-08-25,1641.7052001953125,1656.699951171875,1660.5,1634.0,1649.199951171875,1904984
2025-08-26,1585.8157958984375,1600.300048828125,1647.4000244140625,1596.199951171875,1645.0,4502371
2025-08-28,1571.3477783203125,1585.699951171875,1600.0,1567.5999755859375,1593.0999755859375,4993739
2025-08-29,1580.0682373046875,1594.5,1601.699951171875,1575.800048828125,1581.0,3176534
2025-09-01,1549.150634765625,1563.300048828125,1600.199951171875,1556.199951171875,1599.0,9366820
2025-09-02,1551.0333251953125,1565.199951171875,1570.300048828125,1558.0,1566.0,2855840
2025-09-03,1564.4111328125,1578.699951171875,1581.0999755859375,1558.300048828125,1562.0999755859375,2091370
2025-09-04,1567.9786376953125,1582.300048828125,1597.0,1561.0,1597.0,2298657
2025-09-05,1579.17626953125,1593.5999755859375,1599.300048828125,1575.5,1582.4000244140625,1814479
2025-09-08,1566.6904296875,1581.0,1604.5,1578.199951171875,1597.5999755859375,1369139
2025-09-09,1577.2935791015625,1591.699951171875,1597.0,1577.5,1580.0,1709406
2025-09-10,1578.978271484375,1593.4000244140625,1601.5999755859375,1582.4000244140625,1592.0999755859375,2408379
2025-09-11,1595.130615234375,1609.699951171875,1617.0,1591.0,1592.5,1762484
2025-09-12,1601.96826171875,1616.5999755859375,1622.5,1603.0999755859375,1610.0,1878894
2025-09-15,1587.500244140625,1602.0,1617.0999755859375,1595.4000244140625,1616.5999755859375,2005917
2025-09-16,1595.92333984375,1610.5,1615.0,1600.0,1602.5,1480567
2025-09-17,1605.53564453125,1620.199951171875,1622.0999755859375,1607.4000244140625,1612.5999755859375,2128406
2025-09-18,1633.6785888671875,1648.5999755859375,1651.300048828125,1627.699951171875,1635.0999755859375,1832386
2025-09-19,1641.0115966796875,1656.0,1668.0999755859375,1643.0999755859375,1648.5999755859375,3191406
2025-09-22,1629.1202392578125,1644.0,1657.9000244140625,1635.300048828125,1650.0,1785320
2025-09-23,1616.43603515625,1631.199951171875,1644.0,1625.0999755859375,1643.199951171875,1967731
2025-09-24,1612.3731689453125,1627.0999755859375,1635.9000244140625,1625.0,1630.0,1131058
2025-09-25,1612.6705322265625,1627.4000244140625,1642.800048828125,1622.699951171875,1627.9000244140625,2762750
2025-09-26,1572.3387451171875,1586.699951171875,1602.9000244140625,1548.0,1585.0,7256759
2025-09-29,1574.915283203125,1589.300048828125,1618.9000244140625,1580.0,1581.0,4180922
2025-09-30,1579.8701171875,1594.300048828125,1604.300048828125,1586.0,1589.0999755859375,2257443
2025-10-01,1621.3907470703125,1636.199951171875,1651.5,1611.9000244140625,1611.9000244140625,3109095
2025-10-03,1616.43603515625,1631.199951171875,1645.5,1600.0,1600.0,4041865
2025-10-06,1639.7232666015625,1654.699951171875,1659.699951171875,1620.0,1630.0,1756916
2025-10-07,1638.1378173828125,1653.0999755859375,1663.0,1647.0,1649.4000244140625,2174852
2025-10-08,1616.83251953125,1631.5999755859375,1655.0,1629.0,1645.0,1846507
2025-10-09,1643.489013671875,1658.5,1662.300048828125,1632.4000244140625,1645.0,2197566
2025-10-10,1655.7767333984375,1670.9000244140625,1676.5999755859375,1649.0,1655.0,1454056
2025-10-13,1653.2994384765625,1668.4000244140625,1675.0,1655.800048828125,1662.5,1375179
2025-10-14,1639.426025390625,1654.4000244140625,1669.9000244140625,1646.199951171875,1667.5999755859375,2108287
2025-10-15,1640.11962890625,1655.0999755859375,1668.699951171875,1650.0999755859375,1652.5,2088737
2025-10-16,1643.9844970703125,1659.0,1662.9000244140625,1643.199951171875,1654.0,2895957
2025-10-17,1663.9024658203125,1679.0999755859375,1692.0,1656.699951171875,1658.199951171875,1594147
2025-10-20,1673.3165283203125,1688.5999755859375,1696.9000244140625,1682.800048828125,1684.9000244140625,1647622
2025-10-21,1675.1993408203125,1690.5,1696.0,1684.0,1690.0,74296
2025-10-23,1674.604736328125,1689.9000244140625,1712.0,1682.199951171875,1705.0,2687094
2025-10-24,1683.622314453125,1699.0,1701.9000244140625,1686.0,1690.0,994307
2025-10-27,1678.271240234375,1693.5999755859375,1708.5,1690.0,1701.0,2067904
2025-10-28,1671.73095703125,1687.0,1702.699951171875,1679.199951171875,1692.0,2440939
2025-10-29,1700.369384765625,1715.9000244140625,1722.0,1687.300048828125,1690.0,1016738
2025-10-30,1687.9825439453125,1703.4000244140625,1716.9000244140625,1680.0999755859375,1715.800048828125,1986233
2025-10-31,1675.3974609375,1690.699951171875,1705.0,1686.800048828125,1700.0,1560918
2025-11-03,1690.9554443359375,1706.4000244140625,1712.800048828125,1681.199951171875,1688.199951171875,1099955
2025-11-04,1674.703857421875,1690.0,1711.199951171875,1682.199951171875,1707.0,1597993
2025-11-06,1670.6409912109375,1685.9000244140625,1723.9000244140625,1667.0,1699.0,3389867
2025-11-07,1676.0911865234375,1691.4000244140625,1710.0,1683.0999755859375,1694.0,1512908
2025-11-10,1682.433349609375,1697.800048828125,1703.0999755859375,1685.800048828125,1697.5,1235665
2025-11-11,1700.567626953125,1716.0999755859375,1719.0,1695.0,1701.5999755859375,1315353
2025-11-12,1716.4228515625,1732.0999755859375,1744.0999755859375,1710.199951171875,1721.4000244140625,1833097
2025-11-13,1721.6749267578125,1737.4000244140625,1747.800048828125,1725.4000244140625,1734.5,1727602
2025-11-14,1741.196533203125,1757.0999755859375,1760.0999755859375,1734.699951171875,1737.4000244140625,1667322
2025-11-17,1747.93505859375,1763.9000244140625,1768.0,1747.699951171875,1765.800048828125,1430618
2025-11-18,1742.8812255859375,1758.800048828125,1764.5,1750.0,1764.0,1429522
2025-11-19,1767.9521484375,1784.0999755859375,1790.300048828125,1751.0999755859375,1762.0,2131124
2025-11-20,1761.3128662109375,1777.4000244140625,1792.0,1773.0999755859375,1790.0,1513894
2025-11-21,1763.5919189453125,1779.699951171875,1787.4000244140625,1773.699951171875,1778.0,2199311
2025-11-24,1764.68212890625,1780.800048828125,1785.9000244140625,1771.800048828125,1785.9000244140625,3434492
2025-11-25,1760.71826171875,1776.800048828125,1792.0999755859375,1766.0999755859375,1785.0,1848114
2025-11-26,1788.56396484375,1804.9000244140625,1806.9000244140625,1773.5999755859375,1775.5,1158948
2025-11-27,1793.9150390625,1810.300048828125,1814.9000244140625,1802.0999755859375,1802.0999755859375,2902053
2025-11-28,1815.022216796875,1831.5999755859375,1833.0,1807.5,1810.300048828125,1623103
2025-12-01,1791.041259765625,1807.4000244140625,1849.0,1801.0,1841.0,1869293
2025-12-02,1783.2127685546875,1799.5,1814.9000244140625,1788.5999755859375,1804.0,2948688
2025-12-03,1790.3475341796875,1806.699951171875,1816.0,1782.5,1805.0,2114510
2025-12-04,1801.8427734375,1818.300048828125,1823.199951171875,1798.300048828125,1808.4000244140625,1713961
2025-12-05,1788.9603271484375,1805.300048828125,1820.199951171875,1800.199951171875,1819.0,1777401
2025-12-08,1779.942626953125,1796.199951171875,1806.0,1785.699951171875,1805.300048828125,2410074
2025-12-09,1759.9254150390625,1776.0,1801.199951171875,1772.0,1796.0,2401728
2025-12-10,1769.3394775390625,1785.5,1791.699951171875,1767.9000244140625,1787.9000244140625,2321746
2025-12-11,1790.843017578125,1807.199951171875,1810.5,1775.0999755859375,1778.0,1280916
2025-12-12,1777.26708984375,1793.5,1811.800048828125,1791.0,1808.0,1442309
2025-12-15,1780.83447265625,1797.0999755859375,1804.5999755859375,1777.5999755859375,1779.0,1396948
2025-12-16,1765.1776123046875,1781.300048828125,1791.9000244140625,1778.300048828125,1790.0,1533979
2025-12-17,1776.672607421875,1792.9000244140625,1797.5999755859375,1771.5,1781.0,1910628
2025-12-18,1730.097900390625,1745.9000244140625,1785.0,1736.0,1785.0,3461351
2025-12-19,1729.10693359375,1744.9000244140625,1760.0,1741.199951171875,1747.0,2768986
2025-12-22,1753.7816162109375,1769.800048828125,1773.199951171875,1743.0999755859375,1744.9000244140625,1467257
2025-12-23,1740.0074462890625,1755.9000244140625,1774.5999755859375,1751.699951171875,1772.0,1124853
2025-12-24,1721.278564453125,1737.0,1759.0,1719.0,1755.9000244140625,2224786
2025-12-26,1703.936767578125,1719.5,1737.0,1708.0,1737.0,2507337
2025-12-29,1701.65771484375,1717.199951171875,1727.5,1710.300048828125,1719.5,1800816
2025-12-30,1704.6304931640625,1720.199951171875,1723.0999755859375,1707.0,1723.0999755859375,2639497
2025-12-31,1704.135009765625,1719.699951171875,1725.5999755859375,1715.5,1720.199951171875,1428439
2026-01-01,1705.5223388671875,1721.0999755859375,1726.0,1708.9000244140625,1720.0,877515
2026-01-02,1712.35986328125,1728.0,1732.0,1719.4000244140625,1721.0999755859375,974123
2026-01-05,1713.2518310546875,1728.9000244140625,1746.0,1723.4000244140625,1728.0,1416698
2026-01-06,1744.2684326171875,1760.199951171875,1762.5999755859375,1725.699951171875,1725.699951171875,1658801
2026-01-07,1766.4656982421875,1782.5999755859375,1806.5999755859375,1748.5,1755.0,3059500
2026-01-08,1744.763916015625,1760.699951171875,1778.5999755859375,1757.699951171875,1766.0,1910656
2026-01-09,1714.2427978515625,1729.9000244140625,1765.199951171875,1727.0,1765.199951171875,1585689
2026-01-12,1720.2874755859375,1736.0,1744.300048828125,1714.0999755859375,1732.0999755859375,2327272
2026-01-13,1713.053466796875,1728.699951171875,1743.800048828125,1712.0999755859375,1743.0,1770082
2026-01-14,1685.3070068359375,1700.699951171875,1737.0999755859375,1689.199951171875,1737.0999755859375,2479677
2026-01-15,1685.3070068359375,1700.699951171875,1700.699951171875,1700.699951171875,1700.699951171875,0
2026-01-16,1653.794921875,1668.9000244140625,1708.0,1659.300048828125,1708.0,3697596
2026-01-19,1660.236083984375,1675.4000244140625,1687.300048828125,1600.0,1650.0,2975272
2026-01-20,1599.193603515625,1613.800048828125,1674.0999755859375,1602.800048828125,1674.0999755859375,5019166
2026-01-21,1598.3017578125,1612.9000244140625,1645.0,1607.699951171875,1637.0,3947877
2026-01-22,1619.408935546875,1634.199951171875,1646.5,1613.199951171875,1614.0999755859375,2279862
2026-01-23,1617.1297607421875,1631.9000244140625,1648.9000244140625,1625.4000244140625,1640.0,1678658
2026-01-27,1624.06640625,1638.9000244140625,1658.199951171875,1622.300048828125,1658.199951171875,2666522
2026-01-28,1596.0224609375,1610.5999755859375,1649.300048828125,1600.0,1639.9000244140625,4124391
2026-01-29,1574.915283203125,1589.300048828125,1625.0,1583.699951171875,1625.0,5796513
2026-01-30,1580.861083984375,1595.300048828125,1606.5,1585.0999755859375,1589.300048828125,3962196
2026-02-02,1613.166015625,1627.9000244140625,1634.0,1598.199951171875,1634.0,2721280
2026-02-03,1686.6943359375,1702.0999755859375,1725.0,1671.0,1709.9000244140625,8520586
2026-02-04,1688.9736328125,1704.4000244140625,1729.0,1695.300048828125,1714.9000244140625,3952775
2026-02-05,1698.1494140625,1702.5999755859375,1710.0,1684.300048828125,1699.0,3074842
2026-02-06,1690.6690673828125,1695.0999755859375,1709.0,1689.5999755859375,1709.0,1277116
2026-02-09,1700.1441650390625,1704.5999755859375,1713.4000244140625,1696.0,1706.699951171875,2647031
2026-02-10,1703.3359375,1707.800048828125,1719.800048828125,1702.0999755859375,1709.5999755859375,1869988
2026-02-11,1706.627197265625,1711.0999755859375,1716.699951171875,1702.5,1715.0,1175501
2026-02-12,1710.4173583984375,1714.9000244140625,1719.0,1701.199951171875,1714.800048828125,1359444
2026-02-13,1693.062744140625,1697.5,1719.0,1694.5999755859375,1714.9000244140625,1148165
2026-02-16,1696.054931640625,1700.5,1715.0,1693.4000244140625,1697.5,1247403
2026-02-17,1712.611572265625,1717.0999755859375,1719.0,1693.9000244140625,1696.0,1053855
2026-02-18,1719.8924560546875,1724.4000244140625,1730.5999755859375,1717.0999755859375,1720.4000244140625,1262429
2026-02-19,1708.9212646484375,1713.4000244140625,1727.0,1710.0,1722.199951171875,1143429
2026-02-20,1719.8924560546875,1724.4000244140625,1727.0,1708.0999755859375,1710.0999755859375,1203988
2026-02-23,1727.7718505859375,1732.300048828125,1735.800048828125,1720.199951171875,1732.9000244140625,1550400
2026-02-24,1727.273193359375,1731.800048828125,1745.9000244140625,1723.699951171875,1732.0,2769363
2026-02-25,1759.58837890625,1764.199951171875,1770.4000244140625,1733.4000244140625,1742.0,1200997
2026-02-26,1781.0322265625,1785.699951171875,1792.199951171875,1760.300048828125,1764.199951171875,2076586
2026-02-27,1732.4595947265625,1737.0,1788.0999755859375,1730.9000244140625,1779.0,3041489
2026-03-02,1747.9190673828125,1752.5,1759.9000244140625,1712.0,1712.0,3919270
2026-03-04,1745.92431640625,1750.5,1757.199951171875,1721.0,1721.199951171875,4914857
2026-03-05,1779.8353271484375,1784.5,1794.9000244140625,1748.0,1750.0,3600895
2026-03-06,1794.6964111328125,1799.4000244140625,1805.5999755859375,1771.800048828125,1784.5,3669921
2026-03-09,1802.675537109375,1807.4000244140625,1815.0,1770.0,1772.9000244140625,4112775
2026-03-10,1808.0614013671875,1812.800048828125,1825.0999755859375,1803.300048828125,1810.0,3298680
2026-03-11,1821.127197265625,1825.9000244140625,1843.0,1818.0999755859375,1823.0,2510495
2026-03-12,1820.52880859375,1825.300048828125,1833.5999755859375,1808.4000244140625,1828.0,2606057
2026-03-13,1796.890625,1801.5999755859375,1833.300048828125,1797.0,1822.0,2554627
2026-03-16,1778.5386962890625,1783.199951171875,1818.0,1768.800048828125,1801.5999755859375,2452391
2026-03-17,1789.70947265625,1794.4000244140625,1806.0999755859375,1781.0999755859375,1794.0999755859375,1979497
2026-03-18,1773.651611328125,1778.300048828125,1805.0,1773.199951171875,1799.5999755859375,2436459
2026-03-19,1739.8402099609375,1744.4000244140625,1784.0,1737.9000244140625,1760.5,2301164
2026-03-20,1772.4547119140625,1777.0999755859375,1781.300048828125,1754.300048828125,1755.0999755859375,3591446
2026-03-23,1753.8035888671875,1758.4000244140625,1775.0,1741.0999755859375,1774.800048828125,2783613
2026-03-24,1748.717041015625,1753.300048828125,1779.9000244140625,1745.0999755859375,1775.0,2040152
2026-03-25,1790.7069091796875,1795.4000244140625,1809.5,1755.5,1766.699951171875,1900794
2026-03-27,1788.91162109375,1793.5999755859375,1819.0,1785.0,1785.0,2975423
2026-03-30,1752.606689453125,1757.199951171875,1790.0,1750.0999755859375,1786.800048828125,4182503
2026-04-01,1723.9818115234375,1728.5,1788.0,1713.199951171875,1762.0999755859375,3245628
2026-04-02,1689.1729736328125,1693.5999755859375,1700.0,1620.0,1665.0,3937824
2026-04-06,1690.17041015625,1694.5999755859375,1699.0,1654.9000244140625,1684.300048828125,3533715
2026-04-07,1713.5091552734375,1718.0,1723.9000244140625,1681.300048828125,1689.800048828125,2471378
2026-04-08,1710.1180419921875,1714.5999755859375,1749.199951171875,1685.5,1730.0,4859877
2026-04-09,1712.611572265625,1717.0999755859375,1730.9000244140625,1702.699951171875,1702.699951171875,3276165
2026-04-10,1650.57421875,1654.9000244140625,1700.0,1630.4000244140625,1699.199951171875,8089531
2026-04-13,1647.881103515625,1652.199951171875,1668.699951171875,1640.0999755859375,1654.9000244140625,3751005
2026-04-15,1692.1651611328125,1696.5999755859375,1699.199951171875,1657.699951171875,1675.0,3760449
2026-04-16,1688.67431640625,1693.0999755859375,1713.9000244140625,1666.5999755859375,1713.9000244140625,4512633
2026-04-17,1671.120361328125,1675.5,1696.9000244140625,1670.5,1696.9000244140625,3146482
2026-04-20,1664.23828125,1668.5999755859375,1680.0,1665.0,1680.0,1834532
2026-04-21,1660.84716796875,1665.199951171875,1682.9000244140625,1659.9000244140625,1667.199951171875,3631490
2026-04-22,1665.435302734375,1669.800048828125,1673.9000244140625,1652.4000244140625,1665.199951171875,2169514
2026-04-23,1675.708251953125,1680.0999755859375,1713.0,1661.199951171875,1669.0,3245164
2026-04-24,1616.164306640625,1620.4000244140625,1673.300048828125,1613.5999755859375,1670.4000244140625,9606128
2026-04-27,1728.96875,1733.5,1766.9000244140625,1621.9000244140625,1625.0,26995361
2026-04-28,1742.732666015625,1747.300048828125,1763.9000244140625,1714.300048828125,1724.0,16599167
2026-04-29,1774.050537109375,1778.699951171875,1789.800048828125,1750.0,1756.0,9809449
2026-04-30,1803.5732421875,1808.300048828125,1815.0,1761.4000244140625,1771.0,4749798
2026-05-01,1803.5732421875,1808.300048828125,1808.300048828125,1808.300048828125,1808.300048828125,0
2026-05-04,1818.7333984375,1823.5,1841.0,1810.0,1820.0,4206373
2026-05-05,1816.04052734375,1820.800048828125,1831.699951171875,1798.5999755859375,1828.5,3011421
2026-05-06,1845.3636474609375,1850.199951171875,1857.800048828125,1818.4000244140625,1837.0,3247156
2026-05-07,1829.60498046875,1834.4000244140625,1857.0999755859375,1826.300048828125,1850.199951171875,2201070
2026-05-08,1843.0697021484375,1847.9000244140625,1857.5,1819.199951171875,1822.0,2837885
2026-05-11,1867.8048095703125,1872.699951171875,1885.800048828125,1825.0,1827.199951171875,2564978
2026-05-12,1840.8753662109375,1845.699951171875,1879.4000244140625,1840.0,1875.0,3263351
2026-05-13,1820.0301513671875,1824.800048828125,1860.0,1820.0,1845.699951171875,1972365
2026-05-14,1858.32958984375,1863.199951171875,1867.5,1829.699951171875,1852.0,2429220
2026-05-15,1873.2904052734375,1878.199951171875,1887.9000244140625,1863.199951171875,1874.0,2756465
2026-05-18,1900.818359375,1905.800048828125,1911.0,1865.0,1878.199951171875,3456331
2026-05-19,1877.3797607421875,1882.300048828125,1916.5999755859375,1880.0,1900.5,2200951
2026-05-20,1875.385009765625,1880.300048828125,1892.9000244140625,1872.0,1880.0,1376695
2026-05-21,1886.3563232421875,1891.300048828125,1899.5999755859375,1868.0999755859375,1892.0,1605806
2026-05-22,1839.7783203125,1844.5999755859375,1903.0,1833.0999755859375,1903.0,3610732
2026-05-25,1835.7886962890625,1840.5999755859375,1849.0,1825.0,1840.0,3049028
2026-05-26,1835.98828125,1840.800048828125,1844.9000244140625,1815.9000244140625,1830.0,2337759
2026-05-27,1839.4791259765625,1844.300048828125,1882.0,1830.0,1865.0,1385752
2026-05-28,1839.4791259765625,1844.300048828125,1844.300048828125,1844.300048828125,1844.300048828125,0
2026-05-29,1794.4969482421875,1799.199951171875,1852.800048828125,1785.300048828125,1844.300048828125,10058572
2026-06-01,1791.8040771484375,1796.5,1812.0999755859375,1777.0999755859375,1812.0,2051152
2026-06-02,1785.2213134765625,1789.9000244140625,1800.0,1766.5,1794.199951171875,2885899
2026-06-03,1783.824951171875,1788.5,1796.300048828125,1756.800048828125,1781.0,4209769
2026-06-04,1775.4468994140625,1780.0999755859375,1793.4000244140625,1768.5999755859375,1787.0,2343536
2026-06-05,1777.5413818359375,1782.199951171875,1802.9000244140625,1779.0,1789.0,2495159
2026-06-08,1784.1241455078125,1788.800048828125,1803.5,1773.5,1780.699951171875,3098542
2026-06-09,1774.3497314453125,1779.0,1796.5999755859375,1766.0999755859375,1787.699951171875,3756570
2026-06-10,1781.73046875,1786.4000244140625,1797.5999755859375,1771.0,1779.5999755859375,1882009
2026-06-11,1789.510009765625,1794.199951171875,1805.0,1778.699951171875,1780.0,1858093
2026-06-12,1802.9747314453125,1807.699951171875,1814.5,1792.5,1807.0,1243362
2026-06-15,1801.2791748046875,1806.0,1818.0,1797.800048828125,1818.0,2188933
2026-06-16,1795.9930419921875,1800.699951171875,1809.9000244140625,1792.5999755859375,1808.0,1373638
2026-06-17,1815.6416015625,1820.4000244140625,1823.4000244140625,1802.5999755859375,1814.0,1771990
2026-06-18,1820.0301513671875,1824.800048828125,1830.0,1812.5,1817.5,2054738
2026-06-19,1833.4947509765625,1838.300048828125,1842.699951171875,1820.9000244140625,1824.0,2126703
2026-06-22,1858.030517578125,1862.9000244140625,1865.199951171875,1834.0,1845.0,1588758
2026-06-23,1863.1170654296875,1868.0,1902.4000244140625,1861.199951171875,1870.0,2812236
2026-06-24,1869.5003662109375,1874.4000244140625,1882.0999755859375,1864.9000244140625,1868.0,1406231
2026-06-25,1857.9307861328125,1862.800048828125,1887.0,1858.0,1870.0,1816438
2026-06-26,1857.9307861328125,1862.800048828125,1862.800048828125,1862.800048828125,1862.800048828125,0
2026-06-29,1869.8994140625,1874.800048828125,1897.0999755859375,1855.9000244140625,1876.800048828125,1655869
2026-06-30,1857.6314697265625,1862.5,1892.9000244140625,1859.4000244140625,1885.0,2352774
2026-07-01,1861.32177734375,1866.199951171875,1887.4000244140625,1860.199951171875,1877.9000244140625,1230360
2026-07-02,1866.1092529296875,1871.0,1882.0,1868.300048828125,1876.0,1485296
2026-07-03,1899.8209228515625,1904.800048828125,1925.0999755859375,1871.5999755859375,1880.0,2168491
2026-07-06,1907.800048828125,1912.800048828125,1917.0,1900.0,1904.0,1213635
2026-07-07,1903.4000244140625,1903.4000244140625,1924.9000244140625,1898.5999755859375,1900.5999755859375,2060613
2026-07-08,1888.199951171875,1888.199951171875,1929.5,1875.0999755859375,1904.0,2785926
2026-07-09,1938.699951171875,1938.699951171875,1952.0,1888.199951171875,1889.9000244140625,4446201
2026-07-10,1935.5,1935.5,1953.9000244140625,1926.5999755859375,1942.800048828125,1478172
2026-07-13,1921.4000244140625,1921.4000244140625,1933.0999755859375,1911.0,1925.9000244140625,1573176
2026-07-14,1942.5999755859375,1942.5999755859375,1950.800048828125,1910.0,1910.0,2822124
2026-07-15,1951.5,1951.5,1962.699951171875,1943.300048828125,1955.0,2283494
2026-07-16,1950.0999755859375,1950.0999755859375,1957.699951171875,1943.0,1950.0,1396189
2026-07-17,1932.5999755859375,1932.5999755859375,1952.5999755859375,1922.5,1948.699951171875,2475664
2026-07-20,1956.4000244140625,1956.4000244140625,1958.800048828125,1935.0,1942.0,1676034
2026-07-21,1961.9000244140625,1961.9000244140625,1966.5,1938.199951171875,1952.0999755859375,1412579
2026-07-22,1943.0,1943.0,1951.800048828125,1925.199951171875,1938.0,1718430
2026-07-23,1951.5,1951.5,1956.0,1926.800048828125,1929.0999755859375,1568370
