Date,Adj Close,Close,High,Low,Open,Volume
2021-07-23,118.80256652832031,122.9000015258789,125.44999694824219,122.5999984741211,124.9000015258789,18344408
2021-07-26,118.51256561279297,122.5999984741211,123.75,122.0999984741211,123.0,14838935
2021-07-27,117.11090850830078,121.1500015258789,123.75,120.19999694824219,122.80000305175781,16292819
2021-07-28,116.33757781982422,120.3499984741211,121.8499984741211,118.4000015258789,121.44999694824219,19451371
2021-07-29,118.65756225585938,122.75,124.0,120.69999694824219,120.75,16366211
2021-07-30,120.83256530761719,125.0,126.6500015258789,122.30000305175781,122.5999984741211,30163350
2021-08-02,129.00083923339844,133.4499969482422,134.0,125.55000305175781,126.55000305175781,102355625
2021-08-03,128.17918395996094,132.60000610351562,135.5,132.1999969482422,134.39999389648438,50457587
2021-08-04,127.26083374023438,131.64999389648438,134.64999389648438,130.10000610351562,133.0,33758053
2021-08-05,130.06417846679688,134.5500030517578,135.39999389648438,129.60000610351562,132.14999389648438,39952286
2021-08-06,130.6441650390625,135.14999389648438,136.8000030517578,134.3000030517578,135.25,47743493
2021-08-09,127.64751434326172,132.0500030517578,137.0,130.3000030517578,137.0,66874756
2021-08-10,125.71417999267578,130.0500030517578,133.75,127.05000305175781,132.4499969482422,31526384
2021-08-11,125.27919006347656,129.60000610351562,131.64999389648438,126.5,130.3000030517578,32222624
2021-08-12,129.19415283203125,133.64999389648438,134.1999969482422,129.85000610351562,130.25,31898731
2021-08-13,128.13084411621094,132.5500030517578,134.5,132.0,134.35000610351562,23715152
2021-08-16,127.69585418701172,132.10000610351562,134.0500030517578,131.64999389648438,132.5500030517578,17472608
2021-08-17,126.72918701171875,131.10000610351562,132.9499969482422,128.5,132.10000610351562,21755033
2021-08-18,126.10086059570312,130.4499969482422,131.8000030517578,130.10000610351562,131.6999969482422,18082061
2021-08-20,121.99253845214844,126.19999694824219,130.1999969482422,125.25,129.0,27402061
2021-08-23,120.78421783447266,124.94999694824219,127.8499984741211,121.69999694824219,127.0999984741211,30434681
2021-08-24,121.70255279541016,125.9000015258789,126.5999984741211,123.6500015258789,125.0,22809811
2021-08-25,121.84754180908203,126.05000305175781,127.5,125.5,126.4000015258789,18144345
2021-08-26,121.46087646484375,125.6500015258789,126.5999984741211,124.55000305175781,126.44999694824219,16968193
2021-08-27,123.00753784179688,127.25,127.5999984741211,125.19999694824219,125.6500015258789,12708091
2021-08-30,124.84419250488281,129.14999389648438,130.10000610351562,128.0,128.39999389648438,17545528
2021-08-31,124.74752807617188,129.0500030517578,130.6999969482422,128.25,130.3000030517578,24301446
2021-09-01,128.95248413085938,133.39999389648438,134.25,128.6999969482422,129.6999969482422,31166001
2021-09-02,129.14584350585938,133.60000610351562,134.8000030517578,132.60000610351562,133.85000610351562,25276744
2021-09-03,129.38751220703125,133.85000610351562,135.4499969482422,133.25,134.0500030517578,19000628
2021-09-06,127.7925033569336,132.1999969482422,134.60000610351562,132.0,134.39999389648438,14304796
2021-09-07,125.71417999267578,130.0500030517578,132.5500030517578,129.25,132.39999389648438,14561241
2021-09-08,128.80747985839844,133.25,133.5,129.5,130.60000610351562,16351745
2021-09-09,128.3241729736328,132.75,134.3000030517578,131.75,133.1999969482422,14453584
2021-09-13,126.68086242675781,131.0500030517578,132.75,130.39999389648438,132.75,13771980
2021-09-14,128.5658416748047,133.0,133.3000030517578,131.3000030517578,131.5,13305823
2021-09-15,135.3807830810547,140.0500030517578,142.3000030517578,132.8000030517578,133.10000610351562,68917060
2021-09-16,135.5741424560547,140.25,142.0,138.5,140.0,24490647
2021-09-17,133.30245971679688,137.89999389648438,141.5,136.10000610351562,140.85000610351562,27560843
2021-09-20,129.82249450683594,134.3000030517578,139.35000610351562,133.1999969482422,137.60000610351562,21535092
2021-09-21,131.32081604003906,135.85000610351562,136.3000030517578,131.1999969482422,134.75,22526116
2021-09-22,133.25416564941406,137.85000610351562,139.64999389648438,136.39999389648438,136.9499969482422,21321952
2021-09-23,138.86077880859375,143.64999389648438,144.89999389648438,138.75,139.1999969482422,42890085
2021-09-24,134.46246337890625,139.10000610351562,145.35000610351562,138.6999969482422,145.0,29040576
2021-09-27,134.12413024902344,138.75,140.39999389648438,136.75,140.3000030517578,18192368
2021-09-28,135.3807830810547,140.0500030517578,142.85000610351562,139.0500030517578,140.0,29196888
2021-09-29,146.5457305908203,151.60000610351562,158.75,138.89999389648438,139.8000030517578,126746990
2021-09-30,153.45733642578125,158.75,161.1999969482422,151.3000030517578,152.5,111302311
2021-10-01,158.2906494140625,163.75,164.9499969482422,156.60000610351562,158.75,90310679
2021-10-04,162.9789581298828,168.60000610351562,172.5,164.0,166.25,93787605
2021-10-05,173.4188690185547,179.39999389648438,184.75,168.35000610351562,169.0,161189379
2021-10-06,170.08389282226562,175.9499969482422,182.85000610351562,172.8000030517578,182.85000610351562,101232618
2021-10-07,171.82388305664062,177.75,184.0,176.85000610351562,178.35000610351562,73313810
2021-10-08,170.95388793945312,176.85000610351562,180.1999969482422,175.0,180.14999389648438,43365657
2021-10-11,185.115478515625,191.5,193.6999969482422,177.0,177.85000610351562,126307288
2021-10-12,189.2721405029297,195.8000030517578,198.6999969482422,189.8000030517578,194.89999389648438,104950239
2021-10-13,216.7252655029297,224.1999969482422,232.39999389648438,200.0,201.64999389648438,305037222
2021-10-14,215.17861938476562,222.60000610351562,237.0,220.6999969482422,235.0,126938132
2021-10-18,248.7217254638672,257.29998779296875,264.8500061035156,223.10000610351562,227.5,273591610
2021-10-19,222.0902557373047,229.75,267.8500061035156,221.5,266.0,245771135
2021-10-20,222.67022705078125,230.35000610351562,236.3000030517578,217.5,225.0,219286012
2021-10-21,218.61026000976562,226.14999389648438,234.39999389648438,220.5500030517578,234.0,82393222
2021-10-22,214.59861755371094,222.0,233.8000030517578,216.0,228.5,85764004
2021-10-25,206.47866821289062,213.60000610351562,224.89999389648438,208.0,224.60000610351562,92057542
2021-10-26,217.78860473632812,225.3000030517578,232.3000030517578,214.25,215.0500030517578,113036438
2021-10-27,216.77362060546875,224.25,232.6999969482422,222.6999969482422,231.5,78577000
2021-10-28,210.73196411132812,218.0,224.8000030517578,216.60000610351562,224.8000030517578,64733467
2021-10-29,207.1553497314453,214.3000030517578,217.6999969482422,201.39999389648438,210.5,115032835
2021-11-01,215.51695251464844,222.9499969482422,225.1999969482422,214.39999389648438,219.9499969482422,59687720
2021-11-02,220.8819122314453,228.5,235.0,227.25,228.0,91597155
2021-11-03,221.1719207763672,228.8000030517578,230.89999389648438,226.1999969482422,230.0,49974804
2021-11-04,223.63690185546875,231.35000610351562,233.14999389648438,230.60000610351562,231.8000030517578,14860447
2021-11-08,226.730224609375,234.5500030517578,235.64999389648438,228.75,233.0,53880144
2021-11-09,233.83514404296875,241.89999389648438,247.9499969482422,234.64999389648438,235.0,103894620
2021-11-10,229.09854125976562,237.0,241.39999389648438,236.3000030517578,241.39999389648438,47845906
2021-11-11,231.7568359375,239.75,241.3000030517578,235.5500030517578,237.5,50433666
2021-11-12,231.85353088378906,239.85000610351562,242.39999389648438,236.0,242.0,42038250
2021-11-15,233.59347534179688,241.64999389648438,244.0,239.3000030517578,241.85000610351562,32578602
2021-11-16,236.34848022460938,244.5,247.64999389648438,241.5,242.14999389648438,47776299
2021-11-17,241.5684356689453,249.89999389648438,252.5,243.0,244.5,58883464
2021-11-18,229.1951904296875,237.10000610351562,252.0500030517578,232.4499969482422,250.39999389648438,82052417
2021-11-22,220.06024169921875,227.64999389648438,238.39999389648438,224.0,238.39999389648438,62459802
2021-11-23,229.0501708984375,236.9499969482422,238.0,222.1999969482422,223.9499969482422,61158286
2021-11-24,230.59683227539062,238.5500030517578,246.6999969482422,237.3000030517578,240.0,67847218
2021-11-25,234.7051544189453,242.8000030517578,244.39999389648438,234.0,239.4499969482422,51777691
2021-11-26,219.77024841308594,227.35000610351562,240.3000030517578,225.75,238.0,80108784
2021-11-29,211.3603057861328,218.64999389648438,226.75,213.25,226.0,83187881
2021-11-30,209.5719757080078,216.8000030517578,228.25,213.10000610351562,221.9499969482422,222571262
2021-12-01,217.69192504882812,225.1999969482422,227.3000030517578,215.0,220.0,67127202
2021-12-02,218.8519287109375,226.39999389648438,230.4499969482422,221.1999969482422,230.4499969482422,78572738
2021-12-03,218.07859802246094,225.60000610351562,228.3000030517578,224.35000610351562,226.8000030517578,48145736
2021-12-06,213.48695373535156,220.85000610351562,226.60000610351562,220.10000610351562,225.60000610351562,34399066
2021-12-07,218.90025329589844,226.4499969482422,227.75,222.75,224.0,36287629
2021-12-08,221.7519073486328,229.39999389648438,230.8000030517578,227.0,228.0,30348053
2021-12-09,220.1085662841797,227.6999969482422,230.89999389648438,226.8000030517578,229.89999389648438,23516676
2021-12-10,220.39859008789062,228.0,229.89999389648438,225.39999389648438,226.39999389648438,26363105
2021-12-13,222.5735626220703,230.25,236.5,229.0,230.10000610351562,40382575
2021-12-14,221.41357421875,229.0500030517578,230.0,225.5,230.0,24698002
2021-12-15,220.2535858154297,227.85000610351562,232.39999389648438,227.0500030517578,229.0,20127541
2021-12-16,214.501953125,221.89999389648438,230.0500030517578,219.14999389648438,229.8000030517578,40645402
2021-12-17,208.60533142089844,215.8000030517578,222.6999969482422,214.0,222.6999969482422,38813929
2021-12-20,202.1287078857422,209.10000610351562,211.9499969482422,202.8000030517578,210.5,47944121
2021-12-21,204.83534240722656,211.89999389648438,216.25,209.85000610351562,213.0,33006180
2021-12-22,210.73196411132812,218.0,218.6999969482422,213.3000030517578,214.5,21655596
2021-12-23,210.7803192138672,218.0500030517578,221.25,217.4499969482422,220.0,16940883
2021-12-24,209.5719757080078,216.8000030517578,219.4499969482422,214.14999389648438,219.0500030517578,18770416
2021-12-27,210.1036376953125,217.35000610351562,217.75,213.8000030517578,216.60000610351562,15870056
2021-12-28,214.2119598388672,221.60000610351562,222.1999969482422,218.5,218.6999969482422,19058757
2021-12-29,212.13363647460938,219.4499969482422,223.25,218.85000610351562,221.0,14504319
2021-12-30,211.07032775878906,218.35000610351562,221.0,217.0500030517578,218.6999969482422,14315067
2021-12-31,213.5836181640625,220.9499969482422,222.0,218.35000610351562,218.89999389648438,12737974
2022-01-03,215.95191955566406,223.39999389648438,223.89999389648438,216.0,221.1999969482422,19062825
2022-01-04,218.7552490234375,226.3000030517578,228.25,221.0,224.3000030517578,32469988
2022-01-05,216.04861450195312,223.5,226.5500030517578,223.0,226.39999389648438,17271276
2022-01-06,220.83355712890625,228.4499969482422,229.8000030517578,219.5,221.4499969482422,27537005
2022-01-07,222.13856506347656,229.8000030517578,232.85000610351562,227.10000610351562,230.3000030517578,34595209
2022-01-10,224.0235595703125,231.75,233.4499969482422,230.39999389648438,230.9499969482422,22061859
2022-01-11,225.3285675048828,233.10000610351562,236.6999969482422,231.8000030517578,233.0,25489182
2022-01-12,229.82351684570312,237.75,239.64999389648438,234.5,234.89999389648438,32665403
2022-01-13,237.12181091308594,245.3000030517578,246.6999969482422,236.5,239.0,50250827
2022-01-14,236.25180053710938,244.39999389648438,248.5,242.5,243.6999969482422,36940487
2022-01-17,239.5867919921875,247.85000610351562,249.25,245.0,245.89999389648438,25339181
2022-01-18,231.12850952148438,239.10000610351562,250.60000610351562,237.8000030517578,250.0,30408196
2022-01-19,240.2151336669922,248.5,249.6999969482422,236.0500030517578,239.0,36751594
2022-01-20,240.360107421875,248.64999389648438,252.14999389648438,245.14999389648438,250.0,35990609
2022-01-21,233.8834686279297,241.9499969482422,250.8000030517578,238.5500030517578,245.8000030517578,35507032
2022-01-24,221.89691162109375,229.5500030517578,243.85000610351562,226.60000610351562,242.5,43279408
2022-01-25,230.83851623535156,238.8000030517578,240.85000610351562,223.0,226.25,39449718
2022-01-27,233.0135040283203,241.0500030517578,242.35000610351562,232.5,235.5,35920383
2022-01-28,235.91346740722656,244.0500030517578,250.0,242.85000610351562,244.6999969482422,34523855
2022-01-31,237.84678649902344,246.0500030517578,249.5500030517578,245.3000030517578,247.9499969482422,24939671
2022-02-01,241.52012634277344,249.85000610351562,256.3999938964844,244.8000030517578,249.5,74185275
2022-02-02,242.2451171875,250.60000610351562,255.0,249.25,251.89999389648438,25162901
2022-02-03,244.4200897216797,252.85000610351562,254.39999389648438,249.3000030517578,250.5500030517578,27724870
2022-02-04,245.87008666992188,254.35000610351562,257.8999938964844,253.0,253.8000030517578,39309420
2022-02-07,243.4051055908203,251.8000030517578,256.70001220703125,250.5500030517578,255.5,32770930
2022-02-08,227.0202178955078,234.85000610351562,253.60000610351562,232.60000610351562,252.5,82053977
2022-02-09,230.06517028808594,238.0,238.89999389648438,232.60000610351562,236.6999969482422,35604075
2022-02-10,233.2551727294922,241.3000030517578,244.5,234.10000610351562,238.5,55153254
2022-02-11,224.55523681640625,232.3000030517578,242.0500030517578,230.1999969482422,240.0,36050888
2022-02-14,213.1486358642578,220.5,226.85000610351562,216.0,226.0,38301829
2022-02-15,222.7185516357422,230.39999389648438,231.75,218.8000030517578,222.75,36314556
2022-02-16,223.63690185546875,231.35000610351562,236.89999389648438,230.10000610351562,233.39999389648438,35144286
2022-02-17,220.15692138671875,227.75,233.85000610351562,227.0,233.35000610351562,23381354
2022-02-18,218.22357177734375,225.75,230.0,224.64999389648438,227.0,18717812
2022-02-21,217.4985809326172,225.0,227.64999389648438,222.25,224.0,24657963
2022-02-22,215.22694396972656,222.64999389648438,224.85000610351562,217.3000030517578,218.0,29360421
2022-02-23,213.82528686523438,221.1999969482422,226.8000030517578,220.35000610351562,226.0,23583042
2022-02-24,197.48873901367188,204.3000030517578,216.14999389648438,203.25,213.0,60097152
2022-02-25,212.665283203125,220.0,221.3000030517578,209.5500030517578,210.0,52157687
2022-02-28,215.61363220214844,223.0500030517578,224.35000610351562,214.10000610351562,217.5,35508015
2022-03-02,217.88525390625,225.39999389648438,227.25,218.39999389648438,220.0,28297089
2022-03-03,219.0452423095703,226.60000610351562,230.5500030517578,225.89999389648438,229.0,22429798
2022-03-04,214.0669403076172,221.4499969482422,226.4499969482422,220.8000030517578,225.0,22427429
2022-03-07,208.9919891357422,216.1999969482422,219.6999969482422,212.25,217.0,23498823
2022-03-08,219.38357543945312,226.9499969482422,227.8000030517578,214.60000610351562,215.0,41105290
2022-03-09,221.60690307617188,229.25,231.1999969482422,226.3000030517578,229.10000610351562,25437632
2022-03-10,224.5068817138672,232.25,235.85000610351562,229.89999389648438,235.0,25462569
2022-03-11,225.3768768310547,233.14999389648438,234.25,230.3000030517578,231.89999389648438,18163055
2022-03-14,223.83023071289062,231.5500030517578,234.64999389648438,230.5500030517578,233.10000610351562,12074559
2022-03-15,219.81857299804688,227.39999389648438,233.3000030517578,225.3000030517578,231.9499969482422,16150855
2022-03-16,222.7668914794922,230.4499969482422,231.6999969482422,229.0500030517578,230.0,12428032
2022-03-17,224.0235595703125,231.75,233.9499969482422,231.3000030517578,233.60000610351562,16453329
2022-03-21,220.35025024414062,227.9499969482422,233.39999389648438,227.35000610351562,232.9499969482422,12356508
2022-03-22,223.6852264404297,231.39999389648438,231.89999389648438,226.3000030517578,229.10000610351562,14893566
2022-03-23,226.48854064941406,234.3000030517578,237.4499969482422,231.64999389648438,232.35000610351562,29507641
2022-03-24,231.51516723632812,239.5,241.0,232.9499969482422,234.0,31525902
2022-03-25,233.30349731445312,241.35000610351562,244.3000030517578,239.1999969482422,240.0,24286187
2022-03-28,231.61184692382812,239.60000610351562,244.0,237.4499969482422,242.5500030517578,14835527
2022-03-29,231.12850952148438,239.10000610351562,244.89999389648438,238.5,243.60000610351562,20061075
2022-03-30,233.64183044433594,241.6999969482422,244.89999389648438,237.75,240.9499969482422,22893839
2022-03-31,230.69351196289062,238.64999389648438,242.89999389648438,237.64999389648438,242.89999389648438,13956014
2022-04-01,237.2667999267578,245.4499969482422,246.35000610351562,237.10000610351562,237.64999389648438,25666798
2022-04-04,243.55010986328125,251.9499969482422,253.5500030517578,246.10000610351562,247.14999389648438,39380622
2022-04-05,264.4783020019531,273.6000061035156,275.25,252.10000610351562,253.85000610351562,94568156
2022-04-06,280.13818359375,289.79998779296875,296.5,273.1000061035156,275.95001220703125,227551020
2022-04-07,268.53826904296875,277.79998779296875,298.04998779296875,276.0,292.3500061035156,151174247
2022-04-08,268.8282775878906,278.1000061035156,282.79998779296875,273.04998779296875,280.8999938964844,64353330
2022-04-11,273.46820068359375,282.8999938964844,288.45001220703125,280.3500061035156,281.0,47972951
2022-04-12,265.97662353515625,275.1499938964844,283.3500061035156,271.6000061035156,283.3500061035156,44771140
2022-04-13,263.9949645996094,273.1000061035156,280.29998779296875,272.29998779296875,278.6000061035156,31460232
2022-04-18,249.30172729492188,257.8999938964844,267.8999938964844,252.0,267.8999938964844,89819229
2022-04-19,238.23345947265625,246.4499969482422,262.0,242.5,260.5,53483065
2022-04-20,241.32676696777344,249.64999389648438,254.6999969482422,246.5500030517578,250.0,41573598
2022-04-21,250.2200469970703,258.8500061035156,260.20001220703125,250.6999969482422,253.0,40617734
2022-04-22,244.66175842285156,253.10000610351562,259.0,252.3000030517578,258.0,30569068
2022-04-25,239.1034698486328,247.35000610351562,251.5500030517578,244.6999969482422,248.0,24620801
2022-04-26,240.55345153808594,248.85000610351562,251.4499969482422,248.0500030517578,251.14999389648438,17965504
2022-04-27,239.1034698486328,247.35000610351562,255.25,245.5,247.8000030517578,32027943
2022-04-28,239.9734649658203,248.25,250.89999389648438,244.39999389648438,250.89999389648438,20911099
2022-04-29,234.27017211914062,242.35000610351562,253.1999969482422,240.85000610351562,250.89999389648438,26234765
2022-05-02,240.2151336669922,248.5,249.64999389648438,238.39999389648438,240.0,26535475
2022-05-04,236.78346252441406,244.9499969482422,254.1999969482422,242.85000610351562,249.85000610351562,30780217
2022-05-05,239.2484588623047,247.5,251.3000030517578,244.9499969482422,248.9499969482422,24304759
2022-05-06,237.02513122558594,245.1999969482422,247.0,240.64999389648438,243.0,28044381
2022-05-09,222.3319091796875,230.0,236.5,223.0500030517578,235.0,60959066
2022-05-10,214.74362182617188,222.14999389648438,234.5,220.64999389648438,229.9499969482422,30274946
2022-05-11,218.94859313964844,226.5,229.8000030517578,219.5,222.8000030517578,35097575
2022-05-12,211.74696350097656,219.0500030517578,227.0500030517578,217.0500030517578,225.8000030517578,29320356
2022-05-13,215.37196350097656,222.8000030517578,229.1999969482422,221.3000030517578,225.0,33108597
2022-05-16,219.0452423095703,226.60000610351562,227.64999389648438,220.5,224.89999389648438,22192986
2022-05-17,233.1101531982422,241.14999389648438,242.5,227.85000610351562,228.9499969482422,34735919
2022-05-18,229.77516174316406,237.6999969482422,243.35000610351562,236.5,243.35000610351562,25004758
2022-05-19,220.83355712890625,228.4499969482422,232.60000610351562,226.35000610351562,229.5,23697546
2022-05-20,225.47354125976562,233.25,236.0,230.25,232.5,18294157
2022-05-23,222.13856506347656,229.8000030517578,235.89999389648438,228.75,234.9499969482422,16642801
2022-05-24,219.43191528320312,227.0,231.39999389648438,224.75,230.1999969482422,17636195
2022-05-25,213.5352783203125,220.89999389648438,229.89999389648438,220.0,229.0,16194564
2022-05-26,214.0669403076172,221.4499969482422,224.3000030517578,210.1999969482422,222.9499969482422,34963419
2022-05-27,217.16026306152344,224.64999389648438,226.8000030517578,222.6999969482422,225.6999969482422,16159280
2022-05-30,225.47354125976562,233.25,233.89999389648438,227.0,227.89999389648438,19674867
2022-05-31,227.31019592285156,235.14999389648438,237.60000610351562,231.3000030517578,232.89999389648438,21535025
2022-06-01,224.99021911621094,232.75,236.1999969482422,230.5500030517578,233.60000610351562,14805104
2022-06-02,226.39186096191406,234.1999969482422,235.89999389648438,231.3000030517578,232.0,13296442
2022-06-03,223.3468780517578,231.0500030517578,236.85000610351562,230.1999969482422,236.3000030517578,11433422
2022-06-06,224.5068817138672,232.25,233.60000610351562,227.5500030517578,231.0,11689465
2022-06-07,226.9235382080078,234.75,235.5,229.75,230.89999389648438,14994271
2022-06-08,225.23187255859375,233.0,236.39999389648438,231.10000610351562,235.9499969482422,13235033
2022-06-09,225.28021240234375,233.0500030517578,234.6999969482422,231.39999389648438,232.0,10241164
2022-06-10,222.5735626220703,230.25,232.39999389648438,229.0,231.39999389648438,9619461
2022-06-13,212.1819610595703,219.5,226.35000610351562,218.89999389648438,223.4499969482422,19190225
2022-06-14,213.0519561767578,220.39999389648438,224.39999389648438,214.64999389648438,214.6999969482422,16235651
2022-06-15,213.34426879882812,218.9499969482422,222.3000030517578,218.3000030517578,221.0,11820899
2022-06-16,204.42852783203125,209.8000030517578,223.3000030517578,209.0,222.39999389648438,22486470
2022-06-17,204.915771484375,210.3000030517578,213.9499969482422,207.0500030517578,209.8000030517578,20447908
2022-06-20,189.9100341796875,194.89999389648438,212.89999389648438,190.0,211.8000030517578,46007687
2022-06-21,199.3129425048828,204.5500030517578,207.75,192.5,197.8000030517578,40390379
2022-06-22,196.1461639404297,201.3000030517578,204.60000610351562,199.0,203.6999969482422,19099052
2022-06-23,197.75390625,202.9499969482422,204.89999389648438,198.64999389648438,201.3000030517578,20176334
2022-06-24,202.57717895507812,207.89999389648438,208.75,203.6999969482422,204.89999389648438,16789270
2022-06-27,202.82077026367188,208.14999389648438,211.60000610351562,207.64999389648438,209.89999389648438,18526023
2022-06-28,203.3079833984375,208.64999389648438,209.14999389648438,204.89999389648438,206.10000610351562,13321760
2022-06-29,201.9925537109375,207.3000030517578,209.6999969482422,205.75,206.10000610351562,12179447
2022-06-30,197.02313232421875,202.1999969482422,209.25,201.39999389648438,207.3000030517578,16161389
2022-07-01,201.70021057128906,207.0,207.64999389648438,200.60000610351562,202.6999969482422,15807993
2022-07-04,206.03628540039062,211.4499969482422,212.8000030517578,207.1999969482422,207.6999969482422,14714951
2022-07-05,207.35174560546875,212.8000030517578,217.10000610351562,212.0,214.5,18209477
2022-07-06,208.52101135253906,214.0,214.75,210.10000610351562,212.5,13022748
2022-07-07,209.05694580078125,214.5500030517578,216.3000030517578,212.3000030517578,215.9499969482422,14827327
2022-07-08,214.41612243652344,220.0500030517578,220.85000610351562,214.75,217.6999969482422,17940782
2022-07-11,215.0981903076172,220.75,221.89999389648438,218.3000030517578,219.0,14996210
2022-07-12,215.8289794921875,221.5,224.1999969482422,219.10000610351562,219.85000610351562,14294272
2022-07-13,215.0981903076172,220.75,223.25,219.85000610351562,222.0,11090495
2022-07-14,215.682861328125,221.35000610351562,223.25,219.14999389648438,222.89999389648438,11027964
2022-07-15,219.2393798828125,225.0,226.1999969482422,221.64999389648438,221.89999389648438,13191940
2022-07-18,221.9676971435547,227.8000030517578,228.89999389648438,225.5,226.9499969482422,11035599
2022-07-19,222.16258239746094,228.0,229.5,226.5,226.64999389648438,7716506
2022-07-20,221.77281188964844,227.60000610351562,230.60000610351562,226.8000030517578,230.0,10163009
2022-07-21,224.20880126953125,230.10000610351562,230.89999389648438,226.5,226.6999969482422,11218003
2022-07-22,224.93960571289062,230.85000610351562,234.0,230.1999969482422,230.1999969482422,12459803
2022-07-25,226.54734802246094,232.5,233.35000610351562,229.5,231.39999389648438,10169772
2022-07-26,220.3599395751953,226.14999389648438,233.5,225.10000610351562,233.0,11541475
2022-07-27,212.41859436035156,218.0,223.9499969482422,215.5,220.89999389648438,33675845
2022-07-28,212.56475830078125,218.14999389648438,221.4499969482422,216.89999389648438,220.39999389648438,22716582
2022-07-29,216.21875,221.89999389648438,222.64999389648438,218.85000610351562,220.1999969482422,19006987
2022-08-01,224.45240783691406,230.35000610351562,231.25,221.60000610351562,222.3000030517578,22010178
2022-08-02,226.6935272216797,232.64999389648438,233.60000610351562,227.1999969482422,230.0,20231195
2022-08-03,226.54734802246094,232.5,237.3000030517578,231.0500030517578,232.0,25614730
2022-08-04,221.82151794433594,227.64999389648438,234.8000030517578,225.3000030517578,233.8000030517578,20979139
2022-08-05,226.1575927734375,232.10000610351562,233.25,227.6999969482422,228.64999389648438,33228441
2022-08-08,222.4061737060547,228.25,232.85000610351562,227.6999969482422,232.0500030517578,11852419
2022-08-10,222.64976501464844,228.5,230.39999389648438,227.14999389648438,229.5,11392194
2022-08-11,223.5267333984375,229.39999389648438,231.35000610351562,228.35000610351562,229.89999389648438,9195356
2022-08-12,226.44992065429688,232.39999389648438,235.6999969482422,228.60000610351562,230.0,23305682
2022-08-16,229.95774841308594,236.0,237.5,231.39999389648438,233.64999389648438,18790189
2022-08-17,231.22445678710938,237.3000030517578,241.8000030517578,236.60000610351562,238.4499969482422,23760210
2022-08-18,231.85781860351562,237.9499969482422,239.8000030517578,235.89999389648438,236.9499969482422,15238636
2022-08-19,226.6935272216797,232.64999389648438,241.89999389648438,232.0,238.85000610351562,23097652
2022-08-22,218.41114807128906,224.14999389648438,232.64999389648438,222.85000610351562,232.64999389648438,20956719
2022-08-23,225.52426147460938,231.4499969482422,232.10000610351562,221.64999389648438,222.75,19119958
2022-08-24,223.72161865234375,229.60000610351562,232.8000030517578,227.5,230.9499969482422,14521061
2022-08-25,223.4292755126953,229.3000030517578,233.1999969482422,228.64999389648438,230.60000610351562,13814880
2022-08-26,229.08079528808594,235.10000610351562,236.39999389648438,230.85000610351562,231.0,19400636
2022-08-29,226.6935272216797,232.64999389648438,233.6999969482422,227.10000610351562,227.14999389648438,14098344
2022-08-30,230.8834228515625,236.9499969482422,237.5,234.0,234.0,13418819
2022-09-01,231.1270294189453,237.1999969482422,240.25,234.39999389648438,235.0500030517578,14693953
2022-09-02,229.17823791503906,235.1999969482422,239.5,234.4499969482422,238.4499969482422,12347290
2022-09-05,230.39622497558594,236.4499969482422,238.39999389648438,235.1999969482422,235.4499969482422,10500643
2022-09-06,241.0171661376953,247.35000610351562,248.0,237.1999969482422,237.64999389648438,61475311
2022-09-07,240.6273956298828,246.9499969482422,251.14999389648438,245.1999969482422,246.9499969482422,30474615
2022-09-08,238.6298828125,244.89999389648438,250.10000610351562,243.60000610351562,249.5500030517578,14951235
2022-09-09,236.1451873779297,242.35000610351562,247.0,241.1999969482422,246.5,12290186
2022-09-12,236.5836639404297,242.8000030517578,245.1999969482422,241.6999969482422,243.6999969482422,10322525
2022-09-13,234.87844848632812,241.0500030517578,244.89999389648438,240.0500030517578,243.89999389648438,13871114
2022-09-14,235.3169403076172,241.5,244.14999389648438,236.64999389648438,237.4499969482422,24228696
2022-09-15,239.11708068847656,245.39999389648438,246.89999389648438,239.89999389648438,242.35000610351562,19214950
2022-09-16,230.2500762939453,236.3000030517578,247.75,232.64999389648438,246.89999389648438,58044047
2022-09-19,226.40121459960938,232.35000610351562,237.9499969482422,231.89999389648438,237.5,14016637
2022-09-20,229.22695922851562,235.25,237.5,234.14999389648438,235.0,10376536
2022-09-21,225.28065490722656,231.1999969482422,236.60000610351562,230.35000610351562,235.5,14179308
2022-09-22,225.71910095214844,231.64999389648438,233.5,227.4499969482422,229.10000610351562,19648230
2022-09-23,218.752197265625,224.5,232.35000610351562,223.5500030517578,231.25,16143866
2022-09-26,209.78773498535156,215.3000030517578,223.5500030517578,212.5,222.8000030517578,22684799
2022-09-27,211.931396484375,217.5,219.85000610351562,214.4499969482422,217.3000030517578,14097631
2022-09-28,208.42355346679688,213.89999389648438,216.85000610351562,212.75,215.0,12102060
2022-09-29,206.81581115722656,212.25,218.0,210.5,216.14999389648438,18736174
2022-09-30,210.95700073242188,216.5,217.10000610351562,210.25,212.1999969482422,13008102
2022-10-03,207.69277954101562,213.14999389648438,218.0,211.8000030517578,216.5,10864491
2022-10-04,213.44171142578125,219.0500030517578,219.9499969482422,216.1999969482422,216.8000030517578,11173725
2022-10-06,216.02386474609375,221.6999969482422,223.25,220.25,221.0,10571565
2022-10-07,216.8033905029297,222.5,222.89999389648438,218.75,221.64999389648438,11098716
2022-10-10,214.70843505859375,220.35000610351562,220.75,217.10000610351562,220.0,9516511
2022-10-11,211.59036254882812,217.14999389648438,222.25,216.5,220.39999389648438,9006207
2022-10-12,212.369873046875,217.9499969482422,219.39999389648438,215.0500030517578,218.0,9504518
2022-10-13,210.61595153808594,216.14999389648438,218.89999389648438,213.5,217.9499969482422,9559072
2022-10-14,210.37234497070312,215.89999389648438,220.60000610351562,215.5,220.0,8739363
2022-10-17,212.369873046875,217.9499969482422,218.5,213.85000610351562,215.0,9420098
2022-10-18,215.00074768066406,220.64999389648438,222.0,218.64999389648438,219.0500030517578,10267276
2022-10-19,212.80836486816406,218.39999389648438,221.64999389648438,217.5500030517578,221.39999389648438,7712123
2022-10-20,215.14691162109375,220.8000030517578,221.3000030517578,216.10000610351562,217.85000610351562,7889548
2022-10-21,213.0032501220703,218.60000610351562,222.25,217.5500030517578,221.25,8153053
2022-10-24,213.39300537109375,219.0,221.14999389648438,218.3000030517578,221.0,2893840
2022-10-25,215.00074768066406,220.64999389648438,222.89999389648438,217.64999389648438,219.10000610351562,9040336
2022-10-27,220.067626953125,225.85000610351562,226.89999389648438,221.10000610351562,221.8000030517578,12783887
2022-10-28,219.28810119628906,225.0500030517578,227.6999969482422,222.5500030517578,227.0,13141721
2022-10-31,220.21376037597656,226.0,229.0,224.1999969482422,228.10000610351562,22697530
2022-11-01,224.69602966308594,230.60000610351562,231.35000610351562,226.5,226.5,16978101
2022-11-02,223.18568420410156,229.0500030517578,231.8000030517578,227.8000030517578,230.0,9478217
2022-11-03,221.5779266357422,227.39999389648438,229.5,225.75,228.1999969482422,9095013
2022-11-04,222.45489501953125,228.3000030517578,229.39999389648438,226.75,227.6999969482422,8681681
2022-11-07,223.2831268310547,229.14999389648438,230.39999389648438,226.89999389648438,228.35000610351562,9570452
2022-11-09,225.42681884765625,231.35000610351562,234.5,228.85000610351562,230.10000610351562,16625632
2022-11-10,223.3318328857422,229.1999969482422,233.39999389648438,228.5,231.1999969482422,8944902
2022-11-11,223.86778259277344,229.75,232.0,229.1999969482422,232.0,7259679
2022-11-14,221.87026977539062,227.6999969482422,230.39999389648438,226.8000030517578,230.0500030517578,7310857
2022-11-15,223.62416076660156,229.5,230.25,228.0,228.4499969482422,6426117
2022-11-16,218.84962463378906,224.60000610351562,230.0,222.25,229.5,10662953
2022-11-17,215.73153686523438,221.39999389648438,224.89999389648438,221.0,224.6999969482422,10679502
2022-11-18,214.80589294433594,220.4499969482422,222.85000610351562,218.6999969482422,222.35000610351562,7718744
2022-11-21,215.73153686523438,221.39999389648438,222.39999389648438,218.39999389648438,220.4499969482422,6226956
2022-11-22,214.85459899902344,220.5,222.0,219.0500030517578,221.0500030517578,7105721
2022-11-23,215.14691162109375,220.8000030517578,222.25,220.5,221.5,5966239
2022-11-24,215.0981903076172,220.75,221.6999969482422,219.60000610351562,221.0,6612342
2022-11-25,218.3624267578125,224.10000610351562,224.85000610351562,220.35000610351562,221.1999969482422,8062766
2022-11-28,218.84962463378906,224.60000610351562,226.4499969482422,223.3000030517578,224.10000610351562,7388645
2022-11-29,217.72906494140625,223.4499969482422,225.4499969482422,222.89999389648438,225.0,6165404
2022-11-30,219.04449462890625,224.8000030517578,225.39999389648438,222.64999389648438,223.5500030517578,8815900
2022-12-01,219.09320068359375,224.85000610351562,227.14999389648438,223.60000610351562,225.25,7833074
2022-12-02,219.48297119140625,225.25,226.35000610351562,223.85000610351562,225.4499969482422,7223274
2022-12-05,218.45986938476562,224.1999969482422,225.85000610351562,222.35000610351562,225.25,10750610
2022-12-06,222.9420928955078,228.8000030517578,230.3000030517578,223.5,224.1999969482422,20071039
2022-12-07,220.067626953125,225.85000610351562,229.60000610351562,225.39999389648438,228.8000030517578,7548312
2022-12-08,219.28810119628906,225.0500030517578,227.3000030517578,224.8000030517578,226.0,7507975
2022-12-09,213.78274536132812,219.39999389648438,226.5,217.5,225.89999389648438,13087278
2022-12-12,212.12628173828125,217.6999969482422,219.75,215.6999969482422,219.75,8858525
2022-12-13,213.24684143066406,218.85000610351562,220.3000030517578,217.8000030517578,218.8000030517578,7265105
2022-12-14,216.99826049804688,222.6999969482422,223.1999969482422,219.39999389648438,219.8000030517578,9179593
2022-12-15,216.12130737304688,221.8000030517578,224.8000030517578,221.0500030517578,222.64999389648438,7909066
2022-12-16,211.78524780273438,217.35000610351562,222.5,216.0500030517578,221.0,10349382
2022-12-19,211.24932861328125,216.8000030517578,218.0,214.89999389648438,218.0,9302368
2022-12-20,212.2724609375,217.85000610351562,218.5,214.60000610351562,216.8000030517578,6418826
2022-12-21,208.3261260986328,213.8000030517578,219.39999389648438,212.5,218.39999389648438,9737819
2022-12-22,203.55157470703125,208.89999389648438,215.3000030517578,206.5500030517578,214.89999389648438,14020296
2022-12-23,191.8588104248047,196.89999389648438,207.89999389648438,196.0,206.1999969482422,20819266
2022-12-26,197.94879150390625,203.14999389648438,204.64999389648438,194.60000610351562,197.3000030517578,18203352
2022-12-27,202.38230895996094,207.6999969482422,208.3000030517578,204.8000030517578,206.8000030517578,11851262
2022-12-28,202.91824340820312,208.25,210.3000030517578,206.8000030517578,207.35000610351562,8920331
2022-12-29,200.57969665527344,205.85000610351562,208.8000030517578,205.0,208.8000030517578,15374707
2022-12-30,202.38230895996094,207.6999969482422,210.0,207.0,207.39999389648438,7372810
2023-01-02,206.42605590820312,211.85000610351562,212.1999969482422,208.1999969482422,208.75,7746971
2023-01-03,205.93885803222656,211.35000610351562,213.0,210.0,212.0,7238453
2023-01-04,202.77206420898438,208.10000610351562,211.35000610351562,205.85000610351562,211.0,14226706
2023-01-05,202.28488159179688,207.60000610351562,209.75,205.14999389648438,209.60000610351562,10272550
2023-01-06,200.14120483398438,205.39999389648438,208.75,204.10000610351562,207.60000610351562,9603038
2023-01-09,200.92071533203125,206.1999969482422,207.14999389648438,205.1999969482422,206.4499969482422,6631221
2023-01-10,200.77455139160156,206.0500030517578,207.8000030517578,204.6999969482422,206.64999389648438,8246247
2023-01-11,200.57969665527344,205.85000610351562,207.3000030517578,205.14999389648438,206.85000610351562,7061239
2023-01-12,200.43350219726562,205.6999969482422,206.8000030517578,203.8000030517578,206.39999389648438,6167789
2023-01-13,201.164306640625,206.4499969482422,206.8000030517578,204.14999389648438,205.6999969482422,5801690
2023-01-16,201.6514892578125,206.9499969482422,208.25,206.14999389648438,207.3000030517578,4396161
2023-01-17,202.38230895996094,207.6999969482422,208.5,206.0,206.89999389648438,5676087
2023-01-18,202.18743896484375,207.5,208.35000610351562,207.3000030517578,207.64999389648438,4564618
2023-01-19,200.0437469482422,205.3000030517578,207.5,205.0500030517578,206.9499969482422,4978935
2023-01-20,201.8950958251953,207.1999969482422,208.5,205.10000610351562,205.35000610351562,6362978
2023-01-23,201.70021057128906,207.0,208.0,206.6999969482422,207.75,4638356
2023-01-24,200.57969665527344,205.85000610351562,208.14999389648438,205.5,207.0500030517578,6551672
2023-01-25,196.29232788085938,201.4499969482422,206.25,200.85000610351562,205.85000610351562,9681030
2023-01-27,197.16929626464844,202.35000610351562,203.85000610351562,196.64999389648438,202.5,13521282
2023-01-30,199.1180877685547,204.35000610351562,205.8000030517578,201.35000610351562,203.4499969482422,10341362
2023-01-31,207.4491729736328,212.89999389648438,214.64999389648438,204.4499969482422,205.5,16807189
2023-02-01,200.57969665527344,205.85000610351562,215.39999389648438,196.64999389648438,214.89999389648438,19017445
2023-02-02,201.0181427001953,206.3000030517578,208.8000030517578,204.0,204.9499969482422,9841415
2023-02-03,200.0437469482422,205.3000030517578,208.1999969482422,202.0,207.5,10618799
2023-02-06,203.21055603027344,208.5500030517578,212.85000610351562,206.75,209.0,17908243
2023-02-07,201.0181427001953,206.3000030517578,210.0,205.0,209.5,8095192
2023-02-08,201.84637451171875,207.14999389648438,207.5500030517578,204.1999969482422,206.3000030517578,8259877
2023-02-09,200.23863220214844,205.5,207.64999389648438,203.5500030517578,207.1999969482422,6294658
2023-02-10,199.5565643310547,204.8000030517578,206.14999389648438,202.85000610351562,205.5,5515771
2023-02-13,198.3872833251953,203.60000610351562,206.25,202.3000030517578,205.3000030517578,6844360
2023-02-14,197.90008544921875,203.10000610351562,204.5,201.85000610351562,203.6999969482422,5125639
2023-02-15,199.99502563476562,205.25,205.64999389648438,202.35000610351562,202.64999389648438,6323738
2023-02-16,199.89759826660156,205.14999389648438,206.39999389648438,204.5,205.60000610351562,4862186
2023-02-17,199.45912170410156,204.6999969482422,206.0500030517578,204.14999389648438,204.5,5939096
2023-02-20,198.58216857910156,203.8000030517578,205.35000610351562,202.1999969482422,204.8000030517578,7780404
2023-02-21,202.62591552734375,207.9499969482422,209.75,204.60000610351562,204.85000610351562,15068225
2023-02-22,197.1205596923828,202.3000030517578,207.5500030517578,201.60000610351562,207.5500030517578,15048335
2023-02-23,196.1461639404297,201.3000030517578,203.6999969482422,200.60000610351562,202.8000030517578,10723010
2023-02-24,197.1205596923828,202.3000030517578,202.9499969482422,201.3000030517578,201.89999389648438,5212611
2023-02-27,194.6358642578125,199.75,202.3000030517578,197.5,201.9499969482422,12387738
2023-02-28,197.3641815185547,202.5500030517578,202.9499969482422,199.5500030517578,200.9499969482422,6795039
2023-03-01,199.3129425048828,204.5500030517578,205.39999389648438,202.39999389648438,203.3000030517578,6502602
2023-03-02,200.33609008789062,205.60000610351562,206.3000030517578,203.5500030517578,204.5,6290128
2023-03-03,202.4310302734375,207.75,209.25,206.0,206.10000610351562,9201938
2023-03-06,204.915771484375,210.3000030517578,212.89999389648438,208.10000610351562,208.5,11959992
2023-03-08,205.84141540527344,211.25,211.89999389648438,208.10000610351562,209.4499969482422,7273306
2023-03-09,204.37982177734375,209.75,212.75,209.39999389648438,211.75,7481807
2023-03-10,203.40542602539062,208.75,209.1999969482422,206.0,208.0500030517578,5967859
2023-03-13,197.65647888183594,202.85000610351562,209.1999969482422,202.1999969482422,207.0500030517578,7250840
2023-03-14,198.19239807128906,203.39999389648438,205.1999969482422,201.6999969482422,203.85000610351562,7282943
2023-03-15,197.75390625,202.9499969482422,205.4499969482422,202.5500030517578,205.0,5658938
2023-03-16,198.19239807128906,203.39999389648438,204.5500030517578,198.85000610351562,202.9499969482422,7483698
2023-03-17,199.89759826660156,205.14999389648438,206.39999389648438,203.64999389648438,204.4499969482422,6398045
2023-03-20,197.41290283203125,202.60000610351562,204.5500030517578,200.5,204.5,6100721
2023-03-21,197.1205596923828,202.3000030517578,203.60000610351562,201.60000610351562,203.0,4431418
2023-03-22,195.80514526367188,200.9499969482422,203.8000030517578,200.5,203.35000610351562,7561000
2023-03-23,194.97689819335938,200.10000610351562,202.1999969482422,199.5500030517578,200.0,5367782
2023-03-24,187.8150634765625,192.75,201.25,192.10000610351562,200.10000610351562,16010459
2023-03-27,181.87123107910156,186.64999389648438,194.0,184.4499969482422,192.89999389648438,22247890
2023-03-28,179.24038696289062,183.9499969482422,187.5,182.35000610351562,186.6999969482422,12023683
2023-03-29,180.7506866455078,185.5,187.6999969482422,183.3000030517578,184.5,17480941
2023-03-31,185.3790740966797,190.25,191.60000610351562,187.9499969482422,188.5,13519886
2023-04-03,188.98434448242188,193.9499969482422,196.0500030517578,192.0500030517578,193.35000610351562,14927965
2023-04-05,189.6177215576172,194.60000610351562,194.9499969482422,192.5,194.64999389648438,7802577
2023-04-06,190.2510528564453,195.25,196.0,192.10000610351562,193.5,8898362
2023-04-10,190.68954467773438,195.6999969482422,197.75,195.10000610351562,195.5,7752647
2023-04-11,192.4921875,197.5500030517578,197.89999389648438,195.8000030517578,197.0,4957133
2023-04-12,192.05369567871094,197.10000610351562,198.60000610351562,195.5500030517578,198.0,8183550
2023-04-13,191.27418518066406,196.3000030517578,197.1999969482422,194.25,197.1999969482422,6448150
2023-04-17,191.9075469970703,196.9499969482422,197.60000610351562,194.8000030517578,196.3000030517578,4756452
2023-04-18,192.19985961914062,197.25,198.1999969482422,196.14999389648438,197.5,4249222
2023-04-19,188.4971466064453,193.4499969482422,197.75,193.0500030517578,197.5500030517578,6753761
2023-04-20,191.37161254882812,196.39999389648438,196.8000030517578,193.4499969482422,193.5500030517578,6086016
2023-04-21,190.68954467773438,195.6999969482422,196.9499969482422,194.5,196.9499969482422,4015567
2023-04-24,190.83570861816406,195.85000610351562,196.6999969482422,194.8000030517578,196.5,5017631
2023-04-25,192.589599609375,197.64999389648438,198.8000030517578,195.35000610351562,195.85000610351562,5957551
2023-04-26,193.1255340576172,198.1999969482422,198.9499969482422,196.14999389648438,197.64999389648438,4910837
2023-04-27,193.4178466796875,198.5,199.9499969482422,197.64999389648438,198.4499969482422,5215692
2023-04-28,195.95127868652344,201.10000610351562,201.5500030517578,199.0,199.5,7951645
2023-05-02,196.58465576171875,201.75,202.9499969482422,200.39999389648438,201.9499969482422,6881245
2023-05-03,198.58216857910156,203.8000030517578,204.25,200.4499969482422,201.8000030517578,8641713
2023-05-04,198.63088989257812,203.85000610351562,204.5500030517578,202.10000610351562,203.89999389648438,8211667
2023-05-05,195.02560424804688,200.14999389648438,205.60000610351562,199.39999389648438,203.89999389648438,16337389
2023-05-08,197.51031494140625,202.6999969482422,203.1999969482422,199.5,201.5,7724617
2023-05-09,198.094970703125,203.3000030517578,205.10000610351562,202.39999389648438,203.75,7956883
2023-05-10,198.92318725585938,204.14999389648438,204.4499969482422,202.1999969482422,203.5,5026713
2023-05-11,201.0181427001953,206.3000030517578,207.1999969482422,204.14999389648438,204.5,8986218
2023-05-12,201.74896240234375,207.0500030517578,207.8000030517578,206.14999389648438,206.85000610351562,7304524
2023-05-15,202.82077026367188,208.14999389648438,209.39999389648438,206.4499969482422,207.64999389648438,6740655
2023-05-16,205.93885803222656,211.35000610351562,215.0,208.1999969482422,208.85000610351562,18196503
2023-05-17,202.4310302734375,207.75,212.39999389648438,206.85000610351562,212.39999389648438,9107799
2023-05-18,199.36167907714844,204.60000610351562,209.6999969482422,204.10000610351562,209.0,8248339
2023-05-19,200.57969665527344,205.85000610351562,206.5,201.8000030517578,206.3000030517578,9002705
2023-05-22,200.92071533203125,206.1999969482422,206.89999389648438,204.10000610351562,206.0,5577418
2023-05-23,201.602783203125,206.89999389648438,207.4499969482422,205.5,206.5,5017652
2023-05-24,201.84637451171875,207.14999389648438,208.0,205.5500030517578,206.64999389648438,5447203
2023-05-25,205.4029541015625,210.8000030517578,211.1999969482422,206.5500030517578,207.1999969482422,8705559
2023-05-26,206.76708984375,212.1999969482422,213.8000030517578,210.64999389648438,212.25,8476048
2023-05-29,211.4442138671875,217.0,217.6999969482422,211.6999969482422,213.0,12956419
2023-05-30,211.34677124023438,216.89999389648438,218.4499969482422,215.0,218.0,11975300
2023-05-31,208.08253479003906,213.5500030517578,219.0,212.89999389648438,216.89999389648438,11299432
2023-06-01,209.78773498535156,215.3000030517578,217.0,213.0,213.9499969482422,6324964
2023-06-02,210.12875366210938,215.64999389648438,216.89999389648438,215.0,216.39999389648438,4908437
2023-06-05,213.44171142578125,219.0500030517578,219.39999389648438,216.14999389648438,217.0,8688870
2023-06-06,211.2006072998047,216.75,219.8000030517578,215.5500030517578,219.8000030517578,8301040
2023-06-07,214.83946228027344,218.4499969482422,219.64999389648438,214.10000610351562,216.60000610351562,11387499
2023-06-08,217.00308227539062,220.64999389648438,226.1999969482422,218.4499969482422,218.9499969482422,31056302
2023-06-09,217.54400634765625,221.1999969482422,224.60000610351562,220.1999969482422,224.60000610351562,11045069
2023-06-12,217.29812622070312,220.9499969482422,223.5500030517578,220.35000610351562,221.9499969482422,6342344
2023-06-13,218.13409423828125,221.8000030517578,222.8000030517578,220.85000610351562,221.5,6249947
2023-06-14,220.4452362060547,224.14999389648438,225.25,221.5500030517578,222.5,10509540
2023-06-15,216.95391845703125,220.60000610351562,224.64999389648438,220.14999389648438,224.39999389648438,7665159
2023-06-16,218.57662963867188,222.25,223.6999969482422,220.89999389648438,221.89999389648438,7136739
2023-06-19,219.46176147460938,223.14999389648438,224.14999389648438,221.0,223.0,7473608
2023-06-20,221.2320098876953,224.9499969482422,226.35000610351562,222.60000610351562,223.10000610351562,11221842
2023-06-21,220.59275817871094,224.3000030517578,226.0,222.60000610351562,225.25,6987933
2023-06-22,217.44566345214844,221.10000610351562,225.14999389648438,220.5,224.85000610351562,6857007
2023-06-23,214.69192504882812,218.3000030517578,222.10000610351562,215.6999969482422,222.0,10890426
2023-06-26,214.9869842529297,218.60000610351562,219.35000610351562,216.3000030517578,218.3000030517578,5136478
2023-06-27,215.62623596191406,219.25,220.5,218.60000610351562,218.89999389648438,4694432
2023-06-28,214.44606018066406,218.0500030517578,220.9499969482422,217.5500030517578,219.9499969482422,8345362
2023-06-30,218.1832733154297,221.85000610351562,222.5,218.85000610351562,219.6999969482422,9940002
2023-07-03,218.23243713378906,221.89999389648438,224.1999969482422,221.60000610351562,222.89999389648438,5792956
2023-07-04,217.00308227539062,220.64999389648438,223.3000030517578,220.1999969482422,222.10000610351562,4598056
2023-07-05,218.0357208251953,221.6999969482422,223.75,220.5500030517578,220.9499969482422,5879342
2023-07-06,225.80516052246094,229.60000610351562,230.3000030517578,223.5500030517578,225.0,30885511
2023-07-07,224.2316131591797,228.0,232.35000610351562,226.10000610351562,229.8000030517578,16592198
2023-07-10,221.28118896484375,225.0,229.25,224.64999389648438,229.25,7143637
2023-07-11,221.77291870117188,225.5,226.85000610351562,224.6999969482422,226.0,5156417
2023-07-12,222.5596923828125,226.3000030517578,227.25,225.1999969482422,226.25,7366992
2023-07-13,218.1832733154297,221.85000610351562,227.1999969482422,220.89999389648438,227.0,9389403
2023-07-14,217.396484375,221.0500030517578,222.75,218.5500030517578,222.75,10191602
2023-07-17,219.8059844970703,223.5,224.6999969482422,221.25,221.9499969482422,7071156
2023-07-18,217.8390350341797,221.5,224.3000030517578,220.75,224.1999969482422,6695221
2023-07-19,215.87210083007812,219.5,221.39999389648438,217.5,221.39999389648438,14481130
2023-07-20,214.54440307617188,218.14999389648438,220.64999389648438,217.75,219.8000030517578,6910107
2023-07-21,213.80679321289062,217.39999389648438,219.1999969482422,216.75,218.14999389648438,5715378
2023-07-24,213.75762939453125,217.35000610351562,218.75,216.8000030517578,218.25,4387406
2023-07-25,215.8229217529297,219.4499969482422,220.5,217.5,217.5,7602866
2023-07-26,217.8390350341797,221.5,222.39999389648438,219.8000030517578,220.39999389648438,8511027
2023-07-27,217.2489471435547,220.89999389648438,222.5500030517578,220.5,222.25,7845672
2023-07-28,230.77169799804688,234.64999389648438,237.1999969482422,220.0,220.89999389648438,57651036
2023-07-31,232.78781127929688,236.6999969482422,238.89999389648438,235.1999969482422,236.5500030517578,18682254
2023-08-01,240.3605499267578,244.39999389648438,245.39999389648438,236.25,237.39999389648438,27535144
2023-08-02,231.85353088378906,235.75,244.6999969482422,233.3000030517578,244.6999969482422,22636262
2023-08-03,231.5584716796875,235.4499969482422,237.60000610351562,232.5500030517578,235.25,10784942
2023-08-04,231.75515747070312,235.64999389648438,237.35000610351562,234.5,237.0,7710303
2023-08-07,228.9522705078125,232.8000030517578,237.0,232.1999969482422,236.89999389648438,7286281
2023-08-08,230.03408813476562,233.89999389648438,236.64999389648438,230.5,234.5,9464101
2023-08-09,231.01756286621094,234.89999389648438,237.0,232.0,237.0,10515447
2023-08-10,233.23037719726562,237.14999389648438,241.6999969482422,233.5,236.0,25155361
2023-08-11,232.2960662841797,236.1999969482422,238.35000610351562,235.14999389648438,238.0500030517578,6875382
2023-08-14,227.3295440673828,231.14999389648438,236.14999389648438,229.10000610351562,236.0,10730311
2023-08-16,231.06674194335938,234.9499969482422,235.5,228.0500030517578,230.0,6716135
2023-08-17,228.65724182128906,232.5,235.85000610351562,231.89999389648438,234.9499969482422,6535775
2023-08-18,226.29690551757812,230.10000610351562,233.5,229.60000610351562,232.5,6814759
2023-08-21,235.39401245117188,239.35000610351562,240.39999389648438,230.10000610351562,230.64999389648438,14519170
2023-08-22,239.4754180908203,243.5,244.10000610351562,239.60000610351562,242.0,22416067
2023-08-23,241.54071044921875,245.60000610351562,248.5,243.5,244.64999389648438,23010389
2023-08-24,245.62213134765625,249.75,252.8000030517578,246.5,247.0,28698029
2023-08-25,241.54071044921875,245.60000610351562,251.6999969482422,243.39999389648438,249.64999389648438,15076489
2023-08-28,240.9014434814453,244.9499969482422,246.89999389648438,243.6999969482422,246.14999389648438,7395680
2023-08-29,242.8192138671875,246.89999389648438,248.5,244.9499969482422,245.0,7267365
2023-08-30,243.2617950439453,247.35000610351562,250.5,246.89999389648438,248.0,8228142
2023-08-31,241.0489959716797,245.10000610351562,249.75,244.25,248.64999389648438,11641155
2023-09-01,251.1295623779297,255.35000610351562,255.9499969482422,246.10000610351562,246.75,28052910
2023-09-04,254.8667755126953,259.1499938964844,262.29998779296875,255.10000610351562,257.95001220703125,18767431
2023-09-05,254.1783447265625,258.45001220703125,262.5,255.64999389648438,260.79998779296875,14987193
2023-09-06,253.24403381347656,257.5,261.79998779296875,254.64999389648438,261.0,9250338
2023-09-07,259.341552734375,263.70001220703125,266.3500061035156,256.29998779296875,258.0,17703150
2023-09-08,264.4064636230469,268.8500061035156,276.5,263.70001220703125,264.8500061035156,53019645
2023-09-11,267.406005859375,271.8999938964844,274.0,269.1499938964844,274.0,16450404
2023-09-12,258.3581237792969,262.70001220703125,276.0,260.0,276.0,23738913
2023-09-13,260.62005615234375,265.0,267.6000061035156,261.0,263.5,11803636
2023-09-14,260.7184143066406,265.1000061035156,268.0,263.45001220703125,266.8500061035156,7915449
2023-09-15,259.5874328613281,263.95001220703125,267.95001220703125,263.1000061035156,267.1000061035156,7612098
2023-09-18,261.1609802246094,265.54998779296875,266.75,262.29998779296875,265.3999938964844,8425365
2023-09-20,257.6696472167969,262.0,267.0,261.0,265.3500061035156,9016803
2023-09-21,252.4080810546875,256.6499938964844,262.0,256.04998779296875,261.95001220703125,7948656
2023-09-22,252.85064697265625,257.1000061035156,259.0,254.25,257.1499938964844,6831744
2023-09-25,252.6539306640625,256.8999938964844,258.29998779296875,255.0,258.20001220703125,5384845
2023-09-26,255.55517578125,259.8500061035156,263.75,257.0,257.1000061035156,9193002
2023-09-27,255.45684814453125,259.75,260.6000061035156,256.54998779296875,259.8500061035156,5650167
2023-09-28,253.784912109375,258.04998779296875,264.25,257.29998779296875,262.0,11266992
2023-09-29,257.9646911621094,262.29998779296875,264.75,259.45001220703125,259.45001220703125,10214222
2023-10-03,259.5874328613281,263.95001220703125,266.5,260.79998779296875,262.54998779296875,7137959
2023-10-04,252.4080810546875,256.6499938964844,262.95001220703125,253.5,262.95001220703125,12531396
2023-10-05,253.53904724121094,257.79998779296875,260.20001220703125,256.0,258.6000061035156,6675848
2023-10-06,254.47335815429688,258.75,259.95001220703125,258.04998779296875,259.5,3828731
2023-10-09,245.8679962158203,250.0,255.9499969482422,249.10000610351562,255.10000610351562,11210941
2023-10-10,249.70352172851562,253.89999389648438,255.0,250.5,250.5,5951928
2023-10-11,249.75270080566406,253.9499969482422,256.3999938964844,253.10000610351562,255.1999969482422,6245802
2023-10-12,250.93287658691406,255.14999389648438,257.3999938964844,254.6999969482422,255.39999389648438,5375168
2023-10-13,249.90023803710938,254.10000610351562,255.89999389648438,253.1999969482422,254.4499969482422,4300916
2023-10-16,250.58865356445312,254.8000030517578,256.8500061035156,253.5500030517578,254.10000610351562,6720120
2023-10-17,252.6539306640625,256.8999938964844,259.29998779296875,256.0,256.8500061035156,6338761
2023-10-18,248.86758422851562,253.0500030517578,257.70001220703125,251.5,257.0,6003534
2023-10-19,247.83493041992188,252.0,252.89999389648438,249.5,252.5500030517578,4782988
2023-10-20,243.3109588623047,247.39999389648438,252.39999389648438,246.60000610351562,251.5,7678941
2023-10-23,234.3121795654297,238.25,248.75,236.3000030517578,248.35000610351562,9550108
2023-10-25,232.78781127929688,236.6999969482422,241.64999389648438,233.14999389648438,239.85000610351562,9555885
2023-10-26,230.5258331298828,234.39999389648438,235.35000610351562,230.8000030517578,235.0,9272278
2023-10-27,234.21385192871094,238.14999389648438,239.0,235.5,236.14999389648438,7031353
2023-10-30,235.1481475830078,239.10000610351562,239.89999389648438,235.0,238.5,5661460
2023-10-31,235.39401245117188,239.35000610351562,241.85000610351562,238.25,240.5,6266858
2023-11-01,232.9844970703125,236.89999389648438,240.25,236.3000030517578,239.9499969482422,4027707
2023-11-02,240.75393676757812,244.8000030517578,245.0500030517578,238.0,238.0,9816661
2023-11-03,240.5572509765625,244.60000610351562,246.14999389648438,243.89999389648438,245.85000610351562,5030180
2023-11-06,245.42543029785156,249.5500030517578,251.1999969482422,245.60000610351562,247.0,9389448
2023-11-07,245.67129516601562,249.8000030517578,252.0,248.89999389648438,249.9499969482422,7066697
2023-11-08,250.73617553710938,254.9499969482422,256.3500061035156,251.5,252.89999389648438,13131393
2023-11-09,243.9010467529297,248.0,254.0,247.1999969482422,254.0,15388769
2023-11-10,247.24484252929688,251.39999389648438,251.85000610351562,246.85000610351562,248.0,6974541
2023-11-13,252.80145263671875,257.04998779296875,258.5,251.25,252.75,10251490
2023-11-15,254.91595458984375,259.20001220703125,262.25,258.1000061035156,259.20001220703125,8436750
2023-11-16,258.11224365234375,262.45001220703125,265.5,259.3500061035156,259.3999938964844,13551131
2023-11-17,258.3089294433594,262.6499938964844,264.95001220703125,261.3999938964844,262.8999938964844,6452353
2023-11-20,256.5386962890625,260.8500061035156,264.3999938964844,260.1000061035156,263.8500061035156,4859705
2023-11-21,258.3089294433594,262.6499938964844,265.3999938964844,260.75,263.75,6931541
2023-11-22,257.76800537109375,262.1000061035156,263.6000061035156,259.25,263.3999938964844,4537969
2023-11-23,256.4403381347656,260.75,263.75,259.79998779296875,262.1000061035156,5466513
2023-11-24,253.88327026367188,258.1499938964844,261.8999938964844,257.04998779296875,261.3999938964844,7153583
2023-11-28,266.32421875,270.79998779296875,271.3999938964844,258.5,259.3999938964844,24745437
2023-11-29,268.8812255859375,273.3999938964844,275.70001220703125,271.5,275.0,26392589
2023-11-30,263.47210693359375,267.8999938964844,273.0,265.1000061035156,273.0,20403510
2023-12-01,271.4382629394531,276.0,278.5,268.54998779296875,270.0,32159928
2023-12-04,276.8965148925781,281.54998779296875,286.0,278.8999938964844,285.0,28890541
2023-12-05,276.8473815917969,281.5,283.20001220703125,276.5,283.0,21565252
2023-12-06,289.28826904296875,294.1499938964844,298.6000061035156,280.20001220703125,281.54998779296875,45934967
2023-12-07,320.4151611328125,325.79998779296875,332.1499938964844,292.1499938964844,295.0,152381610
2023-12-08,318.2023620605469,323.54998779296875,335.95001220703125,318.1000061035156,331.95001220703125,74992149
2023-12-11,328.1354064941406,333.6499938964844,335.29998779296875,322.3500061035156,325.3999938964844,40351523
2023-12-12,325.3325500488281,330.79998779296875,335.0,327.6000061035156,335.0,22627713
2023-12-13,332.56103515625,338.1499938964844,340.5,329.75,332.1000061035156,33632037
2023-12-14,329.85650634765625,335.3999938964844,341.8999938964844,335.0,340.8999938964844,16560229
2023-12-15,327.69287109375,333.20001220703125,338.5,331.79998779296875,337.3999938964844,17080409
2023-12-18,331.4792175292969,337.04998779296875,340.29998779296875,334.3999938964844,339.0,15561817
2023-12-19,330.3482360839844,335.8999938964844,338.5,330.45001220703125,338.5,11713755
2023-12-20,314.8585205078125,320.1499938964844,346.8999938964844,318.0,336.70001220703125,40678163
2023-12-21,323.1197204589844,328.54998779296875,330.70001220703125,312.70001220703125,318.0,26393082
2023-12-22,321.2510986328125,326.6499938964844,332.0,323.54998779296875,331.0,15179674
2023-12-26,320.02178955078125,325.3999938964844,331.3999938964844,325.0,328.54998779296875,11314266
2023-12-27,319.4808654785156,324.8500061035156,329.8999938964844,321.6499938964844,327.04998779296875,10349372
2023-12-28,324.3490295410156,329.79998779296875,331.0,324.0,326.6000061035156,16182026
2023-12-29,326.66021728515625,332.1499938964844,336.0,326.04998779296875,330.1000061035156,19909151
2024-01-01,324.84075927734375,330.29998779296875,335.8500061035156,328.1499938964844,333.8999938964844,10096386
2024-01-02,324.39825439453125,329.8500061035156,332.70001220703125,319.6000061035156,331.70001220703125,15689859
2024-01-03,321.3003234863281,326.70001220703125,329.6000061035156,324.8500061035156,329.6000061035156,9954264
2024-01-04,332.2660217285156,337.8500061035156,340.79998779296875,326.79998779296875,326.79998779296875,26968463
2024-01-05,335.1180725097656,340.75,349.70001220703125,336.1499938964844,339.3500061035156,37557423
2024-01-08,333.3478088378906,338.95001220703125,344.0,337.3500061035156,344.0,14548833
2024-01-09,334.5771789550781,340.20001220703125,344.8500061035156,338.04998779296875,341.6499938964844,14504090
2024-01-10,340.723876953125,346.45001220703125,348.75,340.75,342.20001220703125,23432704
2024-01-11,351.39453125,357.29998779296875,360.0,347.8500061035156,349.45001220703125,33499272
2024-01-12,351.8371276855469,357.75,361.8500061035156,356.54998779296875,361.6499938964844,20933438
2024-01-15,352.96807861328125,358.8999938964844,360.20001220703125,353.0,359.6499938964844,12869181
2024-01-16,347.6081848144531,353.45001220703125,360.70001220703125,349.0,358.95001220703125,14129539
2024-01-17,343.03497314453125,348.79998779296875,355.3500061035156,346.5,352.3999938964844,12084011
2024-01-18,339.8387145996094,345.54998779296875,350.0,335.29998779296875,347.79998779296875,16863929
2024-01-19,342.8874816894531,348.6499938964844,351.29998779296875,345.1000061035156,348.0,13483525
2024-01-23,340.4779968261719,346.20001220703125,365.75,341.20001220703125,365.5,25989141
2024-01-24,351.0503234863281,356.95001220703125,357.8999938964844,343.75,348.5,19810051
2024-01-25,359.06561279296875,365.1000061035156,366.70001220703125,358.0,358.95001220703125,19949672
2024-01-29,375.5879211425781,381.8999938964844,387.25,366.8500061035156,369.45001220703125,34448280
2024-01-30,376.9156494140625,383.25,392.79998779296875,382.0,386.1000061035156,23860682
2024-01-31,383.3081970214844,389.75,391.20001220703125,383.70001220703125,385.0,15543971
2024-02-01,382.423095703125,388.8500061035156,396.70001220703125,385.45001220703125,392.1000061035156,25396799
2024-02-02,383.35736083984375,389.79998779296875,394.79998779296875,387.54998779296875,391.54998779296875,13340756
2024-02-05,387.4879455566406,394.0,402.5,390.20001220703125,395.5,22188678
2024-02-06,386.455322265625,392.95001220703125,396.6499938964844,386.75,396.6499938964844,12288416
2024-02-07,388.61895751953125,395.1499938964844,401.75,392.0,395.70001220703125,13281036
2024-02-08,400.66644287109375,407.3999938964844,410.8999938964844,393.1000061035156,396.5,21626429
2024-02-09,385.619384765625,392.1000061035156,412.8999938964844,384.04998779296875,412.8999938964844,38295877
2024-02-12,355.7218017578125,361.70001220703125,386.1499938964844,359.20001220703125,379.8999938964844,44078652
2024-02-13,359.01641845703125,365.04998779296875,366.5,354.6000061035156,361.70001220703125,21221871
2024-02-14,367.52349853515625,373.70001220703125,374.6000061035156,358.20001220703125,364.29998779296875,15216135
2024-02-15,372.5883483886719,378.8500061035156,382.3500061035156,374.75,376.6499938964844,16001298
2024-02-16,370.0804748535156,376.29998779296875,383.0,375.25,383.0,9592754
2024-02-19,374.2110900878906,380.5,385.79998779296875,379.1000061035156,383.1000061035156,12557987
2024-02-20,372.68670654296875,378.95001220703125,382.5,376.04998779296875,381.0,7298102
2024-02-21,369.24456787109375,375.45001220703125,383.8500061035156,373.5,380.70001220703125,10283746
2024-02-22,371.6540222167969,377.8999938964844,379.70001220703125,369.25,377.04998779296875,8449170
2024-02-23,372.1457824707031,378.3999938964844,381.75,377.5,379.3500061035156,5691333
2024-02-26,372.1457824707031,378.3999938964844,381.3999938964844,377.70001220703125,379.0,6228934
2024-02-27,369.3428955078125,375.54998779296875,379.5,373.95001220703125,379.0,6322898
2024-02-28,359.70489501953125,365.75,378.25,364.6000061035156,375.5,8577264
2024-02-29,365.6056823730469,371.75,374.0,363.04998779296875,367.0,8088079
2024-03-01,371.1623229980469,377.3999938964844,379.75,374.54998779296875,375.54998779296875,7853708
2024-03-04,385.275146484375,391.75,394.0,380.20001220703125,381.04998779296875,25814019
2024-03-05,389.6023864746094,396.1499938964844,399.95001220703125,390.5,392.0,18795182
2024-03-06,388.4222717285156,394.95001220703125,397.6000061035156,384.70001220703125,396.1499938964844,15795532
2024-03-07,418.221435546875,425.25,433.29998779296875,396.0,396.0,98883541
2024-03-11,406.3214416503906,413.1499938964844,421.5,404.6499938964844,414.0,39122073
2024-03-12,389.5532531738281,396.1000061035156,414.70001220703125,395.0,414.3999938964844,26812422
2024-03-13,365.8023986816406,371.95001220703125,399.79998779296875,367.75,399.25,36185918
2024-03-14,378.0957946777344,384.45001220703125,386.29998779296875,365.54998779296875,371.95001220703125,27089563
2024-03-15,374.45697021484375,380.75,388.0,372.0,384.45001220703125,20859247
2024-03-18,386.25860595703125,392.75,394.45001220703125,378.54998779296875,382.8500061035156,34069247
2024-03-19,376.9156494140625,383.25,392.8999938964844,381.1000061035156,392.1499938964844,14809242
2024-03-20,373.6210021972656,379.8999938964844,388.3500061035156,371.1000061035156,386.0,18068658
2024-03-21,385.66851806640625,392.1499938964844,394.3500061035156,384.0,385.1000061035156,16908086
2024-03-22,384.2425231933594,390.70001220703125,395.5,386.5,389.8999938964844,11759985
2024-03-26,383.65240478515625,390.1000061035156,394.0,387.75,390.5,9140496
2024-03-27,381.9804992675781,388.3999938964844,393.8500061035156,387.5,391.54998779296875,9084482
2024-03-28,387.68463134765625,394.20001220703125,398.8999938964844,391.0,391.0,16040575
2024-04-01,400.22393798828125,406.95001220703125,408.8500061035156,397.54998779296875,398.95001220703125,17765438
2024-04-02,402.0433044433594,408.79998779296875,412.1499938964844,406.6000061035156,407.0,10630906
2024-04-03,405.43634033203125,412.25,415.25,407.3500061035156,409.0,12195598
2024-04-04,407.2557373046875,414.1000061035156,419.8500061035156,410.70001220703125,415.70001220703125,16383105
2024-04-05,407.74749755859375,414.6000061035156,415.45001220703125,408.04998779296875,414.1000061035156,8530184
2024-04-08,409.46856689453125,416.3500061035156,418.70001220703125,414.75,417.5,7588327
2024-04-09,422.7945861816406,429.8999938964844,436.1499938964844,416.3500061035156,417.0,37377906
2024-04-10,424.81072998046875,431.95001220703125,439.3999938964844,431.0,432.0,18390566
2024-04-12,429.72808837890625,436.95001220703125,444.20001220703125,429.1000061035156,431.5,25430924
2024-04-15,424.4665222167969,431.6000061035156,441.45001220703125,417.20001220703125,424.0,32551966
2024-04-16,423.2863464355469,430.3999938964844,435.70001220703125,426.54998779296875,431.3999938964844,14662756
2024-04-18,422.6470642089844,429.75,442.79998779296875,427.04998779296875,434.8999938964844,20997007
2024-04-19,421.02435302734375,428.1000061035156,431.70001220703125,419.29998779296875,426.25,17985425
2024-04-22,420.8768005371094,427.95001220703125,435.0,426.75,434.0,12126655
2024-04-23,422.5487365722656,429.6499938964844,432.3999938964844,427.6499938964844,430.04998779296875,9349694
2024-04-24,421.22100830078125,428.29998779296875,432.45001220703125,427.0,430.04998779296875,6456018
2024-04-25,424.3189697265625,431.45001220703125,433.1000061035156,427.0,428.29998779296875,7794324
2024-04-26,429.6789245605469,436.8999938964844,440.5,432.5,432.54998779296875,14337708
2024-04-29,440.5954284667969,448.0,451.3500061035156,437.25,439.8500061035156,23566023
2024-04-30,441.82476806640625,449.25,455.29998779296875,448.04998779296875,451.6499938964844,22517400
2024-05-02,450.28265380859375,457.8500061035156,459.95001220703125,449.25,450.04998779296875,15880502
2024-05-03,447.2338562011719,454.75,464.20001220703125,448.5,461.6000061035156,16825776
2024-05-06,438.92352294921875,446.29998779296875,458.6000061035156,442.3500061035156,458.6000061035156,16739666
2024-05-07,429.1871337890625,436.3999938964844,449.25,432.3999938964844,448.54998779296875,14131347
2024-05-08,427.8594665527344,435.04998779296875,441.20001220703125,430.1000061035156,434.75,13914786
2024-05-09,406.6656494140625,413.5,431.25,412.1000061035156,427.8500061035156,28007098
2024-05-10,407.99334716796875,414.8500061035156,418.25,404.1499938964844,415.0,19951523
2024-05-13,404.9445495605469,411.75,415.3500061035156,396.54998779296875,414.8500061035156,25148219
2024-05-14,423.2371520996094,430.3500061035156,432.0,412.6499938964844,413.1000061035156,18401250
2024-05-15,424.1714172363281,431.29998779296875,439.95001220703125,430.3500061035156,433.79998779296875,13804148
2024-05-16,426.7776794433594,433.95001220703125,435.3500061035156,426.8500061035156,435.0,8324498
2024-05-17,429.08880615234375,436.29998779296875,438.29998779296875,432.3500061035156,433.95001220703125,7388213
2024-05-21,434.3995666503906,441.70001220703125,446.3500061035156,440.04998779296875,443.3999938964844,11541624
2024-05-22,440.3004150390625,447.70001220703125,450.04998779296875,436.5,442.0,16085201
2024-05-23,441.7264099121094,449.1499938964844,452.1000061035156,445.5,450.3999938964844,8872759
2024-05-24,439.8086853027344,447.20001220703125,452.95001220703125,446.1000061035156,449.1499938964844,9759025
2024-05-27,438.6776428222656,446.04998779296875,452.54998779296875,445.0,448.8999938964844,10073185
2024-05-28,429.6789245605469,436.8999938964844,449.3999938964844,434.1499938964844,447.0,9560161
2024-05-29,425.6958312988281,432.8500061035156,439.45001220703125,432.1000061035156,435.0,7241846
2024-05-30,418.3197937011719,425.3500061035156,433.5,422.54998779296875,432.8500061035156,9059666
2024-05-31,429.5313720703125,436.75,438.70001220703125,425.3999938964844,425.3999938964844,15285970
2024-06-03,449.0041198730469,456.54998779296875,460.0,447.3500061035156,460.0,25033120
2024-06-04,392.99542236328125,399.6000061035156,458.8999938964844,371.6499938964844,458.8999938964844,58989328
2024-06-05,415.81195068359375,422.79998779296875,424.45001220703125,390.0,417.0,25587086
2024-06-06,424.41729736328125,431.54998779296875,438.3999938964844,425.75,430.0,13644903
2024-06-07,436.218994140625,443.54998779296875,445.70001220703125,427.0,430.0,15039562
2024-06-10,440.5954284667969,448.0,458.75,445.1499938964844,446.6000061035156,20554460
2024-06-11,440.98883056640625,448.3999938964844,453.75,446.75,448.0,9802063
2024-06-12,442.2181701660156,449.6499938964844,453.8500061035156,448.54998779296875,451.0,7066407
2024-06-13,444.4309997558594,451.8999938964844,458.0,449.6499938964844,457.0,12208021
2024-06-14,441.2347106933594,448.6499938964844,453.6000061035156,447.5,452.3999938964844,7858446
2024-06-18,444.23431396484375,451.70001220703125,454.25,448.1499938964844,449.75,6522944
2024-06-19,435.0388488769531,442.3500061035156,452.6499938964844,441.6499938964844,452.0,8981273
2024-06-20,436.31732177734375,443.6499938964844,446.5,436.54998779296875,443.0,8058795
2024-06-21,431.44915771484375,438.70001220703125,445.20001220703125,437.6499938964844,443.6499938964844,16109190
2024-06-24,428.4004211425781,435.6000061035156,439.5,432.04998779296875,436.0,7878288
2024-06-25,423.63055419921875,430.75,437.95001220703125,429.3999938964844,436.0,7140628
2024-06-26,425.0566101074219,432.20001220703125,435.79998779296875,429.04998779296875,430.3500061035156,9323979
2024-06-27,432.186767578125,439.45001220703125,443.0,426.5,432.20001220703125,18716207
2024-06-28,433.3177490234375,440.6000061035156,444.45001220703125,438.29998779296875,439.45001220703125,11339346
2024-07-01,428.20367431640625,435.3999938964844,441.6499938964844,434.3500061035156,441.0,8020642
2024-07-02,425.5975036621094,432.75,437.0,428.0,436.0,7511940
2024-07-03,426.6793212890625,433.8500061035156,435.45001220703125,430.79998779296875,433.45001220703125,9201151
2024-07-04,431.026611328125,436.25,442.25,433.25,433.95001220703125,10686705
2024-07-05,434.6823425292969,439.95001220703125,440.29998779296875,434.0,436.45001220703125,8708995
2024-07-08,428.2601623535156,433.45001220703125,443.45001220703125,431.8999938964844,440.70001220703125,9154756
2024-07-09,433.6943054199219,438.95001220703125,441.79998779296875,434.70001220703125,437.5,6076549
2024-07-10,432.11346435546875,437.3500061035156,442.0,426.8500061035156,439.95001220703125,8745713
2024-07-11,435.1269226074219,440.3999938964844,444.5,436.1000061035156,438.95001220703125,8553094
2024-07-12,428.85296630859375,434.04998779296875,442.1499938964844,432.3500061035156,441.79998779296875,6826289
2024-07-15,434.0895080566406,439.3500061035156,442.6000061035156,431.0,436.3999938964844,6598992
2024-07-16,431.6688537597656,436.8999938964844,445.25,436.1000061035156,440.3999938964844,10724685
2024-07-18,424.80206298828125,429.95001220703125,441.0,429.0,440.8999938964844,12053566
2024-07-19,409.19122314453125,414.1499938964844,429.95001220703125,412.8500061035156,429.95001220703125,16560718
2024-07-22,418.9726867675781,424.04998779296875,425.0,409.6000061035156,415.0,9437893
2024-07-23,411.4637145996094,416.45001220703125,428.6499938964844,400.0,428.6499938964844,17985870
2024-07-24,414.9217834472656,419.95001220703125,425.0,415.25,416.45001220703125,9455765
2024-07-25,418.28106689453125,423.3500061035156,425.75,412.6499938964844,416.3500061035156,12474704
2024-07-26,439.3754577636719,444.70001220703125,446.20001220703125,430.1499938964844,432.0,33285673
2024-07-29,436.9548034667969,442.25,450.0,441.0,446.95001220703125,13720073
2024-07-30,438.7826232910156,444.1000061035156,449.20001220703125,440.0,442.25,11262582
2024-07-31,448.1689147949219,453.6000061035156,455.0,445.0,446.3999938964844,21227714
2024-08-01,458.8395690917969,464.3999938964844,465.8500061035156,454.04998779296875,454.95001220703125,34019552
2024-08-02,454.83807373046875,460.3500061035156,471.0,452.3500061035156,460.29998779296875,27534299
2024-08-05,429.5939636230469,434.79998779296875,452.8999938964844,430.1000061035156,446.0,28371364
2024-08-06,431.47125244140625,436.70001220703125,449.3999938964844,433.5,438.0,19245378
2024-08-07,425.1478576660156,430.29998779296875,445.29998779296875,426.1000061035156,444.0,29078704
2024-08-08,412.9457702636719,417.95001220703125,432.5,417.0,432.5,25148625
2024-08-09,412.7481384277344,417.75,425.0,416.04998779296875,424.8999938964844,13056991
2024-08-12,413.1433410644531,418.1499938964844,422.8999938964844,411.04998779296875,417.1000061035156,14448957
2024-08-13,403.36187744140625,408.25,420.0,406.3999938964844,420.0,13650935
2024-08-14,400.59539794921875,405.45001220703125,412.8999938964844,403.1000061035156,410.0,11672941
2024-08-16,408.69720458984375,413.6499938964844,414.3500061035156,406.75,408.8999938964844,8273268
2024-08-19,413.7855529785156,418.79998779296875,420.8999938964844,415.04998779296875,416.70001220703125,8187151
2024-08-20,417.24365234375,422.29998779296875,423.8999938964844,416.70001220703125,418.1499938964844,7951880
2024-08-21,419.4173278808594,424.5,427.29998779296875,421.6499938964844,427.29998779296875,10587000
2024-08-22,417.8858947753906,422.95001220703125,425.79998779296875,421.54998779296875,425.79998779296875,4519043
2024-08-23,412.9457702636719,417.95001220703125,423.1499938964844,417.20001220703125,422.6000061035156,5647724
2024-08-26,417.4412536621094,422.5,423.5,417.0,420.0,6794262
2024-08-27,423.0235900878906,428.1499938964844,429.45001220703125,421.0,422.5,11895337
2024-08-28,426.23468017578125,431.3999938964844,434.20001220703125,428.6000061035156,430.0,18213329
2024-08-29,425.7406921386719,430.8999938964844,433.1000061035156,424.70001220703125,431.3999938964844,9942257
2024-08-30,429.4457702636719,434.6499938964844,437.3999938964844,431.3500061035156,432.3999938964844,12866589
2024-09-02,428.0131530761719,433.20001220703125,436.75,429.5,435.8500061035156,9400824
2024-09-03,428.7541809082031,433.95001220703125,434.6499938964844,431.29998779296875,433.5,9712479
2024-09-04,415.86041259765625,420.8999938964844,429.70001220703125,419.6499938964844,429.70001220703125,14761838
2024-09-05,415.86041259765625,420.8999938964844,424.0,419.1499938964844,421.1000061035156,8167304
2024-09-06,412.0071105957031,417.0,421.29998779296875,414.3500061035156,420.0,10236248
2024-09-09,412.8469543457031,417.8500061035156,419.1499938964844,411.29998779296875,417.0,6590372
2024-09-10,440.0176696777344,445.3500061035156,447.1499938964844,420.5,422.3999938964844,39706164
2024-09-11,430.4338073730469,435.6499938964844,449.0,432.79998779296875,445.8999938964844,20189436
2024-09-12,434.6329040527344,439.8999938964844,443.3999938964844,436.1000061035156,438.54998779296875,8729441
2024-09-13,436.5101623535156,441.79998779296875,449.6000061035156,441.04998779296875,446.0,13341086
2024-09-16,438.0416259765625,443.3500061035156,451.8999938964844,440.5,443.5,8850620
2024-09-17,439.7706604003906,445.1000061035156,450.8999938964844,439.54998779296875,443.3500061035156,10744634
2024-09-18,435.3245544433594,440.6000061035156,447.1000061035156,437.95001220703125,445.5,7014739
2024-09-19,434.3365173339844,439.6000061035156,450.6000061035156,430.79998779296875,442.70001220703125,12721422
2024-09-20,438.83203125,444.1499938964844,446.5,439.3500061035156,441.79998779296875,11837310
2024-09-23,449.00872802734375,454.45001220703125,460.0,444.5,444.95001220703125,26480471
2024-09-24,463.1374816894531,468.75,474.25,453.3500061035156,455.54998779296875,40263592
2024-09-25,462.49530029296875,468.1000061035156,470.8999938964844,460.3999938964844,468.75,15948993
2024-09-26,470.35009765625,476.04998779296875,477.8500061035156,465.54998779296875,470.0,20074440
2024-09-27,479.68695068359375,485.5,494.8500061035156,477.5,482.5,32121777
2024-09-30,476.8216857910156,482.6000061035156,489.0,473.3500061035156,485.3999938964844,15756520
2024-10-01,475.48785400390625,481.25,491.20001220703125,479.3999938964844,486.79998779296875,15141589
2024-10-03,466.15093994140625,471.79998779296875,477.95001220703125,464.5,469.04998779296875,14971905
2024-10-04,461.0626525878906,466.6499938964844,474.45001220703125,460.6000061035156,471.5,13337665
2024-10-07,436.0161437988281,441.29998779296875,468.8999938964844,438.70001220703125,467.8999938964844,19893771
2024-10-08,451.42938232421875,456.8999938964844,460.95001220703125,439.6000061035156,441.6000061035156,20651560
2024-10-09,455.33209228515625,460.8500061035156,470.3999938964844,452.6000061035156,459.95001220703125,16274750
2024-10-10,460.0745849609375,465.6499938964844,477.8999938964844,456.20001220703125,460.0,20626505
2024-10-11,455.62847900390625,461.1499938964844,467.3500061035156,459.3500061035156,465.6499938964844,8006885
2024-10-14,456.76470947265625,462.29998779296875,464.79998779296875,458.3500061035156,463.79998779296875,8552461
2024-10-15,457.95037841796875,463.5,474.3999938964844,461.04998779296875,463.5,11987910
2024-10-16,454.9368591308594,460.45001220703125,469.5,457.29998779296875,463.25,8574770
2024-10-17,444.80963134765625,450.20001220703125,462.6000061035156,449.0,461.0,10204584
2024-10-18,448.1194763183594,453.54998779296875,456.5,443.04998779296875,449.8999938964844,11045862
2024-10-21,448.3664855957031,453.79998779296875,465.54998779296875,449.6499938964844,455.54998779296875,13387706
2024-10-22,430.6314392089844,435.8500061035156,454.1000061035156,434.0,453.79998779296875,12887529
2024-10-23,432.4592590332031,437.70001220703125,443.1499938964844,430.3999938964844,436.5,11696327
2024-10-24,432.75567626953125,438.0,441.25,432.04998779296875,437.1000061035156,7751620
2024-10-25,417.0460510253906,422.1000061035156,439.1000061035156,414.5,438.0,16754459
2024-10-28,420.60296630859375,425.70001220703125,429.5,415.0,423.5,8791214
2024-10-29,420.3065185546875,425.3999938964844,428.54998779296875,415.25,428.0,9520732
2024-10-30,421.88739013671875,427.0,433.29998779296875,421.8500061035156,426.04998779296875,9699786
2024-10-31,434.7811279296875,440.04998779296875,444.79998779296875,420.79998779296875,430.5,29693039
2024-11-01,440.1164855957031,445.45001220703125,448.45001220703125,442.1000061035156,444.0,4387971
2024-11-04,423.912841796875,429.04998779296875,446.79998779296875,426.04998779296875,446.25,13264369
2024-11-05,428.9023742675781,434.1000061035156,434.8500061035156,425.8500061035156,429.0,8889823
2024-11-06,443.92034912109375,449.29998779296875,452.0,436.5,437.1000061035156,12638381
2024-11-07,439.57305908203125,444.8999938964844,454.75,443.0,451.5,9820442
2024-11-08,427.56854248046875,432.75,446.79998779296875,430.0,446.79998779296875,9328678
2024-11-11,426.33349609375,431.5,437.75,428.04998779296875,431.95001220703125,8278229
2024-11-12,409.19122314453125,414.1499938964844,436.3500061035156,412.5,432.04998779296875,11039936
2024-11-13,394.5684509277344,399.3500061035156,416.20001220703125,396.95001220703125,413.0,13327466
2024-11-14,399.80499267578125,404.6499938964844,411.8500061035156,400.5,401.95001220703125,11063591
2024-11-18,399.8544006347656,404.70001220703125,410.8999938964844,397.6000061035156,408.0,10703937
2024-11-19,403.21368408203125,408.1000061035156,417.79998779296875,406.25,406.25,8869625
2024-11-21,403.1642761230469,408.04998779296875,413.3999938964844,397.3999938964844,411.5,13362385
2024-11-22,408.7960205078125,413.75,416.8999938964844,409.25,414.8999938964844,11165181
2024-11-25,407.41278076171875,412.3500061035156,423.45001220703125,410.0,421.45001220703125,20232580
2024-11-26,405.3872985839844,410.29998779296875,415.3999938964844,408.0,413.8999938964844,7286324
2024-11-27,412.6493225097656,417.6499938964844,418.5,409.25,411.79998779296875,7869397
2024-11-28,409.53704833984375,414.5,421.0,412.1000061035156,418.3500061035156,9850477
2024-11-29,409.19122314453125,414.1499938964844,417.5,410.45001220703125,414.5,8478659
2024-12-02,411.51312255859375,416.5,418.8999938964844,412.0,413.0,8156409
2024-12-03,423.4187927246094,428.54998779296875,429.8999938964844,417.6000061035156,418.3999938964844,14366296
2024-12-04,420.55352783203125,425.6499938964844,432.0,424.29998779296875,428.54998779296875,6195150
2024-12-05,425.6912841796875,430.8500061035156,433.29998779296875,419.5,425.6499938964844,10798097
2024-12-06,434.4353332519531,439.70001220703125,442.5,433.25,433.79998779296875,17372298
2024-12-09,435.4727478027344,440.75,447.70001220703125,439.1000061035156,443.0,13417161
2024-12-10,429.98919677734375,435.20001220703125,442.6499938964844,432.04998779296875,441.95001220703125,9854285
2024-12-11,429.5939636230469,434.79998779296875,438.6000061035156,434.29998779296875,435.6000061035156,5815604
2024-12-12,428.35894775390625,433.54998779296875,436.75,429.0,435.0,6049186
2024-12-13,423.3200378417969,428.45001220703125,432.3999938964844,420.29998779296875,432.0,8032224
2024-12-16,420.40533447265625,425.5,430.3999938964844,424.3500061035156,427.95001220703125,4244188
2024-12-17,415.86041259765625,420.8999938964844,428.0,419.29998779296875,425.3999938964844,6450903
2024-12-18,410.0310363769531,415.0,421.0,413.0,420.8999938964844,6313538
2024-12-19,407.6597900390625,412.6000061035156,413.8999938964844,406.70001220703125,410.0,7242352
2024-12-20,396.2974853515625,401.1000061035156,415.3999938964844,400.04998779296875,412.6000061035156,10205219
2024-12-23,395.1118469238281,399.8999938964844,406.0,396.8500061035156,404.8500061035156,9052063
2024-12-24,394.6178283691406,399.3999938964844,405.25,398.25,400.8500061035156,6762204
2024-12-26,399.45916748046875,404.29998779296875,408.0,397.70001220703125,401.0,8622771
2024-12-27,394.2226257324219,399.0,408.0,398.1499938964844,406.0,5983308
2024-12-30,385.0833740234375,389.75,400.29998779296875,387.0,399.6000061035156,29023595
2024-12-31,387.7016296386719,392.3999938964844,395.0,385.5,389.5,9685224
2025-01-01,387.6522521972656,392.3500061035156,394.20001220703125,389.29998779296875,392.5,4404708
2025-01-02,390.7645568847656,395.5,397.0,387.1000061035156,392.0,11244310
2025-01-03,391.9007568359375,396.6499938964844,402.95001220703125,395.45001220703125,396.0,8254584
2025-01-06,374.11627197265625,378.6499938964844,397.0,377.0,397.0,11688108
2025-01-07,374.215087890625,378.75,384.45001220703125,377.54998779296875,380.0,7289119
2025-01-08,369.57135009765625,374.04998779296875,380.45001220703125,372.04998779296875,379.5,8183207
2025-01-09,362.75396728515625,367.1499938964844,376.0,366.0,374.04998779296875,6423717
2025-01-10,352.08331298828125,356.3500061035156,368.5,355.04998779296875,367.1499938964844,9579404
2025-01-13,335.8796691894531,339.95001220703125,354.8500061035156,338.3999938964844,350.0,11236512
2025-01-14,352.6761169433594,356.95001220703125,358.1499938964844,341.0,341.0,11846097
2025-01-15,361.0743408203125,365.45001220703125,371.6000061035156,355.95001220703125,360.0,11046133
2025-01-16,364.4830322265625,368.8999938964844,374.0,368.04998779296875,371.79998779296875,5888896
2025-01-17,369.12677001953125,373.6000061035156,375.3999938964844,365.29998779296875,368.45001220703125,5504954
2025-01-20,369.96661376953125,374.45001220703125,376.20001220703125,371.0,374.8500061035156,3436674
2025-01-21,361.5189514160156,365.8999938964844,376.1000061035156,365.20001220703125,374.45001220703125,5074789
2025-01-22,354.5533752441406,358.8500061035156,368.6499938964844,352.1499938964844,368.0,5952212
2025-01-23,358.40667724609375,362.75,365.8999938964844,355.1000061035156,357.5,4886732
2025-01-24,359.0488586425781,363.3999938964844,370.70001220703125,362.20001220703125,362.75,7966520
2025-01-27,347.6865539550781,351.8999938964844,361.0,350.1000061035156,361.0,6562351
2025-01-28,342.2030334472656,346.3500061035156,356.1000061035156,342.95001220703125,355.5,9189775
2025-01-29,346.7479553222656,350.95001220703125,352.45001220703125,345.0,346.3500061035156,6707937
2025-01-30,347.9335632324219,352.1499938964844,356.25,348.3999938964844,352.0,7304454
2025-01-31,360.1357116699219,364.5,366.95001220703125,350.1000061035156,353.0,7026507
2025-02-01,363.989013671875,368.3999938964844,379.0,361.3500061035156,367.8999938964844,14485333
2025-02-03,350.6506652832031,354.8999938964844,367.0,351.5,367.0,8346246
2025-02-04,357.71502685546875,362.04998779296875,363.6000061035156,353.75,359.0,7633708
2025-02-05,361.81536865234375,366.20001220703125,375.0,362.5,366.45001220703125,16453177
2025-02-06,360.97552490234375,365.3500061035156,371.8500061035156,362.5,370.79998779296875,7562113
2025-02-07,362.70458984375,367.1000061035156,372.79998779296875,363.8500061035156,365.54998779296875,5469279
2025-02-10,353.9111633300781,358.20001220703125,368.95001220703125,356.8500061035156,367.04998779296875,5124415
2025-02-11,344.92010498046875,349.1000061035156,358.70001220703125,347.1499938964844,358.20001220703125,4620826
2025-02-12,343.9320983886719,348.1000061035156,350.8999938964844,339.0,349.0,7835524
2025-02-13,343.6850891113281,347.8500061035156,357.45001220703125,346.3999938964844,351.3999938964844,5816040
2025-02-14,333.1131896972656,337.1499938964844,351.1499938964844,332.0,349.04998779296875,8576754
2025-02-17,333.16259765625,337.20001220703125,338.5,326.3500061035156,337.1000061035156,7217327
2025-02-18,335.5338439941406,339.6000061035156,340.79998779296875,329.6499938964844,337.20001220703125,6538131
2025-02-19,343.4874572753906,347.6499938964844,350.0,334.70001220703125,337.0,6083541
2025-02-20,353.6641540527344,357.95001220703125,361.0,344.54998779296875,348.0,10098769
2025-02-21,352.9231262207031,357.20001220703125,362.45001220703125,353.70001220703125,357.95001220703125,6119901
2025-02-24,350.354248046875,354.6000061035156,356.95001220703125,351.6499938964844,356.0,3758390
2025-02-25,347.2913818359375,351.5,356.6000061035156,350.1499938964844,354.6000061035156,4066133
2025-02-27,339.1895446777344,343.29998779296875,356.0,341.0,353.25,6464092
2025-02-28,335.1386413574219,339.20001220703125,342.04998779296875,335.5,340.0,8340920
2025-03-03,338.74493408203125,342.8500061035156,345.8500061035156,331.8500061035156,338.75,9727866
2025-03-04,341.8078308105469,345.95001220703125,347.8999938964844,336.95001220703125,338.95001220703125,5170345
2025-03-05,347.19256591796875,351.3999938964844,352.6499938964844,344.54998779296875,345.0,6098026
2025-03-06,349.8108215332031,354.04998779296875,357.45001220703125,351.1499938964844,355.0,4879725
2025-03-07,347.2419738769531,351.45001220703125,360.5,350.25,354.0,5520005
2025-03-10,348.2300109863281,352.45001220703125,362.79998779296875,351.3999938964844,356.5,11222110
2025-03-11,348.2300109863281,352.45001220703125,354.0,344.29998779296875,350.20001220703125,5141578
2025-03-12,351.9844970703125,356.25,359.6000061035156,351.0,353.54998779296875,5285957
2025-03-13,346.55035400390625,350.75,360.79998779296875,350.0,360.5,4898500
2025-03-17,346.55035400390625,350.75,354.6000061035156,349.0,350.79998779296875,3997959
2025-03-18,346.55035400390625,350.75,350.75,350.75,350.75,0
2025-03-19,367.00250244140625,371.45001220703125,373.29998779296875,363.0,363.8999938964844,7875564
2025-03-20,365.9156799316406,370.3500061035156,374.79998779296875,367.54998779296875,374.79998779296875,4678329
2025-03-21,374.95611572265625,379.5,381.8999938964844,370.25,370.3500061035156,7559436
2025-03-24,378.7106018066406,383.29998779296875,385.0,379.6000061035156,385.0,6177301
2025-03-25,372.5848693847656,377.1000061035156,385.8999938964844,375.5,385.0,6063608
2025-03-26,371.498046875,376.0,381.0,374.6000061035156,377.1000061035156,8048272
2025-03-27,378.8094177246094,383.3999938964844,384.79998779296875,372.3500061035156,374.5,6287597
2025-03-28,370.90521240234375,375.3999938964844,386.04998779296875,373.29998779296875,384.04998779296875,6458106
2025-04-01,370.2629699707031,374.75,379.75,370.6000061035156,372.45001220703125,3414174
2025-04-02,373.7210693359375,378.25,379.20001220703125,368.29998779296875,374.75,3283925
2025-04-03,381.032470703125,385.6499938964844,387.29998779296875,373.54998779296875,374.0,6580525
2025-04-04,364.5324401855469,368.95001220703125,388.20001220703125,367.1000061035156,383.79998779296875,7609077
2025-04-07,350.6012878417969,354.8500061035156,358.70001220703125,335.0,337.0,9906124
2025-04-08,355.3932189941406,359.70001220703125,370.70001220703125,356.0,360.25,6317158
2025-04-09,353.9605712890625,358.25,363.0,354.1499938964844,359.70001220703125,4343527
2025-04-11,360.0863342285156,364.45001220703125,368.8999938964844,362.1000061035156,368.1000061035156,5187303
2025-04-15,373.96807861328125,378.5,380.54998779296875,372.29998779296875,375.0,7238758
2025-04-16,376.6851501464844,381.25,382.95001220703125,377.5,378.0,5869686
2025-04-17,377.1297912597656,381.70001220703125,384.3500061035156,378.5,381.0,6156250
2025-04-21,386.1701965332031,390.8500061035156,394.0,382.0,383.1000061035156,7589962
2025-04-22,383.9471740722656,388.6000061035156,395.45001220703125,387.0,393.0,6180369
2025-04-23,389.72711181640625,394.45001220703125,395.95001220703125,382.20001220703125,390.1000061035156,8443906
2025-04-24,391.1103515625,395.8500061035156,399.25,391.8999938964844,392.5,6639147
2025-04-25,382.9591369628906,387.6000061035156,402.5,382.1499938964844,394.5,14233760
2025-04-28,390.3693542480469,395.1000061035156,400.3999938964844,386.1499938964844,386.1499938964844,10237785
2025-04-29,388.6402893066406,393.3500061035156,403.29998779296875,392.0,395.1000061035156,8781695
2025-04-30,379.79742431640625,384.3999938964844,391.79998779296875,382.0,391.79998779296875,4942900
2025-05-02,376.7345275878906,381.29998779296875,390.45001220703125,380.6499938964844,384.0,5482908
2025-05-05,384.441162109375,389.1000061035156,389.8999938964844,380.1499938964844,382.0,4274926
2025-05-06,370.4111633300781,374.8999938964844,389.79998779296875,373.0,388.04998779296875,5610082
2025-05-07,372.8318786621094,377.3500061035156,380.8500061035156,366.0,366.0,6822934
2025-05-08,365.7180480957031,370.1499938964844,383.6000061035156,367.29998779296875,377.3500061035156,5891937
2025-05-09,366.5578918457031,371.0,372.04998779296875,357.25,358.1499938964844,9008734
2025-05-12,386.713623046875,391.3999938964844,393.0,378.5,382.0,8931721
2025-05-13,384.6387634277344,389.29998779296875,395.8999938964844,388.04998779296875,392.0,5941514
2025-05-14,392.19720458984375,396.95001220703125,398.8999938964844,390.29998779296875,390.5,8640596
2025-05-15,393.1852111816406,397.95001220703125,404.0,392.6499938964844,403.0,18848985
2025-05-16,400.9411926269531,405.79998779296875,409.79998779296875,397.6499938964844,397.95001220703125,13234846
2025-05-19,403.21368408203125,408.1000061035156,411.95001220703125,406.6000061035156,407.79998779296875,6903749
2025-05-20,394.1732177734375,398.95001220703125,408.75,398.29998779296875,408.29998779296875,5873673
2025-05-21,397.03851318359375,401.8500061035156,402.8500061035156,396.1499938964844,400.79998779296875,3841567
2025-05-22,390.86334228515625,395.6000061035156,402.54998779296875,389.5,399.0,5109983
2025-05-23,397.236083984375,402.04998779296875,402.79998779296875,393.54998779296875,396.1499938964844,5125963
2025-05-26,397.779541015625,402.6000061035156,406.0,400.6000061035156,402.25,5935753
2025-05-27,397.3843078613281,402.20001220703125,404.0,398.3999938964844,402.8999938964844,4088356
2025-05-28,391.6043701171875,396.3500061035156,404.54998779296875,395.5,400.95001220703125,5224499
2025-05-29,392.54296875,397.29998779296875,399.1499938964844,395.1000061035156,398.70001220703125,3547895
2025-05-30,388.09686279296875,392.79998779296875,399.8999938964844,391.04998779296875,397.0,6602059
2025-06-02,392.098388671875,396.8500061035156,398.20001220703125,391.1000061035156,392.79998779296875,4988795
2025-06-03,386.81243896484375,391.5,399.1499938964844,389.8500061035156,396.8500061035156,4922600
2025-06-04,388.93670654296875,393.6499938964844,395.0,389.04998779296875,391.0,7238701
2025-06-05,388.837890625,393.54998779296875,397.95001220703125,392.29998779296875,393.0,3947460
2025-06-06,394.7660217285156,399.54998779296875,400.79998779296875,392.1000061035156,392.1000061035156,6204861
2025-06-09,401.33642578125,406.20001220703125,407.5,400.0,400.3999938964844,5981383
2025-06-10,408.25262451171875,413.20001220703125,416.0,406.20001220703125,409.0,10129259
2025-06-11,407.1163635253906,412.04998779296875,416.79998779296875,409.3500061035156,415.0,6791313
2025-06-12,396.8409118652344,401.6499938964844,412.5,400.04998779296875,412.0,5284359
2025-06-13,392.4441833496094,397.20001220703125,399.3999938964844,393.75,395.0,4749159
2025-06-16,394.6178283691406,399.3999938964844,401.25,391.25,397.0,3609820
2025-06-17,391.30792236328125,396.04998779296875,402.20001220703125,395.0,399.3999938964844,3234777
2025-06-18,388.689697265625,393.3999938964844,398.0,390.6000061035156,396.04998779296875,2973122
2025-06-19,379.94561767578125,384.54998779296875,394.1000061035156,383.0,392.5,4441866
2025-06-20,387.6976013183594,390.1000061035156,392.5,381.6000061035156,383.5,15318217
2025-06-23,390.5797424316406,393.0,394.54998779296875,384.54998779296875,385.0,5195843
2025-06-24,395.9961853027344,398.45001220703125,403.79998779296875,394.8500061035156,395.0,6296902
2025-06-25,400.5678405761719,403.04998779296875,405.6499938964844,400.0,400.95001220703125,6324991
2025-06-26,403.1518249511719,405.6499938964844,406.0,401.5,403.04998779296875,5064123
2025-06-27,406.3321533203125,408.8500061035156,411.5,406.3500061035156,407.1000061035156,5243333
2025-06-30,402.9530944824219,405.45001220703125,410.20001220703125,403.5,408.8500061035156,3232056
2025-07-01,404.0462951660156,406.54998779296875,407.79998779296875,403.0,406.0,3180881
2025-07-02,404.14569091796875,406.6499938964844,410.8999938964844,404.3999938964844,406.54998779296875,4283041
2025-07-03,397.437255859375,399.8999938964844,403.70001220703125,396.6000061035156,400.0,9669274
2025-07-04,398.5304870605469,401.0,403.54998779296875,398.5,399.0,3432678
2025-07-07,398.729248046875,401.20001220703125,403.54998779296875,398.3999938964844,401.0,6385392
2025-07-08,398.38140869140625,400.8500061035156,406.6499938964844,397.70001220703125,401.20001220703125,5551339
2025-07-09,398.1826171875,400.6499938964844,405.5,398.5,400.8500061035156,4148059
2025-07-10,397.437255859375,399.8999938964844,402.70001220703125,397.79998779296875,400.6499938964844,4302998
2025-07-11,394.4060363769531,396.8500061035156,401.70001220703125,395.3999938964844,399.04998779296875,6893575
2025-07-14,400.0709228515625,402.54998779296875,403.1499938964844,395.5,396.8500061035156,4074490
2025-07-15,401.41259765625,403.8999938964844,405.29998779296875,398.8500061035156,402.6000061035156,4286434
2025-07-16,412.1461181640625,414.70001220703125,416.75,402.5,403.04998779296875,13501549
2025-07-17,410.90380859375,413.45001220703125,416.3999938964844,411.1499938964844,415.0,6347491
2025-07-18,405.3879699707031,407.8999938964844,414.1499938964844,406.1499938964844,411.0,4614946
2025-07-21,399.375244140625,401.8500061035156,404.0,395.0,404.0,7045744
2025-07-22,396.6918640136719,399.1499938964844,403.8999938964844,398.5,403.75,3980682
2025-07-23,400.021240234375,402.5,405.0,399.6499938964844,400.1000061035156,3778869
2025-07-24,398.2323303222656,400.70001220703125,403.95001220703125,398.70001220703125,402.29998779296875,4023200
2025-07-25,392.915283203125,395.3500061035156,401.25,394.29998779296875,399.79998779296875,5831294
2025-07-28,396.7415771484375,399.20001220703125,403.79998779296875,393.5,394.1000061035156,5758606
2025-07-29,397.3875732421875,399.8500061035156,401.6000061035156,396.0,397.0,5038609
2025-07-30,398.8783264160156,401.3500061035156,403.75,397.70001220703125,401.5,5468844
2025-07-31,395.3005065917969,397.75,400.5,396.1000061035156,396.70001220703125,5285016
2025-08-01,386.90252685546875,389.29998779296875,398.1499938964844,388.20001220703125,395.1000061035156,6240934
2025-08-04,384.7160949707031,387.1000061035156,391.6499938964844,376.25,390.0,13251686
2025-08-05,383.17559814453125,385.54998779296875,390.5,382.70001220703125,388.0,6366590
2025-08-06,383.17559814453125,385.54998779296875,387.0,381.6499938964844,385.54998779296875,6114204
2025-08-07,383.17559814453125,385.54998779296875,386.75,379.0,383.0,5333971
2025-08-08,376.4671936035156,378.79998779296875,387.1000061035156,376.0,385.54998779296875,3495353
2025-08-11,381.9333190917969,384.29998779296875,385.8999938964844,377.5,380.0,3328976
2025-08-12,382.0823974609375,384.45001220703125,388.95001220703125,383.5,384.1000061035156,2575426
2025-08-13,384.8154602050781,387.20001220703125,388.95001220703125,384.3999938964844,385.5,3757839
2025-08-14,382.9271545410156,385.29998779296875,388.6000061035156,383.1499938964844,387.20001220703125,2662149
2025-08-18,384.9148254394531,387.29998779296875,390.0,385.29998779296875,389.0,3712118
2025-08-19,386.7534484863281,389.1499938964844,389.6499938964844,386.5,387.3500061035156,2047149
2025-08-20,388.1448059082031,390.54998779296875,392.45001220703125,388.04998779296875,388.95001220703125,3045301
2025-08-21,385.66021728515625,388.04998779296875,392.29998779296875,386.79998779296875,390.1000061035156,2551655
2025-08-22,383.2253112792969,385.6000061035156,388.70001220703125,384.70001220703125,387.0,3042678
2025-08-25,380.8898010253906,383.25,388.3999938964844,382.3999938964844,386.04998779296875,4216691
2025-08-26,375.42364501953125,377.75,383.6000061035156,376.6000061035156,382.1499938964844,5561286
2025-08-28,368.8146057128906,371.1000061035156,378.5,370.25,377.75,5704659
2025-08-29,371.8458251953125,374.1499938964844,375.0,368.5,371.1000061035156,5793121
2025-09-01,378.2063903808594,380.54998779296875,381.0,374.1499938964844,374.1499938964844,2169911
2025-09-02,383.67254638671875,386.04998779296875,388.3999938964844,380.0,380.8999938964844,3362410
2025-09-03,386.7534484863281,389.1499938964844,389.70001220703125,385.70001220703125,386.04998779296875,2628692
2025-09-04,380.2438049316406,382.6000061035156,392.0,381.75,390.04998779296875,4114491
2025-09-05,383.424072265625,385.79998779296875,386.5,380.1000061035156,382.6000061035156,3358057
2025-09-08,380.8898010253906,383.25,387.79998779296875,382.6000061035156,385.79998779296875,2978303
2025-09-09,382.2811584472656,384.6499938964844,385.6499938964844,381.1499938964844,383.5,3129390
2025-09-10,384.1197814941406,386.5,390.95001220703125,386.04998779296875,386.79998779296875,4022433
2025-09-11,385.7099304199219,388.1000061035156,388.70001220703125,385.5,386.45001220703125,3078027
2025-09-12,383.8713073730469,386.25,389.79998779296875,384.0,388.20001220703125,3626792
2025-09-15,385.61053466796875,388.0,390.95001220703125,385.5,386.0,3837268
2025-09-16,393.6109619140625,396.04998779296875,399.79998779296875,388.0,388.0,10102211
2025-09-17,392.2195739746094,394.6499938964844,397.79998779296875,393.54998779296875,397.25,4229347
2025-09-18,390.67913818359375,393.1000061035156,397.0,390.1000061035156,395.04998779296875,3956999
2025-09-19,393.8594055175781,396.29998779296875,397.5,393.1499938964844,393.25,5457632
2025-09-22,392.8655700683594,395.29998779296875,399.8999938964844,394.0,396.0,4424464
2025-09-23,393.0643615722656,395.5,398.20001220703125,394.25,396.5,2963511
2025-09-24,387.8963623046875,390.29998779296875,396.3999938964844,389.20001220703125,394.5,3121538
2025-09-25,383.62286376953125,386.0,392.3999938964844,385.20001220703125,390.29998779296875,3091484
2025-09-26,381.4364013671875,383.79998779296875,387.0,382.20001220703125,386.0,3519702
2025-09-29,385.66021728515625,388.04998779296875,389.45001220703125,383.25,384.25,3592071
2025-09-30,386.25653076171875,388.6499938964844,392.04998779296875,386.1000061035156,388.0,3229139
2025-10-01,388.7411193847656,391.1499938964844,392.79998779296875,388.6000061035156,388.6499938964844,2705427
2025-10-03,392.4680480957031,394.8999938964844,395.5,390.0,392.0,4157330
2025-10-06,393.114013671875,395.54998779296875,396.3999938964844,389.29998779296875,394.8999938964844,4190489
2025-10-07,390.08282470703125,392.5,397.5,391.25,395.5,5544502
2025-10-08,383.0762634277344,385.45001220703125,393.3999938964844,384.25,391.5,5286159
2025-10-09,385.809326171875,388.20001220703125,389.6499938964844,381.5,386.79998779296875,5139999
2025-10-10,387.6976013183594,390.1000061035156,396.79998779296875,389.6000061035156,396.0,7725390
2025-10-13,388.7411193847656,391.1499938964844,392.04998779296875,385.25,388.0,4861965
2025-10-14,389.138671875,391.54998779296875,393.1000061035156,387.70001220703125,391.1499938964844,4978714
2025-10-15,394.0581970214844,396.5,397.29998779296875,391.29998779296875,391.54998779296875,4091897
2025-10-16,396.54278564453125,399.0,402.79998779296875,396.1499938964844,397.0,5611314
2025-10-17,395.35015869140625,397.79998779296875,400.5,394.54998779296875,399.0,4998891
2025-10-20,397.3378601074219,399.79998779296875,401.0,396.6499938964844,398.29998779296875,4130123
2025-10-21,396.3440246582031,398.79998779296875,401.20001220703125,397.54998779296875,400.0,712785
2025-10-23,395.20111083984375,397.6499938964844,403.8500061035156,396.1499938964844,398.8500061035156,5231732
2025-10-24,394.4060363769531,396.8500061035156,399.20001220703125,394.0,397.6499938964844,5032576
2025-10-27,397.78509521484375,400.25,401.75,395.6499938964844,396.8999938964844,2799280
2025-10-28,396.1949462890625,398.6499938964844,401.8500061035156,396.1000061035156,400.25,3949368
2025-10-29,408.1707458496094,410.70001220703125,412.3999938964844,398.70001220703125,399.0,10944400
2025-10-30,407.2762756347656,409.79998779296875,413.25,408.29998779296875,411.04998779296875,3782450
2025-10-31,402.4064636230469,404.8999938964844,409.8999938964844,404.5,409.6000061035156,5071291
2025-11-03,406.08367919921875,408.6000061035156,409.5,401.25,403.8500061035156,4166052
2025-11-04,398.1329345703125,400.6000061035156,408.0,398.54998779296875,407.5,6132035
2025-11-06,389.3374328613281,391.75,402.29998779296875,390.25,400.70001220703125,5024909
2025-11-07,390.7785339355469,393.20001220703125,394.3999938964844,386.0,390.95001220703125,4676601
2025-11-10,393.4122009277344,395.8500061035156,397.8999938964844,392.3500061035156,393.20001220703125,2906630
2025-11-11,393.1637268066406,395.6000061035156,396.3999938964844,390.04998779296875,395.79998779296875,3826554
2025-11-12,386.25653076171875,388.6499938964844,395.8999938964844,387.5,390.0,7856248
2025-11-13,386.4056091308594,388.79998779296875,392.70001220703125,385.0,389.3999938964844,5052456
2025-11-14,386.008056640625,388.3999938964844,390.0,385.1499938964844,388.79998779296875,5263918
2025-11-17,390.331298828125,392.75,393.3999938964844,388.5,388.5,6120004
2025-11-18,383.8713073730469,386.25,394.0,385.5,394.0,4583330
2025-11-19,386.7037658691406,389.1000061035156,389.75,384.20001220703125,386.95001220703125,3747191
2025-11-20,385.7099304199219,388.1000061035156,392.0,387.0,389.25,3477240
2025-11-21,384.61669921875,387.0,390.20001220703125,385.70001220703125,388.04998779296875,4036922
2025-11-24,380.194091796875,382.54998779296875,391.5,381.20001220703125,390.0,5819567
2025-11-25,377.6597900390625,380.0,383.6499938964844,379.0,383.0,4238096
2025-11-26,389.0889892578125,391.5,392.0,380.29998779296875,380.5,4917525
2025-11-27,389.6355895996094,392.04998779296875,399.95001220703125,391.5,392.3999938964844,7412732
2025-11-28,387.6976013183594,390.1000061035156,393.95001220703125,389.3999938964844,392.20001220703125,3760769
2025-12-01,387.3497619628906,389.75,393.0,386.70001220703125,390.6499938964844,3420680
2025-12-02,386.0577697753906,388.45001220703125,389.1499938964844,385.8999938964844,387.1000061035156,3302460
2025-12-03,381.2873229980469,383.6499938964844,389.1000061035156,382.29998779296875,387.20001220703125,3885600
2025-12-04,382.0823974609375,384.45001220703125,386.8500061035156,382.0,383.6000061035156,3786100
2025-12-05,382.132080078125,384.5,386.0,380.54998779296875,385.0,5332479
2025-12-08,371.8458251953125,374.1499938964844,385.25,372.29998779296875,383.20001220703125,7008862
2025-12-09,373.9328918457031,376.25,378.3500061035156,369.79998779296875,373.5,2822828
2025-12-10,377.5107421875,379.8500061035156,382.3999938964844,376.5,376.75,4914788
2025-12-11,377.8088684082031,380.1499938964844,382.25,376.20001220703125,379.8500061035156,3985013
2025-12-12,379.5978088378906,381.95001220703125,383.6000061035156,379.79998779296875,382.1000061035156,6778054
2025-12-15,379.29962158203125,381.6499938964844,382.3999938964844,378.0,380.0,3359948
2025-12-16,377.5107421875,379.8500061035156,381.8999938964844,378.20001220703125,381.6499938964844,2682924
2025-12-17,376.2187194824219,378.54998779296875,383.29998779296875,377.29998779296875,379.8500061035156,2168123
2025-12-18,372.64093017578125,374.95001220703125,377.6499938964844,373.0,377.5,3323975
2025-12-19,378.2063903808594,380.54998779296875,381.45001220703125,373.5,375.04998779296875,3882916
2025-12-22,378.4548645019531,380.79998779296875,382.70001220703125,380.0,381.0,3280837
2025-12-23,379.84625244140625,382.20001220703125,383.5,380.5,380.79998779296875,2330687
2025-12-24,377.3616638183594,379.70001220703125,383.70001220703125,379.0,382.20001220703125,5215726
2025-12-26,377.2125549316406,379.54998779296875,381.8999938964844,378.1000061035156,378.8999938964844,2459099
2025-12-29,373.8832092285156,376.20001220703125,380.29998779296875,375.1499938964844,379.0,2379612
2025-12-30,372.04461669921875,374.3500061035156,376.8999938964844,372.70001220703125,376.04998779296875,1675136
2025-12-31,377.26226806640625,379.6000061035156,380.75,374.79998779296875,375.0,2075846
2026-01-01,379.4984130859375,381.8500061035156,382.25,379.0,380.0,1798707
2026-01-02,390.67913818359375,393.1000061035156,393.6499938964844,381.25,381.8500061035156,13045325
2026-01-05,386.455322265625,388.8500061035156,393.0,387.29998779296875,392.5,3966735
2026-01-06,384.1197814941406,386.5,390.45001220703125,384.75,388.8500061035156,3689482
2026-01-07,378.4051818847656,380.75,387.8999938964844,379.0,386.6000061035156,4136188
2026-01-08,371.8955383300781,374.20001220703125,381.8500061035156,373.04998779296875,380.1499938964844,3791372
2026-01-09,362.55340576171875,364.79998779296875,374.0,362.95001220703125,373.0,5875179
2026-01-12,368.31768798828125,370.6000061035156,371.3500061035156,360.1000061035156,364.79998779296875,5589564
2026-01-13,366.1809387207031,368.45001220703125,372.20001220703125,365.1499938964844,370.6000061035156,3242292
2026-01-14,365.13739013671875,367.3999938964844,370.0,366.29998779296875,366.3999938964844,3084937
2026-01-15,365.13739013671875,367.3999938964844,367.3999938964844,367.3999938964844,367.3999938964844,0
2026-01-16,363.84539794921875,366.1000061035156,372.3500061035156,364.20001220703125,368.0,3726735
2026-01-19,360.9632873535156,363.20001220703125,368.70001220703125,362.0,366.1000061035156,2283012
2026-01-20,350.7763977050781,352.95001220703125,364.1499938964844,351.1000061035156,362.45001220703125,3143726
2026-01-21,347.1985778808594,349.3500061035156,353.6000061035156,346.5,351.95001220703125,4066338
2026-01-22,351.12420654296875,353.29998779296875,354.95001220703125,349.79998779296875,351.0,3432952
2026-01-23,343.1238098144531,345.25,355.0,344.1000061035156,355.0,3122016
2026-01-27,345.6083984375,347.75,349.95001220703125,342.5,345.70001220703125,3960617
2026-01-28,352.8634338378906,355.04998779296875,355.8999938964844,348.70001220703125,349.0,6892969
2026-01-29,364.1932678222656,366.45001220703125,367.5,356.5,357.3999938964844,4356054
2026-01-30,364.0441589355469,366.29998779296875,367.0,360.1000061035156,366.0,5917250
2026-02-02,356.5903625488281,358.79998779296875,360.54998779296875,348.3999938964844,355.0,3274185
2026-02-03,362.8515625,365.1000061035156,371.6000061035156,364.0,367.29998779296875,3756665
2026-02-04,369.2618408203125,371.54998779296875,372.25,363.6000061035156,365.1000061035156,4215317
2026-02-05,362.2552490234375,364.5,366.75,360.70001220703125,363.0,5457078
2026-02-06,363.69635009765625,365.95001220703125,366.54998779296875,361.0,364.3999938964844,2245318
2026-02-09,366.4294128417969,368.70001220703125,369.1000061035156,365.1000061035156,367.0,2824091
2026-02-10,367.6717224121094,369.95001220703125,370.3999938964844,367.6499938964844,369.0,1910161
2026-02-11,373.3365783691406,375.6499938964844,377.3999938964844,366.6499938964844,370.1499938964844,3457996
2026-02-12,378.2063903808594,380.54998779296875,381.5,371.5,376.20001220703125,6063960
2026-02-13,371.796142578125,374.1000061035156,377.79998779296875,370.6499938964844,377.0,4441440
2026-02-16,379.74688720703125,382.1000061035156,384.25,370.8999938964844,372.0,3884952
2026-02-17,376.06964111328125,378.3999938964844,384.1000061035156,377.0,381.3999938964844,3799013
2026-02-18,377.26226806640625,379.6000061035156,382.1499938964844,377.95001220703125,378.3999938964844,2150233
2026-02-19,367.02569580078125,369.29998779296875,381.75,368.29998779296875,379.5,3203557
2026-02-20,375.672119140625,378.0,379.20001220703125,369.25,369.29998779296875,2844023
2026-02-23,376.9144287109375,379.25,381.54998779296875,376.79998779296875,379.0,3229333
2026-02-24,377.4113464355469,379.75,380.45001220703125,372.5,377.0,3005896
2026-02-25,378.902099609375,381.25,383.6499938964844,376.5,380.0,3122278
2026-02-26,378.0573425292969,380.3999938964844,385.3999938964844,378.25,380.79998779296875,3190045
2026-02-27,375.2248840332031,377.54998779296875,381.5,376.25,380.3999938964844,3197689
2026-03-02,366.08154296875,368.3500061035156,373.95001220703125,356.0,356.0,5645823
2026-03-04,363.5969543457031,365.8500061035156,369.8999938964844,362.1000061035156,362.29998779296875,5707031
2026-03-05,374.5292053222656,376.8500061035156,378.5,366.25,366.25,5981063
2026-03-06,373.1875305175781,375.5,385.25,373.1000061035156,375.0,3748549
2026-03-09,370.603515625,372.8999938964844,374.20001220703125,365.1499938964844,366.5,5063475
2026-03-10,378.9517822265625,381.29998779296875,384.1499938964844,375.8999938964844,375.8999938964844,7675259
2026-03-11,383.3743896484375,385.75,392.5,382.3500061035156,383.0,9679700
2026-03-12,399.67340087890625,402.1499938964844,407.3500061035156,383.45001220703125,384.0,25007929
2026-03-13,392.51776123046875,394.95001220703125,406.04998779296875,393.45001220703125,402.1499938964844,9072187
2026-03-16,388.1448059082031,390.54998779296875,398.8999938964844,385.0,395.54998779296875,8028549
2026-03-17,398.38140869140625,400.8500061035156,402.29998779296875,391.0,391.0,12085084
2026-03-18,397.8844909667969,400.3500061035156,405.5,398.25,402.5,7348301
2026-03-19,396.0458679199219,398.5,404.3999938964844,393.04998779296875,397.5,8123743
2026-03-20,399.9218444824219,402.3999938964844,418.45001220703125,401.0,402.0,25154921
2026-03-23,384.5670166015625,386.95001220703125,403.29998779296875,373.0,402.70001220703125,15173788
2026-03-24,382.38055419921875,384.75,395.0,383.79998779296875,395.0,9726871
2026-03-25,388.2939147949219,390.70001220703125,395.0,387.04998779296875,388.0,6900597
2026-03-27,383.32470703125,385.70001220703125,391.54998779296875,384.6000061035156,390.0,9994317
2026-03-30,376.4175109863281,378.75,388.75,377.95001220703125,381.0,9446563
2026-04-01,377.85858154296875,380.20001220703125,390.8999938964844,378.54998779296875,390.70001220703125,6063436
2026-04-02,382.6289978027344,385.0,386.6499938964844,368.0,378.8500061035156,9543544
2026-04-06,381.4861145019531,383.8500061035156,387.0,378.45001220703125,385.04998779296875,6691437
2026-04-07,385.3124084472656,387.70001220703125,388.70001220703125,378.45001220703125,381.95001220703125,4381799
2026-04-08,392.51776123046875,394.95001220703125,397.45001220703125,392.04998779296875,395.0,7324411
2026-04-09,392.269287109375,394.70001220703125,398.8500061035156,392.0,395.0,8546666
2026-04-10,396.8906555175781,399.3500061035156,401.3500061035156,394.8999938964844,396.5,6096752
2026-04-13,407.0278015136719,409.54998779296875,417.0,390.25,394.95001220703125,20611836
2026-04-15,419.2520751953125,421.8500061035156,423.8999938964844,410.0,415.0,17610989
2026-04-16,423.97283935546875,426.6000061035156,429.6499938964844,416.20001220703125,427.3999938964844,14102437
2026-04-17,424.9666748046875,427.6000061035156,432.0,424.6000061035156,429.0,7377006
2026-04-20,430.9297180175781,433.6000061035156,438.5,424.45001220703125,427.5,13081794
2026-04-21,433.3646240234375,436.04998779296875,439.04998779296875,431.6499938964844,435.0,9014937
2026-04-22,433.3646240234375,436.04998779296875,440.79998779296875,434.79998779296875,436.0,5945688
2026-04-23,427.6500244140625,430.29998779296875,437.79998779296875,427.54998779296875,435.5,7927709
2026-04-24,432.32110595703125,435.0,436.70001220703125,426.0,431.0,6780544
2026-04-27,450.4090270996094,453.20001220703125,455.95001220703125,435.20001220703125,436.6000061035156,16399806
2026-04-28,458.9560241699219,461.79998779296875,464.8999938964844,454.0,454.0,16158141
2026-04-29,448.719482421875,451.5,464.3999938964844,449.3999938964844,464.29998779296875,7412182
2026-04-30,441.812255859375,444.54998779296875,450.0,439.29998779296875,450.0,6116311
2026-05-01,441.812255859375,444.54998779296875,444.54998779296875,444.54998779296875,444.54998779296875,0
2026-05-04,438.6816711425781,441.3999938964844,448.0,438.5,445.5,4920694
2026-05-05,439.9239807128906,442.6499938964844,445.75,436.6499938964844,441.04998779296875,6785881
2026-05-06,440.5202941894531,443.25,446.29998779296875,439.5,444.5,4255437
2026-05-07,436.544921875,439.25,446.0,438.20001220703125,445.1499938964844,5471848
2026-05-08,433.31494140625,436.0,440.6000061035156,434.70001220703125,438.1000061035156,4061354
2026-05-11,430.5321960449219,433.20001220703125,437.95001220703125,428.70001220703125,434.0,4156495
2026-05-12,415.82330322265625,418.3999938964844,433.3999938964844,417.25,431.20001220703125,6821438
2026-05-13,401.959228515625,404.45001220703125,413.75,390.79998779296875,391.0,20958608
2026-05-14,405.3382873535156,407.8500061035156,411.29998779296875,402.20001220703125,405.8500061035156,5795421
2026-05-15,404.4935302734375,407.0,412.25,405.0,409.3999938964844,4344049
2026-05-18,401.85986328125,404.3500061035156,405.70001220703125,395.95001220703125,404.6000061035156,6007649
2026-05-19,412.4442443847656,415.0,418.5,403.3999938964844,404.29998779296875,7454213
2026-05-20,410.9534912109375,413.5,415.95001220703125,409.75,411.79998779296875,4390666
2026-05-21,407.97198486328125,410.5,417.0,409.0,416.0,5013888
2026-05-22,406.3818054199219,408.8999938964844,412.95001220703125,406.1499938964844,411.0,4398760
2026-05-25,411.003173828125,413.54998779296875,415.1000061035156,409.3999938964844,411.25,3635798
2026-05-26,418.3576354980469,420.95001220703125,426.79998779296875,414.0,415.25,9332347
2026-05-27,423.177734375,425.79998779296875,430.3999938964844,419.5,420.79998779296875,6171033
2026-05-28,423.177734375,425.79998779296875,425.79998779296875,425.79998779296875,425.79998779296875,0
2026-05-29,418.1588439941406,420.75,434.0,419.6499938964844,429.8999938964844,8197538
2026-06-01,416.9165344238281,419.5,423.75,416.6000061035156,421.70001220703125,6503865
2026-06-02,412.3448791503906,414.8999938964844,417.25,408.6499938964844,415.5,5616307
2026-06-03,409.2142639160156,411.75,414.95001220703125,407.25,414.45001220703125,3650477
2026-06-04,408.2701110839844,410.79998779296875,414.6000061035156,409.0,410.0,2512081
2026-06-05,406.67999267578125,409.20001220703125,413.75,406.54998779296875,411.45001220703125,2616616
2026-06-08,401.7107849121094,404.20001220703125,409.1000061035156,402.29998779296875,404.04998779296875,2751940
2026-06-09,396.1949462890625,398.6499938964844,406.6000061035156,396.54998779296875,404.3500061035156,5796055
2026-06-10,392.3189697265625,394.75,402.95001220703125,393.3500061035156,398.6499938964844,3489888
2026-06-11,387.8466796875,390.25,396.5,388.29998779296875,391.95001220703125,5580234
2026-06-12,391.1263427734375,393.54998779296875,395.79998779296875,388.0,395.79998779296875,6317321
2026-06-15,401.61138916015625,404.1000061035156,405.3999938964844,395.54998779296875,397.75,9202415
2026-06-16,399.77276611328125,402.25,405.6000061035156,400.25,405.0,7499735
2026-06-17,399.02740478515625,401.5,403.45001220703125,399.3500061035156,402.25,5958070
2026-06-18,400.41876220703125,402.8999938964844,403.8999938964844,398.45001220703125,402.95001220703125,5550321
2026-06-19,399.8721618652344,402.3500061035156,403.70001220703125,399.5,402.5,4585159
2026-06-22,403.45001220703125,405.95001220703125,407.6000061035156,401.04998779296875,402.3500061035156,6887143
2026-06-23,398.29998779296875,398.29998779296875,406.5,396.5,405.95001220703125,5046417
2026-06-24,393.1000061035156,393.1000061035156,400.75,391.45001220703125,398.79998779296875,5536727
2026-06-25,388.95001220703125,388.95001220703125,395.8999938964844,388.0,395.04998779296875,6391714
2026-06-26,388.95001220703125,388.95001220703125,388.95001220703125,388.95001220703125,388.95001220703125,0
2026-06-29,386.5,386.5,390.29998779296875,385.1000061035156,388.95001220703125,3614843
2026-06-30,385.5,385.5,389.3500061035156,384.0,387.54998779296875,3527751
2026-07-01,375.45001220703125,375.45001220703125,387.04998779296875,374.29998779296875,386.25,9752961
2026-07-02,376.3999938964844,376.3999938964844,378.0,374.3999938964844,376.79998779296875,8842116
2026-07-03,375.20001220703125,375.20001220703125,381.45001220703125,374.3999938964844,377.5,5800623
2026-07-06,377.54998779296875,377.54998779296875,379.8500061035156,373.75,375.20001220703125,4121387
2026-07-07,377.20001220703125,377.20001220703125,380.04998779296875,374.6000061035156,377.04998779296875,4480736
2026-07-08,372.1000061035156,372.1000061035156,376.95001220703125,370.1000061035156,375.79998779296875,4750113
2026-07-09,375.5,375.5,378.8500061035156,372.25,373.3999938964844,4833406
2026-07-10,381.29998779296875,381.29998779296875,382.79998779296875,376.1499938964844,376.5,3546184
2026-07-13,377.8500061035156,377.8500061035156,379.8500061035156,375.3999938964844,379.70001220703125,3204238
2026-07-14,377.70001220703125,377.70001220703125,379.0,374.54998779296875,377.8500061035156,3224890
2026-07-15,380.8999938964844,380.8999938964844,385.0,377.29998779296875,377.70001220703125,5743594
2026-07-16,377.1000061035156,377.1000061035156,385.29998779296875,376.6499938964844,381.1000061035156,3391530
2026-07-17,377.25,377.25,379.20001220703125,375.25,377.1000061035156,2626498
2026-07-20,384.29998779296875,384.29998779296875,385.5,375.54998779296875,377.0,4957842
2026-07-21,381.45001220703125,381.45001220703125,388.1000061035156,380.0,385.95001220703125,3013353
2026-07-22,378.54998779296875,378.54998779296875,380.8999938964844,377.3500061035156,379.6499938964844,2152210
2026-07-23,376.1000061035156,376.1000061035156,379.5,374.0,376.0,1360372
