Date,Adj Close,Close,High,Low,Open,Volume
2026-07-15 03:45:00,2150.800048828125,2150.800048828125,2165.199951171875,2146.199951171875,2165.199951171875,0
2026-07-15 03:46:00,2150.300048828125,2150.300048828125,2153.89990234375,2148.699951171875,2153.0,88102
2026-07-15 03:47:00,2153.300048828125,2153.300048828125,2153.39990234375,2148.10009765625,2150.0,37690
2026-07-15 03:48:00,2154.10009765625,2154.10009765625,2156.60009765625,2152.699951171875,2153.5,36866
2026-07-15 03:49:00,2150.800048828125,2150.800048828125,2154.0,2150.699951171875,2154.0,32279
2026-07-15 03:50:00,2149.300048828125,2149.300048828125,2151.39990234375,2146.0,2151.39990234375,39410
2026-07-15 03:51:00,2149.60009765625,2149.60009765625,2150.0,2148.699951171875,2149.800048828125,16106
2026-07-15 03:52:00,2157.699951171875,2157.699951171875,2157.699951171875,2150.0,2150.199951171875,38269
2026-07-15 03:53:00,2162.5,2162.5,2163.300048828125,2157.0,2157.89990234375,33380
2026-07-15 03:54:00,2166.0,2166.0,2168.0,2161.699951171875,2162.199951171875,36372
2026-07-15 03:55:00,2170.10009765625,2170.10009765625,2170.300048828125,2165.199951171875,2166.39990234375,42922
2026-07-15 03:56:00,2175.89990234375,2175.89990234375,2177.5,2170.699951171875,2171.0,35015
2026-07-15 03:57:00,2179.0,2179.0,2180.199951171875,2175.10009765625,2175.300048828125,42572
2026-07-15 03:58:00,2184.0,2184.0,2184.0,2177.60009765625,2177.60009765625,40541
2026-07-15 03:59:00,2181.0,2181.0,2184.699951171875,2180.0,2183.39990234375,26295
2026-07-15 04:00:00,2185.0,2185.0,2186.0,2180.60009765625,2181.0,27574
2026-07-15 04:01:00,2185.800048828125,2185.800048828125,2187.0,2182.0,2184.89990234375,56775
2026-07-15 04:02:00,2185.0,2185.0,2185.699951171875,2183.199951171875,2185.699951171875,135745
2026-07-15 04:03:00,2179.39990234375,2179.39990234375,2185.199951171875,2178.300048828125,2185.0,111222
2026-07-15 04:04:00,2179.60009765625,2179.60009765625,2180.60009765625,2178.0,2178.89990234375,23863
2026-07-15 04:05:00,2177.0,2177.0,2180.300048828125,2176.0,2180.0,17393
2026-07-15 04:06:00,2178.300048828125,2178.300048828125,2178.300048828125,2175.5,2177.800048828125,19561
2026-07-15 04:07:00,2178.5,2178.5,2179.699951171875,2176.89990234375,2178.60009765625,17308
2026-07-15 04:08:00,2174.5,2174.5,2179.300048828125,2174.10009765625,2179.300048828125,16308
2026-07-15 04:09:00,2169.699951171875,2169.699951171875,2174.699951171875,2169.0,2174.0,33185
2026-07-15 04:10:00,2166.0,2166.0,2170.89990234375,2165.699951171875,2169.5,32474
2026-07-15 04:11:00,2171.0,2171.0,2171.10009765625,2165.89990234375,2165.89990234375,15503
2026-07-15 04:12:00,2172.39990234375,2172.39990234375,2173.800048828125,2171.0,2171.10009765625,11259
2026-07-15 04:13:00,2172.10009765625,2172.10009765625,2174.0,2172.0,2172.0,8166
2026-07-15 04:14:00,2172.89990234375,2172.89990234375,2174.0,2171.89990234375,2172.300048828125,8156
2026-07-15 04:15:00,2172.89990234375,2172.89990234375,2173.5,2171.0,2173.199951171875,9485
2026-07-15 04:16:00,2175.39990234375,2175.39990234375,2176.89990234375,2172.300048828125,2172.89990234375,11431
2026-07-15 04:17:00,2173.199951171875,2173.199951171875,2175.60009765625,2173.199951171875,2175.39990234375,7169
2026-07-15 04:18:00,2172.5,2172.5,2174.5,2172.10009765625,2173.5,6179
2026-07-15 04:19:00,2172.300048828125,2172.300048828125,2174.199951171875,2171.10009765625,2172.5,8218
2026-07-15 04:20:00,2174.0,2174.0,2174.0,2172.0,2172.39990234375,5377
2026-07-15 04:21:00,2177.0,2177.0,2178.0,2173.0,2173.5,9470
2026-07-15 04:22:00,2174.0,2174.0,2177.5,2173.39990234375,2177.5,6242
2026-07-15 04:23:00,2171.39990234375,2171.39990234375,2175.0,2171.39990234375,2174.60009765625,9514
2026-07-15 04:24:00,2172.60009765625,2172.60009765625,2172.60009765625,2170.800048828125,2171.800048828125,9278
2026-07-15 04:25:00,2173.0,2173.0,2173.0,2171.60009765625,2172.0,5023
2026-07-15 04:26:00,2176.10009765625,2176.10009765625,2176.10009765625,2173.0,2173.0,9374
2026-07-15 04:27:00,2173.60009765625,2173.60009765625,2176.10009765625,2172.60009765625,2176.0,15715
2026-07-15 04:28:00,2174.800048828125,2174.800048828125,2174.89990234375,2173.60009765625,2173.60009765625,10335
2026-07-15 04:29:00,2175.0,2175.0,2175.699951171875,2174.300048828125,2175.10009765625,8033
2026-07-15 04:30:00,2174.5,2174.5,2174.89990234375,2173.199951171875,2174.89990234375,4238
2026-07-15 04:31:00,2176.699951171875,2176.699951171875,2177.199951171875,2173.800048828125,2173.800048828125,12160
2026-07-15 04:32:00,2179.5,2179.5,2182.5,2177.39990234375,2177.60009765625,19575
2026-07-15 04:33:00,2180.199951171875,2180.199951171875,2181.199951171875,2179.300048828125,2179.5,18307
2026-07-15 04:34:00,2179.300048828125,2179.300048828125,2180.5,2179.10009765625,2180.5,7483
2026-07-15 04:35:00,2180.0,2180.0,2181.0,2179.10009765625,2179.300048828125,4387
2026-07-15 04:36:00,2180.0,2180.0,2181.0,2179.699951171875,2180.0,5477
2026-07-15 04:37:00,2179.89990234375,2179.89990234375,2180.0,2179.10009765625,2180.0,3101
2026-07-15 04:38:00,2179.5,2179.5,2179.800048828125,2178.39990234375,2179.60009765625,4247
2026-07-15 04:39:00,2179.300048828125,2179.300048828125,2179.5,2178.199951171875,2179.300048828125,4588
2026-07-15 04:40:00,2178.89990234375,2178.89990234375,2179.89990234375,2178.300048828125,2179.10009765625,11505
2026-07-15 04:41:00,2189.0,2189.0,2189.0,2178.5,2178.89990234375,52264
2026-07-15 04:42:00,2195.60009765625,2195.60009765625,2196.300048828125,2189.0,2189.0,65444
2026-07-15 04:43:00,2195.10009765625,2195.10009765625,2196.199951171875,2193.60009765625,2195.199951171875,51200
2026-07-15 04:44:00,2197.0,2197.0,2198.800048828125,2195.199951171875,2195.199951171875,26565
2026-07-15 04:45:00,2195.39990234375,2195.39990234375,2197.5,2195.0,2197.5,22196
2026-07-15 04:46:00,2195.10009765625,2195.10009765625,2196.39990234375,2193.0,2195.5,13364
2026-07-15 04:47:00,2200.0,2200.0,2202.10009765625,2194.89990234375,2195.300048828125,83745
2026-07-15 04:48:00,2200.0,2200.0,2200.300048828125,2199.0,2200.0,32382
2026-07-15 04:49:00,2196.60009765625,2196.60009765625,2200.10009765625,2196.300048828125,2200.0,95679
2026-07-15 04:50:00,2197.0,2197.0,2197.800048828125,2196.39990234375,2197.0,15748
2026-07-15 04:51:00,2190.39990234375,2190.39990234375,2197.0,2190.39990234375,2196.89990234375,18416
2026-07-15 04:52:00,2194.10009765625,2194.10009765625,2195.0,2190.0,2190.5,16047
2026-07-15 04:53:00,2194.60009765625,2194.60009765625,2196.89990234375,2193.39990234375,2194.0,8468
2026-07-15 04:54:00,2195.0,2195.0,2197.0,2194.60009765625,2194.89990234375,7596
2026-07-15 04:55:00,2197.0,2197.0,2197.0,2193.60009765625,2194.60009765625,6800
2026-07-15 04:56:00,2196.0,2196.0,2197.300048828125,2195.699951171875,2196.800048828125,4943
2026-07-15 04:57:00,2195.0,2195.0,2196.800048828125,2194.89990234375,2196.0,6021
2026-07-15 04:58:00,2192.0,2192.0,2195.0,2191.60009765625,2195.0,14202
2026-07-15 04:59:00,2193.0,2193.0,2194.5,2191.199951171875,2191.60009765625,5159
2026-07-15 05:00:00,2189.0,2189.0,2194.199951171875,2187.199951171875,2193.60009765625,34005
2026-07-15 05:01:00,2186.39990234375,2186.39990234375,2189.0,2186.300048828125,2188.60009765625,17890
2026-07-15 05:02:00,2185.60009765625,2185.60009765625,2186.0,2184.39990234375,2186.0,9777
2026-07-15 05:03:00,2186.5,2186.5,2187.5,2184.0,2184.800048828125,7094
2026-07-15 05:04:00,2185.89990234375,2185.89990234375,2186.5,2185.0,2186.5,4315
2026-07-15 05:05:00,2185.39990234375,2185.39990234375,2185.89990234375,2185.0,2185.0,3680
2026-07-15 05:06:00,2182.0,2182.0,2185.60009765625,2180.199951171875,2185.60009765625,22695
2026-07-15 05:07:00,2181.10009765625,2181.10009765625,2182.0,2180.10009765625,2182.0,11906
2026-07-15 05:08:00,2185.0,2185.0,2185.60009765625,2181.10009765625,2181.199951171875,11120
2026-07-15 05:09:00,2186.39990234375,2186.39990234375,2186.39990234375,2184.10009765625,2185.0,5587
2026-07-15 05:10:00,2188.60009765625,2188.60009765625,2189.89990234375,2186.89990234375,2186.89990234375,16155
2026-07-15 05:11:00,2190.0,2190.0,2191.300048828125,2188.5,2189.0,20512
2026-07-15 05:12:00,2190.39990234375,2190.39990234375,2193.10009765625,2190.0,2190.300048828125,21768
2026-07-15 05:13:00,2189.300048828125,2189.300048828125,2190.5,2188.89990234375,2190.5,5118
2026-07-15 05:14:00,2189.300048828125,2189.300048828125,2189.699951171875,2189.0,2189.300048828125,3555
2026-07-15 05:15:00,2188.0,2188.0,2189.0,2186.39990234375,2189.0,6022
2026-07-15 05:16:00,2186.800048828125,2186.800048828125,2188.0,2186.300048828125,2188.0,2706
2026-07-15 05:17:00,2188.60009765625,2188.60009765625,2188.60009765625,2186.800048828125,2187.0,3574
2026-07-15 05:18:00,2187.39990234375,2187.39990234375,2188.60009765625,2187.10009765625,2188.10009765625,2981
2026-07-15 05:19:00,2190.60009765625,2190.60009765625,2191.60009765625,2187.39990234375,2187.39990234375,17009
2026-07-15 05:20:00,2188.5,2188.5,2192.10009765625,2188.5,2191.5,12783
2026-07-15 05:21:00,2187.199951171875,2187.199951171875,2190.0,2187.0,2189.10009765625,7528
2026-07-15 05:22:00,2187.5,2187.5,2187.800048828125,2187.0,2187.800048828125,2226
2026-07-15 05:23:00,2187.699951171875,2187.699951171875,2188.89990234375,2187.199951171875,2187.199951171875,1625
2026-07-15 05:24:00,2183.5,2183.5,2188.0,2182.800048828125,2188.0,25504
2026-07-15 05:25:00,2184.39990234375,2184.39990234375,2184.5,2182.5,2183.300048828125,13785
2026-07-15 05:26:00,2186.89990234375,2186.89990234375,2187.199951171875,2184.39990234375,2184.39990234375,3419
2026-07-15 05:27:00,2184.5,2184.5,2187.800048828125,2184.5,2187.0,10100
2026-07-15 05:28:00,2185.39990234375,2185.39990234375,2185.60009765625,2185.0,2185.39990234375,1848
2026-07-15 05:29:00,2184.39990234375,2184.39990234375,2185.199951171875,2184.10009765625,2185.199951171875,2887
2026-07-15 05:30:00,2185.0,2185.0,2186.0,2184.60009765625,2184.89990234375,3900
2026-07-15 05:31:00,2186.0,2186.0,2186.0,2185.0,2185.0,2682
2026-07-15 05:32:00,2185.699951171875,2185.699951171875,2186.39990234375,2185.199951171875,2186.39990234375,3163
2026-07-15 05:33:00,2184.800048828125,2184.800048828125,2185.60009765625,2184.60009765625,2185.60009765625,4083
2026-07-15 05:34:00,2186.60009765625,2186.60009765625,2188.0,2184.699951171875,2184.699951171875,26371
2026-07-15 05:35:00,2186.60009765625,2186.60009765625,2186.89990234375,2186.10009765625,2186.199951171875,3338
2026-07-15 05:36:00,2186.800048828125,2186.800048828125,2187.0,2186.39990234375,2186.39990234375,1880
2026-07-15 05:37:00,2187.0,2187.0,2188.199951171875,2187.0,2187.5,4818
2026-07-15 05:38:00,2188.0,2188.0,2188.0,2186.60009765625,2187.0,4185
2026-07-15 05:39:00,2187.0,2187.0,2188.0,2186.60009765625,2188.0,2577
2026-07-15 05:40:00,2186.89990234375,2186.89990234375,2187.5,2186.60009765625,2187.0,2221
2026-07-15 05:41:00,2186.0,2186.0,2186.89990234375,2186.0,2186.89990234375,4590
2026-07-15 05:42:00,2184.699951171875,2184.699951171875,2185.800048828125,2184.699951171875,2185.800048828125,2954
2026-07-15 05:43:00,2184.0,2184.0,2185.0,2184.0,2185.0,2767
2026-07-15 05:44:00,2183.10009765625,2183.10009765625,2183.60009765625,2182.39990234375,2183.60009765625,6240
2026-07-15 05:45:00,2183.5,2183.5,2183.89990234375,2183.300048828125,2183.300048828125,3229
2026-07-15 05:46:00,2184.10009765625,2184.10009765625,2184.800048828125,2184.0,2184.60009765625,5108
2026-07-15 05:47:00,2185.39990234375,2185.39990234375,2186.0,2184.0,2184.300048828125,8024
2026-07-15 05:48:00,2187.39990234375,2187.39990234375,2187.39990234375,2185.89990234375,2185.89990234375,3553
2026-07-15 05:49:00,2187.199951171875,2187.199951171875,2187.89990234375,2187.10009765625,2187.10009765625,2029
2026-07-15 05:50:00,2187.89990234375,2187.89990234375,2188.0,2187.0,2187.300048828125,6952
2026-07-15 05:51:00,2185.0,2185.0,2186.89990234375,2185.0,2186.89990234375,3202
2026-07-15 05:52:00,2184.800048828125,2184.800048828125,2184.89990234375,2184.199951171875,2184.60009765625,2696
2026-07-15 05:53:00,2186.0,2186.0,2186.0,2184.60009765625,2184.699951171875,5905
2026-07-15 05:54:00,2186.199951171875,2186.199951171875,2186.800048828125,2186.0,2186.60009765625,2263
2026-07-15 05:55:00,2188.0,2188.0,2188.0,2186.300048828125,2186.300048828125,2614
2026-07-15 05:56:00,2189.10009765625,2189.10009765625,2189.10009765625,2187.89990234375,2187.89990234375,7186
2026-07-15 05:57:00,2190.300048828125,2190.300048828125,2190.300048828125,2188.5,2189.300048828125,17628
2026-07-15 05:58:00,2188.89990234375,2188.89990234375,2189.60009765625,2188.0,2189.60009765625,9118
2026-07-15 05:59:00,2188.39990234375,2188.39990234375,2191.0,2188.39990234375,2188.89990234375,9379
2026-07-15 06:00:00,2188.10009765625,2188.10009765625,2189.0,2188.10009765625,2188.39990234375,18372
2026-07-15 06:01:00,2188.0,2188.0,2188.5,2187.5,2188.199951171875,6624
2026-07-15 06:02:00,2189.10009765625,2189.10009765625,2189.199951171875,2188.0,2188.199951171875,4218
2026-07-15 06:03:00,2189.89990234375,2189.89990234375,2191.0,2187.800048828125,2189.199951171875,44105
2026-07-15 06:04:00,2189.199951171875,2189.199951171875,2190.60009765625,2189.0,2189.89990234375,8486
2026-07-15 06:05:00,2189.39990234375,2189.39990234375,2190.10009765625,2187.89990234375,2189.199951171875,4930
2026-07-15 06:06:00,2190.10009765625,2190.10009765625,2191.0,2188.89990234375,2189.39990234375,4868
2026-07-15 06:07:00,2192.699951171875,2192.699951171875,2192.89990234375,2190.699951171875,2191.0,10626
2026-07-15 06:08:00,2194.199951171875,2194.199951171875,2194.800048828125,2191.60009765625,2192.5,16349
2026-07-15 06:09:00,2193.699951171875,2193.699951171875,2194.0,2192.199951171875,2194.0,4592
2026-07-15 06:10:00,2193.0,2193.0,2194.0,2191.300048828125,2193.699951171875,4544
2026-07-15 06:11:00,2193.39990234375,2193.39990234375,2193.800048828125,2192.800048828125,2193.0,3900
2026-07-15 06:12:00,2193.60009765625,2193.60009765625,2194.199951171875,2192.699951171875,2193.39990234375,9464
2026-07-15 06:13:00,2192.39990234375,2192.39990234375,2192.800048828125,2190.800048828125,2192.699951171875,5909
2026-07-15 06:14:00,2191.300048828125,2191.300048828125,2192.699951171875,2191.300048828125,2192.699951171875,3148
2026-07-15 06:15:00,2191.39990234375,2191.39990234375,2191.89990234375,2191.0,2191.39990234375,6525
2026-07-15 06:16:00,2191.699951171875,2191.699951171875,2191.89990234375,2191.0,2191.5,3255
2026-07-15 06:17:00,2190.800048828125,2190.800048828125,2191.60009765625,2190.800048828125,2191.199951171875,1855
2026-07-15 06:18:00,2190.60009765625,2190.60009765625,2190.800048828125,2190.10009765625,2190.5,2771
2026-07-15 06:19:00,2190.699951171875,2190.699951171875,2191.0,2190.10009765625,2191.0,4172
2026-07-15 06:20:00,2191.0,2191.0,2191.39990234375,2190.10009765625,2191.0,6060
2026-07-15 06:21:00,2189.5,2189.5,2191.0,2188.199951171875,2191.0,7065
2026-07-15 06:22:00,2188.89990234375,2188.89990234375,2189.39990234375,2188.10009765625,2189.39990234375,3383
2026-07-15 06:23:00,2188.199951171875,2188.199951171875,2189.10009765625,2187.60009765625,2188.89990234375,6717
2026-07-15 06:24:00,2188.5,2188.5,2188.60009765625,2187.39990234375,2188.199951171875,31092
2026-07-15 06:25:00,2188.5,2188.5,2190.10009765625,2188.5,2188.60009765625,3834
2026-07-15 06:26:00,2189.5,2189.5,2190.0,2188.60009765625,2188.800048828125,2265
2026-07-15 06:27:00,2188.800048828125,2188.800048828125,2189.5,2188.10009765625,2189.5,2039
2026-07-15 06:28:00,2189.0,2189.0,2189.199951171875,2188.199951171875,2188.199951171875,3421
2026-07-15 06:29:00,2189.89990234375,2189.89990234375,2189.89990234375,2188.0,2189.0,4896
2026-07-15 06:30:00,2189.800048828125,2189.800048828125,2190.699951171875,2189.5,2190.0,3655
2026-07-15 06:31:00,2189.300048828125,2189.300048828125,2190.0,2189.0,2189.800048828125,2381
2026-07-15 06:32:00,2189.699951171875,2189.699951171875,2190.0,2188.60009765625,2189.5,4650
2026-07-15 06:33:00,2189.699951171875,2189.699951171875,2190.0,2189.199951171875,2189.699951171875,4055
2026-07-15 06:34:00,2190.5,2190.5,2190.60009765625,2188.800048828125,2189.199951171875,3732
2026-07-15 06:35:00,2192.5,2192.5,2192.5,2190.300048828125,2190.300048828125,8871
2026-07-15 06:36:00,2191.199951171875,2191.199951171875,2192.800048828125,2190.5,2192.5,14798
2026-07-15 06:37:00,2192.10009765625,2192.10009765625,2192.199951171875,2191.199951171875,2191.199951171875,5592
2026-07-15 06:38:00,2191.89990234375,2191.89990234375,2192.300048828125,2191.0,2191.89990234375,4940
2026-07-15 06:39:00,2191.60009765625,2191.60009765625,2191.89990234375,2191.300048828125,2191.89990234375,2467
2026-07-15 06:40:00,2189.699951171875,2189.699951171875,2191.5,2189.699951171875,2191.39990234375,6655
2026-07-15 06:41:00,2190.699951171875,2190.699951171875,2190.699951171875,2189.39990234375,2189.699951171875,3624
2026-07-15 06:42:00,2191.199951171875,2191.199951171875,2191.60009765625,2190.699951171875,2190.699951171875,2591
2026-07-15 06:43:00,2191.0,2191.0,2191.5,2191.0,2191.0,2636
2026-07-15 06:44:00,2191.0,2191.0,2191.10009765625,2190.10009765625,2191.10009765625,3058
2026-07-15 06:45:00,2190.300048828125,2190.300048828125,2191.0,2189.199951171875,2191.0,4927
2026-07-15 06:46:00,2190.699951171875,2190.699951171875,2190.699951171875,2189.800048828125,2190.39990234375,3123
2026-07-15 06:47:00,2191.5,2191.5,2191.699951171875,2189.699951171875,2190.699951171875,3401
2026-07-15 06:48:00,2191.60009765625,2191.60009765625,2191.699951171875,2190.199951171875,2191.5,4276
2026-07-15 06:49:00,2191.39990234375,2191.39990234375,2191.89990234375,2191.0,2191.60009765625,3273
2026-07-15 06:50:00,2191.10009765625,2191.10009765625,2191.800048828125,2190.39990234375,2191.5,18342
2026-07-15 06:51:00,2191.89990234375,2191.89990234375,2191.89990234375,2191.0,2191.199951171875,24338
2026-07-15 06:52:00,2191.199951171875,2191.199951171875,2191.89990234375,2191.0,2191.89990234375,2881
2026-07-15 06:53:00,2191.0,2191.0,2191.199951171875,2191.0,2191.10009765625,5050
2026-07-15 06:54:00,2192.199951171875,2192.199951171875,2192.300048828125,2191.0,2191.0,8637
2026-07-15 06:55:00,2191.699951171875,2191.699951171875,2192.800048828125,2191.0,2192.0,8501
2026-07-15 06:56:00,2190.60009765625,2190.60009765625,2192.39990234375,2190.60009765625,2191.0,15720
2026-07-15 06:57:00,2191.0,2191.0,2191.10009765625,2190.300048828125,2191.0,60377
2026-07-15 06:58:00,2191.300048828125,2191.300048828125,2191.300048828125,2190.89990234375,2191.0,27560
2026-07-15 06:59:00,2191.300048828125,2191.300048828125,2192.300048828125,2191.0,2192.0,5453
2026-07-15 07:00:00,2191.0,2191.0,2191.89990234375,2190.800048828125,2191.800048828125,3931
2026-07-15 07:01:00,2191.0,2191.0,2191.800048828125,2190.699951171875,2191.0,4728
2026-07-15 07:02:00,2191.300048828125,2191.300048828125,2192.5,2191.0,2191.199951171875,7252
2026-07-15 07:03:00,2191.0,2191.0,2191.800048828125,2191.0,2191.699951171875,8432
2026-07-15 07:04:00,2191.0,2191.0,2191.10009765625,2189.89990234375,2191.10009765625,54993
2026-07-15 07:05:00,2192.39990234375,2192.39990234375,2192.800048828125,2189.5,2191.10009765625,56367
2026-07-15 07:06:00,2188.300048828125,2188.300048828125,2192.89990234375,2188.199951171875,2192.800048828125,9600
2026-07-15 07:07:00,2191.0,2191.0,2191.10009765625,2187.5,2188.800048828125,26034
2026-07-15 07:08:00,2191.5,2191.5,2191.5,2190.60009765625,2191.0,15179
2026-07-15 07:09:00,2191.0,2191.0,2191.5,2191.0,2191.5,14384
2026-07-15 07:10:00,2191.0,2191.0,2191.199951171875,2189.5,2191.10009765625,14620
2026-07-15 07:11:00,2191.10009765625,2191.10009765625,2191.199951171875,2190.39990234375,2191.0,10682
2026-07-15 07:12:00,2191.300048828125,2191.300048828125,2191.89990234375,2191.0,2191.10009765625,4054
2026-07-15 07:13:00,2191.60009765625,2191.60009765625,2192.0,2191.10009765625,2191.699951171875,3374
2026-07-15 07:14:00,2191.89990234375,2191.89990234375,2191.89990234375,2191.199951171875,2191.60009765625,5019
2026-07-15 07:15:00,2191.300048828125,2191.300048828125,2192.0,2191.300048828125,2192.0,4476
2026-07-15 07:16:00,2191.5,2191.5,2191.800048828125,2191.5,2191.60009765625,4919
2026-07-15 07:17:00,2191.199951171875,2191.199951171875,2192.0,2191.0,2191.800048828125,7665
2026-07-15 07:18:00,2191.39990234375,2191.39990234375,2192.60009765625,2190.699951171875,2191.300048828125,5793
2026-07-15 07:19:00,2187.5,2187.5,2191.300048828125,2187.5,2191.10009765625,29981
2026-07-15 07:20:00,2188.89990234375,2188.89990234375,2189.39990234375,2187.5,2187.5,11897
2026-07-15 07:21:00,2188.300048828125,2188.300048828125,2189.800048828125,2188.10009765625,2188.39990234375,3318
2026-07-15 07:22:00,2189.199951171875,2189.199951171875,2189.300048828125,2188.199951171875,2188.300048828125,4465
2026-07-15 07:23:00,2189.10009765625,2189.10009765625,2189.60009765625,2188.39990234375,2188.39990234375,3262
2026-07-15 07:24:00,2188.10009765625,2188.10009765625,2189.10009765625,2187.5,2188.39990234375,3714
2026-07-15 07:25:00,2187.60009765625,2187.60009765625,2188.39990234375,2187.5,2188.10009765625,11617
2026-07-15 07:26:00,2178.39990234375,2178.39990234375,2186.10009765625,2178.39990234375,2185.5,72552
2026-07-15 07:27:00,2175.10009765625,2175.10009765625,2180.39990234375,2175.0,2177.5,46847
2026-07-15 07:28:00,2181.0,2181.0,2181.699951171875,2173.60009765625,2174.39990234375,26535
2026-07-15 07:29:00,2179.800048828125,2179.800048828125,2182.39990234375,2177.89990234375,2181.300048828125,20503
2026-07-15 07:30:00,2183.300048828125,2183.300048828125,2183.699951171875,2177.800048828125,2179.0,18387
2026-07-15 07:31:00,2181.800048828125,2181.800048828125,2183.89990234375,2180.0,2183.39990234375,10128
2026-07-15 07:32:00,2181.800048828125,2181.800048828125,2183.10009765625,2181.199951171875,2182.199951171875,5135
2026-07-15 07:33:00,2183.89990234375,2183.89990234375,2184.0,2182.199951171875,2182.699951171875,6207
2026-07-15 07:34:00,2182.60009765625,2182.60009765625,2183.89990234375,2180.800048828125,2183.89990234375,7978
2026-07-15 07:35:00,2184.0,2184.0,2184.39990234375,2182.0,2183.0,17339
2026-07-15 07:36:00,2182.10009765625,2182.10009765625,2183.89990234375,2181.89990234375,2183.89990234375,9079
2026-07-15 07:37:00,2181.89990234375,2181.89990234375,2182.800048828125,2181.89990234375,2182.300048828125,5985
2026-07-15 07:38:00,2183.0,2183.0,2183.0,2180.699951171875,2181.89990234375,12725
2026-07-15 07:39:00,2183.60009765625,2183.60009765625,2184.10009765625,2182.699951171875,2183.0,6603
2026-07-15 07:40:00,2183.89990234375,2183.89990234375,2184.0,2183.0,2183.60009765625,3344
2026-07-15 07:41:00,2184.39990234375,2184.39990234375,2184.699951171875,2183.199951171875,2184.0,4513
2026-07-15 07:42:00,2184.0,2184.0,2185.0,2184.0,2184.300048828125,3303
2026-07-15 07:43:00,2184.800048828125,2184.800048828125,2185.0,2184.0,2184.0,3313
2026-07-15 07:44:00,2184.89990234375,2184.89990234375,2184.89990234375,2184.10009765625,2184.300048828125,5715
2026-07-15 07:45:00,2186.0,2186.0,2186.0,2184.199951171875,2185.0,5421
2026-07-15 07:46:00,2186.800048828125,2186.800048828125,2186.800048828125,2185.300048828125,2185.60009765625,9456
2026-07-15 07:47:00,2186.300048828125,2186.300048828125,2187.199951171875,2185.5,2186.60009765625,6492
2026-07-15 07:48:00,2187.800048828125,2187.800048828125,2188.0,2185.0,2186.39990234375,14658
2026-07-15 07:49:00,2187.60009765625,2187.60009765625,2187.89990234375,2186.699951171875,2187.89990234375,5199
2026-07-15 07:50:00,2185.5,2185.5,2187.39990234375,2185.0,2187.39990234375,10593
2026-07-15 07:51:00,2185.10009765625,2185.10009765625,2186.699951171875,2184.89990234375,2186.0,5527
2026-07-15 07:52:00,2186.5,2186.5,2187.0,2185.39990234375,2186.0,2914
2026-07-15 07:53:00,2187.300048828125,2187.300048828125,2188.0,2186.60009765625,2187.0,3771
2026-07-15 07:54:00,2186.89990234375,2186.89990234375,2188.0,2186.60009765625,2187.39990234375,2719
2026-07-15 07:55:00,2187.0,2187.0,2187.800048828125,2186.89990234375,2187.10009765625,2977
2026-07-15 07:56:00,2186.699951171875,2186.699951171875,2187.10009765625,2186.39990234375,2187.10009765625,3165
2026-07-15 07:57:00,2186.60009765625,2186.60009765625,2186.89990234375,2186.39990234375,2186.39990234375,3378
2026-07-15 07:58:00,2187.10009765625,2187.10009765625,2187.10009765625,2186.39990234375,2186.39990234375,2718
2026-07-15 07:59:00,2187.0,2187.0,2187.800048828125,2186.89990234375,2187.10009765625,3731
2026-07-15 08:00:00,2187.0,2187.0,2187.0,2185.10009765625,2185.10009765625,7572
2026-07-15 08:01:00,2186.39990234375,2186.39990234375,2187.199951171875,2186.0,2187.0,2387
2026-07-15 08:02:00,2186.0,2186.0,2187.0,2185.10009765625,2187.0,7251
2026-07-15 08:03:00,2186.39990234375,2186.39990234375,2186.60009765625,2184.800048828125,2186.0,8575
2026-07-15 08:04:00,2186.89990234375,2186.89990234375,2186.89990234375,2185.39990234375,2186.39990234375,5547
2026-07-15 08:05:00,2186.0,2186.0,2186.89990234375,2186.0,2186.89990234375,6262
2026-07-15 08:06:00,2187.10009765625,2187.10009765625,2187.699951171875,2186.0,2186.199951171875,3588
2026-07-15 08:07:00,2187.5,2187.5,2187.60009765625,2186.89990234375,2187.5,3628
2026-07-15 08:08:00,2187.60009765625,2187.60009765625,2188.0,2187.199951171875,2187.5,4414
2026-07-15 08:09:00,2187.60009765625,2187.60009765625,2187.60009765625,2186.699951171875,2187.0,3694
2026-07-15 08:10:00,2186.800048828125,2186.800048828125,2187.800048828125,2186.60009765625,2187.199951171875,2666
2026-07-15 08:11:00,2187.89990234375,2187.89990234375,2188.5,2186.89990234375,2186.89990234375,4450
2026-07-15 08:12:00,2188.300048828125,2188.300048828125,2188.89990234375,2187.800048828125,2187.89990234375,2715
2026-07-15 08:13:00,2188.199951171875,2188.199951171875,2188.5,2188.199951171875,2188.199951171875,2615
2026-07-15 08:14:00,2188.0,2188.0,2189.10009765625,2187.5,2188.199951171875,10378
2026-07-15 08:15:00,2187.199951171875,2187.199951171875,2188.199951171875,2185.39990234375,2188.0,9685
2026-07-15 08:16:00,2185.699951171875,2185.699951171875,2187.300048828125,2185.39990234375,2187.199951171875,4516
2026-07-15 08:17:00,2186.300048828125,2186.300048828125,2188.800048828125,2185.699951171875,2185.699951171875,33925
2026-07-15 08:18:00,2184.5,2184.5,2186.199951171875,2184.0,2186.10009765625,10869
2026-07-15 08:19:00,2184.60009765625,2184.60009765625,2186.0,2184.199951171875,2184.5,6883
2026-07-15 08:20:00,2183.699951171875,2183.699951171875,2185.39990234375,2182.39990234375,2185.0,15344
2026-07-15 08:21:00,2183.800048828125,2183.800048828125,2185.0,2182.800048828125,2183.699951171875,3722
2026-07-15 08:22:00,2186.39990234375,2186.39990234375,2186.5,2183.10009765625,2183.199951171875,3688
2026-07-15 08:23:00,2187.0,2187.0,2187.0,2184.60009765625,2186.5,19936
2026-07-15 08:24:00,2187.89990234375,2187.89990234375,2188.0,2186.39990234375,2187.0,6575
2026-07-15 08:25:00,2187.199951171875,2187.199951171875,2187.89990234375,2186.5,2187.39990234375,6713
2026-07-15 08:26:00,2191.0,2191.0,2191.0,2186.89990234375,2187.199951171875,9886
2026-07-15 08:27:00,2193.60009765625,2193.60009765625,2193.60009765625,2191.0,2191.10009765625,12623
2026-07-15 08:28:00,2195.199951171875,2195.199951171875,2195.5,2193.60009765625,2193.60009765625,27236
2026-07-15 08:29:00,2195.89990234375,2195.89990234375,2196.699951171875,2195.10009765625,2195.300048828125,9594
2026-07-15 08:30:00,2196.0,2196.0,2198.300048828125,2195.199951171875,2195.199951171875,74620
2026-07-15 08:31:00,2193.699951171875,2193.699951171875,2196.699951171875,2193.699951171875,2196.699951171875,7884
2026-07-15 08:32:00,2193.89990234375,2193.89990234375,2194.699951171875,2193.199951171875,2193.39990234375,4210
2026-07-15 08:33:00,2193.800048828125,2193.800048828125,2194.300048828125,2193.5,2193.89990234375,3782
2026-07-15 08:34:00,2193.300048828125,2193.300048828125,2194.0,2193.199951171875,2193.800048828125,3883
2026-07-15 08:35:00,2193.5,2193.5,2195.0,2193.10009765625,2193.300048828125,10189
2026-07-15 08:36:00,2191.89990234375,2191.89990234375,2193.89990234375,2191.60009765625,2193.800048828125,13997
2026-07-15 08:37:00,2192.89990234375,2192.89990234375,2193.60009765625,2191.39990234375,2191.89990234375,4794
2026-07-15 08:38:00,2193.300048828125,2193.300048828125,2194.0,2192.10009765625,2193.0,7078
2026-07-15 08:39:00,2192.800048828125,2192.800048828125,2194.0,2192.39990234375,2193.300048828125,5015
2026-07-15 08:40:00,2193.699951171875,2193.699951171875,2194.0,2191.10009765625,2192.60009765625,7684
2026-07-15 08:41:00,2194.0,2194.0,2194.199951171875,2192.800048828125,2193.699951171875,3687
2026-07-15 08:42:00,2193.0,2193.0,2194.300048828125,2192.60009765625,2194.0,4149
2026-07-15 08:43:00,2193.199951171875,2193.199951171875,2194.39990234375,2192.699951171875,2192.800048828125,3384
2026-07-15 08:44:00,2193.60009765625,2193.60009765625,2194.0,2192.5,2193.300048828125,3749
2026-07-15 08:45:00,2194.800048828125,2194.800048828125,2194.800048828125,2193.39990234375,2193.60009765625,9399
2026-07-15 08:46:00,2194.0,2194.0,2195.199951171875,2193.5,2194.60009765625,10374
2026-07-15 08:47:00,2194.5,2194.5,2195.0,2193.60009765625,2193.800048828125,4222
2026-07-15 08:48:00,2195.10009765625,2195.10009765625,2195.60009765625,2194.10009765625,2194.5,7750
2026-07-15 08:49:00,2195.300048828125,2195.300048828125,2195.89990234375,2194.60009765625,2195.300048828125,3762
2026-07-15 08:50:00,2195.0,2195.0,2195.800048828125,2194.60009765625,2195.0,6429
2026-07-15 08:51:00,2194.5,2194.5,2195.199951171875,2194.5,2195.0,4831
2026-07-15 08:52:00,2195.0,2195.0,2195.0,2194.5,2194.5,3692
2026-07-15 08:53:00,2193.89990234375,2193.89990234375,2194.800048828125,2192.89990234375,2194.800048828125,11081
2026-07-15 08:54:00,2192.60009765625,2192.60009765625,2193.89990234375,2191.60009765625,2193.89990234375,8520
2026-07-15 08:55:00,2192.300048828125,2192.300048828125,2193.199951171875,2191.89990234375,2192.60009765625,7302
2026-07-15 08:56:00,2194.10009765625,2194.10009765625,2195.199951171875,2192.300048828125,2192.800048828125,5557
2026-07-15 08:57:00,2194.300048828125,2194.300048828125,2195.0,2193.89990234375,2193.89990234375,6880
2026-07-15 08:58:00,2194.39990234375,2194.39990234375,2194.39990234375,2193.800048828125,2194.300048828125,4055
2026-07-15 08:59:00,2193.800048828125,2193.800048828125,2194.39990234375,2193.699951171875,2194.39990234375,3439
2026-07-15 09:00:00,2193.39990234375,2193.39990234375,2194.10009765625,2193.39990234375,2193.800048828125,4800
2026-07-15 09:01:00,2192.89990234375,2192.89990234375,2194.199951171875,2192.60009765625,2193.39990234375,5519
2026-07-15 09:02:00,2192.800048828125,2192.800048828125,2192.89990234375,2192.199951171875,2192.89990234375,4069
2026-07-15 09:03:00,2193.300048828125,2193.300048828125,2193.89990234375,2192.89990234375,2193.0,9251
2026-07-15 09:04:00,2193.0,2193.0,2193.89990234375,2192.199951171875,2193.800048828125,9363
2026-07-15 09:05:00,2193.0,2193.0,2193.800048828125,2193.0,2193.39990234375,4714
2026-07-15 09:06:00,2192.800048828125,2192.800048828125,2194.0,2192.699951171875,2193.60009765625,3950
2026-07-15 09:07:00,2193.39990234375,2193.39990234375,2193.699951171875,2192.5,2192.5,7894
2026-07-15 09:08:00,2193.699951171875,2193.699951171875,2194.0,2193.10009765625,2193.300048828125,8257
2026-07-15 09:09:00,2194.60009765625,2194.60009765625,2194.89990234375,2193.39990234375,2193.699951171875,7375
2026-07-15 09:10:00,2195.10009765625,2195.10009765625,2195.10009765625,2193.300048828125,2194.199951171875,9366
2026-07-15 09:11:00,2195.89990234375,2195.89990234375,2195.89990234375,2195.0,2195.10009765625,8396
2026-07-15 09:12:00,2196.800048828125,2196.800048828125,2196.89990234375,2196.0,2196.0,7741
2026-07-15 09:13:00,2197.300048828125,2197.300048828125,2197.300048828125,2196.699951171875,2196.699951171875,6272
2026-07-15 09:14:00,2197.5,2197.5,2198.0,2197.0,2197.800048828125,14638
2026-07-15 09:15:00,2197.10009765625,2197.10009765625,2197.5,2196.60009765625,2197.0,16588
2026-07-15 09:16:00,2196.0,2196.0,2197.10009765625,2196.0,2197.0,26833
2026-07-15 09:17:00,2193.5,2193.5,2196.300048828125,2193.0,2196.300048828125,9626
2026-07-15 09:18:00,2193.0,2193.0,2193.699951171875,2193.0,2193.5,6333
2026-07-15 09:19:00,2192.10009765625,2192.10009765625,2193.199951171875,2192.0,2193.10009765625,7948
2026-07-15 09:20:00,2191.0,2191.0,2192.199951171875,2191.0,2192.0,7549
2026-07-15 09:21:00,2190.800048828125,2190.800048828125,2191.10009765625,2190.10009765625,2191.0,12294
2026-07-15 09:22:00,2191.699951171875,2191.699951171875,2192.300048828125,2190.800048828125,2190.800048828125,11046
2026-07-15 09:23:00,2191.10009765625,2191.10009765625,2192.199951171875,2191.0,2191.300048828125,11350
2026-07-15 09:24:00,2192.699951171875,2192.699951171875,2192.699951171875,2191.5,2191.5,12299
2026-07-15 09:25:00,2191.199951171875,2191.199951171875,2192.89990234375,2191.199951171875,2192.800048828125,6379
2026-07-15 09:26:00,2190.800048828125,2190.800048828125,2191.60009765625,2190.300048828125,2191.199951171875,6131
2026-07-15 09:27:00,2190.10009765625,2190.10009765625,2190.89990234375,2190.0,2190.800048828125,8306
2026-07-15 09:28:00,2190.60009765625,2190.60009765625,2191.0,2189.89990234375,2190.0,14411
2026-07-15 09:29:00,2188.39990234375,2188.39990234375,2190.5,2188.199951171875,2190.199951171875,11635
2026-07-15 09:30:00,2187.300048828125,2187.300048828125,2191.199951171875,2187.300048828125,2188.5,25934
2026-07-15 09:31:00,2187.5,2187.5,2188.10009765625,2187.0,2187.199951171875,11065
2026-07-15 09:32:00,2192.300048828125,2192.300048828125,2192.699951171875,2187.10009765625,2187.60009765625,84845
2026-07-15 09:33:00,2188.39990234375,2188.39990234375,2193.39990234375,2188.10009765625,2192.300048828125,30213
2026-07-15 09:34:00,2190.199951171875,2190.199951171875,2190.300048828125,2188.300048828125,2188.300048828125,17842
2026-07-15 09:35:00,2191.39990234375,2191.39990234375,2192.10009765625,2190.0,2190.199951171875,39512
2026-07-15 09:36:00,2192.0,2192.0,2192.199951171875,2191.300048828125,2192.10009765625,49543
2026-07-15 09:37:00,2192.0,2192.0,2192.10009765625,2191.89990234375,2192.0,19455
2026-07-15 09:38:00,2192.10009765625,2192.10009765625,2192.10009765625,2191.5,2192.10009765625,17911
2026-07-15 09:39:00,2192.10009765625,2192.10009765625,2192.800048828125,2191.89990234375,2192.0,13521
2026-07-15 09:40:00,2192.0,2192.0,2192.39990234375,2192.0,2192.39990234375,71405
2026-07-15 09:41:00,2191.89990234375,2191.89990234375,2192.300048828125,2191.300048828125,2192.0,104736
2026-07-15 09:42:00,2189.10009765625,2189.10009765625,2192.10009765625,2189.10009765625,2191.5,38177
2026-07-15 09:43:00,2188.89990234375,2188.89990234375,2189.89990234375,2188.699951171875,2189.10009765625,19936
2026-07-15 09:44:00,2188.10009765625,2188.10009765625,2189.89990234375,2188.10009765625,2188.89990234375,20014
2026-07-15 09:45:00,2185.199951171875,2185.199951171875,2188.60009765625,2184.800048828125,2188.60009765625,27868
2026-07-15 09:46:00,2184.699951171875,2184.699951171875,2185.39990234375,2184.699951171875,2185.199951171875,18624
2026-07-15 09:47:00,2184.60009765625,2184.60009765625,2185.10009765625,2184.10009765625,2185.10009765625,11611
2026-07-15 09:48:00,2184.300048828125,2184.300048828125,2185.699951171875,2183.60009765625,2184.199951171875,32363
2026-07-15 09:49:00,2184.300048828125,2184.300048828125,2184.800048828125,2184.199951171875,2184.300048828125,14478
2026-07-15 09:50:00,2185.199951171875,2185.199951171875,2185.300048828125,2184.300048828125,2184.300048828125,17364
2026-07-15 09:51:00,2186.39990234375,2186.39990234375,2187.89990234375,2186.39990234375,2187.39990234375,56951
2026-07-15 09:52:00,2185.39990234375,2185.39990234375,2186.39990234375,2185.39990234375,2186.39990234375,16698
2026-07-15 09:53:00,2187.0,2187.0,2187.199951171875,2185.39990234375,2185.5,16680
2026-07-15 09:54:00,2187.5,2187.5,2187.699951171875,2187.10009765625,2187.10009765625,22364
2026-07-15 09:55:00,2186.10009765625,2186.10009765625,2188.0,2186.10009765625,2187.699951171875,31097
2026-07-15 09:56:00,2185.0,2185.0,2186.800048828125,2184.0,2186.199951171875,17328
2026-07-15 09:57:00,2185.0,2185.0,2185.0,2184.60009765625,2185.0,15156
2026-07-15 09:58:00,2184.5,2184.5,2186.0,2184.5,2185.0,22924
2026-07-15 09:59:00,2189.199951171875,2189.199951171875,2189.199951171875,2183.89990234375,2186.699951171875,15649
2026-07-16 03:45:00,2204.0,2204.0,2210.60009765625,2197.10009765625,2197.10009765625,76310
2026-07-16 03:46:00,2213.5,2213.5,2215.300048828125,2204.699951171875,2204.89990234375,54911
2026-07-16 03:47:00,2217.800048828125,2217.800048828125,2218.800048828125,2213.0,2213.0,65635
2026-07-16 03:48:00,2219.199951171875,2219.199951171875,2221.0,2217.39990234375,2218.300048828125,36112
2026-07-16 03:49:00,2215.10009765625,2215.10009765625,2219.5,2215.0,2219.0,32682
2026-07-16 03:50:00,2208.300048828125,2208.300048828125,2217.89990234375,2206.10009765625,2215.89990234375,29016
2026-07-16 03:51:00,2206.800048828125,2206.800048828125,2209.60009765625,2203.89990234375,2208.300048828125,20601
2026-07-16 03:52:00,2206.39990234375,2206.39990234375,2209.5,2205.89990234375,2206.89990234375,13112
2026-07-16 03:53:00,2209.800048828125,2209.800048828125,2210.89990234375,2206.0,2206.60009765625,12562
2026-07-16 03:54:00,2208.300048828125,2208.300048828125,2212.0,2207.89990234375,2209.800048828125,13852
2026-07-16 03:55:00,2203.60009765625,2203.60009765625,2208.800048828125,2202.800048828125,2208.300048828125,16525
2026-07-16 03:56:00,2203.699951171875,2203.699951171875,2205.0,2202.0,2203.0,16539
2026-07-16 03:57:00,2205.5,2205.5,2206.800048828125,2203.10009765625,2203.699951171875,8562
2026-07-16 03:58:00,2206.0,2206.0,2206.699951171875,2203.39990234375,2206.0,10608
2026-07-16 03:59:00,2203.10009765625,2203.10009765625,2207.800048828125,2203.10009765625,2206.0,7566
2026-07-16 04:00:00,2202.5,2202.5,2204.699951171875,2201.699951171875,2203.300048828125,16370
2026-07-16 04:01:00,2202.60009765625,2202.60009765625,2203.89990234375,2200.60009765625,2202.5,12323
2026-07-16 04:02:00,2199.60009765625,2199.60009765625,2202.800048828125,2199.0,2202.5,21760
2026-07-16 04:03:00,2199.10009765625,2199.10009765625,2200.199951171875,2196.800048828125,2199.39990234375,11297
2026-07-16 04:04:00,2195.0,2195.0,2199.5,2195.0,2199.5,11410
2026-07-16 04:05:00,2197.39990234375,2197.39990234375,2198.5,2195.699951171875,2195.699951171875,21368
2026-07-16 04:06:00,2195.10009765625,2195.10009765625,2198.800048828125,2195.10009765625,2198.0,11512
2026-07-16 04:07:00,2197.39990234375,2197.39990234375,2198.0,2194.300048828125,2195.89990234375,19267
2026-07-16 04:08:00,2196.10009765625,2196.10009765625,2197.699951171875,2195.0,2197.699951171875,10283
2026-07-16 04:09:00,2197.10009765625,2197.10009765625,2198.10009765625,2195.800048828125,2195.800048828125,6926
2026-07-16 04:10:00,2197.5,2197.5,2197.5,2196.5,2197.0,14116
2026-07-16 04:11:00,2197.5,2197.5,2199.199951171875,2196.5,2197.10009765625,13763
2026-07-16 04:12:00,2202.5,2202.5,2202.5,2196.0,2197.39990234375,28711
2026-07-16 04:13:00,2200.800048828125,2200.800048828125,2203.300048828125,2200.800048828125,2202.60009765625,19013
2026-07-16 04:14:00,2200.800048828125,2200.800048828125,2202.0,2198.699951171875,2200.5,26502
2026-07-16 04:15:00,2200.60009765625,2200.60009765625,2202.0,2200.199951171875,2201.0,8693
2026-07-16 04:16:00,2202.0,2202.0,2202.39990234375,2199.0,2200.0,27795
2026-07-16 04:17:00,2201.60009765625,2201.60009765625,2203.39990234375,2201.10009765625,2202.39990234375,13511
2026-07-16 04:18:00,2195.300048828125,2195.300048828125,2201.5,2194.0,2201.5,22910
2026-07-16 04:19:00,2194.89990234375,2194.89990234375,2195.5,2192.800048828125,2195.300048828125,10419
2026-07-16 04:20:00,2191.60009765625,2191.60009765625,2195.0,2190.199951171875,2195.0,13959
2026-07-16 04:21:00,2190.0,2190.0,2193.0,2189.800048828125,2191.89990234375,24289
2026-07-16 04:22:00,2189.300048828125,2189.300048828125,2190.800048828125,2188.39990234375,2190.0,25781
2026-07-16 04:23:00,2194.60009765625,2194.60009765625,2195.39990234375,2189.199951171875,2189.199951171875,14706
2026-07-16 04:24:00,2199.199951171875,2199.199951171875,2199.39990234375,2195.0,2195.10009765625,15082
2026-07-16 04:25:00,2201.0,2201.0,2202.10009765625,2199.199951171875,2199.199951171875,25951
2026-07-16 04:26:00,2206.5,2206.5,2206.5,2199.5,2201.0,35755
2026-07-16 04:27:00,2208.39990234375,2208.39990234375,2209.39990234375,2204.0,2206.89990234375,44750
2026-07-16 04:28:00,2207.800048828125,2207.800048828125,2211.0,2207.10009765625,2208.39990234375,21484
2026-07-16 04:29:00,2206.699951171875,2206.699951171875,2208.800048828125,2206.300048828125,2207.800048828125,15736
2026-07-16 04:30:00,2210.5,2210.5,2210.699951171875,2206.0,2206.0,25165
2026-07-16 04:31:00,2211.60009765625,2211.60009765625,2213.0,2209.0,2211.0,13505
2026-07-16 04:32:00,2213.5,2213.5,2214.0,2210.60009765625,2212.10009765625,17956
2026-07-16 04:33:00,2211.800048828125,2211.800048828125,2213.5,2210.199951171875,2213.5,28693
2026-07-16 04:34:00,2211.0,2211.0,2213.699951171875,2210.39990234375,2212.0,18567
2026-07-16 04:35:00,2209.89990234375,2209.89990234375,2212.800048828125,2209.0,2211.800048828125,10537
2026-07-16 04:36:00,2209.0,2209.0,2210.0,2208.0,2209.699951171875,10781
2026-07-16 04:37:00,2205.800048828125,2205.800048828125,2208.89990234375,2205.300048828125,2208.10009765625,9712
2026-07-16 04:38:00,2206.699951171875,2206.699951171875,2207.300048828125,2205.0,2205.800048828125,25854
2026-07-16 04:39:00,2204.0,2204.0,2207.39990234375,2204.0,2206.5,22449
2026-07-16 04:40:00,2202.89990234375,2202.89990234375,2204.60009765625,2202.0,2204.0,12856
2026-07-16 04:41:00,2202.0,2202.0,2203.0,2201.10009765625,2202.60009765625,6639
2026-07-16 04:42:00,2203.300048828125,2203.300048828125,2204.5,2202.0,2202.0,8065
2026-07-16 04:43:00,2205.60009765625,2205.60009765625,2206.60009765625,2204.0,2204.0,5120
2026-07-16 04:44:00,2207.39990234375,2207.39990234375,2207.699951171875,2205.199951171875,2205.60009765625,4955
2026-07-16 04:45:00,2212.800048828125,2212.800048828125,2213.0,2207.10009765625,2207.699951171875,12907
2026-07-16 04:46:00,2213.10009765625,2213.10009765625,2213.39990234375,2211.10009765625,2212.199951171875,14443
2026-07-16 04:47:00,2211.699951171875,2211.699951171875,2213.10009765625,2211.5,2213.10009765625,13458
2026-07-16 04:48:00,2211.199951171875,2211.199951171875,2213.5,2211.0,2211.699951171875,38139
2026-07-16 04:49:00,2209.699951171875,2209.699951171875,2211.699951171875,2209.699951171875,2210.39990234375,7758
2026-07-16 04:50:00,2205.39990234375,2205.39990234375,2209.699951171875,2205.39990234375,2209.699951171875,14766
2026-07-16 04:51:00,2207.699951171875,2207.699951171875,2207.89990234375,2205.10009765625,2205.5,12963
2026-07-16 04:52:00,2207.199951171875,2207.199951171875,2209.699951171875,2207.0,2207.699951171875,7735
2026-07-16 04:53:00,2208.300048828125,2208.300048828125,2208.300048828125,2207.300048828125,2208.0,3184
2026-07-16 04:54:00,2210.0,2210.0,2210.89990234375,2208.0,2208.39990234375,7239
2026-07-16 04:55:00,2212.0,2212.0,2213.0,2210.0,2210.0,17360
2026-07-16 04:56:00,2211.5,2211.5,2213.0,2211.300048828125,2212.10009765625,10800
2026-07-16 04:57:00,2211.5,2211.5,2212.5,2211.0,2211.89990234375,6666
2026-07-16 04:58:00,2211.800048828125,2211.800048828125,2212.10009765625,2210.300048828125,2211.10009765625,6495
2026-07-16 04:59:00,2210.300048828125,2210.300048828125,2211.89990234375,2210.0,2211.800048828125,9932
2026-07-16 05:00:00,2210.199951171875,2210.199951171875,2210.60009765625,2209.0,2210.199951171875,15735
2026-07-16 05:01:00,2210.800048828125,2210.800048828125,2212.0,2210.10009765625,2210.10009765625,19804
2026-07-16 05:02:00,2210.199951171875,2210.199951171875,2211.0,2210.10009765625,2210.199951171875,4818
2026-07-16 05:03:00,2211.800048828125,2211.800048828125,2212.0,2210.10009765625,2210.5,6931
2026-07-16 05:04:00,2210.699951171875,2210.699951171875,2212.89990234375,2210.39990234375,2212.0,14838
2026-07-16 05:05:00,2209.800048828125,2209.800048828125,2210.89990234375,2209.5,2210.699951171875,5249
2026-07-16 05:06:00,2212.0,2212.0,2212.10009765625,2210.0,2210.5,6160
2026-07-16 05:07:00,2210.89990234375,2210.89990234375,2212.699951171875,2210.699951171875,2212.0,6519
2026-07-16 05:08:00,2210.60009765625,2210.60009765625,2211.60009765625,2210.60009765625,2210.89990234375,3369
2026-07-16 05:09:00,2213.800048828125,2213.800048828125,2213.800048828125,2210.10009765625,2210.5,13597
2026-07-16 05:10:00,2212.300048828125,2212.300048828125,2215.89990234375,2211.699951171875,2215.39990234375,33504
2026-07-16 05:11:00,2211.39990234375,2211.39990234375,2212.10009765625,2211.0,2212.0,7245
2026-07-16 05:12:00,2211.39990234375,2211.39990234375,2211.89990234375,2210.699951171875,2211.5,5653
2026-07-16 05:13:00,2210.89990234375,2210.89990234375,2211.800048828125,2210.39990234375,2211.0,4910
2026-07-16 05:14:00,2210.199951171875,2210.199951171875,2211.0,2209.800048828125,2211.0,9369
2026-07-16 05:15:00,2210.10009765625,2210.10009765625,2210.5,2209.699951171875,2209.699951171875,5960
2026-07-16 05:16:00,2211.0,2211.0,2211.0,2210.0,2210.0,4538
2026-07-16 05:17:00,2210.699951171875,2210.699951171875,2211.10009765625,2210.300048828125,2210.89990234375,3490
2026-07-16 05:18:00,2211.89990234375,2211.89990234375,2211.89990234375,2210.60009765625,2210.60009765625,4421
2026-07-16 05:19:00,2213.5,2213.5,2213.5,2211.699951171875,2211.699951171875,5996
2026-07-16 05:20:00,2213.300048828125,2213.300048828125,2213.60009765625,2213.0,2213.0,9941
2026-07-16 05:21:00,2215.5,2215.5,2216.0,2214.60009765625,2214.60009765625,64047
2026-07-16 05:22:00,2216.0,2216.0,2216.5,2215.0,2215.0,11689
2026-07-16 05:23:00,2215.800048828125,2215.800048828125,2216.39990234375,2215.0,2216.0,5313
2026-07-16 05:24:00,2213.0,2213.0,2215.89990234375,2213.0,2215.89990234375,16612
2026-07-16 05:25:00,2212.300048828125,2212.300048828125,2213.199951171875,2211.199951171875,2213.0,9923
2026-07-16 05:26:00,2211.89990234375,2211.89990234375,2214.0,2211.800048828125,2212.5,8719
2026-07-16 05:27:00,2211.199951171875,2211.199951171875,2212.89990234375,2211.199951171875,2212.60009765625,3213
2026-07-16 05:28:00,2211.699951171875,2211.699951171875,2212.0,2210.10009765625,2210.699951171875,4938
2026-07-16 05:29:00,2212.300048828125,2212.300048828125,2212.800048828125,2211.300048828125,2212.0,4206
2026-07-16 05:30:00,2215.0,2215.0,2215.800048828125,2212.5,2212.60009765625,7381
2026-07-16 05:31:00,2215.199951171875,2215.199951171875,2216.0,2215.0,2215.800048828125,23240
2026-07-16 05:32:00,2215.10009765625,2215.10009765625,2215.199951171875,2214.800048828125,2215.0,12548
2026-07-16 05:33:00,2214.300048828125,2214.300048828125,2215.199951171875,2214.199951171875,2215.199951171875,27655
2026-07-16 05:34:00,2214.5,2214.5,2215.199951171875,2214.199951171875,2215.0,41618
2026-07-16 05:35:00,2215.0,2215.0,2215.199951171875,2214.5,2215.0,49931
2026-07-16 05:36:00,2215.5,2215.5,2215.5,2214.300048828125,2215.0,45558
2026-07-16 05:37:00,2216.0,2216.0,2216.5,2214.699951171875,2215.5,23022
2026-07-16 05:38:00,2215.0,2215.0,2217.699951171875,2215.0,2216.5,11546
2026-07-16 05:39:00,2216.199951171875,2216.199951171875,2216.39990234375,2215.0,2215.800048828125,10861
2026-07-16 05:40:00,2216.199951171875,2216.199951171875,2216.39990234375,2215.5,2216.300048828125,5415
2026-07-16 05:41:00,2216.0,2216.0,2216.89990234375,2216.0,2216.39990234375,3254
2026-07-16 05:42:00,2216.5,2216.5,2216.5,2215.800048828125,2215.89990234375,3149
2026-07-16 05:43:00,2215.699951171875,2215.699951171875,2216.60009765625,2215.699951171875,2216.5,7359
2026-07-16 05:44:00,2215.0,2215.0,2215.800048828125,2214.60009765625,2215.699951171875,32855
2026-07-16 05:45:00,2215.10009765625,2215.10009765625,2215.10009765625,2214.699951171875,2215.10009765625,23756
2026-07-16 05:46:00,2213.800048828125,2213.800048828125,2215.5,2213.699951171875,2215.10009765625,39986
2026-07-16 05:47:00,2213.800048828125,2213.800048828125,2214.800048828125,2213.39990234375,2213.800048828125,15085
2026-07-16 05:48:00,2214.10009765625,2214.10009765625,2214.699951171875,2213.60009765625,2213.60009765625,5501
2026-07-16 05:49:00,2214.10009765625,2214.10009765625,2214.5,2214.0,2214.0,5047
2026-07-16 05:50:00,2214.60009765625,2214.60009765625,2214.699951171875,2214.0,2214.0,9973
2026-07-16 05:51:00,2215.199951171875,2215.199951171875,2215.199951171875,2214.5,2214.60009765625,6186
2026-07-16 05:52:00,2216.199951171875,2216.199951171875,2216.199951171875,2215.0,2215.0,7299
2026-07-16 05:53:00,2215.10009765625,2215.10009765625,2216.800048828125,2215.10009765625,2216.800048828125,5667
2026-07-16 05:54:00,2214.199951171875,2214.199951171875,2215.39990234375,2214.199951171875,2215.39990234375,19997
2026-07-16 05:55:00,2215.10009765625,2215.10009765625,2215.10009765625,2214.300048828125,2214.39990234375,41342
2026-07-16 05:56:00,2212.199951171875,2212.199951171875,2215.0,2212.199951171875,2214.39990234375,67657
2026-07-16 05:57:00,2217.39990234375,2217.39990234375,2218.0,2212.199951171875,2212.800048828125,37890
2026-07-16 05:58:00,2216.10009765625,2216.10009765625,2217.800048828125,2215.800048828125,2217.800048828125,6147
2026-07-16 05:59:00,2216.800048828125,2216.800048828125,2217.199951171875,2216.10009765625,2216.10009765625,5739
2026-07-16 06:00:00,2216.0,2216.0,2216.800048828125,2215.800048828125,2216.800048828125,5402
2026-07-16 06:01:00,2216.10009765625,2216.10009765625,2216.5,2215.699951171875,2215.699951171875,6978
2026-07-16 06:02:00,2216.10009765625,2216.10009765625,2216.5,2215.39990234375,2216.199951171875,3506
2026-07-16 06:03:00,2216.60009765625,2216.60009765625,2216.60009765625,2215.0,2216.5,8119
2026-07-16 06:04:00,2215.89990234375,2215.89990234375,2216.5,2215.800048828125,2215.800048828125,2244
2026-07-16 06:05:00,2215.699951171875,2215.699951171875,2216.89990234375,2215.699951171875,2215.89990234375,5156
2026-07-16 06:06:00,2215.89990234375,2215.89990234375,2216.5,2215.0,2215.0,9050
2026-07-16 06:07:00,2215.89990234375,2215.89990234375,2216.800048828125,2215.89990234375,2216.39990234375,4531
2026-07-16 06:08:00,2216.0,2216.0,2216.5,2215.0,2215.89990234375,5148
2026-07-16 06:09:00,2215.300048828125,2215.300048828125,2215.89990234375,2215.0,2215.89990234375,4705
2026-07-16 06:10:00,2215.300048828125,2215.300048828125,2215.60009765625,2215.10009765625,2215.199951171875,2923
2026-07-16 06:11:00,2215.0,2215.0,2215.300048828125,2215.0,2215.199951171875,2855
2026-07-16 06:12:00,2215.0,2215.0,2215.10009765625,2215.0,2215.10009765625,7434
2026-07-16 06:13:00,2215.39990234375,2215.39990234375,2216.0,2215.0,2215.0,11023
2026-07-16 06:14:00,2215.89990234375,2215.89990234375,2216.199951171875,2215.10009765625,2215.39990234375,7499
2026-07-16 06:15:00,2215.89990234375,2215.89990234375,2217.199951171875,2215.5,2216.199951171875,13532
2026-07-16 06:16:00,2216.0,2216.0,2216.5,2215.60009765625,2215.800048828125,3133
2026-07-16 06:17:00,2217.199951171875,2217.199951171875,2217.199951171875,2215.0,2216.10009765625,6650
2026-07-16 06:18:00,2218.199951171875,2218.199951171875,2218.89990234375,2217.300048828125,2217.300048828125,11294
2026-07-16 06:19:00,2218.300048828125,2218.300048828125,2218.60009765625,2218.0,2218.199951171875,3344
2026-07-16 06:20:00,2218.0,2218.0,2218.39990234375,2217.39990234375,2218.300048828125,6952
2026-07-16 06:21:00,2217.39990234375,2217.39990234375,2217.800048828125,2217.0,2217.800048828125,6768
2026-07-16 06:22:00,2217.89990234375,2217.89990234375,2218.5,2217.5,2217.5,12205
2026-07-16 06:23:00,2221.10009765625,2221.10009765625,2221.699951171875,2217.89990234375,2217.89990234375,85085
2026-07-16 06:24:00,2226.39990234375,2226.39990234375,2226.89990234375,2221.0,2221.0,99692
2026-07-16 06:25:00,2225.199951171875,2225.199951171875,2226.5,2225.0,2226.10009765625,16674
2026-07-16 06:26:00,2225.60009765625,2225.60009765625,2226.0,2225.0,2225.300048828125,77956
2026-07-16 06:27:00,2227.300048828125,2227.300048828125,2227.300048828125,2225.0,2225.300048828125,36768
2026-07-16 06:28:00,2227.300048828125,2227.300048828125,2227.800048828125,2226.5,2227.0,31535
2026-07-16 06:29:00,2228.60009765625,2228.60009765625,2228.800048828125,2227.300048828125,2227.5,33486
2026-07-16 06:30:00,2230.5,2230.5,2230.800048828125,2228.60009765625,2228.699951171875,68358
2026-07-16 06:31:00,2227.5,2227.5,2231.10009765625,2227.39990234375,2230.5,57356
2026-07-16 06:32:00,2226.39990234375,2226.39990234375,2228.0,2226.199951171875,2227.89990234375,18741
2026-07-16 06:33:00,2226.800048828125,2226.800048828125,2227.0,2225.0,2226.89990234375,33351
2026-07-16 06:34:00,2227.800048828125,2227.800048828125,2227.800048828125,2225.300048828125,2226.800048828125,15427
2026-07-16 06:35:00,2228.10009765625,2228.10009765625,2228.699951171875,2227.39990234375,2227.89990234375,16290
2026-07-16 06:36:00,2226.39990234375,2226.39990234375,2228.60009765625,2226.39990234375,2228.5,8795
2026-07-16 06:37:00,2225.0,2225.0,2226.699951171875,2225.0,2226.699951171875,13079
2026-07-16 06:38:00,2225.39990234375,2225.39990234375,2225.89990234375,2225.0,2225.39990234375,41996
2026-07-16 06:39:00,2225.199951171875,2225.199951171875,2227.0,2225.199951171875,2225.39990234375,9948
2026-07-16 06:40:00,2225.0,2225.0,2225.60009765625,2225.0,2225.60009765625,49741
2026-07-16 06:41:00,2225.0,2225.0,2225.5,2223.89990234375,2225.10009765625,28568
2026-07-16 06:42:00,2221.0,2221.0,2225.10009765625,2220.300048828125,2225.0,35752
2026-07-16 06:43:00,2220.5,2220.5,2222.0,2217.89990234375,2220.89990234375,27280
2026-07-16 06:44:00,2219.800048828125,2219.800048828125,2220.39990234375,2218.699951171875,2220.0,9422
2026-07-16 06:45:00,2220.60009765625,2220.60009765625,2221.5,2219.60009765625,2219.89990234375,8023
2026-07-16 06:46:00,2221.699951171875,2221.699951171875,2221.800048828125,2220.39990234375,2220.60009765625,8450
2026-07-16 06:47:00,2220.5,2220.5,2221.800048828125,2220.5,2221.699951171875,9791
2026-07-16 06:48:00,2219.300048828125,2219.300048828125,2221.0,2218.5,2220.5,11954
2026-07-16 06:49:00,2221.0,2221.0,2221.10009765625,2219.0,2219.300048828125,11991
2026-07-16 06:50:00,2222.89990234375,2222.89990234375,2223.0,2221.10009765625,2221.39990234375,12049
2026-07-16 06:51:00,2223.5,2223.5,2224.60009765625,2222.89990234375,2223.0,15200
2026-07-16 06:52:00,2224.0,2224.0,2224.5,2223.10009765625,2223.5,12451
2026-07-16 06:53:00,2223.5,2223.5,2224.10009765625,2222.60009765625,2223.60009765625,11346
2026-07-16 06:54:00,2223.199951171875,2223.199951171875,2223.5,2223.0,2223.0,4779
2026-07-16 06:55:00,2223.0,2223.0,2223.199951171875,2222.699951171875,2223.0,5525
2026-07-16 06:56:00,2225.0,2225.0,2225.0,2223.0,2223.0,8853
2026-07-16 06:57:00,2226.300048828125,2226.300048828125,2226.300048828125,2225.0,2225.0,6840
2026-07-16 06:58:00,2226.10009765625,2226.10009765625,2227.0,2226.0,2226.10009765625,8321
2026-07-16 06:59:00,2225.5,2225.5,2226.0,2225.0,2225.699951171875,5945
2026-07-16 07:00:00,2225.0,2225.0,2226.0,2224.699951171875,2225.60009765625,7326
2026-07-16 07:01:00,2225.699951171875,2225.699951171875,2226.300048828125,2225.0,2225.10009765625,8394
2026-07-16 07:02:00,2225.5,2225.5,2225.89990234375,2225.0,2225.0,3706
2026-07-16 07:03:00,2225.199951171875,2225.199951171875,2226.0,2225.10009765625,2225.39990234375,10038
2026-07-16 07:04:00,2225.199951171875,2225.199951171875,2225.60009765625,2224.800048828125,2224.800048828125,3593
2026-07-16 07:05:00,2225.5,2225.5,2225.800048828125,2225.10009765625,2225.199951171875,4874
2026-07-16 07:06:00,2226.39990234375,2226.39990234375,2226.60009765625,2225.300048828125,2225.5,7334
2026-07-16 07:07:00,2225.699951171875,2225.699951171875,2226.5,2225.699951171875,2226.199951171875,5783
2026-07-16 07:08:00,2225.10009765625,2225.10009765625,2225.699951171875,2225.0,2225.699951171875,5278
2026-07-16 07:09:00,2225.199951171875,2225.199951171875,2225.5,2225.10009765625,2225.10009765625,4958
2026-07-16 07:10:00,2225.39990234375,2225.39990234375,2225.699951171875,2225.0,2225.0,14856
2026-07-16 07:11:00,2226.5,2226.5,2226.5,2225.89990234375,2225.89990234375,5565
2026-07-16 07:12:00,2226.39990234375,2226.39990234375,2227.0,2226.10009765625,2226.5,11277
2026-07-16 07:13:00,2225.60009765625,2225.60009765625,2226.60009765625,2225.60009765625,2226.300048828125,6381
2026-07-16 07:14:00,2225.300048828125,2225.300048828125,2225.89990234375,2225.0,2225.60009765625,5328
2026-07-16 07:15:00,2226.0,2226.0,2226.699951171875,2225.199951171875,2225.5,7527
2026-07-16 07:16:00,2225.10009765625,2225.10009765625,2225.699951171875,2225.10009765625,2225.699951171875,4303
2026-07-16 07:17:00,2223.199951171875,2223.199951171875,2225.60009765625,2223.199951171875,2225.10009765625,15928
2026-07-16 07:18:00,2223.0,2223.0,2223.60009765625,2222.5,2223.199951171875,11890
2026-07-16 07:19:00,2222.10009765625,2222.10009765625,2223.5,2222.10009765625,2223.5,9418
2026-07-16 07:20:00,2220.199951171875,2220.199951171875,2222.199951171875,2220.199951171875,2222.10009765625,18330
2026-07-16 07:21:00,2218.60009765625,2218.60009765625,2220.699951171875,2218.60009765625,2220.699951171875,25921
2026-07-16 07:22:00,2220.39990234375,2220.39990234375,2220.5,2218.300048828125,2218.60009765625,23984
2026-07-16 07:23:00,2217.60009765625,2217.60009765625,2220.199951171875,2217.300048828125,2219.60009765625,11510
2026-07-16 07:24:00,2217.0,2217.0,2217.800048828125,2216.300048828125,2217.39990234375,11524
2026-07-16 07:25:00,2218.0,2218.0,2218.0,2216.60009765625,2217.5,8191
2026-07-16 07:26:00,2217.39990234375,2217.39990234375,2218.0,2217.300048828125,2218.0,8952
2026-07-16 07:27:00,2216.699951171875,2216.699951171875,2217.89990234375,2216.39990234375,2217.5,10153
2026-07-16 07:28:00,2215.5,2215.5,2216.39990234375,2215.0,2216.39990234375,13840
2026-07-16 07:29:00,2216.699951171875,2216.699951171875,2216.699951171875,2215.199951171875,2215.39990234375,5696
2026-07-16 07:30:00,2214.800048828125,2214.800048828125,2216.39990234375,2214.800048828125,2215.699951171875,9849
2026-07-16 07:31:00,2217.10009765625,2217.10009765625,2217.199951171875,2214.60009765625,2214.89990234375,22317
2026-07-16 07:32:00,2215.89990234375,2215.89990234375,2217.199951171875,2215.5,2217.199951171875,6895
2026-07-16 07:33:00,2216.0,2216.0,2216.39990234375,2215.60009765625,2216.10009765625,4303
2026-07-16 07:34:00,2216.0,2216.0,2216.5,2215.5,2215.89990234375,5148
2026-07-16 07:35:00,2217.0,2217.0,2217.699951171875,2216.5,2216.5,7180
2026-07-16 07:36:00,2216.89990234375,2216.89990234375,2217.199951171875,2216.10009765625,2217.10009765625,16923
2026-07-16 07:37:00,2215.800048828125,2215.800048828125,2216.89990234375,2215.699951171875,2216.5,2908
2026-07-16 07:38:00,2215.60009765625,2215.60009765625,2215.89990234375,2215.60009765625,2215.800048828125,5113
2026-07-16 07:39:00,2215.800048828125,2215.800048828125,2215.89990234375,2215.60009765625,2215.60009765625,3204
2026-07-16 07:40:00,2215.800048828125,2215.800048828125,2215.89990234375,2215.800048828125,2215.800048828125,3213
2026-07-16 07:41:00,2215.5,2215.5,2215.89990234375,2215.5,2215.60009765625,3683
2026-07-16 07:42:00,2218.300048828125,2218.300048828125,2218.699951171875,2215.60009765625,2215.60009765625,17143
2026-07-16 07:43:00,2219.199951171875,2219.199951171875,2220.0,2217.699951171875,2218.0,10090
2026-07-16 07:44:00,2216.800048828125,2216.800048828125,2220.10009765625,2216.800048828125,2219.89990234375,16882
2026-07-16 07:45:00,2215.300048828125,2215.300048828125,2216.800048828125,2215.199951171875,2216.800048828125,5562
2026-07-16 07:46:00,2215.5,2215.5,2216.89990234375,2215.0,2215.300048828125,7089
2026-07-16 07:47:00,2214.300048828125,2214.300048828125,2216.10009765625,2214.0,2215.5,12873
2026-07-16 07:48:00,2215.89990234375,2215.89990234375,2216.300048828125,2214.199951171875,2215.0,4297
2026-07-16 07:49:00,2215.800048828125,2215.800048828125,2216.199951171875,2215.0,2216.199951171875,3290
2026-07-16 07:50:00,2215.699951171875,2215.699951171875,2216.0,2215.199951171875,2215.800048828125,4127
2026-07-16 07:51:00,2216.5,2216.5,2216.60009765625,2215.60009765625,2216.0,7146
2026-07-16 07:52:00,2215.0,2215.0,2216.5,2215.0,2216.5,3359
2026-07-16 07:53:00,2214.0,2214.0,2214.800048828125,2213.89990234375,2214.800048828125,9884
2026-07-16 07:54:00,2214.0,2214.0,2214.60009765625,2213.60009765625,2214.5,4941
2026-07-16 07:55:00,2213.60009765625,2213.60009765625,2214.199951171875,2213.0,2214.0,10159
2026-07-16 07:56:00,2212.699951171875,2212.699951171875,2213.89990234375,2212.300048828125,2213.10009765625,16871
2026-07-16 07:57:00,2212.800048828125,2212.800048828125,2213.0,2212.0,2212.699951171875,8218
2026-07-16 07:58:00,2212.39990234375,2212.39990234375,2213.800048828125,2212.39990234375,2212.800048828125,10199
2026-07-16 07:59:00,2213.0,2213.0,2213.0,2211.800048828125,2212.39990234375,7730
2026-07-16 08:00:00,2213.300048828125,2213.300048828125,2213.699951171875,2211.800048828125,2213.0,7854
2026-07-16 08:01:00,2212.10009765625,2212.10009765625,2213.39990234375,2212.0,2213.300048828125,2735
2026-07-16 08:02:00,2213.300048828125,2213.300048828125,2213.699951171875,2212.10009765625,2212.199951171875,10748
2026-07-16 08:03:00,2212.89990234375,2212.89990234375,2214.0,2212.5,2213.300048828125,6548
2026-07-16 08:04:00,2212.699951171875,2212.699951171875,2213.5,2212.699951171875,2213.39990234375,4143
2026-07-16 08:05:00,2213.0,2213.0,2213.199951171875,2212.699951171875,2213.199951171875,2728
2026-07-16 08:06:00,2213.0,2213.0,2213.0,2212.10009765625,2212.699951171875,4443
2026-07-16 08:07:00,2212.39990234375,2212.39990234375,2213.300048828125,2212.300048828125,2213.0,4118
2026-07-16 08:08:00,2210.699951171875,2210.699951171875,2212.5,2210.699951171875,2212.300048828125,8014
2026-07-16 08:09:00,2210.89990234375,2210.89990234375,2211.39990234375,2210.300048828125,2211.0,5181
2026-07-16 08:10:00,2210.39990234375,2210.39990234375,2211.699951171875,2210.10009765625,2210.89990234375,7292
2026-07-16 08:11:00,2210.10009765625,2210.10009765625,2211.0,2210.0,2210.800048828125,23804
2026-07-16 08:12:00,2211.39990234375,2211.39990234375,2212.89990234375,2210.0,2210.699951171875,7084
2026-07-16 08:13:00,2212.89990234375,2212.89990234375,2214.0,2211.39990234375,2211.39990234375,9955
2026-07-16 08:14:00,2211.89990234375,2211.89990234375,2213.0,2211.60009765625,2212.89990234375,9917
2026-07-16 08:15:00,2213.300048828125,2213.300048828125,2214.5,2211.39990234375,2211.800048828125,16440
2026-07-16 08:16:00,2213.0,2213.0,2213.300048828125,2211.699951171875,2212.5,2785
2026-07-16 08:17:00,2212.60009765625,2212.60009765625,2213.199951171875,2212.0,2212.60009765625,2594
2026-07-16 08:18:00,2211.699951171875,2211.699951171875,2213.0,2211.699951171875,2212.699951171875,6164
2026-07-16 08:19:00,2211.10009765625,2211.10009765625,2212.699951171875,2210.199951171875,2212.0,9971
2026-07-16 08:20:00,2212.10009765625,2212.10009765625,2212.199951171875,2210.5,2211.0,5741
2026-07-16 08:21:00,2212.60009765625,2212.60009765625,2212.60009765625,2211.60009765625,2212.199951171875,3754
2026-07-16 08:22:00,2213.5,2213.5,2214.39990234375,2212.60009765625,2212.60009765625,3854
2026-07-16 08:23:00,2213.10009765625,2213.10009765625,2214.199951171875,2213.0,2213.5,3355
2026-07-16 08:24:00,2211.39990234375,2211.39990234375,2214.0,2211.300048828125,2213.10009765625,14923
2026-07-16 08:25:00,2213.10009765625,2213.10009765625,2213.699951171875,2211.39990234375,2211.39990234375,10449
2026-07-16 08:26:00,2214.89990234375,2214.89990234375,2215.0,2213.0,2213.10009765625,8506
2026-07-16 08:27:00,2214.0,2214.0,2214.800048828125,2213.300048828125,2214.0,4502
2026-07-16 08:28:00,2213.800048828125,2213.800048828125,2214.699951171875,2213.199951171875,2214.699951171875,4108
2026-07-16 08:29:00,2214.60009765625,2214.60009765625,2214.60009765625,2213.199951171875,2213.199951171875,3147
2026-07-16 08:30:00,2214.0,2214.0,2214.699951171875,2213.199951171875,2214.60009765625,3126
2026-07-16 08:31:00,2213.5,2213.5,2214.5,2213.5,2214.10009765625,3663
2026-07-16 08:32:00,2214.0,2214.0,2214.699951171875,2213.199951171875,2213.699951171875,5948
2026-07-16 08:33:00,2212.39990234375,2212.39990234375,2213.89990234375,2212.199951171875,2213.60009765625,7794
2026-07-16 08:34:00,2213.0,2213.0,2213.39990234375,2211.60009765625,2212.5,9993
2026-07-16 08:35:00,2213.699951171875,2213.699951171875,2214.0,2212.800048828125,2213.199951171875,3378
2026-07-16 08:36:00,2213.800048828125,2213.800048828125,2214.39990234375,2213.699951171875,2213.89990234375,2624
2026-07-16 08:37:00,2213.60009765625,2213.60009765625,2214.5,2213.60009765625,2213.800048828125,3591
2026-07-16 08:38:00,2214.0,2214.0,2214.0,2213.0,2213.5,2991
2026-07-16 08:39:00,2213.699951171875,2213.699951171875,2214.0,2213.0,2213.0,5146
2026-07-16 08:40:00,2213.800048828125,2213.800048828125,2214.39990234375,2212.60009765625,2214.0,4153
2026-07-16 08:41:00,2213.300048828125,2213.300048828125,2214.0,2213.0,2213.39990234375,4413
2026-07-16 08:42:00,2214.0,2214.0,2214.60009765625,2213.199951171875,2213.300048828125,12049
2026-07-16 08:43:00,2214.5,2214.5,2215.0,2213.5,2214.0,8457
2026-07-16 08:44:00,2213.60009765625,2213.60009765625,2214.5,2213.0,2214.5,3102
2026-07-16 08:45:00,2214.0,2214.0,2214.300048828125,2213.60009765625,2213.60009765625,3518
2026-07-16 08:46:00,2213.89990234375,2213.89990234375,2214.699951171875,2213.199951171875,2214.300048828125,2964
2026-07-16 08:47:00,2214.5,2214.5,2214.5,2213.60009765625,2213.89990234375,3178
2026-07-16 08:48:00,2214.300048828125,2214.300048828125,2215.0,2214.199951171875,2214.5,3662
2026-07-16 08:49:00,2214.89990234375,2214.89990234375,2214.89990234375,2213.800048828125,2214.300048828125,4843
2026-07-16 08:50:00,2213.699951171875,2213.699951171875,2215.0,2213.199951171875,2215.0,4365
2026-07-16 08:51:00,2211.300048828125,2211.300048828125,2213.89990234375,2210.60009765625,2213.89990234375,10561
2026-07-16 08:52:00,2213.39990234375,2213.39990234375,2214.10009765625,2210.89990234375,2211.10009765625,10419
2026-07-16 08:53:00,2213.60009765625,2213.60009765625,2214.0,2213.0,2213.39990234375,5840
2026-07-16 08:54:00,2213.199951171875,2213.199951171875,2214.0,2212.89990234375,2213.60009765625,5059
2026-07-16 08:55:00,2213.800048828125,2213.800048828125,2214.5,2213.199951171875,2213.199951171875,4021
2026-07-16 08:56:00,2212.800048828125,2212.800048828125,2214.10009765625,2212.10009765625,2213.89990234375,4964
2026-07-16 08:57:00,2212.800048828125,2212.800048828125,2213.5,2211.60009765625,2212.89990234375,10490
2026-07-16 08:58:00,2213.0,2213.0,2213.199951171875,2211.60009765625,2212.800048828125,9478
2026-07-16 08:59:00,2213.60009765625,2213.60009765625,2214.0,2212.39990234375,2213.10009765625,5729
2026-07-16 09:00:00,2214.0,2214.0,2214.699951171875,2213.10009765625,2213.89990234375,4370
2026-07-16 09:01:00,2214.800048828125,2214.800048828125,2214.89990234375,2213.60009765625,2214.5,2724
2026-07-16 09:02:00,2215.60009765625,2215.60009765625,2216.0,2214.5,2214.800048828125,10075
2026-07-16 09:03:00,2214.699951171875,2214.699951171875,2215.89990234375,2214.199951171875,2215.800048828125,6140
2026-07-16 09:04:00,2215.89990234375,2215.89990234375,2216.800048828125,2214.699951171875,2215.10009765625,6439
2026-07-16 09:05:00,2216.89990234375,2216.89990234375,2217.199951171875,2215.39990234375,2215.89990234375,7330
2026-07-16 09:06:00,2215.0,2215.0,2217.39990234375,2214.89990234375,2216.89990234375,7542
2026-07-16 09:07:00,2214.60009765625,2214.60009765625,2216.10009765625,2214.60009765625,2215.5,12591
2026-07-16 09:08:00,2213.60009765625,2213.60009765625,2214.60009765625,2213.0,2214.10009765625,3731
2026-07-16 09:09:00,2214.89990234375,2214.89990234375,2215.0,2213.39990234375,2213.5,8466
2026-07-16 09:10:00,2213.39990234375,2213.39990234375,2216.0,2213.199951171875,2214.89990234375,10823
2026-07-16 09:11:00,2212.89990234375,2212.89990234375,2213.39990234375,2211.199951171875,2213.39990234375,11095
2026-07-16 09:12:00,2213.10009765625,2213.10009765625,2214.0,2212.199951171875,2213.300048828125,11256
2026-07-16 09:13:00,2214.5,2214.5,2214.60009765625,2212.800048828125,2213.5,5694
2026-07-16 09:14:00,2213.800048828125,2213.800048828125,2214.89990234375,2213.300048828125,2214.5,4562
2026-07-16 09:15:00,2213.800048828125,2213.800048828125,2214.300048828125,2213.5,2213.800048828125,2566
2026-07-16 09:16:00,2214.10009765625,2214.10009765625,2215.0,2213.5,2215.0,6324
2026-07-16 09:17:00,2214.800048828125,2214.800048828125,2215.0,2214.0,2214.60009765625,3212
2026-07-16 09:18:00,2213.0,2213.0,2214.800048828125,2213.0,2214.800048828125,5337
2026-07-16 09:19:00,2211.89990234375,2211.89990234375,2213.60009765625,2211.199951171875,2213.0,16621
2026-07-16 09:20:00,2211.800048828125,2211.800048828125,2213.199951171875,2211.39990234375,2211.89990234375,7863
2026-07-16 09:21:00,2212.0,2212.0,2212.39990234375,2211.5,2211.800048828125,4222
2026-07-16 09:22:00,2212.699951171875,2212.699951171875,2213.0,2212.0,2212.0,4559
2026-07-16 09:23:00,2212.800048828125,2212.800048828125,2212.89990234375,2212.0,2212.699951171875,4026
2026-07-16 09:24:00,2211.5,2211.5,2212.800048828125,2211.0,2212.800048828125,4680
2026-07-16 09:25:00,2211.60009765625,2211.60009765625,2212.0,2210.800048828125,2211.699951171875,8682
2026-07-16 09:26:00,2211.60009765625,2211.60009765625,2211.800048828125,2210.39990234375,2211.0,6557
2026-07-16 09:27:00,2211.60009765625,2211.60009765625,2212.10009765625,2211.0,2211.60009765625,7195
2026-07-16 09:28:00,2211.10009765625,2211.10009765625,2212.300048828125,2211.0,2211.39990234375,12845
2026-07-16 09:29:00,2211.60009765625,2211.60009765625,2212.199951171875,2210.699951171875,2211.5,6895
2026-07-16 09:30:00,2207.89990234375,2207.89990234375,2211.60009765625,2207.699951171875,2211.60009765625,26740
2026-07-16 09:31:00,2205.300048828125,2205.300048828125,2207.89990234375,2204.300048828125,2207.89990234375,24816
2026-07-16 09:32:00,2204.199951171875,2204.199951171875,2206.699951171875,2204.10009765625,2206.0,21118
2026-07-16 09:33:00,2204.39990234375,2204.39990234375,2205.39990234375,2203.699951171875,2204.10009765625,32981
2026-07-16 09:34:00,2202.5,2202.5,2204.39990234375,2202.300048828125,2204.39990234375,22122
2026-07-16 09:35:00,2204.10009765625,2204.10009765625,2204.39990234375,2202.5,2202.60009765625,33663
2026-07-16 09:36:00,2204.199951171875,2204.199951171875,2204.800048828125,2204.0,2204.39990234375,12078
2026-07-16 09:37:00,2202.199951171875,2202.199951171875,2204.199951171875,2202.199951171875,2204.199951171875,16132
2026-07-16 09:38:00,2202.60009765625,2202.60009765625,2203.39990234375,2202.0,2202.300048828125,22757
2026-07-16 09:39:00,2201.39990234375,2201.39990234375,2202.699951171875,2201.300048828125,2202.39990234375,16265
2026-07-16 09:40:00,2201.199951171875,2201.199951171875,2201.699951171875,2200.199951171875,2201.699951171875,20513
2026-07-16 09:41:00,2201.800048828125,2201.800048828125,2201.800048828125,2201.0,2201.0,12987
2026-07-16 09:42:00,2200.89990234375,2200.89990234375,2201.800048828125,2200.800048828125,2201.800048828125,13252
2026-07-16 09:43:00,2200.60009765625,2200.60009765625,2201.39990234375,2200.60009765625,2201.300048828125,22771
2026-07-16 09:44:00,2198.0,2198.0,2200.60009765625,2197.39990234375,2200.5,33845
2026-07-16 09:45:00,2197.699951171875,2197.699951171875,2198.199951171875,2197.300048828125,2198.10009765625,19133
2026-07-16 09:46:00,2197.89990234375,2197.89990234375,2197.89990234375,2197.60009765625,2197.699951171875,23174
2026-07-16 09:47:00,2198.5,2198.5,2199.5,2197.89990234375,2197.89990234375,21865
2026-07-16 09:48:00,2199.300048828125,2199.300048828125,2199.300048828125,2198.39990234375,2198.60009765625,18847
2026-07-16 09:49:00,2200.39990234375,2200.39990234375,2200.39990234375,2199.199951171875,2199.300048828125,16787
2026-07-16 09:50:00,2199.60009765625,2199.60009765625,2200.5,2199.60009765625,2200.5,21268
2026-07-16 09:51:00,2198.39990234375,2198.39990234375,2198.89990234375,2197.10009765625,2198.89990234375,26180
2026-07-16 09:52:00,2199.199951171875,2199.199951171875,2199.800048828125,2198.199951171875,2198.5,21809
2026-07-16 09:53:00,2200.300048828125,2200.300048828125,2200.89990234375,2198.39990234375,2199.10009765625,17681
2026-07-16 09:54:00,2199.0,2199.0,2201.0,2198.800048828125,2200.300048828125,19808
2026-07-16 09:55:00,2198.39990234375,2198.39990234375,2199.199951171875,2197.800048828125,2199.0,30659
2026-07-16 09:56:00,2198.0,2198.0,2199.199951171875,2197.39990234375,2198.10009765625,24921
2026-07-16 09:57:00,2198.5,2198.5,2198.800048828125,2197.10009765625,2198.300048828125,18769
2026-07-16 09:58:00,2200.0,2200.0,2200.0,2197.10009765625,2198.300048828125,21838
2026-07-16 09:59:00,2201.0,2201.0,2201.0,2199.0,2200.0,6190
2026-07-17 03:45:00,2253.300048828125,2253.300048828125,2253.5,2224.699951171875,2224.699951171875,0
2026-07-17 03:46:00,2249.39990234375,2249.39990234375,2255.39990234375,2243.60009765625,2252.699951171875,109677
2026-07-17 03:47:00,2252.10009765625,2252.10009765625,2256.300048828125,2247.699951171875,2247.699951171875,90611
2026-07-17 03:48:00,2249.5,2249.5,2252.800048828125,2249.39990234375,2252.60009765625,32711
2026-07-17 03:49:00,2248.0,2248.0,2251.699951171875,2247.5,2250.60009765625,43909
2026-07-17 03:50:00,2246.39990234375,2246.39990234375,2251.10009765625,2246.0,2248.199951171875,36979
2026-07-17 03:51:00,2242.0,2242.0,2246.89990234375,2241.699951171875,2246.89990234375,41217
2026-07-17 03:52:00,2242.0,2242.0,2243.60009765625,2241.0,2242.0,25638
2026-07-17 03:53:00,2242.0,2242.0,2243.0,2242.0,2242.0,10755
2026-07-17 03:54:00,2248.0,2248.0,2252.0,2242.60009765625,2242.60009765625,43404
2026-07-17 03:55:00,2245.10009765625,2245.10009765625,2251.5,2245.0,2248.300048828125,31622
2026-07-17 03:56:00,2238.10009765625,2238.10009765625,2246.300048828125,2237.199951171875,2245.300048828125,28036
2026-07-17 03:57:00,2235.0,2235.0,2239.0,2234.89990234375,2238.5,29630
2026-07-17 03:58:00,2237.0,2237.0,2237.699951171875,2232.0,2234.0,17513
2026-07-17 03:59:00,2233.199951171875,2233.199951171875,2237.39990234375,2232.60009765625,2237.39990234375,14527
2026-07-17 04:00:00,2234.0,2234.0,2237.60009765625,2233.5,2233.5,11309
2026-07-17 04:01:00,2232.89990234375,2232.89990234375,2235.300048828125,2231.0,2234.199951171875,17033
2026-07-17 04:02:00,2234.0,2234.0,2235.300048828125,2232.0,2232.89990234375,14056
2026-07-17 04:03:00,2233.0,2233.0,2234.0,2231.300048828125,2233.800048828125,6625
2026-07-17 04:04:00,2232.89990234375,2232.89990234375,2234.39990234375,2232.199951171875,2233.0,8787
2026-07-17 04:05:00,2235.800048828125,2235.800048828125,2236.0,2232.0,2233.0,11420
2026-07-17 04:06:00,2236.800048828125,2236.800048828125,2237.699951171875,2234.10009765625,2236.0,17574
2026-07-17 04:07:00,2239.10009765625,2239.10009765625,2240.300048828125,2236.10009765625,2237.300048828125,18514
2026-07-17 04:08:00,2237.199951171875,2237.199951171875,2238.60009765625,2236.0,2238.5,8906
2026-07-17 04:09:00,2235.39990234375,2235.39990234375,2239.0,2235.39990234375,2237.0,9155
2026-07-17 04:10:00,2238.5,2238.5,2238.800048828125,2235.300048828125,2235.300048828125,8271
2026-07-17 04:11:00,2237.60009765625,2237.60009765625,2240.0,2237.39990234375,2238.0,9246
2026-07-17 04:12:00,2235.89990234375,2235.89990234375,2238.699951171875,2235.300048828125,2237.60009765625,8653
2026-07-17 04:13:00,2236.0,2236.0,2237.5,2235.699951171875,2236.60009765625,6715
2026-07-17 04:14:00,2237.39990234375,2237.39990234375,2239.60009765625,2235.5,2236.10009765625,7228
2026-07-17 04:15:00,2238.89990234375,2238.89990234375,2239.199951171875,2236.60009765625,2238.0,4799
2026-07-17 04:16:00,2234.0,2234.0,2239.0,2232.60009765625,2238.699951171875,16300
2026-07-17 04:17:00,2230.199951171875,2230.199951171875,2234.0,2230.0,2234.0,16809
2026-07-17 04:18:00,2229.10009765625,2229.10009765625,2230.800048828125,2228.10009765625,2230.0,14716
2026-07-17 04:19:00,2231.10009765625,2231.10009765625,2231.199951171875,2228.5,2229.10009765625,8108
2026-07-17 04:20:00,2231.199951171875,2231.199951171875,2233.5,2230.10009765625,2230.10009765625,6279
2026-07-17 04:21:00,2231.5,2231.5,2233.0,2231.10009765625,2232.0,5026
2026-07-17 04:22:00,2232.199951171875,2232.199951171875,2233.0,2232.0,2232.10009765625,2668
2026-07-17 04:23:00,2232.5,2232.5,2234.0,2232.0,2232.300048828125,4914
2026-07-17 04:24:00,2238.0,2238.0,2238.800048828125,2232.39990234375,2232.39990234375,15050
2026-07-17 04:25:00,2239.39990234375,2239.39990234375,2239.89990234375,2237.300048828125,2237.300048828125,11959
2026-07-17 04:26:00,2240.800048828125,2240.800048828125,2242.39990234375,2239.0,2239.5,31615
2026-07-17 04:27:00,2238.699951171875,2238.699951171875,2242.0,2238.300048828125,2240.800048828125,17190
2026-07-17 04:28:00,2231.0,2231.0,2238.0,2231.0,2238.0,29976
2026-07-17 04:29:00,2233.5,2233.5,2234.199951171875,2231.0,2231.5,4324
2026-07-17 04:30:00,2233.800048828125,2233.800048828125,2234.800048828125,2233.5,2234.5,3500
2026-07-17 04:31:00,2230.199951171875,2230.199951171875,2235.0,2230.0,2233.699951171875,17511
2026-07-17 04:32:00,2230.10009765625,2230.10009765625,2233.39990234375,2229.89990234375,2230.699951171875,13328
2026-07-17 04:33:00,2227.39990234375,2227.39990234375,2231.10009765625,2227.199951171875,2230.300048828125,12789
2026-07-17 04:34:00,2227.0,2227.0,2228.60009765625,2226.199951171875,2228.5,12133
2026-07-17 04:35:00,2227.60009765625,2227.60009765625,2228.0,2226.800048828125,2227.39990234375,4810
2026-07-17 04:36:00,2227.300048828125,2227.300048828125,2229.5,2227.0,2227.60009765625,4783
2026-07-17 04:37:00,2225.39990234375,2225.39990234375,2226.300048828125,2224.0,2226.0,55195
2026-07-17 04:38:00,2227.800048828125,2227.800048828125,2227.800048828125,2224.0,2225.5,9510
2026-07-17 04:39:00,2231.89990234375,2231.89990234375,2232.0,2226.800048828125,2227.89990234375,19658
2026-07-17 04:40:00,2230.60009765625,2230.60009765625,2233.39990234375,2230.60009765625,2231.199951171875,13832
2026-07-17 04:41:00,2229.89990234375,2229.89990234375,2232.5,2229.89990234375,2231.800048828125,7721
2026-07-17 04:42:00,2230.10009765625,2230.10009765625,2232.10009765625,2229.10009765625,2229.800048828125,33053
2026-07-17 04:43:00,2229.39990234375,2229.39990234375,2231.10009765625,2229.10009765625,2230.10009765625,5835
2026-07-17 04:44:00,2229.60009765625,2229.60009765625,2231.0,2228.10009765625,2229.10009765625,4202
2026-07-17 04:45:00,2228.5,2228.5,2230.89990234375,2228.10009765625,2230.0,4579
2026-07-17 04:46:00,2227.0,2227.0,2228.5,2226.0,2228.10009765625,6785
2026-07-17 04:47:00,2228.39990234375,2228.39990234375,2228.5,2226.60009765625,2226.800048828125,3955
2026-07-17 04:48:00,2230.5,2230.5,2231.0,2224.5,2227.699951171875,25018
2026-07-17 04:49:00,2229.199951171875,2229.199951171875,2232.0,2228.60009765625,2230.199951171875,6569
2026-07-17 04:50:00,2229.199951171875,2229.199951171875,2229.800048828125,2227.5,2229.10009765625,3519
2026-07-17 04:51:00,2229.5,2229.5,2230.0,2228.60009765625,2229.300048828125,2630
2026-07-17 04:52:00,2227.800048828125,2227.800048828125,2231.0,2227.5,2230.39990234375,3858
2026-07-17 04:53:00,2227.5,2227.5,2228.89990234375,2226.89990234375,2227.800048828125,1828
2026-07-17 04:54:00,2225.39990234375,2225.39990234375,2227.800048828125,2224.699951171875,2227.699951171875,11297
2026-07-17 04:55:00,2225.10009765625,2225.10009765625,2226.699951171875,2224.10009765625,2226.0,6802
2026-07-17 04:56:00,2224.300048828125,2224.300048828125,2225.89990234375,2224.10009765625,2225.0,4037
2026-07-17 04:57:00,2225.0,2225.0,2225.800048828125,2224.199951171875,2224.199951171875,3586
2026-07-17 04:58:00,2224.10009765625,2224.10009765625,2225.0,2223.199951171875,2224.5,10421
2026-07-17 04:59:00,2224.699951171875,2224.699951171875,2224.800048828125,2223.10009765625,2224.39990234375,5356
2026-07-17 05:00:00,2225.89990234375,2225.89990234375,2226.800048828125,2224.199951171875,2224.300048828125,3224
2026-07-17 05:01:00,2223.800048828125,2223.800048828125,2226.300048828125,2223.699951171875,2225.800048828125,4149
2026-07-17 05:02:00,2225.0,2225.0,2225.60009765625,2223.800048828125,2223.800048828125,3509
2026-07-17 05:03:00,2227.0,2227.0,2228.0,2225.39990234375,2225.39990234375,2984
2026-07-17 05:04:00,2227.0,2227.0,2227.800048828125,2226.0,2227.5,2072
2026-07-17 05:05:00,2226.89990234375,2226.89990234375,2228.39990234375,2226.300048828125,2226.699951171875,1656
2026-07-17 05:06:00,2231.0,2231.0,2231.300048828125,2226.39990234375,2226.89990234375,18185
2026-07-17 05:07:00,2230.699951171875,2230.699951171875,2232.0,2230.5,2231.0,8727
2026-07-17 05:08:00,2231.0,2231.0,2231.5,2230.699951171875,2231.300048828125,3221
2026-07-17 05:09:00,2231.0,2231.0,2231.60009765625,2230.5,2231.10009765625,10788
2026-07-17 05:10:00,2230.10009765625,2230.10009765625,2231.0,2230.0,2231.0,7711
2026-07-17 05:11:00,2230.0,2230.0,2231.0,2230.0,2230.10009765625,5415
2026-07-17 05:12:00,2230.0,2230.0,2230.699951171875,2230.0,2230.60009765625,7834
2026-07-17 05:13:00,2230.0,2230.0,2230.39990234375,2229.89990234375,2230.0,15481
2026-07-17 05:14:00,2230.89990234375,2230.89990234375,2230.89990234375,2229.300048828125,2230.10009765625,16335
2026-07-17 05:15:00,2230.60009765625,2230.60009765625,2231.199951171875,2229.699951171875,2230.800048828125,2904
2026-07-17 05:16:00,2230.699951171875,2230.699951171875,2231.39990234375,2230.199951171875,2230.60009765625,1850
2026-07-17 05:17:00,2231.60009765625,2231.60009765625,2232.199951171875,2230.699951171875,2231.0,6157
2026-07-17 05:18:00,2230.39990234375,2230.39990234375,2231.699951171875,2229.5,2231.699951171875,8260
2026-07-17 05:19:00,2230.800048828125,2230.800048828125,2231.699951171875,2230.0,2230.300048828125,2955
2026-07-17 05:20:00,2230.699951171875,2230.699951171875,2231.5,2230.10009765625,2230.89990234375,2036
2026-07-17 05:21:00,2230.5,2230.5,2231.39990234375,2230.10009765625,2230.89990234375,1321
2026-07-17 05:22:00,2231.5,2231.5,2231.5,2230.300048828125,2230.5,4229
2026-07-17 05:23:00,2232.300048828125,2232.300048828125,2232.300048828125,2230.89990234375,2231.699951171875,13027
2026-07-17 05:24:00,2233.39990234375,2233.39990234375,2234.0,2232.199951171875,2232.39990234375,14811
2026-07-17 05:25:00,2233.199951171875,2233.199951171875,2233.89990234375,2232.10009765625,2233.10009765625,8379
2026-07-17 05:26:00,2231.10009765625,2231.10009765625,2233.800048828125,2231.10009765625,2233.5,7323
2026-07-17 05:27:00,2231.39990234375,2231.39990234375,2231.89990234375,2228.0,2231.10009765625,25518
2026-07-17 05:28:00,2232.89990234375,2232.89990234375,2234.0,2231.699951171875,2231.800048828125,3637
2026-07-17 05:29:00,2234.199951171875,2234.199951171875,2235.0,2233.60009765625,2233.89990234375,5951
2026-07-17 05:30:00,2233.5,2233.5,2234.199951171875,2233.5,2234.199951171875,2660
2026-07-17 05:31:00,2232.699951171875,2232.699951171875,2234.39990234375,2232.300048828125,2233.800048828125,6653
2026-07-17 05:32:00,2232.5,2232.5,2233.0,2231.699951171875,2232.699951171875,3675
2026-07-17 05:33:00,2242.5,2242.5,2242.5,2232.300048828125,2232.300048828125,83941
2026-07-17 05:34:00,2241.0,2241.0,2242.39990234375,2241.0,2241.39990234375,12001
2026-07-17 05:35:00,2240.300048828125,2240.300048828125,2241.89990234375,2240.199951171875,2241.199951171875,5365
2026-07-17 05:36:00,2240.10009765625,2240.10009765625,2241.5,2240.0,2240.199951171875,8977
2026-07-17 05:37:00,2240.199951171875,2240.199951171875,2241.5,2240.0,2240.199951171875,16196
2026-07-17 05:38:00,2240.199951171875,2240.199951171875,2240.5,2240.0,2240.199951171875,38785
2026-07-17 05:39:00,2243.699951171875,2243.699951171875,2243.699951171875,2240.0,2240.199951171875,34542
2026-07-17 05:40:00,2243.0,2243.0,2244.10009765625,2242.89990234375,2243.699951171875,12000
2026-07-17 05:41:00,2242.800048828125,2242.800048828125,2243.89990234375,2242.39990234375,2243.0,4492
2026-07-17 05:42:00,2242.199951171875,2242.199951171875,2243.199951171875,2242.0,2242.800048828125,8135
2026-07-17 05:43:00,2241.39990234375,2241.39990234375,2243.0,2241.10009765625,2242.199951171875,2951
2026-07-17 05:44:00,2240.0,2240.0,2242.0,2240.0,2241.300048828125,9880
2026-07-17 05:45:00,2240.0,2240.0,2240.699951171875,2240.0,2240.699951171875,13073
2026-07-17 05:46:00,2240.0,2240.0,2241.60009765625,2240.0,2240.0,10839
2026-07-17 05:47:00,2243.0,2243.0,2243.10009765625,2240.0,2240.699951171875,4515
2026-07-17 05:48:00,2242.89990234375,2242.89990234375,2242.89990234375,2241.699951171875,2242.300048828125,3486
2026-07-17 05:49:00,2244.699951171875,2244.699951171875,2244.699951171875,2240.800048828125,2242.199951171875,8693
2026-07-17 05:50:00,2245.800048828125,2245.800048828125,2246.699951171875,2244.0,2244.60009765625,25523
2026-07-17 05:51:00,2244.89990234375,2244.89990234375,2246.0,2244.5,2246.0,5121
2026-07-17 05:52:00,2247.699951171875,2247.699951171875,2247.699951171875,2244.39990234375,2244.39990234375,15865
2026-07-17 05:53:00,2246.5,2246.5,2247.60009765625,2245.300048828125,2247.5,5249
2026-07-17 05:54:00,2246.60009765625,2246.60009765625,2247.10009765625,2245.39990234375,2246.5,4433
2026-07-17 05:55:00,2245.60009765625,2245.60009765625,2245.89990234375,2244.89990234375,2245.39990234375,7836
2026-07-17 05:56:00,2245.5,2245.5,2246.0,2244.699951171875,2245.699951171875,6368
2026-07-17 05:57:00,2245.39990234375,2245.39990234375,2246.10009765625,2244.89990234375,2246.10009765625,4382
2026-07-17 05:58:00,2245.699951171875,2245.699951171875,2246.0,2244.300048828125,2245.199951171875,5236
2026-07-17 05:59:00,2244.39990234375,2244.39990234375,2245.89990234375,2244.0,2245.199951171875,11619
2026-07-17 06:00:00,2246.0,2246.0,2246.0,2244.39990234375,2245.0,5490
2026-07-17 06:01:00,2247.10009765625,2247.10009765625,2247.800048828125,2245.800048828125,2245.89990234375,11543
2026-07-17 06:02:00,2248.0,2248.0,2248.39990234375,2246.39990234375,2247.39990234375,10238
2026-07-17 06:03:00,2248.10009765625,2248.10009765625,2248.60009765625,2247.300048828125,2248.0,5952
2026-07-17 06:04:00,2247.39990234375,2247.39990234375,2248.0,2247.300048828125,2248.0,5379
2026-07-17 06:05:00,2251.5,2251.5,2251.5,2246.800048828125,2247.5,49159
2026-07-17 06:06:00,2252.300048828125,2252.300048828125,2255.60009765625,2251.199951171875,2252.0,197162
2026-07-17 06:07:00,2252.39990234375,2252.39990234375,2254.800048828125,2252.39990234375,2252.39990234375,11715
2026-07-17 06:08:00,2252.0,2252.0,2253.89990234375,2249.800048828125,2253.0,8521
2026-07-17 06:09:00,2252.5,2252.5,2252.5,2248.60009765625,2250.89990234375,21034
2026-07-17 06:10:00,2252.5,2252.5,2253.10009765625,2250.800048828125,2252.60009765625,9585
2026-07-17 06:11:00,2251.800048828125,2251.800048828125,2253.0,2251.199951171875,2252.800048828125,12230
2026-07-17 06:12:00,2250.89990234375,2250.89990234375,2252.800048828125,2250.699951171875,2252.699951171875,4582
2026-07-17 06:13:00,2251.0,2251.0,2251.699951171875,2250.199951171875,2251.699951171875,9141
2026-07-17 06:14:00,2251.0,2251.0,2252.800048828125,2250.800048828125,2251.10009765625,9621
2026-07-17 06:15:00,2251.60009765625,2251.60009765625,2252.0,2250.60009765625,2251.699951171875,6506
2026-07-17 06:16:00,2251.10009765625,2251.10009765625,2252.0,2250.300048828125,2251.5,6895
2026-07-17 06:17:00,2250.5,2250.5,2252.0,2250.300048828125,2251.10009765625,7397
2026-07-17 06:18:00,2251.0,2251.0,2251.800048828125,2250.199951171875,2250.5,15334
2026-07-17 06:19:00,2251.0,2251.0,2251.39990234375,2250.0,2251.199951171875,5691
2026-07-17 06:20:00,2252.0,2252.0,2252.699951171875,2250.10009765625,2250.10009765625,11030
2026-07-17 06:21:00,2252.10009765625,2252.10009765625,2252.5,2251.300048828125,2252.0,4585
2026-07-17 06:22:00,2252.5,2252.5,2253.0,2250.800048828125,2252.199951171875,8197
2026-07-17 06:23:00,2252.0,2252.0,2253.10009765625,2251.10009765625,2252.5,10602
2026-07-17 06:24:00,2253.199951171875,2253.199951171875,2254.0,2251.300048828125,2252.5,11114
2026-07-17 06:25:00,2254.300048828125,2254.300048828125,2254.89990234375,2252.0,2253.199951171875,12134
2026-07-17 06:26:00,2254.5,2254.5,2255.0,2253.60009765625,2254.5,8964
2026-07-17 06:27:00,2254.10009765625,2254.10009765625,2254.699951171875,2253.89990234375,2254.10009765625,8019
2026-07-17 06:28:00,2253.199951171875,2253.199951171875,2254.5,2252.89990234375,2254.39990234375,7255
2026-07-17 06:29:00,2254.39990234375,2254.39990234375,2254.39990234375,2252.5,2252.89990234375,11605
2026-07-17 06:30:00,2253.0,2253.0,2255.89990234375,2253.0,2254.699951171875,19568
2026-07-17 06:31:00,2253.10009765625,2253.10009765625,2253.5,2252.0,2253.10009765625,10672
2026-07-17 06:32:00,2254.0,2254.0,2254.0,2252.60009765625,2253.300048828125,10767
2026-07-17 06:33:00,2254.5,2254.5,2255.89990234375,2253.5,2254.199951171875,10548
2026-07-17 06:34:00,2254.10009765625,2254.10009765625,2255.0,2253.5,2254.5,5868
2026-07-17 06:35:00,2256.60009765625,2256.60009765625,2257.0,2252.89990234375,2254.699951171875,24864
2026-07-17 06:36:00,2256.800048828125,2256.800048828125,2257.60009765625,2256.199951171875,2256.60009765625,6293
2026-07-17 06:37:00,2256.10009765625,2256.10009765625,2257.39990234375,2256.10009765625,2256.800048828125,7832
2026-07-17 06:38:00,2257.0,2257.0,2257.300048828125,2256.39990234375,2256.60009765625,12451
2026-07-17 06:39:00,2256.89990234375,2256.89990234375,2257.0,2256.10009765625,2257.0,8629
2026-07-17 06:40:00,2256.39990234375,2256.39990234375,2257.39990234375,2255.89990234375,2257.0,13342
2026-07-17 06:41:00,2256.800048828125,2256.800048828125,2257.0,2255.60009765625,2256.39990234375,6544
2026-07-17 06:42:00,2256.699951171875,2256.699951171875,2257.0,2255.10009765625,2256.60009765625,7742
2026-07-17 06:43:00,2256.39990234375,2256.39990234375,2256.89990234375,2255.5,2256.800048828125,8274
2026-07-17 06:44:00,2255.300048828125,2255.300048828125,2256.89990234375,2255.300048828125,2256.5,7601
2026-07-17 06:45:00,2256.5,2256.5,2256.5,2255.199951171875,2255.199951171875,7219
2026-07-17 06:46:00,2255.89990234375,2255.89990234375,2256.39990234375,2255.0,2256.10009765625,13593
2026-07-17 06:47:00,2257.0,2257.0,2257.0,2255.89990234375,2256.800048828125,8985
2026-07-17 06:48:00,2257.60009765625,2257.60009765625,2258.0,2256.699951171875,2257.0,11681
2026-07-17 06:49:00,2258.5,2258.5,2258.60009765625,2257.60009765625,2257.800048828125,9111
2026-07-17 06:50:00,2258.800048828125,2258.800048828125,2259.0,2257.800048828125,2258.39990234375,13239
2026-07-17 06:51:00,2262.10009765625,2262.10009765625,2263.0,2258.60009765625,2259.0,50584
2026-07-17 06:52:00,2262.300048828125,2262.300048828125,2263.39990234375,2262.0,2263.0,16582
2026-07-17 06:53:00,2263.0,2263.0,2263.300048828125,2261.699951171875,2263.0,13633
2026-07-17 06:54:00,2263.60009765625,2263.60009765625,2263.60009765625,2262.0,2262.199951171875,12100
2026-07-17 06:55:00,2262.89990234375,2262.89990234375,2264.0,2262.199951171875,2263.5,24843
2026-07-17 06:56:00,2261.0,2261.0,2263.5,2261.0,2262.89990234375,24833
2026-07-17 06:57:00,2262.89990234375,2262.89990234375,2262.89990234375,2261.10009765625,2262.0,9085
2026-07-17 06:58:00,2261.0,2261.0,2262.89990234375,2260.60009765625,2262.199951171875,22402
2026-07-17 06:59:00,2261.0,2261.0,2262.0,2260.300048828125,2261.0,9230
2026-07-17 07:00:00,2260.0,2260.0,2261.10009765625,2258.800048828125,2261.0,29865
2026-07-17 07:01:00,2261.0,2261.0,2261.0,2259.0,2259.89990234375,21789
2026-07-17 07:02:00,2260.699951171875,2260.699951171875,2261.300048828125,2259.10009765625,2260.5,12544
2026-07-17 07:03:00,2260.89990234375,2260.89990234375,2260.89990234375,2259.39990234375,2259.39990234375,7365
2026-07-17 07:04:00,2260.89990234375,2260.89990234375,2261.60009765625,2260.39990234375,2260.89990234375,7311
2026-07-17 07:05:00,2260.800048828125,2260.800048828125,2261.5,2260.39990234375,2260.89990234375,5046
2026-07-17 07:06:00,2262.0,2262.0,2262.300048828125,2260.800048828125,2261.39990234375,8382
2026-07-17 07:07:00,2262.89990234375,2262.89990234375,2262.89990234375,2261.39990234375,2262.0,8294
2026-07-17 07:08:00,2260.39990234375,2260.39990234375,2262.699951171875,2260.39990234375,2262.699951171875,6054
2026-07-17 07:09:00,2261.39990234375,2261.39990234375,2261.5,2260.39990234375,2260.5,4737
2026-07-17 07:10:00,2261.0,2261.0,2261.10009765625,2259.800048828125,2260.60009765625,6961
2026-07-17 07:11:00,2261.300048828125,2261.300048828125,2262.0,2259.39990234375,2260.39990234375,14089
2026-07-17 07:12:00,2263.39990234375,2263.39990234375,2265.89990234375,2261.800048828125,2262.39990234375,47983
2026-07-17 07:13:00,2265.10009765625,2265.10009765625,2265.699951171875,2263.199951171875,2263.39990234375,11049
2026-07-17 07:14:00,2265.699951171875,2265.699951171875,2266.0,2265.0,2265.10009765625,11569
2026-07-17 07:15:00,2266.0,2266.0,2266.800048828125,2265.10009765625,2266.0,15770
2026-07-17 07:16:00,2266.39990234375,2266.39990234375,2266.800048828125,2266.0,2266.0,13707
2026-07-17 07:17:00,2265.10009765625,2265.10009765625,2266.800048828125,2264.5,2266.5,19759
2026-07-17 07:18:00,2264.0,2264.0,2265.199951171875,2263.0,2265.199951171875,37585
2026-07-17 07:19:00,2262.199951171875,2262.199951171875,2264.39990234375,2262.0,2264.39990234375,11243
2026-07-17 07:20:00,2263.5,2263.5,2263.5,2261.199951171875,2263.0,13480
2026-07-17 07:21:00,2262.0,2262.0,2263.699951171875,2261.5,2263.0,9108
2026-07-17 07:22:00,2262.39990234375,2262.39990234375,2263.0,2261.5,2261.800048828125,7269
2026-07-17 07:23:00,2262.0,2262.0,2262.5,2261.5,2262.199951171875,6546
2026-07-17 07:24:00,2262.0,2262.0,2262.89990234375,2261.800048828125,2261.800048828125,4667
2026-07-17 07:25:00,2264.10009765625,2264.10009765625,2264.89990234375,2261.60009765625,2262.60009765625,7824
2026-07-17 07:26:00,2265.10009765625,2265.10009765625,2265.199951171875,2264.0,2264.10009765625,24520
2026-07-17 07:27:00,2266.0,2266.0,2266.5,2265.10009765625,2265.10009765625,25361
2026-07-17 07:28:00,2266.10009765625,2266.10009765625,2266.5,2264.800048828125,2266.0,13111
2026-07-17 07:29:00,2266.0,2266.0,2266.5,2265.89990234375,2266.10009765625,8451
2026-07-17 07:30:00,2266.10009765625,2266.10009765625,2266.5,2266.0,2266.5,4033
2026-07-17 07:31:00,2266.0,2266.0,2266.39990234375,2265.5,2266.10009765625,5048
2026-07-17 07:32:00,2266.0,2266.0,2266.199951171875,2265.10009765625,2265.5,10226
2026-07-17 07:33:00,2265.89990234375,2265.89990234375,2266.199951171875,2265.300048828125,2265.300048828125,5777
2026-07-17 07:34:00,2266.0,2266.0,2266.199951171875,2266.0,2266.199951171875,10126
2026-07-17 07:35:00,2266.0,2266.0,2266.199951171875,2266.0,2266.0,6110
2026-07-17 07:36:00,2268.0,2268.0,2268.5,2265.10009765625,2266.0,47844
2026-07-17 07:37:00,2266.300048828125,2266.300048828125,2268.5,2266.10009765625,2268.0,18392
2026-07-17 07:38:00,2265.89990234375,2265.89990234375,2267.10009765625,2264.89990234375,2266.39990234375,7861
2026-07-17 07:39:00,2265.89990234375,2265.89990234375,2265.89990234375,2264.60009765625,2265.699951171875,3997
2026-07-17 07:40:00,2265.39990234375,2265.39990234375,2266.0,2265.199951171875,2265.89990234375,6613
2026-07-17 07:41:00,2264.699951171875,2264.699951171875,2266.0,2264.699951171875,2265.5,5355
2026-07-17 07:42:00,2267.699951171875,2267.699951171875,2268.0,2265.5,2265.5,14681
2026-07-17 07:43:00,2268.199951171875,2268.199951171875,2269.10009765625,2266.89990234375,2268.0,29393
2026-07-17 07:44:00,2269.0,2269.0,2269.5,2268.0,2268.800048828125,17122
2026-07-17 07:45:00,2268.300048828125,2268.300048828125,2268.699951171875,2267.5,2268.699951171875,23829
2026-07-17 07:46:00,2268.800048828125,2268.800048828125,2268.800048828125,2267.60009765625,2268.39990234375,9018
2026-07-17 07:47:00,2268.89990234375,2268.89990234375,2268.89990234375,2267.699951171875,2268.89990234375,14085
2026-07-17 07:48:00,2269.0,2269.0,2269.0,2268.0,2268.800048828125,10891
2026-07-17 07:49:00,2269.699951171875,2269.699951171875,2269.89990234375,2268.60009765625,2268.89990234375,33762
2026-07-17 07:50:00,2271.0,2271.0,2271.0,2269.10009765625,2269.5,47907
2026-07-17 07:51:00,2270.300048828125,2270.300048828125,2271.0,2270.0,2270.300048828125,16787
2026-07-17 07:52:00,2270.0,2270.0,2270.89990234375,2270.0,2270.800048828125,9772
2026-07-17 07:53:00,2271.800048828125,2271.800048828125,2273.0,2270.0,2270.199951171875,39134
2026-07-17 07:54:00,2272.39990234375,2272.39990234375,2272.89990234375,2271.300048828125,2272.0,10703
2026-07-17 07:55:00,2272.199951171875,2272.199951171875,2272.60009765625,2271.0,2272.300048828125,12417
2026-07-17 07:56:00,2271.300048828125,2271.300048828125,2272.5,2270.800048828125,2272.0,11688
2026-07-17 07:57:00,2270.699951171875,2270.699951171875,2272.0,2270.5,2271.199951171875,10273
2026-07-17 07:58:00,2271.0,2271.0,2271.699951171875,2270.10009765625,2271.699951171875,14068
2026-07-17 07:59:00,2271.89990234375,2271.89990234375,2272.5,2271.0,2271.0,11738
2026-07-17 08:00:00,2271.89990234375,2271.89990234375,2272.0,2271.0,2272.0,3912
2026-07-17 08:01:00,2271.60009765625,2271.60009765625,2272.0,2271.60009765625,2271.699951171875,9667
2026-07-17 08:02:00,2271.800048828125,2271.800048828125,2272.0,2271.199951171875,2271.60009765625,12094
2026-07-17 08:03:00,2271.5,2271.5,2271.89990234375,2271.0,2271.800048828125,5834
2026-07-17 08:04:00,2271.5,2271.5,2271.800048828125,2270.5,2271.39990234375,9052
2026-07-17 08:05:00,2271.800048828125,2271.800048828125,2271.800048828125,2270.5,2271.60009765625,6039
2026-07-17 08:06:00,2271.0,2271.0,2271.699951171875,2270.10009765625,2271.0,8649
2026-07-17 08:07:00,2271.0,2271.0,2271.0,2270.0,2270.699951171875,18692
2026-07-17 08:08:00,2270.300048828125,2270.300048828125,2271.5,2270.10009765625,2271.0,5818
2026-07-17 08:09:00,2271.800048828125,2271.800048828125,2271.800048828125,2270.0,2270.300048828125,12279
2026-07-17 08:10:00,2272.0,2272.0,2272.0,2270.800048828125,2271.10009765625,11786
2026-07-17 08:11:00,2270.800048828125,2270.800048828125,2272.0,2270.800048828125,2271.300048828125,6374
2026-07-17 08:12:00,2270.60009765625,2270.60009765625,2271.699951171875,2270.10009765625,2271.0,18566
2026-07-17 08:13:00,2270.10009765625,2270.10009765625,2271.5,2270.0,2271.5,4989
2026-07-17 08:14:00,2271.0,2271.0,2271.699951171875,2270.0,2270.39990234375,11596
2026-07-17 08:15:00,2270.800048828125,2270.800048828125,2271.60009765625,2270.800048828125,2271.0,3473
2026-07-17 08:16:00,2271.0,2271.0,2271.0,2270.0,2270.800048828125,5832
2026-07-17 08:17:00,2270.39990234375,2270.39990234375,2271.0,2270.0,2270.300048828125,10781
2026-07-17 08:18:00,2270.5,2270.5,2271.0,2270.0,2270.300048828125,7564
2026-07-17 08:19:00,2272.89990234375,2272.89990234375,2273.800048828125,2270.39990234375,2270.39990234375,46471
2026-07-17 08:20:00,2272.0,2272.0,2273.199951171875,2271.5,2273.0,15837
2026-07-17 08:21:00,2271.0,2271.0,2272.0,2270.39990234375,2272.0,10057
2026-07-17 08:22:00,2270.10009765625,2270.10009765625,2271.0,2270.10009765625,2270.800048828125,5203
2026-07-17 08:23:00,2270.300048828125,2270.300048828125,2271.0,2270.0,2270.0,10684
2026-07-17 08:24:00,2271.0,2271.0,2271.0,2270.10009765625,2271.0,2968
2026-07-17 08:25:00,2270.10009765625,2270.10009765625,2271.0,2270.10009765625,2270.800048828125,5733
2026-07-17 08:26:00,2270.5,2270.5,2271.0,2270.10009765625,2270.5,5415
2026-07-17 08:27:00,2270.60009765625,2270.60009765625,2270.800048828125,2270.10009765625,2270.199951171875,4650
2026-07-17 08:28:00,2270.5,2270.5,2270.800048828125,2270.0,2270.0,5516
2026-07-17 08:29:00,2270.800048828125,2270.800048828125,2270.800048828125,2270.10009765625,2270.10009765625,7735
2026-07-17 08:30:00,2270.800048828125,2270.800048828125,2270.89990234375,2270.10009765625,2270.699951171875,6480
2026-07-17 08:31:00,2271.0,2271.0,2271.5,2270.10009765625,2270.800048828125,12424
2026-07-17 08:32:00,2270.199951171875,2270.199951171875,2271.5,2270.0,2271.0,6297
2026-07-17 08:33:00,2270.5,2270.5,2271.0,2270.0,2270.699951171875,11446
2026-07-17 08:34:00,2270.10009765625,2270.10009765625,2270.800048828125,2270.0,2270.5,4839
2026-07-17 08:35:00,2271.0,2271.0,2271.0,2270.0,2270.5,4622
2026-07-17 08:36:00,2270.699951171875,2270.699951171875,2271.0,2270.0,2271.0,4047
2026-07-17 08:37:00,2271.0,2271.0,2271.0,2270.39990234375,2270.89990234375,3412
2026-07-17 08:38:00,2270.5,2270.5,2270.89990234375,2270.199951171875,2270.699951171875,16178
2026-07-17 08:39:00,2270.10009765625,2270.10009765625,2270.89990234375,2270.0,2270.199951171875,5368
2026-07-17 08:40:00,2270.0,2270.0,2270.89990234375,2270.0,2270.300048828125,7731
2026-07-17 08:41:00,2271.0,2271.0,2271.39990234375,2270.10009765625,2270.39990234375,11522
2026-07-17 08:42:00,2271.199951171875,2271.199951171875,2271.39990234375,2270.5,2271.39990234375,3970
2026-07-17 08:43:00,2271.300048828125,2271.300048828125,2271.5,2270.60009765625,2270.60009765625,4346
2026-07-17 08:44:00,2270.300048828125,2270.300048828125,2271.300048828125,2270.300048828125,2271.10009765625,2739
2026-07-17 08:45:00,2273.0,2273.0,2273.0,2270.199951171875,2270.199951171875,11951
2026-07-17 08:46:00,2272.89990234375,2272.89990234375,2273.800048828125,2271.89990234375,2273.0,19219
2026-07-17 08:47:00,2272.60009765625,2272.60009765625,2273.5,2271.39990234375,2272.89990234375,12059
2026-07-17 08:48:00,2271.5,2271.5,2272.300048828125,2271.199951171875,2272.10009765625,5030
2026-07-17 08:49:00,2270.300048828125,2270.300048828125,2271.5,2270.0,2271.0,21531
2026-07-17 08:50:00,2270.10009765625,2270.10009765625,2271.300048828125,2270.0,2270.0,24740
2026-07-17 08:51:00,2270.0,2270.0,2270.89990234375,2270.0,2270.0,63065
2026-07-17 08:52:00,2270.0,2270.0,2270.800048828125,2270.0,2270.0,38381
2026-07-17 08:53:00,2270.10009765625,2270.10009765625,2270.800048828125,2268.10009765625,2270.300048828125,27476
2026-07-17 08:54:00,2270.0,2270.0,2270.89990234375,2268.300048828125,2270.10009765625,26461
2026-07-17 08:55:00,2270.0,2270.0,2270.5,2269.0,2270.0,53218
2026-07-17 08:56:00,2267.5,2267.5,2270.5,2265.5,2270.0,70321
2026-07-17 08:57:00,2267.39990234375,2267.39990234375,2268.5,2266.199951171875,2267.800048828125,16476
2026-07-17 08:58:00,2266.800048828125,2266.800048828125,2268.0,2266.39990234375,2267.39990234375,15806
2026-07-17 08:59:00,2266.60009765625,2266.60009765625,2267.0,2265.5,2266.800048828125,27213
2026-07-17 09:00:00,2269.699951171875,2269.699951171875,2269.800048828125,2266.10009765625,2267.0,18506
2026-07-17 09:01:00,2269.89990234375,2269.89990234375,2270.0,2268.199951171875,2269.699951171875,22948
2026-07-17 09:02:00,2271.0,2271.0,2271.0,2269.199951171875,2269.89990234375,22707
2026-07-17 09:03:00,2270.699951171875,2270.699951171875,2271.0,2270.300048828125,2270.699951171875,6239
2026-07-17 09:04:00,2272.39990234375,2272.39990234375,2272.60009765625,2270.5,2270.699951171875,19833
2026-07-17 09:05:00,2272.89990234375,2272.89990234375,2273.5,2271.699951171875,2272.5,15072
2026-07-17 09:06:00,2273.10009765625,2273.10009765625,2275.0,2273.0,2273.699951171875,28889
2026-07-17 09:07:00,2273.5,2273.5,2274.5,2273.300048828125,2274.5,9237
2026-07-17 09:08:00,2273.0,2273.0,2273.89990234375,2272.300048828125,2273.89990234375,8830
2026-07-17 09:09:00,2270.89990234375,2270.89990234375,2271.800048828125,2270.0,2271.800048828125,10449
2026-07-17 09:10:00,2270.0,2270.0,2271.0,2270.0,2271.0,3968
2026-07-17 09:11:00,2271.800048828125,2271.800048828125,2271.800048828125,2270.0,2270.10009765625,8864
2026-07-17 09:12:00,2271.5,2271.5,2271.89990234375,2271.0,2271.5,3606
2026-07-17 09:13:00,2271.0,2271.0,2272.0,2271.0,2271.800048828125,3543
2026-07-17 09:14:00,2271.10009765625,2271.10009765625,2271.60009765625,2271.0,2271.0,5002
2026-07-17 09:15:00,2270.300048828125,2270.300048828125,2272.0,2270.0,2271.199951171875,17585
2026-07-17 09:16:00,2270.199951171875,2270.199951171875,2271.0,2270.10009765625,2270.10009765625,4579
2026-07-17 09:17:00,2270.199951171875,2270.199951171875,2270.5,2270.0,2270.5,5317
2026-07-17 09:18:00,2270.0,2270.0,2270.5,2270.0,2270.39990234375,15779
2026-07-17 09:19:00,2270.10009765625,2270.10009765625,2270.5,2270.0,2270.199951171875,21311
2026-07-17 09:20:00,2270.0,2270.0,2270.199951171875,2270.0,2270.0,6862
2026-07-17 09:21:00,2268.699951171875,2268.699951171875,2270.10009765625,2268.5,2270.0,23949
2026-07-17 09:22:00,2269.0,2269.0,2270.0,2268.39990234375,2268.699951171875,5789
2026-07-17 09:23:00,2268.0,2268.0,2269.10009765625,2267.0,2269.10009765625,15706
2026-07-17 09:24:00,2269.0,2269.0,2269.0,2267.10009765625,2267.39990234375,8279
2026-07-17 09:25:00,2269.699951171875,2269.699951171875,2269.800048828125,2268.5,2268.800048828125,5216
2026-07-17 09:26:00,2268.0,2268.0,2269.800048828125,2268.0,2269.800048828125,10611
2026-07-17 09:27:00,2268.699951171875,2268.699951171875,2269.0,2268.0,2268.5,5962
2026-07-17 09:28:00,2268.0,2268.0,2268.699951171875,2267.10009765625,2268.699951171875,8995
2026-07-17 09:29:00,2265.800048828125,2265.800048828125,2267.89990234375,2265.800048828125,2267.89990234375,25307
2026-07-17 09:30:00,2267.39990234375,2267.39990234375,2268.0,2265.89990234375,2266.0,12619
2026-07-17 09:31:00,2268.800048828125,2268.800048828125,2268.800048828125,2267.5,2267.5,7786
2026-07-17 09:32:00,2269.60009765625,2269.60009765625,2269.800048828125,2268.199951171875,2268.800048828125,7922
2026-07-17 09:33:00,2268.5,2268.5,2269.800048828125,2268.5,2269.60009765625,8668
2026-07-17 09:34:00,2269.39990234375,2269.39990234375,2269.800048828125,2268.5,2268.5,10860
2026-07-17 09:35:00,2269.89990234375,2269.89990234375,2269.89990234375,2269.0,2269.39990234375,7375
2026-07-17 09:36:00,2269.89990234375,2269.89990234375,2269.89990234375,2269.39990234375,2269.39990234375,4681
2026-07-17 09:37:00,2269.699951171875,2269.699951171875,2270.0,2269.10009765625,2270.0,13049
2026-07-17 09:38:00,2271.0,2271.0,2271.300048828125,2269.10009765625,2269.800048828125,35609
2026-07-17 09:39:00,2271.300048828125,2271.300048828125,2271.300048828125,2270.0,2270.60009765625,12885
2026-07-17 09:40:00,2270.39990234375,2270.39990234375,2271.10009765625,2270.0,2270.199951171875,11995
2026-07-17 09:41:00,2271.0,2271.0,2271.300048828125,2270.10009765625,2270.5,8907
2026-07-17 09:42:00,2271.10009765625,2271.10009765625,2272.0,2270.89990234375,2270.89990234375,10359
2026-07-17 09:43:00,2271.89990234375,2271.89990234375,2272.0,2271.10009765625,2271.10009765625,11847
2026-07-17 09:44:00,2271.60009765625,2271.60009765625,2272.39990234375,2271.5,2271.89990234375,12036
2026-07-17 09:45:00,2271.60009765625,2271.60009765625,2272.699951171875,2271.5,2271.60009765625,18815
2026-07-17 09:46:00,2271.0,2271.0,2272.699951171875,2271.0,2272.39990234375,25879
2026-07-17 09:47:00,2269.10009765625,2269.10009765625,2271.5,2269.0,2271.5,29823
2026-07-17 09:48:00,2268.5,2268.5,2271.39990234375,2268.300048828125,2269.300048828125,68413
2026-07-17 09:49:00,2267.199951171875,2267.199951171875,2269.300048828125,2267.199951171875,2268.300048828125,21878
2026-07-17 09:50:00,2267.60009765625,2267.60009765625,2269.5,2267.10009765625,2267.89990234375,45460
2026-07-17 09:51:00,2265.699951171875,2265.699951171875,2269.699951171875,2265.10009765625,2267.60009765625,53992
2026-07-17 09:52:00,2266.0,2266.0,2266.0,2265.0,2265.699951171875,11945
2026-07-17 09:53:00,2265.89990234375,2265.89990234375,2266.0,2265.5,2265.89990234375,9701
2026-07-17 09:54:00,2266.199951171875,2266.199951171875,2267.89990234375,2265.699951171875,2265.800048828125,25227
2026-07-17 09:55:00,2266.800048828125,2266.800048828125,2268.0,2265.699951171875,2266.199951171875,28062
2026-07-17 09:56:00,2266.699951171875,2266.699951171875,2267.89990234375,2266.10009765625,2266.800048828125,9228
2026-07-17 09:57:00,2267.0,2267.0,2267.199951171875,2266.0,2267.0,10030
2026-07-17 09:58:00,2266.5,2266.5,2267.300048828125,2266.199951171875,2267.0,13595
2026-07-17 09:59:00,2265.0,2265.0,2267.0,2265.0,2266.5,13432
2026-07-20 03:45:00,2278.10009765625,2278.10009765625,2283.0,2274.10009765625,2277.39990234375,0
2026-07-20 03:46:00,2266.199951171875,2266.199951171875,2278.199951171875,2264.39990234375,2278.10009765625,35000
2026-07-20 03:47:00,2261.699951171875,2261.699951171875,2269.699951171875,2261.5,2266.60009765625,28822
2026-07-20 03:48:00,2271.0,2271.0,2271.199951171875,2262.699951171875,2263.0,16167
2026-07-20 03:49:00,2270.89990234375,2270.89990234375,2272.0,2268.199951171875,2270.10009765625,18890
2026-07-20 03:50:00,2271.39990234375,2271.39990234375,2273.39990234375,2269.10009765625,2270.5,14915
2026-07-20 03:51:00,2273.0,2273.0,2274.699951171875,2270.60009765625,2270.60009765625,11631
2026-07-20 03:52:00,2270.0,2270.0,2272.89990234375,2270.0,2272.699951171875,9367
2026-07-20 03:53:00,2265.0,2265.0,2270.10009765625,2265.0,2270.0,12640
2026-07-20 03:54:00,2267.0,2267.0,2268.0,2265.0,2265.5,17784
2026-07-20 03:55:00,2258.60009765625,2258.60009765625,2268.0,2258.60009765625,2268.0,19459
2026-07-20 03:56:00,2256.89990234375,2256.89990234375,2260.89990234375,2256.0,2259.39990234375,18304
2026-07-20 03:57:00,2259.60009765625,2259.60009765625,2260.10009765625,2256.0,2257.0,10584
2026-07-20 03:58:00,2261.60009765625,2261.60009765625,2263.699951171875,2260.199951171875,2260.199951171875,20663
2026-07-20 03:59:00,2259.5,2259.5,2263.699951171875,2259.39990234375,2261.699951171875,13830
2026-07-20 04:00:00,2264.5,2264.5,2265.0,2260.0,2260.0,16004
2026-07-20 04:01:00,2262.39990234375,2262.39990234375,2265.0,2260.300048828125,2265.0,12346
2026-07-20 04:02:00,2260.300048828125,2260.300048828125,2262.0,2259.199951171875,2262.0,10840
2026-07-20 04:03:00,2258.300048828125,2258.300048828125,2260.800048828125,2258.0,2260.0,6032
2026-07-20 04:04:00,2258.0,2258.0,2259.0,2257.0,2258.300048828125,8935
2026-07-20 04:05:00,2257.60009765625,2257.60009765625,2258.800048828125,2256.300048828125,2258.0,11303
2026-07-20 04:06:00,2258.89990234375,2258.89990234375,2261.199951171875,2257.199951171875,2257.60009765625,10642
2026-07-20 04:07:00,2259.800048828125,2259.800048828125,2260.89990234375,2257.0,2259.60009765625,6539
2026-07-20 04:08:00,2253.699951171875,2253.699951171875,2261.5,2252.800048828125,2259.39990234375,29897
2026-07-20 04:09:00,2251.60009765625,2251.60009765625,2254.199951171875,2251.0,2253.89990234375,15062
2026-07-20 04:10:00,2257.5,2257.5,2257.5,2249.0,2252.0,22893
2026-07-20 04:11:00,2261.199951171875,2261.199951171875,2262.0,2257.699951171875,2257.699951171875,7926
2026-07-20 04:12:00,2261.60009765625,2261.60009765625,2263.0,2259.800048828125,2260.89990234375,10335
2026-07-20 04:13:00,2262.0,2262.0,2262.800048828125,2260.800048828125,2261.60009765625,11189
2026-07-20 04:14:00,2263.60009765625,2263.60009765625,2264.10009765625,2261.5,2262.699951171875,12298
2026-07-20 04:15:00,2263.800048828125,2263.800048828125,2265.0,2262.39990234375,2263.89990234375,6559
2026-07-20 04:16:00,2260.800048828125,2260.800048828125,2264.0,2260.39990234375,2263.5,11596
2026-07-20 04:17:00,2259.0,2259.0,2262.0,2258.300048828125,2261.0,4284
2026-07-20 04:18:00,2258.800048828125,2258.800048828125,2259.39990234375,2258.0,2259.0,4554
2026-07-20 04:19:00,2257.89990234375,2257.89990234375,2258.800048828125,2257.0,2258.0,6270
2026-07-20 04:20:00,2259.10009765625,2259.10009765625,2259.5,2257.10009765625,2258.0,3797
2026-07-20 04:21:00,2259.89990234375,2259.89990234375,2260.0,2258.10009765625,2259.89990234375,4491
2026-07-20 04:22:00,2263.60009765625,2263.60009765625,2264.89990234375,2259.39990234375,2259.89990234375,14988
2026-07-20 04:23:00,2262.300048828125,2262.300048828125,2264.800048828125,2262.0,2264.300048828125,8051
2026-07-20 04:24:00,2261.5,2261.5,2262.39990234375,2260.5,2262.39990234375,4407
2026-07-20 04:25:00,2263.39990234375,2263.39990234375,2263.800048828125,2261.0,2261.5,9656
2026-07-20 04:26:00,2261.60009765625,2261.60009765625,2263.699951171875,2261.60009765625,2263.5,5403
2026-07-20 04:27:00,2260.60009765625,2260.60009765625,2262.699951171875,2260.5,2261.10009765625,4429
2026-07-20 04:28:00,2259.0,2259.0,2262.5,2259.0,2261.5,5661
2026-07-20 04:29:00,2259.5,2259.5,2260.0,2257.39990234375,2259.0,2970
2026-07-20 04:30:00,2260.699951171875,2260.699951171875,2260.89990234375,2259.0,2259.5,3098
2026-07-20 04:31:00,2259.800048828125,2259.800048828125,2260.89990234375,2259.60009765625,2260.699951171875,5318
2026-07-20 04:32:00,2260.0,2260.0,2261.60009765625,2258.39990234375,2259.800048828125,7101
2026-07-20 04:33:00,2259.5,2259.5,2260.699951171875,2258.60009765625,2259.60009765625,4285
2026-07-20 04:34:00,2259.5,2259.5,2260.199951171875,2258.39990234375,2259.5,1739
2026-07-20 04:35:00,2259.699951171875,2259.699951171875,2260.699951171875,2258.800048828125,2259.800048828125,3183
2026-07-20 04:36:00,2262.0,2262.0,2262.0,2259.699951171875,2259.699951171875,2815
2026-07-20 04:37:00,2260.800048828125,2260.800048828125,2262.199951171875,2259.60009765625,2261.199951171875,4166
2026-07-20 04:38:00,2257.60009765625,2257.60009765625,2260.89990234375,2256.199951171875,2260.800048828125,4994
2026-07-20 04:39:00,2257.89990234375,2257.89990234375,2258.199951171875,2256.800048828125,2257.60009765625,3971
2026-07-20 04:40:00,2257.800048828125,2257.800048828125,2258.89990234375,2257.0,2257.89990234375,3095
2026-07-20 04:41:00,2258.60009765625,2258.60009765625,2260.0,2257.60009765625,2257.89990234375,4201
2026-07-20 04:42:00,2261.199951171875,2261.199951171875,2261.699951171875,2259.300048828125,2259.699951171875,1421
2026-07-20 04:43:00,2259.0,2259.0,2262.0,2258.5,2260.800048828125,3332
2026-07-20 04:44:00,2256.0,2256.0,2259.60009765625,2256.0,2259.39990234375,6011
2026-07-20 04:45:00,2256.800048828125,2256.800048828125,2256.800048828125,2254.0,2256.10009765625,10053
2026-07-20 04:46:00,2259.300048828125,2259.300048828125,2259.39990234375,2256.300048828125,2256.300048828125,1806
2026-07-20 04:47:00,2259.300048828125,2259.300048828125,2260.0,2257.300048828125,2259.10009765625,6709
2026-07-20 04:48:00,2259.39990234375,2259.39990234375,2260.60009765625,2258.0,2258.5,11163
2026-07-20 04:49:00,2261.10009765625,2261.10009765625,2261.39990234375,2258.60009765625,2260.300048828125,7878
2026-07-20 04:50:00,2262.199951171875,2262.199951171875,2262.89990234375,2261.10009765625,2261.800048828125,2878
2026-07-20 04:51:00,2263.0,2263.0,2263.0,2261.800048828125,2263.0,3731
2026-07-20 04:52:00,2264.0,2264.0,2265.0,2262.699951171875,2263.0,7825
2026-07-20 04:53:00,2265.39990234375,2265.39990234375,2266.0,2264.10009765625,2265.0,7710
2026-07-20 04:54:00,2264.10009765625,2264.10009765625,2266.800048828125,2264.10009765625,2266.0,5663
2026-07-20 04:55:00,2262.0,2262.0,2264.10009765625,2261.0,2264.10009765625,3791
2026-07-20 04:56:00,2262.5,2262.5,2263.800048828125,2262.10009765625,2262.60009765625,3391
2026-07-20 04:57:00,2261.5,2261.5,2263.800048828125,2260.89990234375,2263.0,4949
2026-07-20 04:58:00,2260.10009765625,2260.10009765625,2261.300048828125,2260.10009765625,2260.300048828125,2593
2026-07-20 04:59:00,2260.5,2260.5,2261.0,2260.0,2260.10009765625,2769
2026-07-20 05:00:00,2260.0,2260.0,2261.0,2260.0,2260.300048828125,1656
2026-07-20 05:01:00,2260.10009765625,2260.10009765625,2260.60009765625,2259.89990234375,2260.10009765625,1667
2026-07-20 05:02:00,2261.0,2261.0,2261.89990234375,2259.89990234375,2260.10009765625,5063
2026-07-20 05:03:00,2260.199951171875,2260.199951171875,2262.0,2260.199951171875,2261.0,2669
2026-07-20 05:04:00,2262.10009765625,2262.10009765625,2262.60009765625,2260.10009765625,2260.89990234375,2841
2026-07-20 05:05:00,2261.5,2261.5,2262.10009765625,2260.300048828125,2261.39990234375,1301
2026-07-20 05:06:00,2261.199951171875,2261.199951171875,2262.699951171875,2260.800048828125,2261.800048828125,1134
2026-07-20 05:07:00,2258.0,2258.0,2261.199951171875,2257.89990234375,2260.699951171875,10018
2026-07-20 05:08:00,2257.5,2257.5,2259.39990234375,2256.89990234375,2258.39990234375,4029
2026-07-20 05:09:00,2260.0,2260.0,2260.0,2257.199951171875,2257.300048828125,6274
2026-07-20 05:10:00,2260.39990234375,2260.39990234375,2261.60009765625,2259.60009765625,2260.0,10957
2026-07-20 05:11:00,2259.89990234375,2259.89990234375,2260.5,2259.199951171875,2260.5,1922
2026-07-20 05:12:00,2258.699951171875,2258.699951171875,2259.60009765625,2258.0,2259.60009765625,638
2026-07-20 05:13:00,2258.199951171875,2258.199951171875,2259.199951171875,2258.10009765625,2258.5,958
2026-07-20 05:14:00,2258.0,2258.0,2259.5,2258.0,2259.5,2944
2026-07-20 05:15:00,2258.60009765625,2258.60009765625,2258.800048828125,2258.0,2258.10009765625,476
2026-07-20 05:16:00,2259.699951171875,2259.699951171875,2259.89990234375,2258.5,2258.5,1605
2026-07-20 05:17:00,2260.0,2260.0,2260.5,2259.800048828125,2260.0,9460
2026-07-20 05:18:00,2258.10009765625,2258.10009765625,2260.0,2258.10009765625,2259.89990234375,1370
2026-07-20 05:19:00,2258.60009765625,2258.60009765625,2258.60009765625,2258.10009765625,2258.10009765625,6605
2026-07-20 05:20:00,2259.300048828125,2259.300048828125,2259.300048828125,2257.5,2258.39990234375,7896
2026-07-20 05:21:00,2259.10009765625,2259.10009765625,2260.0,2259.0,2259.300048828125,1440
2026-07-20 05:22:00,2259.60009765625,2259.60009765625,2259.699951171875,2258.699951171875,2259.0,4377
2026-07-20 05:23:00,2257.10009765625,2257.10009765625,2259.60009765625,2256.89990234375,2258.800048828125,4604
2026-07-20 05:24:00,2258.0,2258.0,2258.199951171875,2257.0,2257.199951171875,3090
2026-07-20 05:25:00,2256.699951171875,2256.699951171875,2258.300048828125,2256.300048828125,2258.0,3069
2026-07-20 05:26:00,2258.0,2258.0,2258.0,2256.800048828125,2256.800048828125,1965
2026-07-20 05:27:00,2258.0,2258.0,2258.0,2257.199951171875,2257.199951171875,1157
2026-07-20 05:28:00,2259.10009765625,2259.10009765625,2259.800048828125,2257.39990234375,2257.39990234375,3349
2026-07-20 05:29:00,2260.10009765625,2260.10009765625,2260.39990234375,2259.0,2259.800048828125,2740
2026-07-20 05:30:00,2259.0,2259.0,2260.89990234375,2259.0,2260.5,1495
2026-07-20 05:31:00,2259.10009765625,2259.10009765625,2260.199951171875,2259.0,2260.0,2016
2026-07-20 05:32:00,2260.300048828125,2260.300048828125,2260.89990234375,2259.0,2259.800048828125,1298
2026-07-20 05:33:00,2260.0,2260.0,2260.699951171875,2260.0,2260.5,2213
2026-07-20 05:34:00,2259.5,2259.5,2259.699951171875,2259.0,2259.0,849
2026-07-20 05:35:00,2257.5,2257.5,2259.0,2257.39990234375,2259.0,2964
2026-07-20 05:36:00,2257.5,2257.5,2257.5,2257.0,2257.5,2256
2026-07-20 05:37:00,2259.699951171875,2259.699951171875,2260.0,2258.5,2258.60009765625,1456
2026-07-20 05:38:00,2262.0,2262.0,2262.0,2259.699951171875,2259.699951171875,2128
2026-07-20 05:39:00,2260.800048828125,2260.800048828125,2262.0,2259.5,2262.0,1920
2026-07-20 05:40:00,2259.5,2259.5,2261.0,2258.800048828125,2260.89990234375,1512
2026-07-20 05:41:00,2259.800048828125,2259.800048828125,2260.699951171875,2258.89990234375,2259.5,1371
2026-07-20 05:42:00,2259.60009765625,2259.60009765625,2260.800048828125,2259.60009765625,2259.800048828125,1860
2026-07-20 05:43:00,2260.0,2260.0,2260.0,2259.10009765625,2259.60009765625,1532
2026-07-20 05:44:00,2259.0,2259.0,2259.699951171875,2258.0,2259.699951171875,2780
2026-07-20 05:45:00,2257.39990234375,2257.39990234375,2259.60009765625,2257.39990234375,2259.0,4159
2026-07-20 05:46:00,2257.0,2257.0,2258.0,2257.0,2257.39990234375,3163
2026-07-20 05:47:00,2257.60009765625,2257.60009765625,2257.699951171875,2257.0,2257.5,2371
2026-07-20 05:48:00,2259.800048828125,2259.800048828125,2259.89990234375,2258.199951171875,2258.39990234375,4413
2026-07-20 05:49:00,2259.5,2259.5,2259.800048828125,2258.0,2259.800048828125,5555
2026-07-20 05:50:00,2259.199951171875,2259.199951171875,2259.89990234375,2258.800048828125,2259.800048828125,1666
2026-07-20 05:51:00,2259.5,2259.5,2260.0,2258.300048828125,2259.39990234375,2190
2026-07-20 05:52:00,2259.10009765625,2259.10009765625,2261.39990234375,2258.800048828125,2259.5,7946
2026-07-20 05:53:00,2256.199951171875,2256.199951171875,2260.0,2256.199951171875,2259.10009765625,10033
2026-07-20 05:54:00,2258.300048828125,2258.300048828125,2258.300048828125,2256.10009765625,2256.10009765625,1939
2026-07-20 05:55:00,2258.39990234375,2258.39990234375,2259.199951171875,2258.10009765625,2258.300048828125,1013
2026-07-20 05:56:00,2257.800048828125,2257.800048828125,2259.39990234375,2257.199951171875,2259.0,2633
2026-07-20 05:57:00,2257.199951171875,2257.199951171875,2258.800048828125,2256.60009765625,2257.800048828125,1565
2026-07-20 05:58:00,2256.10009765625,2256.10009765625,2257.89990234375,2256.10009765625,2257.300048828125,3978
2026-07-20 05:59:00,2256.0,2256.0,2256.5,2255.0,2256.10009765625,4764
2026-07-20 06:00:00,2256.199951171875,2256.199951171875,2256.800048828125,2255.0,2256.10009765625,4564
2026-07-20 06:01:00,2254.0,2254.0,2256.10009765625,2254.0,2255.89990234375,5297
2026-07-20 06:02:00,2257.10009765625,2257.10009765625,2257.10009765625,2253.5,2254.10009765625,9833
2026-07-20 06:03:00,2255.300048828125,2255.300048828125,2258.0,2254.60009765625,2257.199951171875,5519
2026-07-20 06:04:00,2253.0,2253.0,2255.39990234375,2253.0,2255.300048828125,6216
2026-07-20 06:05:00,2251.5,2251.5,2253.89990234375,2251.10009765625,2253.5,8010
2026-07-20 06:06:00,2252.300048828125,2252.300048828125,2253.39990234375,2252.10009765625,2252.10009765625,2388
2026-07-20 06:07:00,2252.699951171875,2252.699951171875,2253.39990234375,2252.300048828125,2252.300048828125,1765
2026-07-20 06:08:00,2253.60009765625,2253.60009765625,2254.800048828125,2253.0,2253.199951171875,2838
2026-07-20 06:09:00,2253.699951171875,2253.699951171875,2254.199951171875,2253.0,2253.60009765625,1087
2026-07-20 06:10:00,2252.10009765625,2252.10009765625,2253.60009765625,2252.10009765625,2253.60009765625,3425
2026-07-20 06:11:00,2253.699951171875,2253.699951171875,2253.89990234375,2252.0,2252.0,4572
2026-07-20 06:12:00,2252.60009765625,2252.60009765625,2253.39990234375,2251.89990234375,2253.39990234375,3199
2026-07-20 06:13:00,2253.699951171875,2253.699951171875,2253.699951171875,2252.199951171875,2252.60009765625,1024
2026-07-20 06:14:00,2253.0,2253.0,2253.699951171875,2252.39990234375,2253.699951171875,1009
2026-07-20 06:15:00,2253.39990234375,2253.39990234375,2254.0,2252.60009765625,2253.0,2466
2026-07-20 06:16:00,2254.0,2254.0,2254.0,2253.0,2253.300048828125,648
2026-07-20 06:17:00,2253.10009765625,2253.10009765625,2254.60009765625,2253.0,2254.39990234375,4059
2026-07-20 06:18:00,2252.5,2252.5,2254.199951171875,2252.5,2253.10009765625,2847
2026-07-20 06:19:00,2253.39990234375,2253.39990234375,2253.800048828125,2252.5,2252.60009765625,1431
2026-07-20 06:20:00,2252.699951171875,2252.699951171875,2253.5,2252.300048828125,2253.0,2008
2026-07-20 06:21:00,2251.800048828125,2251.800048828125,2253.300048828125,2251.60009765625,2253.0,5541
2026-07-20 06:22:00,2251.89990234375,2251.89990234375,2252.0,2250.89990234375,2251.5,5154
2026-07-20 06:23:00,2249.699951171875,2249.699951171875,2252.0,2249.699951171875,2251.60009765625,13662
2026-07-20 06:24:00,2248.300048828125,2248.300048828125,2250.0,2248.300048828125,2249.60009765625,8773
2026-07-20 06:25:00,2249.199951171875,2249.199951171875,2249.199951171875,2248.300048828125,2248.89990234375,11079
2026-07-20 06:26:00,2248.5,2248.5,2249.199951171875,2247.800048828125,2249.199951171875,5536
2026-07-20 06:27:00,2248.699951171875,2248.699951171875,2249.0,2247.699951171875,2248.5,2012
2026-07-20 06:28:00,2249.699951171875,2249.699951171875,2249.89990234375,2248.300048828125,2248.300048828125,4053
2026-07-20 06:29:00,2249.89990234375,2249.89990234375,2249.89990234375,2248.89990234375,2249.699951171875,3009
2026-07-20 06:30:00,2251.300048828125,2251.300048828125,2251.39990234375,2249.699951171875,2250.0,32588
2026-07-20 06:31:00,2251.10009765625,2251.10009765625,2251.800048828125,2251.0,2251.699951171875,2640
2026-07-20 06:32:00,2251.0,2251.0,2251.60009765625,2250.60009765625,2251.10009765625,2212
2026-07-20 06:33:00,2250.300048828125,2250.300048828125,2251.0,2250.300048828125,2251.0,4140
2026-07-20 06:34:00,2250.300048828125,2250.300048828125,2250.5,2249.60009765625,2249.89990234375,4096
2026-07-20 06:35:00,2253.300048828125,2253.300048828125,2253.89990234375,2250.39990234375,2250.5,6585
2026-07-20 06:36:00,2254.0,2254.0,2254.300048828125,2253.0,2254.0,6849
2026-07-20 06:37:00,2254.10009765625,2254.10009765625,2254.10009765625,2252.39990234375,2253.89990234375,5215
2026-07-20 06:38:00,2253.5,2253.5,2254.0,2252.199951171875,2253.89990234375,3803
2026-07-20 06:39:00,2253.60009765625,2253.60009765625,2254.0,2253.10009765625,2253.699951171875,3014
2026-07-20 06:40:00,2254.60009765625,2254.60009765625,2254.800048828125,2253.800048828125,2254.0,6352
2026-07-20 06:41:00,2253.5,2253.5,2255.0,2253.300048828125,2254.699951171875,5003
2026-07-20 06:42:00,2252.60009765625,2252.60009765625,2254.39990234375,2252.60009765625,2254.0,5052
2026-07-20 06:43:00,2252.89990234375,2252.89990234375,2253.0,2252.0,2252.60009765625,3095
2026-07-20 06:44:00,2252.0,2252.0,2252.699951171875,2251.0,2252.699951171875,5808
2026-07-20 06:45:00,2252.300048828125,2252.300048828125,2253.0,2251.10009765625,2251.60009765625,4686
2026-07-20 06:46:00,2252.39990234375,2252.39990234375,2252.699951171875,2252.0,2252.39990234375,2525
2026-07-20 06:47:00,2252.800048828125,2252.800048828125,2253.0,2251.89990234375,2252.39990234375,1813
2026-07-20 06:48:00,2250.89990234375,2250.89990234375,2252.800048828125,2250.60009765625,2252.699951171875,29635
2026-07-20 06:49:00,2252.0,2252.0,2252.800048828125,2250.800048828125,2250.89990234375,2723
2026-07-20 06:50:00,2252.10009765625,2252.10009765625,2252.800048828125,2251.89990234375,2252.300048828125,3298
2026-07-20 06:51:00,2253.0,2253.0,2253.0,2251.89990234375,2252.800048828125,4299
2026-07-20 06:52:00,2252.199951171875,2252.199951171875,2252.800048828125,2252.10009765625,2252.800048828125,2274
2026-07-20 06:53:00,2253.0,2253.0,2253.0,2252.199951171875,2252.199951171875,1735
2026-07-20 06:54:00,2253.0,2253.0,2253.0,2251.699951171875,2252.10009765625,3286
2026-07-20 06:55:00,2253.199951171875,2253.199951171875,2254.39990234375,2252.199951171875,2252.199951171875,3053
2026-07-20 06:56:00,2253.199951171875,2253.199951171875,2253.89990234375,2253.0,2253.199951171875,823
2026-07-20 06:57:00,2253.300048828125,2253.300048828125,2253.300048828125,2252.5,2252.5,1516
2026-07-20 06:58:00,2253.699951171875,2253.699951171875,2254.0,2253.0,2253.300048828125,2668
2026-07-20 06:59:00,2252.0,2252.0,2253.699951171875,2252.0,2253.699951171875,2301
2026-07-20 07:00:00,2253.10009765625,2253.10009765625,2253.800048828125,2252.199951171875,2252.199951171875,398
2026-07-20 07:01:00,2251.199951171875,2251.199951171875,2254.199951171875,2251.0,2253.60009765625,1494
2026-07-20 07:02:00,2251.60009765625,2251.60009765625,2252.39990234375,2251.39990234375,2252.199951171875,998
2026-07-20 07:03:00,2250.800048828125,2250.800048828125,2251.699951171875,2250.199951171875,2251.0,3702
2026-07-20 07:04:00,2251.199951171875,2251.199951171875,2251.699951171875,2250.0,2251.699951171875,5846
2026-07-20 07:05:00,2252.0,2252.0,2253.199951171875,2251.60009765625,2251.60009765625,6116
2026-07-20 07:06:00,2252.0,2252.0,2253.60009765625,2251.10009765625,2252.0,4276
2026-07-20 07:07:00,2252.39990234375,2252.39990234375,2253.5,2252.300048828125,2253.199951171875,3843
2026-07-20 07:08:00,2251.60009765625,2251.60009765625,2253.89990234375,2250.800048828125,2253.39990234375,14160
2026-07-20 07:09:00,2253.199951171875,2253.199951171875,2253.300048828125,2250.800048828125,2251.300048828125,6295
2026-07-20 07:10:00,2252.89990234375,2252.89990234375,2254.0,2251.0,2253.10009765625,9749
2026-07-20 07:11:00,2254.5,2254.5,2254.800048828125,2252.89990234375,2253.800048828125,2592
2026-07-20 07:12:00,2253.89990234375,2253.89990234375,2254.699951171875,2253.199951171875,2254.5,3517
2026-07-20 07:13:00,2254.699951171875,2254.699951171875,2254.699951171875,2253.199951171875,2254.0,5576
2026-07-20 07:14:00,2255.0,2255.0,2255.0,2254.10009765625,2254.10009765625,6164
2026-07-20 07:15:00,2255.199951171875,2255.199951171875,2256.0,2254.699951171875,2255.0,7866
2026-07-20 07:16:00,2256.0,2256.0,2256.0,2255.0,2255.699951171875,2171
2026-07-20 07:17:00,2253.800048828125,2253.800048828125,2256.10009765625,2253.699951171875,2255.89990234375,6981
2026-07-20 07:18:00,2254.60009765625,2254.60009765625,2254.800048828125,2253.800048828125,2254.39990234375,489
2026-07-20 07:19:00,2255.60009765625,2255.60009765625,2255.800048828125,2253.800048828125,2254.60009765625,3348
2026-07-20 07:20:00,2256.199951171875,2256.199951171875,2256.199951171875,2255.0,2255.0,7279
2026-07-20 07:21:00,2254.39990234375,2254.39990234375,2257.0,2254.39990234375,2256.800048828125,5079
2026-07-20 07:22:00,2256.39990234375,2256.39990234375,2256.39990234375,2254.199951171875,2254.699951171875,8504
2026-07-20 07:23:00,2256.199951171875,2256.199951171875,2256.39990234375,2255.10009765625,2256.39990234375,1887
2026-07-20 07:24:00,2255.89990234375,2255.89990234375,2256.10009765625,2255.300048828125,2256.0,1709
2026-07-20 07:25:00,2255.800048828125,2255.800048828125,2256.39990234375,2255.300048828125,2255.89990234375,1702
2026-07-20 07:26:00,2256.89990234375,2256.89990234375,2256.89990234375,2255.5,2255.800048828125,1805
2026-07-20 07:27:00,2256.300048828125,2256.300048828125,2257.39990234375,2256.199951171875,2256.60009765625,8353
2026-07-20 07:28:00,2257.5,2257.5,2257.5,2256.0,2256.300048828125,3878
2026-07-20 07:29:00,2257.0,2257.0,2257.89990234375,2256.39990234375,2257.0,3149
2026-07-20 07:30:00,2257.5,2257.5,2257.89990234375,2256.89990234375,2256.89990234375,4599
2026-07-20 07:31:00,2257.39990234375,2257.39990234375,2257.60009765625,2256.199951171875,2257.300048828125,4087
2026-07-20 07:32:00,2257.5,2257.5,2257.89990234375,2256.5,2257.199951171875,2509
2026-07-20 07:33:00,2257.5,2257.5,2257.699951171875,2256.0,2257.699951171875,3509
2026-07-20 07:34:00,2258.5,2258.5,2258.5,2257.0,2257.300048828125,3616
2026-07-20 07:35:00,2259.39990234375,2259.39990234375,2259.60009765625,2258.0,2258.5,9597
2026-07-20 07:36:00,2258.300048828125,2258.300048828125,2259.89990234375,2258.300048828125,2259.39990234375,2931
2026-07-20 07:37:00,2258.39990234375,2258.39990234375,2258.699951171875,2257.5,2258.0,2848
2026-07-20 07:38:00,2256.89990234375,2256.89990234375,2258.39990234375,2256.800048828125,2258.39990234375,1258
2026-07-20 07:39:00,2255.5,2255.5,2257.60009765625,2255.0,2257.39990234375,2480
2026-07-20 07:40:00,2255.89990234375,2255.89990234375,2256.300048828125,2255.699951171875,2256.10009765625,1788
2026-07-20 07:41:00,2256.39990234375,2256.39990234375,2257.60009765625,2256.199951171875,2256.199951171875,2048
2026-07-20 07:42:00,2256.39990234375,2256.39990234375,2257.300048828125,2256.39990234375,2256.800048828125,2679
2026-07-20 07:43:00,2257.199951171875,2257.199951171875,2257.39990234375,2256.39990234375,2256.699951171875,1259
2026-07-20 07:44:00,2259.89990234375,2259.89990234375,2259.89990234375,2257.300048828125,2257.39990234375,9174
2026-07-20 07:45:00,2258.199951171875,2258.199951171875,2260.0,2257.300048828125,2259.699951171875,9212
2026-07-20 07:46:00,2257.800048828125,2257.800048828125,2259.199951171875,2257.800048828125,2258.199951171875,2487
2026-07-20 07:47:00,2258.300048828125,2258.300048828125,2258.300048828125,2257.800048828125,2257.800048828125,1378
2026-07-20 07:48:00,2257.10009765625,2257.10009765625,2258.10009765625,2256.800048828125,2258.10009765625,2617
2026-07-20 07:49:00,2255.0,2255.0,2257.10009765625,2254.300048828125,2257.10009765625,4138
2026-07-20 07:50:00,2254.89990234375,2254.89990234375,2255.699951171875,2254.300048828125,2254.300048828125,1909
2026-07-20 07:51:00,2254.39990234375,2254.39990234375,2255.300048828125,2253.699951171875,2254.60009765625,8786
2026-07-20 07:52:00,2255.5,2255.5,2256.39990234375,2253.60009765625,2254.0,2356
2026-07-20 07:53:00,2256.199951171875,2256.199951171875,2256.300048828125,2255.199951171875,2256.199951171875,3656
2026-07-20 07:54:00,2256.60009765625,2256.60009765625,2256.60009765625,2255.39990234375,2255.800048828125,2309
2026-07-20 07:55:00,2255.800048828125,2255.800048828125,2256.800048828125,2255.800048828125,2256.199951171875,2062
2026-07-20 07:56:00,2256.5,2256.5,2256.89990234375,2255.60009765625,2256.0,4388
2026-07-20 07:57:00,2257.60009765625,2257.60009765625,2257.60009765625,2256.5,2256.60009765625,2682
2026-07-20 07:58:00,2256.89990234375,2256.89990234375,2258.10009765625,2256.0,2257.199951171875,3498
2026-07-20 07:59:00,2257.0,2257.0,2257.199951171875,2256.0,2257.199951171875,3827
2026-07-20 08:00:00,2257.199951171875,2257.199951171875,2257.60009765625,2256.199951171875,2256.89990234375,2270
2026-07-20 08:01:00,2256.199951171875,2256.199951171875,2258.0,2256.0,2257.300048828125,4099
2026-07-20 08:02:00,2256.5,2256.5,2257.5,2255.39990234375,2257.5,3912
2026-07-20 08:03:00,2255.199951171875,2255.199951171875,2256.60009765625,2254.800048828125,2256.60009765625,3515
2026-07-20 08:04:00,2255.10009765625,2255.10009765625,2256.5,2253.699951171875,2255.5,3546
2026-07-20 08:05:00,2255.5,2255.5,2255.5,2254.0,2255.300048828125,1822
2026-07-20 08:06:00,2255.300048828125,2255.300048828125,2256.300048828125,2254.800048828125,2255.5,4140
2026-07-20 08:07:00,2255.60009765625,2255.60009765625,2256.10009765625,2255.10009765625,2255.800048828125,1934
2026-07-20 08:08:00,2255.10009765625,2255.10009765625,2256.199951171875,2255.10009765625,2255.89990234375,1208
2026-07-20 08:09:00,2255.39990234375,2255.39990234375,2256.5,2255.0,2256.199951171875,1636
2026-07-20 08:10:00,2256.0,2256.0,2256.300048828125,2255.39990234375,2256.0,1712
2026-07-20 08:11:00,2255.60009765625,2255.60009765625,2256.10009765625,2255.5,2255.60009765625,2200
2026-07-20 08:12:00,2255.5,2255.5,2256.199951171875,2255.5,2255.60009765625,648
2026-07-20 08:13:00,2255.89990234375,2255.89990234375,2256.10009765625,2255.10009765625,2256.0,4070
2026-07-20 08:14:00,2255.199951171875,2255.199951171875,2255.300048828125,2254.10009765625,2254.699951171875,6159
2026-07-20 08:15:00,2254.699951171875,2254.699951171875,2255.89990234375,2254.199951171875,2255.199951171875,7215
2026-07-20 08:16:00,2255.800048828125,2255.800048828125,2256.199951171875,2254.39990234375,2254.60009765625,1694
2026-07-20 08:17:00,2256.800048828125,2256.800048828125,2256.800048828125,2255.699951171875,2256.0,4463
2026-07-20 08:18:00,2256.39990234375,2256.39990234375,2256.89990234375,2256.0,2256.699951171875,4195
2026-07-20 08:19:00,2255.0,2255.0,2256.89990234375,2255.0,2256.39990234375,6295
2026-07-20 08:20:00,2255.0,2255.0,2256.0,2254.800048828125,2255.0,3451
2026-07-20 08:21:00,2254.300048828125,2254.300048828125,2255.300048828125,2254.0,2255.300048828125,1977
2026-07-20 08:22:00,2252.5,2252.5,2254.10009765625,2252.199951171875,2254.10009765625,4295
2026-07-20 08:23:00,2253.199951171875,2253.199951171875,2253.800048828125,2252.60009765625,2253.39990234375,2088
2026-07-20 08:24:00,2254.0,2254.0,2254.60009765625,2252.800048828125,2253.199951171875,8022
2026-07-20 08:25:00,2254.199951171875,2254.199951171875,2255.0,2253.300048828125,2253.89990234375,4726
2026-07-20 08:26:00,2253.39990234375,2253.39990234375,2253.89990234375,2253.0,2253.39990234375,764
2026-07-20 08:27:00,2254.800048828125,2254.800048828125,2255.0,2253.10009765625,2253.89990234375,4584
2026-07-20 08:28:00,2256.0,2256.0,2256.699951171875,2254.699951171875,2254.89990234375,5489
2026-07-20 08:29:00,2254.800048828125,2254.800048828125,2256.5,2254.699951171875,2256.10009765625,3935
2026-07-20 08:30:00,2254.60009765625,2254.60009765625,2254.800048828125,2253.10009765625,2253.800048828125,4024
2026-07-20 08:31:00,2256.0,2256.0,2256.300048828125,2254.199951171875,2254.199951171875,9373
2026-07-20 08:32:00,2255.800048828125,2255.800048828125,2257.199951171875,2255.5,2256.39990234375,2155
2026-07-20 08:33:00,2255.39990234375,2255.39990234375,2256.0,2255.39990234375,2256.0,2497
2026-07-20 08:34:00,2254.699951171875,2254.699951171875,2255.39990234375,2254.300048828125,2254.800048828125,8458
2026-07-20 08:35:00,2255.300048828125,2255.300048828125,2255.89990234375,2254.39990234375,2254.699951171875,2897
2026-07-20 08:36:00,2254.699951171875,2254.699951171875,2255.89990234375,2254.300048828125,2255.5,6337
2026-07-20 08:37:00,2254.300048828125,2254.300048828125,2255.39990234375,2254.10009765625,2254.89990234375,3717
2026-07-20 08:38:00,2255.10009765625,2255.10009765625,2255.800048828125,2254.0,2254.0,2439
2026-07-20 08:39:00,2253.800048828125,2253.800048828125,2255.300048828125,2253.199951171875,2255.10009765625,5746
2026-07-20 08:40:00,2253.800048828125,2253.800048828125,2254.199951171875,2253.0,2254.199951171875,2166
2026-07-20 08:41:00,2253.89990234375,2253.89990234375,2254.0,2253.0,2254.0,471
2026-07-20 08:42:00,2252.39990234375,2252.39990234375,2253.800048828125,2252.39990234375,2253.800048828125,6119
2026-07-20 08:43:00,2252.60009765625,2252.60009765625,2253.300048828125,2252.39990234375,2252.699951171875,3216
2026-07-20 08:44:00,2254.0,2254.0,2254.0,2252.60009765625,2253.0,1421
2026-07-20 08:45:00,2254.0,2254.0,2254.0,2252.60009765625,2254.0,1361
2026-07-20 08:46:00,2253.89990234375,2253.89990234375,2255.0,2253.39990234375,2253.39990234375,1122
2026-07-20 08:47:00,2254.199951171875,2254.199951171875,2254.800048828125,2253.5,2254.60009765625,696
2026-07-20 08:48:00,2254.5,2254.5,2254.89990234375,2253.60009765625,2254.39990234375,829
2026-07-20 08:49:00,2254.89990234375,2254.89990234375,2254.89990234375,2254.10009765625,2254.699951171875,5099
2026-07-20 08:50:00,2254.5,2254.5,2254.800048828125,2253.800048828125,2254.800048828125,622
2026-07-20 08:51:00,2253.300048828125,2253.300048828125,2254.199951171875,2253.0,2254.199951171875,2325
2026-07-20 08:52:00,2253.10009765625,2253.10009765625,2254.0,2252.800048828125,2253.39990234375,1262
2026-07-20 08:53:00,2253.699951171875,2253.699951171875,2254.10009765625,2252.800048828125,2252.800048828125,720
2026-07-20 08:54:00,2253.39990234375,2253.39990234375,2254.60009765625,2253.0,2253.5,3551
2026-07-20 08:55:00,2253.60009765625,2253.60009765625,2253.89990234375,2253.10009765625,2253.39990234375,841
2026-07-20 08:56:00,2254.199951171875,2254.199951171875,2254.5,2253.89990234375,2253.89990234375,2849
2026-07-20 08:57:00,2254.800048828125,2254.800048828125,2255.0,2254.199951171875,2254.199951171875,4025
2026-07-20 08:58:00,2255.60009765625,2255.60009765625,2256.5,2255.60009765625,2256.0,2730
2026-07-20 08:59:00,2256.199951171875,2256.199951171875,2256.300048828125,2255.10009765625,2256.0,1685
2026-07-20 09:00:00,2256.0,2256.0,2256.5,2255.89990234375,2256.0,2186
2026-07-20 09:01:00,2256.800048828125,2256.800048828125,2256.800048828125,2255.89990234375,2256.5,2261
2026-07-20 09:02:00,2256.300048828125,2256.300048828125,2256.800048828125,2255.89990234375,2256.0,1071
2026-07-20 09:03:00,2255.199951171875,2255.199951171875,2256.89990234375,2255.199951171875,2256.300048828125,2881
2026-07-20 09:04:00,2255.0,2255.0,2255.800048828125,2254.800048828125,2255.5,4660
2026-07-20 09:05:00,2255.39990234375,2255.39990234375,2255.89990234375,2255.0,2255.800048828125,2114
2026-07-20 09:06:00,2255.60009765625,2255.60009765625,2256.0,2255.0,2255.39990234375,2330
2026-07-20 09:07:00,2254.699951171875,2254.699951171875,2255.60009765625,2254.5,2255.10009765625,2962
2026-07-20 09:08:00,2255.800048828125,2255.800048828125,2255.800048828125,2254.60009765625,2254.60009765625,11458
2026-07-20 09:09:00,2255.199951171875,2255.199951171875,2255.39990234375,2254.39990234375,2255.39990234375,6173
2026-07-20 09:10:00,2256.5,2256.5,2256.5,2255.199951171875,2255.199951171875,6777
2026-07-20 09:11:00,2256.800048828125,2256.800048828125,2257.0,2256.199951171875,2256.5,6134
2026-07-20 09:12:00,2258.199951171875,2258.199951171875,2258.199951171875,2256.89990234375,2257.0,3844
2026-07-20 09:13:00,2258.10009765625,2258.10009765625,2259.0,2257.300048828125,2258.199951171875,5468
2026-07-20 09:14:00,2256.699951171875,2256.699951171875,2258.0,2256.0,2258.0,3281
2026-07-20 09:15:00,2258.0,2258.0,2258.10009765625,2256.60009765625,2256.699951171875,2734
2026-07-20 09:16:00,2258.0,2258.0,2258.10009765625,2257.0,2257.199951171875,2947
2026-07-20 09:17:00,2257.199951171875,2257.199951171875,2258.5,2256.89990234375,2258.0,2413
2026-07-20 09:18:00,2257.300048828125,2257.300048828125,2257.800048828125,2257.0,2257.800048828125,2058
2026-07-20 09:19:00,2257.300048828125,2257.300048828125,2257.300048828125,2257.0,2257.199951171875,1256
2026-07-20 09:20:00,2256.60009765625,2256.60009765625,2257.60009765625,2256.60009765625,2257.60009765625,2612
2026-07-20 09:21:00,2257.199951171875,2257.199951171875,2257.5,2256.39990234375,2257.0,2312
2026-07-20 09:22:00,2257.10009765625,2257.10009765625,2258.10009765625,2256.60009765625,2257.0,2703
2026-07-20 09:23:00,2257.10009765625,2257.10009765625,2258.0,2256.699951171875,2257.0,2322
2026-07-20 09:24:00,2257.300048828125,2257.300048828125,2258.0,2257.10009765625,2257.10009765625,2724
2026-07-20 09:25:00,2257.800048828125,2257.800048828125,2258.10009765625,2256.699951171875,2257.300048828125,3174
2026-07-20 09:26:00,2257.0,2257.0,2257.5,2256.60009765625,2256.800048828125,1752
2026-07-20 09:27:00,2257.39990234375,2257.39990234375,2257.60009765625,2256.39990234375,2257.0,2908
2026-07-20 09:28:00,2257.0,2257.0,2257.89990234375,2256.39990234375,2257.60009765625,2304
2026-07-20 09:29:00,2256.39990234375,2256.39990234375,2256.39990234375,2255.60009765625,2256.39990234375,2366
2026-07-20 09:30:00,2252.300048828125,2252.300048828125,2255.39990234375,2250.5,2255.199951171875,22463
2026-07-20 09:31:00,2252.800048828125,2252.800048828125,2253.800048828125,2251.199951171875,2252.199951171875,14277
2026-07-20 09:32:00,2253.0,2253.0,2253.39990234375,2252.5,2253.300048828125,11933
2026-07-20 09:33:00,2252.0,2252.0,2253.0,2252.0,2252.89990234375,11324
2026-07-20 09:34:00,2251.800048828125,2251.800048828125,2252.0,2251.5,2251.800048828125,9798
2026-07-20 09:35:00,2250.5,2250.5,2251.39990234375,2250.0,2251.39990234375,15052
2026-07-20 09:36:00,2250.5,2250.5,2251.0,2249.800048828125,2250.199951171875,14290
2026-07-20 09:37:00,2250.5,2250.5,2250.89990234375,2250.300048828125,2250.5,9609
2026-07-20 09:38:00,2250.300048828125,2250.300048828125,2250.89990234375,2250.300048828125,2250.60009765625,8403
2026-07-20 09:39:00,2250.800048828125,2250.800048828125,2251.0,2250.0,2250.0,7973
2026-07-20 09:40:00,2251.89990234375,2251.89990234375,2251.89990234375,2250.5,2250.800048828125,9081
2026-07-20 09:41:00,2250.89990234375,2250.89990234375,2251.199951171875,2250.89990234375,2251.199951171875,8878
2026-07-20 09:42:00,2249.89990234375,2249.89990234375,2250.60009765625,2249.699951171875,2250.5,10492
2026-07-20 09:43:00,2249.89990234375,2249.89990234375,2250.0,2249.300048828125,2249.300048828125,8012
2026-07-20 09:44:00,2248.89990234375,2248.89990234375,2250.0,2248.60009765625,2249.89990234375,32791
2026-07-20 09:45:00,2246.10009765625,2246.10009765625,2249.199951171875,2246.0,2249.199951171875,11333
2026-07-20 09:46:00,2245.5,2245.5,2246.5,2245.199951171875,2246.199951171875,12147
2026-07-20 09:47:00,2246.5,2246.5,2246.89990234375,2245.300048828125,2246.5,6671
2026-07-20 09:48:00,2245.60009765625,2245.60009765625,2246.60009765625,2245.39990234375,2246.10009765625,13698
2026-07-20 09:49:00,2250.60009765625,2250.60009765625,2250.89990234375,2245.60009765625,2245.60009765625,25567
2026-07-20 09:50:00,2251.0,2251.0,2251.89990234375,2250.0,2250.800048828125,40023
2026-07-20 09:51:00,2252.0,2252.0,2253.0,2250.39990234375,2252.199951171875,16336
2026-07-20 09:52:00,2252.5,2252.5,2253.0,2252.0,2252.699951171875,9854
2026-07-20 09:53:00,2253.0,2253.0,2254.300048828125,2252.0,2252.5,11487
2026-07-20 09:54:00,2255.199951171875,2255.199951171875,2255.89990234375,2252.800048828125,2253.10009765625,20089
2026-07-20 09:55:00,2253.10009765625,2253.10009765625,2255.39990234375,2252.300048828125,2255.199951171875,25943
2026-07-20 09:56:00,2251.5,2251.5,2254.0,2251.39990234375,2254.0,12994
2026-07-20 09:57:00,2251.60009765625,2251.60009765625,2251.89990234375,2251.5,2251.60009765625,11299
2026-07-20 09:58:00,2252.89990234375,2252.89990234375,2253.300048828125,2250.300048828125,2251.60009765625,8046
2026-07-20 09:59:00,2251.10009765625,2251.10009765625,2252.800048828125,2250.0,2252.0,7443
2026-07-21 03:45:00,2253.0,2253.0,2257.60009765625,2247.5,2247.5,0
2026-07-21 03:46:00,2250.10009765625,2250.10009765625,2256.10009765625,2248.0,2253.0,24477
2026-07-21 03:47:00,2244.89990234375,2244.89990234375,2249.89990234375,2242.10009765625,2249.89990234375,30191
2026-07-21 03:48:00,2251.89990234375,2251.89990234375,2252.800048828125,2243.300048828125,2244.300048828125,23023
2026-07-21 03:49:00,2250.800048828125,2250.800048828125,2252.300048828125,2248.699951171875,2251.39990234375,14899
2026-07-21 03:50:00,2251.199951171875,2251.199951171875,2251.89990234375,2249.800048828125,2250.60009765625,13026
2026-07-21 03:51:00,2253.800048828125,2253.800048828125,2253.89990234375,2250.60009765625,2251.300048828125,7799
2026-07-21 03:52:00,2253.199951171875,2253.199951171875,2253.800048828125,2252.10009765625,2253.800048828125,10586
2026-07-21 03:53:00,2252.60009765625,2252.60009765625,2253.199951171875,2250.10009765625,2253.199951171875,11119
2026-07-21 03:54:00,2252.39990234375,2252.39990234375,2253.0,2249.800048828125,2252.199951171875,11622
2026-07-21 03:55:00,2250.800048828125,2250.800048828125,2252.89990234375,2248.5,2252.89990234375,21252
2026-07-21 03:56:00,2253.60009765625,2253.60009765625,2254.89990234375,2250.800048828125,2251.5,10690
2026-07-21 03:57:00,2252.699951171875,2252.699951171875,2255.0,2252.5,2253.60009765625,14648
2026-07-21 03:58:00,2253.699951171875,2253.699951171875,2254.199951171875,2251.60009765625,2253.10009765625,11701
2026-07-21 03:59:00,2253.0,2253.0,2255.300048828125,2252.300048828125,2254.5,14465
2026-07-21 04:00:00,2252.39990234375,2252.39990234375,2255.0,2251.300048828125,2253.10009765625,6407
2026-07-21 04:01:00,2251.699951171875,2251.699951171875,2253.300048828125,2251.39990234375,2252.0,2629
2026-07-21 04:02:00,2250.5,2250.5,2251.699951171875,2250.300048828125,2250.300048828125,5612
2026-07-21 04:03:00,2248.89990234375,2248.89990234375,2250.800048828125,2248.89990234375,2250.300048828125,19265
2026-07-21 04:04:00,2252.199951171875,2252.199951171875,2252.199951171875,2248.800048828125,2248.800048828125,15146
2026-07-21 04:05:00,2250.89990234375,2250.89990234375,2254.60009765625,2250.89990234375,2253.89990234375,6194
2026-07-21 04:06:00,2249.800048828125,2249.800048828125,2251.699951171875,2249.0,2251.0,9034
2026-07-21 04:07:00,2248.89990234375,2248.89990234375,2250.0,2248.5,2249.800048828125,5286
2026-07-21 04:08:00,2249.0,2249.0,2249.0,2248.0,2249.0,1914
2026-07-21 04:09:00,2247.699951171875,2247.699951171875,2249.5,2247.699951171875,2249.5,3295
2026-07-21 04:10:00,2245.199951171875,2245.199951171875,2247.60009765625,2245.0,2247.39990234375,13304
2026-07-21 04:11:00,2244.10009765625,2244.10009765625,2245.800048828125,2244.0,2245.800048828125,8387
2026-07-21 04:12:00,2246.199951171875,2246.199951171875,2246.39990234375,2244.0,2244.0,11216
2026-07-21 04:13:00,2242.89990234375,2242.89990234375,2246.10009765625,2242.10009765625,2245.39990234375,5772
2026-07-21 04:14:00,2244.800048828125,2244.800048828125,2245.10009765625,2242.800048828125,2242.800048828125,7590
2026-07-21 04:15:00,2244.0,2244.0,2245.39990234375,2243.0,2245.0,4804
2026-07-21 04:16:00,2242.5,2242.5,2244.300048828125,2242.5,2243.60009765625,5640
2026-07-21 04:17:00,2239.89990234375,2239.89990234375,2242.699951171875,2239.0,2242.5,14847
2026-07-21 04:18:00,2235.5,2235.5,2240.10009765625,2235.5,2240.10009765625,23682
2026-07-21 04:19:00,2236.39990234375,2236.39990234375,2237.0,2234.800048828125,2235.60009765625,20215
2026-07-21 04:20:00,2239.0,2239.0,2240.10009765625,2236.39990234375,2236.39990234375,10166
2026-07-21 04:21:00,2240.800048828125,2240.800048828125,2240.800048828125,2238.89990234375,2239.39990234375,5448
2026-07-21 04:22:00,2240.5,2240.5,2240.5,2239.800048828125,2239.800048828125,4234
2026-07-21 04:23:00,2241.5,2241.5,2241.5,2240.0,2240.5,3858
2026-07-21 04:24:00,2240.5,2240.5,2242.39990234375,2240.0,2241.10009765625,3597
2026-07-21 04:25:00,2240.699951171875,2240.699951171875,2240.89990234375,2240.0,2240.5,2589
2026-07-21 04:26:00,2240.10009765625,2240.10009765625,2241.800048828125,2240.0,2241.0,2985
2026-07-21 04:27:00,2239.300048828125,2239.300048828125,2240.5,2239.300048828125,2240.39990234375,5049
2026-07-21 04:28:00,2235.0,2235.0,2238.5,2235.0,2238.0,16272
2026-07-21 04:29:00,2235.300048828125,2235.300048828125,2236.300048828125,2235.0,2236.300048828125,10322
2026-07-21 04:30:00,2237.199951171875,2237.199951171875,2237.699951171875,2234.0,2235.60009765625,16191
2026-07-21 04:31:00,2237.5,2237.5,2238.0,2237.199951171875,2238.0,4182
2026-07-21 04:32:00,2237.39990234375,2237.39990234375,2237.60009765625,2236.39990234375,2237.5,2674
2026-07-21 04:33:00,2237.800048828125,2237.800048828125,2237.800048828125,2236.39990234375,2237.0,5026
2026-07-21 04:34:00,2239.5,2239.5,2239.5,2238.39990234375,2238.39990234375,5449
2026-07-21 04:35:00,2240.0,2240.0,2241.300048828125,2239.0,2239.699951171875,6912
2026-07-21 04:36:00,2239.199951171875,2239.199951171875,2240.0,2238.199951171875,2240.0,3649
2026-07-21 04:37:00,2238.300048828125,2238.300048828125,2241.300048828125,2237.800048828125,2239.199951171875,5003
2026-07-21 04:38:00,2238.699951171875,2238.699951171875,2239.199951171875,2237.300048828125,2238.0,2003
2026-07-21 04:39:00,2238.5,2238.5,2239.199951171875,2237.60009765625,2238.39990234375,2901
2026-07-21 04:40:00,2238.5,2238.5,2239.300048828125,2238.300048828125,2239.0,1528
2026-07-21 04:41:00,2237.10009765625,2237.10009765625,2238.60009765625,2237.0,2238.5,1424
2026-07-21 04:42:00,2237.89990234375,2237.89990234375,2238.39990234375,2236.89990234375,2237.10009765625,6341
2026-07-21 04:43:00,2237.800048828125,2237.800048828125,2237.89990234375,2237.10009765625,2237.89990234375,1652
2026-07-21 04:44:00,2238.0,2238.0,2238.39990234375,2238.0,2238.39990234375,2731
2026-07-21 04:45:00,2238.300048828125,2238.300048828125,2238.39990234375,2237.199951171875,2238.199951171875,9337
2026-07-21 04:46:00,2237.89990234375,2237.89990234375,2238.300048828125,2237.5,2237.89990234375,2572
2026-07-21 04:47:00,2238.5,2238.5,2239.10009765625,2238.300048828125,2238.300048828125,2767
2026-07-21 04:48:00,2239.10009765625,2239.10009765625,2239.300048828125,2238.39990234375,2239.0,2407
2026-07-21 04:49:00,2239.800048828125,2239.800048828125,2239.800048828125,2239.300048828125,2239.300048828125,3653
2026-07-21 04:50:00,2240.5,2240.5,2240.699951171875,2239.800048828125,2239.800048828125,2159
2026-07-21 04:51:00,2239.300048828125,2239.300048828125,2240.39990234375,2239.0,2240.10009765625,2715
2026-07-21 04:52:00,2236.199951171875,2236.199951171875,2238.89990234375,2236.0,2238.89990234375,4761
2026-07-21 04:53:00,2231.199951171875,2231.199951171875,2236.199951171875,2231.0,2236.199951171875,17448
2026-07-21 04:54:00,2230.0,2230.0,2232.0,2228.60009765625,2231.0,22455
2026-07-21 04:55:00,2230.199951171875,2230.199951171875,2231.39990234375,2229.199951171875,2229.699951171875,8728
2026-07-21 04:56:00,2229.0,2229.0,2231.300048828125,2229.0,2230.0,10508
2026-07-21 04:57:00,2227.5,2227.5,2229.699951171875,2227.39990234375,2229.699951171875,16779
2026-07-21 04:58:00,2228.89990234375,2228.89990234375,2231.5,2227.5,2227.5,10033
2026-07-21 04:59:00,2230.10009765625,2230.10009765625,2230.39990234375,2229.10009765625,2229.10009765625,6844
2026-07-21 05:00:00,2229.300048828125,2229.300048828125,2230.300048828125,2229.0,2230.10009765625,3422
2026-07-21 05:01:00,2228.5,2228.5,2229.89990234375,2228.5,2229.89990234375,3130
2026-07-21 05:02:00,2228.0,2228.0,2229.5,2228.0,2228.300048828125,4957
2026-07-21 05:03:00,2228.0,2228.0,2229.0,2228.0,2228.39990234375,6494
2026-07-21 05:04:00,2227.89990234375,2227.89990234375,2228.699951171875,2227.39990234375,2227.89990234375,3738
2026-07-21 05:05:00,2228.60009765625,2228.60009765625,2229.199951171875,2228.0,2228.60009765625,4488
2026-07-21 05:06:00,2227.5,2227.5,2228.60009765625,2227.5,2228.60009765625,3109
2026-07-21 05:07:00,2227.0,2227.0,2227.699951171875,2226.5,2227.699951171875,13972
2026-07-21 05:08:00,2227.699951171875,2227.699951171875,2228.39990234375,2227.10009765625,2227.5,7175
2026-07-21 05:09:00,2227.800048828125,2227.800048828125,2228.39990234375,2227.699951171875,2227.89990234375,5379
2026-07-21 05:10:00,2229.0,2229.0,2229.0,2227.5,2227.699951171875,8813
2026-07-21 05:11:00,2227.10009765625,2227.10009765625,2229.0,2227.10009765625,2229.0,5674
2026-07-21 05:12:00,2227.699951171875,2227.699951171875,2228.300048828125,2226.800048828125,2227.10009765625,4248
2026-07-21 05:13:00,2226.60009765625,2226.60009765625,2228.300048828125,2226.199951171875,2227.699951171875,5867
2026-07-21 05:14:00,2228.199951171875,2228.199951171875,2228.39990234375,2226.800048828125,2227.5,2177
2026-07-21 05:15:00,2227.89990234375,2227.89990234375,2228.39990234375,2227.0,2228.199951171875,3121
2026-07-21 05:16:00,2227.0,2227.0,2228.199951171875,2226.39990234375,2227.89990234375,9402
2026-07-21 05:17:00,2227.0,2227.0,2228.5,2226.5,2227.0,16319
2026-07-21 05:18:00,2227.60009765625,2227.60009765625,2228.199951171875,2226.0,2227.60009765625,4811
2026-07-21 05:19:00,2226.89990234375,2226.89990234375,2228.10009765625,2226.10009765625,2227.60009765625,6784
2026-07-21 05:20:00,2225.699951171875,2225.699951171875,2226.89990234375,2225.699951171875,2226.89990234375,1777
2026-07-21 05:21:00,2225.199951171875,2225.199951171875,2225.699951171875,2225.10009765625,2225.10009765625,3797
2026-07-21 05:22:00,2225.60009765625,2225.60009765625,2226.0,2225.199951171875,2225.199951171875,2933
2026-07-21 05:23:00,2225.699951171875,2225.699951171875,2226.60009765625,2225.5,2226.0,2064
2026-07-21 05:24:00,2226.0,2226.0,2226.39990234375,2225.300048828125,2225.699951171875,5918
2026-07-21 05:25:00,2226.0,2226.0,2226.199951171875,2225.300048828125,2226.0,3321
2026-07-21 05:26:00,2228.0,2228.0,2228.0,2225.89990234375,2226.0,4626
2026-07-21 05:27:00,2226.0,2226.0,2227.800048828125,2225.5,2227.800048828125,3153
2026-07-21 05:28:00,2225.5,2225.5,2226.39990234375,2225.10009765625,2226.0,5816
2026-07-21 05:29:00,2225.5,2225.5,2225.800048828125,2225.199951171875,2225.5,1446
2026-07-21 05:30:00,2226.39990234375,2226.39990234375,2226.39990234375,2225.60009765625,2225.60009765625,4817
2026-07-21 05:31:00,2226.699951171875,2226.699951171875,2227.0,2225.5,2226.39990234375,2991
2026-07-21 05:32:00,2226.699951171875,2226.699951171875,2226.699951171875,2226.0,2226.699951171875,2958
2026-07-21 05:33:00,2226.89990234375,2226.89990234375,2227.800048828125,2226.39990234375,2226.39990234375,4557
2026-07-21 05:34:00,2227.89990234375,2227.89990234375,2228.0,2226.39990234375,2227.39990234375,3785
2026-07-21 05:35:00,2229.0,2229.0,2229.0,2227.0,2227.89990234375,2740
2026-07-21 05:36:00,2227.39990234375,2227.39990234375,2228.89990234375,2227.0,2228.89990234375,3791
2026-07-21 05:37:00,2228.10009765625,2228.10009765625,2228.60009765625,2227.0,2227.0,4564
2026-07-21 05:38:00,2227.699951171875,2227.699951171875,2228.300048828125,2227.199951171875,2228.10009765625,2610
2026-07-21 05:39:00,2227.5,2227.5,2227.699951171875,2227.39990234375,2227.699951171875,3666
2026-07-21 05:40:00,2227.10009765625,2227.10009765625,2227.60009765625,2226.60009765625,2227.10009765625,5707
2026-07-21 05:41:00,2226.89990234375,2226.89990234375,2229.39990234375,2226.699951171875,2227.60009765625,5736
2026-07-21 05:42:00,2226.60009765625,2226.60009765625,2227.5,2226.0,2227.5,3768
2026-07-21 05:43:00,2226.300048828125,2226.300048828125,2226.60009765625,2225.199951171875,2226.60009765625,12991
2026-07-21 05:44:00,2225.60009765625,2225.60009765625,2226.699951171875,2224.800048828125,2226.300048828125,14672
2026-07-21 05:45:00,2225.5,2225.5,2226.0,2225.0,2225.0,4002
2026-07-21 05:46:00,2226.5,2226.5,2226.800048828125,2225.39990234375,2226.0,5892
2026-07-21 05:47:00,2225.5,2225.5,2226.89990234375,2224.300048828125,2225.800048828125,7278
2026-07-21 05:48:00,2225.10009765625,2225.10009765625,2226.199951171875,2224.800048828125,2226.10009765625,9659
2026-07-21 05:49:00,2226.0,2226.0,2226.0,2224.800048828125,2225.89990234375,5020
2026-07-21 05:50:00,2225.300048828125,2225.300048828125,2226.0,2224.800048828125,2226.0,3486
2026-07-21 05:51:00,2225.10009765625,2225.10009765625,2225.300048828125,2224.5,2225.300048828125,9014
2026-07-21 05:52:00,2225.0,2225.0,2225.10009765625,2224.5,2225.10009765625,5561
2026-07-21 05:53:00,2225.0,2225.0,2225.10009765625,2224.0,2225.0,3088
2026-07-21 05:54:00,2225.10009765625,2225.10009765625,2225.10009765625,2224.699951171875,2225.0,3970
2026-07-21 05:55:00,2226.800048828125,2226.800048828125,2227.300048828125,2225.10009765625,2225.60009765625,6308
2026-07-21 05:56:00,2226.5,2226.5,2227.699951171875,2226.199951171875,2226.199951171875,7288
2026-07-21 05:57:00,2226.10009765625,2226.10009765625,2227.39990234375,2226.10009765625,2226.5,2699
2026-07-21 05:58:00,2225.89990234375,2225.89990234375,2226.10009765625,2225.300048828125,2226.10009765625,1267
2026-07-21 05:59:00,2226.199951171875,2226.199951171875,2226.199951171875,2225.39990234375,2225.89990234375,812
2026-07-21 06:00:00,2226.60009765625,2226.60009765625,2226.800048828125,2226.0,2226.0,1216
2026-07-21 06:01:00,2226.300048828125,2226.300048828125,2226.800048828125,2226.10009765625,2226.60009765625,1007
2026-07-21 06:02:00,2226.800048828125,2226.800048828125,2226.800048828125,2226.300048828125,2226.800048828125,1246
2026-07-21 06:03:00,2227.0,2227.0,2227.10009765625,2226.300048828125,2226.5,2229
2026-07-21 06:04:00,2228.199951171875,2228.199951171875,2228.199951171875,2226.89990234375,2227.0,7319
2026-07-21 06:05:00,2227.10009765625,2227.10009765625,2228.5,2226.199951171875,2228.300048828125,13138
2026-07-21 06:06:00,2226.5,2226.5,2227.10009765625,2226.10009765625,2227.10009765625,882
2026-07-21 06:07:00,2224.5,2224.5,2226.5,2224.10009765625,2226.5,3995
2026-07-21 06:08:00,2225.199951171875,2225.199951171875,2225.199951171875,2224.5,2224.800048828125,1234
2026-07-21 06:09:00,2224.699951171875,2224.699951171875,2225.300048828125,2224.0,2225.300048828125,3370
2026-07-21 06:10:00,2224.199951171875,2224.199951171875,2224.800048828125,2223.199951171875,2224.699951171875,4226
2026-07-21 06:11:00,2224.5,2224.5,2224.5,2223.60009765625,2224.10009765625,1992
2026-07-21 06:12:00,2224.0,2224.0,2224.5,2223.60009765625,2224.5,1854
2026-07-21 06:13:00,2223.10009765625,2223.10009765625,2224.0,2223.10009765625,2224.0,3043
2026-07-21 06:14:00,2223.5,2223.5,2224.0,2223.0,2223.60009765625,1820
2026-07-21 06:15:00,2223.699951171875,2223.699951171875,2223.699951171875,2223.0,2223.5,1145
2026-07-21 06:16:00,2224.0,2224.0,2224.0,2223.0,2223.0,594
2026-07-21 06:17:00,2224.0,2224.0,2224.39990234375,2223.800048828125,2224.0,2897
2026-07-21 06:18:00,2224.10009765625,2224.10009765625,2224.39990234375,2223.60009765625,2224.39990234375,1047
2026-07-21 06:19:00,2224.800048828125,2224.800048828125,2225.0,2224.0,2224.10009765625,1578
2026-07-21 06:20:00,2224.800048828125,2224.800048828125,2225.199951171875,2223.39990234375,2223.800048828125,6861
2026-07-21 06:21:00,2226.0,2226.0,2226.0,2224.10009765625,2224.800048828125,2656
2026-07-21 06:22:00,2225.800048828125,2225.800048828125,2226.5,2225.39990234375,2226.0,3406
2026-07-21 06:23:00,2227.300048828125,2227.300048828125,2227.300048828125,2226.10009765625,2226.39990234375,15907
2026-07-21 06:24:00,2226.39990234375,2226.39990234375,2228.0,2226.300048828125,2226.39990234375,59213
2026-07-21 06:25:00,2228.300048828125,2228.300048828125,2229.0,2226.300048828125,2226.39990234375,42481
2026-07-21 06:26:00,2232.0,2232.0,2232.0,2228.39990234375,2228.89990234375,13885
2026-07-21 06:27:00,2230.699951171875,2230.699951171875,2233.0,2230.10009765625,2233.0,7491
2026-07-21 06:28:00,2228.5,2228.5,2231.699951171875,2228.0,2231.0,7900
2026-07-21 06:29:00,2228.300048828125,2228.300048828125,2229.0,2227.10009765625,2229.0,3128
2026-07-21 06:30:00,2229.39990234375,2229.39990234375,2229.39990234375,2228.0,2228.0,2136
2026-07-21 06:31:00,2228.60009765625,2228.60009765625,2229.0,2228.5,2229.0,2506
2026-07-21 06:32:00,2230.0,2230.0,2230.0,2229.0,2229.0,2341
2026-07-21 06:33:00,2229.0,2229.0,2229.800048828125,2228.5,2229.0,2685
2026-07-21 06:34:00,2229.60009765625,2229.60009765625,2229.89990234375,2228.89990234375,2229.0,2663
2026-07-21 06:35:00,2229.89990234375,2229.89990234375,2230.0,2229.199951171875,2229.39990234375,2495
2026-07-21 06:36:00,2227.39990234375,2227.39990234375,2229.800048828125,2227.39990234375,2229.800048828125,5949
2026-07-21 06:37:00,2228.39990234375,2228.39990234375,2228.39990234375,2227.199951171875,2227.699951171875,4511
2026-07-21 06:38:00,2228.300048828125,2228.300048828125,2228.5,2228.0,2228.0,4100
2026-07-21 06:39:00,2228.39990234375,2228.39990234375,2228.39990234375,2227.5,2228.300048828125,2350
2026-07-21 06:40:00,2227.199951171875,2227.199951171875,2228.39990234375,2227.199951171875,2228.39990234375,1831
2026-07-21 06:41:00,2228.0,2228.0,2228.10009765625,2227.199951171875,2227.699951171875,1440
2026-07-21 06:42:00,2228.300048828125,2228.300048828125,2228.300048828125,2227.199951171875,2228.0,2002
2026-07-21 06:43:00,2227.89990234375,2227.89990234375,2228.300048828125,2227.5,2228.300048828125,1446
2026-07-21 06:44:00,2228.0,2228.0,2228.10009765625,2227.5,2227.800048828125,1672
2026-07-21 06:45:00,2228.199951171875,2228.199951171875,2228.199951171875,2227.800048828125,2227.800048828125,1616
2026-07-21 06:46:00,2223.800048828125,2223.800048828125,2228.39990234375,2223.800048828125,2228.10009765625,9595
2026-07-21 06:47:00,2223.0,2223.0,2223.300048828125,2222.0,2223.300048828125,9480
2026-07-21 06:48:00,2221.0,2221.0,2222.89990234375,2221.0,2222.800048828125,4781
2026-07-21 06:49:00,2222.39990234375,2222.39990234375,2222.699951171875,2221.5,2221.5,3277
2026-07-21 06:50:00,2222.5,2222.5,2222.800048828125,2222.0,2222.800048828125,2256
2026-07-21 06:51:00,2222.800048828125,2222.800048828125,2222.800048828125,2222.0,2222.5,2180
2026-07-21 06:52:00,2223.60009765625,2223.60009765625,2224.0,2223.199951171875,2223.300048828125,2788
2026-07-21 06:53:00,2223.89990234375,2223.89990234375,2224.800048828125,2222.800048828125,2223.60009765625,7069
2026-07-21 06:54:00,2222.800048828125,2222.800048828125,2223.89990234375,2222.5,2223.89990234375,7786
2026-07-21 06:55:00,2222.60009765625,2222.60009765625,2223.699951171875,2222.10009765625,2222.800048828125,5005
2026-07-21 06:56:00,2222.60009765625,2222.60009765625,2222.60009765625,2222.10009765625,2222.10009765625,1866
2026-07-21 06:57:00,2222.199951171875,2222.199951171875,2223.199951171875,2222.199951171875,2222.60009765625,3641
2026-07-21 06:58:00,2221.60009765625,2221.60009765625,2222.199951171875,2221.5,2222.199951171875,2005
2026-07-21 06:59:00,2222.0,2222.0,2222.0,2221.60009765625,2221.60009765625,1647
2026-07-21 07:00:00,2221.89990234375,2221.89990234375,2222.0,2221.5,2222.0,2407
2026-07-21 07:01:00,2222.10009765625,2222.10009765625,2222.199951171875,2221.10009765625,2221.89990234375,1585
2026-07-21 07:02:00,2222.300048828125,2222.300048828125,2222.300048828125,2221.5,2222.10009765625,3809
2026-07-21 07:03:00,2221.699951171875,2221.699951171875,2222.300048828125,2220.5,2222.300048828125,7044
2026-07-21 07:04:00,2222.5,2222.5,2222.5,2220.699951171875,2221.89990234375,6622
2026-07-21 07:05:00,2221.89990234375,2221.89990234375,2222.5,2221.0,2222.5,3386
2026-07-21 07:06:00,2220.89990234375,2220.89990234375,2221.89990234375,2220.699951171875,2221.89990234375,3745
2026-07-21 07:07:00,2221.89990234375,2221.89990234375,2222.0,2220.89990234375,2220.89990234375,2973
2026-07-21 07:08:00,2223.89990234375,2223.89990234375,2223.89990234375,2221.199951171875,2221.89990234375,5481
2026-07-21 07:09:00,2221.800048828125,2221.800048828125,2223.89990234375,2220.60009765625,2223.699951171875,7311
2026-07-21 07:10:00,2220.89990234375,2220.89990234375,2221.800048828125,2220.5,2221.800048828125,5029
2026-07-21 07:11:00,2221.0,2221.0,2221.39990234375,2220.5,2220.89990234375,1957
2026-07-21 07:12:00,2221.10009765625,2221.10009765625,2222.0,2221.0,2221.0,4906
2026-07-21 07:13:00,2221.10009765625,2221.10009765625,2221.60009765625,2221.0,2221.10009765625,2532
2026-07-21 07:14:00,2219.60009765625,2219.60009765625,2221.39990234375,2219.0,2221.39990234375,13959
2026-07-21 07:15:00,2220.0,2220.0,2220.60009765625,2219.10009765625,2219.60009765625,5557
2026-07-21 07:16:00,2219.5,2219.5,2220.0,2219.199951171875,2220.0,2593
2026-07-21 07:17:00,2220.89990234375,2220.89990234375,2221.10009765625,2219.5,2219.89990234375,2914
2026-07-21 07:18:00,2220.800048828125,2220.800048828125,2220.89990234375,2220.0,2220.89990234375,2537
2026-07-21 07:19:00,2221.300048828125,2221.300048828125,2221.60009765625,2220.0,2220.5,3534
2026-07-21 07:20:00,2220.800048828125,2220.800048828125,2221.300048828125,2220.0,2221.300048828125,1788
2026-07-21 07:21:00,2221.39990234375,2221.39990234375,2221.89990234375,2220.39990234375,2220.800048828125,2548
2026-07-21 07:22:00,2220.5,2220.5,2221.39990234375,2220.39990234375,2221.39990234375,1925
2026-07-21 07:23:00,2221.300048828125,2221.300048828125,2221.300048828125,2220.199951171875,2220.89990234375,2314
2026-07-21 07:24:00,2221.89990234375,2221.89990234375,2221.89990234375,2221.10009765625,2221.300048828125,2108
2026-07-21 07:25:00,2221.0,2221.0,2221.89990234375,2220.60009765625,2221.800048828125,4982
2026-07-21 07:26:00,2221.5,2221.5,2221.89990234375,2220.5,2221.300048828125,2323
2026-07-21 07:27:00,2222.5,2222.5,2222.800048828125,2220.60009765625,2220.60009765625,4352
2026-07-21 07:28:00,2222.39990234375,2222.39990234375,2222.5,2221.5,2222.5,1610
2026-07-21 07:29:00,2221.60009765625,2221.60009765625,2222.199951171875,2221.0,2222.199951171875,3017
2026-07-21 07:30:00,2220.300048828125,2220.300048828125,2221.89990234375,2220.300048828125,2221.60009765625,2288
2026-07-21 07:31:00,2222.300048828125,2222.300048828125,2222.300048828125,2220.199951171875,2220.60009765625,2274
2026-07-21 07:32:00,2222.60009765625,2222.60009765625,2222.800048828125,2221.699951171875,2222.199951171875,4045
2026-07-21 07:33:00,2221.300048828125,2221.300048828125,2222.60009765625,2221.300048828125,2222.60009765625,2016
2026-07-21 07:34:00,2221.699951171875,2221.699951171875,2221.699951171875,2220.89990234375,2221.199951171875,2421
2026-07-21 07:35:00,2222.699951171875,2222.699951171875,2222.800048828125,2221.699951171875,2221.699951171875,4670
2026-07-21 07:36:00,2222.10009765625,2222.10009765625,2222.800048828125,2221.89990234375,2222.699951171875,1703
2026-07-21 07:37:00,2222.5,2222.5,2222.800048828125,2222.0,2222.800048828125,2354
2026-07-21 07:38:00,2222.39990234375,2222.39990234375,2222.39990234375,2222.0,2222.39990234375,2211
2026-07-21 07:39:00,2222.10009765625,2222.10009765625,2223.0,2222.0,2222.300048828125,2131
2026-07-21 07:40:00,2221.800048828125,2221.800048828125,2222.699951171875,2221.800048828125,2222.300048828125,1652
2026-07-21 07:41:00,2221.699951171875,2221.699951171875,2222.5,2221.5,2222.5,8057
2026-07-21 07:42:00,2221.60009765625,2221.60009765625,2222.0,2220.89990234375,2221.800048828125,2933
2026-07-21 07:43:00,2221.39990234375,2221.39990234375,2221.800048828125,2220.89990234375,2221.60009765625,2580
2026-07-21 07:44:00,2220.800048828125,2220.800048828125,2221.89990234375,2220.0,2221.39990234375,2731
2026-07-21 07:45:00,2220.89990234375,2220.89990234375,2221.800048828125,2220.0,2220.800048828125,4144
2026-07-21 07:46:00,2221.199951171875,2221.199951171875,2221.60009765625,2220.300048828125,2220.89990234375,2762
2026-07-21 07:47:00,2220.800048828125,2220.800048828125,2221.5,2220.199951171875,2221.199951171875,1371
2026-07-21 07:48:00,2220.5,2220.5,2220.5,2220.0,2220.5,1546
2026-07-21 07:49:00,2220.199951171875,2220.199951171875,2220.5,2219.60009765625,2220.10009765625,7073
2026-07-21 07:50:00,2219.699951171875,2219.699951171875,2220.5,2219.199951171875,2219.199951171875,2525
2026-07-21 07:51:00,2219.60009765625,2219.60009765625,2219.699951171875,2219.10009765625,2219.699951171875,2380
2026-07-21 07:52:00,2220.0,2220.0,2220.300048828125,2219.699951171875,2219.699951171875,1562
2026-07-21 07:53:00,2221.39990234375,2221.39990234375,2221.39990234375,2219.800048828125,2219.89990234375,1598
2026-07-21 07:54:00,2221.699951171875,2221.699951171875,2221.800048828125,2221.300048828125,2221.39990234375,5283
2026-07-21 07:55:00,2221.800048828125,2221.800048828125,2221.800048828125,2221.0,2221.699951171875,1805
2026-07-21 07:56:00,2222.300048828125,2222.300048828125,2222.300048828125,2221.10009765625,2221.800048828125,1764
2026-07-21 07:57:00,2222.60009765625,2222.60009765625,2222.60009765625,2221.60009765625,2222.10009765625,4874
2026-07-21 07:58:00,2222.5,2222.5,2223.5,2222.10009765625,2223.5,4944
2026-07-21 07:59:00,2221.89990234375,2221.89990234375,2222.5,2221.199951171875,2222.5,2773
2026-07-21 08:00:00,2222.39990234375,2222.39990234375,2222.89990234375,2222.39990234375,2222.89990234375,3630
2026-07-21 08:01:00,2223.39990234375,2223.39990234375,2223.39990234375,2222.300048828125,2222.300048828125,2035
2026-07-21 08:02:00,2224.699951171875,2224.699951171875,2224.699951171875,2223.10009765625,2223.39990234375,5803
2026-07-21 08:03:00,2224.39990234375,2224.39990234375,2224.699951171875,2223.89990234375,2224.699951171875,3156
2026-07-21 08:04:00,2224.39990234375,2224.39990234375,2224.39990234375,2223.5,2224.39990234375,1823
2026-07-21 08:05:00,2226.39990234375,2226.39990234375,2226.39990234375,2224.60009765625,2224.60009765625,5687
2026-07-21 08:06:00,2226.39990234375,2226.39990234375,2227.0,2226.10009765625,2226.39990234375,4636
2026-07-21 08:07:00,2226.39990234375,2226.39990234375,2226.699951171875,2226.39990234375,2226.39990234375,1561
2026-07-21 08:08:00,2227.0,2227.0,2227.5,2226.5,2226.5,3520
2026-07-21 08:09:00,2226.199951171875,2226.199951171875,2227.800048828125,2226.0,2227.0,4594
2026-07-21 08:10:00,2224.89990234375,2224.89990234375,2227.0,2224.89990234375,2226.60009765625,6096
2026-07-21 08:11:00,2225.199951171875,2225.199951171875,2225.199951171875,2223.800048828125,2224.89990234375,10928
2026-07-21 08:12:00,2226.39990234375,2226.39990234375,2226.39990234375,2224.39990234375,2225.199951171875,3510
2026-07-21 08:13:00,2225.800048828125,2225.800048828125,2226.89990234375,2225.800048828125,2226.0,2288
2026-07-21 08:14:00,2226.800048828125,2226.800048828125,2226.800048828125,2225.699951171875,2225.800048828125,1600
2026-07-21 08:15:00,2227.199951171875,2227.199951171875,2227.199951171875,2226.5,2226.800048828125,2944
2026-07-21 08:16:00,2227.10009765625,2227.10009765625,2227.800048828125,2226.89990234375,2227.300048828125,4467
2026-07-21 08:17:00,2227.199951171875,2227.199951171875,2227.199951171875,2226.89990234375,2227.10009765625,2285
2026-07-21 08:18:00,2227.39990234375,2227.39990234375,2227.699951171875,2227.10009765625,2227.199951171875,4759
2026-07-21 08:19:00,2227.5,2227.5,2227.5,2225.800048828125,2227.5,5900
2026-07-21 08:20:00,2227.800048828125,2227.800048828125,2228.699951171875,2226.89990234375,2227.5,7069
2026-07-21 08:21:00,2227.60009765625,2227.60009765625,2228.10009765625,2227.0,2227.39990234375,3292
2026-07-21 08:22:00,2226.60009765625,2226.60009765625,2227.10009765625,2226.199951171875,2227.10009765625,3219
2026-07-21 08:23:00,2226.199951171875,2226.199951171875,2226.800048828125,2226.199951171875,2226.199951171875,1731
2026-07-21 08:24:00,2227.60009765625,2227.60009765625,2227.800048828125,2226.39990234375,2226.800048828125,3057
2026-07-21 08:25:00,2226.800048828125,2226.800048828125,2227.5,2226.800048828125,2227.5,3693
2026-07-21 08:26:00,2226.5,2226.5,2227.0,2226.5,2226.800048828125,4248
2026-07-21 08:27:00,2227.199951171875,2227.199951171875,2227.300048828125,2226.39990234375,2226.39990234375,6877
2026-07-21 08:28:00,2227.10009765625,2227.10009765625,2227.300048828125,2227.10009765625,2227.199951171875,5556
2026-07-21 08:29:00,2226.0,2226.0,2226.89990234375,2225.5,2226.89990234375,7187
2026-07-21 08:30:00,2227.39990234375,2227.39990234375,2227.39990234375,2225.699951171875,2226.0,1990
2026-07-21 08:31:00,2227.89990234375,2227.89990234375,2227.89990234375,2226.89990234375,2227.39990234375,2859
2026-07-21 08:32:00,2227.699951171875,2227.699951171875,2228.39990234375,2227.10009765625,2227.10009765625,2271
2026-07-21 08:33:00,2227.0,2227.0,2228.39990234375,2227.0,2228.0,3643
2026-07-21 08:34:00,2227.39990234375,2227.39990234375,2227.699951171875,2227.0,2227.199951171875,2154
2026-07-21 08:35:00,2228.800048828125,2228.800048828125,2229.0,2226.800048828125,2227.699951171875,11887
2026-07-21 08:36:00,2227.39990234375,2227.39990234375,2228.800048828125,2227.0,2228.800048828125,4090
2026-07-21 08:37:00,2226.0,2226.0,2227.5,2225.39990234375,2227.199951171875,4287
2026-07-21 08:38:00,2224.89990234375,2224.89990234375,2225.89990234375,2224.89990234375,2225.89990234375,3286
2026-07-21 08:39:00,2224.5,2224.5,2224.699951171875,2223.60009765625,2224.699951171875,2478
2026-07-21 08:40:00,2224.60009765625,2224.60009765625,2224.89990234375,2223.699951171875,2224.5,2224
2026-07-21 08:41:00,2224.60009765625,2224.60009765625,2224.89990234375,2224.199951171875,2224.39990234375,2084
2026-07-21 08:42:00,2225.39990234375,2225.39990234375,2225.39990234375,2224.60009765625,2224.60009765625,2326
2026-07-21 08:43:00,2225.300048828125,2225.300048828125,2225.39990234375,2224.699951171875,2225.0,7630
2026-07-21 08:44:00,2226.800048828125,2226.800048828125,2226.800048828125,2225.199951171875,2225.300048828125,2062
2026-07-21 08:45:00,2227.39990234375,2227.39990234375,2227.699951171875,2226.60009765625,2226.800048828125,7451
2026-07-21 08:46:00,2226.699951171875,2226.699951171875,2227.5,2226.5,2227.39990234375,3339
2026-07-21 08:47:00,2227.300048828125,2227.300048828125,2227.89990234375,2227.0,2227.10009765625,3113
2026-07-21 08:48:00,2225.39990234375,2225.39990234375,2227.0,2225.39990234375,2227.0,3587
2026-07-21 08:49:00,2225.5,2225.5,2226.699951171875,2225.199951171875,2226.0,5794
2026-07-21 08:50:00,2226.199951171875,2226.199951171875,2227.300048828125,2225.0,2225.699951171875,13069
2026-07-21 08:51:00,2225.699951171875,2225.699951171875,2226.699951171875,2224.5,2226.0,7586
2026-07-21 08:52:00,2227.89990234375,2227.89990234375,2227.89990234375,2225.699951171875,2225.800048828125,2765
2026-07-21 08:53:00,2227.800048828125,2227.800048828125,2228.5,2227.60009765625,2228.0,2739
2026-07-21 08:54:00,2228.0,2228.0,2228.5,2227.60009765625,2227.60009765625,2878
2026-07-21 08:55:00,2227.39990234375,2227.39990234375,2228.199951171875,2227.0,2228.0,2222
2026-07-21 08:56:00,2227.39990234375,2227.39990234375,2227.39990234375,2226.89990234375,2227.39990234375,1880
2026-07-21 08:57:00,2227.800048828125,2227.800048828125,2228.199951171875,2226.60009765625,2226.60009765625,6698
2026-07-21 08:58:00,2226.89990234375,2226.89990234375,2228.39990234375,2226.10009765625,2227.800048828125,8278
2026-07-21 08:59:00,2225.800048828125,2225.800048828125,2227.199951171875,2225.699951171875,2226.89990234375,13193
2026-07-21 09:00:00,2226.89990234375,2226.89990234375,2226.89990234375,2224.60009765625,2226.0,6032
2026-07-21 09:01:00,2226.60009765625,2226.60009765625,2226.800048828125,2225.199951171875,2226.39990234375,6517
2026-07-21 09:02:00,2225.300048828125,2225.300048828125,2226.699951171875,2225.300048828125,2226.5,10293
2026-07-21 09:03:00,2225.60009765625,2225.60009765625,2226.60009765625,2225.39990234375,2226.0,8186
2026-07-21 09:04:00,2226.300048828125,2226.300048828125,2226.39990234375,2225.199951171875,2225.60009765625,6945
2026-07-21 09:05:00,2226.300048828125,2226.300048828125,2227.5,2224.699951171875,2226.39990234375,15059
2026-07-21 09:06:00,2225.199951171875,2225.199951171875,2226.89990234375,2224.5,2226.89990234375,8000
2026-07-21 09:07:00,2223.699951171875,2223.699951171875,2225.5,2223.300048828125,2225.199951171875,7581
2026-07-21 09:08:00,2223.39990234375,2223.39990234375,2224.199951171875,2223.10009765625,2223.60009765625,5773
2026-07-21 09:09:00,2222.5,2222.5,2223.39990234375,2222.199951171875,2223.39990234375,4388
2026-07-21 09:10:00,2222.300048828125,2222.300048828125,2224.0,2222.0,2222.699951171875,8839
2026-07-21 09:11:00,2223.0,2223.0,2223.800048828125,2221.5,2222.300048828125,4939
2026-07-21 09:12:00,2224.39990234375,2224.39990234375,2224.5,2222.89990234375,2223.800048828125,2881
2026-07-21 09:13:00,2225.0,2225.0,2225.0,2223.800048828125,2224.39990234375,2687
2026-07-21 09:14:00,2225.699951171875,2225.699951171875,2225.699951171875,2224.89990234375,2225.60009765625,3535
2026-07-21 09:15:00,2224.89990234375,2224.89990234375,2225.5,2224.89990234375,2225.5,2995
2026-07-21 09:16:00,2224.39990234375,2224.39990234375,2225.5,2223.89990234375,2225.199951171875,3828
2026-07-21 09:17:00,2222.699951171875,2222.699951171875,2224.60009765625,2222.699951171875,2223.89990234375,6941
2026-07-21 09:18:00,2224.60009765625,2224.60009765625,2225.39990234375,2222.699951171875,2222.699951171875,8424
2026-07-21 09:19:00,2224.89990234375,2224.89990234375,2224.89990234375,2223.5,2224.800048828125,2801
2026-07-21 09:20:00,2223.39990234375,2223.39990234375,2224.89990234375,2222.89990234375,2224.89990234375,9225
2026-07-21 09:21:00,2223.89990234375,2223.89990234375,2224.800048828125,2223.10009765625,2223.10009765625,9444
2026-07-21 09:22:00,2222.39990234375,2222.39990234375,2224.39990234375,2222.199951171875,2223.800048828125,9487
2026-07-21 09:23:00,2223.300048828125,2223.300048828125,2223.699951171875,2222.0,2222.39990234375,3879
2026-07-21 09:24:00,2224.699951171875,2224.699951171875,2224.699951171875,2223.10009765625,2223.300048828125,3550
2026-07-21 09:25:00,2224.699951171875,2224.699951171875,2224.800048828125,2223.800048828125,2224.800048828125,7379
2026-07-21 09:26:00,2225.60009765625,2225.60009765625,2225.60009765625,2224.0,2224.699951171875,6332
2026-07-21 09:27:00,2226.39990234375,2226.39990234375,2226.5,2224.39990234375,2225.5,10192
2026-07-21 09:28:00,2225.800048828125,2225.800048828125,2227.5,2225.5,2226.300048828125,5294
2026-07-21 09:29:00,2227.10009765625,2227.10009765625,2227.89990234375,2225.800048828125,2225.89990234375,5642
2026-07-21 09:30:00,2227.10009765625,2227.10009765625,2227.5,2226.0,2227.199951171875,12890
2026-07-21 09:31:00,2225.10009765625,2225.10009765625,2227.0,2225.0,2227.0,5969
2026-07-21 09:32:00,2224.60009765625,2224.60009765625,2225.300048828125,2224.60009765625,2225.10009765625,8249
2026-07-21 09:33:00,2224.5,2224.5,2225.10009765625,2224.39990234375,2225.10009765625,5953
2026-07-21 09:34:00,2223.39990234375,2223.39990234375,2224.5,2223.10009765625,2224.39990234375,10251
2026-07-21 09:35:00,2223.5,2223.5,2223.5,2222.5,2223.39990234375,12386
2026-07-21 09:36:00,2222.0,2222.0,2224.10009765625,2222.0,2223.5,12325
2026-07-21 09:37:00,2223.0,2223.0,2223.0,2221.89990234375,2222.60009765625,12230
2026-07-21 09:38:00,2221.800048828125,2221.800048828125,2222.89990234375,2221.60009765625,2222.60009765625,14199
2026-07-21 09:39:00,2220.10009765625,2220.10009765625,2221.699951171875,2220.0,2221.699951171875,11132
2026-07-21 09:40:00,2220.10009765625,2220.10009765625,2220.39990234375,2220.0,2220.199951171875,9575
2026-07-21 09:41:00,2219.699951171875,2219.699951171875,2220.5,2219.5,2220.10009765625,14363
2026-07-21 09:42:00,2220.0,2220.0,2220.0,2219.0,2219.60009765625,13058
2026-07-21 09:43:00,2219.800048828125,2219.800048828125,2220.0,2219.5,2219.800048828125,9094
2026-07-21 09:44:00,2220.800048828125,2220.800048828125,2221.199951171875,2219.89990234375,2219.89990234375,11985
2026-07-21 09:45:00,2220.199951171875,2220.199951171875,2221.39990234375,2220.199951171875,2221.0,10003
2026-07-21 09:46:00,2220.199951171875,2220.199951171875,2220.800048828125,2220.199951171875,2220.39990234375,7275
2026-07-21 09:47:00,2220.300048828125,2220.300048828125,2220.5,2220.199951171875,2220.300048828125,9606
2026-07-21 09:48:00,2220.699951171875,2220.699951171875,2220.699951171875,2220.0,2220.39990234375,18790
2026-07-21 09:49:00,2221.0,2221.0,2221.699951171875,2220.800048828125,2220.800048828125,12807
2026-07-21 09:50:00,2220.39990234375,2220.39990234375,2221.0,2220.199951171875,2221.0,11595
2026-07-21 09:51:00,2220.89990234375,2220.89990234375,2221.0,2220.199951171875,2220.199951171875,18810
2026-07-21 09:52:00,2221.10009765625,2221.10009765625,2221.10009765625,2220.60009765625,2220.60009765625,11129
2026-07-21 09:53:00,2220.10009765625,2220.10009765625,2221.0,2220.10009765625,2221.0,11985
2026-07-21 09:54:00,2221.0,2221.0,2221.10009765625,2219.10009765625,2219.89990234375,20661
2026-07-21 09:55:00,2219.199951171875,2219.199951171875,2221.300048828125,2219.0,2221.300048828125,26562
2026-07-21 09:56:00,2220.10009765625,2220.10009765625,2220.60009765625,2219.10009765625,2219.10009765625,12593
2026-07-21 09:57:00,2219.60009765625,2219.60009765625,2220.5,2218.5,2219.89990234375,20155
2026-07-21 09:58:00,2220.0,2220.0,2220.699951171875,2219.199951171875,2219.199951171875,11925
2026-07-21 09:59:00,2220.0,2220.0,2220.699951171875,2219.300048828125,2220.699951171875,8332
2026-07-22 03:45:00,2213.89990234375,2213.89990234375,2219.60009765625,2210.0,2215.10009765625,0
2026-07-22 03:46:00,2209.0,2209.0,2214.60009765625,2207.89990234375,2214.60009765625,24049
2026-07-22 03:47:00,2204.0,2204.0,2209.0,2203.10009765625,2209.0,15160
2026-07-22 03:48:00,2207.800048828125,2207.800048828125,2207.800048828125,2202.800048828125,2204.39990234375,16673
2026-07-22 03:49:00,2210.800048828125,2210.800048828125,2211.0,2205.89990234375,2208.0,30079
2026-07-22 03:50:00,2213.199951171875,2213.199951171875,2213.699951171875,2209.800048828125,2211.0,10871
2026-07-22 03:51:00,2207.60009765625,2207.60009765625,2213.39990234375,2207.60009765625,2212.800048828125,9266
2026-07-22 03:52:00,2209.10009765625,2209.10009765625,2209.89990234375,2206.5,2206.5,5584
2026-07-22 03:53:00,2208.89990234375,2208.89990234375,2210.0,2208.10009765625,2209.89990234375,15417
2026-07-22 03:54:00,2210.800048828125,2210.800048828125,2212.0,2209.39990234375,2209.39990234375,5179
2026-07-22 03:55:00,2209.800048828125,2209.800048828125,2212.0,2209.300048828125,2210.800048828125,4130
2026-07-22 03:56:00,2210.60009765625,2210.60009765625,2210.60009765625,2208.10009765625,2209.300048828125,5582
2026-07-22 03:57:00,2211.199951171875,2211.199951171875,2211.39990234375,2209.89990234375,2209.89990234375,3155
2026-07-22 03:58:00,2211.5,2211.5,2211.5,2210.10009765625,2211.199951171875,7165
2026-07-22 03:59:00,2212.699951171875,2212.699951171875,2213.5,2212.0,2212.800048828125,8844
2026-07-22 04:00:00,2213.0,2213.0,2213.5,2211.699951171875,2212.0,6457
2026-07-22 04:01:00,2212.39990234375,2212.39990234375,2213.89990234375,2212.39990234375,2213.0,8917
2026-07-22 04:02:00,2212.39990234375,2212.39990234375,2213.699951171875,2211.199951171875,2213.10009765625,5019
2026-07-22 04:03:00,2211.199951171875,2211.199951171875,2212.39990234375,2211.0,2212.39990234375,5017
2026-07-22 04:04:00,2213.0,2213.0,2213.5,2211.300048828125,2212.0,7553
2026-07-22 04:05:00,2213.5,2213.5,2214.89990234375,2211.800048828125,2213.0,6967
2026-07-22 04:06:00,2214.5,2214.5,2214.5,2211.10009765625,2212.60009765625,4453
2026-07-22 04:07:00,2212.5,2212.5,2214.89990234375,2211.10009765625,2214.5,5532
2026-07-22 04:08:00,2212.5,2212.5,2213.699951171875,2212.199951171875,2213.699951171875,1517
2026-07-22 04:09:00,2211.5,2211.5,2212.89990234375,2210.89990234375,2212.800048828125,2917
2026-07-22 04:10:00,2213.0,2213.0,2213.0,2211.199951171875,2211.199951171875,4435
2026-07-22 04:11:00,2212.199951171875,2212.199951171875,2214.10009765625,2212.0,2214.10009765625,1893
2026-07-22 04:12:00,2212.5,2212.5,2214.300048828125,2212.10009765625,2212.5,3678
2026-07-22 04:13:00,2212.0,2212.0,2212.5,2211.0,2212.5,3888
2026-07-22 04:14:00,2212.199951171875,2212.199951171875,2214.10009765625,2212.10009765625,2213.60009765625,3999
2026-07-22 04:15:00,2213.89990234375,2213.89990234375,2213.89990234375,2212.5,2213.0,1705
2026-07-22 04:16:00,2213.39990234375,2213.39990234375,2214.0,2212.60009765625,2214.0,2442
2026-07-22 04:17:00,2210.0,2210.0,2213.39990234375,2210.0,2213.39990234375,3955
2026-07-22 04:18:00,2209.10009765625,2209.10009765625,2210.5,2208.5,2209.300048828125,2220
2026-07-22 04:19:00,2207.699951171875,2207.699951171875,2209.5,2207.699951171875,2209.0,2752
2026-07-22 04:20:00,2209.89990234375,2209.89990234375,2209.89990234375,2207.60009765625,2207.89990234375,4221
2026-07-22 04:21:00,2211.699951171875,2211.699951171875,2211.699951171875,2209.5,2210.0,5951
2026-07-22 04:22:00,2212.0,2212.0,2212.0,2211.0,2211.199951171875,1585
2026-07-22 04:23:00,2210.10009765625,2210.10009765625,2212.300048828125,2210.10009765625,2212.0,3455
2026-07-22 04:24:00,2209.0,2209.0,2210.10009765625,2208.10009765625,2210.0,2152
2026-07-22 04:25:00,2210.10009765625,2210.10009765625,2210.699951171875,2208.89990234375,2209.10009765625,1336
2026-07-22 04:26:00,2209.300048828125,2209.300048828125,2211.0,2209.300048828125,2210.800048828125,2721
2026-07-22 04:27:00,2211.10009765625,2211.10009765625,2211.5,2208.10009765625,2208.10009765625,2015
2026-07-22 04:28:00,2213.199951171875,2213.199951171875,2213.60009765625,2211.60009765625,2211.60009765625,2288
2026-07-22 04:29:00,2213.800048828125,2213.800048828125,2215.89990234375,2212.60009765625,2213.300048828125,8252
2026-07-22 04:30:00,2212.699951171875,2212.699951171875,2214.89990234375,2212.699951171875,2213.800048828125,2440
2026-07-22 04:31:00,2211.199951171875,2211.199951171875,2213.39990234375,2211.0,2212.800048828125,2718
2026-07-22 04:32:00,2211.699951171875,2211.699951171875,2212.300048828125,2210.10009765625,2212.0,3269
2026-07-22 04:33:00,2210.5,2210.5,2212.0,2210.0,2211.60009765625,1208
2026-07-22 04:34:00,2212.39990234375,2212.39990234375,2213.10009765625,2210.199951171875,2211.89990234375,4311
2026-07-22 04:35:00,2217.0,2217.0,2217.60009765625,2213.10009765625,2213.199951171875,8457
2026-07-22 04:36:00,2219.800048828125,2219.800048828125,2219.800048828125,2216.800048828125,2217.800048828125,7740
2026-07-22 04:37:00,2220.39990234375,2220.39990234375,2221.39990234375,2218.199951171875,2219.0,7620
2026-07-22 04:38:00,2219.39990234375,2219.39990234375,2221.39990234375,2218.89990234375,2220.199951171875,6771
2026-07-22 04:39:00,2217.89990234375,2217.89990234375,2219.5,2217.199951171875,2219.5,2638
2026-07-22 04:40:00,2218.0,2218.0,2218.5,2217.5,2217.89990234375,2618
2026-07-22 04:41:00,2217.5,2217.5,2218.0,2217.10009765625,2217.89990234375,2365
2026-07-22 04:42:00,2216.800048828125,2216.800048828125,2217.39990234375,2216.60009765625,2217.0,3206
2026-07-22 04:43:00,2216.800048828125,2216.800048828125,2217.199951171875,2216.0,2216.800048828125,1876
2026-07-22 04:44:00,2214.5,2214.5,2216.800048828125,2214.5,2216.800048828125,2514
2026-07-22 04:45:00,2214.800048828125,2214.800048828125,2215.10009765625,2214.39990234375,2214.39990234375,1988
2026-07-22 04:46:00,2212.199951171875,2212.199951171875,2214.60009765625,2212.199951171875,2214.39990234375,2461
2026-07-22 04:47:00,2212.10009765625,2212.10009765625,2213.800048828125,2212.0,2212.699951171875,2244
2026-07-22 04:48:00,2213.5,2213.5,2213.800048828125,2212.0,2212.5,2139
2026-07-22 04:49:00,2212.60009765625,2212.60009765625,2213.300048828125,2211.89990234375,2213.199951171875,11413
2026-07-22 04:50:00,2212.10009765625,2212.10009765625,2212.89990234375,2211.699951171875,2212.60009765625,3534
2026-07-22 04:51:00,2213.699951171875,2213.699951171875,2213.699951171875,2211.0,2212.10009765625,2898
2026-07-22 04:52:00,2214.0,2214.0,2214.39990234375,2213.10009765625,2214.0,766
2026-07-22 04:53:00,2211.39990234375,2211.39990234375,2214.39990234375,2210.699951171875,2214.39990234375,10871
2026-07-22 04:54:00,2208.60009765625,2208.60009765625,2212.0,2208.60009765625,2211.300048828125,4316
2026-07-22 04:55:00,2207.39990234375,2207.39990234375,2209.300048828125,2207.10009765625,2209.300048828125,7236
2026-07-22 04:56:00,2203.0,2203.0,2207.5,2201.10009765625,2207.5,34032
2026-07-22 04:57:00,2204.199951171875,2204.199951171875,2205.0,2202.0,2203.89990234375,12417
2026-07-22 04:58:00,2206.39990234375,2206.39990234375,2207.800048828125,2203.300048828125,2203.699951171875,13227
2026-07-22 04:59:00,2206.89990234375,2206.89990234375,2207.89990234375,2206.5,2206.89990234375,1851
2026-07-22 05:00:00,2204.0,2204.0,2207.39990234375,2203.5,2207.39990234375,3144
2026-07-22 05:01:00,2203.60009765625,2203.60009765625,2205.39990234375,2203.39990234375,2203.5,5101
2026-07-22 05:02:00,2203.199951171875,2203.199951171875,2204.39990234375,2203.0,2204.0,8830
2026-07-22 05:03:00,2203.699951171875,2203.699951171875,2203.89990234375,2202.5,2203.5,3454
2026-07-22 05:04:00,2201.5,2201.5,2203.300048828125,2201.10009765625,2203.0,5517
2026-07-22 05:05:00,2202.0,2202.0,2202.0,2201.300048828125,2201.699951171875,1464
2026-07-22 05:06:00,2203.10009765625,2203.10009765625,2203.89990234375,2201.60009765625,2202.0,2419
2026-07-22 05:07:00,2202.800048828125,2202.800048828125,2204.5,2202.0,2202.800048828125,1634
2026-07-22 05:08:00,2202.800048828125,2202.800048828125,2203.10009765625,2202.0,2202.5,1579
2026-07-22 05:09:00,2203.10009765625,2203.10009765625,2204.0,2202.0,2202.60009765625,8192
2026-07-22 05:10:00,2203.0,2203.0,2204.10009765625,2203.0,2203.0,1512
2026-07-22 05:11:00,2204.5,2204.5,2205.0,2202.89990234375,2203.39990234375,2800
2026-07-22 05:12:00,2203.699951171875,2203.699951171875,2205.0,2203.10009765625,2204.5,2196
2026-07-22 05:13:00,2204.199951171875,2204.199951171875,2204.800048828125,2203.39990234375,2203.800048828125,584
2026-07-22 05:14:00,2203.0,2203.0,2204.10009765625,2203.0,2203.89990234375,2421
2026-07-22 05:15:00,2203.89990234375,2203.89990234375,2203.89990234375,2202.39990234375,2203.0,1739
2026-07-22 05:16:00,2205.89990234375,2205.89990234375,2206.199951171875,2204.800048828125,2205.800048828125,6938
2026-07-22 05:17:00,2204.10009765625,2204.10009765625,2206.199951171875,2203.300048828125,2206.199951171875,2071
2026-07-22 05:18:00,2203.699951171875,2203.699951171875,2205.60009765625,2203.199951171875,2204.10009765625,2933
2026-07-22 05:19:00,2204.699951171875,2204.699951171875,2205.60009765625,2203.199951171875,2204.60009765625,4066
2026-07-22 05:20:00,2205.300048828125,2205.300048828125,2205.5,2204.39990234375,2205.0,916
2026-07-22 05:21:00,2209.10009765625,2209.10009765625,2209.10009765625,2204.699951171875,2205.39990234375,9680
2026-07-22 05:22:00,2209.199951171875,2209.199951171875,2209.300048828125,2208.10009765625,2209.300048828125,2040
2026-07-22 05:23:00,2209.199951171875,2209.199951171875,2210.699951171875,2209.199951171875,2209.199951171875,20750
2026-07-22 05:24:00,2211.39990234375,2211.39990234375,2211.39990234375,2209.5,2210.5,4391
2026-07-22 05:25:00,2214.10009765625,2214.10009765625,2214.89990234375,2211.199951171875,2211.60009765625,13089
2026-07-22 05:26:00,2214.300048828125,2214.300048828125,2215.89990234375,2214.10009765625,2214.89990234375,11464
2026-07-22 05:27:00,2213.89990234375,2213.89990234375,2215.0,2213.10009765625,2214.800048828125,2571
2026-07-22 05:28:00,2215.5,2215.5,2215.800048828125,2213.60009765625,2214.0,6643
2026-07-22 05:29:00,2218.39990234375,2218.39990234375,2218.39990234375,2214.89990234375,2214.89990234375,33505
2026-07-22 05:30:00,2215.5,2215.5,2218.5,2215.300048828125,2218.0,18397
2026-07-22 05:31:00,2216.0,2216.0,2217.800048828125,2215.10009765625,2216.800048828125,10051
2026-07-22 05:32:00,2217.89990234375,2217.89990234375,2218.10009765625,2215.60009765625,2216.5,6311
2026-07-22 05:33:00,2215.10009765625,2215.10009765625,2217.89990234375,2215.10009765625,2217.89990234375,3175
2026-07-22 05:34:00,2213.699951171875,2213.699951171875,2215.5,2212.300048828125,2215.5,101344
2026-07-22 05:35:00,2213.60009765625,2213.60009765625,2213.89990234375,2212.699951171875,2213.699951171875,4553
2026-07-22 05:36:00,2215.5,2215.5,2215.5,2213.0,2213.0,8839
2026-07-22 05:37:00,2214.800048828125,2214.800048828125,2216.0,2214.300048828125,2215.5,2315
2026-07-22 05:38:00,2214.89990234375,2214.89990234375,2215.39990234375,2214.699951171875,2214.89990234375,1189
2026-07-22 05:39:00,2215.5,2215.5,2215.5,2214.89990234375,2214.89990234375,2260
2026-07-22 05:40:00,2215.0,2215.0,2216.0,2214.89990234375,2216.0,1799
2026-07-22 05:41:00,2215.89990234375,2215.89990234375,2216.5,2215.199951171875,2215.699951171875,3985
2026-07-22 05:42:00,2214.10009765625,2214.10009765625,2215.39990234375,2214.0,2215.39990234375,530
2026-07-22 05:43:00,2214.0,2214.0,2214.699951171875,2213.699951171875,2214.60009765625,4662
2026-07-22 05:44:00,2213.199951171875,2213.199951171875,2214.0,2213.199951171875,2214.0,674
2026-07-22 05:45:00,2213.199951171875,2213.199951171875,2214.0,2213.199951171875,2213.199951171875,1500
2026-07-22 05:46:00,2212.0,2212.0,2213.39990234375,2212.0,2213.39990234375,3655
2026-07-22 05:47:00,2212.39990234375,2212.39990234375,2213.0,2212.0,2212.60009765625,446
2026-07-22 05:48:00,2214.60009765625,2214.60009765625,2214.60009765625,2212.39990234375,2212.39990234375,3904
2026-07-22 05:49:00,2215.60009765625,2215.60009765625,2215.60009765625,2214.0,2215.199951171875,3102
2026-07-22 05:50:00,2215.0,2215.0,2215.89990234375,2215.0,2215.89990234375,612
2026-07-22 05:51:00,2216.60009765625,2216.60009765625,2216.89990234375,2215.0,2215.0,2597
2026-07-22 05:52:00,2216.5,2216.5,2217.89990234375,2216.5,2216.60009765625,7771
2026-07-22 05:53:00,2219.699951171875,2219.699951171875,2219.699951171875,2217.0,2217.39990234375,5156
2026-07-22 05:54:00,2219.0,2219.0,2219.5,2219.0,2219.0,1120
2026-07-22 05:55:00,2220.10009765625,2220.10009765625,2220.300048828125,2219.5,2219.5,11131
2026-07-22 05:56:00,2219.800048828125,2219.800048828125,2219.800048828125,2219.300048828125,2219.300048828125,2178
2026-07-22 05:57:00,2220.10009765625,2220.10009765625,2220.5,2219.699951171875,2219.800048828125,1447
2026-07-22 05:58:00,2220.60009765625,2220.60009765625,2220.89990234375,2220.39990234375,2220.39990234375,2483
2026-07-22 05:59:00,2220.39990234375,2220.39990234375,2220.89990234375,2220.10009765625,2220.60009765625,2884
2026-07-22 06:00:00,2221.89990234375,2221.89990234375,2222.699951171875,2220.39990234375,2220.39990234375,11770
2026-07-22 06:01:00,2220.39990234375,2220.39990234375,2222.699951171875,2220.39990234375,2222.0,2238
2026-07-22 06:02:00,2220.39990234375,2220.39990234375,2221.300048828125,2219.800048828125,2220.89990234375,4665
2026-07-22 06:03:00,2221.699951171875,2221.699951171875,2222.5,2220.800048828125,2221.0,2885
2026-07-22 06:04:00,2222.5,2222.5,2222.5,2221.10009765625,2221.699951171875,2822
2026-07-22 06:05:00,2222.300048828125,2222.300048828125,2222.5,2222.0,2222.5,2802
2026-07-22 06:06:00,2221.699951171875,2221.699951171875,2222.199951171875,2221.0,2221.39990234375,1694
2026-07-22 06:07:00,2220.10009765625,2220.10009765625,2221.800048828125,2220.10009765625,2221.5,1114
2026-07-22 06:08:00,2219.39990234375,2219.39990234375,2220.800048828125,2218.699951171875,2220.699951171875,3154
2026-07-22 06:09:00,2221.39990234375,2221.39990234375,2221.5,2219.199951171875,2220.0,1892
2026-07-22 06:10:00,2220.300048828125,2220.300048828125,2221.5,2220.0,2221.5,898
2026-07-22 06:11:00,2221.39990234375,2221.39990234375,2221.699951171875,2220.0,2220.300048828125,2878
2026-07-22 06:12:00,2223.5,2223.5,2223.5,2222.0,2222.199951171875,4591
2026-07-22 06:13:00,2224.300048828125,2224.300048828125,2226.60009765625,2224.0,2224.0,12949
2026-07-22 06:14:00,2224.0,2224.0,2224.89990234375,2223.199951171875,2224.89990234375,2438
2026-07-22 06:15:00,2226.300048828125,2226.300048828125,2226.800048828125,2224.5,2225.0,6020
2026-07-22 06:16:00,2224.5,2224.5,2226.0,2223.699951171875,2226.0,1611
2026-07-22 06:17:00,2224.0,2224.0,2225.300048828125,2223.699951171875,2225.10009765625,1893
2026-07-22 06:18:00,2225.0,2225.0,2225.300048828125,2224.0,2224.0,4315
2026-07-22 06:19:00,2225.89990234375,2225.89990234375,2226.0,2224.0,2225.0,2507
2026-07-22 06:20:00,2224.0,2224.0,2225.89990234375,2223.60009765625,2225.89990234375,1770
2026-07-22 06:21:00,2223.300048828125,2223.300048828125,2224.5,2222.800048828125,2224.5,1968
2026-07-22 06:22:00,2224.0,2224.0,2224.89990234375,2223.300048828125,2223.300048828125,1498
2026-07-22 06:23:00,2224.60009765625,2224.60009765625,2225.0,2224.0,2224.60009765625,1268
2026-07-22 06:24:00,2222.199951171875,2222.199951171875,2224.5,2222.199951171875,2224.5,2713
2026-07-22 06:25:00,2223.199951171875,2223.199951171875,2223.300048828125,2222.199951171875,2222.5,1544
2026-07-22 06:26:00,2222.39990234375,2222.39990234375,2223.199951171875,2222.0,2223.199951171875,1415
2026-07-22 06:27:00,2221.5,2221.5,2222.39990234375,2221.199951171875,2222.39990234375,2108
2026-07-22 06:28:00,2221.5,2221.5,2221.89990234375,2221.300048828125,2221.300048828125,1457
2026-07-22 06:29:00,2222.39990234375,2222.39990234375,2222.39990234375,2221.199951171875,2221.699951171875,3992
2026-07-22 06:30:00,2221.39990234375,2221.39990234375,2223.0,2221.39990234375,2222.699951171875,3279
2026-07-22 06:31:00,2221.10009765625,2221.10009765625,2222.0,2221.0,2222.0,1767
2026-07-22 06:32:00,2221.60009765625,2221.60009765625,2221.60009765625,2220.10009765625,2221.60009765625,1480
2026-07-22 06:33:00,2220.89990234375,2220.89990234375,2221.10009765625,2220.0,2221.0,3553
2026-07-22 06:34:00,2221.39990234375,2221.39990234375,2221.800048828125,2220.10009765625,2220.800048828125,1636
2026-07-22 06:35:00,2220.60009765625,2220.60009765625,2221.5,2220.60009765625,2220.699951171875,1434
2026-07-22 06:36:00,2220.89990234375,2220.89990234375,2221.10009765625,2220.0,2220.800048828125,4015
2026-07-22 06:37:00,2220.89990234375,2220.89990234375,2221.5,2220.300048828125,2221.10009765625,1117
2026-07-22 06:38:00,2221.5,2221.5,2222.0,2221.0,2221.0,526
2026-07-22 06:39:00,2220.800048828125,2220.800048828125,2221.300048828125,2220.800048828125,2221.300048828125,2214
2026-07-22 06:40:00,2220.800048828125,2220.800048828125,2221.0,2220.0,2220.0,1611
2026-07-22 06:41:00,2221.39990234375,2221.39990234375,2221.5,2221.0,2221.199951171875,2461
2026-07-22 06:42:00,2221.60009765625,2221.60009765625,2222.0,2221.199951171875,2222.0,935
2026-07-22 06:43:00,2220.60009765625,2220.60009765625,2221.699951171875,2220.5,2221.60009765625,2134
2026-07-22 06:44:00,2220.89990234375,2220.89990234375,2221.60009765625,2220.60009765625,2221.199951171875,815
2026-07-22 06:45:00,2223.300048828125,2223.300048828125,2223.89990234375,2220.60009765625,2221.300048828125,4325
2026-07-22 06:46:00,2224.0,2224.0,2224.0,2223.300048828125,2223.5,2034
2026-07-22 06:47:00,2223.699951171875,2223.699951171875,2224.0,2223.699951171875,2224.0,1548
2026-07-22 06:48:00,2221.10009765625,2221.10009765625,2224.0,2221.10009765625,2224.0,2058
2026-07-22 06:49:00,2219.300048828125,2219.300048828125,2221.0,2219.300048828125,2221.0,2751
2026-07-22 06:50:00,2217.60009765625,2217.60009765625,2218.39990234375,2215.300048828125,2217.800048828125,10026
2026-07-22 06:51:00,2217.10009765625,2217.10009765625,2218.0,2216.0,2217.800048828125,2157
2026-07-22 06:52:00,2215.0,2215.0,2217.0,2215.0,2217.0,2933
2026-07-22 06:53:00,2215.800048828125,2215.800048828125,2215.800048828125,2214.300048828125,2215.199951171875,2010
2026-07-22 06:54:00,2215.39990234375,2215.39990234375,2215.89990234375,2215.0,2215.0,2796
2026-07-22 06:55:00,2215.60009765625,2215.60009765625,2216.5,2215.5,2215.89990234375,618
2026-07-22 06:56:00,2215.60009765625,2215.60009765625,2215.699951171875,2215.0,2215.199951171875,1239
2026-07-22 06:57:00,2215.5,2215.5,2216.199951171875,2215.10009765625,2215.10009765625,871
2026-07-22 06:58:00,2215.0,2215.0,2215.60009765625,2215.0,2215.5,721
2026-07-22 06:59:00,2214.5,2214.5,2215.10009765625,2214.0,2215.10009765625,5648
2026-07-22 07:00:00,2216.5,2216.5,2216.5,2214.5,2215.5,2330
2026-07-22 07:01:00,2215.10009765625,2215.10009765625,2216.5,2215.0,2215.89990234375,856
2026-07-22 07:02:00,2214.5,2214.5,2215.5,2214.39990234375,2215.5,2485
2026-07-22 07:03:00,2214.39990234375,2214.39990234375,2215.0,2214.39990234375,2215.0,507
2026-07-22 07:04:00,2215.10009765625,2215.10009765625,2215.10009765625,2214.0,2214.10009765625,2905
2026-07-22 07:05:00,2214.300048828125,2214.300048828125,2215.0,2214.199951171875,2214.800048828125,965
2026-07-22 07:06:00,2213.39990234375,2213.39990234375,2215.300048828125,2213.10009765625,2214.800048828125,2280
2026-07-22 07:07:00,2213.10009765625,2213.10009765625,2213.800048828125,2213.10009765625,2213.5,1007
2026-07-22 07:08:00,2212.0,2212.0,2213.800048828125,2212.0,2213.39990234375,3661
2026-07-22 07:09:00,2213.199951171875,2213.199951171875,2213.800048828125,2212.0,2212.0,1793
2026-07-22 07:10:00,2213.0,2213.0,2213.199951171875,2212.10009765625,2213.199951171875,2683
2026-07-22 07:11:00,2211.5,2211.5,2213.0,2211.5,2212.300048828125,2444
2026-07-22 07:12:00,2211.5,2211.5,2213.5,2210.89990234375,2211.89990234375,3331
2026-07-22 07:13:00,2211.0,2211.0,2211.39990234375,2210.10009765625,2211.199951171875,2106
2026-07-22 07:14:00,2210.89990234375,2210.89990234375,2210.89990234375,2210.199951171875,2210.699951171875,2345
2026-07-22 07:15:00,2210.800048828125,2210.800048828125,2211.5,2210.5,2211.199951171875,2602
2026-07-22 07:16:00,2210.800048828125,2210.800048828125,2211.60009765625,2210.5,2210.5,2240
2026-07-22 07:17:00,2211.0,2211.0,2211.199951171875,2210.89990234375,2211.199951171875,268
2026-07-22 07:18:00,2211.800048828125,2211.800048828125,2212.800048828125,2211.60009765625,2212.5,1576
2026-07-22 07:19:00,2210.39990234375,2210.39990234375,2212.300048828125,2210.39990234375,2211.89990234375,2880
2026-07-22 07:20:00,2212.300048828125,2212.300048828125,2212.699951171875,2210.39990234375,2211.300048828125,1200
2026-07-22 07:21:00,2211.800048828125,2211.800048828125,2212.699951171875,2211.0,2212.300048828125,2143
2026-07-22 07:22:00,2209.0,2209.0,2211.89990234375,2209.0,2211.699951171875,6286
2026-07-22 07:23:00,2208.39990234375,2208.39990234375,2209.39990234375,2207.699951171875,2209.39990234375,4694
2026-07-22 07:24:00,2208.5,2208.5,2208.60009765625,2207.800048828125,2208.300048828125,2054
2026-07-22 07:25:00,2207.0,2207.0,2208.39990234375,2207.0,2207.699951171875,3242
2026-07-22 07:26:00,2206.0,2206.0,2207.39990234375,2206.0,2207.39990234375,1886
2026-07-22 07:27:00,2208.0,2208.0,2208.0,2206.0,2206.0,2997
2026-07-22 07:28:00,2207.39990234375,2207.39990234375,2209.0,2207.39990234375,2208.0,1387
2026-07-22 07:29:00,2206.39990234375,2206.39990234375,2207.60009765625,2205.39990234375,2207.60009765625,1429
2026-07-22 07:30:00,2205.10009765625,2205.10009765625,2206.60009765625,2205.10009765625,2206.5,1390
2026-07-22 07:31:00,2205.10009765625,2205.10009765625,2206.0,2205.10009765625,2205.60009765625,1763
2026-07-22 07:32:00,2205.39990234375,2205.39990234375,2205.60009765625,2205.0,2205.300048828125,917
2026-07-22 07:33:00,2205.0,2205.0,2205.60009765625,2205.0,2205.5,1102
2026-07-22 07:34:00,2204.5,2204.5,2205.39990234375,2204.0,2205.0,4039
2026-07-22 07:35:00,2204.699951171875,2204.699951171875,2205.0,2204.39990234375,2204.800048828125,871
2026-07-22 07:36:00,2205.5,2205.5,2205.800048828125,2204.699951171875,2204.89990234375,1613
2026-07-22 07:37:00,2205.0,2205.0,2205.5,2205.0,2205.10009765625,1013
2026-07-22 07:38:00,2205.39990234375,2205.39990234375,2206.0,2205.0,2205.300048828125,877
2026-07-22 07:39:00,2205.10009765625,2205.10009765625,2205.39990234375,2205.0,2205.39990234375,1539
2026-07-22 07:40:00,2205.10009765625,2205.10009765625,2205.199951171875,2205.0,2205.0,764
2026-07-22 07:41:00,2204.89990234375,2204.89990234375,2205.39990234375,2204.800048828125,2205.10009765625,2840
2026-07-22 07:42:00,2206.60009765625,2206.60009765625,2206.60009765625,2204.0,2204.39990234375,3466
2026-07-22 07:43:00,2204.60009765625,2204.60009765625,2206.10009765625,2204.39990234375,2205.800048828125,1360
2026-07-22 07:44:00,2205.0,2205.0,2205.10009765625,2204.39990234375,2205.10009765625,976
2026-07-22 07:45:00,2205.199951171875,2205.199951171875,2205.800048828125,2204.699951171875,2204.699951171875,1574
2026-07-22 07:46:00,2206.5,2206.5,2206.89990234375,2205.10009765625,2205.800048828125,1666
2026-07-22 07:47:00,2206.0,2206.0,2206.800048828125,2206.0,2206.10009765625,776
2026-07-22 07:48:00,2206.60009765625,2206.60009765625,2206.699951171875,2206.0,2206.5,687
2026-07-22 07:49:00,2206.10009765625,2206.10009765625,2207.39990234375,2206.10009765625,2206.800048828125,4340
2026-07-22 07:50:00,2207.5,2207.5,2207.5,2206.0,2206.39990234375,3685
2026-07-22 07:51:00,2206.0,2206.0,2207.60009765625,2206.0,2207.60009765625,1713
2026-07-22 07:52:00,2205.89990234375,2205.89990234375,2206.199951171875,2204.39990234375,2205.39990234375,3547
2026-07-22 07:53:00,2205.300048828125,2205.300048828125,2206.39990234375,2205.0,2206.39990234375,858
2026-07-22 07:54:00,2205.0,2205.0,2205.5,2205.0,2205.0,553
2026-07-22 07:55:00,2204.300048828125,2204.300048828125,2205.0,2204.300048828125,2204.699951171875,832
2026-07-22 07:56:00,2205.60009765625,2205.60009765625,2205.699951171875,2204.39990234375,2204.89990234375,1396
2026-07-22 07:57:00,2206.5,2206.5,2207.10009765625,2205.300048828125,2205.300048828125,1794
2026-07-22 07:58:00,2206.60009765625,2206.60009765625,2207.199951171875,2205.89990234375,2207.0,1269
2026-07-22 07:59:00,2206.300048828125,2206.300048828125,2206.89990234375,2205.60009765625,2206.699951171875,2333
2026-07-22 08:00:00,2206.0,2206.0,2206.199951171875,2205.60009765625,2205.60009765625,829
2026-07-22 08:01:00,2208.300048828125,2208.300048828125,2208.60009765625,2205.89990234375,2205.89990234375,3465
2026-07-22 08:02:00,2208.199951171875,2208.199951171875,2209.0,2208.0,2209.0,3801
2026-07-22 08:03:00,2208.5,2208.5,2209.39990234375,2208.0,2209.0,1944
2026-07-22 08:04:00,2208.5,2208.5,2208.800048828125,2208.199951171875,2208.199951171875,767
2026-07-22 08:05:00,2211.5,2211.5,2211.5,2208.0,2208.0,3016
2026-07-22 08:06:00,2210.0,2210.0,2211.0,2209.5,2209.800048828125,2814
2026-07-22 08:07:00,2210.60009765625,2210.60009765625,2211.0,2209.39990234375,2210.300048828125,572
2026-07-22 08:08:00,2208.5,2208.5,2210.89990234375,2208.5,2210.89990234375,1505
2026-07-22 08:09:00,2209.60009765625,2209.60009765625,2209.60009765625,2208.5,2208.5,2201
2026-07-22 08:10:00,2208.800048828125,2208.800048828125,2209.60009765625,2208.5,2208.5,1370
2026-07-22 08:11:00,2208.60009765625,2208.60009765625,2209.5,2208.60009765625,2208.89990234375,804
2026-07-22 08:12:00,2207.800048828125,2207.800048828125,2208.0,2206.5,2208.0,4382
2026-07-22 08:13:00,2209.0,2209.0,2209.89990234375,2208.60009765625,2208.699951171875,560
2026-07-22 08:14:00,2209.199951171875,2209.199951171875,2210.300048828125,2208.800048828125,2208.800048828125,612
2026-07-22 08:15:00,2208.10009765625,2208.10009765625,2209.699951171875,2208.10009765625,2209.699951171875,646
2026-07-22 08:16:00,2208.199951171875,2208.199951171875,2208.5,2208.0,2208.5,742
2026-07-22 08:17:00,2209.0,2209.0,2209.0,2208.0,2208.5,663
2026-07-22 08:18:00,2209.0,2209.0,2209.0,2208.5,2208.89990234375,2104
2026-07-22 08:19:00,2208.39990234375,2208.39990234375,2209.10009765625,2208.39990234375,2209.0,673
2026-07-22 08:20:00,2208.300048828125,2208.300048828125,2209.10009765625,2208.0,2208.199951171875,1112
2026-07-22 08:21:00,2207.800048828125,2207.800048828125,2209.10009765625,2207.699951171875,2208.800048828125,1317
2026-07-22 08:22:00,2207.199951171875,2207.199951171875,2208.199951171875,2207.199951171875,2208.0,488
2026-07-22 08:23:00,2207.5,2207.5,2208.5,2207.10009765625,2208.0,1476
2026-07-22 08:24:00,2207.300048828125,2207.300048828125,2208.10009765625,2207.300048828125,2207.5,1307
2026-07-22 08:25:00,2207.60009765625,2207.60009765625,2207.89990234375,2207.0,2207.300048828125,1155
2026-07-22 08:26:00,2207.39990234375,2207.39990234375,2208.39990234375,2207.0,2208.0,725
2026-07-22 08:27:00,2206.60009765625,2206.60009765625,2207.89990234375,2206.199951171875,2207.39990234375,1067
2026-07-22 08:28:00,2207.0,2207.0,2207.0,2206.0,2206.0,655
2026-07-22 08:29:00,2207.0,2207.0,2207.0,2206.300048828125,2206.89990234375,514
2026-07-22 08:30:00,2205.60009765625,2205.60009765625,2206.0,2205.60009765625,2206.0,1206
2026-07-22 08:31:00,2206.0,2206.0,2206.699951171875,2205.60009765625,2205.60009765625,1462
2026-07-22 08:32:00,2207.800048828125,2207.800048828125,2207.800048828125,2206.39990234375,2206.39990234375,1144
2026-07-22 08:33:00,2208.0,2208.0,2208.699951171875,2207.699951171875,2207.89990234375,399
2026-07-22 08:34:00,2207.699951171875,2207.699951171875,2208.89990234375,2207.699951171875,2208.0,880
2026-07-22 08:35:00,2208.39990234375,2208.39990234375,2209.199951171875,2207.60009765625,2208.39990234375,2820
2026-07-22 08:36:00,2207.89990234375,2207.89990234375,2209.10009765625,2207.39990234375,2209.0,518
2026-07-22 08:37:00,2207.10009765625,2207.10009765625,2208.300048828125,2207.10009765625,2208.199951171875,679
2026-07-22 08:38:00,2208.800048828125,2208.800048828125,2209.10009765625,2207.5,2207.60009765625,10612
2026-07-22 08:39:00,2208.5,2208.5,2209.5,2207.89990234375,2209.5,1917
2026-07-22 08:40:00,2208.0,2208.0,2208.5,2207.5,2208.300048828125,708
2026-07-22 08:41:00,2209.5,2209.5,2209.800048828125,2208.5,2208.5,2543
2026-07-22 08:42:00,2208.39990234375,2208.39990234375,2209.300048828125,2208.0,2209.199951171875,1207
2026-07-22 08:43:00,2208.800048828125,2208.800048828125,2209.800048828125,2208.300048828125,2208.89990234375,1586
2026-07-22 08:44:00,2209.300048828125,2209.300048828125,2209.300048828125,2208.5,2208.60009765625,2919
2026-07-22 08:45:00,2209.5,2209.5,2209.5,2208.60009765625,2209.0,2526
2026-07-22 08:46:00,2210.0,2210.0,2210.0,2209.0,2209.5,4273
2026-07-22 08:47:00,2209.89990234375,2209.89990234375,2211.0,2209.89990234375,2211.0,2718
2026-07-22 08:48:00,2209.10009765625,2209.10009765625,2210.89990234375,2209.10009765625,2209.699951171875,1602
2026-07-22 08:49:00,2208.10009765625,2208.10009765625,2209.5,2208.10009765625,2209.300048828125,1396
2026-07-22 08:50:00,2208.800048828125,2208.800048828125,2209.0,2207.800048828125,2208.89990234375,860
2026-07-22 08:51:00,2208.0,2208.0,2209.0,2207.0,2209.0,1144
2026-07-22 08:52:00,2209.60009765625,2209.60009765625,2210.0,2208.89990234375,2209.0,1436
2026-07-22 08:53:00,2209.10009765625,2209.10009765625,2209.800048828125,2208.60009765625,2209.800048828125,784
2026-07-22 08:54:00,2208.89990234375,2208.89990234375,2209.199951171875,2208.0,2208.5,691
2026-07-22 08:55:00,2208.800048828125,2208.800048828125,2208.89990234375,2208.0,2208.89990234375,606
2026-07-22 08:56:00,2208.0,2208.0,2208.5,2208.0,2208.5,1007
2026-07-22 08:57:00,2208.5,2208.5,2208.89990234375,2208.0,2208.5,855
2026-07-22 08:58:00,2208.39990234375,2208.39990234375,2210.0,2208.300048828125,2208.300048828125,1277
2026-07-22 08:59:00,2208.0,2208.0,2209.0,2208.0,2208.5,646
2026-07-22 09:00:00,2207.10009765625,2207.10009765625,2208.699951171875,2207.10009765625,2208.5,10555
2026-07-22 09:01:00,2207.699951171875,2207.699951171875,2207.699951171875,2207.199951171875,2207.699951171875,680
2026-07-22 09:02:00,2207.60009765625,2207.60009765625,2207.89990234375,2207.10009765625,2207.5,1897
2026-07-22 09:03:00,2207.800048828125,2207.800048828125,2208.39990234375,2207.199951171875,2207.699951171875,1094
2026-07-22 09:04:00,2208.300048828125,2208.300048828125,2209.800048828125,2208.199951171875,2208.39990234375,1851
2026-07-22 09:05:00,2209.0,2209.0,2209.800048828125,2209.0,2209.10009765625,741
2026-07-22 09:06:00,2210.0,2210.0,2210.199951171875,2209.300048828125,2209.60009765625,1819
2026-07-22 09:07:00,2209.10009765625,2209.10009765625,2209.89990234375,2209.0,2209.89990234375,2817
2026-07-22 09:08:00,2209.800048828125,2209.800048828125,2210.0,2209.5,2209.800048828125,1792
2026-07-22 09:09:00,2208.199951171875,2208.199951171875,2209.300048828125,2208.199951171875,2209.10009765625,2496
2026-07-22 09:10:00,2208.10009765625,2208.10009765625,2209.0,2208.10009765625,2208.5,2155
2026-07-22 09:11:00,2208.5,2208.5,2208.800048828125,2208.0,2208.300048828125,1941
2026-07-22 09:12:00,2208.0,2208.0,2208.39990234375,2207.300048828125,2208.199951171875,2171
2026-07-22 09:13:00,2209.10009765625,2209.10009765625,2210.199951171875,2208.0,2208.0,8377
2026-07-22 09:14:00,2208.10009765625,2208.10009765625,2209.10009765625,2208.10009765625,2209.0,2793
2026-07-22 09:15:00,2208.0,2208.0,2208.800048828125,2208.0,2208.39990234375,2148
2026-07-22 09:16:00,2208.800048828125,2208.800048828125,2208.89990234375,2207.89990234375,2208.10009765625,2020
2026-07-22 09:17:00,2209.0,2209.0,2209.300048828125,2207.699951171875,2208.10009765625,3067
2026-07-22 09:18:00,2207.300048828125,2207.300048828125,2208.699951171875,2207.300048828125,2208.699951171875,2925
2026-07-22 09:19:00,2207.89990234375,2207.89990234375,2208.699951171875,2207.5,2208.10009765625,1611
2026-07-22 09:20:00,2207.699951171875,2207.699951171875,2207.89990234375,2207.0,2207.5,3098
2026-07-22 09:21:00,2208.0,2208.0,2208.5,2207.39990234375,2208.5,1049
2026-07-22 09:22:00,2208.0,2208.0,2208.0,2207.60009765625,2207.800048828125,1770
2026-07-22 09:23:00,2207.10009765625,2207.10009765625,2208.0,2206.699951171875,2207.699951171875,4345
2026-07-22 09:24:00,2208.39990234375,2208.39990234375,2209.0,2206.5,2206.89990234375,4024
2026-07-22 09:25:00,2208.0,2208.0,2208.60009765625,2208.0,2208.39990234375,2197
2026-07-22 09:26:00,2207.10009765625,2207.10009765625,2207.89990234375,2207.10009765625,2207.89990234375,2257
2026-07-22 09:27:00,2206.5,2206.5,2207.39990234375,2206.5,2207.0,3335
2026-07-22 09:28:00,2208.800048828125,2208.800048828125,2209.0,2207.0,2207.10009765625,2103
2026-07-22 09:29:00,2209.60009765625,2209.60009765625,2209.89990234375,2207.89990234375,2208.89990234375,2129
2026-07-22 09:30:00,2211.300048828125,2211.300048828125,2212.0,2209.300048828125,2209.300048828125,8252
2026-07-22 09:31:00,2210.39990234375,2210.39990234375,2211.300048828125,2209.699951171875,2211.300048828125,5889
2026-07-22 09:32:00,2210.10009765625,2210.10009765625,2210.39990234375,2210.10009765625,2210.199951171875,3361
2026-07-22 09:33:00,2210.0,2210.0,2210.39990234375,2209.60009765625,2210.300048828125,5482
2026-07-22 09:34:00,2209.39990234375,2209.39990234375,2210.10009765625,2209.39990234375,2210.0,3256
2026-07-22 09:35:00,2209.60009765625,2209.60009765625,2209.800048828125,2208.699951171875,2208.800048828125,8431
2026-07-22 09:36:00,2210.300048828125,2210.300048828125,2211.300048828125,2210.300048828125,2210.5,5924
2026-07-22 09:37:00,2210.300048828125,2210.300048828125,2210.300048828125,2209.60009765625,2210.10009765625,4819
2026-07-22 09:38:00,2210.199951171875,2210.199951171875,2210.5,2209.5,2210.5,5782
2026-07-22 09:39:00,2207.60009765625,2207.60009765625,2210.10009765625,2207.60009765625,2210.10009765625,21274
2026-07-22 09:40:00,2208.5,2208.5,2208.89990234375,2207.199951171875,2207.800048828125,13981
2026-07-22 09:41:00,2207.60009765625,2207.60009765625,2208.5,2207.5,2208.5,4459
2026-07-22 09:42:00,2208.39990234375,2208.39990234375,2208.39990234375,2207.5,2207.699951171875,5433
2026-07-22 09:43:00,2209.5,2209.5,2209.699951171875,2209.10009765625,2209.10009765625,7444
2026-07-22 09:44:00,2209.199951171875,2209.199951171875,2210.0,2209.10009765625,2209.699951171875,7401
2026-07-22 09:45:00,2207.60009765625,2207.60009765625,2209.199951171875,2207.300048828125,2209.199951171875,5668
2026-07-22 09:46:00,2207.60009765625,2207.60009765625,2207.800048828125,2207.60009765625,2207.800048828125,4154
2026-07-22 09:47:00,2207.199951171875,2207.199951171875,2207.60009765625,2207.199951171875,2207.60009765625,5752
2026-07-22 09:48:00,2206.800048828125,2206.800048828125,2207.5,2206.60009765625,2207.300048828125,10686
2026-07-22 09:49:00,2206.89990234375,2206.89990234375,2206.89990234375,2206.39990234375,2206.5,4212
2026-07-22 09:50:00,2207.199951171875,2207.199951171875,2207.300048828125,2206.800048828125,2206.89990234375,13122
2026-07-22 09:51:00,2207.39990234375,2207.39990234375,2207.60009765625,2207.0,2207.300048828125,7042
2026-07-22 09:52:00,2207.0,2207.0,2207.10009765625,2206.300048828125,2207.10009765625,6708
2026-07-22 09:53:00,2206.5,2206.5,2207.199951171875,2206.199951171875,2206.800048828125,8368
2026-07-22 09:54:00,2208.39990234375,2208.39990234375,2208.39990234375,2206.60009765625,2206.60009765625,15824
2026-07-22 09:55:00,2208.800048828125,2208.800048828125,2209.0,2207.5,2207.5,13658
2026-07-22 09:56:00,2208.300048828125,2208.300048828125,2209.0,2208.199951171875,2209.0,9096
2026-07-22 09:57:00,2207.89990234375,2207.89990234375,2208.5,2207.89990234375,2208.5,9028
2026-07-22 09:58:00,2206.800048828125,2206.800048828125,2208.0,2206.800048828125,2208.0,13383
2026-07-22 09:59:00,2208.300048828125,2208.300048828125,2208.300048828125,2205.800048828125,2207.89990234375,10219
2026-07-23 03:45:00,2207.89990234375,2207.89990234375,2209.300048828125,2201.89990234375,2204.0,0
2026-07-23 03:46:00,2199.60009765625,2199.60009765625,2210.39990234375,2198.300048828125,2208.0,17349
2026-07-23 03:47:00,2197.10009765625,2197.10009765625,2199.199951171875,2196.0,2197.199951171875,11049
2026-07-23 03:48:00,2199.199951171875,2199.199951171875,2199.199951171875,2193.800048828125,2196.699951171875,14319
2026-07-23 03:49:00,2200.0,2200.0,2202.0,2198.800048828125,2199.10009765625,5188
2026-07-23 03:50:00,2198.699951171875,2198.699951171875,2200.5,2198.39990234375,2200.5,5302
2026-07-23 03:51:00,2198.89990234375,2198.89990234375,2201.0,2198.699951171875,2200.0,5111
2026-07-23 03:52:00,2199.60009765625,2199.60009765625,2199.60009765625,2197.199951171875,2198.89990234375,6616
2026-07-23 03:53:00,2200.0,2200.0,2200.5,2199.39990234375,2200.0,2604
2026-07-23 03:54:00,2202.0,2202.0,2202.5,2201.0,2201.0,6381
2026-07-23 03:55:00,2199.5,2199.5,2202.0,2198.300048828125,2201.89990234375,4286
2026-07-23 03:56:00,2200.10009765625,2200.10009765625,2200.699951171875,2199.10009765625,2200.10009765625,3580
2026-07-23 03:57:00,2200.300048828125,2200.300048828125,2200.300048828125,2199.0,2199.5,3438
2026-07-23 03:58:00,2196.199951171875,2196.199951171875,2200.10009765625,2196.199951171875,2200.10009765625,6816
2026-07-23 03:59:00,2195.0,2195.0,2197.0,2195.0,2196.39990234375,5611
2026-07-23 04:00:00,2198.199951171875,2198.199951171875,2198.39990234375,2194.0,2195.10009765625,4346
2026-07-23 04:01:00,2197.89990234375,2197.89990234375,2199.10009765625,2197.300048828125,2198.199951171875,2181
2026-07-23 04:02:00,2196.60009765625,2196.60009765625,2198.10009765625,2195.0,2197.60009765625,2705
2026-07-23 04:03:00,2195.60009765625,2195.60009765625,2196.699951171875,2195.10009765625,2196.10009765625,1912
2026-07-23 04:04:00,2199.0,2199.0,2199.0,2195.800048828125,2195.89990234375,3960
2026-07-23 04:05:00,2198.300048828125,2198.300048828125,2199.39990234375,2197.5,2198.89990234375,2629
2026-07-23 04:06:00,2198.0,2198.0,2198.5,2196.699951171875,2197.800048828125,3869
2026-07-23 04:07:00,2200.10009765625,2200.10009765625,2200.5,2198.5,2198.5,8078
2026-07-23 04:08:00,2206.0,2206.0,2206.0,2200.60009765625,2200.60009765625,12201
2026-07-23 04:09:00,2206.39990234375,2206.39990234375,2206.800048828125,2203.5,2206.199951171875,7491
2026-07-23 04:10:00,2206.39990234375,2206.39990234375,2207.89990234375,2205.199951171875,2207.0,6463
2026-07-23 04:11:00,2207.39990234375,2207.39990234375,2207.5,2206.10009765625,2206.699951171875,5639
2026-07-23 04:12:00,2206.0,2206.0,2208.0,2206.0,2207.89990234375,2809
2026-07-23 04:13:00,2204.89990234375,2204.89990234375,2206.0,2204.89990234375,2206.0,6171
2026-07-23 04:14:00,2205.699951171875,2205.699951171875,2206.300048828125,2205.0,2205.0,3441
2026-07-23 04:15:00,2208.699951171875,2208.699951171875,2208.699951171875,2206.199951171875,2206.199951171875,5335
2026-07-23 04:16:00,2208.800048828125,2208.800048828125,2210.0,2207.800048828125,2208.60009765625,11332
2026-07-23 04:17:00,2209.60009765625,2209.60009765625,2209.60009765625,2208.0,2208.800048828125,2122
2026-07-23 04:18:00,2209.0,2209.0,2209.699951171875,2208.199951171875,2209.300048828125,3464
2026-07-23 04:19:00,2212.10009765625,2212.10009765625,2212.39990234375,2209.0,2209.0,14506
2026-07-23 04:20:00,2213.5,2213.5,2214.5,2212.10009765625,2212.10009765625,5897
2026-07-23 04:21:00,2210.5,2210.5,2214.5,2210.0,2213.699951171875,10543
2026-07-23 04:22:00,2211.300048828125,2211.300048828125,2211.39990234375,2209.39990234375,2210.0,7629
2026-07-23 04:23:00,2211.60009765625,2211.60009765625,2212.5,2210.60009765625,2211.800048828125,3031
2026-07-23 04:24:00,2208.800048828125,2208.800048828125,2212.0,2208.39990234375,2211.5,5350
2026-07-23 04:25:00,2209.89990234375,2209.89990234375,2210.199951171875,2208.10009765625,2208.89990234375,3015
2026-07-23 04:26:00,2208.5,2208.5,2209.5,2206.60009765625,2209.300048828125,3120
2026-07-23 04:27:00,2208.0,2208.0,2209.89990234375,2208.0,2209.89990234375,1555
2026-07-23 04:28:00,2207.699951171875,2207.699951171875,2209.0,2207.0,2207.800048828125,4308
2026-07-23 04:29:00,2209.0,2209.0,2209.0,2208.10009765625,2208.199951171875,1774
2026-07-23 04:30:00,2209.800048828125,2209.800048828125,2210.0,2208.5,2209.199951171875,1808
2026-07-23 04:31:00,2211.0,2211.0,2212.0,2209.800048828125,2209.800048828125,8254
2026-07-23 04:32:00,2210.0,2210.0,2212.0,2210.0,2211.0,4197
2026-07-23 04:33:00,2208.89990234375,2208.89990234375,2210.699951171875,2208.89990234375,2210.5,5389
2026-07-23 04:34:00,2210.300048828125,2210.300048828125,2210.39990234375,2208.699951171875,2209.0,1564
2026-07-23 04:35:00,2211.39990234375,2211.39990234375,2212.0,2209.300048828125,2210.300048828125,2813
2026-07-23 04:36:00,2211.0,2211.0,2212.0,2210.199951171875,2211.60009765625,3286
2026-07-23 04:37:00,2207.60009765625,2207.60009765625,2211.60009765625,2206.10009765625,2211.10009765625,5454
2026-07-23 04:38:00,2209.800048828125,2209.800048828125,2209.800048828125,2207.10009765625,2207.60009765625,4899
2026-07-23 04:39:00,2209.699951171875,2209.699951171875,2210.0,2208.5,2209.39990234375,421
2026-07-23 04:40:00,2210.10009765625,2210.10009765625,2210.699951171875,2209.10009765625,2209.800048828125,1279
2026-07-23 04:41:00,2210.60009765625,2210.60009765625,2210.89990234375,2209.60009765625,2210.199951171875,3236
2026-07-23 04:42:00,2212.199951171875,2212.199951171875,2212.199951171875,2210.300048828125,2210.89990234375,6410
2026-07-23 04:43:00,2212.0,2212.0,2213.10009765625,2211.60009765625,2212.800048828125,5118
2026-07-23 04:44:00,2211.39990234375,2211.39990234375,2212.39990234375,2210.39990234375,2212.0,1659
2026-07-23 04:45:00,2210.60009765625,2210.60009765625,2211.60009765625,2210.0,2211.60009765625,712
2026-07-23 04:46:00,2211.0,2211.0,2212.0,2210.39990234375,2210.60009765625,3098
2026-07-23 04:47:00,2212.699951171875,2212.699951171875,2212.699951171875,2210.699951171875,2211.60009765625,1147
2026-07-23 04:48:00,2210.5,2210.5,2212.60009765625,2210.5,2212.5,2681
2026-07-23 04:49:00,2210.0,2210.0,2211.199951171875,2209.5,2210.39990234375,1818
2026-07-23 04:50:00,2210.39990234375,2210.39990234375,2210.800048828125,2209.800048828125,2209.800048828125,4005
2026-07-23 04:51:00,2211.5,2211.5,2212.0,2210.10009765625,2210.10009765625,2501
2026-07-23 04:52:00,2210.199951171875,2210.199951171875,2211.300048828125,2209.5,2211.10009765625,1618
2026-07-23 04:53:00,2211.60009765625,2211.60009765625,2211.89990234375,2209.89990234375,2210.199951171875,2562
2026-07-23 04:54:00,2214.800048828125,2214.800048828125,2215.300048828125,2211.89990234375,2211.89990234375,9630
2026-07-23 04:55:00,2213.300048828125,2213.300048828125,2215.0,2213.300048828125,2214.800048828125,1749
2026-07-23 04:56:00,2212.0,2212.0,2213.800048828125,2212.0,2213.60009765625,3513
2026-07-23 04:57:00,2213.10009765625,2213.10009765625,2214.39990234375,2212.39990234375,2212.60009765625,3824
2026-07-23 04:58:00,2212.89990234375,2212.89990234375,2213.699951171875,2212.39990234375,2213.699951171875,1217
2026-07-23 04:59:00,2213.5,2213.5,2213.5,2212.10009765625,2213.10009765625,1208
2026-07-23 05:00:00,2210.89990234375,2210.89990234375,2213.5,2210.89990234375,2213.5,2443
2026-07-23 05:01:00,2210.800048828125,2210.800048828125,2211.39990234375,2210.199951171875,2210.89990234375,724
2026-07-23 05:02:00,2211.89990234375,2211.89990234375,2212.0,2211.199951171875,2211.199951171875,999
2026-07-23 05:03:00,2211.60009765625,2211.60009765625,2211.800048828125,2210.60009765625,2211.800048828125,1367
2026-07-23 05:04:00,2211.5,2211.5,2211.800048828125,2210.60009765625,2211.800048828125,864
2026-07-23 05:05:00,2211.0,2211.0,2211.5,2211.0,2211.5,461
2026-07-23 05:06:00,2213.5,2213.5,2213.60009765625,2210.800048828125,2211.5,2364
2026-07-23 05:07:00,2212.800048828125,2212.800048828125,2213.800048828125,2212.0,2213.39990234375,1311
2026-07-23 05:08:00,2213.0,2213.0,2213.60009765625,2212.800048828125,2212.89990234375,889
2026-07-23 05:09:00,2212.0,2212.0,2213.0,2211.89990234375,2213.0,1164
2026-07-23 05:10:00,2211.39990234375,2211.39990234375,2213.10009765625,2211.0,2212.800048828125,1169
2026-07-23 05:11:00,2212.5,2212.5,2212.800048828125,2211.39990234375,2211.699951171875,1147
2026-07-23 05:12:00,2212.800048828125,2212.800048828125,2212.800048828125,2211.800048828125,2212.0,2372
2026-07-23 05:13:00,2213.0,2213.0,2213.5,2212.199951171875,2213.300048828125,663
2026-07-23 05:14:00,2212.800048828125,2212.800048828125,2213.10009765625,2212.199951171875,2212.199951171875,660
2026-07-23 05:15:00,2218.0,2218.0,2218.60009765625,2212.800048828125,2212.800048828125,7338
2026-07-23 05:16:00,2220.800048828125,2220.800048828125,2221.0,2217.800048828125,2218.39990234375,10200
2026-07-23 05:17:00,2218.0,2218.0,2220.89990234375,2217.0,2220.10009765625,4531
2026-07-23 05:18:00,2218.5,2218.5,2218.800048828125,2217.60009765625,2218.0,1223
2026-07-23 05:19:00,2218.60009765625,2218.60009765625,2218.60009765625,2217.89990234375,2218.39990234375,1939
2026-07-23 05:20:00,2218.89990234375,2218.89990234375,2220.0,2218.699951171875,2219.0,4783
2026-07-23 05:21:00,2219.300048828125,2219.300048828125,2219.60009765625,2218.89990234375,2218.89990234375,1993
2026-07-23 05:22:00,2219.10009765625,2219.10009765625,2220.199951171875,2218.60009765625,2219.300048828125,13476
2026-07-23 05:23:00,2218.39990234375,2218.39990234375,2219.10009765625,2217.0,2217.89990234375,4887
2026-07-23 05:24:00,2219.0,2219.0,2219.39990234375,2217.800048828125,2218.39990234375,2378
2026-07-23 05:25:00,2217.800048828125,2217.800048828125,2218.89990234375,2217.0,2218.89990234375,5987
2026-07-23 05:26:00,2218.5,2218.5,2218.5,2216.60009765625,2217.300048828125,2984
2026-07-23 05:27:00,2217.199951171875,2217.199951171875,2218.800048828125,2217.199951171875,2218.199951171875,1382
2026-07-23 05:28:00,2218.0,2218.0,2219.0,2217.5,2217.5,2526
2026-07-23 05:29:00,2218.60009765625,2218.60009765625,2219.300048828125,2218.0,2218.199951171875,1673
2026-07-23 05:30:00,2219.300048828125,2219.300048828125,2219.300048828125,2218.0,2218.300048828125,1516
2026-07-23 05:31:00,2216.60009765625,2216.60009765625,2219.39990234375,2216.5,2219.39990234375,2613
2026-07-23 05:32:00,2215.800048828125,2215.800048828125,2217.0,2215.10009765625,2216.89990234375,3657
2026-07-23 05:33:00,2215.800048828125,2215.800048828125,2216.300048828125,2215.0,2215.0,2332
2026-07-23 05:34:00,2215.10009765625,2215.10009765625,2215.89990234375,2215.0,2215.800048828125,3651
2026-07-23 05:35:00,2215.60009765625,2215.60009765625,2215.89990234375,2214.300048828125,2215.699951171875,2075
2026-07-23 05:36:00,2216.0,2216.0,2216.39990234375,2214.199951171875,2215.5,1625
2026-07-23 05:37:00,2216.199951171875,2216.199951171875,2216.39990234375,2215.300048828125,2216.199951171875,1753
2026-07-23 05:38:00,2216.699951171875,2216.699951171875,2217.0,2215.5,2216.199951171875,1266
2026-07-23 05:39:00,2215.39990234375,2215.39990234375,2217.60009765625,2215.199951171875,2216.60009765625,836
2026-07-23 05:40:00,2215.699951171875,2215.699951171875,2217.0,2215.60009765625,2215.60009765625,420
2026-07-23 05:41:00,2215.0,2215.0,2216.5,2215.0,2216.5,631
2026-07-23 05:42:00,2216.60009765625,2216.60009765625,2216.60009765625,2214.10009765625,2215.0,2353
2026-07-23 05:43:00,2221.0,2221.0,2222.800048828125,2216.89990234375,2216.89990234375,9585
2026-07-23 05:44:00,2220.39990234375,2220.39990234375,2221.5,2219.60009765625,2221.10009765625,1320
2026-07-23 05:45:00,2219.10009765625,2219.10009765625,2220.0,2219.10009765625,2219.800048828125,1004
2026-07-23 05:46:00,2220.39990234375,2220.39990234375,2220.60009765625,2219.699951171875,2219.699951171875,8767
2026-07-23 05:47:00,2219.60009765625,2219.60009765625,2221.199951171875,2219.60009765625,2220.199951171875,2177
2026-07-23 05:48:00,2219.300048828125,2219.300048828125,2219.800048828125,2219.0,2219.800048828125,1135
2026-07-23 05:49:00,2218.800048828125,2218.800048828125,2219.60009765625,2218.10009765625,2219.60009765625,1503
2026-07-23 05:50:00,2218.800048828125,2218.800048828125,2219.0,2218.5,2219.0,987
2026-07-23 05:51:00,2218.5,2218.5,2219.0,2218.5,2218.699951171875,1422
2026-07-23 05:52:00,2219.0,2219.0,2219.0,2218.10009765625,2218.10009765625,1739
2026-07-23 05:53:00,2216.199951171875,2216.199951171875,2219.199951171875,2216.199951171875,2219.0,2757
2026-07-23 05:54:00,2216.699951171875,2216.699951171875,2218.39990234375,2216.699951171875,2216.699951171875,1875
2026-07-23 05:55:00,2216.5,2216.5,2217.300048828125,2216.10009765625,2216.699951171875,1111
2026-07-23 05:56:00,2215.89990234375,2215.89990234375,2216.89990234375,2215.699951171875,2215.800048828125,2254
2026-07-23 05:57:00,2215.5,2215.5,2216.5,2215.39990234375,2216.0,1900
2026-07-23 05:58:00,2215.800048828125,2215.800048828125,2216.60009765625,2214.0,2215.5,9909
2026-07-23 05:59:00,2212.60009765625,2212.60009765625,2215.800048828125,2212.60009765625,2215.800048828125,4119
2026-07-23 06:00:00,2212.300048828125,2212.300048828125,2214.0,2211.800048828125,2212.60009765625,5523
2026-07-23 06:01:00,2213.89990234375,2213.89990234375,2214.39990234375,2212.0,2212.800048828125,7385
2026-07-23 06:02:00,2214.39990234375,2214.39990234375,2214.39990234375,2212.300048828125,2212.60009765625,7602
2026-07-23 06:03:00,2213.0,2213.0,2214.300048828125,2212.89990234375,2214.300048828125,1285
2026-07-23 06:04:00,2211.39990234375,2211.39990234375,2213.5,2211.39990234375,2213.39990234375,2234
2026-07-23 06:05:00,2212.60009765625,2212.60009765625,2213.0,2211.199951171875,2211.39990234375,3036
2026-07-23 06:06:00,2212.39990234375,2212.39990234375,2212.39990234375,2211.800048828125,2212.0,893
2026-07-23 06:07:00,2214.0,2214.0,2214.0,2212.89990234375,2213.0,1057
2026-07-23 06:08:00,2214.699951171875,2214.699951171875,2215.39990234375,2213.699951171875,2213.699951171875,2465
2026-07-23 06:09:00,2215.89990234375,2215.89990234375,2216.39990234375,2215.199951171875,2215.199951171875,2569
2026-07-23 06:10:00,2216.5,2216.5,2217.10009765625,2215.89990234375,2216.0,2222
2026-07-23 06:11:00,2216.199951171875,2216.199951171875,2217.199951171875,2215.800048828125,2217.10009765625,892
2026-07-23 06:12:00,2216.89990234375,2216.89990234375,2216.89990234375,2215.5,2215.5,703
2026-07-23 06:13:00,2216.0,2216.0,2216.5,2216.0,2216.5,405
2026-07-23 06:14:00,2216.5,2216.5,2217.0,2216.0,2216.0,808
2026-07-23 06:15:00,2219.10009765625,2219.10009765625,2219.60009765625,2216.5,2216.5,2476
2026-07-23 06:16:00,2219.800048828125,2219.800048828125,2219.89990234375,2218.89990234375,2218.89990234375,714
2026-07-23 06:17:00,2218.5,2218.5,2220.800048828125,2218.199951171875,2219.800048828125,5043
2026-07-23 06:18:00,2218.199951171875,2218.199951171875,2219.10009765625,2218.0,2218.5,2316
2026-07-23 06:19:00,2220.300048828125,2220.300048828125,2220.60009765625,2218.60009765625,2218.89990234375,2739
2026-07-23 06:20:00,2221.199951171875,2221.199951171875,2221.60009765625,2220.60009765625,2220.89990234375,10968
2026-07-23 06:21:00,2222.699951171875,2222.699951171875,2223.0,2220.300048828125,2221.0,5780
2026-07-23 06:22:00,2221.0,2221.0,2223.0,2220.699951171875,2222.89990234375,2842
2026-07-23 06:23:00,2221.0,2221.0,2222.800048828125,2220.699951171875,2221.0,5415
2026-07-23 06:24:00,2225.89990234375,2225.89990234375,2226.0,2221.0,2221.5,12594
2026-07-23 06:25:00,2227.800048828125,2227.800048828125,2227.800048828125,2224.300048828125,2225.10009765625,9066
2026-07-23 06:26:00,2226.699951171875,2226.699951171875,2228.199951171875,2225.0,2227.60009765625,8277
2026-07-23 06:27:00,2224.800048828125,2224.800048828125,2226.699951171875,2223.699951171875,2226.699951171875,5762
2026-07-23 06:28:00,2224.699951171875,2224.699951171875,2224.800048828125,2223.800048828125,2224.800048828125,2228
2026-07-23 06:29:00,2226.0,2226.0,2226.0,2224.0,2224.800048828125,5038
2026-07-23 06:30:00,2227.10009765625,2227.10009765625,2227.800048828125,2225.60009765625,2225.699951171875,4869
2026-07-23 06:31:00,2229.0,2229.0,2229.0,2226.199951171875,2227.199951171875,9928
2026-07-23 06:32:00,2228.10009765625,2228.10009765625,2229.0,2227.800048828125,2228.699951171875,4824
2026-07-23 06:33:00,2230.0,2230.0,2230.0,2228.10009765625,2228.10009765625,10259
2026-07-23 06:34:00,2230.0,2230.0,2230.699951171875,2229.10009765625,2230.0,16565
2026-07-23 06:35:00,2230.60009765625,2230.60009765625,2231.699951171875,2230.0,2230.5,6642
2026-07-23 06:36:00,2231.10009765625,2231.10009765625,2231.89990234375,2230.800048828125,2230.800048828125,2843
2026-07-23 06:37:00,2236.0,2236.0,2237.199951171875,2231.10009765625,2231.10009765625,25587
2026-07-23 06:38:00,2236.39990234375,2236.39990234375,2236.89990234375,2235.0,2235.699951171875,6943
2026-07-23 06:39:00,2237.5,2237.5,2237.5,2235.5,2237.0,6124
2026-07-23 06:40:00,2239.0,2239.0,2239.800048828125,2237.0,2237.300048828125,10917
2026-07-23 06:41:00,2237.0,2237.0,2239.300048828125,2236.0,2239.300048828125,14313
2026-07-23 06:42:00,2235.89990234375,2235.89990234375,2237.0,2235.0,2237.0,7020
2026-07-23 06:43:00,2235.60009765625,2235.60009765625,2236.699951171875,2235.300048828125,2236.0,7547
2026-07-23 06:44:00,2235.60009765625,2235.60009765625,2236.5,2235.60009765625,2236.10009765625,3243
2026-07-23 06:45:00,2234.39990234375,2234.39990234375,2235.800048828125,2233.0,2235.800048828125,8119
2026-07-23 06:46:00,2231.300048828125,2231.300048828125,2234.39990234375,2231.10009765625,2233.89990234375,8833
2026-07-23 06:47:00,2232.199951171875,2232.199951171875,2232.5,2230.89990234375,2231.800048828125,3611
2026-07-23 06:48:00,2231.5,2231.5,2232.199951171875,2231.10009765625,2231.5,1589
2026-07-23 06:49:00,2230.699951171875,2230.699951171875,2231.800048828125,2230.0,2231.800048828125,3165
2026-07-23 06:50:00,2229.39990234375,2229.39990234375,2230.800048828125,2229.10009765625,2230.800048828125,7071
2026-07-23 06:51:00,2230.39990234375,2230.39990234375,2230.39990234375,2229.0,2230.0,2887
2026-07-23 06:52:00,2230.60009765625,2230.60009765625,2231.0,2230.0,2230.699951171875,2663
2026-07-23 06:53:00,2230.199951171875,2230.199951171875,2231.0,2230.0,2231.0,3112
2026-07-23 06:54:00,2230.5,2230.5,2230.5,2229.60009765625,2230.199951171875,2560
2026-07-23 06:55:00,2229.699951171875,2229.699951171875,2230.5,2229.39990234375,2230.5,1254
2026-07-23 06:56:00,2228.5,2228.5,2229.699951171875,2228.300048828125,2229.699951171875,4995
2026-07-23 06:57:00,2228.10009765625,2228.10009765625,2229.199951171875,2228.0,2228.5,2045
2026-07-23 06:58:00,2227.39990234375,2227.39990234375,2228.199951171875,2226.5,2228.10009765625,4036
2026-07-23 06:59:00,2227.39990234375,2227.39990234375,2227.699951171875,2227.199951171875,2227.5,1765
2026-07-23 07:00:00,2225.39990234375,2225.39990234375,2227.5,2225.199951171875,2227.5,9433
2026-07-23 07:01:00,2224.800048828125,2224.800048828125,2225.300048828125,2224.0,2225.10009765625,8871
2026-07-23 07:02:00,2224.89990234375,2224.89990234375,2225.0,2224.800048828125,2224.89990234375,4821
2026-07-23 07:03:00,2225.89990234375,2225.89990234375,2226.300048828125,2225.0,2225.0,6116
2026-07-23 07:04:00,2226.199951171875,2226.199951171875,2226.39990234375,2225.0,2225.89990234375,6116
2026-07-23 07:05:00,2226.5,2226.5,2226.89990234375,2225.0,2226.10009765625,4438
2026-07-23 07:06:00,2224.5,2224.5,2226.199951171875,2224.0,2226.0,3064
2026-07-23 07:07:00,2224.60009765625,2224.60009765625,2224.800048828125,2223.0,2224.5,4938
2026-07-23 07:08:00,2225.800048828125,2225.800048828125,2226.5,2223.39990234375,2224.300048828125,4512
2026-07-23 07:09:00,2223.5,2223.5,2226.0,2223.0,2225.89990234375,3348
2026-07-23 07:10:00,2223.0,2223.0,2224.10009765625,2222.800048828125,2223.300048828125,4529
2026-07-23 07:11:00,2222.800048828125,2222.800048828125,2223.0,2222.199951171875,2223.0,2428
2026-07-23 07:12:00,2220.300048828125,2220.300048828125,2222.699951171875,2220.300048828125,2222.699951171875,8755
2026-07-23 07:13:00,2221.199951171875,2221.199951171875,2221.89990234375,2220.800048828125,2221.10009765625,4242
2026-07-23 07:14:00,2222.800048828125,2222.800048828125,2222.800048828125,2221.60009765625,2221.60009765625,4613
2026-07-23 07:15:00,2222.199951171875,2222.199951171875,2222.89990234375,2221.199951171875,2222.89990234375,1992
2026-07-23 07:16:00,2223.10009765625,2223.10009765625,2223.300048828125,2221.5,2222.300048828125,5524
2026-07-23 07:17:00,2223.5,2223.5,2224.5,2223.10009765625,2223.60009765625,9375
2026-07-23 07:18:00,2224.699951171875,2224.699951171875,2225.10009765625,2223.5,2223.5,3111
2026-07-23 07:19:00,2224.0,2224.0,2224.699951171875,2223.5,2224.60009765625,3157
2026-07-23 07:20:00,2223.89990234375,2223.89990234375,2224.0,2223.5,2223.89990234375,2017
2026-07-23 07:21:00,2223.0,2223.0,2224.800048828125,2223.0,2224.0,2883
2026-07-23 07:22:00,2222.60009765625,2222.60009765625,2223.300048828125,2222.60009765625,2222.699951171875,2023
2026-07-23 07:23:00,2223.0,2223.0,2223.0,2222.60009765625,2222.60009765625,1728
2026-07-23 07:24:00,2223.0,2223.0,2223.0,2222.199951171875,2222.89990234375,1167
2026-07-23 07:25:00,2223.39990234375,2223.39990234375,2223.800048828125,2222.5,2223.10009765625,2251
2026-07-23 07:26:00,2221.800048828125,2221.800048828125,2223.5,2221.199951171875,2223.5,12624
2026-07-23 07:27:00,2223.199951171875,2223.199951171875,2224.0,2221.800048828125,2221.89990234375,4107
2026-07-23 07:28:00,2223.300048828125,2223.300048828125,2224.199951171875,2222.60009765625,2223.199951171875,1593
2026-07-23 07:29:00,2223.199951171875,2223.199951171875,2224.300048828125,2222.89990234375,2223.800048828125,1307
2026-07-23 07:30:00,2222.199951171875,2222.199951171875,2223.300048828125,2222.0,2223.10009765625,1021
2026-07-23 07:31:00,2221.199951171875,2221.199951171875,2223.0,2221.199951171875,2222.39990234375,3187
2026-07-23 07:32:00,2222.199951171875,2222.199951171875,2223.0,2221.39990234375,2221.89990234375,1377
2026-07-23 07:33:00,2224.89990234375,2224.89990234375,2225.699951171875,2222.199951171875,2222.300048828125,8901
2026-07-23 07:34:00,2223.5,2223.5,2225.39990234375,2223.39990234375,2224.89990234375,2394
2026-07-23 07:35:00,2222.89990234375,2222.89990234375,2224.10009765625,2222.39990234375,2223.89990234375,1758
2026-07-23 07:36:00,2223.10009765625,2223.10009765625,2223.10009765625,2222.300048828125,2222.89990234375,2853
2026-07-23 07:37:00,2223.10009765625,2223.10009765625,2223.10009765625,2222.699951171875,2223.0,1108
2026-07-23 07:38:00,2224.39990234375,2224.39990234375,2224.5,2222.800048828125,2222.89990234375,6548
2026-07-23 07:39:00,2224.699951171875,2224.699951171875,2224.89990234375,2224.0,2224.0,2701
2026-07-23 07:40:00,2224.5,2224.5,2224.800048828125,2223.39990234375,2224.5,3351
2026-07-23 07:41:00,2224.699951171875,2224.699951171875,2224.800048828125,2224.10009765625,2224.800048828125,3553
2026-07-23 07:42:00,2226.0,2226.0,2226.0,2224.60009765625,2224.699951171875,11240
2026-07-23 07:43:00,2225.39990234375,2225.39990234375,2226.39990234375,2225.199951171875,2225.60009765625,4564
2026-07-23 07:44:00,2225.5,2225.5,2226.39990234375,2225.10009765625,2225.10009765625,2058
2026-07-23 07:45:00,2224.5,2224.5,2225.5,2224.39990234375,2225.5,3538
2026-07-23 07:46:00,2224.10009765625,2224.10009765625,2224.800048828125,2224.0,2224.39990234375,1207
2026-07-23 07:47:00,2226.300048828125,2226.300048828125,2226.300048828125,2223.5,2224.10009765625,3836
2026-07-23 07:48:00,2228.300048828125,2228.300048828125,2228.300048828125,2225.89990234375,2226.39990234375,4610
2026-07-23 07:49:00,2227.5,2227.5,2229.0,2226.39990234375,2228.39990234375,2653
2026-07-23 07:50:00,2227.0,2227.0,2227.60009765625,2226.800048828125,2227.60009765625,1889
2026-07-23 07:51:00,2227.0,2227.0,2227.300048828125,2226.60009765625,2227.0,2883
2026-07-23 07:52:00,2226.39990234375,2226.39990234375,2226.800048828125,2225.699951171875,2226.800048828125,10829
2026-07-23 07:53:00,2225.89990234375,2225.89990234375,2227.39990234375,2225.699951171875,2226.39990234375,4504
2026-07-23 07:54:00,2226.699951171875,2226.699951171875,2227.0,2225.39990234375,2225.89990234375,10397
2026-07-23 07:55:00,2228.300048828125,2228.300048828125,2228.5,2226.39990234375,2227.300048828125,9507
2026-07-23 07:56:00,2227.39990234375,2227.39990234375,2228.300048828125,2227.0,2227.89990234375,4790
2026-07-23 07:57:00,2227.699951171875,2227.699951171875,2228.0,2227.10009765625,2228.0,1044
2026-07-23 07:58:00,2226.800048828125,2226.800048828125,2227.60009765625,2226.10009765625,2227.60009765625,2061
2026-07-23 07:59:00,2230.0,2230.0,2230.300048828125,2227.0,2227.0,23214
2026-07-23 08:00:00,2232.5,2232.5,2233.89990234375,2230.39990234375,2231.10009765625,8496
2026-07-23 08:01:00,2231.5,2231.5,2232.60009765625,2231.199951171875,2232.5,4605
2026-07-23 08:02:00,2231.800048828125,2231.800048828125,2232.0,2230.10009765625,2231.89990234375,6522
2026-07-23 08:03:00,2231.89990234375,2231.89990234375,2232.5,2231.10009765625,2231.39990234375,5548
2026-07-23 08:04:00,2230.300048828125,2230.300048828125,2232.10009765625,2230.10009765625,2232.10009765625,4192
2026-07-23 08:05:00,2230.89990234375,2230.89990234375,2231.0,2230.39990234375,2230.39990234375,1033
2026-07-23 08:06:00,2230.699951171875,2230.699951171875,2231.199951171875,2230.60009765625,2230.699951171875,1698
2026-07-23 08:07:00,2231.199951171875,2231.199951171875,2231.199951171875,2230.800048828125,2230.800048828125,1244
2026-07-23 08:08:00,2233.5,2233.5,2233.5,2231.300048828125,2231.300048828125,3676
2026-07-23 08:09:00,2233.800048828125,2233.800048828125,2233.800048828125,2231.5,2233.5,18194
2026-07-23 08:10:00,2234.199951171875,2234.199951171875,2234.800048828125,2233.89990234375,2233.89990234375,6583
2026-07-23 08:11:00,2234.800048828125,2234.800048828125,2234.800048828125,2234.10009765625,2234.199951171875,3790
2026-07-23 08:12:00,2234.89990234375,2234.89990234375,2235.699951171875,2234.300048828125,2234.800048828125,15550
2026-07-23 08:13:00,2233.5,2233.5,2235.5,2233.0,2234.800048828125,10122
2026-07-23 08:14:00,2233.60009765625,2233.60009765625,2235.0,2233.39990234375,2233.5,4935
2026-07-23 08:15:00,2236.5,2236.5,2236.800048828125,2233.60009765625,2233.60009765625,10362
2026-07-23 08:16:00,2235.199951171875,2235.199951171875,2237.0,2235.199951171875,2236.0,6266
2026-07-23 08:17:00,2235.800048828125,2235.800048828125,2236.10009765625,2234.199951171875,2235.199951171875,9160
2026-07-23 08:18:00,2235.60009765625,2235.60009765625,2236.0,2235.199951171875,2235.800048828125,1486
2026-07-23 08:19:00,2236.800048828125,2236.800048828125,2236.800048828125,2235.5,2236.0,5325
2026-07-23 08:20:00,2237.199951171875,2237.199951171875,2237.60009765625,2237.0,2237.0,5522
2026-07-23 08:21:00,2239.5,2239.5,2239.5,2237.0,2237.39990234375,12204
2026-07-23 08:22:00,2240.199951171875,2240.199951171875,2240.5,2239.199951171875,2239.199951171875,16305
2026-07-23 08:23:00,2238.800048828125,2238.800048828125,2240.699951171875,2238.699951171875,2240.0,4754
2026-07-23 08:24:00,2238.5,2238.5,2239.800048828125,2238.5,2238.89990234375,2483
2026-07-23 08:25:00,2239.0,2239.0,2239.5,2238.699951171875,2238.699951171875,3153
2026-07-23 08:26:00,2238.89990234375,2238.89990234375,2239.0,2238.39990234375,2239.0,3499
2026-07-23 08:27:00,2238.60009765625,2238.60009765625,2238.89990234375,2238.5,2238.89990234375,1919
2026-07-23 08:28:00,2238.10009765625,2238.10009765625,2238.89990234375,2238.10009765625,2238.800048828125,3353
2026-07-23 08:29:00,2238.800048828125,2238.800048828125,2239.0,2237.89990234375,2237.89990234375,2529
2026-07-23 08:30:00,2239.0,2239.0,2239.0,2238.5,2239.0,2554
2026-07-23 08:31:00,2238.5,2238.5,2239.0,2238.5,2239.0,2468
2026-07-23 08:32:00,2239.0,2239.0,2239.199951171875,2238.5,2238.5,10702
2026-07-23 08:33:00,2239.300048828125,2239.300048828125,2239.39990234375,2239.0,2239.10009765625,1980
2026-07-23 08:34:00,2242.0,2242.0,2242.0,2239.300048828125,2239.300048828125,16899
2026-07-23 08:35:00,2240.10009765625,2240.10009765625,2242.89990234375,2240.0,2242.199951171875,9240
2026-07-23 08:36:00,2240.199951171875,2240.199951171875,2240.699951171875,2240.0,2240.0,4503
2026-07-23 08:37:00,2240.0,2240.0,2240.60009765625,2239.60009765625,2240.199951171875,1520
2026-07-23 08:38:00,2241.0,2241.0,2241.199951171875,2240.0,2240.5,4792
2026-07-23 08:39:00,2241.0,2241.0,2241.39990234375,2240.5,2240.699951171875,2367
2026-07-23 08:40:00,2240.0,2240.0,2241.0,2240.0,2240.89990234375,5570
2026-07-23 08:41:00,2240.300048828125,2240.300048828125,2240.800048828125,2240.0,2240.0,28852
2026-07-23 08:42:00,2240.0,2240.0,2240.300048828125,2239.89990234375,2240.199951171875,4918
2026-07-23 08:43:00,2240.10009765625,2240.10009765625,2240.5,2239.89990234375,2240.0,6168
2026-07-23 08:44:00,2240.0,2240.0,2240.10009765625,2239.39990234375,2240.0,52381
2026-07-23 08:45:00,2241.0,2241.0,2241.300048828125,2238.89990234375,2240.0,27440
2026-07-23 08:46:00,2242.800048828125,2242.800048828125,2244.0,2240.89990234375,2241.5,10064
2026-07-23 08:47:00,2241.699951171875,2241.699951171875,2242.800048828125,2241.199951171875,2242.800048828125,1939
2026-07-23 08:48:00,2241.5,2241.5,2242.800048828125,2241.5,2241.800048828125,2888
2026-07-23 08:49:00,2241.199951171875,2241.199951171875,2241.800048828125,2240.60009765625,2241.199951171875,2303
2026-07-23 08:50:00,2240.300048828125,2240.300048828125,2241.199951171875,2240.0,2241.199951171875,7693
2026-07-23 08:51:00,2240.699951171875,2240.699951171875,2240.89990234375,2240.0,2240.5,5225
2026-07-23 08:52:00,2241.0,2241.0,2241.199951171875,2240.0,2240.800048828125,2399
2026-07-23 08:53:00,2241.199951171875,2241.199951171875,2241.39990234375,2240.699951171875,2241.39990234375,5001
2026-07-23 08:54:00,2240.199951171875,2240.199951171875,2241.300048828125,2240.0,2240.39990234375,3797
2026-07-23 08:55:00,2240.199951171875,2240.199951171875,2240.39990234375,2238.699951171875,2240.199951171875,27283
2026-07-23 08:56:00,2240.89990234375,2240.89990234375,2241.0,2240.0,2240.199951171875,4247
2026-07-23 08:57:00,2240.5,2240.5,2241.5,2240.10009765625,2240.89990234375,6751
2026-07-23 08:58:00,2240.89990234375,2240.89990234375,2241.0,2240.5,2240.60009765625,2277
2026-07-23 08:59:00,2241.300048828125,2241.300048828125,2241.300048828125,2240.0,2240.0,6935
2026-07-23 09:00:00,2241.800048828125,2241.800048828125,2241.800048828125,2241.800048828125,2241.800048828125,0
