Date,Adj Close,Close,High,Low,Open,Volume
2021-07-23,950.0691528320312,1131.0,1141.5,1115.0999755859375,1123.949951171875,2840803
2021-07-26,940.996826171875,1120.199951171875,1138.550048828125,1116.550048828125,1131.0,984581
2021-07-27,941.5429077148438,1120.8499755859375,1127.699951171875,1104.050048828125,1120.199951171875,1397105
2021-07-28,940.4510498046875,1119.550048828125,1130.699951171875,1106.5,1124.0,2533035
2021-07-29,947.3812255859375,1127.800048828125,1141.3499755859375,1115.0999755859375,1128.699951171875,3821405
2021-07-30,1016.05322265625,1209.550048828125,1237.300048828125,1175.0,1185.0,20425030
2021-08-02,1017.0192260742188,1210.699951171875,1214.0,1195.550048828125,1210.0,2385223
2021-08-03,1030.0816650390625,1226.25,1230.0,1210.0,1211.0,2603616
2021-08-04,1021.8914184570312,1216.5,1230.4000244140625,1213.699951171875,1225.199951171875,1938175
2021-08-05,1048.5201416015625,1248.199951171875,1254.0,1217.0,1217.050048828125,5790873
2021-08-06,1062.2965087890625,1264.5999755859375,1273.0,1243.050048828125,1252.0,3894726
2021-08-09,1081.4913330078125,1287.449951171875,1306.800048828125,1266.0,1290.4000244140625,6585101
2021-08-10,1111.396240234375,1323.050048828125,1329.699951171875,1282.4000244140625,1288.0,6314469
2021-08-11,1111.8580322265625,1323.5999755859375,1326.75,1298.3499755859375,1323.050048828125,3430349
2021-08-12,1164.7379150390625,1386.550048828125,1394.800048828125,1317.75,1323.0,8613315
2021-08-13,1161.8817138671875,1383.1500244140625,1390.0,1365.9000244140625,1380.0999755859375,4760344
2021-08-16,1149.0291748046875,1367.8499755859375,1399.949951171875,1360.25,1381.949951171875,2912430
2021-08-17,1187.5445556640625,1413.699951171875,1428.800048828125,1370.5,1372.0,8042970
2021-08-18,1186.5362548828125,1412.5,1425.0,1404.25,1418.0,2939739
2021-08-20,1175.3641357421875,1399.199951171875,1420.0,1370.6500244140625,1370.6500244140625,4051399
2021-08-23,1189.4765625,1416.0,1442.949951171875,1409.0,1415.449951171875,3987240
2021-08-24,1229.2518310546875,1463.3499755859375,1467.0,1420.0,1421.9000244140625,5366923
2021-08-25,1229.0418701171875,1463.0999755859375,1478.0,1450.0,1463.0,3105863
2021-08-26,1217.617431640625,1449.5,1466.75,1444.0,1459.800048828125,1993944
2021-08-27,1214.1737060546875,1445.4000244140625,1457.0999755859375,1431.199951171875,1449.8499755859375,3097939
2021-08-30,1192.1646728515625,1419.199951171875,1455.0,1415.9000244140625,1450.0,2742699
2021-08-31,1216.063232421875,1447.6500244140625,1454.0,1406.949951171875,1424.800048828125,6392991
2021-09-01,1206.5291748046875,1436.300048828125,1468.25,1427.5,1450.0,1829925
2021-09-02,1207.7890625,1437.800048828125,1452.550048828125,1421.199951171875,1436.0,3860958
2021-09-03,1211.275390625,1441.949951171875,1449.699951171875,1425.0999755859375,1444.0,1919590
2021-09-06,1227.40380859375,1461.1500244140625,1467.9000244140625,1436.0999755859375,1448.0,1801171
2021-09-07,1205.60498046875,1435.199951171875,1472.9000244140625,1432.300048828125,1468.949951171875,1940043
2021-09-08,1199.4307861328125,1427.8499755859375,1442.3499755859375,1419.8499755859375,1440.199951171875,2256454
2021-09-09,1203.9669189453125,1433.25,1437.9000244140625,1414.0,1425.5999755859375,2303457
2021-09-13,1200.8170166015625,1429.5,1439.800048828125,1420.3499755859375,1436.0,1937241
2021-09-14,1219.7596435546875,1452.050048828125,1457.0,1429.5,1435.0,1554999
2021-09-15,1230.5118408203125,1464.8499755859375,1480.0,1437.949951171875,1442.0999755859375,2410087
2021-09-16,1216.6513671875,1448.3499755859375,1469.0,1440.0,1464.8499755859375,1800078
2021-09-17,1219.339599609375,1451.550048828125,1472.0,1436.5999755859375,1451.0,2861623
2021-09-20,1202.3291015625,1431.300048828125,1493.1500244140625,1426.3499755859375,1440.0,2526342
2021-09-21,1227.8658447265625,1461.699951171875,1466.449951171875,1420.4000244140625,1439.0,1713705
2021-09-22,1271.4630126953125,1513.5999755859375,1527.9000244140625,1456.5,1464.0,5145820
2021-09-23,1278.0992431640625,1521.5,1531.0,1504.0,1525.0999755859375,2015302
2021-09-24,1272.4290771484375,1514.75,1547.8499755859375,1511.050048828125,1530.0,3592146
2021-09-27,1230.1337890625,1464.4000244140625,1525.0,1459.199951171875,1523.0,2728552
2021-09-28,1187.838623046875,1414.050048828125,1465.0,1408.4000244140625,1464.4000244140625,3995669
2021-09-29,1172.1300048828125,1395.3499755859375,1408.949951171875,1372.75,1400.0,7948104
2021-09-30,1159.7396240234375,1380.5999755859375,1402.6500244140625,1377.0,1388.0,3856630
2021-10-01,1151.885498046875,1371.25,1384.0,1364.800048828125,1375.0,2661824
2021-10-04,1175.238037109375,1399.050048828125,1405.550048828125,1372.050048828125,1384.699951171875,2538936
2021-10-05,1186.9984130859375,1413.050048828125,1421.0,1381.0,1399.0999755859375,2481825
2021-10-06,1163.9818115234375,1385.6500244140625,1426.9000244140625,1379.949951171875,1422.9000244140625,2769341
2021-10-07,1190.484619140625,1417.199951171875,1423.300048828125,1375.6500244140625,1397.949951171875,1956325
2021-10-08,1209.5950927734375,1439.949951171875,1447.0,1418.5,1418.5,2665924
2021-10-11,1176.2041015625,1400.199951171875,1434.449951171875,1385.5999755859375,1420.0,3073366
2021-10-12,1154.5733642578125,1374.449951171875,1402.8499755859375,1361.0,1399.0,2965629
2021-10-13,1177.8421630859375,1402.1500244140625,1410.0,1377.0,1386.9000244140625,1738985
2021-10-14,1201.9090576171875,1430.800048828125,1459.5999755859375,1410.5,1432.0,4328124
2021-10-18,1242.9444580078125,1479.6500244140625,1486.949951171875,1420.0,1420.0,3579606
2021-10-19,1292.8837890625,1539.0999755859375,1569.800048828125,1477.050048828125,1498.0,8645334
2021-10-20,1293.0518798828125,1539.300048828125,1576.5,1515.800048828125,1544.0,5159270
2021-10-21,1280.4093017578125,1524.25,1546.1500244140625,1476.050048828125,1546.1500244140625,4261416
2021-10-22,1274.6971435546875,1517.449951171875,1561.949951171875,1483.75,1531.0,5223521
2021-10-25,1280.2833251953125,1524.0999755859375,1535.0,1483.800048828125,1531.0,3890467
2021-10-26,1313.21240234375,1563.300048828125,1630.0,1543.0,1571.9000244140625,16978043
2021-10-27,1317.03466796875,1567.8499755859375,1587.0999755859375,1527.5,1561.8499755859375,3624131
2021-10-28,1288.0115966796875,1533.300048828125,1582.8499755859375,1526.0,1578.0,3054565
2021-10-29,1241.43212890625,1477.8499755859375,1542.75,1467.800048828125,1527.3499755859375,3795495
2021-11-01,1278.6453857421875,1522.1500244140625,1529.9000244140625,1487.050048828125,1490.0,2271900
2021-11-02,1264.6046142578125,1490.5999755859375,1522.949951171875,1488.050048828125,1522.25,2041689
2021-11-03,1271.349365234375,1498.550048828125,1537.699951171875,1493.5999755859375,1498.0,2697346
2021-11-04,1277.54248046875,1505.8499755859375,1515.0,1501.0,1509.0,166444
2021-11-08,1320.2587890625,1556.199951171875,1562.800048828125,1504.300048828125,1508.0,3050392
2021-11-09,1322.8038330078125,1559.199951171875,1572.0,1553.0,1561.0,2061369
2021-11-10,1329.0819091796875,1566.5999755859375,1573.3499755859375,1546.550048828125,1555.949951171875,1299996
2021-11-11,1291.201416015625,1521.949951171875,1560.0,1515.0,1560.0,3027565
2021-11-12,1344.6923828125,1585.0,1589.449951171875,1531.300048828125,1538.5,3713868
2021-11-15,1339.729248046875,1579.1500244140625,1601.5,1573.3499755859375,1585.0,2448280
2021-11-16,1357.333251953125,1599.9000244140625,1605.0,1576.0,1585.0999755859375,2864344
2021-11-17,1373.07080078125,1618.449951171875,1625.0,1595.0,1598.5,2304359
2021-11-18,1330.0576171875,1567.75,1624.75,1559.5,1620.199951171875,2938804
2021-11-22,1307.617919921875,1541.300048828125,1581.800048828125,1520.0,1581.800048828125,1951782
2021-11-23,1323.9493408203125,1560.550048828125,1564.449951171875,1506.300048828125,1522.0,1823592
2021-11-24,1304.9031982421875,1538.0999755859375,1569.9000244140625,1530.0,1568.800048828125,1644163
2021-11-25,1322.9312744140625,1559.3499755859375,1564.800048828125,1530.050048828125,1531.0,1557493
2021-11-26,1295.8253173828125,1527.4000244140625,1550.0,1510.1500244140625,1544.0,1522173
2021-11-29,1303.6728515625,1536.6500244140625,1545.5,1479.4000244140625,1515.0,1995524
2021-11-30,1307.744873046875,1541.449951171875,1594.449951171875,1526.5,1529.0,5662900
2021-12-01,1346.89794921875,1587.5999755859375,1594.4000244140625,1550.0,1550.0,2761193
2021-12-02,1382.572509765625,1629.6500244140625,1632.5,1580.0,1590.0,2664202
2021-12-03,1351.7340087890625,1593.300048828125,1638.25,1589.699951171875,1625.0,2400296
2021-12-06,1316.4832763671875,1551.75,1619.550048828125,1546.8499755859375,1606.0,2911781
2021-12-07,1337.6083984375,1576.6500244140625,1581.3499755859375,1536.0,1564.0,1758254
2021-12-08,1361.490234375,1604.800048828125,1614.800048828125,1582.050048828125,1582.6500244140625,1604565
2021-12-09,1366.919921875,1611.199951171875,1620.0,1585.0,1593.0,1947954
2021-12-10,1359.666259765625,1602.6500244140625,1611.199951171875,1578.550048828125,1611.0,1776362
2021-12-13,1389.7840576171875,1638.1500244140625,1655.5,1597.449951171875,1605.0,3163063
2021-12-14,1393.6441650390625,1642.699951171875,1665.0,1625.6500244140625,1640.0,2725454
2021-12-15,1392.7110595703125,1641.5999755859375,1646.300048828125,1615.9000244140625,1639.0,1622068
2021-12-16,1402.0855712890625,1652.6500244140625,1667.6500244140625,1642.199951171875,1649.0,2225836
2021-12-17,1393.7713623046875,1642.8499755859375,1675.0,1626.9000244140625,1669.199951171875,3405084
2021-12-20,1355.763671875,1598.050048828125,1638.3499755859375,1576.5999755859375,1635.0,2233189
2021-12-21,1385.372314453125,1632.949951171875,1655.300048828125,1605.5,1605.5,2237445
2021-12-22,1408.1090087890625,1659.75,1661.699951171875,1631.75,1645.0,1656110
2021-12-23,1428.5128173828125,1683.800048828125,1691.0999755859375,1664.1500244140625,1670.0,1715034
2021-12-24,1462.4483642578125,1723.800048828125,1735.199951171875,1680.3499755859375,1683.3499755859375,3343946
2021-12-27,1514.3695068359375,1785.0,1792.0,1703.6500244140625,1724.5,4512000
2021-12-28,1532.2705078125,1806.0999755859375,1823.0,1776.0999755859375,1785.0,3605483
2021-12-29,1515.9390869140625,1786.8499755859375,1821.0,1782.75,1800.5,1902921
2021-12-30,1527.052978515625,1799.949951171875,1838.0,1786.0,1787.0,4650594
2021-12-31,1519.0782470703125,1790.550048828125,1813.0,1783.449951171875,1800.199951171875,2378048
2022-01-03,1514.1998291015625,1784.800048828125,1818.0,1783.0,1795.050048828125,1779147
2022-01-04,1518.44189453125,1789.800048828125,1803.800048828125,1767.0,1793.0,2701533
2022-01-05,1474.113525390625,1737.550048828125,1782.949951171875,1733.0,1779.949951171875,3138050
2022-01-06,1435.55419921875,1692.0999755859375,1728.8499755859375,1690.0,1725.0,4290750
2022-01-07,1445.52294921875,1703.8499755859375,1724.550048828125,1695.0999755859375,1702.0,2103362
2022-01-10,1455.8309326171875,1716.0,1725.0,1687.5,1719.0,2330348
2022-01-11,1473.774169921875,1737.1500244140625,1745.0,1705.0,1705.0,2704832
2022-01-12,1468.08984375,1730.449951171875,1755.0,1721.0,1754.0,3013194
2022-01-13,1458.2064208984375,1718.800048828125,1748.9000244140625,1701.800048828125,1730.0,2768371
2022-01-14,1474.283203125,1737.75,1746.800048828125,1696.5,1714.5,1889385
2022-01-17,1461.2603759765625,1722.4000244140625,1751.0,1720.0,1732.949951171875,2522806
2022-01-18,1408.95751953125,1660.75,1746.550048828125,1650.050048828125,1740.0,4878369
2022-01-19,1416.8896484375,1670.0999755859375,1676.5999755859375,1627.550048828125,1663.0999755859375,2610709
2022-01-20,1414.175048828125,1666.9000244140625,1673.199951171875,1643.550048828125,1670.0999755859375,2440011
2022-01-21,1351.946044921875,1593.550048828125,1653.0,1588.8499755859375,1650.0,4079190
2022-01-24,1283.735595703125,1513.1500244140625,1588.0,1501.949951171875,1588.0,3250275
2022-01-25,1273.08837890625,1500.5999755859375,1527.6500244140625,1465.0,1499.0,3910618
2022-01-27,1226.42724609375,1445.5999755859375,1484.5,1430.0,1484.5,4434890
2022-01-28,1196.7760009765625,1410.6500244140625,1482.9000244140625,1406.25,1446.0,7080683
2022-01-31,1254.763427734375,1479.0,1487.5999755859375,1431.5,1437.0,4406035
2022-02-01,1277.4576416015625,1505.75,1514.949951171875,1475.0,1504.0,2542754
2022-02-02,1258.1142578125,1482.949951171875,1490.0,1443.0,1479.9000244140625,9031146
2022-02-03,1233.808349609375,1454.300048828125,1479.800048828125,1449.0999755859375,1478.9000244140625,2433692
2022-02-04,1228.6329345703125,1448.199951171875,1464.949951171875,1435.0,1464.0,2406272
2022-02-07,1225.3243408203125,1444.300048828125,1465.75,1434.0,1450.0,2741520
2022-02-08,1216.7554931640625,1434.199951171875,1456.1500244140625,1420.199951171875,1446.5,1981111
2022-02-09,1234.232421875,1454.800048828125,1470.949951171875,1440.050048828125,1440.050048828125,2282701
2022-02-10,1245.855224609375,1468.5,1472.0,1450.300048828125,1465.0,1850405
2022-02-11,1208.865478515625,1424.9000244140625,1449.949951171875,1421.0,1449.8499755859375,2426039
2022-02-14,1179.3841552734375,1390.1500244140625,1418.800048828125,1371.0,1390.0,2149302
2022-02-15,1221.379150390625,1439.6500244140625,1442.5999755859375,1395.050048828125,1404.050048828125,1955525
2022-02-16,1225.06982421875,1444.0,1463.949951171875,1428.8499755859375,1450.5,2164650
2022-02-17,1228.08154296875,1447.550048828125,1461.449951171875,1440.25,1461.449951171875,1669669
2022-02-18,1219.9368896484375,1437.949951171875,1445.0,1417.0999755859375,1438.449951171875,2374188
2022-02-21,1203.181396484375,1418.199951171875,1440.0,1410.0999755859375,1427.1500244140625,2109461
2022-02-22,1198.387939453125,1412.550048828125,1420.699951171875,1375.0,1380.5,2111878
2022-02-23,1199.0244140625,1413.300048828125,1424.949951171875,1409.199951171875,1422.0,1319711
2022-02-24,1130.8988037109375,1333.0,1400.0,1330.0,1370.5,4108603
2022-02-25,1179.0023193359375,1389.699951171875,1400.0,1350.0999755859375,1355.0,1885454
2022-02-28,1196.224609375,1410.0,1419.8499755859375,1363.25,1380.0,4983140
2022-03-02,1182.9473876953125,1394.3499755859375,1420.699951171875,1382.75,1400.0,2160190
2022-03-03,1210.3502197265625,1426.6500244140625,1443.5999755859375,1405.1500244140625,1409.800048828125,2730530
2022-03-04,1233.21435546875,1453.5999755859375,1460.0,1398.5,1415.0,3567738
2022-03-07,1208.18701171875,1424.0999755859375,1464.0,1411.050048828125,1428.0,3341715
2022-03-08,1240.29833984375,1461.949951171875,1466.9000244140625,1420.0,1420.0,2365949
2022-03-09,1276.609130859375,1504.75,1511.0,1461.949951171875,1461.949951171875,3667977
2022-03-10,1260.1505126953125,1485.3499755859375,1525.949951171875,1474.5,1525.0,2835942
2022-03-11,1261.380615234375,1486.800048828125,1491.8499755859375,1472.5,1476.0,1116432
2022-03-14,1275.12451171875,1503.0,1508.9000244140625,1487.0,1487.0,1372791
2022-03-15,1237.4560546875,1458.5999755859375,1515.0,1448.0,1514.0,2188506
2022-03-16,1264.0106201171875,1489.9000244140625,1494.5,1468.4000244140625,1475.199951171875,1453944
2022-03-17,1267.0650634765625,1493.5,1509.949951171875,1487.0,1505.0,2346185
2022-03-21,1255.44189453125,1479.800048828125,1520.0,1476.199951171875,1495.0,2110200
2022-03-22,1304.98779296875,1538.199951171875,1543.949951171875,1475.050048828125,1486.9000244140625,3030660
2022-03-23,1308.3389892578125,1542.1500244140625,1561.699951171875,1529.199951171875,1550.0,3741783
2022-03-24,1330.736328125,1568.550048828125,1571.949951171875,1530.1500244140625,1530.1500244140625,2085571
2022-03-25,1298.4974365234375,1530.550048828125,1574.949951171875,1522.4000244140625,1571.0,1755511
2022-03-28,1293.3223876953125,1524.449951171875,1538.949951171875,1516.550048828125,1534.0,1928306
2022-03-29,1291.540771484375,1522.3499755859375,1539.550048828125,1519.0999755859375,1537.0,2311150
2022-03-30,1269.4404296875,1496.300048828125,1534.300048828125,1485.0,1534.300048828125,3792481
2022-03-31,1272.11279296875,1499.449951171875,1509.5999755859375,1487.199951171875,1496.300048828125,2036984
2022-04-01,1261.635009765625,1487.0999755859375,1502.6500244140625,1475.449951171875,1499.0,2537230
2022-04-04,1271.4339599609375,1498.6500244140625,1504.300048828125,1483.6500244140625,1487.0999755859375,1675276
2022-04-05,1263.2896728515625,1489.050048828125,1522.5,1480.0,1508.0,3207223
2022-04-06,1238.09228515625,1459.3499755859375,1482.0,1454.0,1482.0,2627895
2022-04-07,1245.897705078125,1468.550048828125,1474.6500244140625,1450.699951171875,1454.0,3336784
2022-04-08,1229.099609375,1448.75,1483.4000244140625,1440.0,1475.0,5402943
2022-04-11,1229.4810791015625,1449.199951171875,1462.3499755859375,1435.6500244140625,1455.949951171875,3268704
2022-04-12,1200.466552734375,1415.0,1441.5999755859375,1406.449951171875,1436.3499755859375,2021088
2022-04-13,1196.6064453125,1410.449951171875,1428.699951171875,1403.4000244140625,1418.0999755859375,1430399
2022-04-18,1140.6976318359375,1344.550048828125,1390.0,1330.199951171875,1390.0,3968044
2022-04-19,1103.920166015625,1301.199951171875,1361.8499755859375,1285.6500244140625,1361.8499755859375,2677360
2022-04-20,1110.7071533203125,1309.199951171875,1320.949951171875,1295.75,1305.4000244140625,3025261
2022-04-21,1113.6766357421875,1312.699951171875,1319.0,1297.449951171875,1313.9000244140625,3728173
2022-04-22,1108.4166259765625,1306.5,1324.0,1292.8499755859375,1305.0,1954666
2022-04-25,1077.7900390625,1270.4000244140625,1297.949951171875,1262.5999755859375,1295.0,2686619
2022-04-26,1082.0743408203125,1275.449951171875,1285.699951171875,1265.0,1281.4000244140625,2568317
2022-04-27,1070.0272216796875,1261.25,1274.5,1246.25,1267.75,2382463
2022-04-28,1078.5535888671875,1271.300048828125,1284.4000244140625,1250.199951171875,1273.800048828125,2576887
2022-04-29,1068.1182861328125,1259.0,1284.800048828125,1248.3499755859375,1284.0,3811317
2022-05-02,1044.5330810546875,1231.199951171875,1249.0,1224.199951171875,1240.0,2149957
2022-05-04,1028.9229736328125,1212.800048828125,1243.949951171875,1200.0,1232.449951171875,2797667
2022-05-05,1071.80859375,1263.3499755859375,1266.0999755859375,1222.1500244140625,1232.8499755859375,3563713
2022-05-06,1095.0545654296875,1290.75,1299.0,1228.699951171875,1239.699951171875,5745203
2022-05-09,1069.9425048828125,1261.1500244140625,1280.0,1210.0,1280.0,5712061
2022-05-10,1053.9503173828125,1242.300048828125,1271.449951171875,1235.0,1255.0,2852416
2022-05-11,1038.8065185546875,1224.449951171875,1265.6500244140625,1207.300048828125,1243.0,3244609
2022-05-12,1028.9229736328125,1212.800048828125,1232.8499755859375,1197.050048828125,1209.0,3110220
2022-05-13,1020.4813842773438,1202.8499755859375,1234.550048828125,1195.0,1228.0,1892084
2022-05-16,1008.7738037109375,1189.050048828125,1221.0,1156.949951171875,1190.0,3474480
2022-05-17,1016.5364379882812,1198.199951171875,1210.0,1183.1500244140625,1195.800048828125,4434968
2022-05-18,994.3511352539062,1172.050048828125,1230.5,1168.5,1209.0,5294021
2022-05-19,940.3088989257812,1108.3499755859375,1153.9000244140625,1100.0,1153.0,4393100
2022-05-20,959.4400634765625,1130.9000244140625,1134.800048828125,1114.75,1128.0,2461651
2022-05-23,969.6206665039062,1142.9000244140625,1147.800048828125,1115.6500244140625,1134.0,2783695
2022-05-24,931.8250732421875,1098.3499755859375,1151.8499755859375,1091.0,1148.0,3666196
2022-05-25,899.4168090820312,1060.1500244140625,1094.9000244140625,1045.0,1091.050048828125,4711542
2022-05-26,915.0695190429688,1078.5999755859375,1089.5,1055.949951171875,1070.0,2946857
2022-05-27,952.9497680664062,1123.25,1126.199951171875,1092.0,1095.0,3367600
2022-05-30,987.521728515625,1164.0,1170.5,1135.449951171875,1142.9000244140625,2469771
2022-05-31,1001.307861328125,1180.25,1192.0,1148.6500244140625,1152.0,9674664
2022-06-01,972.7596435546875,1146.5999755859375,1197.0,1143.0999755859375,1186.1500244140625,2419021
2022-06-02,972.2506713867188,1146.0,1155.4000244140625,1131.699951171875,1140.0,3206663
2022-06-03,973.8626098632812,1147.9000244140625,1182.0,1144.0999755859375,1160.0,3229236
2022-06-06,970.7236328125,1144.199951171875,1149.0,1111.0999755859375,1146.0,3938875
2022-06-07,958.9310913085938,1130.300048828125,1139.800048828125,1120.699951171875,1130.0999755859375,1656444
2022-06-08,953.7557373046875,1124.199951171875,1139.300048828125,1119.9000244140625,1134.9000244140625,1303551
2022-06-09,965.9725952148438,1138.5999755859375,1141.949951171875,1111.6500244140625,1122.0,1323539
2022-06-10,941.58154296875,1109.8499755859375,1123.9000244140625,1100.25,1119.0,3119792
2022-06-13,892.4598999023438,1051.949951171875,1084.5999755859375,1050.0,1081.199951171875,2012004
2022-06-14,873.9651489257812,1030.1500244140625,1056.550048828125,1020.4000244140625,1034.0,5775453
2022-06-15,865.396484375,1020.0499877929688,1037.0,1017.7999877929688,1037.0,3238141
2022-06-16,827.4310913085938,975.2999877929688,1033.5999755859375,971.0,1024.050048828125,5600443
2022-06-17,818.7352294921875,965.0499877929688,974.3499755859375,943.7000122070312,971.0999755859375,7043370
2022-06-20,830.8670654296875,979.3499755859375,988.1500244140625,948.0499877929688,965.0,2985094
2022-06-21,848.4711303710938,1000.0999755859375,1004.6500244140625,980.0,991.4000244140625,3433536
2022-06-22,831.4185791015625,980.0,996.9500122070312,968.0,996.9500122070312,2719988
2022-06-23,840.8355102539062,991.0999755859375,998.5499877929688,971.25,981.0999755859375,2915172
2022-06-24,832.4367065429688,981.2000122070312,1001.0,974.0,1001.0,4056588
2022-06-27,854.4946899414062,1007.2000122070312,1024.0999755859375,996.0,996.0,3796002
2022-06-28,865.9478759765625,1020.7000122070312,1029.0,984.0499877929688,1002.0,2755698
2022-06-29,866.2872314453125,1021.0999755859375,1027.4000244140625,1002.5499877929688,1008.0,3770663
2022-06-30,848.3862915039062,1000.0,1026.0,997.0,1016.0,3264301
2022-07-01,857.4639892578125,1010.7000122070312,1014.0,989.2999877929688,997.0,1842102
2022-07-04,848.3438720703125,999.9500122070312,1013.7999877929688,995.0,1010.7000122070312,1814322
2022-07-05,851.10107421875,1003.2000122070312,1021.9000244140625,999.0,1005.0,3045188
2022-07-06,856.7852783203125,1009.9000244140625,1014.9000244140625,1001.5999755859375,1008.0,2188175
2022-07-07,865.990234375,1020.75,1026.9000244140625,1016.0,1020.9500122070312,1901699
2022-07-08,870.8684692382812,1026.5,1034.699951171875,1014.5499877929688,1031.0,2841036
2022-07-11,854.7915649414062,1007.5499877929688,1017.3499755859375,988.0,1015.0,2892507
2022-07-12,846.1381225585938,997.3499755859375,1016.7999877929688,994.5,1000.0,2013304
2022-07-13,839.94482421875,990.0499877929688,1004.2000122070312,987.0499877929688,1001.4000244140625,2067142
2022-07-14,827.8553466796875,975.7999877929688,998.5999755859375,968.7999877929688,998.0,2212219
2022-07-15,826.1585083007812,973.7999877929688,988.9000244140625,965.0499877929688,980.0,2544737
2022-07-18,855.17333984375,1008.0,1022.0,984.2000122070312,985.0,3946821
2022-07-19,854.9188842773438,1007.7000122070312,1010.9500122070312,991.0,999.9500122070312,2985845
2022-07-20,886.98779296875,1045.5,1051.699951171875,1017.25,1021.25,5574762
2022-07-21,902.0548095703125,1032.75,1035.800048828125,1011.0499877929688,1025.0,4935223
2022-07-22,898.517333984375,1028.699951171875,1043.699951171875,1013.25,1040.0,2985409
2022-07-25,888.516357421875,1017.25,1028.9000244140625,1008.25,1028.9000244140625,2888919
2022-07-26,872.881591796875,999.3499755859375,1037.25,994.1500244140625,1015.0,5939871
2022-07-27,880.1312255859375,1007.6500244140625,1009.9500122070312,992.0,1000.0,2546052
2022-07-28,906.6405029296875,1038.0,1043.449951171875,1015.4000244140625,1021.2000122070312,3428026
2022-07-29,915.942626953125,1048.6500244140625,1068.0,1044.0999755859375,1055.0,6185909
2022-08-01,916.7723999023438,1049.5999755859375,1058.949951171875,1037.800048828125,1058.949951171875,2540084
2022-08-02,901.923828125,1032.5999755859375,1049.5,1030.0,1046.0,2802273
2022-08-03,919.4364624023438,1052.6500244140625,1057.0,1024.699951171875,1027.449951171875,3509019
2022-08-04,922.40625,1056.050048828125,1072.699951171875,1036.199951171875,1063.0,5360632
2022-08-05,924.2841186523438,1058.199951171875,1067.949951171875,1050.449951171875,1060.0,2641829
2022-08-08,922.8865356445312,1056.5999755859375,1064.8499755859375,1049.050048828125,1056.0,2579239
2022-08-10,921.6636962890625,1055.199951171875,1059.1500244140625,1043.050048828125,1056.0,2823021
2022-08-11,940.92333984375,1077.25,1093.9000244140625,1070.199951171875,1072.0,3201408
2022-08-12,931.0096435546875,1065.9000244140625,1076.4000244140625,1062.0,1073.300048828125,1771561
2022-08-16,941.3162231445312,1077.699951171875,1079.949951171875,1056.550048828125,1076.0,2222701
2022-08-17,964.7247924804688,1104.5,1106.9000244140625,1072.199951171875,1072.5,4280823
2022-08-18,965.2925415039062,1105.1500244140625,1109.199951171875,1088.0999755859375,1100.0,3041422
2022-08-19,964.4191284179688,1104.1500244140625,1135.0,1100.0,1110.0,4577717
2022-08-22,942.1898193359375,1078.699951171875,1100.0,1075.25,1096.0,2157609
2022-08-23,931.0096435546875,1065.9000244140625,1070.0999755859375,1047.0,1062.0,2875768
2022-08-24,935.4205322265625,1070.949951171875,1073.4000244140625,1055.0999755859375,1066.0,2180800
2022-08-25,935.1148681640625,1070.5999755859375,1089.6500244140625,1065.550048828125,1080.0,2734931
2022-08-26,948.1729736328125,1085.550048828125,1097.550048828125,1081.0,1083.0,2624896
2022-08-29,904.5004272460938,1035.550048828125,1047.5999755859375,1017.2999877929688,1046.0,6118233
2022-08-30,939.9188232421875,1076.0999755859375,1080.5,1042.300048828125,1048.0,4453769
2022-09-01,919.6548461914062,1052.9000244140625,1065.0,1043.0999755859375,1056.0,6112823
2022-09-02,922.7119140625,1056.4000244140625,1066.5,1047.050048828125,1058.199951171875,1645341
2022-09-05,930.2672119140625,1065.050048828125,1070.800048828125,1054.800048828125,1056.0,1677079
2022-09-06,929.0880737304688,1063.699951171875,1071.0,1050.300048828125,1065.050048828125,3051076
2022-09-07,922.2315063476562,1055.8499755859375,1061.0,1044.0,1052.0,2615897
2022-09-08,951.71044921875,1089.5999755859375,1092.9000244140625,1067.0999755859375,1070.0,2634786
2022-09-09,984.0715942382812,1126.6500244140625,1132.3499755859375,1086.25,1102.6500244140625,3394349
2022-09-12,1004.5540771484375,1150.0999755859375,1165.0,1139.949951171875,1140.0,5230075
2022-09-13,1002.2393798828125,1147.449951171875,1164.449951171875,1143.0999755859375,1156.0,2483685
2022-09-14,973.6340942382812,1114.699951171875,1121.8499755859375,1095.0,1112.0,5179539
2022-09-15,945.9456787109375,1083.0,1124.300048828125,1078.0,1120.300048828125,3392174
2022-09-16,902.4478759765625,1033.199951171875,1073.949951171875,1028.0,1065.0,6635089
2022-09-19,907.9506225585938,1039.5,1051.8499755859375,1023.0999755859375,1036.0,2485826
2022-09-20,922.4935913085938,1056.1500244140625,1065.699951171875,1050.0,1054.0,2321528
2022-09-21,925.9873657226562,1060.1500244140625,1066.949951171875,1047.0,1047.199951171875,2760138
2022-09-22,915.7243041992188,1048.4000244140625,1072.0,1042.25,1050.0,3867282
2022-09-23,904.1074829101562,1035.0999755859375,1049.9000244140625,1022.0,1038.0,3230711
2022-09-26,902.185791015625,1032.9000244140625,1052.25,1013.5499877929688,1029.0,3314114
2022-09-27,893.1019897460938,1022.5,1045.0,1019.0499877929688,1034.949951171875,4448875
2022-09-28,899.3907470703125,1029.699951171875,1036.4000244140625,1008.5499877929688,1016.0,1965519
2022-09-29,879.65087890625,1007.0999755859375,1044.5,1001.6500244140625,1042.8499755859375,3176310
2022-09-30,880.9609985351562,1008.5999755859375,1018.7999877929688,984.5499877929688,1001.0,3848885
2022-10-03,878.25341796875,1005.5,1018.25,999.1500244140625,1010.0,2431236
2022-10-04,898.16796875,1028.300048828125,1036.0,1017.9000244140625,1022.0,2715420
2022-10-06,900.788330078125,1031.300048828125,1045.0,1027.3499755859375,1033.449951171875,2397633
2022-10-07,894.2810668945312,1023.8499755859375,1036.449951171875,1021.0499877929688,1029.9000244140625,1539126
2022-10-10,899.0851440429688,1029.3499755859375,1033.0,1003.5,1008.0999755859375,1660433
2022-10-11,877.6856079101562,1004.8499755859375,1035.0,1000.5499877929688,1034.5,2310765
2022-10-12,887.337158203125,1015.9000244140625,1018.7999877929688,998.2000122070312,1007.7999877929688,2192421
2022-10-13,884.7605590820312,1012.9500122070312,1021.0,1003.0499877929688,1018.8499755859375,1344162
2022-10-14,890.787353515625,1019.8499755859375,1049.9000244140625,1016.0499877929688,1035.0,3492929
2022-10-17,893.7570190429688,1023.25,1027.949951171875,1007.4500122070312,1019.0,1426207
2022-10-18,890.3941650390625,1019.4000244140625,1033.949951171875,1014.0,1028.4000244140625,2395805
2022-10-19,890.2195434570312,1019.2000122070312,1030.0,1016.2999877929688,1024.5,1304927
2022-10-20,909.8284912109375,1041.6500244140625,1043.4000244140625,1007.0,1010.0,1852905
2022-10-21,909.3919067382812,1041.1500244140625,1044.3499755859375,1031.0999755859375,1041.6500244140625,1202009
2022-10-24,915.5060424804688,1048.1500244140625,1051.1500244140625,1045.0,1051.0,231316
2022-10-25,945.5089111328125,1082.5,1086.0,1051.0,1053.4000244140625,3097049
2022-10-27,939.7005615234375,1075.8499755859375,1098.0,1067.1500244140625,1093.300048828125,2342818
2022-10-28,916.2046508789062,1048.949951171875,1081.0,1045.050048828125,1081.0,1542568
2022-10-31,928.8260498046875,1063.4000244140625,1078.300048828125,1053.0,1053.25,2629847
2022-11-01,935.3767700195312,1070.9000244140625,1080.0,1047.1500244140625,1069.0,4709472
2022-11-02,945.072021484375,1082.0,1098.699951171875,1066.3499755859375,1071.0,4104485
2022-11-03,919.611083984375,1052.8499755859375,1071.1500244140625,1050.1500244140625,1070.0,3460133
2022-11-04,920.3099365234375,1053.6500244140625,1058.800048828125,1038.75,1053.0,2531080
2022-11-07,920.1788940429688,1053.5,1067.9000244140625,1044.449951171875,1058.949951171875,2588984
2022-11-09,914.1361083984375,1028.699951171875,1048.949951171875,1025.050048828125,1047.0,2697639
2022-11-10,907.382568359375,1021.0999755859375,1034.0,1005.25,1015.0,3285774
2022-11-11,940.7951049804688,1058.699951171875,1066.0,1046.199951171875,1049.0,5299457
2022-11-14,946.7044677734375,1065.3499755859375,1074.449951171875,1055.449951171875,1062.0,2229790
2022-11-15,948.12646484375,1066.949951171875,1070.5,1050.0,1065.0,1577944
2022-11-16,948.0375366210938,1066.8499755859375,1075.0,1059.0,1066.0,2335937
2022-11-17,940.661865234375,1058.550048828125,1061.8499755859375,1047.300048828125,1060.0,2089630
2022-11-18,942.7057495117188,1060.8499755859375,1065.0,1046.0,1060.0,1617331
2022-11-21,926.4881591796875,1042.5999755859375,1057.9000244140625,1037.800048828125,1055.0999755859375,1475958
2022-11-22,933.6417236328125,1050.6500244140625,1052.9000244140625,1036.050048828125,1042.5999755859375,1696991
2022-11-23,927.7767333984375,1044.050048828125,1058.6500244140625,1041.3499755859375,1055.949951171875,1704144
2022-11-24,950.2147216796875,1069.300048828125,1071.0,1046.0,1049.300048828125,2208145
2022-11-25,959.8564453125,1080.1500244140625,1082.9000244140625,1060.0,1070.0,1943246
2022-11-28,957.2348022460938,1077.199951171875,1091.0,1071.4000244140625,1075.0,1749691
2022-11-29,954.8799438476562,1074.550048828125,1085.449951171875,1072.800048828125,1076.0999755859375,1233868
2022-11-30,957.05712890625,1077.0,1082.0,1063.199951171875,1074.75,3909954
2022-12-01,978.82861328125,1101.5,1107.949951171875,1088.1500244140625,1091.4000244140625,4264917
2022-12-02,990.6030883789062,1114.75,1116.300048828125,1100.050048828125,1101.5,3418928
2022-12-05,977.2736206054688,1099.75,1120.0,1096.25,1120.0,2760688
2022-12-06,967.5431518554688,1088.800048828125,1096.1500244140625,1080.050048828125,1089.0,1838107
2022-12-07,957.990234375,1078.050048828125,1087.300048828125,1074.199951171875,1086.0,1478573
2022-12-08,954.524658203125,1074.1500244140625,1082.4000244140625,1070.300048828125,1078.0999755859375,1110431
2022-12-09,920.0012817382812,1035.300048828125,1075.699951171875,1030.199951171875,1073.949951171875,3138360
2022-12-12,917.1576538085938,1032.0999755859375,1044.4000244140625,1021.7999877929688,1034.0,1689393
2022-12-13,929.2872314453125,1045.75,1047.449951171875,1030.1500244140625,1039.8499755859375,1983827
2022-12-14,946.4823608398438,1065.0999755859375,1068.050048828125,1051.0,1051.0,1983937
2022-12-15,908.8488159179688,1022.75,1060.0,1020.25,1060.0,5184673
2022-12-16,907.115966796875,1020.7999877929688,1033.5,1011.0,1015.0,2994364
2022-12-19,912.3589477539062,1026.699951171875,1028.0999755859375,1009.75,1019.9500122070312,1529622
2022-12-20,904.5833740234375,1017.9500122070312,1025.0,1004.0,1025.0,2149130
2022-12-21,911.7813720703125,1026.050048828125,1030.550048828125,1020.25,1024.5,2037666
2022-12-22,902.7172241210938,1015.8499755859375,1035.0,1012.5999755859375,1030.0,1925482
2022-12-23,884.8557739257812,995.75,1015.5,993.0,1005.0499877929688,1504806
2022-12-26,889.5211181640625,1001.0,1006.5,993.0,1000.3499755859375,966423
2022-12-27,897.118896484375,1009.5499877929688,1012.5999755859375,993.2000122070312,1009.7000122070312,1615647
2022-12-28,903.07275390625,1016.25,1019.4000244140625,1002.2000122070312,1005.2999877929688,1077963
2022-12-29,900.3624267578125,1013.2000122070312,1015.7000122070312,1007.0,1010.0,1977329
2022-12-30,903.2059326171875,1016.4000244140625,1027.6500244140625,1015.0,1022.75,1317151
2023-01-02,897.0744018554688,1009.5,1021.8499755859375,1005.2000122070312,1017.9000244140625,1348611
2023-01-03,909.7819213867188,1023.7999877929688,1024.800048828125,1008.0499877929688,1013.0,1439615
2023-01-04,906.6717529296875,1020.2999877929688,1029.3499755859375,1012.0999755859375,1023.7999877929688,1702044
2023-01-05,898.9850463867188,1011.6500244140625,1024.949951171875,1004.5,1021.0,1376035
2023-01-06,876.3248901367188,986.1500244140625,1011.6500244140625,985.0,1009.5,2346808
2023-01-09,902.1840209960938,1015.25,1021.0,995.4000244140625,997.9500122070312,2190779
2023-01-10,890.9873657226562,1002.6500244140625,1014.0499877929688,999.0499877929688,1013.0,1411099
2023-01-11,894.2752685546875,1006.3499755859375,1016.9500122070312,1003.25,1008.4500122070312,1294200
2023-01-12,890.0098876953125,1001.5499877929688,1013.5,997.2999877929688,1010.0,1948321
2023-01-13,891.431640625,1003.1500244140625,1009.0,986.2999877929688,1004.4500122070312,2837817
2023-01-16,919.245849609375,1034.449951171875,1035.75,1003.25,1008.2000122070312,4286551
2023-01-17,929.5540161132812,1046.050048828125,1050.0,1030.9000244140625,1034.0,2466876
2023-01-18,931.5977783203125,1048.3499755859375,1051.5,1043.5,1046.050048828125,1138627
2023-01-19,935.9966430664062,1053.300048828125,1054.0,1040.0999755859375,1043.9000244140625,1768051
2023-01-20,929.9539184570312,1046.5,1057.5,1041.8499755859375,1052.5,1160517
2023-01-23,946.6602172851562,1065.300048828125,1069.5999755859375,1047.25,1053.5,1344952
2023-01-24,951.369873046875,1070.5999755859375,1077.300048828125,1065.300048828125,1070.0,1578750
2023-01-25,934.0861206054688,1051.1500244140625,1067.699951171875,1049.0,1065.0,1049973
2023-01-27,915.3802490234375,1030.0999755859375,1057.6500244140625,1021.5,1051.0,1651820
2023-01-30,920.7120971679688,1036.0999755859375,1047.949951171875,1018.4000244140625,1030.0999755859375,2654212
2023-01-31,901.9619140625,1015.0,1028.8499755859375,996.0499877929688,1025.0,5797831
2023-02-01,909.7374877929688,1023.75,1034.5,1003.2999877929688,1018.0499877929688,1939670
2023-02-02,903.42822265625,1016.6500244140625,1044.25,1011.0999755859375,1027.300048828125,3860090
2023-02-03,898.6739501953125,1011.2999877929688,1026.9000244140625,1003.0,1024.449951171875,2980262
2023-02-06,893.3865966796875,1005.3499755859375,1016.4000244140625,997.0,1006.0,2003960
2023-02-07,890.8095703125,1002.4500122070312,1008.4500122070312,997.0,1005.0,1697633
2023-02-08,898.4517822265625,1011.0499877929688,1021.1500244140625,1004.3499755859375,1007.5,2611176
2023-02-09,902.8506469726562,1016.0,1017.7000122070312,1002.5999755859375,1011.0499877929688,1782899
2023-02-10,904.0501708984375,1017.3499755859375,1021.5999755859375,1004.0999755859375,1011.5499877929688,1116554
2023-02-13,890.8540649414062,1002.5,1017.7999877929688,1000.5,1015.0,1682312
2023-02-14,899.3405151367188,1012.0499877929688,1025.699951171875,1005.75,1006.0499877929688,2440189
2023-02-15,952.0809326171875,1071.4000244140625,1075.0,1008.2999877929688,1014.9000244140625,6712218
2023-02-16,1004.3768310546875,1130.25,1141.050048828125,1074.050048828125,1075.0,14422445
2023-02-17,1003.4437866210938,1129.199951171875,1139.0,1108.0999755859375,1108.0999755859375,5333732
2023-02-20,1016.7731323242188,1144.199951171875,1156.8499755859375,1120.0,1129.5,4590531
2023-02-21,1008.1090087890625,1134.449951171875,1151.949951171875,1131.050048828125,1146.0,3494288
2023-02-22,1000.3333740234375,1125.699951171875,1134.25,1118.0,1122.0,2674708
2023-02-23,1003.0881958007812,1128.800048828125,1149.5,1124.050048828125,1127.0,2576193
2023-02-24,994.379638671875,1119.0,1141.0,1116.0,1137.0,1913493
2023-02-27,989.8920288085938,1113.949951171875,1118.25,1096.8499755859375,1109.0,2247105
2023-02-28,977.7177734375,1100.25,1135.5,1096.75,1118.0,3894204
2023-03-01,1001.4000244140625,1126.9000244140625,1129.0,1097.0,1100.25,2084324
2023-03-02,986.204345703125,1109.800048828125,1124.0,1105.0,1120.0,1838692
2023-03-03,964.2994995117188,1085.1500244140625,1119.5999755859375,1082.449951171875,1118.0,2388401
2023-03-06,968.6537475585938,1090.050048828125,1096.0,1085.0,1092.0,2076844
2023-03-08,958.2125244140625,1078.300048828125,1088.4000244140625,1069.5999755859375,1080.0,2230530
2023-03-09,941.9505004882812,1060.0,1083.3499755859375,1057.3499755859375,1082.0,2550755
2023-03-10,943.061279296875,1061.25,1062.949951171875,1041.050048828125,1045.0,1400844
2023-03-13,1007.5313720703125,1133.800048828125,1164.699951171875,1125.0,1125.0,13080169
2023-03-14,991.0918579101562,1115.300048828125,1138.25,1098.4000244140625,1128.0,4325522
2023-03-15,990.2919311523438,1114.4000244140625,1132.199951171875,1110.550048828125,1124.9000244140625,2583351
2023-03-16,993.2689819335938,1117.75,1122.5999755859375,1101.050048828125,1106.0,2396839
2023-03-17,1001.6220092773438,1127.1500244140625,1132.5,1114.199951171875,1123.3499755859375,2507004
2023-03-20,985.493408203125,1109.0,1136.800048828125,1096.0,1136.800048828125,4007438
2023-03-21,973.630126953125,1095.6500244140625,1109.8499755859375,1086.449951171875,1104.949951171875,3354949
2023-03-22,977.1403198242188,1099.5999755859375,1106.300048828125,1093.550048828125,1097.0,1750203
2023-03-23,977.0068969726562,1099.449951171875,1112.0,1087.0999755859375,1087.0999755859375,1720354
2023-03-24,979.2283935546875,1101.949951171875,1118.0,1096.6500244140625,1105.0,1943460
2023-03-27,980.16162109375,1103.0,1113.6500244140625,1090.0999755859375,1090.0999755859375,1455300
2023-03-28,951.1034545898438,1070.300048828125,1104.5999755859375,1066.199951171875,1099.0,2431154
2023-03-29,960.7003784179688,1081.0999755859375,1087.4000244140625,1065.0999755859375,1075.699951171875,1642278
2023-03-31,979.1396484375,1101.8499755859375,1106.0,1091.449951171875,1095.0,2281085
2023-04-03,980.3392944335938,1103.199951171875,1105.0,1085.0999755859375,1104.5999755859375,1508662
2023-04-05,980.6058349609375,1103.5,1115.0,1098.5999755859375,1102.0,1947605
2023-04-06,971.0531616210938,1092.75,1104.949951171875,1083.0,1104.0,1355815
2023-04-10,983.9382934570312,1107.25,1111.75,1090.8499755859375,1096.3499755859375,940829
2023-04-11,975.9404907226562,1098.25,1117.0,1092.4000244140625,1108.0,1384483
2023-04-12,986.2931518554688,1109.9000244140625,1113.5,1090.800048828125,1103.0,1376719
2023-04-13,965.8101806640625,1086.8499755859375,1100.25,1076.0,1100.25,2725180
2023-04-17,915.2469482421875,1029.949951171875,1038.0,1002.0,1035.0,4349422
2023-04-18,911.0259399414062,1025.199951171875,1037.75,1011.0,1034.800048828125,2735592
2023-04-19,900.9844360351562,1013.9000244140625,1029.0,1010.0,1025.199951171875,1953837
2023-04-20,908.004638671875,1021.7999877929688,1023.7999877929688,1010.0499877929688,1015.0999755859375,1250758
2023-04-21,887.5216674804688,998.75,1019.5999755859375,993.8499755859375,1014.2999877929688,4269272
2023-04-24,894.0530395507812,1006.0999755859375,1007.4500122070312,991.0,1002.0,1625433
2023-04-25,885.966552734375,997.0,1006.0999755859375,994.4000244140625,1006.0,1984203
2023-04-26,885.344482421875,996.2999877929688,1002.5,992.7000122070312,997.0,1589700
2023-04-27,891.431640625,1003.1500244140625,1008.6500244140625,993.0,999.0,3543950
2023-04-28,909.6929931640625,1023.7000122070312,1026.699951171875,981.0499877929688,981.9500122070312,5146250
2023-05-02,936.1298828125,1053.449951171875,1065.800048828125,1020.4000244140625,1020.4000244140625,4762884
2023-05-03,923.8223876953125,1039.5999755859375,1050.75,1038.25,1039.9000244140625,2217136
2023-05-04,929.0206909179688,1045.449951171875,1047.050048828125,1028.8499755859375,1033.0,1744298
2023-05-05,920.9786987304688,1036.4000244140625,1050.699951171875,1031.550048828125,1046.0,1222282
2023-05-08,927.1546630859375,1043.3499755859375,1047.0,1035.300048828125,1040.949951171875,1487285
2023-05-09,931.109130859375,1047.800048828125,1051.449951171875,1039.8499755859375,1048.4000244140625,1747630
2023-05-10,929.6429443359375,1046.1500244140625,1051.0,1038.1500244140625,1048.0,1186977
2023-05-11,927.7767333984375,1044.050048828125,1058.800048828125,1042.949951171875,1055.0,1451786
2023-05-12,929.8204345703125,1046.3499755859375,1053.5,1034.050048828125,1044.050048828125,1140016
2023-05-15,945.90478515625,1064.449951171875,1069.9000244140625,1042.0,1046.0,2122222
2023-05-16,939.462158203125,1057.199951171875,1071.800048828125,1053.0,1069.9000244140625,1343911
2023-05-17,936.751953125,1054.1500244140625,1066.4000244140625,1039.0,1058.0,2803566
2023-05-18,931.9088745117188,1048.699951171875,1059.949951171875,1045.050048828125,1059.0,909923
2023-05-19,952.7473754882812,1072.1500244140625,1078.75,1049.0,1056.550048828125,2624323
2023-05-22,981.4501953125,1104.449951171875,1110.449951171875,1070.0999755859375,1072.0,2996190
2023-05-23,969.0535888671875,1090.5,1119.199951171875,1086.4000244140625,1104.0,1414119
2023-05-24,976.3850708007812,1098.75,1103.3499755859375,1085.0,1085.25,1782245
2023-05-25,975.807373046875,1098.0999755859375,1100.0,1081.550048828125,1097.0,1200289
2023-05-26,990.6030883789062,1114.75,1120.4000244140625,1099.0,1099.0,2104054
2023-05-29,989.981201171875,1114.050048828125,1128.050048828125,1110.0999755859375,1128.050048828125,1432241
2023-05-30,976.073974609375,1098.4000244140625,1120.800048828125,1095.0,1115.0,2822485
2023-05-31,991.3138427734375,1115.550048828125,1127.449951171875,1096.0,1098.4000244140625,7599886
2023-06-01,995.9791870117188,1120.800048828125,1136.699951171875,1117.5999755859375,1122.0,1412280
2023-06-02,998.0230102539062,1123.0999755859375,1139.199951171875,1117.5999755859375,1128.0,1907589
2023-06-05,985.804443359375,1109.3499755859375,1134.550048828125,1107.5,1124.0999755859375,1754521
2023-06-06,965.2769775390625,1086.25,1102.0,1071.550048828125,1100.0,3284841
2023-06-07,973.6746215820312,1095.699951171875,1099.0,1084.199951171875,1095.0,2086377
2023-06-08,951.9920043945312,1071.300048828125,1101.5,1069.0,1101.0,4054486
2023-06-09,944.6607666015625,1063.050048828125,1079.0,1060.0999755859375,1079.0,2782697
2023-06-12,955.0576782226562,1074.75,1079.0,1062.1500244140625,1066.0,1767945
2023-06-13,959.1898803710938,1079.4000244140625,1087.9000244140625,1075.4000244140625,1079.550048828125,1846534
2023-06-14,957.59033203125,1077.5999755859375,1084.949951171875,1071.050048828125,1080.0,1321534
2023-06-15,961.0560913085938,1081.5,1083.5,1069.3499755859375,1078.949951171875,1389325
2023-06-16,957.2348022460938,1077.199951171875,1086.949951171875,1071.449951171875,1083.5,4392418
2023-06-19,971.8084106445312,1093.5999755859375,1095.800048828125,1074.050048828125,1079.0,2188899
2023-06-20,984.0271606445312,1107.3499755859375,1110.949951171875,1088.199951171875,1093.5999755859375,3318866
2023-06-21,995.1795654296875,1119.9000244140625,1120.75,1104.0999755859375,1107.3499755859375,1985965
2023-06-22,994.4241943359375,1119.050048828125,1126.25,1110.4000244140625,1116.9000244140625,2360795
2023-06-23,991.2694702148438,1115.5,1118.0,1094.050048828125,1114.0,3492348
2023-06-26,988.0706176757812,1111.9000244140625,1126.0,1108.300048828125,1112.199951171875,1432154
2023-06-27,995.0015869140625,1119.699951171875,1121.0,1106.699951171875,1109.0,1227245
2023-06-28,984.6935424804688,1108.0999755859375,1126.949951171875,1104.699951171875,1120.0,1876800
2023-06-30,1004.9100952148438,1130.8499755859375,1132.5,1110.5999755859375,1114.6500244140625,2478834
2023-07-03,996.5567016601562,1121.449951171875,1136.9000244140625,1115.0999755859375,1136.0,1899656
2023-07-04,1020.1500854492188,1148.0,1156.0,1120.0999755859375,1123.550048828125,2773593
2023-07-05,1044.14306640625,1175.0,1184.949951171875,1146.5,1150.800048828125,3732838
2023-07-06,1047.919921875,1179.25,1184.0,1162.0,1175.0,2520085
2023-07-07,1027.2591552734375,1156.0,1184.300048828125,1151.25,1170.0,2261102
2023-07-10,1019.3947143554688,1147.1500244140625,1159.949951171875,1135.5999755859375,1159.949951171875,2088505
2023-07-11,1032.10205078125,1161.449951171875,1166.199951171875,1145.0999755859375,1154.6500244140625,1212566
2023-07-12,1030.2802734375,1159.4000244140625,1169.0,1153.449951171875,1166.0,1274203
2023-07-13,1044.365234375,1175.25,1191.9000244140625,1153.5,1159.4000244140625,3215610
2023-07-14,1091.818359375,1228.6500244140625,1232.0,1183.0,1183.949951171875,6033106
2023-07-17,1104.037109375,1242.4000244140625,1270.75,1220.6500244140625,1235.9000244140625,4880073
2023-07-18,1108.6134033203125,1247.550048828125,1258.4000244140625,1225.0,1243.0,2666872
2023-07-19,1106.0809326171875,1244.699951171875,1261.699951171875,1231.0999755859375,1255.0,2293881
2023-07-20,1113.4119873046875,1252.949951171875,1255.5,1235.5999755859375,1245.0,2000345
2023-07-21,1089.8388671875,1195.0999755859375,1217.949951171875,1181.0,1199.5,5032086
2023-07-24,1059.5174560546875,1161.8499755859375,1203.949951171875,1155.25,1196.5,2669308
2023-07-25,1054.6387939453125,1156.5,1164.699951171875,1145.0,1164.0,2557865
2023-07-26,1042.510009765625,1143.199951171875,1167.0,1139.449951171875,1158.0,3170213
2023-07-27,1003.0238647460938,1099.9000244140625,1125.0,1082.300048828125,1111.0,17594818
2023-07-28,994.9534301757812,1091.050048828125,1100.0,1085.050048828125,1100.0,4244321
2023-07-31,1017.249755859375,1115.5,1119.0,1087.1500244140625,1095.0,4766331
2023-08-01,1042.78369140625,1143.5,1154.5,1119.9000244140625,1120.0,3805214
2023-08-02,1044.744384765625,1145.6500244140625,1152.5999755859375,1125.5999755859375,1143.0,2357217
2023-08-03,1042.1455078125,1142.800048828125,1146.949951171875,1121.300048828125,1140.0,2348236
2023-08-04,1071.691650390625,1175.199951171875,1181.8499755859375,1142.800048828125,1153.949951171875,3580506
2023-08-07,1079.3973388671875,1183.6500244140625,1192.8499755859375,1172.0999755859375,1180.0,1694290
2023-08-08,1099.2318115234375,1205.4000244140625,1208.9000244140625,1175.0999755859375,1186.0,5137402
2023-08-09,1119.84130859375,1228.0,1236.5,1200.199951171875,1206.949951171875,3396984
2023-08-10,1126.9541015625,1235.800048828125,1239.199951171875,1215.5999755859375,1220.0,3715680
2023-08-11,1112.9560546875,1220.449951171875,1250.3499755859375,1215.300048828125,1235.800048828125,2933959
2023-08-14,1112.317626953125,1219.75,1221.199951171875,1203.0,1212.0999755859375,1842625
2023-08-16,1119.704345703125,1227.8499755859375,1239.0,1220.0,1221.0,2341456
2023-08-17,1123.2607421875,1231.75,1233.9000244140625,1214.550048828125,1225.0,2636308
2023-08-18,1104.156005859375,1210.800048828125,1225.949951171875,1205.1500244140625,1225.949951171875,1794430
2023-08-21,1111.4970703125,1218.8499755859375,1224.0,1204.3499755859375,1205.0,1175945
2023-08-22,1106.344482421875,1213.199951171875,1223.0,1209.25,1218.8499755859375,1003208
2023-08-23,1095.21923828125,1201.0,1218.8499755859375,1199.199951171875,1213.199951171875,1569035
2023-08-24,1093.4864501953125,1199.0999755859375,1216.5,1196.699951171875,1206.199951171875,1218843
2023-08-25,1084.732177734375,1189.5,1197.199951171875,1178.449951171875,1190.0,1213340
2023-08-28,1080.4005126953125,1184.75,1196.300048828125,1182.300048828125,1189.550048828125,950013
2023-08-29,1092.4833984375,1198.0,1207.9000244140625,1188.25,1192.4000244140625,1419344
2023-08-30,1091.7537841796875,1197.199951171875,1221.5999755859375,1194.550048828125,1207.949951171875,2016339
2023-08-31,1096.0855712890625,1201.949951171875,1214.5,1198.0,1199.0,2817747
2023-09-01,1119.88671875,1228.050048828125,1229.9000244140625,1204.050048828125,1205.0,1686038
2023-09-04,1146.05908203125,1256.75,1266.0,1225.550048828125,1235.0,3466873
2023-09-05,1144.052734375,1254.550048828125,1266.5999755859375,1248.6500244140625,1258.75,2199985
2023-09-06,1138.9456787109375,1248.949951171875,1259.5999755859375,1235.8499755859375,1254.550048828125,1753376
2023-09-07,1157.4578857421875,1269.25,1274.8499755859375,1238.6500244140625,1248.949951171875,2554884
2023-09-08,1151.7127685546875,1262.949951171875,1278.0,1259.050048828125,1272.0,1731105
2023-09-11,1157.093017578125,1268.8499755859375,1275.0,1263.5,1265.0,1293853
2023-09-12,1154.4942626953125,1266.0,1283.800048828125,1251.550048828125,1271.800048828125,2335224
2023-09-13,1149.3873291015625,1260.4000244140625,1268.75,1253.9000244140625,1260.300048828125,1204376
2023-09-14,1167.1243896484375,1279.8499755859375,1289.3499755859375,1262.0,1262.0,3288631
2023-09-15,1185.545166015625,1300.050048828125,1303.699951171875,1274.0,1278.199951171875,4316210
2023-09-18,1176.197998046875,1289.800048828125,1302.0,1283.0,1301.0,1967717
2023-09-20,1162.108642578125,1274.3499755859375,1289.1500244140625,1269.050048828125,1282.0,2843560
2023-09-21,1177.885009765625,1291.6500244140625,1296.0,1265.9000244140625,1275.949951171875,2960250
2023-09-22,1190.3782958984375,1305.3499755859375,1320.0,1284.0,1290.050048828125,3252940
2023-09-25,1184.998046875,1299.449951171875,1314.4000244140625,1296.050048828125,1305.3499755859375,2100302
2023-09-26,1169.3585205078125,1282.300048828125,1303.050048828125,1279.1500244140625,1300.0,1141475
2023-09-27,1175.1490478515625,1288.6500244140625,1293.9000244140625,1264.0,1269.949951171875,1568115
2023-09-28,1121.2088623046875,1229.5,1274.050048828125,1222.0,1274.050048828125,6570797
2023-09-29,1115.0992431640625,1222.800048828125,1231.6500244140625,1210.0,1224.0,2861162
2023-10-03,1109.080322265625,1216.199951171875,1230.699951171875,1212.550048828125,1220.5999755859375,1622290
2023-10-04,1098.8668212890625,1205.0,1215.5,1186.050048828125,1210.0,2340603
2023-10-05,1099.4140625,1205.5999755859375,1223.949951171875,1199.5,1214.0,2497613
2023-10-06,1109.71875,1216.9000244140625,1223.0,1205.0,1207.0,1446719
2023-10-09,1105.843017578125,1212.6500244140625,1227.75,1202.1500244140625,1203.25,1451064
2023-10-10,1119.613037109375,1227.75,1231.449951171875,1213.0,1215.199951171875,1503359
2023-10-11,1123.1241455078125,1231.5999755859375,1238.9000244140625,1222.0,1230.0999755859375,1622663
2023-10-12,1093.1673583984375,1198.75,1232.0,1189.300048828125,1232.0,2452842
2023-10-13,1088.927001953125,1194.0999755859375,1202.949951171875,1180.0,1187.0,3266079
2023-10-16,1080.263671875,1184.5999755859375,1198.25,1180.800048828125,1195.300048828125,2638043
2023-10-17,1092.11865234375,1197.5999755859375,1203.0,1188.449951171875,1190.0,1163897
2023-10-18,1082.5435791015625,1187.0999755859375,1202.0,1178.050048828125,1200.0,2337078
2023-10-19,1068.9102783203125,1172.1500244140625,1185.449951171875,1167.800048828125,1170.550048828125,3107691
2023-10-20,1067.5877685546875,1170.699951171875,1176.0,1148.4000244140625,1170.0,2962470
2023-10-23,1054.13720703125,1155.949951171875,1170.949951171875,1151.550048828125,1164.0999755859375,1203959
2023-10-25,1041.5526123046875,1142.1500244140625,1165.9000244140625,1136.5,1162.0,1555285
2023-10-26,1017.2041015625,1115.449951171875,1120.0,1098.1500244140625,1100.050048828125,7099401
2023-10-27,1021.85498046875,1120.550048828125,1125.949951171875,1114.050048828125,1119.949951171875,1382498
2023-10-30,1027.6458740234375,1126.9000244140625,1138.9000244140625,1115.5,1120.550048828125,2255915
2023-10-31,1033.34521484375,1133.1500244140625,1137.1500244140625,1115.550048828125,1126.9000244140625,1194765
2023-11-01,1026.0042724609375,1125.0999755859375,1138.0,1119.949951171875,1130.949951171875,1288497
2023-11-02,1028.2164306640625,1115.5,1130.0,1113.800048828125,1125.0,2493118
2023-11-03,1044.439208984375,1133.0999755859375,1136.0,1116.0,1124.0,1108121
2023-11-06,1052.7813720703125,1142.1500244140625,1144.800048828125,1134.3499755859375,1137.5,572330
2023-11-07,1059.09521484375,1149.0,1150.300048828125,1136.550048828125,1142.0,902481
2023-11-08,1050.015869140625,1139.1500244140625,1152.8499755859375,1137.050048828125,1151.75,806162
2023-11-09,1036.0052490234375,1123.949951171875,1141.0,1117.199951171875,1140.0,6042108
2023-11-10,1049.09423828125,1138.1500244140625,1139.75,1121.5,1122.0,706806
2023-11-13,1042.8262939453125,1131.3499755859375,1142.1500244140625,1128.0,1140.5999755859375,435537
2023-11-15,1081.90869140625,1173.75,1178.8499755859375,1143.5,1145.0,2816201
2023-11-16,1112.7412109375,1207.199951171875,1214.949951171875,1167.4000244140625,1175.0,2294942
2023-11-17,1108.6395263671875,1202.75,1213.949951171875,1198.0,1212.199951171875,1176628
2023-11-20,1116.9814453125,1211.800048828125,1222.5,1202.75,1204.9000244140625,1077366
2023-11-21,1110.2525634765625,1204.5,1221.1500244140625,1200.4000244140625,1219.949951171875,1129326
2023-11-22,1120.2996826171875,1215.4000244140625,1218.0,1204.0,1205.0,750622
2023-11-23,1116.1517333984375,1210.9000244140625,1220.9000244140625,1206.949951171875,1215.0,651637
2023-11-24,1104.122802734375,1197.8499755859375,1214.949951171875,1195.0999755859375,1212.050048828125,884921
2023-11-28,1108.3170166015625,1202.4000244140625,1209.0,1186.0,1195.0999755859375,910795
2023-11-29,1126.106689453125,1221.699951171875,1234.5999755859375,1206.6500244140625,1207.0,1898448
2023-11-30,1125.4154052734375,1220.949951171875,1228.300048828125,1208.699951171875,1222.0,2978406
2023-12-01,1125.0467529296875,1220.550048828125,1226.800048828125,1211.550048828125,1226.800048828125,1017856
2023-12-04,1128.134521484375,1223.9000244140625,1249.199951171875,1218.0,1238.0,1581599
2023-12-05,1125.0927734375,1220.5999755859375,1226.25,1208.8499755859375,1224.0,1499843
2023-12-06,1129.332763671875,1225.199951171875,1247.0,1218.6500244140625,1223.0,2637916
2023-12-07,1127.5355224609375,1223.25,1231.0,1220.0999755859375,1226.0,1076885
2023-12-08,1129.425048828125,1225.300048828125,1237.949951171875,1217.25,1230.0,2642571
2023-12-11,1136.7991943359375,1233.300048828125,1240.5,1225.300048828125,1231.0,1558876
2023-12-12,1130.2086181640625,1226.1500244140625,1245.0,1218.6500244140625,1237.949951171875,1114846
2023-12-13,1120.9449462890625,1216.0999755859375,1233.949951171875,1197.050048828125,1226.0,3025706
2023-12-14,1165.7421875,1264.699951171875,1269.800048828125,1230.1500244140625,1235.0,5287733
2023-12-15,1203.9027099609375,1306.0999755859375,1324.800048828125,1262.5,1270.0,5900381
2023-12-18,1190.6756591796875,1291.75,1333.050048828125,1286.449951171875,1305.0,2671348
2023-12-19,1181.1815185546875,1281.449951171875,1300.949951171875,1269.199951171875,1300.0,1717860
2023-12-20,1150.9019775390625,1248.5999755859375,1314.0,1238.199951171875,1291.0,2860865
2023-12-21,1152.2845458984375,1250.0999755859375,1258.550048828125,1226.0,1232.0,3337533
2023-12-22,1175.3746337890625,1275.1500244140625,1280.9000244140625,1242.5,1260.0,2297352
2023-12-26,1181.6883544921875,1282.0,1288.75,1260.550048828125,1275.0,1720830
2023-12-27,1179.9832763671875,1280.1500244140625,1291.5,1267.25,1287.9000244140625,1584695
2023-12-28,1185.329345703125,1285.949951171875,1289.0,1270.550048828125,1285.0,2284964
2023-12-29,1173.070068359375,1272.6500244140625,1291.949951171875,1268.0999755859375,1285.949951171875,1187193
2024-01-01,1195.653076171875,1297.1500244140625,1303.800048828125,1265.25,1273.0,1776828
2024-01-02,1178.0936279296875,1278.0999755859375,1299.0999755859375,1272.8499755859375,1298.0,1615064
2024-01-03,1146.845947265625,1244.199951171875,1274.0,1240.0,1265.0,2231707
2024-01-04,1149.8880615234375,1247.5,1254.699951171875,1231.699951171875,1250.0999755859375,3355191
2024-01-05,1150.62548828125,1248.300048828125,1271.8499755859375,1245.550048828125,1254.9000244140625,1756868
2024-01-08,1132.7894287109375,1228.949951171875,1254.25,1221.4000244140625,1250.199951171875,1320667
2024-01-09,1138.9652099609375,1235.6500244140625,1251.199951171875,1232.5999755859375,1240.550048828125,994439
2024-01-10,1143.804443359375,1240.9000244140625,1246.449951171875,1228.300048828125,1236.5,808638
2024-01-11,1151.639404296875,1249.4000244140625,1261.800048828125,1240.9000244140625,1240.9000244140625,930492
2024-01-12,1205.7003173828125,1308.050048828125,1311.75,1267.0,1271.800048828125,5023455
2024-01-15,1232.984130859375,1337.6500244140625,1401.5,1333.8499755859375,1335.0,6012767
2024-01-16,1217.083984375,1320.4000244140625,1332.199951171875,1310.5,1330.0999755859375,1883106
2024-01-17,1222.93701171875,1326.75,1334.5,1305.25,1306.0,2313059
2024-01-18,1249.11474609375,1355.1500244140625,1369.5,1306.0,1326.699951171875,4533782
2024-01-19,1281.145751953125,1389.9000244140625,1397.8499755859375,1355.0,1373.9000244140625,4463826
2024-01-23,1259.7149658203125,1366.6500244140625,1416.300048828125,1356.75,1396.5,2683661
2024-01-24,1297.783447265625,1407.949951171875,1410.5,1365.550048828125,1372.949951171875,2008135
2024-01-25,1218.6048583984375,1322.050048828125,1356.3499755859375,1312.050048828125,1348.0,8424862
2024-01-29,1211.5072021484375,1314.3499755859375,1338.0,1311.0,1338.0,2495791
2024-01-30,1214.7332763671875,1317.8499755859375,1340.949951171875,1315.0,1323.949951171875,2293154
2024-01-31,1229.297119140625,1333.6500244140625,1336.0,1312.300048828125,1318.0999755859375,1798462
2024-02-01,1209.8021240234375,1312.5,1336.3499755859375,1309.75,1330.0,2286420
2024-02-02,1233.398681640625,1338.0999755859375,1354.0,1323.050048828125,1323.5,1838847
2024-02-05,1228.467529296875,1332.75,1353.0999755859375,1328.0,1345.800048828125,953919
2024-02-06,1245.335693359375,1351.050048828125,1362.4000244140625,1328.0999755859375,1330.0,2713529
2024-02-07,1214.87158203125,1318.0,1358.699951171875,1314.050048828125,1351.5,2004588
2024-02-08,1206.8062744140625,1309.25,1329.6500244140625,1302.0,1326.0,2308756
2024-02-09,1208.465576171875,1311.050048828125,1321.449951171875,1305.949951171875,1317.0,1085349
2024-02-12,1215.6090087890625,1318.800048828125,1331.0,1311.0999755859375,1318.4000244140625,1149683
2024-02-13,1224.50390625,1328.449951171875,1334.800048828125,1300.0,1321.949951171875,1127361
2024-02-14,1191.73583984375,1292.9000244140625,1319.949951171875,1282.6500244140625,1310.0,3426103
2024-02-15,1198.6026611328125,1300.3499755859375,1308.0,1291.550048828125,1304.699951171875,1703763
2024-02-16,1200.6304931640625,1302.550048828125,1309.199951171875,1298.0,1305.0999755859375,1994659
2024-02-19,1207.49755859375,1310.0,1318.0,1287.449951171875,1302.949951171875,1496111
2024-02-20,1217.22216796875,1320.550048828125,1323.6500244140625,1302.0,1310.0,2113200
2024-02-21,1195.1461181640625,1296.5999755859375,1325.0,1292.199951171875,1320.0,1769508
2024-02-22,1224.1812744140625,1328.0999755859375,1330.5,1299.3499755859375,1307.0,2201424
2024-02-23,1218.7891845703125,1322.25,1342.550048828125,1316.300048828125,1338.9000244140625,1660506
2024-02-26,1196.6669921875,1298.25,1324.9000244140625,1295.0,1322.25,1196507
2024-02-27,1194.63916015625,1296.050048828125,1305.050048828125,1283.699951171875,1295.0,1488661
2024-02-28,1185.2373046875,1285.8499755859375,1306.050048828125,1271.0,1302.0,1289779
2024-02-29,1174.17626953125,1273.8499755859375,1285.199951171875,1264.25,1280.0,2251498
2024-03-01,1172.28662109375,1271.800048828125,1287.0,1268.0,1287.0,1560034
2024-03-04,1179.89111328125,1280.050048828125,1285.5,1270.0999755859375,1275.5999755859375,1843831
2024-03-05,1172.9317626953125,1272.5,1279.9000244140625,1259.0999755859375,1274.9000244140625,1420379
2024-03-06,1171.5491943359375,1271.0,1274.3499755859375,1250.0999755859375,1267.5,2064350
2024-03-07,1187.3572998046875,1288.1500244140625,1293.0999755859375,1265.550048828125,1275.0,2073691
2024-03-11,1188.1407470703125,1289.0,1296.300048828125,1275.5,1288.1500244140625,1577732
2024-03-12,1191.1827392578125,1292.300048828125,1307.6500244140625,1277.699951171875,1295.0,1963068
2024-03-13,1177.2640380859375,1277.199951171875,1299.4000244140625,1266.300048828125,1292.300048828125,2001399
2024-03-14,1192.150390625,1293.3499755859375,1297.449951171875,1258.050048828125,1272.0,2129097
2024-03-15,1181.8726806640625,1282.199951171875,1293.0,1268.5,1293.0,2499025
2024-03-18,1173.070068359375,1272.6500244140625,1287.449951171875,1268.050048828125,1282.0,630807
2024-03-19,1154.2662353515625,1252.25,1272.6500244140625,1248.9000244140625,1270.0,1243420
2024-03-20,1165.3736572265625,1264.300048828125,1272.0,1247.0,1252.0,1139621
2024-03-21,1182.3798828125,1282.75,1287.449951171875,1270.6500244140625,1275.0,1420041
2024-03-22,1163.8525390625,1262.6500244140625,1279.9000244140625,1236.0999755859375,1258.5,2990908
2024-03-26,1156.2020263671875,1254.3499755859375,1271.5999755859375,1251.0,1262.25,2144358
2024-03-27,1155.695068359375,1253.800048828125,1263.1500244140625,1246.550048828125,1258.0,2128854
2024-03-28,1150.4410400390625,1248.0999755859375,1264.949951171875,1242.0,1260.0,2436133
2024-04-01,1147.168701171875,1244.550048828125,1261.1500244140625,1242.0,1252.0999755859375,1397037
2024-04-02,1140.0252685546875,1236.800048828125,1251.949951171875,1235.0999755859375,1244.0,1320357
2024-04-03,1156.9395751953125,1255.1500244140625,1263.0,1240.0,1240.0,1819093
2024-04-04,1179.153564453125,1279.25,1289.0,1246.9000244140625,1260.0,2460669
2024-04-05,1164.5438232421875,1263.4000244140625,1275.949951171875,1260.199951171875,1275.0,1184658
2024-04-08,1166.156982421875,1265.1500244140625,1270.0,1256.0999755859375,1270.0,686932
2024-04-09,1153.4827880859375,1251.4000244140625,1281.0,1242.75,1265.0999755859375,1198161
2024-04-10,1167.217041015625,1266.300048828125,1273.449951171875,1252.0,1260.449951171875,1994380
2024-04-12,1144.9105224609375,1242.0999755859375,1269.75,1238.0,1264.949951171875,2887322
2024-04-15,1123.3875732421875,1218.75,1240.6500244140625,1211.0,1235.0,2153147
2024-04-16,1102.2333984375,1195.800048828125,1213.1500244140625,1191.0,1205.0,2085459
2024-04-18,1087.3470458984375,1179.6500244140625,1207.8499755859375,1176.050048828125,1199.550048828125,3242357
2024-04-19,1100.2515869140625,1193.6500244140625,1204.8499755859375,1162.949951171875,1163.050048828125,2572144
2024-04-22,1113.5247802734375,1208.050048828125,1216.699951171875,1195.0999755859375,1196.0999755859375,1364143
2024-04-23,1106.3350830078125,1200.25,1218.0,1198.800048828125,1218.0,1460983
2024-04-24,1092.92333984375,1185.699951171875,1207.949951171875,1181.5,1207.949951171875,1375843
2024-04-25,1097.1636962890625,1190.300048828125,1193.550048828125,1172.800048828125,1185.0,3357065
2024-04-26,1178.69287109375,1278.75,1347.0,1241.0,1250.0,20431926
2024-04-29,1187.49560546875,1288.300048828125,1311.0,1285.0,1290.0,4120529
2024-04-30,1164.635986328125,1263.5,1291.0999755859375,1260.050048828125,1288.300048828125,2613213
2024-05-02,1167.7701416015625,1266.9000244140625,1274.3499755859375,1253.5,1263.199951171875,2124221
2024-05-03,1152.607177734375,1250.449951171875,1272.0,1243.050048828125,1270.0,2322455
2024-05-06,1163.48388671875,1262.25,1265.699951171875,1245.0999755859375,1258.0,1363667
2024-05-07,1191.3209228515625,1292.449951171875,1294.800048828125,1256.9000244140625,1268.0,2350444
2024-05-08,1186.2972412109375,1287.0,1300.0,1280.3499755859375,1294.0,1332284
2024-05-09,1169.7978515625,1269.0999755859375,1285.9000244140625,1261.4000244140625,1282.0,2420777
2024-05-10,1165.4656982421875,1264.4000244140625,1273.199951171875,1248.25,1266.0,1322206
2024-05-13,1163.2994384765625,1262.050048828125,1266.3499755859375,1250.050048828125,1264.4000244140625,593453
2024-05-14,1175.6971435546875,1275.5,1284.0,1254.0999755859375,1263.949951171875,1386032
2024-05-15,1174.7752685546875,1274.5,1282.949951171875,1265.0,1275.0,1008105
2024-05-16,1205.60791015625,1307.949951171875,1312.5999755859375,1281.300048828125,1287.0,4868225
2024-05-17,1203.257568359375,1305.4000244140625,1320.0,1297.800048828125,1309.0999755859375,1925387
2024-05-21,1220.3099365234375,1323.9000244140625,1327.0,1304.0999755859375,1307.0,1453689
2024-05-22,1226.3013916015625,1330.4000244140625,1335.4000244140625,1311.050048828125,1330.0,1411627
2024-05-23,1232.8458251953125,1337.5,1343.949951171875,1325.0999755859375,1336.0,1440740
2024-05-24,1218.3282470703125,1321.75,1345.0,1318.0,1337.5,1288301
2024-05-27,1225.6561279296875,1329.699951171875,1342.800048828125,1318.25,1323.0,980450
2024-05-28,1212.198486328125,1315.0999755859375,1330.3499755859375,1311.300048828125,1329.0,1608944
2024-05-29,1185.7904052734375,1286.449951171875,1314.0,1284.0999755859375,1314.0,1405567
2024-05-30,1143.75830078125,1240.8499755859375,1287.75,1235.3499755859375,1280.050048828125,2610479
2024-05-31,1132.328369140625,1228.449951171875,1255.25,1224.050048828125,1245.949951171875,4649449
2024-06-03,1147.90625,1245.3499755859375,1261.800048828125,1236.550048828125,1255.0,1091287
2024-06-04,1142.3297119140625,1239.300048828125,1253.699951171875,1193.6500244140625,1245.3499755859375,2471911
2024-06-05,1167.7701416015625,1266.9000244140625,1284.949951171875,1236.75,1260.0,2709585
2024-06-06,1214.364501953125,1317.449951171875,1323.5999755859375,1274.199951171875,1285.0,3205121
2024-06-07,1269.80810546875,1377.5999755859375,1381.0,1327.0,1330.0,5790599
2024-06-10,1235.4727783203125,1340.3499755859375,1378.0,1335.1500244140625,1377.5999755859375,2532308
2024-06-11,1243.86083984375,1349.449951171875,1359.8499755859375,1341.1500244140625,1348.9000244140625,1465705
2024-06-12,1263.3558349609375,1370.5999755859375,1381.0,1357.1500244140625,1364.800048828125,2786009
2024-06-13,1280.2701416015625,1388.949951171875,1396.8499755859375,1375.3499755859375,1380.0,1953367
2024-06-14,1264.139404296875,1371.449951171875,1395.75,1364.0999755859375,1395.0,1733356
2024-06-18,1264.0472412109375,1371.3499755859375,1391.449951171875,1370.1500244140625,1380.449951171875,950760
2024-06-19,1273.080322265625,1381.1500244140625,1386.949951171875,1361.0,1377.0,1313197
2024-06-20,1284.09521484375,1393.0999755859375,1399.0,1371.449951171875,1386.0,1987190
2024-06-21,1290.271240234375,1399.800048828125,1440.300048828125,1386.050048828125,1408.0,6836535
2024-06-24,1292.0224609375,1401.699951171875,1409.0,1381.0,1390.0,1111433
2024-06-25,1316.0340576171875,1427.75,1432.0,1394.75,1398.800048828125,2201375
2024-06-26,1302.484375,1413.050048828125,1434.800048828125,1410.0,1432.800048828125,1565878
2024-06-27,1320.1820068359375,1432.25,1443.800048828125,1392.0,1404.3499755859375,4286657
2024-06-28,1318.4307861328125,1430.3499755859375,1453.0,1426.6500244140625,1441.0,2222285
2024-07-01,1356.913818359375,1472.0999755859375,1478.5,1424.1500244140625,1430.3499755859375,3837301
2024-07-02,1356.9600830078125,1472.1500244140625,1498.0,1470.0,1480.0,2092643
2024-07-03,1364.0113525390625,1479.800048828125,1485.0,1461.0,1479.949951171875,896602
2024-07-04,1344.9771728515625,1459.1500244140625,1492.0,1453.300048828125,1482.0,1322999
2024-07-05,1347.0050048828125,1461.3499755859375,1470.0,1449.949951171875,1467.0,1334838
2024-07-08,1352.76611328125,1467.5999755859375,1478.949951171875,1460.1500244140625,1461.3499755859375,807698
2024-07-09,1351.060791015625,1465.75,1469.4000244140625,1455.0,1466.0,1049695
2024-07-10,1348.8485107421875,1463.3499755859375,1472.800048828125,1441.5,1472.0999755859375,802718
2024-07-11,1346.313720703125,1460.5999755859375,1476.0,1441.25,1476.0,1408434
2024-07-12,1387.285888671875,1505.050048828125,1511.800048828125,1461.050048828125,1475.0,4372156
2024-07-15,1381.75537109375,1499.050048828125,1527.5,1492.0,1520.0999755859375,2374623
2024-07-16,1397.563232421875,1516.199951171875,1519.0,1489.0999755859375,1503.3499755859375,1794159
2024-07-18,1418.90185546875,1539.3499755859375,1545.699951171875,1505.0,1507.0,2752497
2024-07-19,1400.1722412109375,1491.4000244140625,1539.949951171875,1486.5,1538.0,2504915
2024-07-22,1404.068359375,1495.550048828125,1505.8499755859375,1476.0999755859375,1479.949951171875,2225781
2024-07-23,1402.0498046875,1493.4000244140625,1502.699951171875,1460.0,1491.0,1640492
2024-07-24,1439.5091552734375,1533.300048828125,1540.0,1473.4000244140625,1493.4000244140625,2561617
2024-07-25,1436.4110107421875,1530.0,1547.550048828125,1504.9000244140625,1525.0,3283912
2024-07-26,1446.8790283203125,1541.1500244140625,1544.6500244140625,1444.25,1530.0,7133745
2024-07-29,1432.0455322265625,1525.3499755859375,1554.699951171875,1510.050048828125,1545.6500244140625,1755979
2024-07-30,1443.9686279296875,1538.050048828125,1551.949951171875,1520.0,1520.0,1622543
2024-07-31,1459.3184814453125,1554.4000244140625,1561.75,1535.0,1538.0,2398955
2024-08-01,1449.9771728515625,1544.449951171875,1569.0,1537.5999755859375,1554.4000244140625,1315921
2024-08-02,1415.47509765625,1507.699951171875,1533.550048828125,1502.300048828125,1525.5,2894949
2024-08-05,1367.2659912109375,1456.3499755859375,1484.25,1426.75,1470.0,2186582
2024-08-06,1392.66162109375,1483.4000244140625,1503.0,1465.5,1465.5,1665788
2024-08-07,1383.5078125,1473.6500244140625,1515.25,1471.0,1500.800048828125,3002937
2024-08-08,1376.748291015625,1466.449951171875,1488.1500244140625,1462.0,1470.0,2333194
2024-08-09,1414.5361328125,1506.699951171875,1509.25,1480.550048828125,1484.949951171875,1521252
2024-08-12,1419.9815673828125,1512.5,1524.5,1489.4000244140625,1506.699951171875,1809860
2024-08-13,1411.4381103515625,1503.4000244140625,1523.6500244140625,1495.1500244140625,1508.300048828125,580901
2024-08-14,1431.153564453125,1524.4000244140625,1529.449951171875,1505.0,1512.0,2833790
2024-08-16,1488.328369140625,1585.300048828125,1589.0,1531.300048828125,1558.4000244140625,3224481
2024-08-19,1497.1065673828125,1594.6500244140625,1602.699951171875,1575.8499755859375,1587.8499755859375,1640507
2024-08-20,1528.979736328125,1628.5999755859375,1633.6500244140625,1595.25,1601.0,2442281
2024-08-21,1506.4947509765625,1604.6500244140625,1628.0,1602.0,1616.0,1935929
2024-08-22,1512.691162109375,1611.25,1620.6500244140625,1596.0,1605.050048828125,1562554
2024-08-23,1500.6270751953125,1598.4000244140625,1616.949951171875,1593.050048828125,1613.050048828125,1020913
2024-08-26,1539.8233642578125,1640.1500244140625,1643.0,1609.0,1610.0,1510157
2024-08-27,1525.224609375,1624.5999755859375,1645.0,1622.0999755859375,1644.0,1083351
2024-08-28,1527.80615234375,1627.3499755859375,1665.0,1616.199951171875,1620.0,3033590
2024-08-29,1546.582763671875,1647.3499755859375,1656.25,1620.050048828125,1620.050048828125,2194339
2024-08-30,1536.3963623046875,1636.5,1663.75,1631.0999755859375,1647.0,1926984
2024-09-02,1545.9256591796875,1646.6500244140625,1662.0,1635.550048828125,1636.5,1582818
2024-09-03,1543.531494140625,1644.0999755859375,1659.25,1632.0999755859375,1639.0,1739553
2024-09-04,1544.6583251953125,1645.300048828125,1650.0,1608.9000244140625,1619.75,1643875
2024-09-05,1539.2130126953125,1639.5,1657.9000244140625,1632.9000244140625,1653.0,1080904
2024-09-06,1523.95703125,1623.25,1651.199951171875,1613.949951171875,1639.5,1672937
2024-09-09,1482.6015625,1579.199951171875,1631.300048828125,1574.75,1623.199951171875,2965098
2024-09-10,1509.0765380859375,1607.4000244140625,1613.699951171875,1578.5,1592.0,2541973
2024-09-11,1504.570068359375,1602.5999755859375,1627.0,1598.0999755859375,1612.0,1395340
2024-09-12,1542.733642578125,1643.25,1649.5999755859375,1606.0,1619.9000244140625,2356422
2024-09-13,1554.750732421875,1656.050048828125,1659.9000244140625,1638.0,1649.9000244140625,1373924
2024-09-16,1548.1319580078125,1649.0,1670.0,1646.5,1651.0999755859375,1060407
2024-09-17,1550.52587890625,1651.550048828125,1672.0,1641.0999755859375,1649.0,1499644
2024-09-18,1507.198974609375,1605.4000244140625,1648.1500244140625,1589.0,1648.1500244140625,2930297
2024-09-19,1497.7635498046875,1595.3499755859375,1635.3499755859375,1587.050048828125,1620.0,3032379
2024-09-20,1522.830322265625,1622.050048828125,1629.300048828125,1582.4000244140625,1608.0,3984683
2024-09-23,1508.841796875,1607.1500244140625,1631.0,1594.5,1624.949951171875,1535902
2024-09-24,1536.9598388671875,1637.0999755859375,1643.5,1598.0999755859375,1601.550048828125,1781972
2024-09-25,1504.7109375,1602.75,1643.0999755859375,1590.050048828125,1637.0999755859375,2505756
2024-09-26,1508.654052734375,1606.949951171875,1619.8499755859375,1596.0,1610.0,2173853
2024-09-27,1510.8134765625,1609.25,1664.800048828125,1604.550048828125,1625.0,3539822
2024-09-30,1480.7237548828125,1577.199951171875,1606.0,1567.8499755859375,1606.0,3460691
2024-10-01,1525.9754638671875,1625.4000244140625,1642.9000244140625,1580.0,1580.0,5176596
2024-10-03,1505.931396484375,1604.050048828125,1631.1500244140625,1596.1500244140625,1615.0,2332279
2024-10-04,1517.572998046875,1616.449951171875,1648.4000244140625,1591.0,1591.0,2927576
2024-10-07,1519.5445556640625,1618.550048828125,1632.050048828125,1600.199951171875,1624.949951171875,1619326
2024-10-08,1529.4490966796875,1629.0999755859375,1635.0,1603.5999755859375,1625.0,1311331
2024-10-09,1557.3323974609375,1658.800048828125,1669.800048828125,1632.050048828125,1639.0,2177241
2024-10-10,1520.6240234375,1619.699951171875,1675.949951171875,1611.3499755859375,1673.0,1518162
2024-10-11,1546.30126953125,1647.050048828125,1650.0,1603.0,1603.0,1019027
2024-10-14,1588.97119140625,1692.5,1697.0,1648.0,1648.0,2070051
2024-10-15,1572.8702392578125,1675.3499755859375,1703.449951171875,1663.5,1700.0,2503380
2024-10-16,1558.7408447265625,1660.300048828125,1677.449951171875,1652.800048828125,1670.0,1070524
2024-10-17,1595.073486328125,1699.0,1709.9000244140625,1656.0,1660.699951171875,3771316
2024-10-18,1584.6524658203125,1687.9000244140625,1702.4000244140625,1645.5999755859375,1695.0,3119646
2024-10-21,1597.138916015625,1701.199951171875,1761.8499755859375,1690.050048828125,1745.0,5898020
2024-10-22,1592.7734375,1696.550048828125,1726.949951171875,1691.449951171875,1703.4000244140625,2484594
2024-10-23,1629.7633056640625,1735.949951171875,1749.0,1685.5999755859375,1696.550048828125,4198781
2024-10-24,1629.575439453125,1735.75,1748.0,1728.050048828125,1735.050048828125,1570443
2024-10-25,1611.4559326171875,1716.449951171875,1742.4000244140625,1710.3499755859375,1735.75,1743714
2024-10-28,1598.40625,1702.550048828125,1727.949951171875,1693.199951171875,1710.0,1271473
2024-10-29,1594.6041259765625,1698.5,1724.0999755859375,1680.3499755859375,1709.0,1499121
2024-10-30,1581.8826904296875,1684.949951171875,1712.1500244140625,1682.25,1704.0999755859375,1305424
2024-10-31,1523.815673828125,1608.6500244140625,1669.800048828125,1595.550048828125,1666.5999755859375,3638913
2024-11-01,1519.0792236328125,1603.6500244140625,1619.0,1598.800048828125,1619.0,249236
2024-11-04,1551.9967041015625,1638.4000244140625,1640.25,1608.050048828125,1614.0,2746587
2024-11-05,1546.5499267578125,1632.6500244140625,1654.0,1623.800048828125,1638.300048828125,1376651
2024-11-06,1604.23828125,1693.550048828125,1697.75,1635.0,1649.949951171875,3164061
2024-11-07,1563.93212890625,1651.0,1715.5,1644.3499755859375,1695.0,1285140
2024-11-08,1592.681640625,1681.3499755859375,1686.449951171875,1650.050048828125,1660.0,1883257
2024-11-11,1614.2791748046875,1704.1500244140625,1715.449951171875,1666.050048828125,1672.800048828125,1587351
2024-11-12,1598.03369140625,1687.0,1710.5,1684.0,1710.0,1414446
2024-11-13,1587.23486328125,1675.5999755859375,1689.0,1663.6500244140625,1680.0,1063556
2024-11-14,1598.50732421875,1687.5,1692.0,1663.0,1663.0,1919974
2024-11-18,1573.21533203125,1660.800048828125,1688.0,1633.25,1684.75,1617013
2024-11-19,1610.0167236328125,1699.6500244140625,1724.4000244140625,1664.0999755859375,1664.9000244140625,1982317
2024-11-21,1612.4793701171875,1702.25,1725.0,1684.800048828125,1712.0,2212146
2024-11-22,1655.295654296875,1747.449951171875,1749.8499755859375,1702.25,1714.75,2344087
2024-11-25,1641.2288818359375,1732.5999755859375,1767.800048828125,1727.8499755859375,1760.0,3913302
2024-11-26,1653.35400390625,1745.4000244140625,1762.0,1731.050048828125,1732.5999755859375,1291712
2024-11-27,1664.1527099609375,1756.800048828125,1767.0,1735.550048828125,1741.0,2088228
2024-11-28,1622.994140625,1713.3499755859375,1760.0,1706.800048828125,1757.0,1787990
2024-11-29,1621.99951171875,1712.300048828125,1730.0,1700.5,1708.0,1556942
2024-12-02,1653.8748779296875,1745.949951171875,1748.0,1705.9000244140625,1710.0,1370756
2024-12-03,1657.2376708984375,1749.5,1761.0,1737.5999755859375,1760.0,1824151
2024-12-04,1666.804931640625,1759.5999755859375,1774.5999755859375,1740.5999755859375,1742.0999755859375,1811165
2024-12-05,1692.712646484375,1786.949951171875,1793.949951171875,1755.0999755859375,1759.5999755859375,2762694
2024-12-06,1688.7816162109375,1782.800048828125,1797.0,1775.5999755859375,1797.0,1180840
2024-12-09,1684.0926513671875,1777.8499755859375,1800.75,1771.199951171875,1779.0999755859375,1069659
2024-12-10,1670.546875,1763.550048828125,1777.0,1753.300048828125,1766.199951171875,1625591
2024-12-11,1669.8363037109375,1762.800048828125,1769.75,1750.050048828125,1765.0,1285654
2024-12-12,1695.2227783203125,1789.5999755859375,1807.699951171875,1761.050048828125,1768.050048828125,3018243
2024-12-13,1701.664306640625,1796.4000244140625,1804.5999755859375,1761.0,1781.0,1503188
2024-12-16,1681.9139404296875,1775.550048828125,1793.5,1766.0,1793.5,1075193
2024-12-17,1677.3670654296875,1770.75,1789.1500244140625,1761.0,1777.449951171875,1160899
2024-12-18,1685.087158203125,1778.9000244140625,1787.949951171875,1760.550048828125,1762.050048828125,1337600
2024-12-19,1661.8319091796875,1754.3499755859375,1768.9000244140625,1735.0,1739.949951171875,2402819
2024-12-20,1597.1337890625,1686.050048828125,1770.8499755859375,1680.0999755859375,1770.0,2921154
2024-12-23,1622.09423828125,1712.4000244140625,1725.0,1685.8499755859375,1690.9000244140625,1301223
2024-12-24,1614.98974609375,1704.9000244140625,1725.3499755859375,1695.699951171875,1717.5999755859375,711026
2024-12-26,1609.1165771484375,1698.699951171875,1714.6500244140625,1690.6500244140625,1707.0999755859375,659638
2024-12-27,1621.3837890625,1711.6500244140625,1716.5,1698.699951171875,1704.949951171875,647945
2024-12-30,1649.043701171875,1740.8499755859375,1773.5999755859375,1693.800048828125,1715.0,6781500
2024-12-31,1616.22119140625,1706.199951171875,1729.0,1682.449951171875,1729.0,1459630
2025-01-01,1613.9949951171875,1703.8499755859375,1717.5999755859375,1691.25,1700.5999755859375,721479
2025-01-02,1635.8768310546875,1726.949951171875,1735.699951171875,1696.0,1709.0,1238954
2025-01-03,1600.3544921875,1689.449951171875,1729.8499755859375,1681.3499755859375,1712.199951171875,2448088
2025-01-06,1597.37060546875,1686.300048828125,1711.300048828125,1675.0,1704.75,945693
2025-01-07,1583.01953125,1671.1500244140625,1705.0,1661.5,1693.0,1305847
2025-01-08,1576.009765625,1663.75,1669.949951171875,1634.0,1667.949951171875,673344
2025-01-09,1556.1646728515625,1642.800048828125,1669.5,1638.199951171875,1663.699951171875,774065
2025-01-10,1615.65283203125,1705.5999755859375,1714.0,1636.300048828125,1653.0999755859375,2208899
2025-01-13,1572.1259765625,1659.6500244140625,1701.0,1649.9000244140625,1698.050048828125,1401093
2025-01-14,1560.61669921875,1647.5,1670.449951171875,1621.300048828125,1669.9000244140625,2480288
2025-01-15,1587.5662841796875,1675.949951171875,1679.0,1650.1500244140625,1658.0,1079742
2025-01-16,1598.6495361328125,1687.6500244140625,1722.8499755859375,1670.949951171875,1695.0,2334315
2025-01-17,1572.7418212890625,1660.300048828125,1699.9000244140625,1650.4000244140625,1684.75,2502285
2025-01-20,1586.28759765625,1674.5999755859375,1687.1500244140625,1625.0,1663.0,4856268
2025-01-21,1553.98583984375,1640.5,1703.550048828125,1636.0999755859375,1674.5999755859375,2500061
2025-01-22,1595.1444091796875,1683.949951171875,1688.75,1635.25,1642.699951171875,2478559
2025-01-23,1623.0413818359375,1713.4000244140625,1729.5,1671.0,1671.0,2255334
2025-01-24,1632.1826171875,1723.050048828125,1736.4000244140625,1705.3499755859375,1719.0,1257165
2025-01-27,1566.6793212890625,1653.9000244140625,1713.9000244140625,1645.0,1710.0,1174799
2025-01-28,1561.421875,1648.3499755859375,1664.6500244140625,1638.0,1655.949951171875,1820874
2025-01-29,1592.4921875,1681.1500244140625,1685.0,1654.050048828125,1663.949951171875,1146508
2025-01-30,1582.02490234375,1670.0999755859375,1704.9000244140625,1657.0,1685.0,868832
2025-01-31,1586.1455078125,1674.449951171875,1695.0,1665.25,1675.0,1065425
2025-02-01,1559.5748291015625,1646.4000244140625,1685.9000244140625,1636.699951171875,1674.5,410470
2025-02-03,1567.43701171875,1654.699951171875,1664.050048828125,1605.1500244140625,1630.0,1415698
2025-02-04,1571.5577392578125,1659.050048828125,1676.949951171875,1645.050048828125,1662.75,1467006
2025-02-05,1573.4049072265625,1661.0,1671.0,1644.4000244140625,1662.8499755859375,1449280
2025-02-06,1581.5513916015625,1669.5999755859375,1684.699951171875,1650.0,1670.0,1288106
2025-02-07,1602.8646240234375,1692.0999755859375,1695.5999755859375,1657.9000244140625,1675.0,1582031
2025-02-10,1609.4483642578125,1699.050048828125,1703.75,1673.199951171875,1683.0,1235699
2025-02-11,1581.0775146484375,1669.0999755859375,1709.0,1663.199951171875,1706.0,1800036
2025-02-12,1591.59228515625,1680.199951171875,1690.0,1668.800048828125,1680.0,1889477
2025-02-13,1586.95068359375,1675.300048828125,1689.449951171875,1640.550048828125,1675.0,1555491
2025-02-14,1571.60498046875,1659.0999755859375,1694.0,1652.050048828125,1685.0,961944
2025-02-17,1577.1463623046875,1664.949951171875,1667.949951171875,1631.0,1655.9000244140625,1114005
2025-02-18,1615.08447265625,1705.0,1708.949951171875,1664.050048828125,1668.0,2654136
2025-02-19,1596.89697265625,1685.800048828125,1712.4000244140625,1675.050048828125,1694.050048828125,1113961
2025-02-20,1570.4208984375,1657.8499755859375,1693.6500244140625,1655.0,1680.0,1485087
2025-02-21,1562.51123046875,1649.5,1664.949951171875,1642.199951171875,1657.75,1479239
2025-02-24,1528.5992431640625,1613.699951171875,1643.949951171875,1604.25,1630.0,1672609
2025-02-25,1509.8907470703125,1593.949951171875,1614.0,1589.0,1608.050048828125,1425126
2025-02-27,1504.491455078125,1588.25,1595.699951171875,1569.9000244140625,1575.0,2208643
2025-02-28,1409.3861083984375,1487.8499755859375,1572.9000244140625,1478.4000244140625,1570.0,4155992
2025-03-03,1414.31201171875,1493.050048828125,1531.5,1476.199951171875,1500.0,2851006
2025-03-04,1409.7650146484375,1488.25,1499.449951171875,1433.050048828125,1475.0,2386196
2025-03-05,1456.9862060546875,1538.0999755859375,1549.0,1487.5,1488.25,1967418
2025-03-06,1424.163330078125,1503.449951171875,1550.800048828125,1500.949951171875,1541.0,2246380
2025-03-07,1413.64892578125,1492.3499755859375,1507.199951171875,1482.0,1501.949951171875,893696
2025-03-10,1408.4388427734375,1486.8499755859375,1500.0,1482.5,1492.3499755859375,798491
2025-03-11,1401.1923828125,1479.199951171875,1487.4000244140625,1453.5999755859375,1464.5,1769157
2025-03-12,1362.44921875,1438.300048828125,1489.0,1408.800048828125,1481.0,2665932
2025-03-13,1364.67529296875,1440.6500244140625,1456.25,1422.0,1442.0,995812
2025-03-17,1364.154296875,1440.0999755859375,1448.0,1425.199951171875,1442.949951171875,1747569
2025-03-18,1364.154296875,1440.0999755859375,1440.0999755859375,1440.0999755859375,1440.0999755859375,0
2025-03-19,1322.52197265625,1396.1500244140625,1431.800048828125,1394.4000244140625,1430.6500244140625,5557840
2025-03-20,1336.162841796875,1410.550048828125,1421.0,1400.050048828125,1403.1500244140625,2863413
2025-03-21,1334.9312744140625,1409.25,1431.0999755859375,1382.050048828125,1390.050048828125,4056023
2025-03-24,1381.72607421875,1458.6500244140625,1467.6500244140625,1413.5999755859375,1415.8499755859375,3072831
2025-03-25,1378.7420654296875,1455.5,1483.9000244140625,1449.449951171875,1474.0,2056315
2025-03-26,1341.609375,1416.300048828125,1464.0,1409.5,1464.0,2231144
2025-03-27,1348.80859375,1423.9000244140625,1430.0,1406.0,1407.1500244140625,2541022
2025-03-28,1343.4566650390625,1418.25,1430.0,1408.550048828125,1415.0999755859375,1642693
2025-04-01,1321.57470703125,1395.1500244140625,1416.949951171875,1385.4000244140625,1402.0,1578367
2025-04-02,1348.0035400390625,1423.050048828125,1426.050048828125,1397.1500244140625,1397.1500244140625,1617949
2025-04-03,1297.1353759765625,1369.3499755859375,1400.0,1360.25,1397.0,1943422
2025-04-04,1251.2877197265625,1320.949951171875,1359.199951171875,1318.8499755859375,1350.0,1757493
2025-04-07,1220.0755615234375,1288.0,1293.800048828125,1209.4000244140625,1245.0,3044730
2025-04-08,1245.083251953125,1314.4000244140625,1342.050048828125,1291.1500244140625,1314.0,2868814
2025-04-09,1205.6297607421875,1272.75,1299.949951171875,1264.3499755859375,1290.0,3724878
2025-04-11,1214.6287841796875,1282.25,1312.3499755859375,1274.199951171875,1275.0,1803181
2025-04-15,1233.052978515625,1301.699951171875,1314.199951171875,1286.800048828125,1314.199951171875,1511866
2025-04-16,1239.683837890625,1308.699951171875,1314.5999755859375,1283.5,1292.0,1093342
2025-04-17,1237.884033203125,1306.800048828125,1308.9000244140625,1275.9000244140625,1295.0999755859375,3027966
2025-04-21,1301.0665283203125,1373.5,1389.0,1303.0,1304.0,3759267
2025-04-22,1303.9083251953125,1376.5,1396.0,1361.199951171875,1374.0,2471135
2025-04-23,1363.6806640625,1439.5999755859375,1449.4000244140625,1408.0,1418.9000244140625,5944062
2025-04-24,1368.9852294921875,1445.199951171875,1467.5,1434.300048828125,1445.0,2501415
2025-04-25,1384.8994140625,1462.0,1473.9000244140625,1375.0,1455.4000244140625,8211667
2025-04-28,1384.4256591796875,1461.5,1480.0,1437.0,1469.300048828125,2079431
2025-04-29,1416.443359375,1495.300048828125,1504.9000244140625,1463.300048828125,1466.199951171875,2652788
2025-04-30,1423.7371826171875,1503.0,1510.800048828125,1490.0,1495.300048828125,1858465
2025-05-02,1415.3065185546875,1494.0999755859375,1519.0,1489.800048828125,1505.0,1582577
2025-05-05,1415.7801513671875,1494.5999755859375,1506.5,1490.5,1499.0,846022
2025-05-06,1417.2957763671875,1496.199951171875,1504.800048828125,1486.0999755859375,1496.9000244140625,1545773
2025-05-07,1416.3485107421875,1495.199951171875,1504.9000244140625,1480.5999755859375,1489.0999755859375,1272555
2025-05-08,1423.547607421875,1502.800048828125,1518.5,1488.0,1500.9000244140625,2829448
2025-05-09,1414.9276123046875,1493.699951171875,1501.300048828125,1478.0999755859375,1480.0,923174
2025-05-12,1490.140380859375,1573.0999755859375,1576.5,1517.4000244140625,1522.0,1891418
2025-05-13,1489.572021484375,1572.5,1600.9000244140625,1565.0999755859375,1600.300048828125,3724272
2025-05-14,1518.6529541015625,1603.199951171875,1609.4000244140625,1578.0999755859375,1584.0,2354571
2025-05-15,1543.1871337890625,1629.0999755859375,1636.4000244140625,1600.199951171875,1606.0,2972408
2025-05-16,1531.7252197265625,1617.0,1635.9000244140625,1601.300048828125,1635.0,1159095
2025-05-19,1513.537841796875,1597.800048828125,1626.199951171875,1593.0999755859375,1617.0,681874
2025-05-20,1492.8873291015625,1576.0,1619.5,1573.300048828125,1612.0,1869716
2025-05-21,1513.9166259765625,1598.199951171875,1603.0,1569.4000244140625,1577.0,930031
2025-05-22,1483.0357666015625,1565.5999755859375,1589.699951171875,1558.0,1589.699951171875,1789310
2025-05-23,1496.960693359375,1580.300048828125,1604.0,1567.800048828125,1575.0,1159290
2025-05-26,1516.947998046875,1601.4000244140625,1604.4000244140625,1583.0,1583.0,711029
2025-05-27,1508.422607421875,1592.4000244140625,1604.300048828125,1578.5,1601.4000244140625,1394001
2025-05-28,1496.960693359375,1580.300048828125,1602.0,1578.0999755859375,1600.800048828125,820958
2025-05-29,1515.621826171875,1600.0,1604.9000244140625,1584.5,1592.0999755859375,1799251
2025-05-30,1490.8980712890625,1573.9000244140625,1595.0,1568.0,1595.0,2780942
2025-06-02,1467.4061279296875,1549.0999755859375,1569.0,1542.0999755859375,1565.0,2120693
2025-06-03,1462.3856201171875,1543.800048828125,1564.9000244140625,1533.9000244140625,1555.9000244140625,2316285
2025-06-04,1474.6051025390625,1556.699951171875,1566.5999755859375,1544.0,1544.800048828125,1439090
2025-06-05,1480.3836669921875,1562.800048828125,1570.300048828125,1547.0,1560.0,1529586
2025-06-06,1488.245849609375,1571.0999755859375,1573.5,1555.4000244140625,1564.800048828125,828051
2025-06-09,1495.823974609375,1579.0999755859375,1591.5,1571.0999755859375,1575.0,598108
2025-06-10,1525.9468994140625,1610.9000244140625,1633.5,1579.0,1579.0999755859375,3324373
2025-06-11,1551.1441650390625,1637.5,1649.0,1604.5999755859375,1618.0,2660949
2025-06-12,1557.68017578125,1644.4000244140625,1658.0,1611.9000244140625,1636.0,2316173
2025-06-13,1571.51025390625,1659.0,1669.0,1604.5999755859375,1605.0,2511076
2025-06-16,1604.56982421875,1693.9000244140625,1706.0,1651.199951171875,1658.0,2160406
2025-06-17,1627.9671630859375,1718.5999755859375,1725.0,1684.199951171875,1692.4000244140625,2105126
2025-06-18,1620.483642578125,1710.699951171875,1732.800048828125,1708.4000244140625,1717.0999755859375,1299278
2025-06-19,1595.19189453125,1684.0,1694.0,1660.699951171875,1684.0,3056884
2025-06-20,1606.65380859375,1696.0999755859375,1708.5,1669.199951171875,1680.0,3425550
2025-06-23,1593.10791015625,1681.800048828125,1692.0,1675.699951171875,1680.0,732380
2025-06-24,1588.6556396484375,1677.0999755859375,1708.5,1674.699951171875,1698.800048828125,1923989
2025-06-25,1615.08447265625,1705.0,1714.0,1675.800048828125,1689.800048828125,1416375
2025-06-26,1601.0648193359375,1690.199951171875,1703.5,1670.300048828125,1695.0,2528268
2025-06-27,1586.09814453125,1674.4000244140625,1701.800048828125,1662.5999755859375,1698.0,6183785
2025-06-30,1598.03369140625,1687.0,1689.5,1660.0,1680.5999755859375,1546996
2025-07-01,1583.06689453125,1671.199951171875,1697.4000244140625,1669.300048828125,1690.0,1689051
2025-07-02,1588.6556396484375,1677.0999755859375,1699.0,1667.5,1675.0,1931642
2025-07-03,1583.7301025390625,1671.9000244140625,1693.0,1670.0,1684.9000244140625,1713273
2025-07-04,1596.558837890625,1655.199951171875,1663.9000244140625,1640.5,1645.0,1310544
2025-07-07,1566.3677978515625,1623.9000244140625,1647.9000244140625,1615.5,1647.9000244140625,1550115
2025-07-08,1577.4603271484375,1635.4000244140625,1643.800048828125,1619.0,1623.0,1318755
2025-07-09,1557.5902099609375,1614.800048828125,1636.4000244140625,1612.0,1634.800048828125,1173847
2025-07-10,1543.410888671875,1600.0999755859375,1617.4000244140625,1590.0999755859375,1614.800048828125,1631315
2025-07-11,1545.725830078125,1602.5,1607.0,1577.800048828125,1580.0,2559235
2025-07-14,1520.83984375,1576.699951171875,1598.0,1564.0999755859375,1598.0,2068336
2025-07-15,1523.0584716796875,1579.0,1594.9000244140625,1553.0,1554.5999755859375,2574760
2025-07-16,1550.9345703125,1607.9000244140625,1611.0,1577.300048828125,1580.0,2207039
2025-07-17,1508.300537109375,1563.699951171875,1603.9000244140625,1560.9000244140625,1583.4000244140625,7617296
2025-07-18,1494.02490234375,1548.9000244140625,1574.0,1538.0,1573.0,3619191
2025-07-21,1489.1055908203125,1543.800048828125,1553.4000244140625,1531.300048828125,1551.0,988104
2025-07-22,1492.3851318359375,1547.199951171875,1552.800048828125,1541.199951171875,1550.0,1404790
2025-07-23,1491.8062744140625,1546.5999755859375,1552.9000244140625,1534.5,1551.0,2887100
2025-07-24,1445.5069580078125,1498.5999755859375,1554.0,1495.5,1554.0,2207437
2025-07-25,1410.107177734375,1461.9000244140625,1501.300048828125,1455.699951171875,1490.0999755859375,1179664
2025-07-28,1399.2073974609375,1450.5999755859375,1466.0,1445.0999755859375,1462.0,1070496
2025-07-29,1402.294189453125,1453.800048828125,1459.0999755859375,1436.4000244140625,1450.5999755859375,1458817
2025-07-30,1411.361083984375,1463.199951171875,1466.0999755859375,1448.5999755859375,1451.300048828125,1299448
2025-07-31,1411.84326171875,1463.699951171875,1473.300048828125,1447.199951171875,1450.0,1382994
2025-08-01,1387.8255615234375,1438.800048828125,1459.800048828125,1432.4000244140625,1456.5999755859375,1620011
2025-08-04,1422.7430419921875,1475.0,1477.0,1419.0999755859375,1435.0,1581473
2025-08-05,1432.7745361328125,1485.4000244140625,1487.800048828125,1461.199951171875,1470.0999755859375,2929677
2025-08-06,1407.309814453125,1459.0,1481.5,1453.300048828125,1480.0999755859375,1039973
2025-08-07,1429.4949951171875,1482.0,1492.0,1450.0,1455.0,1587489
2025-08-08,1427.9517822265625,1480.4000244140625,1496.0,1473.800048828125,1473.800048828125,1371665
2025-08-11,1428.6268310546875,1481.0999755859375,1522.699951171875,1469.699951171875,1480.4000244140625,888886
2025-08-12,1455.827880859375,1509.300048828125,1517.4000244140625,1481.0,1482.5999755859375,2532937
2025-08-13,1452.93408203125,1506.300048828125,1518.699951171875,1499.300048828125,1515.0,1815196
2025-08-14,1434.0284423828125,1486.699951171875,1529.9000244140625,1485.0,1509.9000244140625,1715172
2025-08-18,1419.07763671875,1471.199951171875,1500.0,1468.0999755859375,1500.0,1249405
2025-08-19,1443.6741943359375,1496.699951171875,1499.5999755859375,1464.4000244140625,1472.0,1807647
2025-08-20,1470.1033935546875,1524.0999755859375,1532.0,1487.4000244140625,1488.0,2329633
2025-08-21,1467.4027099609375,1521.300048828125,1531.699951171875,1509.0999755859375,1528.0,1251760
2025-08-22,1451.68017578125,1505.0,1529.5999755859375,1499.0,1529.5999755859375,969599
2025-08-25,1472.9971923828125,1527.0999755859375,1539.699951171875,1505.0,1516.0,1386218
2025-08-26,1448.979248046875,1502.199951171875,1526.5,1498.9000244140625,1521.0,1510822
2025-08-28,1442.61328125,1495.5999755859375,1509.199951171875,1482.5999755859375,1500.0,1771867
2025-08-29,1428.9163818359375,1481.4000244140625,1504.699951171875,1478.699951171875,1498.800048828125,2279980
2025-09-01,1452.1624755859375,1505.5,1509.9000244140625,1485.0,1485.0,1241192
2025-09-02,1459.2039794921875,1512.800048828125,1519.9000244140625,1498.5999755859375,1502.0,1137022
2025-09-03,1454.7667236328125,1508.199951171875,1516.0999755859375,1497.300048828125,1512.800048828125,1431929
2025-09-04,1447.2431640625,1500.4000244140625,1510.800048828125,1495.300048828125,1506.0999755859375,1038934
2025-09-05,1425.540283203125,1477.9000244140625,1507.4000244140625,1462.0999755859375,1499.0,1875965
2025-09-08,1408.9495849609375,1460.699951171875,1487.9000244140625,1459.0,1482.4000244140625,1308412
2025-09-09,1445.12109375,1498.199951171875,1500.0,1465.699951171875,1466.5999755859375,1749566
2025-09-10,1471.9361572265625,1526.0,1536.0,1501.800048828125,1503.0,1660976
2025-09-11,1467.3062744140625,1521.199951171875,1531.5,1505.699951171875,1526.0,896908
2025-09-12,1471.4539794921875,1525.5,1530.0,1512.5,1529.0,770698
2025-09-15,1465.955810546875,1519.800048828125,1527.9000244140625,1505.5999755859375,1527.9000244140625,825515
2025-09-16,1477.2413330078125,1531.5,1534.0,1510.0,1522.9000244140625,1011289
2025-09-17,1492.3851318359375,1547.199951171875,1549.4000244140625,1525.5999755859375,1538.300048828125,1946337
2025-09-18,1495.760986328125,1550.699951171875,1566.9000244140625,1541.800048828125,1556.0,2246114
2025-09-19,1498.7513427734375,1553.800048828125,1557.4000244140625,1541.5999755859375,1551.0,2621234
2025-09-22,1452.0660400390625,1505.4000244140625,1510.0,1453.300048828125,1499.0,5723501
2025-09-23,1419.7528076171875,1471.9000244140625,1511.699951171875,1468.199951171875,1511.699951171875,1380054
2025-09-24,1400.94384765625,1452.4000244140625,1470.0,1439.0,1470.0,2122106
2025-09-25,1393.1307373046875,1444.300048828125,1460.199951171875,1437.0,1452.0,1581629
2025-09-26,1357.8272705078125,1407.699951171875,1441.5,1403.5,1439.9000244140625,1851067
2025-09-29,1360.720947265625,1410.699951171875,1425.0,1391.9000244140625,1415.0,2708118
2025-09-30,1350.6895751953125,1400.300048828125,1426.699951171875,1392.5,1408.0,2225340
2025-10-01,1365.833251953125,1416.0,1423.5999755859375,1393.4000244140625,1401.0,1683484
2025-10-03,1350.9788818359375,1400.5999755859375,1423.800048828125,1397.300048828125,1423.0,2568702
2025-10-06,1388.3079833984375,1439.300048828125,1442.0,1397.0999755859375,1404.9000244140625,3036770
2025-10-07,1387.922119140625,1438.9000244140625,1445.800048828125,1426.5999755859375,1440.0,1105550
2025-10-08,1406.5382080078125,1458.199951171875,1472.800048828125,1432.0999755859375,1432.0999755859375,1154614
2025-10-09,1414.640625,1466.5999755859375,1475.4000244140625,1452.0,1458.199951171875,1354036
2025-10-10,1405.5736083984375,1457.199951171875,1477.699951171875,1450.0999755859375,1477.0,937053
2025-10-13,1399.4969482421875,1450.9000244140625,1461.5,1439.199951171875,1455.0,1229414
2025-10-14,1415.990966796875,1468.0,1479.800048828125,1457.9000244140625,1460.0,1430713
2025-10-15,1407.309814453125,1459.0,1479.0,1440.4000244140625,1470.0,2810322
2025-10-16,1411.93994140625,1463.800048828125,1466.699951171875,1447.9000244140625,1466.0,1619438
2025-10-17,1396.313720703125,1447.5999755859375,1465.0,1440.0999755859375,1465.0,1433539
2025-10-20,1407.81494140625,1444.4000244140625,1455.0,1439.0,1440.0,1800507
2025-10-21,1412.0059814453125,1448.699951171875,1457.300048828125,1442.0,1450.0,114229
2025-10-23,1426.3336181640625,1463.4000244140625,1487.5,1460.9000244140625,1465.0,3244860
2025-10-24,1416.8792724609375,1453.699951171875,1468.0,1450.0,1465.4000244140625,969361
2025-10-27,1425.7489013671875,1462.800048828125,1475.5999755859375,1457.0,1457.9000244140625,1036807
2025-10-28,1410.7388916015625,1447.4000244140625,1469.5999755859375,1435.300048828125,1469.0,1432913
2025-10-29,1415.417236328125,1452.199951171875,1461.199951171875,1442.5999755859375,1453.0,1311858
2025-10-30,1397.4833984375,1433.800048828125,1458.0999755859375,1432.5,1453.199951171875,1797868
2025-10-31,1388.321533203125,1424.4000244140625,1437.5,1420.300048828125,1433.800048828125,1757591
2025-11-03,1383.8380126953125,1419.800048828125,1424.0,1414.0,1419.0999755859375,2136091
2025-11-04,1373.5064697265625,1409.199951171875,1425.300048828125,1405.5999755859375,1419.9000244140625,1191278
2025-11-06,1377.7950439453125,1413.5999755859375,1420.9000244140625,1410.0,1412.0,2502412
2025-11-07,1351.5762939453125,1386.699951171875,1409.800048828125,1385.0,1400.0999755859375,1209479
2025-11-10,1362.395263671875,1397.800048828125,1404.300048828125,1383.5999755859375,1386.699951171875,2883323
2025-11-11,1372.3369140625,1408.0,1410.4000244140625,1392.199951171875,1405.0,2488036
2025-11-12,1419.218505859375,1456.0999755859375,1460.199951171875,1414.0,1415.0,2958869
2025-11-13,1414.6375732421875,1451.4000244140625,1463.800048828125,1442.300048828125,1463.0,1178211
2025-11-14,1402.74658203125,1439.199951171875,1445.800048828125,1422.9000244140625,1444.199951171875,1220596
2025-11-17,1416.002197265625,1452.800048828125,1455.9000244140625,1438.300048828125,1440.0,999416
2025-11-18,1385.9822998046875,1422.0,1451.0999755859375,1419.5,1444.0,1553597
2025-11-19,1397.580810546875,1433.9000244140625,1443.5,1417.800048828125,1427.5,5777445
2025-11-20,1419.12109375,1456.0,1464.699951171875,1430.699951171875,1445.300048828125,2818268
2025-11-21,1424.4818115234375,1461.5,1469.0,1440.0,1455.0,2615232
2025-11-24,1456.8408203125,1494.699951171875,1513.800048828125,1461.800048828125,1470.0,6808658
2025-11-25,1456.8408203125,1494.699951171875,1502.0,1483.5,1501.199951171875,1675981
2025-11-26,1481.889892578125,1520.4000244140625,1522.699951171875,1496.199951171875,1498.0,1592891
2025-11-27,1471.5584716796875,1509.800048828125,1532.0,1505.0,1523.0,1426194
2025-11-28,1478.868408203125,1517.300048828125,1525.300048828125,1503.699951171875,1515.800048828125,1247146
2025-12-01,1490.7593994140625,1529.5,1532.0,1509.699951171875,1515.300048828125,1527101
2025-12-02,1497.7769775390625,1536.699951171875,1539.0,1520.0,1523.0999755859375,1754978
2025-12-03,1502.650390625,1541.699951171875,1550.800048828125,1530.300048828125,1537.9000244140625,2142830
2025-12-04,1522.7286376953125,1562.300048828125,1577.9000244140625,1541.0999755859375,1545.0999755859375,2422663
2025-12-05,1531.0133056640625,1570.800048828125,1583.0,1556.5999755859375,1567.0999755859375,2223397
2025-12-08,1551.4814453125,1591.800048828125,1595.699951171875,1572.699951171875,1581.0,2833786
2025-12-09,1522.0462646484375,1561.5999755859375,1586.0,1559.0,1579.0999755859375,1533609
2025-12-10,1511.5198974609375,1550.800048828125,1572.9000244140625,1548.199951171875,1563.0,735586
2025-12-11,1528.4791259765625,1568.199951171875,1572.0,1541.0,1550.0,1248064
2025-12-12,1538.4207763671875,1578.4000244140625,1580.5,1558.699951171875,1575.0,754479
2025-12-15,1535.496826171875,1575.4000244140625,1588.699951171875,1567.699951171875,1571.0,784781
2025-12-16,1538.225830078125,1578.199951171875,1580.300048828125,1564.699951171875,1570.0,999338
2025-12-17,1539.3955078125,1579.4000244140625,1586.199951171875,1570.300048828125,1578.199951171875,582251
2025-12-18,1564.931884765625,1605.5999755859375,1608.800048828125,1574.5999755859375,1581.0,1748780
2025-12-19,1571.6571044921875,1612.5,1624.0,1595.0,1611.0,1802793
2025-12-22,1604.9908447265625,1646.699951171875,1649.800048828125,1612.800048828125,1615.9000244140625,1466208
2025-12-23,1591.6378173828125,1633.0,1646.5,1628.800048828125,1646.5,1161166
2025-12-24,1590.1759033203125,1631.5,1636.5999755859375,1615.300048828125,1630.0,955523
2025-12-26,1571.462158203125,1612.300048828125,1633.699951171875,1608.0,1630.5,461192
2025-12-29,1571.5596923828125,1612.4000244140625,1629.800048828125,1610.0999755859375,1614.0,891096
2025-12-30,1563.9571533203125,1604.5999755859375,1616.199951171875,1599.0,1614.9000244140625,1973547
2025-12-31,1550.604248046875,1590.9000244140625,1614.800048828125,1588.300048828125,1614.800048828125,729913
2026-01-01,1566.9786376953125,1607.699951171875,1613.5,1587.199951171875,1591.0,565878
2026-01-02,1571.1697998046875,1612.0,1619.0999755859375,1601.9000244140625,1611.0,637080
2026-01-05,1556.4522705078125,1596.9000244140625,1610.0999755859375,1576.0999755859375,1601.9000244140625,907810
2026-01-06,1561.2281494140625,1601.800048828125,1625.4000244140625,1596.0999755859375,1603.9000244140625,570335
2026-01-07,1584.035400390625,1625.199951171875,1633.9000244140625,1595.800048828125,1599.0,1309781
2026-01-08,1537.9334716796875,1577.9000244140625,1632.800048828125,1574.5,1625.0,1657201
2026-01-09,1542.12451171875,1582.199951171875,1606.4000244140625,1578.0999755859375,1583.0,1410053
2026-01-12,1545.92578125,1586.0999755859375,1594.0,1562.800048828125,1572.0999755859375,652320
2026-01-13,1573.89892578125,1614.800048828125,1622.9000244140625,1582.0,1582.0,2573438
2026-01-14,1548.2650146484375,1588.5,1613.0,1583.0999755859375,1612.9000244140625,1570385
2026-01-15,1548.2650146484375,1588.5,1588.5,1588.5,1588.5,0
2026-01-16,1628.18798828125,1670.5,1680.699951171875,1600.0,1600.0,3733401
2026-01-19,1674.77734375,1718.300048828125,1736.0,1673.5,1690.0,10621562
2026-01-20,1635.9853515625,1678.5,1716.699951171875,1675.0,1715.0,1825981
2026-01-21,1643.9776611328125,1686.699951171875,1694.300048828125,1660.0999755859375,1678.5,1766163
2026-01-22,1644.6600341796875,1687.4000244140625,1712.5999755859375,1682.699951171875,1695.0,3123567
2026-01-23,1658.012939453125,1701.0999755859375,1709.699951171875,1689.199951171875,1699.0,1831521
2026-01-27,1700.8984375,1745.0999755859375,1749.0,1700.0,1720.0,2932973
2026-01-28,1718.2476806640625,1762.9000244140625,1765.699951171875,1739.9000244140625,1748.0,2534826
2026-01-29,1723.6082763671875,1768.4000244140625,1776.5999755859375,1736.0999755859375,1751.0999755859375,1893136
2026-01-30,1698.9490966796875,1743.0999755859375,1760.0,1731.0,1757.0999755859375,1672787
2026-02-02,1680.3328857421875,1724.0,1729.5999755859375,1709.199951171875,1713.699951171875,1030696
2026-02-03,1673.0228271484375,1716.5,1854.0,1712.699951171875,1845.0,2711705
2026-02-04,1603.6263427734375,1645.300048828125,1656.0,1598.0,1651.0,4823180
2026-02-05,1604.50341796875,1646.199951171875,1659.0999755859375,1630.0,1630.0999755859375,1720981
2026-02-06,1578.86962890625,1619.9000244140625,1645.9000244140625,1600.0,1645.0,1988639
2026-02-09,1580.6240234375,1621.699951171875,1636.0,1613.5999755859375,1625.0,933821
2026-02-10,1602.9439697265625,1644.5999755859375,1658.5,1611.0999755859375,1625.0,1527966
2026-02-11,1593.00244140625,1634.4000244140625,1658.0,1625.0,1655.0,1521823
2026-02-12,1497.6795654296875,1536.5999755859375,1611.0,1528.0,1605.0,5343729
2026-02-13,1495.5352783203125,1534.4000244140625,1548.0,1464.4000244140625,1482.5999755859375,7058376
2026-02-16,1474.3848876953125,1512.699951171875,1541.9000244140625,1494.699951171875,1526.0,1873472
2026-02-17,1485.203857421875,1523.800048828125,1547.5,1506.0,1512.699951171875,1781501
2026-02-18,1466.68505859375,1504.800048828125,1528.5999755859375,1481.699951171875,1524.5999755859375,1989222
2026-02-19,1441.8309326171875,1479.300048828125,1532.800048828125,1472.300048828125,1506.800048828125,1108260
2026-02-20,1419.998291015625,1456.9000244140625,1477.300048828125,1453.0999755859375,1465.0,1599813
2026-02-23,1404.403564453125,1440.9000244140625,1470.0,1430.0,1459.5,2660793
2026-02-24,1311.322509765625,1345.4000244140625,1423.199951171875,1335.300048828125,1420.0,7441035
2026-02-25,1327.30712890625,1361.800048828125,1397.699951171875,1351.4000244140625,1355.0999755859375,2683571
2026-02-26,1327.30712890625,1361.800048828125,1396.5999755859375,1360.4000244140625,1366.4000244140625,1587449
2026-02-27,1323.408447265625,1357.800048828125,1410.4000244140625,1354.0,1391.0,2601590
2026-03-02,1311.322509765625,1345.4000244140625,1362.800048828125,1322.199951171875,1335.0,1564363
2026-03-04,1316.9754638671875,1351.199951171875,1362.199951171875,1321.0,1321.0,1820421
2026-03-05,1299.5289306640625,1333.300048828125,1366.699951171875,1319.300048828125,1358.0,1210010
2026-03-06,1297.9693603515625,1331.699951171875,1359.5,1326.5999755859375,1330.0,1033627
2026-03-09,1302.4530029296875,1336.300048828125,1340.4000244140625,1304.0999755859375,1305.0,1032250
2026-03-10,1302.745361328125,1336.5999755859375,1347.9000244140625,1316.699951171875,1340.0,1069187
2026-03-11,1300.60107421875,1334.4000244140625,1355.4000244140625,1330.199951171875,1343.9000244140625,1499971
2026-03-12,1315.611083984375,1349.800048828125,1356.5,1327.0,1334.4000244140625,3067753
2026-03-13,1299.0416259765625,1332.800048828125,1342.5,1319.800048828125,1342.5,1150005
2026-03-16,1305.5718994140625,1339.5,1346.4000244140625,1315.9000244140625,1324.0,2062060
2026-03-17,1307.813720703125,1341.800048828125,1354.800048828125,1318.199951171875,1340.9000244140625,1634005
2026-03-18,1350.1142578125,1385.199951171875,1404.699951171875,1344.300048828125,1346.800048828125,2969039
2026-03-19,1306.64404296875,1340.5999755859375,1379.300048828125,1331.0999755859375,1364.0999755859375,1219405
2026-03-20,1349.7244873046875,1384.800048828125,1391.0,1355.5999755859375,1360.699951171875,3397016
2026-03-23,1348.9447021484375,1384.0,1414.5999755859375,1357.5999755859375,1366.0,3647386
2026-03-24,1396.4111328125,1432.699951171875,1439.199951171875,1400.0,1414.0,3988700
2026-03-25,1372.82421875,1408.5,1428.699951171875,1393.0,1422.4000244140625,4938929
2026-03-27,1356.3521728515625,1391.5999755859375,1421.0,1385.5,1395.0,2584016
2026-03-30,1348.9447021484375,1384.0,1422.0,1367.0999755859375,1380.0,3048646
2026-04-01,1368.925537109375,1404.5,1422.800048828125,1395.0,1412.5999755859375,1624500
2026-04-02,1404.98828125,1441.5,1447.0,1383.5,1390.0,2501510
2026-04-06,1412.7857666015625,1449.5,1464.9000244140625,1433.699951171875,1435.0,1476736
2026-04-07,1436.080322265625,1473.4000244140625,1482.0,1431.300048828125,1435.0,1673236
2026-04-08,1414.6375732421875,1451.4000244140625,1493.0,1445.800048828125,1484.0,2736951
2026-04-09,1424.5792236328125,1461.5999755859375,1464.0,1433.5999755859375,1452.0,1805451
2026-04-10,1403.72119140625,1440.199951171875,1461.0,1426.0,1461.0,2045026
2026-04-13,1399.0428466796875,1435.4000244140625,1439.4000244140625,1412.9000244140625,1425.5999755859375,1285567
2026-04-15,1446.2169189453125,1483.800048828125,1485.699951171875,1450.0,1455.0,1678561
2026-04-16,1453.234619140625,1491.0,1511.5,1479.5,1489.800048828125,1768783
2026-04-17,1473.117919921875,1511.4000244140625,1522.5,1474.9000244140625,1486.0,1859402
2026-04-20,1466.295166015625,1504.4000244140625,1531.300048828125,1496.199951171875,1510.9000244140625,1341688
2026-04-21,1462.786376953125,1500.800048828125,1510.9000244140625,1489.0,1501.0,2001948
2026-04-22,1425.5538330078125,1462.5999755859375,1502.800048828125,1404.0999755859375,1463.4000244140625,11668801
2026-04-23,1385.494873046875,1421.5,1473.9000244140625,1413.9000244140625,1470.199951171875,4101549
2026-04-24,1324.0906982421875,1358.5,1426.699951171875,1347.4000244140625,1407.0999755859375,3693260
2026-04-27,1360.73828125,1396.0999755859375,1400.5,1360.199951171875,1362.9000244140625,1834277
2026-04-28,1372.434326171875,1408.0999755859375,1413.0,1383.5999755859375,1392.5,2009200
2026-04-29,1422.8248291015625,1459.800048828125,1464.0,1405.199951171875,1414.0,3334783
2026-04-30,1436.1778564453125,1473.5,1482.0,1445.5999755859375,1459.699951171875,2635309
2026-05-01,1436.1778564453125,1473.5,1473.5,1473.5,1473.5,0
2026-05-04,1434.325927734375,1471.5999755859375,1492.4000244140625,1455.199951171875,1484.0,1483759
2026-05-05,1415.417236328125,1452.199951171875,1483.800048828125,1447.0999755859375,1465.0,711081
2026-05-06,1429.550048828125,1466.699951171875,1480.5999755859375,1455.4000244140625,1467.9000244140625,877900
2026-05-07,1411.5185546875,1448.199951171875,1475.9000244140625,1444.0,1467.0,1147147
2026-05-08,1425.9437255859375,1463.0,1469.800048828125,1448.4000244140625,1453.5,1360644
2026-05-11,1420.485595703125,1457.4000244140625,1475.4000244140625,1451.800048828125,1460.0,1348443
2026-05-12,1357.619384765625,1392.9000244140625,1447.0,1388.9000244140625,1447.0,1474910
2026-05-13,1340.1727294921875,1375.0,1399.9000244140625,1371.5999755859375,1392.9000244140625,2142904
2026-05-14,1309.3731689453125,1343.4000244140625,1374.0,1327.300048828125,1370.0,2337353
2026-05-15,1335.7867431640625,1370.5,1387.699951171875,1350.0,1350.0,5306932
2026-05-18,1393.7796630859375,1430.0,1437.699951171875,1363.699951171875,1363.699951171875,6204623
2026-05-19,1429.93994140625,1467.0999755859375,1506.800048828125,1445.5999755859375,1446.300048828125,6697277
2026-05-20,1402.5516357421875,1439.0,1476.5,1434.699951171875,1453.5999755859375,2216454
2026-05-21,1384.032958984375,1420.0,1450.0,1416.300048828125,1445.0999755859375,999422
2026-05-22,1386.1771240234375,1422.199951171875,1429.300048828125,1406.0999755859375,1425.0,654078
2026-05-25,1399.1402587890625,1435.5,1445.0,1421.199951171875,1429.4000244140625,887430
2026-05-26,1421.752685546875,1458.699951171875,1465.800048828125,1429.9000244140625,1433.5999755859375,1725570
2026-05-27,1418.731201171875,1455.5999755859375,1479.0,1451.0999755859375,1460.0999755859375,1825192
2026-05-28,1418.731201171875,1455.5999755859375,1455.5999755859375,1455.5999755859375,1455.5999755859375,0
2026-05-29,1446.314453125,1483.9000244140625,1496.5999755859375,1460.0999755859375,1476.9000244140625,3955137
2026-06-01,1504.1123046875,1543.199951171875,1562.5,1495.199951171875,1495.199951171875,5243443
2026-06-02,1531.59814453125,1571.4000244140625,1589.0,1554.0,1562.9000244140625,4169279
2026-06-03,1435.00830078125,1472.300048828125,1554.699951171875,1467.5999755859375,1549.0999755859375,3493572
2026-06-04,1449.6282958984375,1487.300048828125,1499.699951171875,1453.0999755859375,1460.0,2061503
2026-06-05,1445.924560546875,1483.5,1524.0,1467.9000244140625,1508.699951171875,2201977
2026-06-08,1465.320556640625,1503.4000244140625,1511.0999755859375,1459.0,1469.0999755859375,2467960
2026-06-09,1446.2169189453125,1483.800048828125,1518.4000244140625,1473.199951171875,1516.5,1330108
2026-06-10,1441.4410400390625,1478.9000244140625,1496.300048828125,1471.199951171875,1480.0,1082678
2026-06-11,1427.9906005859375,1465.0999755859375,1481.9000244140625,1437.699951171875,1456.800048828125,2088978
2026-06-12,1392.9998779296875,1429.199951171875,1478.5999755859375,1425.0,1477.0,2460369
2026-06-15,1389.4910888671875,1425.5999755859375,1454.699951171875,1423.5999755859375,1441.199951171875,1926338
2026-06-16,1410.1541748046875,1446.800048828125,1455.699951171875,1422.9000244140625,1435.0999755859375,1987359
2026-06-17,1425.3590087890625,1462.4000244140625,1476.800048828125,1454.0,1455.0,2126833
2026-06-18,1411.03125,1447.699951171875,1460.0,1435.5,1454.0,2273483
2026-06-19,1373.8963623046875,1409.5999755859375,1417.199951171875,1344.0,1350.0,5864187
2026-06-22,1398.847900390625,1435.199951171875,1444.0,1414.0,1414.0,2165308
2026-06-23,1379.744384765625,1415.5999755859375,1433.300048828125,1400.5,1427.199951171875,2402816
2026-06-24,1424.5792236328125,1461.5999755859375,1466.5,1420.0,1420.0,3451553
2026-06-25,1400.69970703125,1437.0999755859375,1476.0,1435.0999755859375,1465.0,2553830
2026-06-26,1400.69970703125,1437.0999755859375,1437.0999755859375,1437.0999755859375,1437.0999755859375,0
2026-06-29,1397.4833984375,1433.800048828125,1453.9000244140625,1428.5999755859375,1439.699951171875,2466821
2026-06-30,1369.120361328125,1404.699951171875,1443.800048828125,1398.9000244140625,1438.0,2421536
2026-07-01,1327.6968994140625,1362.199951171875,1404.699951171875,1355.5999755859375,1404.699951171875,3793024
2026-07-02,1385.300048828125,1421.300048828125,1426.0,1373.4000244140625,1378.300048828125,3034626
2026-07-03,1410.0999755859375,1410.0999755859375,1445.0,1398.5,1399.9000244140625,2849871
2026-07-06,1406.5,1406.5,1417.4000244140625,1391.0,1409.800048828125,1158020
2026-07-07,1447.5,1447.5,1463.300048828125,1398.5,1398.5,4066916
2026-07-08,1428.800048828125,1428.800048828125,1452.9000244140625,1422.800048828125,1441.0,1489170
2026-07-09,1426.300048828125,1426.300048828125,1436.300048828125,1399.0,1426.0,1379708
2026-07-10,1454.800048828125,1454.800048828125,1478.9000244140625,1445.300048828125,1448.0,1732609
2026-07-13,1504.5,1504.5,1524.800048828125,1444.199951171875,1444.199951171875,2285072
2026-07-14,1484.300048828125,1484.300048828125,1519.9000244140625,1480.0,1509.0,2011058
2026-07-15,1498.699951171875,1498.699951171875,1507.0,1453.0,1465.199951171875,1834279
2026-07-16,1510.300048828125,1510.300048828125,1538.300048828125,1504.199951171875,1510.0,2903245
2026-07-17,1572.9000244140625,1572.9000244140625,1585.0,1527.300048828125,1540.0,10632264
2026-07-20,1576.4000244140625,1576.4000244140625,1608.0,1572.4000244140625,1577.5999755859375,2324331
2026-07-21,1576.300048828125,1576.300048828125,1614.5999755859375,1572.0,1577.0,2624717
2026-07-22,1560.5999755859375,1560.5999755859375,1574.0999755859375,1551.5999755859375,1574.0999755859375,975901
2026-07-23,1553.0,1553.0,1567.5999755859375,1539.0,1550.0,2040170
