Date,Adj Close,Close,High,Low,Open,Volume
2021-07-23,1673.426025390625,1700.949951171875,1725.949951171875,1697.0,1714.6500244140625,1053239
2021-07-26,1694.9718017578125,1722.8499755859375,1736.8499755859375,1700.0,1700.9000244140625,1435514
2021-07-27,1701.0716552734375,1729.050048828125,1742.4000244140625,1713.3499755859375,1733.0,1075244
2021-07-28,1695.6605224609375,1723.550048828125,1749.199951171875,1715.5999755859375,1730.0,1714957
2021-07-29,1711.0081787109375,1739.1500244140625,1756.300048828125,1727.800048828125,1739.0,1346162
2021-07-30,1686.80615234375,1714.550048828125,1747.9000244140625,1711.199951171875,1742.0,1199644
2021-08-02,1742.8837890625,1771.550048828125,1776.0,1725.0,1728.0,1718511
2021-08-03,1810.4228515625,1840.199951171875,1854.949951171875,1777.1500244140625,1780.0,5956344
2021-08-04,1770.4798583984375,1799.5999755859375,1858.6500244140625,1795.0,1857.199951171875,2040687
2021-08-05,1770.184814453125,1799.300048828125,1821.199951171875,1763.199951171875,1820.050048828125,2301814
2021-08-06,1758.8216552734375,1787.75,1796.3499755859375,1778.0,1796.0,877876
2021-08-09,1770.037109375,1799.1500244140625,1831.5999755859375,1777.75,1787.75,1770502
2021-08-10,1770.0863037109375,1799.199951171875,1822.0,1793.3499755859375,1810.0,862746
2021-08-11,1760.4449462890625,1789.4000244140625,1815.0,1773.550048828125,1805.0,748179
2021-08-12,1794.091552734375,1823.5999755859375,1829.5999755859375,1781.0,1798.0,889082
2021-08-13,1808.1600341796875,1837.9000244140625,1841.0,1818.75,1830.0,1194666
2021-08-16,1807.471435546875,1837.199951171875,1847.050048828125,1817.0,1828.0,461655
2021-08-17,1844.11865234375,1874.449951171875,1878.3499755859375,1828.6500244140625,1840.0,1917077
2021-08-18,1849.8741455078125,1880.300048828125,1890.6500244140625,1860.0,1887.800048828125,1029077
2021-08-20,1846.4306640625,1876.800048828125,1892.300048828125,1857.949951171875,1859.4000244140625,1070166
2021-08-23,1840.0849609375,1870.3499755859375,1895.0,1847.8499755859375,1889.0,1092285
2021-08-24,1839.34716796875,1869.5999755859375,1887.300048828125,1852.5999755859375,1883.0,1003905
2021-08-25,1793.1568603515625,1822.6500244140625,1869.699951171875,1820.0,1860.0,1280400
2021-08-26,1785.9749755859375,1815.3499755859375,1834.5999755859375,1805.25,1822.6500244140625,1059290
2021-08-27,1793.05859375,1822.550048828125,1830.0,1797.0,1824.0,1020589
2021-08-30,1848.053955078125,1878.449951171875,1886.949951171875,1831.800048828125,1835.0,1670309
2021-08-31,1890.505615234375,1921.5999755859375,1925.0,1875.550048828125,1878.449951171875,1816071
2021-09-01,1908.0177001953125,1939.4000244140625,1953.949951171875,1915.0,1925.199951171875,1247432
2021-09-02,1935.2694091796875,1967.0999755859375,1979.5,1946.8499755859375,1958.5,1167157
2021-09-03,1986.6248779296875,2019.300048828125,2024.4000244140625,1970.0999755859375,1970.0999755859375,1548784
2021-09-06,1987.953125,2020.6500244140625,2032.8499755859375,2006.1500244140625,2025.0,679133
2021-09-07,2000.9886474609375,2033.9000244140625,2039.9000244140625,2012.699951171875,2014.0,773091
2021-09-08,2022.681640625,2055.949951171875,2067.0,2015.050048828125,2033.949951171875,796813
2021-09-09,2001.382080078125,2034.300048828125,2060.0,2021.050048828125,2052.0,653397
2021-09-13,1997.7911376953125,2030.6500244140625,2043.449951171875,2021.1500244140625,2037.0,786459
2021-09-14,2022.4359130859375,2055.699951171875,2061.5,2032.050048828125,2038.9000244140625,888765
2021-09-15,2085.5478515625,2119.85009765625,2133.0,2060.0,2060.0,2795995
2021-09-16,2074.578125,2108.699951171875,2132.949951171875,2095.050048828125,2132.949951171875,725123
2021-09-17,2061.6904296875,2095.60009765625,2150.0,2080.0,2113.949951171875,1727410
2021-09-20,2043.7357177734375,2077.35009765625,2096.0,2070.550048828125,2088.0,411738
2021-09-21,2052.09814453125,2085.85009765625,2097.5,2062.10009765625,2075.0,539788
2021-09-22,2047.3753662109375,2081.050048828125,2110.949951171875,2073.39990234375,2096.800048828125,1057480
2021-09-23,2070.9873046875,2105.050048828125,2113.75,2076.60009765625,2090.0,711634
2021-09-24,2059.033935546875,2092.89990234375,2115.0,2085.0,2105.0,540771
2021-09-27,2056.427001953125,2090.25,2107.35009765625,2077.199951171875,2099.0,507550
2021-09-28,2094.8447265625,2129.300048828125,2138.0,2083.050048828125,2083.199951171875,923489
2021-09-29,2112.750244140625,2147.5,2167.89990234375,2110.050048828125,2129.0,912912
2021-09-30,2126.868408203125,2161.85009765625,2185.0,2136.300048828125,2149.89990234375,1374265
2021-10-01,2128.737548828125,2163.75,2175.0,2122.64990234375,2157.0,626710
2021-10-04,2120.424072265625,2155.300048828125,2174.300048828125,2138.0,2160.0,870878
2021-10-05,2157.16943359375,2192.64990234375,2206.64990234375,2130.0,2155.300048828125,1329784
2021-10-06,2112.897705078125,2147.64990234375,2204.699951171875,2135.10009765625,2194.0,895210
2021-10-07,2336.9130859375,2375.35009765625,2384.25,2250.0,2255.0,8361061
2021-10-08,2320.040771484375,2358.199951171875,2420.0,2353.0,2420.0,1845797
2021-10-11,2324.1728515625,2362.39990234375,2406.10009765625,2357.550048828125,2377.0,1056932
2021-10-12,2452.265869140625,2492.60009765625,2507.800048828125,2342.64990234375,2365.0,3517011
2021-10-13,2496.144287109375,2537.199951171875,2608.949951171875,2490.0,2539.89990234375,4023645
2021-10-14,2522.56005859375,2564.050048828125,2584.0,2532.35009765625,2575.300048828125,1546459
2021-10-18,2546.90966796875,2588.800048828125,2677.89990234375,2575.5,2620.0,2572741
2021-10-19,2444.690673828125,2484.89990234375,2638.0,2468.75,2638.0,3546129
2021-10-20,2372.3798828125,2411.39990234375,2505.550048828125,2403.0,2487.10009765625,2868983
2021-10-21,2356.93408203125,2395.699951171875,2435.949951171875,2380.050048828125,2433.89990234375,2303014
2021-10-22,2372.970458984375,2412.0,2494.949951171875,2398.0,2417.39990234375,3063724
2021-10-25,2340.65185546875,2379.14990234375,2412.0,2340.0,2405.0,1446182
2021-10-26,2415.028564453125,2454.75,2468.449951171875,2371.0,2390.0,2567357
2021-10-27,2420.2919921875,2460.10009765625,2482.35009765625,2452.199951171875,2468.0,2082690
2021-10-28,2336.716552734375,2375.14990234375,2470.0,2360.0,2470.0,3330380
2021-10-29,2344.980712890625,2383.550048828125,2404.0,2346.550048828125,2400.0,1450019
2021-11-01,2367.362548828125,2406.300048828125,2441.449951171875,2390.35009765625,2441.449951171875,1276469
2021-11-02,2414.241455078125,2453.949951171875,2464.800048828125,2421.050048828125,2422.800048828125,1546219
2021-11-03,2378.823974609375,2417.949951171875,2471.64990234375,2406.050048828125,2462.0,1554405
2021-11-04,2392.400634765625,2431.75,2444.800048828125,2422.0,2439.0,181506
2021-11-08,2495.701416015625,2536.75,2548.699951171875,2448.300048828125,2477.89990234375,3449086
2021-11-09,2471.45068359375,2512.10009765625,2543.800048828125,2491.14990234375,2528.949951171875,1097405
2021-11-10,2444.3955078125,2484.60009765625,2526.85009765625,2472.199951171875,2505.0,911235
2021-11-11,2487.191650390625,2528.10009765625,2542.800048828125,2476.300048828125,2484.0,1726010
2021-11-12,2498.407470703125,2539.5,2561.75,2523.0,2547.85009765625,1673817
2021-11-15,2498.30859375,2539.39990234375,2572.699951171875,2531.699951171875,2551.0,846885
2021-11-16,2490.782958984375,2531.75,2551.35009765625,2520.14990234375,2550.10009765625,1133767
2021-11-17,2458.906982421875,2499.35009765625,2539.0,2491.10009765625,2522.89990234375,892518
2021-11-18,2438.09912109375,2478.199951171875,2520.0,2456.5,2492.0,739912
2021-11-22,2352.605224609375,2391.300048828125,2492.39990234375,2353.0,2492.39990234375,1361329
2021-11-23,2349.0634765625,2387.699951171875,2410.949951171875,2365.050048828125,2380.0,1247942
2021-11-24,2337.405517578125,2375.85009765625,2405.25,2365.0,2400.0,614145
2021-11-25,2359.000244140625,2397.800048828125,2403.199951171875,2355.14990234375,2360.0,662071
2021-11-26,2255.207275390625,2292.300048828125,2385.10009765625,2285.050048828125,2377.800048828125,1289322
2021-11-29,2286.591064453125,2324.199951171875,2334.39990234375,2231.39990234375,2290.0,1094276
2021-11-30,2337.060791015625,2375.5,2390.0,2336.39990234375,2336.39990234375,2675375
2021-12-01,2322.008544921875,2360.199951171875,2441.949951171875,2347.39990234375,2409.800048828125,2177426
2021-12-02,2347.883056640625,2386.5,2422.5,2360.050048828125,2369.0,1682636
2021-12-03,2330.912109375,2369.25,2405.449951171875,2355.050048828125,2405.0,1062389
2021-12-06,2287.67333984375,2325.300048828125,2379.85009765625,2318.39990234375,2361.35009765625,547641
2021-12-07,2342.029296875,2380.550048828125,2385.85009765625,2325.35009765625,2336.5,904175
2021-12-08,2366.624755859375,2405.550048828125,2418.0,2377.10009765625,2385.0,926476
2021-12-09,2334.748779296875,2373.14990234375,2424.0,2355.85009765625,2424.0,1250492
2021-12-10,2301.496337890625,2339.35009765625,2385.39990234375,2296.300048828125,2385.39990234375,2288164
2021-12-13,2312.46533203125,2350.5,2386.0,2340.10009765625,2352.60009765625,992852
2021-12-14,2316.7451171875,2354.85009765625,2371.25,2318.75,2342.699951171875,765269
2021-12-15,2285.557861328125,2323.14990234375,2368.25,2317.449951171875,2355.10009765625,567271
2021-12-16,2319.106201171875,2357.25,2364.800048828125,2325.25,2344.10009765625,998086
2021-12-17,2243.499755859375,2280.39990234375,2339.300048828125,2257.10009765625,2336.0,1591893
2021-12-20,2203.1142578125,2239.35009765625,2263.14990234375,2205.0,2259.699951171875,1063366
2021-12-21,2250.63232421875,2287.64990234375,2310.0,2251.300048828125,2251.300048828125,883858
2021-12-22,2262.53662109375,2299.75,2308.10009765625,2282.35009765625,2306.300048828125,643034
2021-12-23,2292.198974609375,2329.89990234375,2337.550048828125,2310.0,2320.0,613686
2021-12-24,2281.917724609375,2319.449951171875,2341.89990234375,2310.0,2340.10009765625,534065
2021-12-27,2293.576416015625,2331.300048828125,2344.0,2286.300048828125,2306.14990234375,537545
2021-12-28,2341.341064453125,2379.85009765625,2384.949951171875,2327.5,2340.10009765625,871453
2021-12-29,2363.27978515625,2402.14990234375,2416.449951171875,2370.35009765625,2379.0,764644
2021-12-30,2397.861083984375,2437.300048828125,2448.0,2390.699951171875,2393.800048828125,1152684
2021-12-31,2481.58349609375,2522.39990234375,2535.0,2444.60009765625,2447.300048828125,2225749
2022-01-03,2483.010498046875,2523.85009765625,2546.0,2502.300048828125,2510.0,921729
2022-01-04,2541.203369140625,2583.0,2594.949951171875,2524.39990234375,2525.0,1037293
2022-01-05,2534.464111328125,2576.14990234375,2608.0,2560.10009765625,2576.0,1244568
2022-01-06,2553.89453125,2595.89990234375,2601.35009765625,2538.449951171875,2540.0,1130508
2022-01-07,2531.070068359375,2572.699951171875,2687.25,2562.35009765625,2630.0,4625230
2022-01-10,2614.497802734375,2657.5,2663.550048828125,2571.0,2585.0,1894316
2022-01-11,2610.4150390625,2653.35009765625,2678.75,2634.300048828125,2650.0,1123968
2022-01-12,2570.668701171875,2612.949951171875,2672.0,2608.0,2641.0,1293999
2022-01-13,2576.86669921875,2619.25,2628.89990234375,2588.0,2611.0,1023670
2022-01-14,2550.795654296875,2592.75,2639.0,2588.85009765625,2626.0,1166457
2022-01-17,2555.51806640625,2597.550048828125,2604.300048828125,2550.39990234375,2592.75,1172956
2022-01-18,2558.518798828125,2600.60009765625,2635.0,2587.0,2598.0,1221314
2022-01-19,2547.0078125,2588.89990234375,2617.800048828125,2571.10009765625,2598.0,629040
2022-01-20,2522.805908203125,2564.300048828125,2610.0,2550.0,2597.0,1215237
2022-01-21,2487.24072265625,2528.14990234375,2561.89990234375,2505.0,2548.0,1457884
2022-01-24,2364.165283203125,2403.050048828125,2522.550048828125,2376.0,2520.0,1411443
2022-01-25,2338.044677734375,2376.5,2407.75,2330.39990234375,2386.0,2849686
2022-01-27,2272.670166015625,2310.050048828125,2360.39990234375,2260.0,2327.0,2460051
2022-01-28,2278.13037109375,2315.60009765625,2377.800048828125,2308.0,2313.0,1317407
2022-01-31,2322.10693359375,2360.300048828125,2380.0,2336.35009765625,2353.0,900510
2022-02-01,2392.4501953125,2431.800048828125,2442.10009765625,2358.949951171875,2378.800048828125,1246431
2022-02-02,2424.12890625,2464.0,2477.89990234375,2441.75,2451.0,1144427
2022-02-03,2434.90185546875,2474.949951171875,2506.550048828125,2417.0,2480.5,3883564
2022-02-04,2431.1630859375,2471.14990234375,2520.0,2430.0,2510.0,2718069
2022-02-07,2370.2158203125,2409.199951171875,2498.14990234375,2388.0,2480.0,1119632
2022-02-08,2404.10791015625,2443.64990234375,2465.0,2400.89990234375,2418.39990234375,1524580
2022-02-09,2444.592529296875,2484.800048828125,2495.0,2456.050048828125,2465.0,826261
2022-02-10,2451.5283203125,2491.85009765625,2503.949951171875,2465.550048828125,2499.949951171875,788689
2022-02-11,2402.730712890625,2442.25,2480.0,2421.25,2480.0,1030760
2022-02-14,2359.197021484375,2398.0,2423.0,2351.25,2380.0,816491
2022-02-15,2455.512451171875,2495.89990234375,2499.800048828125,2399.0,2421.949951171875,1293933
2022-02-16,2447.789794921875,2488.050048828125,2519.89990234375,2460.25,2510.0,1008929
2022-02-17,2452.856201171875,2493.199951171875,2537.5,2487.0,2509.5,960885
2022-02-18,2448.67529296875,2488.949951171875,2499.5,2460.800048828125,2479.300048828125,654373
2022-02-21,2414.635009765625,2454.35009765625,2488.0,2411.050048828125,2488.0,788568
2022-02-22,2410.4541015625,2450.10009765625,2457.0,2377.0,2377.0,874150
2022-02-23,2455.31591796875,2495.699951171875,2525.0,2452.0,2452.0,2096198
2022-02-24,2367.65771484375,2406.60009765625,2466.0,2395.0,2402.0,1875086
2022-02-25,2428.5068359375,2468.449951171875,2474.0,2423.5,2423.5,1284338
2022-02-28,2505.34326171875,2546.550048828125,2563.64990234375,2430.0,2430.0,2355891
2022-03-02,2550.697021484375,2592.64990234375,2604.800048828125,2524.35009765625,2550.0,3536974
2022-03-03,2532.5947265625,2574.25,2639.800048828125,2560.0,2620.0,2153478
2022-03-04,2401.5009765625,2441.0,2565.0,2430.0,2565.0,2652474
2022-03-07,2351.031005859375,2389.699951171875,2419.949951171875,2330.0,2414.800048828125,1545686
2022-03-08,2332.8798828125,2371.25,2419.5,2325.60009765625,2400.0,1467595
2022-03-09,2394.269775390625,2433.64990234375,2460.5,2375.0,2393.0,1581979
2022-03-10,2427.8671875,2467.800048828125,2504.75,2444.85009765625,2498.0,1051744
2022-03-11,2453.25,2493.60009765625,2498.199951171875,2448.85009765625,2478.0,812330
2022-03-14,2497.915283203125,2539.0,2545.0,2475.0,2490.0,1004492
2022-03-15,2515.574462890625,2556.949951171875,2579.0,2543.199951171875,2559.0,1571483
2022-03-16,2545.433837890625,2587.300048828125,2593.5,2566.0,2577.800048828125,757197
2022-03-17,2659.26171875,2703.0,2721.64990234375,2600.10009765625,2600.10009765625,3336088
2022-03-21,2663.442626953125,2707.25,2768.0,2700.0,2740.0,1889261
2022-03-22,2668.853759765625,2712.75,2718.800048828125,2646.449951171875,2716.25,1279904
2022-03-23,2646.47216796875,2690.0,2742.949951171875,2677.85009765625,2730.0,1281815
2022-03-24,2576.12890625,2618.5,2694.0,2612.550048828125,2694.0,1835380
2022-03-25,2483.059326171875,2523.89990234375,2634.0,2518.0,2631.0,2863040
2022-03-28,2494.865478515625,2535.89990234375,2545.550048828125,2483.0,2536.5,1316800
2022-03-29,2497.718505859375,2538.800048828125,2559.0,2525.300048828125,2550.0,908172
2022-03-30,2482.321533203125,2523.14990234375,2565.75,2510.0,2556.300048828125,866666
2022-03-31,2495.111083984375,2536.14990234375,2545.39990234375,2519.949951171875,2525.25,910316
2022-04-01,2480.05908203125,2520.85009765625,2550.0,2491.85009765625,2538.0,1208002
2022-04-04,2476.271484375,2517.0,2562.0,2508.75,2540.35009765625,1424995
2022-04-05,2507.950439453125,2549.199951171875,2577.800048828125,2520.050048828125,2532.0,1586304
2022-04-06,2498.9482421875,2540.050048828125,2564.89990234375,2523.300048828125,2547.0,1349078
2022-04-07,2418.5703125,2458.35009765625,2544.449951171875,2452.0,2502.300048828125,2785215
2022-04-08,2469.335205078125,2509.949951171875,2532.64990234375,2465.0,2468.35009765625,1217812
2022-04-11,2449.56103515625,2489.85009765625,2509.949951171875,2477.39990234375,2503.0,660112
2022-04-12,2447.937255859375,2488.199951171875,2508.5,2440.25,2480.0,1182427
2022-04-13,2421.521728515625,2461.35009765625,2495.949951171875,2441.10009765625,2492.199951171875,1165453
2022-04-18,2453.102294921875,2493.449951171875,2500.0,2410.0,2435.0,1109814
2022-04-19,2412.91357421875,2452.60009765625,2520.60009765625,2441.0,2509.39990234375,929834
2022-04-20,2442.5263671875,2482.699951171875,2505.0,2442.699951171875,2453.050048828125,639190
2022-04-21,2480.20654296875,2521.0,2524.949951171875,2466.0,2482.699951171875,880723
2022-04-22,2472.041015625,2512.699951171875,2526.449951171875,2476.5,2515.0,878780
2022-04-25,2414.192138671875,2453.89990234375,2489.0,2447.050048828125,2471.0,682383
2022-04-26,2506.96630859375,2548.199951171875,2552.14990234375,2459.0,2460.0,1232557
2022-04-27,2452.020263671875,2492.35009765625,2537.800048828125,2488.25,2528.64990234375,801135
2022-04-28,2472.532958984375,2513.199951171875,2531.0,2477.0,2529.89990234375,933881
2022-04-29,2418.422607421875,2458.199951171875,2532.0,2450.0,2521.0,1496781
2022-05-02,2347.93212890625,2386.550048828125,2437.0,2372.35009765625,2435.0,1287401
2022-05-04,2252.895263671875,2289.949951171875,2407.0,2275.0,2356.0,2357806
2022-05-05,2225.397705078125,2262.0,2309.0,2252.14990234375,2309.0,2118580
2022-05-06,2173.00927734375,2208.75,2240.0,2195.449951171875,2240.0,1465638
2022-05-09,2147.872802734375,2183.199951171875,2213.35009765625,2171.0,2195.0,968069
2022-05-10,2102.764892578125,2137.35009765625,2186.0,2125.0,2180.0,1092429
2022-05-11,2080.48095703125,2114.699951171875,2138.0,2095.75,2127.199951171875,1472911
2022-05-12,2015.4014892578125,2048.550048828125,2103.89990234375,2035.550048828125,2102.0,1362031
2022-05-13,2057.85302734375,2091.699951171875,2154.0,2056.14990234375,2056.14990234375,2580348
2022-05-16,2075.463623046875,2109.60009765625,2152.0,2096.699951171875,2118.0,1370151
2022-05-17,2141.133544921875,2176.35009765625,2185.0,2111.0,2145.0,1256142
2022-05-18,2131.68896484375,2166.75,2194.300048828125,2161.0,2187.0,1188772
2022-05-19,2077.775634765625,2111.949951171875,2156.10009765625,2055.10009765625,2125.0,981115
2022-05-20,2102.469482421875,2137.050048828125,2155.550048828125,2129.199951171875,2139.89990234375,1017542
2022-05-23,2116.489013671875,2151.300048828125,2200.0,2138.0,2160.0,1346294
2022-05-24,2105.61767578125,2140.25,2165.0,2121.35009765625,2151.64990234375,1150314
2022-05-25,2079.2021484375,2113.39990234375,2181.0,2106.0,2160.0,1125068
2022-05-26,2107.2900390625,2141.949951171875,2150.85009765625,2075.5,2132.0,1382368
2022-05-27,2114.4228515625,2149.199951171875,2159.949951171875,2123.39990234375,2155.0,865917
2022-05-30,2219.39599609375,2255.89990234375,2260.0,2164.0,2164.0,1691435
2022-05-31,2180.141845703125,2216.0,2300.0,2176.60009765625,2254.89990234375,7005071
2022-06-01,2162.039794921875,2197.60009765625,2304.89990234375,2180.0,2255.0,2126105
2022-06-02,2185.01171875,2220.949951171875,2225.35009765625,2176.60009765625,2176.60009765625,966727
2022-06-03,2168.729736328125,2204.39990234375,2244.949951171875,2197.75,2231.64990234375,1228695
2022-06-06,2162.974365234375,2198.550048828125,2208.949951171875,2165.949951171875,2204.39990234375,1285097
2022-06-07,2066.80615234375,2100.800048828125,2179.449951171875,2088.0,2173.550048828125,3255286
2022-06-08,2094.40234375,2128.85009765625,2133.0,2096.550048828125,2106.050048828125,1775344
2022-06-09,2105.07666015625,2139.699951171875,2154.0,2103.0,2106.0,1035771
2022-06-10,2107.585205078125,2142.25,2166.0,2108.0,2108.0,927889
2022-06-13,2068.380126953125,2102.39990234375,2124.449951171875,2076.199951171875,2108.0,928411
2022-06-14,2067.986572265625,2102.0,2116.89990234375,2072.64990234375,2100.0,893733
2022-06-15,2070.9873046875,2105.050048828125,2127.5,2090.0,2104.0,783714
2022-06-16,2027.6007080078125,2060.949951171875,2145.0,2042.050048828125,2126.39990234375,1265289
2022-06-17,1905.1153564453125,1936.449951171875,2051.64990234375,1910.550048828125,2041.0,6066708
2022-06-20,1929.956787109375,1961.699951171875,1973.449951171875,1905.449951171875,1938.0,1967950
2022-06-21,2044.473388671875,2078.10009765625,2093.75,1966.5,1979.9000244140625,3289922
2022-06-22,1998.3321533203125,2031.199951171875,2070.949951171875,2007.0,2070.0,1507811
2022-06-23,2008.3671875,2041.4000244140625,2047.800048828125,1997.1500244140625,2040.0,1632845
2022-06-24,2012.4991455078125,2045.5999755859375,2076.39990234375,2033.949951171875,2053.550048828125,854618
2022-06-27,2007.28515625,2040.300048828125,2083.64990234375,2025.0,2082.0,1067849
2022-06-28,1936.2042236328125,1968.050048828125,2022.0,1960.0,2020.0,3397585
2022-06-29,1904.8201904296875,1936.1500244140625,1954.300048828125,1923.0,1950.0,2375427
2022-06-30,1909.8377685546875,1941.25,1965.75,1926.0,1950.0,2489709
2022-07-01,1914.7076416015625,1946.199951171875,1954.3499755859375,1825.050048828125,1895.0,4064801
2022-07-04,1930.743896484375,1962.5,1966.5999755859375,1928.0,1954.0,1023678
2022-07-05,1922.6273193359375,1954.25,1989.0999755859375,1940.550048828125,1967.0,1555345
2022-07-06,1980.9678955078125,2013.550048828125,2025.5,1941.3499755859375,1958.0,1952701
2022-07-07,2093.073974609375,2127.5,2171.60009765625,2102.550048828125,2130.0,5915740
2022-07-08,2117.11474609375,2144.35009765625,2154.0,2110.5,2140.0,2039331
2022-07-11,2136.120361328125,2163.60009765625,2173.85009765625,2126.60009765625,2153.0,1219508
2022-07-12,2102.94677734375,2130.0,2142.0,2114.449951171875,2132.0,1096542
2022-07-13,2084.5830078125,2111.39990234375,2141.800048828125,2107.449951171875,2130.0,1169721
2022-07-14,2100.42919921875,2127.449951171875,2140.0,2113.0,2132.0,767221
2022-07-15,2161.888671875,2189.699951171875,2193.14990234375,2132.199951171875,2135.0,1742573
2022-07-18,2209.0322265625,2237.449951171875,2247.300048828125,2194.050048828125,2196.0,2016386
2022-07-19,2212.734619140625,2241.199951171875,2253.0,2216.699951171875,2232.5,867223
2022-07-20,2242.353515625,2271.199951171875,2298.0,2261.10009765625,2280.0,1620332
2022-07-21,2259.53271484375,2288.60009765625,2298.0,2264.0,2285.0,1117118
2022-07-22,2295.47021484375,2325.0,2329.949951171875,2283.10009765625,2299.0,1185176
2022-07-25,2299.271240234375,2328.85009765625,2348.800048828125,2313.0,2339.300048828125,1248393
2022-07-26,2264.073974609375,2293.199951171875,2334.949951171875,2286.550048828125,2334.949951171875,1142159
2022-07-27,2274.292724609375,2303.550048828125,2311.0,2266.550048828125,2285.10009765625,1456382
2022-07-28,2304.99755859375,2334.64990234375,2341.5,2305.050048828125,2321.0,1126799
2022-07-29,2322.177001953125,2352.050048828125,2392.5,2339.050048828125,2355.0,1239445
2022-08-01,2346.069091796875,2376.25,2381.050048828125,2339.0,2364.800048828125,581266
2022-08-02,2354.658935546875,2384.949951171875,2397.800048828125,2357.050048828125,2370.0,777687
2022-08-03,2385.709228515625,2416.39990234375,2425.89990234375,2355.0,2395.0,1207016
2022-08-04,2392.8671875,2423.64990234375,2430.449951171875,2370.949951171875,2429.949951171875,1015590
2022-08-05,2401.90087890625,2432.800048828125,2472.39990234375,2417.35009765625,2425.199951171875,2443597
2022-08-08,2415.87109375,2446.949951171875,2474.699951171875,2433.14990234375,2460.0,1576547
2022-08-10,2402.691162109375,2433.60009765625,2469.89990234375,2417.10009765625,2469.89990234375,1065998
2022-08-11,2440.94873046875,2472.35009765625,2486.0,2446.199951171875,2446.199951171875,1127878
2022-08-12,2440.553955078125,2471.949951171875,2493.0,2461.89990234375,2472.0,761420
2022-08-16,2462.17578125,2493.85009765625,2499.5,2435.0,2461.10009765625,1035928
2022-08-17,2460.546630859375,2492.199951171875,2523.14990234375,2480.64990234375,2495.0,863500
2022-08-18,2447.218017578125,2478.699951171875,2503.89990234375,2467.300048828125,2492.199951171875,827663
2022-08-19,2409.60205078125,2440.60009765625,2498.949951171875,2430.89990234375,2498.949951171875,751505
2022-08-22,2386.894287109375,2417.60009765625,2458.0,2408.0,2440.0,947292
2022-08-23,2448.69873046875,2480.199951171875,2501.949951171875,2400.0,2407.0,1417877
2022-08-24,2429.446533203125,2460.699951171875,2495.0,2441.050048828125,2495.0,672569
2022-08-25,2435.12353515625,2466.449951171875,2501.60009765625,2456.699951171875,2473.0,732577
2022-08-26,2500.729736328125,2532.89990234375,2556.0,2481.550048828125,2483.050048828125,2398253
2022-08-29,2499.545166015625,2531.699951171875,2540.89990234375,2457.25,2457.25,1149676
2022-08-30,2571.568359375,2604.64990234375,2623.10009765625,2543.0,2545.0,1794736
2022-09-01,2588.6982421875,2622.0,2647.14990234375,2565.64990234375,2592.949951171875,1438313
2022-09-02,2579.41748046875,2612.60009765625,2645.0,2607.050048828125,2631.0,800453
2022-09-05,2593.980224609375,2627.35009765625,2640.0,2610.85009765625,2625.0,733481
2022-09-06,2598.225341796875,2631.64990234375,2646.89990234375,2611.0,2631.699951171875,680071
2022-09-07,2604.247802734375,2637.75,2641.39990234375,2600.39990234375,2607.0,438635
2022-09-08,2593.33837890625,2626.699951171875,2659.89990234375,2616.0,2649.0,754150
2022-09-09,2570.383544921875,2603.449951171875,2652.14990234375,2593.0,2652.0,777186
2022-09-12,2627.350830078125,2661.14990234375,2669.699951171875,2610.0,2616.800048828125,808360
2022-09-13,2671.187255859375,2705.550048828125,2723.0,2672.0,2680.0,1536444
2022-09-14,2666.2998046875,2700.60009765625,2712.0,2645.0,2645.0,915281
2022-09-15,2622.4140625,2656.14990234375,2717.0,2648.0,2714.14990234375,753648
2022-09-16,2578.627685546875,2611.800048828125,2677.64990234375,2604.25,2648.0,1425731
2022-09-19,2586.52587890625,2619.800048828125,2632.0,2552.550048828125,2611.75,808421
2022-09-20,2649.91064453125,2684.0,2693.550048828125,2635.10009765625,2642.199951171875,844553
2022-09-21,2632.78076171875,2666.64990234375,2700.0,2656.64990234375,2688.0,1052572
2022-09-22,2702.830078125,2737.60009765625,2744.949951171875,2650.0,2660.0,1352472
2022-09-23,2638.507080078125,2672.449951171875,2755.699951171875,2667.0,2737.60009765625,1226889
2022-09-26,2621.772705078125,2655.5,2677.949951171875,2563.550048828125,2666.0,1371409
2022-09-27,2567.322998046875,2600.35009765625,2679.550048828125,2585.550048828125,2669.949951171875,1246270
2022-09-28,2544.22021484375,2576.949951171875,2634.5,2564.5,2587.5,1419969
2022-09-29,2499.347412109375,2531.5,2606.050048828125,2517.35009765625,2594.85009765625,1177076
2022-09-30,2573.83935546875,2606.949951171875,2637.39990234375,2522.60009765625,2538.0,1453944
2022-10-03,2541.505126953125,2574.199951171875,2625.0,2555.60009765625,2625.0,1049142
2022-10-04,2552.266845703125,2585.10009765625,2629.0,2571.64990234375,2629.0,1291070
2022-10-06,2559.918212890625,2592.85009765625,2620.0,2581.60009765625,2598.050048828125,1409852
2022-10-07,2695.820068359375,2730.5,2745.0,2675.0,2690.0,5284814
2022-10-10,2646.06005859375,2680.10009765625,2727.89990234375,2658.0,2710.0,1290447
2022-10-11,2591.166259765625,2624.5,2694.0,2616.39990234375,2693.0,1067626
2022-10-12,2588.056396484375,2621.35009765625,2644.89990234375,2606.0,2630.0,1131702
2022-10-13,2565.64453125,2598.64990234375,2628.0,2591.0,2610.0,1038687
2022-10-14,2584.551513671875,2617.800048828125,2663.60009765625,2607.75,2640.0,1326916
2022-10-17,2591.659912109375,2625.0,2634.89990234375,2602.550048828125,2613.89990234375,1111199
2022-10-18,2607.555419921875,2641.10009765625,2664.699951171875,2623.14990234375,2638.14990234375,771852
2022-10-19,2610.961669921875,2644.550048828125,2677.0,2640.0,2654.35009765625,1001916
2022-10-20,2598.077392578125,2631.5,2644.0,2581.35009765625,2640.0,1022636
2022-10-21,2631.79345703125,2665.64990234375,2679.64990234375,2640.050048828125,2650.0,986521
2022-10-24,2649.811767578125,2683.89990234375,2699.89990234375,2679.14990234375,2697.0,184595
2022-10-25,2636.384765625,2670.300048828125,2697.35009765625,2662.0,2697.35009765625,505759
2022-10-27,2669.459228515625,2703.800048828125,2765.0,2680.0,2700.0,2117791
2022-10-28,2701.644775390625,2736.39990234375,2738.89990234375,2693.25,2708.949951171875,1003160
2022-10-31,2726.42626953125,2761.5,2791.0,2738.25,2750.0,1144647
2022-11-01,2719.95947265625,2754.949951171875,2784.0,2741.0,2770.14990234375,890107
2022-11-02,2693.796142578125,2728.449951171875,2747.35009765625,2703.0,2745.0,1704942
2022-11-03,2728.548828125,2763.64990234375,2779.0,2705.0,2705.0,1227960
2022-11-04,2734.52197265625,2769.699951171875,2781.449951171875,2746.60009765625,2774.89990234375,1172058
2022-11-07,2706.729736328125,2741.550048828125,2772.0,2706.300048828125,2772.0,1825529
2022-11-09,2683.57763671875,2718.10009765625,2769.0,2710.0,2769.0,1184702
2022-11-10,2607.45654296875,2641.0,2711.10009765625,2628.0,2710.0,1198585
2022-11-11,2618.11962890625,2651.800048828125,2694.39990234375,2641.550048828125,2671.0,833729
2022-11-14,2596.399169921875,2629.800048828125,2665.0,2623.199951171875,2658.0,565428
2022-11-15,2622.907958984375,2656.64990234375,2669.14990234375,2621.050048828125,2642.949951171875,1033296
2022-11-16,2610.71484375,2644.300048828125,2678.199951171875,2630.0,2659.0,835064
2022-11-17,2549.2060546875,2582.0,2645.0,2576.0,2638.0,1265647
2022-11-18,2533.2119140625,2565.800048828125,2583.39990234375,2545.0,2580.0,1038751
2022-11-21,2540.666015625,2573.35009765625,2578.949951171875,2539.64990234375,2552.0,629040
2022-11-22,2573.098876953125,2606.199951171875,2609.0,2561.0,2580.0,912070
2022-11-23,2568.705322265625,2601.75,2632.5,2590.800048828125,2614.949951171875,992873
2022-11-24,2577.0478515625,2610.199951171875,2618.300048828125,2592.5,2611.0,752066
2022-11-25,2562.435791015625,2595.39990234375,2620.0,2586.0,2620.0,633047
2022-11-28,2559.325927734375,2592.25,2608.5,2579.0,2584.39990234375,665149
2022-11-29,2580.552734375,2613.75,2640.0,2595.050048828125,2597.14990234375,866621
2022-11-30,2619.30419921875,2653.0,2665.0,2604.199951171875,2613.75,1569918
2022-12-01,2605.185791015625,2638.699951171875,2665.0,2630.0,2662.0,539844
2022-12-02,2584.650146484375,2617.89990234375,2651.39990234375,2605.0,2648.0,731396
2022-12-05,2582.4287109375,2615.64990234375,2629.949951171875,2589.25,2629.0,747114
2022-12-06,2583.76171875,2617.0,2624.0,2591.300048828125,2619.800048828125,706596
2022-12-07,2563.867431640625,2596.85009765625,2623.75,2586.699951171875,2616.300048828125,712914
2022-12-08,2550.68701171875,2583.5,2613.89990234375,2578.75,2596.85009765625,648288
2022-12-09,2582.23095703125,2615.449951171875,2629.89990234375,2567.949951171875,2597.0,935047
2022-12-12,2551.822265625,2584.64990234375,2613.5,2571.0,2613.5,726330
2022-12-13,2543.18359375,2575.89990234375,2600.0,2565.0,2597.39990234375,832740
2022-12-14,2558.190673828125,2591.10009765625,2596.0,2571.14990234375,2574.85009765625,767737
2022-12-15,2490.658935546875,2522.699951171875,2588.64990234375,2514.550048828125,2585.0,1225728
2022-12-16,2451.3154296875,2482.85009765625,2520.0,2480.0,2500.0,1177053
2022-12-19,2489.7705078125,2521.800048828125,2525.25,2468.699951171875,2483.199951171875,572224
2022-12-20,2476.2939453125,2508.14990234375,2517.60009765625,2482.10009765625,2516.800048828125,597902
2022-12-21,2457.979736328125,2489.60009765625,2528.0,2481.0,2515.0,519326
2022-12-22,2451.46337890625,2483.0,2509.199951171875,2465.0,2491.800048828125,557608
2022-12-23,2451.512939453125,2483.050048828125,2505.0,2455.0,2467.64990234375,1310439
2022-12-26,2449.587646484375,2481.10009765625,2512.39990234375,2470.25,2487.75,1076808
2022-12-27,2471.75244140625,2503.550048828125,2519.89990234375,2485.60009765625,2498.0,791283
2022-12-28,2547.37939453125,2580.14990234375,2596.0,2497.5,2502.800048828125,2443430
2022-12-29,2520.8212890625,2553.25,2588.85009765625,2542.199951171875,2555.0,1583143
2022-12-30,2564.50927734375,2597.5,2610.0,2553.050048828125,2564.0,1057182
2023-01-02,2533.162353515625,2565.75,2616.0,2556.800048828125,2607.0,697408
2023-01-03,2580.40478515625,2613.60009765625,2619.0,2555.050048828125,2568.0,852511
2023-01-04,2564.55859375,2597.550048828125,2626.25,2585.60009765625,2618.800048828125,832054
2023-01-05,2529.55908203125,2562.10009765625,2620.0,2543.64990234375,2591.0,1544601
2023-01-06,2505.86376953125,2538.10009765625,2584.39990234375,2517.0,2560.0,879019
2023-01-09,2453.092529296875,2484.64990234375,2529.949951171875,2467.800048828125,2529.949951171875,2324487
2023-01-10,2436.851318359375,2468.199951171875,2498.699951171875,2456.0,2495.0,948787
2023-01-11,2406.442626953125,2437.39990234375,2488.60009765625,2431.0,2473.0,1000412
2023-01-12,2415.52587890625,2446.60009765625,2475.0,2432.0,2450.0,874520
2023-01-13,2386.4990234375,2417.199951171875,2456.89990234375,2400.0,2456.89990234375,1416869
2023-01-16,2375.29345703125,2405.85009765625,2434.800048828125,2392.0,2428.0,737012
2023-01-17,2377.36669921875,2407.949951171875,2417.89990234375,2386.0,2405.0,926137
2023-01-18,2393.311767578125,2424.10009765625,2429.85009765625,2412.800048828125,2418.0,601233
2023-01-19,2354.75732421875,2385.050048828125,2411.800048828125,2367.199951171875,2392.5,1116874
2023-01-20,2341.18212890625,2371.300048828125,2396.949951171875,2353.0,2389.949951171875,1229902
2023-01-23,2334.665771484375,2364.699951171875,2384.300048828125,2355.60009765625,2383.949951171875,932554
2023-01-24,2340.63916015625,2370.75,2390.60009765625,2364.0,2372.5,714000
2023-01-25,2326.6689453125,2356.60009765625,2370.0,2333.550048828125,2370.0,650664
2023-01-27,2301.640869140625,2331.25,2368.39990234375,2302.60009765625,2368.39990234375,1238620
2023-01-30,2305.88623046875,2335.550048828125,2342.85009765625,2287.050048828125,2332.0,1401847
2023-01-31,2346.957763671875,2377.14990234375,2386.449951171875,2335.64990234375,2347.0,1252600
2023-02-01,2316.104736328125,2345.89990234375,2409.800048828125,2300.050048828125,2408.550048828125,1521514
2023-02-02,2278.78515625,2308.10009765625,2385.0,2269.60009765625,2341.050048828125,1788381
2023-02-03,2431.816650390625,2463.10009765625,2470.0,2320.10009765625,2320.10009765625,3693638
2023-02-06,2426.781005859375,2458.0,2479.949951171875,2447.60009765625,2474.85009765625,1049075
2023-02-07,2415.822021484375,2446.89990234375,2459.75,2432.10009765625,2456.300048828125,563195
2023-02-08,2435.419677734375,2466.75,2480.0,2447.0,2447.0,539085
2023-02-09,2431.273193359375,2462.550048828125,2475.64990234375,2451.60009765625,2467.0,464715
2023-02-10,2437.147705078125,2468.5,2472.0,2442.050048828125,2452.0,597337
2023-02-13,2487.055908203125,2519.050048828125,2523.949951171875,2476.14990234375,2480.0,1856317
2023-02-14,2475.059814453125,2506.89990234375,2528.949951171875,2480.0,2528.949951171875,843477
2023-02-15,2492.239013671875,2524.300048828125,2528.25,2483.300048828125,2503.449951171875,707224
2023-02-16,2490.36279296875,2522.39990234375,2545.64990234375,2518.10009765625,2530.0,704946
2023-02-17,2468.5439453125,2500.300048828125,2545.85009765625,2496.0,2515.0,607239
2023-02-20,2442.7255859375,2474.14990234375,2507.25,2466.300048828125,2500.0,460090
2023-02-21,2432.309814453125,2463.60009765625,2485.949951171875,2450.5,2485.949951171875,750272
2023-02-22,2400.6669921875,2431.550048828125,2462.800048828125,2414.39990234375,2451.949951171875,1098118
2023-02-23,2364.08740234375,2394.5,2432.5,2380.0,2432.5,1602078
2023-02-24,2368.62890625,2399.10009765625,2413.75,2377.949951171875,2400.0,1145691
2023-02-27,2370.5048828125,2401.0,2412.0,2373.60009765625,2399.10009765625,862629
2023-02-28,2342.6630859375,2372.800048828125,2425.0,2363.60009765625,2401.10009765625,1430349
2023-03-01,2352.141357421875,2382.39990234375,2396.050048828125,2366.35009765625,2370.0,479935
2023-03-02,2328.989013671875,2358.949951171875,2394.300048828125,2351.75,2382.35009765625,529609
2023-03-03,2365.667236328125,2396.10009765625,2402.0,2358.300048828125,2370.0,710845
2023-03-06,2372.923583984375,2403.449951171875,2426.39990234375,2392.60009765625,2412.550048828125,682556
2023-03-08,2366.65478515625,2397.10009765625,2401.199951171875,2372.25,2396.39990234375,858496
2023-03-09,2338.1708984375,2368.25,2407.949951171875,2365.0,2400.800048828125,601071
2023-03-10,2345.32861328125,2375.5,2379.949951171875,2338.0,2354.85009765625,543004
2023-03-13,2302.38134765625,2332.0,2376.949951171875,2321.0,2372.75,631722
2023-03-14,2325.681640625,2355.60009765625,2391.85009765625,2328.85009765625,2336.949951171875,1470817
2023-03-15,2368.62890625,2399.10009765625,2413.85009765625,2379.949951171875,2380.0,1656307
2023-03-16,2419.228271484375,2450.35009765625,2482.0,2413.0,2413.5,2317115
2023-03-17,2424.460693359375,2455.64990234375,2474.0,2447.39990234375,2467.14990234375,1625905
2023-03-20,2428.7060546875,2459.949951171875,2474.949951171875,2441.550048828125,2462.0,918922
2023-03-21,2482.119140625,2514.050048828125,2521.550048828125,2468.050048828125,2475.0,1652107
2023-03-22,2476.2939453125,2508.14990234375,2524.0,2495.0,2517.949951171875,754732
2023-03-23,2487.055908203125,2519.050048828125,2528.0,2494.050048828125,2510.0,610778
2023-03-24,2461.68212890625,2493.35009765625,2519.699951171875,2474.949951171875,2516.800048828125,838919
2023-03-27,2462.71875,2494.39990234375,2510.0,2466.800048828125,2480.0,728727
2023-03-28,2468.5439453125,2500.300048828125,2507.14990234375,2493.89990234375,2502.89990234375,599191
2023-03-29,2483.106201171875,2515.050048828125,2525.0,2494.0,2500.300048828125,710603
2023-03-31,2482.9580078125,2514.89990234375,2536.75,2500.0,2526.949951171875,848456
2023-04-03,2505.172607421875,2537.39990234375,2544.64990234375,2513.300048828125,2525.89990234375,701713
2023-04-05,2540.0244140625,2572.699951171875,2581.5,2550.10009765625,2560.0,1438377
2023-04-06,2516.082275390625,2548.449951171875,2584.0,2545.0,2583.0,1192271
2023-04-10,2550.88427734375,2583.699951171875,2602.0,2561.050048828125,2568.0,1497452
2023-04-11,2547.281005859375,2580.050048828125,2603.5,2576.0,2583.699951171875,820568
2023-04-12,2555.03125,2587.89990234375,2593.449951171875,2564.14990234375,2580.050048828125,553807
2023-04-13,2552.8095703125,2585.64990234375,2599.949951171875,2577.300048828125,2588.0,481459
2023-04-17,2572.50634765625,2605.60009765625,2612.25,2582.300048828125,2600.0,1044487
2023-04-18,2544.960693359375,2577.699951171875,2607.64990234375,2560.10009765625,2603.050048828125,674756
2023-04-19,2536.66748046875,2569.300048828125,2595.949951171875,2562.0,2580.050048828125,687292
2023-04-20,2546.490966796875,2579.25,2619.0,2570.5,2577.64990234375,995472
2023-04-21,2535.679931640625,2568.300048828125,2594.550048828125,2559.25,2593.60009765625,409932
2023-04-24,2596.15234375,2629.550048828125,2636.39990234375,2570.0,2571.10009765625,1026391
2023-04-25,2599.755859375,2633.199951171875,2637.0,2614.949951171875,2634.85009765625,630987
2023-04-26,2607.45654296875,2641.0,2647.64990234375,2625.64990234375,2633.0,631279
2023-04-27,2629.621337890625,2663.449951171875,2674.0,2631.5,2641.0,620037
2023-04-28,2608.2958984375,2641.85009765625,2679.300048828125,2619.5,2672.449951171875,1567472
2023-05-02,2630.0166015625,2663.85009765625,2674.0,2633.39990234375,2657.0,726439
2023-05-03,2620.341064453125,2654.050048828125,2679.5,2643.10009765625,2675.0,808211
2023-05-04,2636.483642578125,2670.39990234375,2694.25,2656.550048828125,2679.699951171875,1936641
2023-05-05,2698.189453125,2732.89990234375,2766.0,2666.300048828125,2670.60009765625,2190777
2023-05-08,2716.306396484375,2751.25,2770.0,2732.89990234375,2732.949951171875,848638
2023-05-09,2713.492431640625,2748.39990234375,2790.0,2738.449951171875,2753.300048828125,893686
2023-05-10,2710.580078125,2745.449951171875,2767.699951171875,2736.199951171875,2760.0,522149
2023-05-11,2722.82275390625,2757.85009765625,2765.0,2744.050048828125,2758.0,621067
2023-05-12,2737.977783203125,2773.199951171875,2784.5,2756.85009765625,2760.800048828125,705516
2023-05-15,2744.2470703125,2779.550048828125,2802.10009765625,2764.25,2774.0,772914
2023-05-16,2754.81103515625,2790.25,2800.800048828125,2774.550048828125,2785.0,548885
2023-05-17,2727.31494140625,2762.39990234375,2790.0,2750.050048828125,2785.0,539547
2023-05-18,2687.280029296875,2721.85009765625,2782.0,2716.10009765625,2782.0,612441
2023-05-19,2667.33642578125,2701.64990234375,2719.949951171875,2683.050048828125,2719.949951171875,846419
2023-05-22,2678.09814453125,2712.550048828125,2734.0,2701.10009765625,2701.60009765625,559506
2023-05-23,2649.36767578125,2683.449951171875,2726.39990234375,2677.300048828125,2719.949951171875,713749
2023-05-24,2672.865234375,2707.25,2722.0,2670.0,2675.0,814553
2023-05-25,2673.556640625,2707.949951171875,2720.0,2682.0,2714.449951171875,651488
2023-05-26,2707.32177734375,2742.14990234375,2759.699951171875,2699.14990234375,2707.949951171875,811400
2023-05-29,2776.53173828125,2812.25,2821.800048828125,2745.0,2745.0,1107678
2023-05-30,2766.905517578125,2802.5,2841.89990234375,2797.699951171875,2829.5,1263691
2023-05-31,2787.391845703125,2823.25,2832.10009765625,2790.10009765625,2802.5,1394580
2023-06-01,2791.34130859375,2827.25,2837.64990234375,2814.699951171875,2823.25,538550
2023-06-02,2825.30419921875,2861.64990234375,2871.0,2826.449951171875,2830.0,1116501
2023-06-05,2819.4296875,2855.699951171875,2875.0,2840.0,2875.0,724102
2023-06-06,2844.852783203125,2881.449951171875,2893.0,2858.300048828125,2860.949951171875,1148132
2023-06-07,2870.02880859375,2906.949951171875,2910.0,2870.0,2895.0,862821
2023-06-08,2840.45947265625,2877.0,2921.85009765625,2871.050048828125,2906.89990234375,560514
2023-06-09,2839.718994140625,2876.25,2919.949951171875,2863.25,2890.0,727880
2023-06-12,2816.369384765625,2852.60009765625,2885.449951171875,2833.25,2884.949951171875,1112274
2023-06-13,2875.50830078125,2912.5,2918.0,2855.10009765625,2859.89990234375,776313
2023-06-14,2870.127685546875,2907.050048828125,2928.199951171875,2897.0,2920.0,617700
2023-06-15,2871.065673828125,2908.0,2924.64990234375,2900.0,2911.050048828125,564711
2023-06-16,2916.777587890625,2954.300048828125,2960.0,2911.800048828125,2911.800048828125,1022389
2023-06-19,2930.89599609375,2968.60009765625,3024.39990234375,2963.35009765625,2967.0,1382633
2023-06-20,2936.2275390625,2974.0,2986.35009765625,2948.300048828125,2972.699951171875,672298
2023-06-21,2933.3642578125,2971.10009765625,2985.0,2958.14990234375,2974.0,509602
2023-06-22,2932.52490234375,2970.25,2984.75,2955.800048828125,2975.0,496441
2023-06-23,2901.820068359375,2939.14990234375,2981.0,2932.0,2972.5,869340
2023-06-26,2934.84521484375,2972.60009765625,2981.0,2940.0,2940.0,839713
2023-06-27,2937.905517578125,2975.699951171875,2989.199951171875,2940.699951171875,2973.0,913730
2023-06-28,2989.640380859375,3028.10009765625,3044.39990234375,2985.050048828125,2995.0,1525117
2023-06-30,3008.941650390625,3047.64990234375,3067.949951171875,3029.14990234375,3046.0,946112
2023-07-03,2999.710693359375,3038.300048828125,3054.0,3026.300048828125,3050.10009765625,429100
2023-07-04,3035.598876953125,3074.64990234375,3090.0,3039.0,3041.5,1291238
2023-07-05,3060.47900390625,3099.85009765625,3113.89990234375,3063.0,3075.0,643663
2023-07-06,3066.945556640625,3106.39990234375,3111.85009765625,3081.39990234375,3100.0,976956
2023-07-07,3104.068115234375,3144.0,3210.0,3126.39990234375,3140.0,3630808
2023-07-10,3006.868408203125,3045.550048828125,3155.0,3030.25,3155.0,1777220
2023-07-11,3048.384521484375,3087.60009765625,3098.0,3044.800048828125,3062.85009765625,1141925
2023-07-12,3057.17138671875,3096.5,3124.0,3087.64990234375,3114.0,1300168
2023-07-13,3055.43798828125,3084.75,3114.60009765625,3079.300048828125,3113.949951171875,932018
2023-07-14,3026.515625,3055.550048828125,3097.35009765625,3042.60009765625,3093.64990234375,721349
2023-07-17,3004.62548828125,3033.449951171875,3072.949951171875,3020.0,3070.0,866575
2023-07-18,2967.97705078125,2996.449951171875,3039.949951171875,2963.39990234375,3033.449951171875,1359863
2023-07-19,2967.184326171875,2995.64990234375,3017.39990234375,2985.050048828125,3010.10009765625,568891
2023-07-20,2960.89501953125,2989.300048828125,3016.60009765625,2966.0,3002.25,1021556
2023-07-21,2948.0185546875,2976.300048828125,3005.0,2970.0,2990.75,599594
2023-07-24,2950.890869140625,2979.199951171875,2992.89990234375,2951.25,2978.0,523141
2023-07-25,3000.2177734375,3029.0,3032.89990234375,2972.75,2980.0,874788
2023-07-26,2979.76416015625,3008.35009765625,3044.89990234375,2995.0,3044.89990234375,588487
2023-07-27,2973.5732421875,3002.10009765625,3024.10009765625,2983.64990234375,3013.949951171875,595544
2023-07-28,2958.616943359375,2987.0,3010.0,2951.699951171875,3008.14990234375,837051
2023-07-31,2975.5048828125,3004.050048828125,3017.949951171875,2950.0,2950.0,656048
2023-08-01,2973.375244140625,3001.89990234375,3027.5,2987.699951171875,3024.85009765625,602288
2023-08-02,2948.8603515625,2977.14990234375,3005.699951171875,2960.0,3005.64990234375,1152335
2023-08-03,2874.523681640625,2902.10009765625,2986.949951171875,2883.0,2937.949951171875,3319847
2023-08-04,2876.801513671875,2904.39990234375,2935.800048828125,2898.0,2919.949951171875,709334
2023-08-07,2877.0,2904.60009765625,2919.949951171875,2882.449951171875,2919.949951171875,580359
2023-08-08,2893.49169921875,2921.25,2932.0,2904.60009765625,2918.0,474417
2023-08-09,2927.812255859375,2955.89990234375,2962.0,2918.14990234375,2924.0,600081
2023-08-10,2960.152099609375,2988.550048828125,2995.5,2917.0,2958.0,970990
2023-08-11,2988.579345703125,3017.25,3067.449951171875,2980.0,2988.5,1823274
2023-08-14,2982.0419921875,3010.64990234375,3020.35009765625,2988.35009765625,3020.35009765625,542561
2023-08-16,2982.488037109375,3011.10009765625,3015.89990234375,2978.050048828125,3005.0,544441
2023-08-17,3042.5615234375,3071.75,3079.449951171875,3012.0,3018.0,1699758
2023-08-18,3021.4638671875,3050.449951171875,3079.5,3035.0,3070.60009765625,860782
2023-08-21,3049.04931640625,3078.300048828125,3082.5,3050.0,3051.0,706621
2023-08-22,3046.375,3075.60009765625,3091.0,3040.10009765625,3084.949951171875,714220
2023-08-23,3040.828125,3070.0,3085.0,3056.300048828125,3075.60009765625,602197
2023-08-24,3032.11181640625,3061.199951171875,3099.89990234375,3056.25,3075.699951171875,618626
2023-08-25,3038.054931640625,3067.199951171875,3074.75,3037.550048828125,3055.0,648003
2023-08-28,3019.58203125,3048.550048828125,3079.949951171875,3040.699951171875,3074.0,471698
2023-08-29,3050.138916015625,3079.39990234375,3090.0,3044.0,3051.949951171875,482639
2023-08-30,3052.912109375,3082.199951171875,3111.0,3067.0,3080.0,582766
2023-08-31,3074.950927734375,3104.449951171875,3118.949951171875,3082.199951171875,3090.85009765625,1420498
2023-09-01,3087.18359375,3116.800048828125,3124.89990234375,3100.0,3111.949951171875,423739
2023-09-04,3070.840087890625,3100.300048828125,3124.949951171875,3086.300048828125,3116.949951171875,539813
2023-09-05,3106.349609375,3136.14990234375,3157.5,3115.0,3120.0,721199
2023-09-06,3145.870849609375,3176.050048828125,3180.550048828125,3120.85009765625,3136.14990234375,1163154
2023-09-07,3142.6513671875,3172.800048828125,3182.949951171875,3152.0,3173.0,805295
2023-09-08,3168.70166015625,3199.10009765625,3205.0,3172.800048828125,3182.0,700158
2023-09-11,3182.7666015625,3213.300048828125,3221.550048828125,3186.60009765625,3209.949951171875,544452
2023-09-12,3155.52783203125,3185.800048828125,3221.14990234375,3177.60009765625,3216.050048828125,591509
2023-09-13,3232.192138671875,3263.199951171875,3270.0,3178.050048828125,3178.050048828125,1370306
2023-09-14,3230.360107421875,3261.35009765625,3302.449951171875,3240.0,3277.550048828125,1264935
2023-09-15,3217.731201171875,3248.60009765625,3264.0,3239.0,3261.60009765625,1397407
2023-09-18,3307.767333984375,3339.5,3352.0,3246.800048828125,3257.0,1423507
2023-09-20,3275.2294921875,3306.64990234375,3349.0,3300.050048828125,3314.0,1201025
2023-09-21,3273.10009765625,3304.5,3322.5,3285.800048828125,3300.0,1091384
2023-09-22,3243.385009765625,3274.5,3298.800048828125,3261.699951171875,3298.800048828125,1019051
2023-09-25,3252.7451171875,3283.949951171875,3314.89990234375,3261.35009765625,3274.5,623515
2023-09-26,3231.59814453125,3262.60009765625,3308.0,3255.0,3294.0,1054827
2023-09-27,3184.004638671875,3214.550048828125,3266.949951171875,3186.0,3246.800048828125,1464192
2023-09-28,3127.249267578125,3157.25,3224.89990234375,3141.75,3217.5,1214383
2023-09-29,3118.87939453125,3148.800048828125,3176.449951171875,3143.050048828125,3160.050048828125,697564
2023-10-03,3165.878662109375,3196.25,3212.5,3114.39990234375,3148.800048828125,1007308
2023-10-04,3136.5595703125,3166.64990234375,3205.0,3151.0,3186.0,486969
2023-10-05,3185.936279296875,3216.5,3231.0,3165.0,3173.89990234375,1109881
2023-10-06,3278.2998046875,3309.75,3319.800048828125,3221.10009765625,3230.0,1102120
2023-10-09,3236.45166015625,3267.5,3296.0,3249.050048828125,3294.699951171875,822467
2023-10-10,3238.13525390625,3269.199951171875,3299.199951171875,3259.300048828125,3295.0,633934
2023-10-11,3249.327880859375,3280.5,3296.0,3264.0,3289.699951171875,546575
2023-10-12,3253.78515625,3285.0,3295.050048828125,3262.60009765625,3292.0,429096
2023-10-13,3252.54736328125,3283.75,3307.0,3266.550048828125,3285.0,920545
2023-10-16,3270.029296875,3301.39990234375,3329.0,3275.0,3284.0,778014
2023-10-17,3277.012451171875,3308.449951171875,3328.449951171875,3304.10009765625,3317.949951171875,584625
2023-10-18,3251.556640625,3282.75,3324.14990234375,3277.5,3309.199951171875,324535
2023-10-19,3253.438720703125,3284.64990234375,3300.949951171875,3239.0,3270.0,698767
2023-10-20,3235.163818359375,3266.199951171875,3291.5,3244.0,3272.64990234375,657550
2023-10-23,3189.1552734375,3219.75,3274.949951171875,3209.699951171875,3246.199951171875,566920
2023-10-25,3157.558349609375,3187.85009765625,3236.300048828125,3179.0,3216.0,762466
2023-10-26,3071.33544921875,3100.800048828125,3189.89990234375,3092.050048828125,3160.35009765625,1124281
2023-10-27,3091.04638671875,3120.699951171875,3138.75,3087.25,3095.10009765625,1050608
2023-10-30,3086.836669921875,3116.449951171875,3121.949951171875,3075.0,3105.0,802316
2023-10-31,3159.341064453125,3189.64990234375,3205.800048828125,3087.85009765625,3119.60009765625,1235478
2023-11-01,3143.24560546875,3173.39990234375,3212.89990234375,3168.35009765625,3193.85009765625,756820
2023-11-02,3171.078857421875,3201.5,3228.5,3180.0,3200.0,774180
2023-11-03,3243.385009765625,3274.5,3288.0,3205.050048828125,3205.14990234375,1355614
2023-11-06,3236.005859375,3267.050048828125,3310.0,3245.300048828125,3310.0,1137606
2023-11-07,3239.125732421875,3270.199951171875,3286.449951171875,3250.199951171875,3274.0,433992
2023-11-08,3280.3798828125,3311.85009765625,3323.800048828125,3272.199951171875,3289.0,632305
2023-11-09,3252.54736328125,3283.75,3320.949951171875,3274.64990234375,3320.949951171875,1317398
2023-11-10,3225.407470703125,3256.35009765625,3274.949951171875,3223.0,3263.050048828125,1170763
2023-11-13,3233.727783203125,3264.75,3278.35009765625,3250.60009765625,3275.0,275538
2023-11-15,3264.63134765625,3295.949951171875,3300.89990234375,3260.75,3275.25,747863
2023-11-16,3304.2509765625,3335.949951171875,3358.0,3259.25,3295.39990234375,1055389
2023-11-17,3307.123779296875,3338.85009765625,3366.0,3326.699951171875,3339.0,633405
2023-11-20,3314.056884765625,3345.85009765625,3353.949951171875,3312.25,3338.0,497379
2023-11-21,3362.195068359375,3394.449951171875,3401.75,3355.10009765625,3365.0,1038863
2023-11-22,3397.259033203125,3429.85009765625,3435.0,3396.050048828125,3400.0,980779
2023-11-23,3376.0126953125,3408.39990234375,3441.949951171875,3396.300048828125,3433.89990234375,517362
2023-11-24,3364.67138671875,3396.949951171875,3419.10009765625,3382.550048828125,3406.0,589530
2023-11-28,3409.689453125,3442.39990234375,3445.949951171875,3397.35009765625,3417.949951171875,733524
2023-11-29,3396.7138671875,3429.300048828125,3473.85009765625,3424.0,3473.85009765625,819200
2023-11-30,3457.431640625,3490.60009765625,3500.0,3422.25,3431.10009765625,1480088
2023-12-01,3456.341796875,3489.5,3500.0,3470.0,3499.0,655263
2023-12-04,3455.25244140625,3488.39990234375,3550.0,3478.050048828125,3550.0,808838
2023-12-05,3511.61181640625,3545.300048828125,3550.0,3479.0,3488.39990234375,713651
2023-12-06,3513.196533203125,3546.89990234375,3573.949951171875,3522.10009765625,3550.0,474140
2023-12-07,3551.330810546875,3585.39990234375,3595.0,3519.050048828125,3546.89990234375,820214
2023-12-08,3600.112548828125,3634.64990234375,3646.949951171875,3575.0,3575.0,1562141
2023-12-11,3596.00244140625,3630.5,3644.60009765625,3598.300048828125,3634.550048828125,620604
2023-12-12,3537.463623046875,3571.39990234375,3644.5,3563.25,3637.0,1075941
2023-12-13,3568.119873046875,3602.35009765625,3609.75,3552.75,3585.0,717618
2023-12-14,3557.273681640625,3591.39990234375,3647.0,3584.35009765625,3647.0,992762
2023-12-15,3566.3369140625,3600.550048828125,3615.0,3584.800048828125,3615.0,906271
2023-12-18,3585.205810546875,3619.60009765625,3667.199951171875,3593.89990234375,3600.699951171875,699850
2023-12-19,3576.142578125,3610.449951171875,3627.949951171875,3600.10009765625,3610.64990234375,577926
2023-12-20,3520.328369140625,3554.10009765625,3651.5,3541.0,3610.449951171875,849001
2023-12-21,3545.98193359375,3580.0,3598.949951171875,3518.800048828125,3524.10009765625,816722
2023-12-22,3592.88232421875,3627.35009765625,3638.449951171875,3560.550048828125,3580.0,777099
2023-12-26,3621.953369140625,3656.699951171875,3665.0,3623.449951171875,3635.0,526101
2023-12-27,3654.194091796875,3689.25,3695.0,3645.0,3668.0,666625
2023-12-28,3679.79833984375,3715.10009765625,3737.0,3680.699951171875,3699.89990234375,1033648
2023-12-29,3640.52490234375,3675.449951171875,3715.10009765625,3660.25,3715.10009765625,709614
2024-01-01,3642.208740234375,3677.14990234375,3698.0,3667.5,3689.0,286683
2024-01-02,3663.1083984375,3698.25,3707.85009765625,3642.5,3689.0,453685
2024-01-03,3657.957763671875,3693.050048828125,3709.949951171875,3665.0,3708.0,356757
2024-01-04,3684.354736328125,3719.699951171875,3727.0,3686.64990234375,3696.0,545228
2024-01-05,3677.2724609375,3712.550048828125,3750.0,3687.25,3719.699951171875,963628
2024-01-08,3670.834228515625,3706.050048828125,3776.85009765625,3695.800048828125,3770.0,1202148
2024-01-09,3658.89892578125,3694.0,3753.949951171875,3685.14990234375,3736.949951171875,572612
2024-01-10,3679.154541015625,3714.449951171875,3730.0,3690.0,3708.0,556311
2024-01-11,3663.455078125,3698.60009765625,3742.699951171875,3692.60009765625,3726.89990234375,392818
2024-01-12,3690.5947265625,3726.0,3734.300048828125,3647.949951171875,3700.0,990582
2024-01-15,3723.1328125,3758.85009765625,3775.0,3736.0,3740.0,661292
2024-01-16,3783.99853515625,3820.300048828125,3858.0,3756.0,3758.85009765625,1170685
2024-01-17,3793.656005859375,3830.050048828125,3855.0,3800.0,3818.949951171875,723356
2024-01-18,3699.212158203125,3734.699951171875,3824.64990234375,3718.85009765625,3791.35009765625,1293580
2024-01-19,3774.39111328125,3810.60009765625,3861.5,3740.699951171875,3742.199951171875,2566367
2024-01-23,3704.11474609375,3739.64990234375,3858.0,3705.75,3786.0,1053510
2024-01-24,3732.04736328125,3767.85009765625,3780.0,3711.75,3764.0,636988
2024-01-25,3734.37451171875,3770.199951171875,3796.949951171875,3730.10009765625,3770.39990234375,646135
2024-01-29,3829.908203125,3866.64990234375,3875.0,3760.550048828125,3760.60009765625,699215
2024-01-30,3700.252197265625,3735.75,3886.949951171875,3715.0,3882.0,852445
2024-01-31,3662.4150390625,3697.550048828125,3775.0,3653.25,3749.0,1386754
2024-02-01,3592.98095703125,3627.449951171875,3738.0,3601.0,3738.0,1408462
2024-02-02,3578.073974609375,3612.39990234375,3713.449951171875,3602.449951171875,3635.0,2320153
2024-02-05,3518.2978515625,3552.050048828125,3624.64990234375,3534.89990234375,3612.949951171875,1771614
2024-02-06,3525.330078125,3559.14990234375,3577.949951171875,3531.60009765625,3552.050048828125,1069901
2024-02-07,3542.515380859375,3576.5,3620.0,3555.800048828125,3578.0,900220
2024-02-08,3515.375732421875,3549.10009765625,3610.0,3503.0,3604.800048828125,1011857
2024-02-09,3557.471923828125,3591.60009765625,3597.89990234375,3532.85009765625,3549.10009765625,838509
2024-02-12,3551.18212890625,3585.25,3618.60009765625,3570.050048828125,3599.0,487283
2024-02-13,3526.12255859375,3559.949951171875,3608.75,3551.14990234375,3607.0,796060
2024-02-14,3551.4794921875,3585.550048828125,3593.85009765625,3503.300048828125,3546.0,1046318
2024-02-15,3587.63232421875,3622.050048828125,3632.0,3571.0,3595.050048828125,759063
2024-02-16,3620.66552734375,3655.39990234375,3690.0,3624.5,3648.0,915502
2024-02-19,3659.93896484375,3695.050048828125,3709.5,3650.0,3671.949951171875,528874
2024-02-20,3651.668212890625,3686.699951171875,3719.949951171875,3665.5,3700.0,744107
2024-02-21,3621.6064453125,3656.35009765625,3707.5,3640.0,3652.050048828125,660426
2024-02-22,3617.34765625,3652.050048828125,3676.0,3555.35009765625,3676.0,1017437
2024-02-23,3656.868408203125,3691.949951171875,3737.0,3655.0,3672.0,897831
2024-02-26,3588.078125,3622.5,3690.0,3610.85009765625,3690.0,546842
2024-02-27,3619.130615234375,3653.85009765625,3675.0,3621.050048828125,3630.0,673959
2024-02-28,3560.54248046875,3594.699951171875,3669.0,3582.14990234375,3655.0,538608
2024-02-29,3589.9599609375,3624.39990234375,3654.0,3585.300048828125,3595.199951171875,1692242
2024-03-01,3730.11572265625,3765.89990234375,3774.0,3626.0,3630.0,1533727
2024-03-04,3696.933837890625,3732.39990234375,3764.10009765625,3715.0,3761.60009765625,787542
2024-03-05,3715.109619140625,3750.75,3759.14990234375,3708.0,3748.0,733660
2024-03-06,3774.53955078125,3810.75,3815.0,3702.699951171875,3748.050048828125,765602
2024-03-07,3750.915771484375,3786.89990234375,3824.25,3768.10009765625,3812.050048828125,838514
2024-03-11,3714.51513671875,3750.14990234375,3808.0,3742.050048828125,3802.89990234375,597848
2024-03-12,3713.177978515625,3748.800048828125,3766.0,3713.5,3762.0,564569
2024-03-13,3591.247802734375,3625.699951171875,3762.0,3590.0,3759.0,1027729
2024-03-14,3605.560546875,3640.14990234375,3648.0,3580.14990234375,3629.949951171875,1293906
2024-03-15,3598.676513671875,3633.199951171875,3655.949951171875,3610.0,3634.699951171875,1207241
2024-03-18,3545.684814453125,3579.699951171875,3620.0,3565.10009765625,3619.0,785257
2024-03-19,3549.349609375,3583.39990234375,3606.64990234375,3547.050048828125,3579.0,554444
2024-03-20,3556.38232421875,3590.5,3596.89990234375,3550.0,3583.39990234375,526882
2024-03-21,3593.080322265625,3627.550048828125,3637.0,3590.050048828125,3606.949951171875,767905
2024-03-22,3671.47802734375,3706.699951171875,3726.89990234375,3621.25,3627.550048828125,1281102
2024-03-26,3663.058837890625,3698.199951171875,3729.949951171875,3665.0,3665.0,1158224
2024-03-27,3723.67724609375,3759.39990234375,3784.89990234375,3692.800048828125,3699.0,1315714
2024-03-28,3765.67431640625,3801.800048828125,3838.300048828125,3732.550048828125,3760.0,1590738
2024-04-01,3702.876708984375,3738.39990234375,3832.550048828125,3730.5,3822.949951171875,964052
2024-04-02,3720.260009765625,3755.949951171875,3781.449951171875,3734.10009765625,3754.0,677963
2024-04-03,3677.22314453125,3712.5,3752.0,3705.0,3745.10009765625,801601
2024-04-04,3746.8056640625,3782.75,3792.300048828125,3679.0,3740.0,1177617
2024-04-05,3718.7744140625,3754.449951171875,3801.89990234375,3741.0,3778.39990234375,623873
2024-04-08,3713.277099609375,3748.89990234375,3808.300048828125,3720.35009765625,3798.64990234375,849267
2024-04-09,3644.387939453125,3679.35009765625,3761.0,3664.35009765625,3755.0,745285
2024-04-10,3675.935546875,3711.199951171875,3720.35009765625,3681.449951171875,3690.0,567546
2024-04-12,3584.90869140625,3619.300048828125,3694.800048828125,3609.449951171875,3689.550048828125,1910561
2024-04-15,3566.386474609375,3600.60009765625,3639.199951171875,3590.0,3607.0,854076
2024-04-16,3611.255859375,3645.89990234375,3653.199951171875,3583.0,3589.0,1116890
2024-04-18,3491.60400390625,3525.10009765625,3660.0,3501.0,3645.89990234375,1677946
2024-04-19,3529.193115234375,3563.050048828125,3571.199951171875,3478.25,3525.10009765625,1507940
2024-04-22,3562.57275390625,3596.75,3615.0,3552.0,3567.0,668659
2024-04-23,3598.478271484375,3633.0,3648.0,3605.14990234375,3619.949951171875,769991
2024-04-24,3575.449462890625,3609.75,3644.85009765625,3580.050048828125,3642.0,652811
2024-04-25,3537.166748046875,3571.10009765625,3602.5,3541.0,3595.0,1889163
2024-04-26,3550.736572265625,3584.800048828125,3593.25,3556.300048828125,3588.0,798783
2024-04-29,3570.595947265625,3604.85009765625,3613.449951171875,3573.14990234375,3585.0,703524
2024-04-30,3555.144287109375,3589.25,3619.5,3580.0,3602.64990234375,963220
2024-05-02,3534.54150390625,3568.449951171875,3598.0,3546.300048828125,3585.0,1435891
2024-05-03,3500.31982421875,3533.89990234375,3599.0,3492.0,3595.0,1681592
2024-05-06,3248.9814453125,3280.14990234375,3488.800048828125,3257.0,3476.0,6891728
2024-05-07,3239.81884765625,3270.89990234375,3332.0,3227.0,3330.0,3111444
2024-05-08,3228.874267578125,3259.85009765625,3281.0,3238.449951171875,3275.39990234375,2054981
2024-05-09,3214.858642578125,3245.699951171875,3322.5,3233.0,3259.85009765625,1860654
2024-05-10,3258.589111328125,3289.85009765625,3306.199951171875,3242.75,3258.10009765625,1307103
2024-05-13,3222.73291015625,3253.64990234375,3308.0,3230.5,3307.5,1294603
2024-05-14,3257.648193359375,3288.89990234375,3308.0,3250.0,3250.0,620163
2024-05-15,3237.49169921875,3268.550048828125,3306.449951171875,3260.0,3304.0,657036
2024-05-16,3302.220458984375,3333.89990234375,3348.0,3251.300048828125,3276.300048828125,1404971
2024-05-17,3329.211669921875,3361.14990234375,3368.0,3308.0,3347.949951171875,1194228
2024-05-21,3344.910888671875,3377.0,3380.300048828125,3351.0,3355.0,827674
2024-05-22,3351.696044921875,3383.85009765625,3403.10009765625,3360.0,3384.75,626567
2024-05-23,3419.247802734375,3452.050048828125,3460.39990234375,3377.75,3383.0,977789
2024-05-24,3379.974609375,3412.39990234375,3455.050048828125,3404.199951171875,3452.10009765625,878625
2024-05-27,3371.06005859375,3403.39990234375,3436.300048828125,3390.300048828125,3423.949951171875,804488
2024-05-28,3377.0029296875,3409.39990234375,3423.0,3392.14990234375,3404.0,548576
2024-05-29,3348.27880859375,3380.39990234375,3418.0,3371.10009765625,3405.35009765625,519533
2024-05-30,3240.76025390625,3271.85009765625,3365.0,3254.0,3365.0,2365535
2024-05-31,3211.0947265625,3241.89990234375,3328.800048828125,3216.75,3298.0,2524214
2024-06-03,3230.21142578125,3261.199951171875,3332.949951171875,3250.0,3310.0,1378542
2024-06-04,3208.1728515625,3238.949951171875,3295.199951171875,3055.64990234375,3261.199951171875,2934800
2024-06-05,3286.125,3317.64990234375,3334.0,3201.050048828125,3266.0,1396386
2024-06-06,3290.0869140625,3321.64990234375,3360.0,3290.75,3329.0,1825503
2024-06-07,3411.32373046875,3444.050048828125,3456.60009765625,3294.39990234375,3294.39990234375,2084099
2024-06-10,3389.681396484375,3422.199951171875,3452.0,3390.0,3443.0,1655552
2024-06-11,3378.290771484375,3410.699951171875,3438.300048828125,3401.89990234375,3418.199951171875,1086157
2024-06-12,3350.16064453125,3382.300048828125,3418.89990234375,3370.85009765625,3411.35009765625,2054168
2024-06-13,3439.206298828125,3472.199951171875,3477.10009765625,3390.0,3424.949951171875,1753028
2024-06-14,3496.506591796875,3530.050048828125,3535.0,3479.0,3490.0,2346892
2024-06-18,3554.896728515625,3589.0,3625.0,3538.0,3554.800048828125,1585048
2024-06-19,3429.4501953125,3462.35009765625,3595.0,3456.0,3595.0,1862394
2024-06-20,3403.30078125,3435.949951171875,3490.0,3418.10009765625,3474.0,2377432
2024-06-21,3367.44482421875,3399.75,3473.64990234375,3383.39990234375,3430.699951171875,2707405
2024-06-24,3379.925048828125,3412.35009765625,3429.0,3372.300048828125,3380.35009765625,645002
2024-06-25,3370.119140625,3402.449951171875,3423.39990234375,3384.89990234375,3412.550048828125,1299560
2024-06-26,3340.701416015625,3372.75,3401.5,3370.0,3401.5,1485709
2024-06-27,3359.43359375,3380.60009765625,3392.5,3361.050048828125,3370.0,1462935
2024-06-28,3382.8857421875,3404.199951171875,3419.89990234375,3366.35009765625,3380.60009765625,1005498
2024-07-01,3409.96484375,3431.449951171875,3435.0,3381.5,3382.0,1001832
2024-07-02,3378.364013671875,3399.64990234375,3450.0,3385.300048828125,3446.0,878947
2024-07-03,3339.210693359375,3360.25,3426.949951171875,3341.89990234375,3420.800048828125,980605
2024-07-04,3315.112548828125,3336.0,3369.89990234375,3330.0,3365.0,741143
2024-07-05,3248.880126953125,3269.35009765625,3332.0,3257.0,3332.0,2001382
2024-07-08,3136.4384765625,3156.199951171875,3204.0,3126.10009765625,3204.0,5323920
2024-07-09,3195.019287109375,3215.14990234375,3222.050048828125,3165.0,3170.0,2044328
2024-07-10,3204.8076171875,3225.0,3252.699951171875,3190.5,3217.75,1437517
2024-07-11,3228.260009765625,3248.60009765625,3258.75,3230.0,3246.949951171875,1105185
2024-07-12,3209.62744140625,3229.85009765625,3269.0,3220.050048828125,3266.0,1496692
2024-07-15,3204.0126953125,3224.199951171875,3252.39990234375,3205.39990234375,3241.75,1243810
2024-07-16,3213.801025390625,3234.050048828125,3251.0,3224.10009765625,3227.949951171875,501336
2024-07-18,3241.675537109375,3262.10009765625,3269.10009765625,3206.0,3232.949951171875,1086374
2024-07-19,3238.594970703125,3259.0,3279.0,3235.0,3262.050048828125,1111191
2024-07-22,3234.0732421875,3254.449951171875,3273.39990234375,3223.199951171875,3250.0,696255
2024-07-23,3445.143310546875,3466.85009765625,3490.0,3232.14990234375,3255.10009765625,7159507
2024-07-24,3456.62109375,3478.39990234375,3552.5,3462.14990234375,3470.0,3862140
2024-07-25,3384.4755859375,3405.800048828125,3454.39990234375,3384.449951171875,3415.0,1476422
2024-07-26,3472.2724609375,3494.14990234375,3501.699951171875,3393.0,3405.800048828125,1830745
2024-07-29,3390.338623046875,3411.699951171875,3499.550048828125,3388.0,3495.0,2213293
2024-07-30,3446.534423828125,3468.25,3479.0,3410.60009765625,3424.949951171875,1316880
2024-07-31,3437.292724609375,3458.949951171875,3499.89990234375,3446.550048828125,3479.050048828125,1361595
2024-08-01,3446.634033203125,3468.35009765625,3492.0,3442.5,3475.0,879399
2024-08-02,3440.671875,3462.35009765625,3477.89990234375,3410.0,3415.0,1168195
2024-08-05,3354.8125,3375.949951171875,3459.0,3316.5,3320.050048828125,1932064
2024-08-06,3314.21826171875,3335.10009765625,3416.35009765625,3321.10009765625,3380.949951171875,976535
2024-08-07,3305.423828125,3326.25,3368.85009765625,3317.050048828125,3360.0,1277139
2024-08-08,3275.85986328125,3296.5,3359.949951171875,3283.89990234375,3337.0,1280733
2024-08-09,3310.839599609375,3331.699951171875,3350.0,3285.10009765625,3350.0,1019809
2024-08-12,3300.0576171875,3320.85009765625,3345.0,3295.35009765625,3331.64990234375,874598
2024-08-13,3362.364990234375,3383.550048828125,3404.75,3305.39990234375,3330.0,1314371
2024-08-14,3380.848388671875,3402.14990234375,3416.199951171875,3356.85009765625,3390.0,997803
2024-08-16,3423.181640625,3444.75,3450.10009765625,3370.199951171875,3410.0,1161982
2024-08-19,3443.156005859375,3464.85009765625,3504.199951171875,3436.199951171875,3436.199951171875,1135205
2024-08-20,3453.142822265625,3474.89990234375,3483.10009765625,3454.39990234375,3480.0,526591
2024-08-21,3538.107666015625,3560.39990234375,3582.0,3454.550048828125,3474.89990234375,1990034
2024-08-22,3581.832275390625,3604.39990234375,3625.0,3553.699951171875,3574.949951171875,1531544
2024-08-23,3547.6474609375,3570.0,3622.85009765625,3544.0,3611.449951171875,1173387
2024-08-26,3607.470703125,3630.199951171875,3640.0,3574.050048828125,3592.0,1156681
2024-08-27,3529.01513671875,3551.25,3658.800048828125,3530.5,3630.199951171875,1169007
2024-08-28,3505.413818359375,3527.5,3579.949951171875,3519.89990234375,3559.64990234375,727481
2024-08-29,3511.077880859375,3533.199951171875,3553.75,3510.0,3537.0,927472
2024-08-30,3542.82763671875,3565.14990234375,3598.0,3542.5,3550.0,2116894
2024-09-02,3565.087646484375,3587.550048828125,3601.949951171875,3552.0,3565.14990234375,718800
2024-09-03,3598.47705078125,3621.14990234375,3634.89990234375,3560.14990234375,3587.550048828125,1112614
2024-09-04,3585.111328125,3607.699951171875,3617.5,3568.199951171875,3586.10009765625,529856
2024-09-05,3699.540771484375,3722.85009765625,3753.949951171875,3600.39990234375,3616.60009765625,3437885
2024-09-06,3672.36181640625,3695.5,3742.0,3665.0,3714.949951171875,1408795
2024-09-09,3661.48046875,3684.550048828125,3724.449951171875,3653.75,3690.10009765625,923357
2024-09-10,3704.06201171875,3727.39990234375,3750.0,3666.0,3704.0,1109078
2024-09-11,3687.8642578125,3711.10009765625,3743.5,3700.10009765625,3731.89990234375,831810
2024-09-12,3740.68115234375,3764.25,3774.0,3711.10009765625,3736.0,1337327
2024-09-13,3743.4140625,3767.0,3799.85009765625,3740.0,3777.0,1003355
2024-09-16,3717.22900390625,3740.64990234375,3789.0,3735.39990234375,3768.0,386602
2024-09-17,3743.8115234375,3767.39990234375,3777.0,3727.300048828125,3759.89990234375,392339
2024-09-18,3702.02490234375,3725.35009765625,3786.0,3708.0,3769.0,420638
2024-09-19,3757.276611328125,3780.949951171875,3795.0,3741.10009765625,3750.0,945257
2024-09-20,3773.425048828125,3797.199951171875,3819.0,3740.0,3793.0,1951755
2024-09-23,3796.181640625,3820.10009765625,3829.0,3781.0,3797.199951171875,530107
2024-09-24,3761.201904296875,3784.89990234375,3839.89990234375,3781.550048828125,3818.0,1281513
2024-09-25,3713.850341796875,3737.25,3803.550048828125,3710.050048828125,3800.0,942343
2024-09-26,3734.0234375,3757.550048828125,3777.14990234375,3701.39990234375,3738.0,1863893
2024-09-27,3792.802978515625,3816.699951171875,3867.0,3751.199951171875,3774.0,2164755
2024-09-30,3800.00732421875,3823.949951171875,3863.550048828125,3786.0,3786.0,1068609
2024-10-01,3752.307861328125,3775.949951171875,3837.949951171875,3757.0,3823.949951171875,774221
2024-10-03,3651.940185546875,3674.949951171875,3782.0,3650.050048828125,3689.10009765625,1597560
2024-10-04,3647.120849609375,3670.10009765625,3753.800048828125,3625.0,3625.0,1542987
2024-10-07,3566.777099609375,3589.25,3748.0,3552.300048828125,3739.949951171875,2523321
2024-10-08,3471.4775390625,3493.35009765625,3595.0,3480.0,3589.25,1360120
2024-10-09,3471.576904296875,3493.449951171875,3558.800048828125,3486.60009765625,3518.0,1063802
2024-10-10,3425.666259765625,3447.25,3531.550048828125,3415.10009765625,3510.0,1488328
2024-10-11,3452.64599609375,3474.39990234375,3491.0,3444.300048828125,3464.0,858463
2024-10-14,3475.899658203125,3497.800048828125,3525.0,3452.550048828125,3474.39990234375,593206
2024-10-15,3486.532470703125,3508.5,3529.449951171875,3477.0,3523.949951171875,578719
2024-10-16,3449.267578125,3471.0,3510.0,3440.0,3508.0,591644
2024-10-17,3382.041015625,3403.35009765625,3487.0,3380.10009765625,3487.0,560796
2024-10-18,3360.278076171875,3381.449951171875,3422.35009765625,3296.10009765625,3395.0,1249585
2024-10-21,3342.192138671875,3363.25,3419.85009765625,3335.5,3417.949951171875,714746
2024-10-22,3308.951416015625,3329.800048828125,3421.5,3319.25,3374.89990234375,882086
2024-10-23,3268.009521484375,3288.60009765625,3335.0,3282.5,3330.0,877837
2024-10-24,3310.04443359375,3330.89990234375,3342.89990234375,3279.199951171875,3301.050048828125,764369
2024-10-25,3246.09765625,3266.550048828125,3342.35009765625,3232.35009765625,3332.0,805013
2024-10-28,3262.494140625,3283.050048828125,3315.0,3254.050048828125,3270.0,736462
2024-10-29,3262.842041015625,3283.39990234375,3298.0,3227.0,3285.800048828125,702769
2024-10-30,3287.735107421875,3308.449951171875,3321.800048828125,3235.10009765625,3261.0,895278
2024-10-31,3246.594482421875,3267.050048828125,3299.89990234375,3253.60009765625,3291.0,1170306
2024-11-01,3273.077392578125,3293.699951171875,3317.60009765625,3282.35009765625,3304.0,176636
2024-11-04,3201.826416015625,3222.0,3318.0,3190.10009765625,3318.0,1122152
2024-11-05,3210.02490234375,3230.25,3258.89990234375,3185.0,3206.0,872402
2024-11-06,3157.15771484375,3177.050048828125,3208.949951171875,3114.0,3145.0,4522923
2024-11-07,3101.309814453125,3120.85009765625,3186.050048828125,3108.10009765625,3180.0,1608603
2024-11-08,3166.30029296875,3186.25,3192.89990234375,3106.0,3121.0,1719882
2024-11-11,3186.52294921875,3206.60009765625,3230.050048828125,3158.25,3191.60009765625,1054929
2024-11-12,3178.423828125,3198.449951171875,3239.0,3185.0,3201.64990234375,992983
2024-11-13,3167.890380859375,3187.85009765625,3221.60009765625,3162.199951171875,3175.0,911537
2024-11-14,3163.76611328125,3183.699951171875,3195.14990234375,3136.0,3145.050048828125,1161637
2024-11-18,3152.437744140625,3172.300048828125,3207.199951171875,3157.5,3183.699951171875,943251
2024-11-19,3204.509521484375,3224.699951171875,3283.0,3172.300048828125,3192.0,1174506
2024-11-21,3158.549072265625,3178.449951171875,3233.949951171875,3148.35009765625,3225.0,1582159
2024-11-22,3287.983642578125,3308.699951171875,3317.0,3152.14990234375,3174.85009765625,2207527
2024-11-25,3288.38134765625,3309.10009765625,3369.85009765625,3298.050048828125,3360.0,1892510
2024-11-26,3306.665771484375,3327.5,3343.75,3295.699951171875,3310.0,721345
2024-11-27,3271.040283203125,3291.64990234375,3329.89990234375,3280.14990234375,3325.0,732835
2024-11-28,3192.237060546875,3212.35009765625,3305.0,3200.35009765625,3292.0,1701387
2024-11-29,3228.657470703125,3249.0,3260.0,3212.35009765625,3212.35009765625,1139585
2024-12-02,3286.145263671875,3306.85009765625,3309.89990234375,3222.050048828125,3249.0,915980
2024-12-03,3311.883056640625,3332.75,3338.699951171875,3276.60009765625,3290.0,1162310
2024-12-04,3343.384521484375,3364.449951171875,3383.0,3338.0,3342.0,1630076
2024-12-05,3419.505126953125,3441.050048828125,3465.39990234375,3353.60009765625,3374.949951171875,2383630
2024-12-06,3448.373291015625,3470.10009765625,3499.64990234375,3430.0,3453.949951171875,1278516
2024-12-09,3446.48486328125,3468.199951171875,3488.25,3446.89990234375,3467.5,926422
2024-12-10,3453.987548828125,3475.75,3516.949951171875,3436.050048828125,3470.0,1063355
2024-12-11,3451.3544921875,3473.10009765625,3490.75,3460.300048828125,3484.75,554702
2024-12-12,3424.175537109375,3445.75,3473.10009765625,3412.0,3470.5,926472
2024-12-13,3486.880615234375,3508.85009765625,3518.0,3380.25,3420.0,1242351
2024-12-16,3416.672607421875,3438.199951171875,3511.0,3429.0,3505.0,1295227
2024-12-17,3384.77392578125,3406.10009765625,3449.39990234375,3397.60009765625,3422.050048828125,1005604
2024-12-18,3380.599853515625,3401.89990234375,3424.0,3390.0,3401.199951171875,646145
2024-12-19,3335.832275390625,3356.85009765625,3399.949951171875,3332.0,3349.60009765625,732634
2024-12-20,3335.23583984375,3356.25,3419.0,3333.14990234375,3350.0,1235769
2024-12-23,3375.68115234375,3396.949951171875,3406.300048828125,3336.64990234375,3378.10009765625,691202
2024-12-24,3332.403564453125,3353.39990234375,3419.0,3338.199951171875,3385.35009765625,485245
2024-12-26,3302.243896484375,3323.050048828125,3371.85009765625,3312.64990234375,3365.0,637094
2024-12-27,3288.48046875,3309.199951171875,3345.0,3301.10009765625,3319.85009765625,568989
2024-12-30,3236.955322265625,3257.35009765625,3317.949951171875,3247.449951171875,3309.949951171875,941859
2024-12-31,3232.78125,3253.14990234375,3275.64990234375,3230.800048828125,3250.0,616440
2025-01-01,3233.477294921875,3253.85009765625,3269.89990234375,3244.050048828125,3248.0,357376
2025-01-02,3367.731201171875,3388.949951171875,3400.949951171875,3251.0,3264.0,1152493
2025-01-03,3430.03857421875,3451.64990234375,3481.949951171875,3377.949951171875,3395.0,1630862
2025-01-06,3448.671142578125,3470.39990234375,3528.5,3441.199951171875,3490.0,2145936
2025-01-07,3483.154052734375,3505.10009765625,3576.699951171875,3485.0,3490.0,2389563
2025-01-08,3462.23583984375,3484.050048828125,3514.5,3391.300048828125,3487.64990234375,1317377
2025-01-09,3465.217041015625,3487.050048828125,3506.449951171875,3461.550048828125,3485.949951171875,826237
2025-01-10,3418.7099609375,3440.25,3488.0,3428.75,3462.0,570060
2025-01-13,3361.570068359375,3382.75,3467.0,3352.5,3380.0,1282557
2025-01-14,3301.697265625,3322.5,3429.0,3310.0,3400.0,1133561
2025-01-15,3302.69091796875,3323.5,3340.5,3283.0,3322.0,1169593
2025-01-16,3296.132080078125,3316.89990234375,3338.85009765625,3282.0,3327.0,1170734
2025-01-17,3336.37841796875,3357.39990234375,3368.0,3285.050048828125,3319.89990234375,559153
2025-01-20,3361.0732421875,3382.25,3407.699951171875,3347.5,3374.10009765625,722342
2025-01-21,3332.354248046875,3353.35009765625,3412.699951171875,3335.14990234375,3400.949951171875,1016047
2025-01-22,3335.4345703125,3356.449951171875,3385.0,3334.64990234375,3354.800048828125,598329
2025-01-23,3377.27099609375,3398.550048828125,3433.0,3325.5,3356.449951171875,713603
2025-01-24,3380.848388671875,3402.14990234375,3447.64990234375,3380.449951171875,3407.0,564244
2025-01-27,3298.56689453125,3319.35009765625,3401.949951171875,3307.25,3388.0,618309
2025-01-28,3305.07568359375,3325.89990234375,3370.85009765625,3299.550048828125,3319.35009765625,579957
2025-01-29,3349.645263671875,3370.75,3375.0,3309.050048828125,3339.199951171875,570137
2025-01-30,3347.3095703125,3368.39990234375,3390.0,3345.199951171875,3370.64990234375,688608
2025-01-31,3468.39697265625,3490.25,3527.449951171875,3392.39990234375,3400.0,1212261
2025-02-01,3529.76025390625,3552.0,3635.14990234375,3408.0,3527.0,2186692
2025-02-03,3557.883056640625,3580.300048828125,3642.550048828125,3551.75,3565.0,1543897
2025-02-04,3575.174072265625,3597.699951171875,3614.0,3520.0,3590.0,1279779
2025-02-05,3469.042724609375,3490.89990234375,3652.0,3472.199951171875,3596.0,2165947
2025-02-06,3389.394775390625,3410.75,3504.25,3397.85009765625,3490.89990234375,1059617
2025-02-07,3403.35693359375,3424.800048828125,3453.89990234375,3388.199951171875,3414.89990234375,740155
2025-02-10,3306.6162109375,3327.449951171875,3425.0,3311.0,3415.0,904436
2025-02-11,3261.251953125,3281.800048828125,3348.0,3271.60009765625,3334.699951171875,903965
2025-02-12,3235.06689453125,3255.449951171875,3317.39990234375,3212.60009765625,3282.75,774619
2025-02-13,3211.266845703125,3231.5,3277.949951171875,3215.199951171875,3250.25,727243
2025-02-14,3193.13134765625,3213.25,3253.0,3186.449951171875,3236.300048828125,587411
2025-02-17,3212.956298828125,3233.199951171875,3238.5,3176.0,3195.25,712614
2025-02-18,3201.677490234375,3221.85009765625,3244.0,3192.300048828125,3234.800048828125,592636
2025-02-19,3190.19970703125,3210.300048828125,3253.64990234375,3191.800048828125,3220.0,521953
2025-02-20,3171.4677734375,3191.449951171875,3218.64990234375,3188.14990234375,3210.0,653151
2025-02-21,3159.98974609375,3179.89990234375,3205.949951171875,3162.25,3191.449951171875,407794
2025-02-24,3153.13330078125,3173.0,3187.949951171875,3131.0,3131.0,431232
2025-02-25,3178.771728515625,3198.800048828125,3211.5,3136.550048828125,3140.0,642281
2025-02-27,3202.919677734375,3223.10009765625,3228.0,3176.949951171875,3198.800048828125,604023
2025-02-28,3057.982666015625,3077.25,3217.949951171875,3060.0,3202.0,1322618
2025-03-03,3062.703125,3082.0,3102.10009765625,3057.75,3090.0,516171
2025-03-04,3029.412841796875,3048.5,3070.0,3017.0,3050.0,1186136
2025-03-05,3067.224609375,3086.550048828125,3107.449951171875,3035.699951171875,3048.5,579883
2025-03-06,3101.558349609375,3121.10009765625,3131.64990234375,3047.0,3091.199951171875,1399483
2025-03-07,3060.069580078125,3079.35009765625,3124.60009765625,3074.64990234375,3121.10009765625,1020056
2025-03-10,3007.8486328125,3026.800048828125,3083.0,3021.10009765625,3080.0,855408
2025-03-11,3027.325927734375,3046.39990234375,3055.89990234375,3010.0,3015.0,576260
2025-03-12,3000.047607421875,3018.949951171875,3053.800048828125,2996.050048828125,3037.39990234375,489535
2025-03-13,2991.302734375,3010.14990234375,3049.5,3000.300048828125,3019.39990234375,785215
2025-03-17,2998.4580078125,3017.35009765625,3036.39990234375,2985.050048828125,2985.050048828125,632348
2025-03-18,2998.4580078125,3017.35009765625,3017.35009765625,3017.35009765625,3017.35009765625,0
2025-03-19,3057.038818359375,3076.300048828125,3095.0,3058.199951171875,3088.050048828125,730983
2025-03-20,3173.107421875,3193.10009765625,3205.0,3080.0,3100.0,1542807
2025-03-21,3142.897705078125,3162.699951171875,3190.0,3154.949951171875,3186.949951171875,1181974
2025-03-24,3059.8212890625,3079.10009765625,3175.949951171875,3075.0,3168.199951171875,1481216
2025-03-25,3034.580078125,3053.699951171875,3099.949951171875,3046.0,3085.0,1174346
2025-03-26,3038.3564453125,3057.5,3077.75,3034.550048828125,3068.949951171875,1010449
2025-03-27,3068.317626953125,3087.64990234375,3097.699951171875,3047.550048828125,3047.550048828125,1635143
2025-03-28,3044.169921875,3063.35009765625,3111.800048828125,3051.050048828125,3094.0,778417
2025-04-01,2968.248046875,2986.949951171875,3075.699951171875,2982.0,3053.699951171875,1068622
2025-04-02,3079.0498046875,3098.449951171875,3105.0,2971.14990234375,3011.0,1674921
2025-04-03,3107.968017578125,3127.550048828125,3151.0,3068.0,3071.0,1115568
2025-04-04,3056.939208984375,3076.199951171875,3114.89990234375,3050.0,3099.0,901801
2025-04-07,3003.27734375,3022.199951171875,3048.0,2925.0,2925.0,1378989
2025-04-08,3102.750732421875,3122.300048828125,3227.25,3101.0,3149.699951171875,2830156
2025-04-09,3154.27587890625,3174.14990234375,3188.25,3090.699951171875,3137.85009765625,1215988
2025-04-11,3214.645751953125,3234.89990234375,3242.550048828125,3201.25,3222.0,814920
2025-04-15,3252.904541015625,3273.39990234375,3285.0,3245.10009765625,3270.0,1121769
2025-04-16,3251.61279296875,3272.10009765625,3286.0,3245.10009765625,3250.0,889943
2025-04-17,3306.665771484375,3327.5,3334.800048828125,3211.199951171875,3250.0,1083612
2025-04-21,3315.212158203125,3336.10009765625,3353.5,3290.0,3314.0,672129
2025-04-22,3316.503662109375,3337.39990234375,3358.800048828125,3320.10009765625,3336.10009765625,609213
2025-04-23,3336.279296875,3357.300048828125,3373.699951171875,3315.5,3357.0,628656
2025-04-24,3361.421142578125,3382.60009765625,3395.0,3344.0,3356.800048828125,901747
2025-04-25,3344.1298828125,3365.199951171875,3419.5,3316.0,3382.60009765625,704325
2025-04-28,3348.005615234375,3369.10009765625,3397.39990234375,3351.0,3356.0,384147
2025-04-29,3357.446044921875,3378.60009765625,3398.0,3354.0,3375.89990234375,575435
2025-04-30,3358.5390625,3379.699951171875,3409.0,3354.300048828125,3374.0,708818
2025-05-02,3321.0751953125,3342.0,3381.5,3324.0,3362.10009765625,514587
2025-05-05,3301.00146484375,3321.800048828125,3408.5,3307.0,3357.699951171875,565178
2025-05-06,3278.642578125,3299.300048828125,3325.300048828125,3245.5,3321.800048828125,650789
2025-05-07,3317.994384765625,3338.89990234375,3381.0,3260.199951171875,3280.0,1047443
2025-05-08,3348.2041015625,3369.300048828125,3412.5,3325.0,3349.89990234375,1597339
2025-05-09,3488.3212890625,3510.300048828125,3530.0,3354.199951171875,3367.0,2863992
2025-05-12,3540.592041015625,3562.89990234375,3585.0,3530.300048828125,3537.199951171875,956930
2025-05-13,3540.89013671875,3563.199951171875,3588.39990234375,3540.10009765625,3562.89990234375,996541
2025-05-14,3565.137451171875,3587.60009765625,3610.0,3550.0,3555.0,588159
2025-05-15,3614.029541015625,3636.800048828125,3665.0,3553.89990234375,3597.0,1227751
2025-05-16,3610.94873046875,3633.699951171875,3655.89990234375,3613.39990234375,3654.0,525064
2025-05-19,3595.048828125,3617.699951171875,3649.5,3611.39990234375,3617.0,376760
2025-05-20,3558.18115234375,3580.60009765625,3620.0,3575.10009765625,3617.699951171875,811416
2025-05-21,3558.081787109375,3580.5,3623.10009765625,3567.300048828125,3570.0,415016
2025-05-22,3518.8291015625,3541.0,3575.0,3516.10009765625,3565.0,709846
2025-05-23,3557.28662109375,3579.699951171875,3606.300048828125,3523.0,3531.0,416717
2025-05-26,3587.6953125,3610.300048828125,3640.0,3570.39990234375,3576.0,525514
2025-05-27,3566.926025390625,3589.39990234375,3639.0,3562.199951171875,3615.0,1019733
2025-05-28,3552.31787109375,3574.699951171875,3601.60009765625,3545.0,3595.0,449324
2025-05-29,3565.8330078125,3588.300048828125,3600.0,3560.10009765625,3580.0,513095
2025-05-30,3532.741455078125,3555.0,3605.0,3542.10009765625,3580.0,962944
2025-06-02,3503.42626953125,3525.5,3542.0,3475.89990234375,3525.10009765625,726392
2025-06-03,3497.761962890625,3519.800048828125,3580.0,3503.5,3525.5,676943
2025-06-04,3477.88720703125,3499.800048828125,3519.800048828125,3486.0,3506.10009765625,410354
2025-06-05,3482.060791015625,3504.0,3535.0,3474.199951171875,3498.699951171875,608651
2025-06-06,3537.61083984375,3559.89990234375,3570.89990234375,3486.199951171875,3524.0,602422
2025-06-09,3511.7734375,3533.89990234375,3580.0,3521.199951171875,3564.800048828125,540262
2025-06-10,3502.13427734375,3524.199951171875,3545.0,3506.10009765625,3545.0,561695
2025-06-11,3519.425537109375,3541.60009765625,3549.0,3505.0,3525.0,505077
2025-06-12,3431.08203125,3452.699951171875,3559.800048828125,3445.5,3548.0,811822
2025-06-13,3400.474609375,3421.89990234375,3440.800048828125,3383.0,3409.699951171875,821750
2025-06-16,3416.573486328125,3438.10009765625,3453.699951171875,3396.199951171875,3411.0,534665
2025-06-17,3384.376220703125,3405.699951171875,3437.60009765625,3395.39990234375,3428.0,1000345
2025-06-18,3446.087646484375,3467.800048828125,3480.0,3390.0,3406.0,972739
2025-06-19,3483.451904296875,3505.39990234375,3521.60009765625,3467.800048828125,3478.800048828125,1022566
2025-06-20,3496.967041015625,3519.0,3545.0,3489.0,3500.0,2941214
2025-06-23,3483.750244140625,3505.699951171875,3528.5,3473.0,3480.199951171875,643325
2025-06-24,3503.923095703125,3526.0,3567.0,3506.10009765625,3523.10009765625,968797
2025-06-25,3629.332763671875,3652.199951171875,3665.0,3550.0,3550.0,2697912
2025-06-26,3671.566650390625,3694.699951171875,3700.5,3644.0,3655.0,1620497
2025-06-27,3643.245361328125,3666.199951171875,3709.10009765625,3659.5,3700.0,601285
2025-06-30,3667.094970703125,3690.199951171875,3698.5,3652.0,3666.199951171875,921775
2025-07-01,3677.330322265625,3700.5,3726.5,3667.0,3699.0,947173
2025-07-02,3684.783447265625,3708.0,3721.89990234375,3689.0,3705.0,583514
2025-07-03,3655.666748046875,3678.699951171875,3712.89990234375,3672.199951171875,3702.0,528710
2025-07-04,3663.8154296875,3686.89990234375,3690.10009765625,3645.10009765625,3666.0,629926
2025-07-07,3643.14599609375,3666.10009765625,3696.0,3647.89990234375,3675.5,829472
2025-07-08,3430.045166015625,3441.300048828125,3581.800048828125,3435.0,3581.800048828125,3952270
2025-07-09,3420.875244140625,3432.10009765625,3461.5,3420.60009765625,3441.300048828125,1868271
2025-07-10,3408.615478515625,3419.800048828125,3445.0,3414.0,3432.10009765625,496586
2025-07-11,3350.605712890625,3361.60009765625,3422.199951171875,3357.0,3408.0,856956
2025-07-14,3393.564697265625,3404.699951171875,3410.0,3344.0,3372.0,755781
2025-07-15,3403.8310546875,3415.0,3422.0,3387.699951171875,3418.0,686088
2025-07-16,3406.12353515625,3417.300048828125,3422.199951171875,3388.5,3417.0,669532
2025-07-17,3422.0712890625,3433.300048828125,3448.0,3416.5,3418.39990234375,559482
2025-07-18,3391.7705078125,3402.89990234375,3444.0,3392.0,3444.0,293360
2025-07-21,3421.772216796875,3433.0,3439.10009765625,3365.199951171875,3391.0,561799
2025-07-22,3461.043212890625,3472.39990234375,3490.0,3430.300048828125,3450.0,1752275
2025-07-23,3460.04638671875,3471.39990234375,3481.89990234375,3444.0,3472.39990234375,584590
2025-07-24,3473.00390625,3484.39990234375,3489.800048828125,3458.0,3467.39990234375,630718
2025-07-25,3451.474609375,3462.800048828125,3480.0,3447.0,3476.39990234375,624410
2025-07-28,3381.903076171875,3393.0,3462.60009765625,3382.0,3453.0,603916
2025-07-29,3368.14794921875,3379.199951171875,3397.0,3355.60009765625,3390.0,511042
2025-07-30,3365.45703125,3376.5,3393.5,3345.300048828125,3380.0,443735
2025-07-31,3336.3525390625,3347.300048828125,3364.5,3315.5,3340.0,553157
2025-08-01,3305.15478515625,3316.0,3347.300048828125,3307.0,3340.0,422977
2025-08-04,3345.322998046875,3356.300048828125,3365.0,3308.10009765625,3315.0,450434
2025-08-05,3407.0205078125,3418.199951171875,3443.0,3348.0,3356.300048828125,837335
2025-08-06,3406.522216796875,3417.699951171875,3462.39990234375,3400.0,3437.0,635456
2025-08-07,3404.528564453125,3415.699951171875,3437.0,3377.699951171875,3380.0,509599
2025-08-08,3448.883056640625,3460.199951171875,3489.800048828125,3403.10009765625,3450.10009765625,2184271
2025-08-11,3456.557861328125,3467.89990234375,3487.300048828125,3402.800048828125,3473.0,563586
2025-08-12,3475.396240234375,3486.800048828125,3534.0,3460.10009765625,3467.89990234375,929276
2025-08-13,3455.461669921875,3466.800048828125,3494.89990234375,3463.199951171875,3486.800048828125,360474
2025-08-14,3477.987548828125,3489.39990234375,3505.800048828125,3464.10009765625,3476.5,597987
2025-08-18,3543.173828125,3554.800048828125,3574.800048828125,3493.5,3496.0,1253006
2025-08-19,3556.430419921875,3568.10009765625,3577.300048828125,3545.0,3555.0,537433
2025-08-20,3583.242431640625,3595.0,3602.89990234375,3552.0,3560.0,517031
2025-08-21,3604.47265625,3616.300048828125,3625.0,3588.199951171875,3595.0,673486
2025-08-22,3609.1572265625,3621.0,3641.39990234375,3607.699951171875,3616.300048828125,691835
2025-08-25,3639.457763671875,3651.39990234375,3669.60009765625,3615.5,3629.699951171875,700503
2025-08-26,3582.24560546875,3594.0,3672.800048828125,3589.10009765625,3662.800048828125,960778
2025-08-28,3625.802490234375,3637.699951171875,3650.89990234375,3552.10009765625,3552.10009765625,989246
2025-08-29,3616.931884765625,3628.800048828125,3642.0,3603.60009765625,3637.699951171875,660956
2025-09-01,3606.76513671875,3618.60009765625,3653.39990234375,3610.39990234375,3631.0,297533
2025-09-02,3608.7587890625,3620.60009765625,3655.800048828125,3606.10009765625,3614.0,536300
2025-09-03,3678.52978515625,3690.60009765625,3697.89990234375,3590.0,3605.0,791874
2025-09-04,3679.028076171875,3691.10009765625,3740.0,3676.800048828125,3740.0,635811
2025-09-05,3653.3125,3665.300048828125,3700.0,3660.0,3695.0,454120
2025-09-08,3646.036376953125,3658.0,3683.60009765625,3640.0,3653.0,548987
2025-09-09,3618.2275390625,3630.10009765625,3667.800048828125,3619.199951171875,3667.800048828125,428367
2025-09-10,3608.7587890625,3620.60009765625,3648.699951171875,3608.199951171875,3632.0,408800
2025-09-11,3572.4775390625,3584.199951171875,3644.0,3580.0,3620.0,495417
2025-09-12,3560.2177734375,3571.89990234375,3598.199951171875,3563.89990234375,3589.89990234375,275049
2025-09-15,3522.54150390625,3534.10009765625,3576.5,3515.0,3556.0,362285
2025-09-16,3545.167236328125,3556.800048828125,3570.300048828125,3502.0,3525.0,724742
2025-09-17,3511.477783203125,3523.0,3572.699951171875,3513.199951171875,3561.89990234375,659866
2025-09-18,3499.816162109375,3511.300048828125,3546.0,3503.39990234375,3530.0,829442
2025-09-19,3455.8603515625,3467.199951171875,3511.300048828125,3460.0,3504.0,2337255
2025-09-22,3446.19189453125,3457.5,3477.0,3440.0,3458.199951171875,817833
2025-09-23,3427.951904296875,3439.199951171875,3465.300048828125,3405.0,3465.199951171875,1144975
2025-09-24,3407.120361328125,3418.300048828125,3437.39990234375,3411.0,3430.0,690454
2025-09-25,3367.450439453125,3378.5,3419.89990234375,3370.0,3408.0,1139904
2025-09-26,3316.41796875,3327.300048828125,3402.0,3303.10009765625,3387.699951171875,7524068
2025-09-29,3390.076171875,3401.199951171875,3418.0,3327.0,3327.0,1452636
2025-09-30,3355.988037109375,3367.0,3474.5,3355.0,3452.0,1733728
2025-10-01,3397.153076171875,3408.300048828125,3414.89990234375,3351.0,3370.0,798754
2025-10-03,3442.005859375,3453.300048828125,3459.0,3378.0,3379.89990234375,1655328
2025-10-06,3414.197021484375,3425.39990234375,3459.300048828125,3401.0,3453.300048828125,1184781
2025-10-07,3407.0205078125,3418.199951171875,3445.89990234375,3411.0,3425.0,996165
2025-10-08,3553.9384765625,3565.60009765625,3580.0,3460.0,3474.0,4531362
2025-10-09,3538.987548828125,3550.60009765625,3561.699951171875,3526.39990234375,3559.800048828125,597739
2025-10-10,3520.3486328125,3531.89990234375,3571.699951171875,3523.300048828125,3548.89990234375,825274
2025-10-13,3522.043212890625,3533.60009765625,3545.0,3509.5,3518.0,606122
2025-10-14,3525.83056640625,3537.39990234375,3549.39990234375,3506.5,3533.0,925998
2025-10-15,3537.392822265625,3549.0,3561.89990234375,3511.0,3532.89990234375,1005045
2025-10-16,3628.394287109375,3640.300048828125,3652.0,3540.0,3549.0,1528118
2025-10-17,3662.78125,3674.800048828125,3715.0,3633.0,3635.0,1123500
2025-10-20,3724.977294921875,3737.199951171875,3749.89990234375,3676.199951171875,3680.0,707974
2025-10-21,3716.803955078125,3729.0,3746.0,3719.0,3737.199951171875,156306
2025-10-23,3759.96240234375,3772.300048828125,3800.0,3738.300048828125,3765.0,1622402
2025-10-24,3702.75,3714.89990234375,3781.0,3706.10009765625,3775.0,563296
2025-10-27,3727.56884765625,3739.800048828125,3753.89990234375,3710.0,3714.0,856124
2025-10-28,3704.84326171875,3717.0,3770.0,3688.10009765625,3750.0,1482961
2025-10-29,3736.041015625,3748.300048828125,3753.5,3714.199951171875,3734.199951171875,789557
2025-10-30,3738.43310546875,3750.699951171875,3773.89990234375,3720.10009765625,3745.0,544151
2025-10-31,3734.446044921875,3746.699951171875,3783.0,3739.5,3758.89990234375,900994
2025-11-03,3712.31884765625,3724.5,3762.0,3667.300048828125,3730.0,1119367
2025-11-04,3801.027587890625,3813.5,3827.0,3715.0,3724.5,2524600
2025-11-06,3762.055419921875,3774.39990234375,3837.699951171875,3761.60009765625,3780.0,927231
2025-11-07,3756.972412109375,3769.300048828125,3792.0,3736.0,3766.0,728998
2025-11-10,3790.56201171875,3803.0,3815.0,3769.300048828125,3788.0,599567
2025-11-11,3799.93115234375,3812.39990234375,3820.0,3752.10009765625,3810.5,668789
2025-11-12,3838.5048828125,3851.10009765625,3877.0,3804.199951171875,3838.0,805025
2025-11-13,3826.6435546875,3839.199951171875,3867.89990234375,3817.0,3860.0,668623
2025-11-14,3816.67626953125,3829.199951171875,3854.699951171875,3800.0,3839.199951171875,575050
2025-11-17,3855.947509765625,3868.60009765625,3874.300048828125,3821.5,3848.0,504928
2025-11-18,3866.5126953125,3879.199951171875,3900.0,3841.60009765625,3865.0,849966
2025-11-19,3920.236572265625,3933.10009765625,3940.5,3862.39990234375,3882.89990234375,1578123
2025-11-20,3889.636962890625,3902.39990234375,3956.0,3895.0,3950.0,762391
2025-11-21,3891.430908203125,3904.199951171875,3925.0,3882.10009765625,3901.0,383311
2025-11-24,3861.62890625,3874.300048828125,3937.199951171875,3865.0,3915.5,1258036
2025-11-25,3842.49169921875,3855.10009765625,3908.39990234375,3845.0,3874.39990234375,680366
2025-11-26,3884.9521484375,3897.699951171875,3914.5,3843.5,3845.0,364592
2025-11-27,3890.533935546875,3903.300048828125,3927.0,3875.10009765625,3900.60009765625,542241
2025-11-28,3894.919677734375,3907.699951171875,3934.89990234375,3896.5,3906.199951171875,574817
2025-12-01,3882.161376953125,3894.89990234375,3910.699951171875,3861.300048828125,3907.699951171875,603073
2025-12-02,3873.09130859375,3885.800048828125,3899.60009765625,3867.5,3875.0,661018
2025-12-03,3805.313720703125,3817.800048828125,3880.0,3785.89990234375,3870.0,770638
2025-12-04,3787.970458984375,3800.39990234375,3830.0,3778.0,3805.0,776693
2025-12-05,3800.828369140625,3813.300048828125,3828.0,3777.0,3777.0,508448
2025-12-08,3754.6796875,3767.0,3825.0,3758.10009765625,3796.300048828125,545864
2025-12-09,3836.41162109375,3849.0,3874.0,3751.0,3775.0,1121068
2025-12-10,3833.122314453125,3845.699951171875,3858.199951171875,3825.60009765625,3831.0,616248
2025-12-11,3832.225341796875,3844.800048828125,3855.800048828125,3777.0,3830.39990234375,669180
2025-12-12,3867.509521484375,3880.199951171875,3894.800048828125,3831.89990234375,3844.800048828125,547866
2025-12-15,3853.55517578125,3866.199951171875,3876.39990234375,3850.0,3861.300048828125,332337
2025-12-16,3916.648193359375,3929.5,3937.5,3828.0,3850.0,1560827
2025-12-17,3895.118896484375,3907.89990234375,3935.699951171875,3890.0,3930.0,601010
2025-12-18,3906.481689453125,3919.300048828125,3924.0,3890.10009765625,3900.0,516547
2025-12-19,3917.246337890625,3930.10009765625,3961.89990234375,3913.0,3919.0,730780
2025-12-22,3920.934326171875,3933.800048828125,3950.800048828125,3917.10009765625,3940.0,569521
2025-12-23,3912.96044921875,3925.800048828125,3956.300048828125,3916.39990234375,3933.800048828125,445656
2025-12-24,3896.514404296875,3909.300048828125,3935.0,3900.0,3925.800048828125,399227
2025-12-26,3978.94384765625,3992.0,4006.89990234375,3900.0,3908.89990234375,1113050
2025-12-29,3970.6708984375,3983.699951171875,4031.699951171875,3978.0,4010.0,1242846
2025-12-30,3961.1025390625,3974.10009765625,3993.5,3954.10009765625,3982.0,1169570
2025-12-31,4038.249267578125,4051.5,4061.89990234375,3975.10009765625,3984.0,1358731
2026-01-01,4036.056640625,4049.300048828125,4068.0,4035.699951171875,4063.699951171875,444679
2026-01-02,4038.448486328125,4051.699951171875,4060.0,3986.199951171875,4039.0,659997
2026-01-05,4066.35693359375,4079.699951171875,4094.0,4046.0,4051.699951171875,629273
2026-01-06,4098.35205078125,4111.7998046875,4120.5,4068.5,4079.699951171875,820331
2026-01-07,4259.224609375,4273.2001953125,4312.10009765625,4202.0,4225.0,3496340
2026-01-08,4235.103515625,4249.0,4303.2001953125,4239.0,4273.2001953125,1055725
2026-01-09,4188.0576171875,4201.7998046875,4279.0,4183.10009765625,4231.0,883117
2026-01-12,4217.76025390625,4231.60009765625,4242.0,4145.0,4205.0,514767
2026-01-13,4225.33544921875,4239.2001953125,4267.60009765625,4210.0,4231.60009765625,770707
2026-01-14,4207.693359375,4221.5,4283.0,4211.0,4241.89990234375,998692
2026-01-15,4207.693359375,4221.5,4221.5,4221.5,4221.5,0
2026-01-16,4183.173828125,4196.89990234375,4236.39990234375,4181.10009765625,4221.5,686949
2026-01-19,4130.54638671875,4144.10009765625,4207.39990234375,4129.10009765625,4165.7001953125,365905
2026-01-20,4062.1708984375,4075.5,4155.0,4064.300048828125,4155.0,586156
2026-01-21,4065.858642578125,4079.199951171875,4109.89990234375,4053.5,4075.5,552760
2026-01-22,4005.45703125,4018.60009765625,4128.0,3980.800048828125,4099.0,818966
2026-01-23,4008.646484375,4021.800048828125,4063.300048828125,3980.0,4025.10009765625,1015415
2026-01-27,3983.927490234375,3997.0,4040.0,3955.0,4021.800048828125,1760501
2026-01-28,3962.19873046875,3975.199951171875,4025.800048828125,3964.89990234375,4002.0,809022
2026-01-29,3926.81494140625,3939.699951171875,3968.60009765625,3843.10009765625,3960.800048828125,1145612
2026-01-30,3964.3916015625,3977.39990234375,3995.0,3909.800048828125,3945.0,1427639
2026-02-02,3940.270751953125,3953.199951171875,4000.0,3893.300048828125,4000.0,1273196
2026-02-03,4055.29345703125,4068.60009765625,4143.0,4044.10009765625,4143.0,1043274
2026-02-04,4130.44677734375,4144.0,4160.0,4066.199951171875,4087.0,917279
2026-02-05,4084.19873046875,4097.60009765625,4152.2998046875,4063.10009765625,4152.2998046875,693637
2026-02-06,4127.45654296875,4141.0,4154.0,4065.300048828125,4097.60009765625,888701
2026-02-09,4243.87451171875,4257.7998046875,4269.39990234375,4155.0,4200.2001953125,1092387
2026-02-10,4255.1376953125,4269.10009765625,4329.60009765625,4239.60009765625,4300.0,1713633
2026-02-11,4235.203125,4249.10009765625,4378.39990234375,4208.0,4350.0,3342226
2026-02-12,4261.8154296875,4275.7998046875,4286.39990234375,4182.2998046875,4232.39990234375,998509
2026-02-13,4165.53173828125,4179.2001953125,4271.7998046875,4164.7998046875,4267.2998046875,524758
2026-02-16,4167.42529296875,4181.10009765625,4196.0,4128.7998046875,4155.0,500349
2026-02-17,4222.54443359375,4236.39990234375,4244.89990234375,4155.0,4167.10009765625,464123
2026-02-18,4234.70458984375,4248.60009765625,4257.89990234375,4214.2998046875,4251.0,387328
2026-02-19,4184.4697265625,4198.2001953125,4261.0,4191.0,4225.0,406232
2026-02-20,4222.54443359375,4236.39990234375,4252.10009765625,4200.2001953125,4200.5,532169
2026-02-23,4258.72607421875,4272.7001953125,4280.0,4240.10009765625,4270.0,516387
2026-02-24,4280.45458984375,4294.5,4300.0,4235.0,4240.39990234375,491126
2026-02-25,4310.85498046875,4325.0,4349.0,4289.7998046875,4304.0,586295
2026-02-26,4328.3974609375,4342.60009765625,4352.2001953125,4307.0,4330.0,520985
2026-02-27,4313.3466796875,4327.5,4352.0,4311.7998046875,4341.60009765625,1146258
2026-03-02,4256.33349609375,4270.2998046875,4330.0,4193.0,4288.7998046875,770589
2026-03-04,4190.64892578125,4204.39990234375,4238.2998046875,4083.5,4205.0,1024050
2026-03-05,4261.2177734375,4275.2001953125,4302.5,4173.2001953125,4238.0,691367
2026-03-06,4230.7177734375,4244.60009765625,4302.0,4227.0,4250.0,580562
2026-03-09,4145.59716796875,4159.2001953125,4199.7001953125,4112.7001953125,4160.0,576017
2026-03-10,4206.2978515625,4220.10009765625,4242.89990234375,4175.10009765625,4175.10009765625,788850
2026-03-11,4126.7587890625,4140.2998046875,4234.89990234375,4126.2001953125,4192.0,454575
2026-03-12,4116.09375,4129.60009765625,4179.0,4033.800048828125,4100.0,1071366
2026-03-13,4059.878173828125,4073.199951171875,4147.2001953125,4046.0,4091.0,868825
2026-03-16,4077.4208984375,4090.800048828125,4125.0,4002.199951171875,4057.0,1013667
2026-03-17,4077.121826171875,4090.5,4110.0,4036.5,4090.5,1126905
2026-03-18,4131.94189453125,4145.5,4174.7998046875,4077.800048828125,4083.699951171875,751307
2026-03-19,4024.693603515625,4037.89990234375,4138.10009765625,4017.89990234375,4104.39990234375,567278
2026-03-20,4093.169189453125,4106.60009765625,4149.89990234375,4040.89990234375,4046.89990234375,1019586
2026-03-23,3840.498291015625,3853.10009765625,4059.0,3825.0,4056.60009765625,1533645
2026-03-24,3886.746337890625,3899.5,3985.0,3843.0,3950.300048828125,1300547
2026-03-25,4026.08935546875,4039.300048828125,4097.0,3940.5,3950.0,1306823
2026-03-27,3968.478271484375,3981.5,4032.800048828125,3972.0,4000.0,1040658
2026-03-30,3938.4765625,3951.39990234375,4007.39990234375,3914.10009765625,3942.0,1488223
2026-04-01,4052.20361328125,4065.5,4100.0,4000.0,4000.0,781974
2026-04-02,4083.800048828125,4097.2001953125,4109.10009765625,3944.699951171875,3996.0,1614868
2026-04-06,4232.212890625,4246.10009765625,4257.89990234375,4105.0,4105.0,1678285
2026-04-07,4216.763671875,4230.60009765625,4243.5,4168.7998046875,4235.2998046875,1274146
2026-04-08,4477.80712890625,4492.5,4505.0,4309.10009765625,4351.2998046875,3834533
2026-04-09,4425.279296875,4439.7998046875,4497.39990234375,4414.10009765625,4475.0,1385274
2026-04-10,4490.26611328125,4505.0,4523.89990234375,4425.10009765625,4430.10009765625,1565192
2026-04-13,4424.78076171875,4439.2998046875,4496.0,4391.10009765625,4391.10009765625,850456
2026-04-15,4507.41015625,4522.2001953125,4534.0,4447.2998046875,4490.10009765625,918513
2026-04-16,4446.80859375,4461.39990234375,4554.0,4440.0,4554.0,1283713
2026-04-17,4511.09765625,4525.89990234375,4531.7998046875,4330.0,4461.39990234375,2124034
2026-04-20,4498.23974609375,4513.0,4549.0,4467.7001953125,4532.10009765625,1646815
2026-04-21,4465.048828125,4479.7001953125,4544.5,4465.0,4513.5,656106
2026-04-22,4440.03125,4454.60009765625,4492.0,4445.2001953125,4461.7001953125,596352
2026-04-23,4441.9248046875,4456.5,4474.0,4393.5,4411.0,680187
2026-04-24,4395.57666015625,4410.0,4486.60009765625,4361.39990234375,4475.5,958536
2026-04-27,4427.2724609375,4441.7998046875,4464.0,4388.39990234375,4438.7998046875,649222
2026-04-28,4402.5537109375,4417.0,4475.0,4395.39990234375,4412.2998046875,620778
2026-04-29,4425.279296875,4439.7998046875,4472.39990234375,4410.2001953125,4419.89990234375,702730
2026-04-30,4370.85791015625,4385.2001953125,4438.0,4358.0,4438.0,869299
2026-05-01,4370.85791015625,4385.2001953125,4385.2001953125,4385.2001953125,4385.2001953125,0
2026-05-04,4348.73046875,4363.0,4447.39990234375,4352.7001953125,4407.10009765625,709160
2026-05-05,4359.2958984375,4373.60009765625,4397.0,4330.2998046875,4355.0,850790
2026-05-06,4345.341796875,4359.60009765625,4441.10009765625,4297.10009765625,4397.5,1459870
2026-05-07,4293.412109375,4307.5,4359.0,4261.0,4349.89990234375,1377631
2026-05-08,4494.2529296875,4509.0,4605.0,4213.39990234375,4314.0,4777990
2026-05-11,4191.84521484375,4205.60009765625,4379.5,4150.10009765625,4350.39990234375,5925166
2026-05-12,4042.036865234375,4055.300048828125,4213.60009765625,4047.0,4160.0,1978748
2026-05-13,4077.321044921875,4090.699951171875,4110.0,3985.10009765625,4030.0,2841521
2026-05-14,4121.67578125,4135.2001953125,4147.0,4059.10009765625,4115.0,1127140
2026-05-15,4155.46484375,4169.10009765625,4194.0,4142.39990234375,4155.0,901617
2026-05-18,4156.06298828125,4169.7001953125,4182.7001953125,4065.60009765625,4130.10009765625,851825
2026-05-19,4088.584228515625,4102.0,4167.89990234375,4095.0,4136.2998046875,711398
2026-05-20,4092.9697265625,4106.39990234375,4116.7001953125,4053.0,4053.0,913576
2026-05-21,4069.74609375,4083.10009765625,4136.39990234375,4070.0,4120.0,863060
2026-05-22,4066.456787109375,4079.800048828125,4113.7998046875,4054.10009765625,4057.199951171875,768112
2026-05-25,4145.59716796875,4159.2001953125,4170.0,4110.39990234375,4120.10009765625,606086
2026-05-26,4092.47119140625,4105.89990234375,4160.0,4091.0,4151.89990234375,766717
2026-05-27,4124.36669921875,4137.89990234375,4165.10009765625,4091.10009765625,4098.2998046875,474044
2026-05-28,4124.36669921875,4137.89990234375,4137.89990234375,4137.89990234375,4137.89990234375,0
2026-05-29,4061.57275390625,4074.89990234375,4163.2998046875,4059.0,4116.2001953125,2001419
2026-06-01,4011.437255859375,4024.60009765625,4105.0,4007.0,4100.0,450200
2026-06-02,4064.762451171875,4078.10009765625,4088.0,3986.0,4017.39990234375,522015
2026-06-03,4075.42724609375,4088.800048828125,4103.7998046875,4002.0,4057.0,959352
2026-06-04,4217.162109375,4231.0,4273.7998046875,4052.300048828125,4075.0,1761933
2026-06-05,4246.26708984375,4260.2001953125,4289.0,4223.2001953125,4269.0,1390200
2026-06-08,4178.6884765625,4192.39990234375,4238.10009765625,4180.7001953125,4196.7998046875,666737
2026-06-09,4091.474609375,4104.89990234375,4217.0,4087.199951171875,4190.89990234375,1284964
2026-06-10,4028.880126953125,4042.10009765625,4119.10009765625,4035.0,4104.89990234375,613629
2026-06-11,4012.03515625,4025.199951171875,4069.699951171875,3962.800048828125,4020.10009765625,767665
2026-06-12,4170.31591796875,4184.0,4200.0,4052.699951171875,4067.800048828125,1122271
2026-06-15,4269.49072265625,4283.5,4297.0,4220.2998046875,4221.0,1076822
2026-06-16,4323.8125,4338.0,4344.0,4283.5,4298.10009765625,779706
2026-06-17,4366.17333984375,4380.5,4395.0,4327.5,4338.0,623868
2026-06-18,4373.548828125,4387.89990234375,4410.0,4333.10009765625,4380.0,562833
2026-06-19,4405.4443359375,4419.89990234375,4441.7001953125,4360.0,4360.0,941346
2026-06-22,4358.19921875,4372.5,4414.5,4353.0,4405.2998046875,390835
2026-06-23,4291.21923828125,4305.2998046875,4417.39990234375,4291.10009765625,4375.0,586588
2026-06-24,4309.65869140625,4323.7998046875,4340.7998046875,4263.7001953125,4302.0,652078
2026-06-25,4277.2646484375,4291.2998046875,4335.0,4225.0,4335.0,754050
2026-06-26,4277.2646484375,4291.2998046875,4291.2998046875,4291.2998046875,4291.2998046875,0
2026-06-29,4263.21142578125,4277.2001953125,4316.2998046875,4266.60009765625,4285.0,569087
2026-06-30,4389.59619140625,4404.0,4428.39990234375,4275.0,4277.5,1243464
2026-07-01,4384.21435546875,4398.60009765625,4504.5,4390.10009765625,4469.0,1168751
2026-07-02,4466.4443359375,4481.10009765625,4497.0,4383.10009765625,4404.0,820705
2026-07-03,4446.509765625,4461.10009765625,4507.7001953125,4451.0,4495.0,542120
2026-07-06,4469.7333984375,4484.39990234375,4490.5,4450.0,4450.0,589165
2026-07-07,4589.14208984375,4604.2001953125,4655.89990234375,4505.0,4550.0,3385946
2026-07-08,4571.39990234375,4586.39990234375,4630.0,4561.7001953125,4590.39990234375,1045703
2026-07-09,4555.7998046875,4555.7998046875,4679.7998046875,4546.10009765625,4614.7998046875,1777107
2026-07-10,4584.39990234375,4584.39990234375,4602.7998046875,4560.7001953125,4578.60009765625,652646
2026-07-13,4601.5,4601.5,4635.0,4524.39990234375,4578.0,770367
2026-07-14,4573.7001953125,4573.7001953125,4600.0,4554.0,4579.7998046875,631158
2026-07-15,4579.39990234375,4579.39990234375,4607.0,4565.10009765625,4573.7001953125,619451
2026-07-16,4625.7998046875,4625.7998046875,4668.7998046875,4580.0,4585.2998046875,1136159
2026-07-17,4638.10009765625,4638.10009765625,4647.5,4610.10009765625,4626.0,667212
2026-07-20,4643.39990234375,4643.39990234375,4660.0,4625.2998046875,4638.10009765625,274158
2026-07-21,4688.7001953125,4688.7001953125,4691.7001953125,4629.2001953125,4644.2001953125,530094
2026-07-22,4711.60009765625,4711.60009765625,4733.0,4675.0,4685.7001953125,996475
2026-07-23,4698.7998046875,4698.7998046875,4709.7998046875,4671.60009765625,4700.0,332623
